
          -------------------------------------------------------
          Amber 18 SANDER                              2018
          -------------------------------------------------------

| Run on 05/13/2026 at 17:38:07

|   Executable path: /home/ando/amber/amber18/bin/sander
| Working directory: /home/test/yazawa/tutorial2
|          Hostname: Unknown
  [-O]verwriting output

File Assignments:
|  MDIN: polyAT_vac_md1_12Acut.in                                              
| MDOUT: polyAT_vac_md1_12Acut.out                                             
|INPCRD: polyAT_vac_init_min.ncrst                                             
|  PARM: polyAT_vac.prmtop                                                     
|RESTRT: polyAT_vac_md1_12Acut.ncrst                                           
|  REFC: refc                                                                  
| MDVEL: mdvel                                                                 
| MDFRC: mdfrc                                                                 
|  MDEN: mden                                                                  
| MDCRD: polyAT_vac_md1_12Acut.nc                                              
|MDINFO: mdinfo                                                                
|  MTMD: mtmd                                                                  
|INPDIP: inpdip                                                                
|RSTDIP: rstdip                                                                
|INPTRA: inptraj                                                               


 Here is the input file:

10-mer DNA MD in-vacuo, 12 angstrom cut off                                    
 &cntrl                                                                        
  imin = 0, ntb = 0,                                                           
  igb = 0, ntpr = 100, ntwx = 100,                                             
  ntt = 3, gamma_ln = 1.0,                                                     
  tempi = 300.0, temp0 = 300.0,                                                
  nstlim = 100000, dt = 0.001,                                                 
  cut = 12.0                                                                   
 /                                                                             

--------------------------------------------------------------------------------
   1.  RESOURCE   USE: 
--------------------------------------------------------------------------------

| Flags:                                                                        
|    NONPERIODIC   ntb=0 and igb=0: Setting up nonperiodic simulation
|Largest sphere to fit in unit cell has radius =    40.257
| New format PARM file being parsed.
| Version =    1.000 Date = 05/13/26 Time = 17:14:44
 NATOM  =     638 NTYPES =      14 NBONH =     234 MBONA  =     452
 NTHETH =     554 MTHETA =     694 NPHIH =    1084 MPHIA  =    1326
 NHPARM =       0 NPARM  =       0 NNB   =    3544 NRES   =      20
 NBONA  =     452 NTHETA =     694 NPHIA =    1326 NUMBND =      39
 NUMANG =      75 NPTRA  =      56 NATYP =      26 NPHB   =       0
 IFBOX  =       0 NMXRS  =      33 IFCAP =       0 NEXTRA =       0
 NCOPY  =       0


|     Memory Use     Allocated
|     Real               47016
|     Hollerith           1936
|     Integer           154479
|     Max Pairs         203203
|     nblistReal          7656
|     nblist Int        574715
|       Total             4076 kbytes

| Note: 1-4 EEL scale factors are being read from the topology file.

| Note: 1-4 VDW scale factors are being read from the topology file.
| Duplicated    0 dihedrals
| Duplicated    0 dihedrals

--------------------------------------------------------------------------------
   2.  CONTROL  DATA  FOR  THE  RUN
--------------------------------------------------------------------------------

default_name                                                                    

General flags:
     imin    =       0, nmropt  =       0

Nature and format of input:
     ntx     =       1, irest   =       0, ntrx    =       1

Nature and format of output:
     ntxo    =       2, ntpr    =     100, ntrx    =       1, ntwr    =  100000
     iwrap   =       0, ntwx    =     100, ntwv    =       0, ntwe    =       0
     ioutfm  =       1, ntwprt  =       0, idecomp =       0, rbornstat=      0

Potential function:
     ntf     =       1, ntb     =       0, igb     =       0, nsnb    =      25
     ipol    =       0, gbsa    =       0, iesp    =       0
     dielc   =   1.00000, cut     =  12.00000, intdiel =   1.00000

Frozen or restrained atoms:
     ibelly  =       0, ntr     =       0

Molecular dynamics:
     nstlim  =    100000, nscm    =      1000, nrespa  =         1
     t       =   0.00000, dt      =   0.00100, vlimit  =  20.00000

Langevin dynamics temperature regulation:
     ig      =   71277
     temp0   = 300.00000, tempi   = 300.00000, gamma_ln=   1.00000
|  INFO: Old style inpcrd file read


--------------------------------------------------------------------------------
   3.  ATOMIC COORDINATES AND VELOCITIES
--------------------------------------------------------------------------------

default_name                                                                    
 begin time read from input coords =     0.000 ps

 Number of triangulated 3-point waters found:        0

     Sum of charges from parm topology file = -17.99999992

--------------------------------------------------------------------------------
   4.  RESULTS
--------------------------------------------------------------------------------

|  # of SOLUTE  degrees of freedom (RNDFP):    1914.
|  # of SOLVENT degrees of freedom (RNDFS):       0.
|  NDFMIN =    1914.     NUM_NOSHAKE =      0     CORRECTED RNDFP =    1914.
|  TOTAL # of degrees of freedom (RNDF) =    1914.
 ---------------------------------------------------

     eedmeth=4: Setting switch to one everywhere

 ---------------------------------------------------
| Local SIZE OF NONBOND LIST =      95154
| TOTAL SIZE OF NONBOND LIST =      95154

 NSTEP =        0   TIME(PS) =       0.000  TEMP(K) =   297.60  PRESS =     0.0
 Etot   =     -1685.0983  EKtot   =       565.9592  EPtot      =     -2251.0575
 BOND   =        16.5426  ANGLE   =        98.9428  DIHED      =       445.4403
 1-4 NB =       161.7362  1-4 EEL =      -343.4443  VDWAALS    =      -344.9939
 EELEC  =     -2285.2812  EHBOND  =         0.0000  RESTRAINT  =         0.0000
 ------------------------------------------------------------------------------


 NSTEP =      100   TIME(PS) =       0.100  TEMP(K) =   164.68  PRESS =     0.0
 Etot   =     -1281.5169  EKtot   =       313.1788  EPtot      =     -1594.6957
 BOND   =       138.2863  ANGLE   =       239.0168  DIHED      =       482.1786
 1-4 NB =       169.4218  1-4 EEL =      -348.0845  VDWAALS    =      -342.5927
 EELEC  =     -1932.9221  EHBOND  =         0.0000  RESTRAINT  =         0.0000
 ------------------------------------------------------------------------------


 NSTEP =      200   TIME(PS) =       0.200  TEMP(K) =   185.02  PRESS =     0.0
 Etot   =     -1089.2060  EKtot   =       351.8562  EPtot      =     -1441.0622
 BOND   =       151.6676  ANGLE   =       230.9228  DIHED      =       489.2468
 1-4 NB =       169.0444  1-4 EEL =      -326.8537  VDWAALS    =      -340.5954
 EELEC  =     -1814.4946  EHBOND  =         0.0000  RESTRAINT  =         0.0000
 ------------------------------------------------------------------------------


 NSTEP =      300   TIME(PS) =       0.300  TEMP(K) =   207.82  PRESS =     0.0
 Etot   =      -751.3798  EKtot   =       395.2210  EPtot      =     -1146.6008
 BOND   =       152.3467  ANGLE   =       235.9765  DIHED      =       494.9859
 1-4 NB =       165.2557  1-4 EEL =      -317.8573  VDWAALS    =      -341.3012
 EELEC  =     -1536.0070  EHBOND  =         0.0000  RESTRAINT  =         0.0000
 ------------------------------------------------------------------------------


 NSTEP =      400   TIME(PS) =       0.400  TEMP(K) =   217.08  PRESS =     0.0
 Etot   =      -680.2644  EKtot   =       412.8337  EPtot      =     -1093.0982
 BOND   =       148.3087  ANGLE   =       277.3230  DIHED      =       483.0757
 1-4 NB =       164.0239  1-4 EEL =      -319.1291  VDWAALS    =      -339.9138
 EELEC  =     -1506.7866  EHBOND  =         0.0000  RESTRAINT  =         0.0000
 ------------------------------------------------------------------------------


 NSTEP =      500   TIME(PS) =       0.500  TEMP(K) =   222.43  PRESS =     0.0
 Etot   =      -767.9878  EKtot   =       423.0056  EPtot      =     -1190.9934
 BOND   =       157.9140  ANGLE   =       264.3410  DIHED      =       479.6811
 1-4 NB =       170.5722  1-4 EEL =      -322.3527  VDWAALS    =      -332.2274
 EELEC  =     -1608.9217  EHBOND  =         0.0000  RESTRAINT  =         0.0000
 ------------------------------------------------------------------------------


 NSTEP =      600   TIME(PS) =       0.600  TEMP(K) =   236.77  PRESS =     0.0
 Etot   =      -681.4777  EKtot   =       450.2663  EPtot      =     -1131.7440
 BOND   =       157.9277  ANGLE   =       275.7314  DIHED      =       495.4856
 1-4 NB =       169.9571  1-4 EEL =      -332.7177  VDWAALS    =      -328.2931
 EELEC  =     -1569.8351  EHBOND  =         0.0000  RESTRAINT  =         0.0000
 ------------------------------------------------------------------------------


 NSTEP =      700   TIME(PS) =       0.700  TEMP(K) =   234.47  PRESS =     0.0
 Etot   =      -528.8593  EKtot   =       445.9107  EPtot      =      -974.7701
 BOND   =       158.8220  ANGLE   =       282.6339  DIHED      =       493.1149
 1-4 NB =       166.6227  1-4 EEL =      -292.4867  VDWAALS    =      -316.1407
 EELEC  =     -1467.3362  EHBOND  =         0.0000  RESTRAINT  =         0.0000
 ------------------------------------------------------------------------------


 NSTEP =      800   TIME(PS) =       0.800  TEMP(K) =   226.36  PRESS =     0.0
 Etot   =      -136.0753  EKtot   =       430.4741  EPtot      =      -566.5494
 BOND   =       178.2405  ANGLE   =       297.9656  DIHED      =       503.4057
 1-4 NB =       159.5251  1-4 EEL =      -310.4889  VDWAALS    =      -330.9361
 EELEC  =     -1064.2613  EHBOND  =         0.0000  RESTRAINT  =         0.0000
 ------------------------------------------------------------------------------


 NSTEP =      900   TIME(PS) =       0.900  TEMP(K) =   248.73  PRESS =     0.0
 Etot   =      -269.5297  EKtot   =       473.0143  EPtot      =      -742.5440
 BOND   =       182.7600  ANGLE   =       283.3174  DIHED      =       488.8058
 1-4 NB =       169.7493  1-4 EEL =      -318.5485  VDWAALS    =      -332.5758
 EELEC  =     -1216.0522  EHBOND  =         0.0000  RESTRAINT  =         0.0000
 ------------------------------------------------------------------------------

| RE_POSITION Moving by   0.699490 -0.184050 -0.756133

 NSTEP =     1000   TIME(PS) =       1.000  TEMP(K) =   251.41  PRESS =     0.0
 Etot   =      -326.7343  EKtot   =       478.1080  EPtot      =      -804.8423
 BOND   =       172.2681  ANGLE   =       305.1092  DIHED      =       496.1292
 1-4 NB =       163.0017  1-4 EEL =      -311.7902  VDWAALS    =      -323.2953
 EELEC  =     -1306.2649  EHBOND  =         0.0000  RESTRAINT  =         0.0000
 ------------------------------------------------------------------------------


 NSTEP =     1100   TIME(PS) =       1.100  TEMP(K) =   257.74  PRESS =     0.0
 Etot   =       -82.8635  EKtot   =       490.1634  EPtot      =      -573.0269
 BOND   =       188.8531  ANGLE   =       296.9251  DIHED      =       508.3511
 1-4 NB =       163.1004  1-4 EEL =      -315.6198  VDWAALS    =      -316.7557
 EELEC  =     -1097.8809  EHBOND  =         0.0000  RESTRAINT  =         0.0000
 ------------------------------------------------------------------------------


 NSTEP =     1200   TIME(PS) =       1.200  TEMP(K) =   271.44  PRESS =     0.0
 Etot   =       136.4881  EKtot   =       516.2147  EPtot      =      -379.7266
 BOND   =       191.6875  ANGLE   =       306.6830  DIHED      =       503.3273
 1-4 NB =       167.2731  1-4 EEL =      -337.9779  VDWAALS    =      -323.0406
 EELEC  =      -887.6790  EHBOND  =         0.0000  RESTRAINT  =         0.0000
 ------------------------------------------------------------------------------


 NSTEP =     1300   TIME(PS) =       1.300  TEMP(K) =   261.53  PRESS =     0.0
 Etot   =       311.5220  EKtot   =       497.3662  EPtot      =      -185.8442
 BOND   =       204.6258  ANGLE   =       327.8030  DIHED      =       503.6681
 1-4 NB =       162.9791  1-4 EEL =      -343.6035  VDWAALS    =      -330.5359
 EELEC  =      -710.7809  EHBOND  =         0.0000  RESTRAINT  =         0.0000
 ------------------------------------------------------------------------------


 NSTEP =     1400   TIME(PS) =       1.400  TEMP(K) =   268.89  PRESS =     0.0
 Etot   =       178.4737  EKtot   =       511.3550  EPtot      =      -332.8812
 BOND   =       192.3785  ANGLE   =       302.7997  DIHED      =       517.3118
 1-4 NB =       164.0562  1-4 EEL =      -317.1675  VDWAALS    =      -319.4618
 EELEC  =      -872.7980  EHBOND  =         0.0000  RESTRAINT  =         0.0000
 ------------------------------------------------------------------------------


 NSTEP =     1500   TIME(PS) =       1.500  TEMP(K) =   264.43  PRESS =     0.0
 Etot   =       224.7052  EKtot   =       502.8773  EPtot      =      -278.1722
 BOND   =       214.4127  ANGLE   =       323.4558  DIHED      =       505.6878
 1-4 NB =       163.4278  1-4 EEL =      -335.9491  VDWAALS    =      -322.0998
 EELEC  =      -827.1073  EHBOND  =         0.0000  RESTRAINT  =         0.0000
 ------------------------------------------------------------------------------


 NSTEP =     1600   TIME(PS) =       1.600  TEMP(K) =   260.70  PRESS =     0.0
 Etot   =       -79.1313  EKtot   =       495.7885  EPtot      =      -574.9198
 BOND   =       196.7586  ANGLE   =       330.1706  DIHED      =       524.9576
 1-4 NB =       161.6654  1-4 EEL =      -320.7122  VDWAALS    =      -317.6804
 EELEC  =     -1150.0794  EHBOND  =         0.0000  RESTRAINT  =         0.0000
 ------------------------------------------------------------------------------


 NSTEP =     1700   TIME(PS) =       1.700  TEMP(K) =   273.53  PRESS =     0.0
 Etot   =       -12.8067  EKtot   =       520.1777  EPtot      =      -532.9844
 BOND   =       205.9625  ANGLE   =       339.9843  DIHED      =       507.8209
 1-4 NB =       163.4747  1-4 EEL =      -345.6167  VDWAALS    =      -316.2093
 EELEC  =     -1088.4008  EHBOND  =         0.0000  RESTRAINT  =         0.0000
 ------------------------------------------------------------------------------


 NSTEP =     1800   TIME(PS) =       1.800  TEMP(K) =   260.18  PRESS =     0.0
 Etot   =      -347.1232  EKtot   =       494.7892  EPtot      =      -841.9124
 BOND   =       205.1066  ANGLE   =       334.7840  DIHED      =       514.4215
 1-4 NB =       158.0294  1-4 EEL =      -303.7136  VDWAALS    =      -307.6954
 EELEC  =     -1442.8448  EHBOND  =         0.0000  RESTRAINT  =         0.0000
 ------------------------------------------------------------------------------


 NSTEP =     1900   TIME(PS) =       1.900  TEMP(K) =   285.52  PRESS =     0.0
 Etot   =      -213.1280  EKtot   =       542.9874  EPtot      =      -756.1154
 BOND   =       187.7225  ANGLE   =       321.9183  DIHED      =       513.5365
 1-4 NB =       175.3370  1-4 EEL =      -338.1073  VDWAALS    =      -305.0590
 EELEC  =     -1311.4636  EHBOND  =         0.0000  RESTRAINT  =         0.0000
 ------------------------------------------------------------------------------

| RE_POSITION Moving by   0.128366 -0.236222  0.749725

 NSTEP =     2000   TIME(PS) =       2.000  TEMP(K) =   277.31  PRESS =     0.0
 Etot   =       -43.5487  EKtot   =       527.3687  EPtot      =      -570.9174
 BOND   =       214.4948  ANGLE   =       320.8372  DIHED      =       518.4791
 1-4 NB =       164.2123  1-4 EEL =      -343.9154  VDWAALS    =      -316.5840
 EELEC  =     -1128.4414  EHBOND  =         0.0000  RESTRAINT  =         0.0000
 ------------------------------------------------------------------------------


 NSTEP =     2100   TIME(PS) =       2.100  TEMP(K) =   271.64  PRESS =     0.0
 Etot   =      -335.2489  EKtot   =       516.5893  EPtot      =      -851.8382
 BOND   =       217.2797  ANGLE   =       336.2037  DIHED      =       508.6109
 1-4 NB =       165.3864  1-4 EEL =      -330.4723  VDWAALS    =      -318.2867
 EELEC  =     -1430.5598  EHBOND  =         0.0000  RESTRAINT  =         0.0000
 ------------------------------------------------------------------------------


 NSTEP =     2200   TIME(PS) =       2.200  TEMP(K) =   287.63  PRESS =     0.0
 Etot   =      -446.3771  EKtot   =       547.0024  EPtot      =      -993.3795
 BOND   =       216.8790  ANGLE   =       307.7372  DIHED      =       504.4207
 1-4 NB =       163.4553  1-4 EEL =      -321.7079  VDWAALS    =      -314.8718
 EELEC  =     -1549.2919  EHBOND  =         0.0000  RESTRAINT  =         0.0000
 ------------------------------------------------------------------------------


 NSTEP =     2300   TIME(PS) =       2.300  TEMP(K) =   290.80  PRESS =     0.0
 Etot   =       -14.5493  EKtot   =       553.0222  EPtot      =      -567.5714
 BOND   =       200.3006  ANGLE   =       329.3861  DIHED      =       514.8253
 1-4 NB =       164.7460  1-4 EEL =      -329.7119  VDWAALS    =      -320.9798
 EELEC  =     -1126.1377  EHBOND  =         0.0000  RESTRAINT  =         0.0000
 ------------------------------------------------------------------------------


 NSTEP =     2400   TIME(PS) =       2.400  TEMP(K) =   286.99  PRESS =     0.0
 Etot   =         0.3664  EKtot   =       545.7738  EPtot      =      -545.4074
 BOND   =       216.8309  ANGLE   =       331.7228  DIHED      =       519.3467
 1-4 NB =       160.9601  1-4 EEL =      -332.3686  VDWAALS    =      -320.5617
 EELEC  =     -1121.3376  EHBOND  =         0.0000  RESTRAINT  =         0.0000
 ------------------------------------------------------------------------------


 NSTEP =     2500   TIME(PS) =       2.500  TEMP(K) =   288.87  PRESS =     0.0
 Etot   =       225.2416  EKtot   =       549.3640  EPtot      =      -324.1224
 BOND   =       225.3859  ANGLE   =       311.7782  DIHED      =       515.1036
 1-4 NB =       165.7767  1-4 EEL =      -324.0761  VDWAALS    =      -324.4514
 EELEC  =      -893.6394  EHBOND  =         0.0000  RESTRAINT  =         0.0000
 ------------------------------------------------------------------------------


 NSTEP =     2600   TIME(PS) =       2.600  TEMP(K) =   283.07  PRESS =     0.0
 Etot   =        93.6411  EKtot   =       538.3324  EPtot      =      -444.6913
 BOND   =       216.2870  ANGLE   =       352.8849  DIHED      =       523.2561
 1-4 NB =       165.3720  1-4 EEL =      -343.7135  VDWAALS    =      -312.5168
 EELEC  =     -1046.2610  EHBOND  =         0.0000  RESTRAINT  =         0.0000
 ------------------------------------------------------------------------------


 NSTEP =     2700   TIME(PS) =       2.700  TEMP(K) =   308.02  PRESS =     0.0
 Etot   =      -360.0506  EKtot   =       585.7714  EPtot      =      -945.8220
 BOND   =       196.0549  ANGLE   =       336.5167  DIHED      =       508.5418
 1-4 NB =       166.4710  1-4 EEL =      -327.2005  VDWAALS    =      -321.0585
 EELEC  =     -1505.1473  EHBOND  =         0.0000  RESTRAINT  =         0.0000
 ------------------------------------------------------------------------------


 NSTEP =     2800   TIME(PS) =       2.800  TEMP(K) =   306.61  PRESS =     0.0
 Etot   =      -158.8576  EKtot   =       583.0956  EPtot      =      -741.9532
 BOND   =       240.6948  ANGLE   =       340.9318  DIHED      =       521.5897
 1-4 NB =       158.9126  1-4 EEL =      -350.4542  VDWAALS    =      -326.8776
 EELEC  =     -1326.7501  EHBOND  =         0.0000  RESTRAINT  =         0.0000
 ------------------------------------------------------------------------------


 NSTEP =     2900   TIME(PS) =       2.900  TEMP(K) =   306.69  PRESS =     0.0
 Etot   =       307.7528  EKtot   =       583.2535  EPtot      =      -275.5006
 BOND   =       221.5992  ANGLE   =       343.3293  DIHED      =       506.9212
 1-4 NB =       161.1098  1-4 EEL =      -313.5195  VDWAALS    =      -315.8746
 EELEC  =      -879.0661  EHBOND  =         0.0000  RESTRAINT  =         0.0000
 ------------------------------------------------------------------------------

| RE_POSITION Moving by  -0.052865  0.036287  0.398342

 NSTEP =     3000   TIME(PS) =       3.000  TEMP(K) =   302.98  PRESS =     0.0
 Etot   =        66.6055  EKtot   =       576.1983  EPtot      =      -509.5928
 BOND   =       214.2799  ANGLE   =       355.6164  DIHED      =       517.0785
 1-4 NB =       170.7286  1-4 EEL =      -329.1179  VDWAALS    =      -308.8165
 EELEC  =     -1129.3618  EHBOND  =         0.0000  RESTRAINT  =         0.0000
 ------------------------------------------------------------------------------


 NSTEP =     3100   TIME(PS) =       3.100  TEMP(K) =   313.61  PRESS =     0.0
 Etot   =       -24.2393  EKtot   =       596.4104  EPtot      =      -620.6497
 BOND   =       215.6077  ANGLE   =       354.1286  DIHED      =       522.1858
 1-4 NB =       164.5028  1-4 EEL =      -328.1533  VDWAALS    =      -332.9243
 EELEC  =     -1215.9969  EHBOND  =         0.0000  RESTRAINT  =         0.0000
 ------------------------------------------------------------------------------


 NSTEP =     3200   TIME(PS) =       3.200  TEMP(K) =   311.40  PRESS =     0.0
 Etot   =       213.0590  EKtot   =       592.2069  EPtot      =      -379.1480
 BOND   =       228.0306  ANGLE   =       339.2699  DIHED      =       506.6355
 1-4 NB =       162.3517  1-4 EEL =      -309.8593  VDWAALS    =      -321.0904
 EELEC  =      -984.4860  EHBOND  =         0.0000  RESTRAINT  =         0.0000
 ------------------------------------------------------------------------------


 NSTEP =     3300   TIME(PS) =       3.300  TEMP(K) =   295.98  PRESS =     0.0
 Etot   =       419.2207  EKtot   =       562.8833  EPtot      =      -143.6627
 BOND   =       246.2537  ANGLE   =       366.2714  DIHED      =       514.9072
 1-4 NB =       163.2661  1-4 EEL =      -336.3884  VDWAALS    =      -319.3511
 EELEC  =      -778.6215  EHBOND  =         0.0000  RESTRAINT  =         0.0000
 ------------------------------------------------------------------------------


 NSTEP =     3400   TIME(PS) =       3.400  TEMP(K) =   310.40  PRESS =     0.0
 Etot   =       140.5489  EKtot   =       590.3044  EPtot      =      -449.7555
 BOND   =       219.6054  ANGLE   =       358.8198  DIHED      =       502.5827
 1-4 NB =       169.3154  1-4 EEL =      -328.0442  VDWAALS    =      -325.0787
 EELEC  =     -1046.9559  EHBOND  =         0.0000  RESTRAINT  =         0.0000
 ------------------------------------------------------------------------------


 NSTEP =     3500   TIME(PS) =       3.500  TEMP(K) =   310.83  PRESS =     0.0
 Etot   =       199.5755  EKtot   =       591.1279  EPtot      =      -391.5524
 BOND   =       222.6188  ANGLE   =       353.2583  DIHED      =       504.3889
 1-4 NB =       164.4417  1-4 EEL =      -337.6826  VDWAALS    =      -315.0471
 EELEC  =      -983.5304  EHBOND  =         0.0000  RESTRAINT  =         0.0000
 ------------------------------------------------------------------------------


 NSTEP =     3600   TIME(PS) =       3.600  TEMP(K) =   314.72  PRESS =     0.0
 Etot   =       105.0848  EKtot   =       598.5227  EPtot      =      -493.4379
 BOND   =       213.0233  ANGLE   =       325.7658  DIHED      =       527.9669
 1-4 NB =       168.6796  1-4 EEL =      -311.3312  VDWAALS    =      -306.6548
 EELEC  =     -1110.8873  EHBOND  =         0.0000  RESTRAINT  =         0.0000
 ------------------------------------------------------------------------------


 NSTEP =     3700   TIME(PS) =       3.700  TEMP(K) =   306.31  PRESS =     0.0
 Etot   =      -193.5490  EKtot   =       582.5132  EPtot      =      -776.0622
 BOND   =       222.8470  ANGLE   =       339.1349  DIHED      =       516.4951
 1-4 NB =       160.5576  1-4 EEL =      -317.6909  VDWAALS    =      -315.0900
 EELEC  =     -1382.3159  EHBOND  =         0.0000  RESTRAINT  =         0.0000
 ------------------------------------------------------------------------------


 NSTEP =     3800   TIME(PS) =       3.800  TEMP(K) =   288.06  PRESS =     0.0
 Etot   =       -46.9616  EKtot   =       547.8211  EPtot      =      -594.7827
 BOND   =       236.0685  ANGLE   =       344.5788  DIHED      =       504.9927
 1-4 NB =       168.8889  1-4 EEL =      -306.4504  VDWAALS    =      -316.3216
 EELEC  =     -1226.5394  EHBOND  =         0.0000  RESTRAINT  =         0.0000
 ------------------------------------------------------------------------------


 NSTEP =     3900   TIME(PS) =       3.900  TEMP(K) =   297.78  PRESS =     0.0
 Etot   =       -24.2194  EKtot   =       566.2990  EPtot      =      -590.5184
 BOND   =       224.0856  ANGLE   =       336.6688  DIHED      =       521.8654
 1-4 NB =       165.0370  1-4 EEL =      -345.0288  VDWAALS    =      -329.5224
 EELEC  =     -1163.6241  EHBOND  =         0.0000  RESTRAINT  =         0.0000
 ------------------------------------------------------------------------------

| RE_POSITION Moving by   0.476316 -0.130963 -0.166887

 NSTEP =     4000   TIME(PS) =       4.000  TEMP(K) =   301.54  PRESS =     0.0
 Etot   =       -12.7153  EKtot   =       573.4609  EPtot      =      -586.1762
 BOND   =       238.6774  ANGLE   =       312.9482  DIHED      =       518.4672
 1-4 NB =       164.9019  1-4 EEL =      -337.0522  VDWAALS    =      -314.7973
 EELEC  =     -1169.3215  EHBOND  =         0.0000  RESTRAINT  =         0.0000
 ------------------------------------------------------------------------------


 NSTEP =     4100   TIME(PS) =       4.100  TEMP(K) =   298.07  PRESS =     0.0
 Etot   =      -138.5383  EKtot   =       566.8465  EPtot      =      -705.3848
 BOND   =       209.3004  ANGLE   =       360.0813  DIHED      =       520.9248
 1-4 NB =       163.9111  1-4 EEL =      -325.6209  VDWAALS    =      -309.8541
 EELEC  =     -1324.1273  EHBOND  =         0.0000  RESTRAINT  =         0.0000
 ------------------------------------------------------------------------------


 NSTEP =     4200   TIME(PS) =       4.200  TEMP(K) =   300.61  PRESS =     0.0
 Etot   =       -40.2999  EKtot   =       571.6847  EPtot      =      -611.9846
 BOND   =       222.6165  ANGLE   =       298.4757  DIHED      =       535.8865
 1-4 NB =       167.8006  1-4 EEL =      -304.9369  VDWAALS    =      -317.9037
 EELEC  =     -1213.9233  EHBOND  =         0.0000  RESTRAINT  =         0.0000
 ------------------------------------------------------------------------------


 NSTEP =     4300   TIME(PS) =       4.300  TEMP(K) =   294.44  PRESS =     0.0
 Etot   =       349.8487  EKtot   =       559.9530  EPtot      =      -210.1042
 BOND   =       229.9662  ANGLE   =       329.4059  DIHED      =       532.4732
 1-4 NB =       165.2211  1-4 EEL =      -308.1814  VDWAALS    =      -306.8581
 EELEC  =      -852.1311  EHBOND  =         0.0000  RESTRAINT  =         0.0000
 ------------------------------------------------------------------------------


 NSTEP =     4400   TIME(PS) =       4.400  TEMP(K) =   301.66  PRESS =     0.0
 Etot   =       210.8206  EKtot   =       573.6874  EPtot      =      -362.8668
 BOND   =       215.0336  ANGLE   =       320.2153  DIHED      =       523.6981
 1-4 NB =       168.6521  1-4 EEL =      -304.3442  VDWAALS    =      -309.0495
 EELEC  =      -977.0722  EHBOND  =         0.0000  RESTRAINT  =         0.0000
 ------------------------------------------------------------------------------


 NSTEP =     4500   TIME(PS) =       4.500  TEMP(K) =   298.55  PRESS =     0.0
 Etot   =       175.1751  EKtot   =       567.7585  EPtot      =      -392.5835
 BOND   =       217.4411  ANGLE   =       338.3831  DIHED      =       527.6016
 1-4 NB =       158.2561  1-4 EEL =      -317.4794  VDWAALS    =      -306.9807
 EELEC  =     -1009.8052  EHBOND  =         0.0000  RESTRAINT  =         0.0000
 ------------------------------------------------------------------------------


 NSTEP =     4600   TIME(PS) =       4.600  TEMP(K) =   298.95  PRESS =     0.0
 Etot   =      -234.0652  EKtot   =       568.5351  EPtot      =      -802.6003
 BOND   =       236.4213  ANGLE   =       327.1209  DIHED      =       527.9014
 1-4 NB =       163.2467  1-4 EEL =      -330.9170  VDWAALS    =      -315.2820
 EELEC  =     -1411.0915  EHBOND  =         0.0000  RESTRAINT  =         0.0000
 ------------------------------------------------------------------------------


 NSTEP =     4700   TIME(PS) =       4.700  TEMP(K) =   302.69  PRESS =     0.0
 Etot   =      -232.0670  EKtot   =       575.6434  EPtot      =      -807.7104
 BOND   =       225.8323  ANGLE   =       327.3582  DIHED      =       518.5773
 1-4 NB =       180.3484  1-4 EEL =      -326.8256  VDWAALS    =      -301.1556
 EELEC  =     -1431.8454  EHBOND  =         0.0000  RESTRAINT  =         0.0000
 ------------------------------------------------------------------------------


 NSTEP =     4800   TIME(PS) =       4.800  TEMP(K) =   304.40  PRESS =     0.0
 Etot   =        -9.9130  EKtot   =       578.8858  EPtot      =      -588.7988
 BOND   =       213.0013  ANGLE   =       356.3218  DIHED      =       514.5118
 1-4 NB =       168.5164  1-4 EEL =      -318.8233  VDWAALS    =      -303.7002
 EELEC  =     -1218.6266  EHBOND  =         0.0000  RESTRAINT  =         0.0000
 ------------------------------------------------------------------------------


 NSTEP =     4900   TIME(PS) =       4.900  TEMP(K) =   286.59  PRESS =     0.0
 Etot   =        58.1308  EKtot   =       545.0216  EPtot      =      -486.8908
 BOND   =       244.2036  ANGLE   =       361.6017  DIHED      =       525.7776
 1-4 NB =       159.1572  1-4 EEL =      -347.4645  VDWAALS    =      -322.8908
 EELEC  =     -1107.2757  EHBOND  =         0.0000  RESTRAINT  =         0.0000
 ------------------------------------------------------------------------------

| RE_POSITION Moving by  -0.082599  0.020303 -0.019179

 NSTEP =     5000   TIME(PS) =       5.000  TEMP(K) =   301.25  PRESS =     0.0
 Etot   =      -299.7290  EKtot   =       572.9094  EPtot      =      -872.6383
 BOND   =       238.9142  ANGLE   =       319.9256  DIHED      =       516.0829
 1-4 NB =       163.4803  1-4 EEL =      -337.6090  VDWAALS    =      -308.0227
 EELEC  =     -1465.4097  EHBOND  =         0.0000  RESTRAINT  =         0.0000
 ------------------------------------------------------------------------------


 NSTEP =     5100   TIME(PS) =       5.100  TEMP(K) =   304.17  PRESS =     0.0
 Etot   =      -362.2042  EKtot   =       578.4595  EPtot      =      -940.6638
 BOND   =       197.5434  ANGLE   =       313.7658  DIHED      =       527.2019
 1-4 NB =       170.3502  1-4 EEL =      -295.8971  VDWAALS    =      -298.1983
 EELEC  =     -1555.4295  EHBOND  =         0.0000  RESTRAINT  =         0.0000
 ------------------------------------------------------------------------------


 NSTEP =     5200   TIME(PS) =       5.200  TEMP(K) =   286.80  PRESS =     0.0
 Etot   =      -585.6732  EKtot   =       545.4212  EPtot      =     -1131.0944
 BOND   =       227.4668  ANGLE   =       326.8269  DIHED      =       524.1287
 1-4 NB =       166.7274  1-4 EEL =      -333.6845  VDWAALS    =      -307.1457
 EELEC  =     -1735.4140  EHBOND  =         0.0000  RESTRAINT  =         0.0000
 ------------------------------------------------------------------------------


 NSTEP =     5300   TIME(PS) =       5.300  TEMP(K) =   296.10  PRESS =     0.0
 Etot   =      -267.1860  EKtot   =       563.0999  EPtot      =      -830.2859
 BOND   =       205.8339  ANGLE   =       318.0300  DIHED      =       515.2928
 1-4 NB =       168.3174  1-4 EEL =      -323.8547  VDWAALS    =      -311.5887
 EELEC  =     -1402.3165  EHBOND  =         0.0000  RESTRAINT  =         0.0000
 ------------------------------------------------------------------------------


 NSTEP =     5400   TIME(PS) =       5.400  TEMP(K) =   304.80  PRESS =     0.0
 Etot   =       -25.5770  EKtot   =       579.6516  EPtot      =      -605.2286
 BOND   =       208.5071  ANGLE   =       323.6205  DIHED      =       515.5412
 1-4 NB =       168.9100  1-4 EEL =      -328.0962  VDWAALS    =      -324.7298
 EELEC  =     -1168.9814  EHBOND  =         0.0000  RESTRAINT  =         0.0000
 ------------------------------------------------------------------------------


 NSTEP =     5500   TIME(PS) =       5.500  TEMP(K) =   298.38  PRESS =     0.0
 Etot   =       344.5884  EKtot   =       567.4374  EPtot      =      -222.8491
 BOND   =       213.6259  ANGLE   =       327.2584  DIHED      =       513.3849
 1-4 NB =       169.9389  1-4 EEL =      -336.0702  VDWAALS    =      -310.8718
 EELEC  =      -800.1153  EHBOND  =         0.0000  RESTRAINT  =         0.0000
 ------------------------------------------------------------------------------


 NSTEP =     5600   TIME(PS) =       5.600  TEMP(K) =   305.02  PRESS =     0.0
 Etot   =       154.3537  EKtot   =       580.0654  EPtot      =      -425.7117
 BOND   =       215.2134  ANGLE   =       326.7541  DIHED      =       516.7920
 1-4 NB =       164.6740  1-4 EEL =      -332.0960  VDWAALS    =      -328.5262
 EELEC  =      -988.5229  EHBOND  =         0.0000  RESTRAINT  =         0.0000
 ------------------------------------------------------------------------------


 NSTEP =     5700   TIME(PS) =       5.700  TEMP(K) =   293.84  PRESS =     0.0
 Etot   =        41.9274  EKtot   =       558.8075  EPtot      =      -516.8801
 BOND   =       221.1772  ANGLE   =       324.9659  DIHED      =       525.4043
 1-4 NB =       163.5882  1-4 EEL =      -324.2584  VDWAALS    =      -321.5447
 EELEC  =     -1106.2126  EHBOND  =         0.0000  RESTRAINT  =         0.0000
 ------------------------------------------------------------------------------


 NSTEP =     5800   TIME(PS) =       5.800  TEMP(K) =   297.45  PRESS =     0.0
 Etot   =       247.6343  EKtot   =       565.6814  EPtot      =      -318.0471
 BOND   =       233.4496  ANGLE   =       321.8840  DIHED      =       503.0520
 1-4 NB =       167.6151  1-4 EEL =      -327.1727  VDWAALS    =      -311.3358
 EELEC  =      -905.5394  EHBOND  =         0.0000  RESTRAINT  =         0.0000
 ------------------------------------------------------------------------------


 NSTEP =     5900   TIME(PS) =       5.900  TEMP(K) =   305.34  PRESS =     0.0
 Etot   =       254.3651  EKtot   =       580.6771  EPtot      =      -326.3120
 BOND   =       215.9065  ANGLE   =       317.8741  DIHED      =       503.1964
 1-4 NB =       172.9170  1-4 EEL =      -311.5608  VDWAALS    =      -311.7982
 EELEC  =      -912.8470  EHBOND  =         0.0000  RESTRAINT  =         0.0000
 ------------------------------------------------------------------------------

| RE_POSITION Moving by   0.191546  0.270719 -0.333473

 NSTEP =     6000   TIME(PS) =       6.000  TEMP(K) =   275.49  PRESS =     0.0
 Etot   =         1.9231  EKtot   =       523.9101  EPtot      =      -521.9870
 BOND   =       243.0028  ANGLE   =       332.9854  DIHED      =       514.7025
 1-4 NB =       168.0755  1-4 EEL =      -345.0632  VDWAALS    =      -308.9242
 EELEC  =     -1126.7659  EHBOND  =         0.0000  RESTRAINT  =         0.0000
 ------------------------------------------------------------------------------


 NSTEP =     6100   TIME(PS) =       6.100  TEMP(K) =   299.95  PRESS =     0.0
 Etot   =       148.6787  EKtot   =       570.4199  EPtot      =      -421.7412
 BOND   =       226.6687  ANGLE   =       322.0210  DIHED      =       510.0144
 1-4 NB =       161.5242  1-4 EEL =      -325.1080  VDWAALS    =      -307.5255
 EELEC  =     -1009.3358  EHBOND  =         0.0000  RESTRAINT  =         0.0000
 ------------------------------------------------------------------------------


 NSTEP =     6200   TIME(PS) =       6.200  TEMP(K) =   308.08  PRESS =     0.0
 Etot   =       224.9476  EKtot   =       585.8896  EPtot      =      -360.9421
 BOND   =       208.0513  ANGLE   =       329.6364  DIHED      =       506.4176
 1-4 NB =       165.3193  1-4 EEL =      -321.5647  VDWAALS    =      -317.4319
 EELEC  =      -931.3701  EHBOND  =         0.0000  RESTRAINT  =         0.0000
 ------------------------------------------------------------------------------


 NSTEP =     6300   TIME(PS) =       6.300  TEMP(K) =   297.21  PRESS =     0.0
 Etot   =       291.5227  EKtot   =       565.2120  EPtot      =      -273.6893
 BOND   =       226.9187  ANGLE   =       300.5924  DIHED      =       522.4443
 1-4 NB =       176.8192  1-4 EEL =      -313.6117  VDWAALS    =      -314.6917
 EELEC  =      -872.1606  EHBOND  =         0.0000  RESTRAINT  =         0.0000
 ------------------------------------------------------------------------------


 NSTEP =     6400   TIME(PS) =       6.400  TEMP(K) =   285.54  PRESS =     0.0
 Etot   =       -24.3040  EKtot   =       543.0168  EPtot      =      -567.3208
 BOND   =       225.6705  ANGLE   =       344.5915  DIHED      =       520.0555
 1-4 NB =       157.1673  1-4 EEL =      -324.5780  VDWAALS    =      -321.2234
 EELEC  =     -1169.0043  EHBOND  =         0.0000  RESTRAINT  =         0.0000
 ------------------------------------------------------------------------------


 NSTEP =     6500   TIME(PS) =       6.500  TEMP(K) =   297.02  PRESS =     0.0
 Etot   =       -75.2338  EKtot   =       564.8626  EPtot      =      -640.0964
 BOND   =       226.5370  ANGLE   =       308.7689  DIHED      =       534.6878
 1-4 NB =       161.6944  1-4 EEL =      -338.5078  VDWAALS    =      -308.9446
 EELEC  =     -1224.3321  EHBOND  =         0.0000  RESTRAINT  =         0.0000
 ------------------------------------------------------------------------------


 NSTEP =     6600   TIME(PS) =       6.600  TEMP(K) =   284.92  PRESS =     0.0
 Etot   =       138.1828  EKtot   =       541.8352  EPtot      =      -403.6524
 BOND   =       220.3810  ANGLE   =       322.5322  DIHED      =       519.1476
 1-4 NB =       160.8529  1-4 EEL =      -307.1461  VDWAALS    =      -310.6236
 EELEC  =     -1008.7966  EHBOND  =         0.0000  RESTRAINT  =         0.0000
 ------------------------------------------------------------------------------


 NSTEP =     6700   TIME(PS) =       6.700  TEMP(K) =   279.97  PRESS =     0.0
 Etot   =       262.3456  EKtot   =       532.4390  EPtot      =      -270.0934
 BOND   =       210.9378  ANGLE   =       335.5715  DIHED      =       523.8181
 1-4 NB =       174.1094  1-4 EEL =      -330.1618  VDWAALS    =      -319.4302
 EELEC  =      -864.9382  EHBOND  =         0.0000  RESTRAINT  =         0.0000
 ------------------------------------------------------------------------------


 NSTEP =     6800   TIME(PS) =       6.800  TEMP(K) =   306.12  PRESS =     0.0
 Etot   =         2.9069  EKtot   =       582.1585  EPtot      =      -579.2516
 BOND   =       226.8167  ANGLE   =       313.6140  DIHED      =       507.0399
 1-4 NB =       157.9709  1-4 EEL =      -320.9716  VDWAALS    =      -306.0328
 EELEC  =     -1157.6886  EHBOND  =         0.0000  RESTRAINT  =         0.0000
 ------------------------------------------------------------------------------


 NSTEP =     6900   TIME(PS) =       6.900  TEMP(K) =   311.22  PRESS =     0.0
 Etot   =      -270.8103  EKtot   =       591.8671  EPtot      =      -862.6773
 BOND   =       207.0091  ANGLE   =       342.4155  DIHED      =       512.5400
 1-4 NB =       163.2474  1-4 EEL =      -325.3942  VDWAALS    =      -310.7464
 EELEC  =     -1451.7487  EHBOND  =         0.0000  RESTRAINT  =         0.0000
 ------------------------------------------------------------------------------

| RE_POSITION Moving by  -0.382902 -0.056818 -0.357341

 NSTEP =     7000   TIME(PS) =       7.000  TEMP(K) =   286.91  PRESS =     0.0
 Etot   =      -127.0905  EKtot   =       545.6239  EPtot      =      -672.7144
 BOND   =       231.9134  ANGLE   =       369.8745  DIHED      =       520.5025
 1-4 NB =       177.1710  1-4 EEL =      -321.7536  VDWAALS    =      -316.9627
 EELEC  =     -1333.4594  EHBOND  =         0.0000  RESTRAINT  =         0.0000
 ------------------------------------------------------------------------------


 NSTEP =     7100   TIME(PS) =       7.100  TEMP(K) =   292.33  PRESS =     0.0
 Etot   =      -238.1099  EKtot   =       555.9437  EPtot      =      -794.0537
 BOND   =       235.6618  ANGLE   =       346.3337  DIHED      =       514.4261
 1-4 NB =       167.6281  1-4 EEL =      -318.8596  VDWAALS    =      -310.7856
 EELEC  =     -1428.4581  EHBOND  =         0.0000  RESTRAINT  =         0.0000
 ------------------------------------------------------------------------------


 NSTEP =     7200   TIME(PS) =       7.200  TEMP(K) =   308.09  PRESS =     0.0
 Etot   =      -327.1556  EKtot   =       585.8995  EPtot      =      -913.0551
 BOND   =       221.7973  ANGLE   =       332.3641  DIHED      =       510.4657
 1-4 NB =       165.3277  1-4 EEL =      -318.5748  VDWAALS    =      -307.6726
 EELEC  =     -1516.7625  EHBOND  =         0.0000  RESTRAINT  =         0.0000
 ------------------------------------------------------------------------------


 NSTEP =     7300   TIME(PS) =       7.300  TEMP(K) =   306.39  PRESS =     0.0
 Etot   =        14.1731  EKtot   =       582.6761  EPtot      =      -568.5030
 BOND   =       223.6097  ANGLE   =       346.7731  DIHED      =       530.2497
 1-4 NB =       170.3906  1-4 EEL =      -332.1719  VDWAALS    =      -303.3593
 EELEC  =     -1203.9948  EHBOND  =         0.0000  RESTRAINT  =         0.0000
 ------------------------------------------------------------------------------


 NSTEP =     7400   TIME(PS) =       7.400  TEMP(K) =   313.26  PRESS =     0.0
 Etot   =       101.9624  EKtot   =       595.7363  EPtot      =      -493.7739
 BOND   =       224.6410  ANGLE   =       344.5352  DIHED      =       513.4757
 1-4 NB =       164.8979  1-4 EEL =      -338.8217  VDWAALS    =      -317.6891
 EELEC  =     -1084.8129  EHBOND  =         0.0000  RESTRAINT  =         0.0000
 ------------------------------------------------------------------------------


 NSTEP =     7500   TIME(PS) =       7.500  TEMP(K) =   307.49  PRESS =     0.0
 Etot   =       -21.5025  EKtot   =       584.7662  EPtot      =      -606.2687
 BOND   =       228.4031  ANGLE   =       344.5244  DIHED      =       515.1074
 1-4 NB =       175.5726  1-4 EEL =      -324.6934  VDWAALS    =      -314.7337
 EELEC  =     -1230.4492  EHBOND  =         0.0000  RESTRAINT  =         0.0000
 ------------------------------------------------------------------------------


 NSTEP =     7600   TIME(PS) =       7.600  TEMP(K) =   308.96  PRESS =     0.0
 Etot   =       328.7529  EKtot   =       587.5674  EPtot      =      -258.8145
 BOND   =       228.2197  ANGLE   =       349.2649  DIHED      =       518.2948
 1-4 NB =       161.0082  1-4 EEL =      -337.1820  VDWAALS    =      -309.2840
 EELEC  =      -869.1360  EHBOND  =         0.0000  RESTRAINT  =         0.0000
 ------------------------------------------------------------------------------


 NSTEP =     7700   TIME(PS) =       7.700  TEMP(K) =   319.25  PRESS =     0.0
 Etot   =        98.0052  EKtot   =       607.1393  EPtot      =      -509.1341
 BOND   =       245.0548  ANGLE   =       328.0184  DIHED      =       515.6784
 1-4 NB =       159.7753  1-4 EEL =      -337.6082  VDWAALS    =      -313.3096
 EELEC  =     -1106.7432  EHBOND  =         0.0000  RESTRAINT  =         0.0000
 ------------------------------------------------------------------------------


 NSTEP =     7800   TIME(PS) =       7.800  TEMP(K) =   302.73  PRESS =     0.0
 Etot   =      -279.6311  EKtot   =       575.7061  EPtot      =      -855.3372
 BOND   =       237.3253  ANGLE   =       360.5605  DIHED      =       512.7350
 1-4 NB =       168.1123  1-4 EEL =      -318.8692  VDWAALS    =      -315.0032
 EELEC  =     -1500.1979  EHBOND  =         0.0000  RESTRAINT  =         0.0000
 ------------------------------------------------------------------------------


 NSTEP =     7900   TIME(PS) =       7.900  TEMP(K) =   301.19  PRESS =     0.0
 Etot   =      -128.2520  EKtot   =       572.7784  EPtot      =      -701.0303
 BOND   =       235.1226  ANGLE   =       350.5739  DIHED      =       514.4087
 1-4 NB =       159.4960  1-4 EEL =      -316.8224  VDWAALS    =      -318.3146
 EELEC  =     -1325.4946  EHBOND  =         0.0000  RESTRAINT  =         0.0000
 ------------------------------------------------------------------------------

| RE_POSITION Moving by   0.228218 -0.269720 -0.127393

 NSTEP =     8000   TIME(PS) =       8.000  TEMP(K) =   304.97  PRESS =     0.0
 Etot   =       235.3231  EKtot   =       579.9816  EPtot      =      -344.6584
 BOND   =       239.9945  ANGLE   =       335.3136  DIHED      =       512.9843
 1-4 NB =       172.9544  1-4 EEL =      -309.1227  VDWAALS    =      -317.4064
 EELEC  =      -979.3761  EHBOND  =         0.0000  RESTRAINT  =         0.0000
 ------------------------------------------------------------------------------


 NSTEP =     8100   TIME(PS) =       8.100  TEMP(K) =   299.55  PRESS =     0.0
 Etot   =      -117.0570  EKtot   =       569.6725  EPtot      =      -686.7295
 BOND   =       268.4386  ANGLE   =       334.3296  DIHED      =       515.1410
 1-4 NB =       160.1359  1-4 EEL =      -328.7180  VDWAALS    =      -322.4909
 EELEC  =     -1313.5658  EHBOND  =         0.0000  RESTRAINT  =         0.0000
 ------------------------------------------------------------------------------


 NSTEP =     8200   TIME(PS) =       8.200  TEMP(K) =   296.28  PRESS =     0.0
 Etot   =       108.7533  EKtot   =       563.4394  EPtot      =      -454.6861
 BOND   =       228.4368  ANGLE   =       346.4637  DIHED      =       522.0144
 1-4 NB =       173.1956  1-4 EEL =      -349.0186  VDWAALS    =      -320.8000
 EELEC  =     -1054.9781  EHBOND  =         0.0000  RESTRAINT  =         0.0000
 ------------------------------------------------------------------------------


 NSTEP =     8300   TIME(PS) =       8.300  TEMP(K) =   304.52  PRESS =     0.0
 Etot   =       268.2188  EKtot   =       579.1102  EPtot      =      -310.8914
 BOND   =       197.4559  ANGLE   =       347.1694  DIHED      =       519.7442
 1-4 NB =       171.9914  1-4 EEL =      -313.3056  VDWAALS    =      -317.5000
 EELEC  =      -916.4467  EHBOND  =         0.0000  RESTRAINT  =         0.0000
 ------------------------------------------------------------------------------


 NSTEP =     8400   TIME(PS) =       8.400  TEMP(K) =   309.60  PRESS =     0.0
 Etot   =       621.3925  EKtot   =       588.7754  EPtot      =        32.6171
 BOND   =       206.9181  ANGLE   =       321.4597  DIHED      =       507.7946
 1-4 NB =       163.7331  1-4 EEL =      -287.5434  VDWAALS    =      -315.7680
 EELEC  =      -563.9770  EHBOND  =         0.0000  RESTRAINT  =         0.0000
 ------------------------------------------------------------------------------


 NSTEP =     8500   TIME(PS) =       8.500  TEMP(K) =   293.77  PRESS =     0.0
 Etot   =       -90.9892  EKtot   =       558.6662  EPtot      =      -649.6553
 BOND   =       228.3096  ANGLE   =       345.1286  DIHED      =       525.1983
 1-4 NB =       160.5399  1-4 EEL =      -319.0437  VDWAALS    =      -311.2035
 EELEC  =     -1278.5846  EHBOND  =         0.0000  RESTRAINT  =         0.0000
 ------------------------------------------------------------------------------


 NSTEP =     8600   TIME(PS) =       8.600  TEMP(K) =   303.35  PRESS =     0.0
 Etot   =       220.9197  EKtot   =       576.8885  EPtot      =      -355.9688
 BOND   =       217.0198  ANGLE   =       330.2600  DIHED      =       515.6833
 1-4 NB =       170.1610  1-4 EEL =      -315.4761  VDWAALS    =      -303.4601
 EELEC  =      -970.1567  EHBOND  =         0.0000  RESTRAINT  =         0.0000
 ------------------------------------------------------------------------------


 NSTEP =     8700   TIME(PS) =       8.700  TEMP(K) =   299.25  PRESS =     0.0
 Etot   =       268.7470  EKtot   =       569.1035  EPtot      =      -300.3565
 BOND   =       222.5302  ANGLE   =       326.0888  DIHED      =       518.5371
 1-4 NB =       168.3364  1-4 EEL =      -315.4113  VDWAALS    =      -306.5856
 EELEC  =      -913.8521  EHBOND  =         0.0000  RESTRAINT  =         0.0000
 ------------------------------------------------------------------------------


 NSTEP =     8800   TIME(PS) =       8.800  TEMP(K) =   304.53  PRESS =     0.0
 Etot   =      -151.9179  EKtot   =       579.1444  EPtot      =      -731.0623
 BOND   =       242.5991  ANGLE   =       322.6271  DIHED      =       522.9491
 1-4 NB =       160.8517  1-4 EEL =      -310.0245  VDWAALS    =      -319.4964
 EELEC  =     -1350.5685  EHBOND  =         0.0000  RESTRAINT  =         0.0000
 ------------------------------------------------------------------------------


 NSTEP =     8900   TIME(PS) =       8.900  TEMP(K) =   299.55  PRESS =     0.0
 Etot   =        67.1492  EKtot   =       569.6715  EPtot      =      -502.5223
 BOND   =       235.8150  ANGLE   =       331.0003  DIHED      =       515.6800
 1-4 NB =       169.0521  1-4 EEL =      -295.3486  VDWAALS    =      -308.0592
 EELEC  =     -1150.6618  EHBOND  =         0.0000  RESTRAINT  =         0.0000
 ------------------------------------------------------------------------------

| RE_POSITION Moving by  -0.258752  0.375714  0.652334

 NSTEP =     9000   TIME(PS) =       9.000  TEMP(K) =   295.06  PRESS =     0.0
 Etot   =       -17.8131  EKtot   =       561.1236  EPtot      =      -578.9367
 BOND   =       225.1421  ANGLE   =       320.6867  DIHED      =       509.9475
 1-4 NB =       167.0760  1-4 EEL =      -296.5839  VDWAALS    =      -305.4969
 EELEC  =     -1199.7082  EHBOND  =         0.0000  RESTRAINT  =         0.0000
 ------------------------------------------------------------------------------


 NSTEP =     9100   TIME(PS) =       9.100  TEMP(K) =   300.90  PRESS =     0.0
 Etot   =       -26.4053  EKtot   =       572.2430  EPtot      =      -598.6483
 BOND   =       226.5865  ANGLE   =       341.6165  DIHED      =       523.5813
 1-4 NB =       165.9268  1-4 EEL =      -342.2883  VDWAALS    =      -315.1322
 EELEC  =     -1198.9389  EHBOND  =         0.0000  RESTRAINT  =         0.0000
 ------------------------------------------------------------------------------


 NSTEP =     9200   TIME(PS) =       9.200  TEMP(K) =   293.60  PRESS =     0.0
 Etot   =      -245.0063  EKtot   =       558.3592  EPtot      =      -803.3655
 BOND   =       221.6913  ANGLE   =       325.0640  DIHED      =       522.1496
 1-4 NB =       169.6501  1-4 EEL =      -337.6438  VDWAALS    =      -322.4095
 EELEC  =     -1381.8671  EHBOND  =         0.0000  RESTRAINT  =         0.0000
 ------------------------------------------------------------------------------


 NSTEP =     9300   TIME(PS) =       9.300  TEMP(K) =   296.74  PRESS =     0.0
 Etot   =       -32.9057  EKtot   =       564.3261  EPtot      =      -597.2318
 BOND   =       224.0613  ANGLE   =       343.9379  DIHED      =       510.6239
 1-4 NB =       163.9089  1-4 EEL =      -341.3565  VDWAALS    =      -315.3952
 EELEC  =     -1183.0120  EHBOND  =         0.0000  RESTRAINT  =         0.0000
 ------------------------------------------------------------------------------


 NSTEP =     9400   TIME(PS) =       9.400  TEMP(K) =   290.32  PRESS =     0.0
 Etot   =        92.9382  EKtot   =       552.1055  EPtot      =      -459.1672
 BOND   =       226.2165  ANGLE   =       326.7059  DIHED      =       520.5926
 1-4 NB =       172.3073  1-4 EEL =      -318.2889  VDWAALS    =      -315.8206
 EELEC  =     -1070.8799  EHBOND  =         0.0000  RESTRAINT  =         0.0000
 ------------------------------------------------------------------------------


 NSTEP =     9500   TIME(PS) =       9.500  TEMP(K) =   295.00  PRESS =     0.0
 Etot   =       302.1357  EKtot   =       561.0149  EPtot      =      -258.8791
 BOND   =       236.7731  ANGLE   =       328.6524  DIHED      =       527.2684
 1-4 NB =       168.7559  1-4 EEL =      -327.4222  VDWAALS    =      -324.4315
 EELEC  =      -868.4751  EHBOND  =         0.0000  RESTRAINT  =         0.0000
 ------------------------------------------------------------------------------


 NSTEP =     9600   TIME(PS) =       9.600  TEMP(K) =   301.85  PRESS =     0.0
 Etot   =        85.1988  EKtot   =       574.0407  EPtot      =      -488.8419
 BOND   =       237.9251  ANGLE   =       337.8273  DIHED      =       495.5843
 1-4 NB =       169.2172  1-4 EEL =      -316.9072  VDWAALS    =      -314.0772
 EELEC  =     -1098.4114  EHBOND  =         0.0000  RESTRAINT  =         0.0000
 ------------------------------------------------------------------------------


 NSTEP =     9700   TIME(PS) =       9.700  TEMP(K) =   298.77  PRESS =     0.0
 Etot   =       449.2294  EKtot   =       568.1899  EPtot      =      -118.9604
 BOND   =       249.1428  ANGLE   =       321.6059  DIHED      =       509.8840
 1-4 NB =       162.9952  1-4 EEL =      -335.5936  VDWAALS    =      -310.1656
 EELEC  =      -716.8291  EHBOND  =         0.0000  RESTRAINT  =         0.0000
 ------------------------------------------------------------------------------


 NSTEP =     9800   TIME(PS) =       9.800  TEMP(K) =   294.42  PRESS =     0.0
 Etot   =       -98.7279  EKtot   =       559.9022  EPtot      =      -658.6301
 BOND   =       240.8804  ANGLE   =       337.9023  DIHED      =       504.2716
 1-4 NB =       165.2084  1-4 EEL =      -331.4221  VDWAALS    =      -313.2787
 EELEC  =     -1262.1921  EHBOND  =         0.0000  RESTRAINT  =         0.0000
 ------------------------------------------------------------------------------


 NSTEP =     9900   TIME(PS) =       9.900  TEMP(K) =   296.74  PRESS =     0.0
 Etot   =        11.9370  EKtot   =       564.3146  EPtot      =      -552.3776
 BOND   =       205.2126  ANGLE   =       335.7097  DIHED      =       513.3353
 1-4 NB =       171.5179  1-4 EEL =      -313.3053  VDWAALS    =      -312.0995
 EELEC  =     -1152.7482  EHBOND  =         0.0000  RESTRAINT  =         0.0000
 ------------------------------------------------------------------------------

| RE_POSITION Moving by  -0.308282 -0.269587 -0.980889

 NSTEP =    10000   TIME(PS) =      10.000  TEMP(K) =   300.80  PRESS =     0.0
 Etot   =        31.4987  EKtot   =       572.0500  EPtot      =      -540.5514
 BOND   =       241.0515  ANGLE   =       334.5774  DIHED      =       506.9946
 1-4 NB =       157.7936  1-4 EEL =      -337.2878  VDWAALS    =      -309.4128
 EELEC  =     -1134.2678  EHBOND  =         0.0000  RESTRAINT  =         0.0000
 ------------------------------------------------------------------------------


 NSTEP =    10100   TIME(PS) =      10.100  TEMP(K) =   315.75  PRESS =     0.0
 Etot   =       233.5648  EKtot   =       600.4804  EPtot      =      -366.9155
 BOND   =       226.1935  ANGLE   =       312.3847  DIHED      =       519.7401
 1-4 NB =       165.9716  1-4 EEL =      -328.5788  VDWAALS    =      -319.5139
 EELEC  =      -943.1128  EHBOND  =         0.0000  RESTRAINT  =         0.0000
 ------------------------------------------------------------------------------


 NSTEP =    10200   TIME(PS) =      10.200  TEMP(K) =   311.79  PRESS =     0.0
 Etot   =      -140.7603  EKtot   =       592.9521  EPtot      =      -733.7124
 BOND   =       220.3639  ANGLE   =       348.9985  DIHED      =       522.9015
 1-4 NB =       163.1084  1-4 EEL =      -355.3659  VDWAALS    =      -308.9499
 EELEC  =     -1324.7689  EHBOND  =         0.0000  RESTRAINT  =         0.0000
 ------------------------------------------------------------------------------


 NSTEP =    10300   TIME(PS) =      10.300  TEMP(K) =   308.98  PRESS =     0.0
 Etot   =       175.9937  EKtot   =       587.6032  EPtot      =      -411.6095
 BOND   =       239.5147  ANGLE   =       334.0403  DIHED      =       512.9415
 1-4 NB =       162.4245  1-4 EEL =      -328.8139  VDWAALS    =      -308.8387
 EELEC  =     -1022.8779  EHBOND  =         0.0000  RESTRAINT  =         0.0000
 ------------------------------------------------------------------------------


 NSTEP =    10400   TIME(PS) =      10.400  TEMP(K) =   293.76  PRESS =     0.0
 Etot   =       162.2835  EKtot   =       558.6504  EPtot      =      -396.3669
 BOND   =       205.9927  ANGLE   =       366.0667  DIHED      =       512.7108
 1-4 NB =       168.7470  1-4 EEL =      -331.0061  VDWAALS    =      -302.9378
 EELEC  =     -1015.9403  EHBOND  =         0.0000  RESTRAINT  =         0.0000
 ------------------------------------------------------------------------------


 NSTEP =    10500   TIME(PS) =      10.500  TEMP(K) =   297.49  PRESS =     0.0
 Etot   =       -69.9014  EKtot   =       565.7492  EPtot      =      -635.6506
 BOND   =       239.8220  ANGLE   =       343.0464  DIHED      =       511.4750
 1-4 NB =       165.1149  1-4 EEL =      -344.2607  VDWAALS    =      -300.9799
 EELEC  =     -1249.8683  EHBOND  =         0.0000  RESTRAINT  =         0.0000
 ------------------------------------------------------------------------------


 NSTEP =    10600   TIME(PS) =      10.600  TEMP(K) =   308.65  PRESS =     0.0
 Etot   =      -318.6932  EKtot   =       586.9674  EPtot      =      -905.6606
 BOND   =       213.2655  ANGLE   =       354.3688  DIHED      =       494.9536
 1-4 NB =       170.7619  1-4 EEL =      -309.3985  VDWAALS    =      -307.1166
 EELEC  =     -1522.4953  EHBOND  =         0.0000  RESTRAINT  =         0.0000
 ------------------------------------------------------------------------------


 NSTEP =    10700   TIME(PS) =      10.700  TEMP(K) =   293.44  PRESS =     0.0
 Etot   =        58.7737  EKtot   =       558.0567  EPtot      =      -499.2830
 BOND   =       227.3789  ANGLE   =       367.3752  DIHED      =       510.1896
 1-4 NB =       169.3327  1-4 EEL =      -342.7882  VDWAALS    =      -305.9470
 EELEC  =     -1124.8242  EHBOND  =         0.0000  RESTRAINT  =         0.0000
 ------------------------------------------------------------------------------


 NSTEP =    10800   TIME(PS) =      10.800  TEMP(K) =   309.58  PRESS =     0.0
 Etot   =       387.2791  EKtot   =       588.7458  EPtot      =      -201.4667
 BOND   =       233.1468  ANGLE   =       320.2179  DIHED      =       511.1062
 1-4 NB =       167.9256  1-4 EEL =      -294.1797  VDWAALS    =      -301.8431
 EELEC  =      -837.8405  EHBOND  =         0.0000  RESTRAINT  =         0.0000
 ------------------------------------------------------------------------------


 NSTEP =    10900   TIME(PS) =      10.900  TEMP(K) =   288.92  PRESS =     0.0
 Etot   =       131.1698  EKtot   =       549.4459  EPtot      =      -418.2761
 BOND   =       259.8767  ANGLE   =       358.9089  DIHED      =       511.7190
 1-4 NB =       163.2136  1-4 EEL =      -324.1085  VDWAALS    =      -300.1992
 EELEC  =     -1087.6865  EHBOND  =         0.0000  RESTRAINT  =         0.0000
 ------------------------------------------------------------------------------

| RE_POSITION Moving by  -0.146311 -0.275592  0.566986

 NSTEP =    11000   TIME(PS) =      11.000  TEMP(K) =   295.06  PRESS =     0.0
 Etot   =        86.6419  EKtot   =       561.1300  EPtot      =      -474.4881
 BOND   =       222.5196  ANGLE   =       317.6285  DIHED      =       519.3994
 1-4 NB =       168.0194  1-4 EEL =      -294.6364  VDWAALS    =      -307.1962
 EELEC  =     -1100.2224  EHBOND  =         0.0000  RESTRAINT  =         0.0000
 ------------------------------------------------------------------------------


 NSTEP =    11100   TIME(PS) =      11.100  TEMP(K) =   297.44  PRESS =     0.0
 Etot   =       -19.1004  EKtot   =       565.6457  EPtot      =      -584.7461
 BOND   =       210.8442  ANGLE   =       355.6626  DIHED      =       498.5548
 1-4 NB =       164.0787  1-4 EEL =      -324.0133  VDWAALS    =      -304.9712
 EELEC  =     -1184.9019  EHBOND  =         0.0000  RESTRAINT  =         0.0000
 ------------------------------------------------------------------------------


 NSTEP =    11200   TIME(PS) =      11.200  TEMP(K) =   299.23  PRESS =     0.0
 Etot   =      -417.6193  EKtot   =       569.0671  EPtot      =      -986.6864
 BOND   =       227.4947  ANGLE   =       333.6686  DIHED      =       507.1908
 1-4 NB =       164.3168  1-4 EEL =      -312.0313  VDWAALS    =      -292.1860
 EELEC  =     -1615.1399  EHBOND  =         0.0000  RESTRAINT  =         0.0000
 ------------------------------------------------------------------------------


 NSTEP =    11300   TIME(PS) =      11.300  TEMP(K) =   293.71  PRESS =     0.0
 Etot   =      -366.2081  EKtot   =       558.5616  EPtot      =      -924.7697
 BOND   =       228.5912  ANGLE   =       318.8057  DIHED      =       523.3680
 1-4 NB =       165.1723  1-4 EEL =      -313.1483  VDWAALS    =      -308.9402
 EELEC  =     -1538.6184  EHBOND  =         0.0000  RESTRAINT  =         0.0000
 ------------------------------------------------------------------------------


 NSTEP =    11400   TIME(PS) =      11.400  TEMP(K) =   291.90  PRESS =     0.0
 Etot   =      -533.6353  EKtot   =       555.1095  EPtot      =     -1088.7448
 BOND   =       213.7522  ANGLE   =       336.9218  DIHED      =       519.8246
 1-4 NB =       167.4267  1-4 EEL =      -312.3833  VDWAALS    =      -313.1934
 EELEC  =     -1701.0934  EHBOND  =         0.0000  RESTRAINT  =         0.0000
 ------------------------------------------------------------------------------


 NSTEP =    11500   TIME(PS) =      11.500  TEMP(K) =   291.15  PRESS =     0.0
 Etot   =       130.7860  EKtot   =       553.6832  EPtot      =      -422.8972
 BOND   =       215.0840  ANGLE   =       326.6072  DIHED      =       509.9353
 1-4 NB =       159.8954  1-4 EEL =      -297.7900  VDWAALS    =      -302.0062
 EELEC  =     -1034.6230  EHBOND  =         0.0000  RESTRAINT  =         0.0000
 ------------------------------------------------------------------------------


 NSTEP =    11600   TIME(PS) =      11.600  TEMP(K) =   292.09  PRESS =     0.0
 Etot   =       203.9119  EKtot   =       555.4812  EPtot      =      -351.5693
 BOND   =       205.2081  ANGLE   =       318.5138  DIHED      =       517.8222
 1-4 NB =       174.2952  1-4 EEL =      -335.0113  VDWAALS    =      -301.3446
 EELEC  =      -931.0526  EHBOND  =         0.0000  RESTRAINT  =         0.0000
 ------------------------------------------------------------------------------


 NSTEP =    11700   TIME(PS) =      11.700  TEMP(K) =   284.39  PRESS =     0.0
 Etot   =      -398.1932  EKtot   =       540.8419  EPtot      =      -939.0351
 BOND   =       223.9479  ANGLE   =       322.4805  DIHED      =       518.7330
 1-4 NB =       161.8447  1-4 EEL =      -333.4290  VDWAALS    =      -315.1833
 EELEC  =     -1517.4289  EHBOND  =         0.0000  RESTRAINT  =         0.0000
 ------------------------------------------------------------------------------


 NSTEP =    11800   TIME(PS) =      11.800  TEMP(K) =   289.27  PRESS =     0.0
 Etot   =       120.1865  EKtot   =       550.1133  EPtot      =      -429.9268
 BOND   =       218.4555  ANGLE   =       340.1892  DIHED      =       507.8564
 1-4 NB =       166.4322  1-4 EEL =      -343.6068  VDWAALS    =      -314.8695
 EELEC  =     -1004.3837  EHBOND  =         0.0000  RESTRAINT  =         0.0000
 ------------------------------------------------------------------------------


 NSTEP =    11900   TIME(PS) =      11.900  TEMP(K) =   292.86  PRESS =     0.0
 Etot   =       156.2046  EKtot   =       556.9391  EPtot      =      -400.7346
 BOND   =       235.5217  ANGLE   =       321.1689  DIHED      =       507.4748
 1-4 NB =       163.5268  1-4 EEL =      -330.1740  VDWAALS    =      -306.6312
 EELEC  =      -991.6216  EHBOND  =         0.0000  RESTRAINT  =         0.0000
 ------------------------------------------------------------------------------

| RE_POSITION Moving by  -0.183641  0.103391  0.479517

 NSTEP =    12000   TIME(PS) =      12.000  TEMP(K) =   295.00  PRESS =     0.0
 Etot   =        43.6207  EKtot   =       561.0181  EPtot      =      -517.3974
 BOND   =       232.2020  ANGLE   =       327.8033  DIHED      =       503.6923
 1-4 NB =       164.9062  1-4 EEL =      -334.4144  VDWAALS    =      -322.5255
 EELEC  =     -1089.0614  EHBOND  =         0.0000  RESTRAINT  =         0.0000
 ------------------------------------------------------------------------------


 NSTEP =    12100   TIME(PS) =      12.100  TEMP(K) =   304.84  PRESS =     0.0
 Etot   =      -119.1676  EKtot   =       579.7184  EPtot      =      -698.8860
 BOND   =       207.6157  ANGLE   =       329.2175  DIHED      =       521.1869
 1-4 NB =       169.5742  1-4 EEL =      -320.1453  VDWAALS    =      -314.0929
 EELEC  =     -1292.2421  EHBOND  =         0.0000  RESTRAINT  =         0.0000
 ------------------------------------------------------------------------------


 NSTEP =    12200   TIME(PS) =      12.200  TEMP(K) =   296.89  PRESS =     0.0
 Etot   =       -28.5255  EKtot   =       564.6043  EPtot      =      -593.1299
 BOND   =       209.4795  ANGLE   =       338.6719  DIHED      =       509.9677
 1-4 NB =       159.6024  1-4 EEL =      -314.2437  VDWAALS    =      -310.8791
 EELEC  =     -1185.7287  EHBOND  =         0.0000  RESTRAINT  =         0.0000
 ------------------------------------------------------------------------------


 NSTEP =    12300   TIME(PS) =      12.300  TEMP(K) =   289.91  PRESS =     0.0
 Etot   =       274.5944  EKtot   =       551.3311  EPtot      =      -276.7367
 BOND   =       222.8552  ANGLE   =       318.8512  DIHED      =       528.1293
 1-4 NB =       166.7895  1-4 EEL =      -303.0803  VDWAALS    =      -303.0945
 EELEC  =      -907.1872  EHBOND  =         0.0000  RESTRAINT  =         0.0000
 ------------------------------------------------------------------------------


 NSTEP =    12400   TIME(PS) =      12.400  TEMP(K) =   307.55  PRESS =     0.0
 Etot   =       -23.8515  EKtot   =       584.8835  EPtot      =      -608.7350
 BOND   =       206.9792  ANGLE   =       310.8578  DIHED      =       532.3507
 1-4 NB =       171.1528  1-4 EEL =      -325.4849  VDWAALS    =      -309.6322
 EELEC  =     -1194.9584  EHBOND  =         0.0000  RESTRAINT  =         0.0000
 ------------------------------------------------------------------------------


 NSTEP =    12500   TIME(PS) =      12.500  TEMP(K) =   293.80  PRESS =     0.0
 Etot   =       -74.7856  EKtot   =       558.7331  EPtot      =      -633.5187
 BOND   =       231.0788  ANGLE   =       327.7467  DIHED      =       514.5073
 1-4 NB =       164.3462  1-4 EEL =      -340.2173  VDWAALS    =      -300.8363
 EELEC  =     -1230.1441  EHBOND  =         0.0000  RESTRAINT  =         0.0000
 ------------------------------------------------------------------------------


 NSTEP =    12600   TIME(PS) =      12.600  TEMP(K) =   289.93  PRESS =     0.0
 Etot   =       226.9755  EKtot   =       551.3692  EPtot      =      -324.3937
 BOND   =       238.3500  ANGLE   =       336.2194  DIHED      =       528.7578
 1-4 NB =       169.0637  1-4 EEL =      -342.9557  VDWAALS    =      -306.5965
 EELEC  =      -947.2323  EHBOND  =         0.0000  RESTRAINT  =         0.0000
 ------------------------------------------------------------------------------


 NSTEP =    12700   TIME(PS) =      12.700  TEMP(K) =   291.95  PRESS =     0.0
 Etot   =       107.8902  EKtot   =       555.2049  EPtot      =      -447.3147
 BOND   =       235.6148  ANGLE   =       340.6546  DIHED      =       514.8380
 1-4 NB =       171.5996  1-4 EEL =      -318.9748  VDWAALS    =      -306.5691
 EELEC  =     -1084.4778  EHBOND  =         0.0000  RESTRAINT  =         0.0000
 ------------------------------------------------------------------------------


 NSTEP =    12800   TIME(PS) =      12.800  TEMP(K) =   302.39  PRESS =     0.0
 Etot   =        38.3429  EKtot   =       575.0648  EPtot      =      -536.7220
 BOND   =       218.7190  ANGLE   =       322.8910  DIHED      =       536.0860
 1-4 NB =       165.2947  1-4 EEL =      -333.8716  VDWAALS    =      -304.4599
 EELEC  =     -1141.3813  EHBOND  =         0.0000  RESTRAINT  =         0.0000
 ------------------------------------------------------------------------------


 NSTEP =    12900   TIME(PS) =      12.900  TEMP(K) =   297.70  PRESS =     0.0
 Etot   =       -84.8446  EKtot   =       566.1452  EPtot      =      -650.9898
 BOND   =       229.5008  ANGLE   =       329.3816  DIHED      =       522.4597
 1-4 NB =       166.5541  1-4 EEL =      -318.0286  VDWAALS    =      -310.0398
 EELEC  =     -1270.8176  EHBOND  =         0.0000  RESTRAINT  =         0.0000
 ------------------------------------------------------------------------------

| RE_POSITION Moving by   0.013994 -0.306257  0.438719

 NSTEP =    13000   TIME(PS) =      13.000  TEMP(K) =   298.54  PRESS =     0.0
 Etot   =      -122.7355  EKtot   =       567.7464  EPtot      =      -690.4819
 BOND   =       212.5059  ANGLE   =       341.4396  DIHED      =       537.3045
 1-4 NB =       161.5215  1-4 EEL =      -340.0894  VDWAALS    =      -312.6818
 EELEC  =     -1290.4823  EHBOND  =         0.0000  RESTRAINT  =         0.0000
 ------------------------------------------------------------------------------


 NSTEP =    13100   TIME(PS) =      13.100  TEMP(K) =   282.54  PRESS =     0.0
 Etot   =       -62.7303  EKtot   =       537.3192  EPtot      =      -600.0494
 BOND   =       247.9577  ANGLE   =       309.3681  DIHED      =       528.5912
 1-4 NB =       168.8733  1-4 EEL =      -306.8705  VDWAALS    =      -311.2145
 EELEC  =     -1236.7546  EHBOND  =         0.0000  RESTRAINT  =         0.0000
 ------------------------------------------------------------------------------


 NSTEP =    13200   TIME(PS) =      13.200  TEMP(K) =   292.96  PRESS =     0.0
 Etot   =        98.0980  EKtot   =       557.1291  EPtot      =      -459.0310
 BOND   =       215.1891  ANGLE   =       332.5753  DIHED      =       514.6985
 1-4 NB =       166.5424  1-4 EEL =      -301.4164  VDWAALS    =      -323.3975
 EELEC  =     -1063.2224  EHBOND  =         0.0000  RESTRAINT  =         0.0000
 ------------------------------------------------------------------------------


 NSTEP =    13300   TIME(PS) =      13.300  TEMP(K) =   289.09  PRESS =     0.0
 Etot   =       -29.2372  EKtot   =       549.7807  EPtot      =      -579.0179
 BOND   =       197.3971  ANGLE   =       349.2966  DIHED      =       527.9503
 1-4 NB =       169.7187  1-4 EEL =      -319.6262  VDWAALS    =      -308.4951
 EELEC  =     -1195.2594  EHBOND  =         0.0000  RESTRAINT  =         0.0000
 ------------------------------------------------------------------------------


 NSTEP =    13400   TIME(PS) =      13.400  TEMP(K) =   288.02  PRESS =     0.0
 Etot   =       -36.2907  EKtot   =       547.7425  EPtot      =      -584.0332
 BOND   =       205.9199  ANGLE   =       348.5355  DIHED      =       512.3707
 1-4 NB =       167.6254  1-4 EEL =      -330.8642  VDWAALS    =      -315.4610
 EELEC  =     -1172.1594  EHBOND  =         0.0000  RESTRAINT  =         0.0000
 ------------------------------------------------------------------------------


 NSTEP =    13500   TIME(PS) =      13.500  TEMP(K) =   287.37  PRESS =     0.0
 Etot   =       -14.0595  EKtot   =       546.5096  EPtot      =      -560.5690
 BOND   =       215.2823  ANGLE   =       323.9080  DIHED      =       524.8797
 1-4 NB =       163.9289  1-4 EEL =      -317.5298  VDWAALS    =      -311.3542
 EELEC  =     -1159.6839  EHBOND  =         0.0000  RESTRAINT  =         0.0000
 ------------------------------------------------------------------------------


 NSTEP =    13600   TIME(PS) =      13.600  TEMP(K) =   280.97  PRESS =     0.0
 Etot   =       186.9843  EKtot   =       534.3364  EPtot      =      -347.3521
 BOND   =       230.4965  ANGLE   =       352.9888  DIHED      =       527.6559
 1-4 NB =       169.9474  1-4 EEL =      -337.7058  VDWAALS    =      -313.5738
 EELEC  =      -977.1611  EHBOND  =         0.0000  RESTRAINT  =         0.0000
 ------------------------------------------------------------------------------


 NSTEP =    13700   TIME(PS) =      13.700  TEMP(K) =   293.47  PRESS =     0.0
 Etot   =       192.8659  EKtot   =       558.0959  EPtot      =      -365.2300
 BOND   =       209.1234  ANGLE   =       319.5234  DIHED      =       526.0836
 1-4 NB =       168.0727  1-4 EEL =      -317.1849  VDWAALS    =      -318.0125
 EELEC  =      -952.8356  EHBOND  =         0.0000  RESTRAINT  =         0.0000
 ------------------------------------------------------------------------------


 NSTEP =    13800   TIME(PS) =      13.800  TEMP(K) =   297.11  PRESS =     0.0
 Etot   =        27.6054  EKtot   =       565.0256  EPtot      =      -537.4202
 BOND   =       208.7423  ANGLE   =       332.6355  DIHED      =       529.8125
 1-4 NB =       161.6961  1-4 EEL =      -331.6558  VDWAALS    =      -321.0448
 EELEC  =     -1117.6062  EHBOND  =         0.0000  RESTRAINT  =         0.0000
 ------------------------------------------------------------------------------


 NSTEP =    13900   TIME(PS) =      13.900  TEMP(K) =   293.82  PRESS =     0.0
 Etot   =        85.5708  EKtot   =       558.7609  EPtot      =      -473.1902
 BOND   =       222.1839  ANGLE   =       312.3576  DIHED      =       539.0981
 1-4 NB =       169.4823  1-4 EEL =      -329.8262  VDWAALS    =      -313.3564
 EELEC  =     -1073.1295  EHBOND  =         0.0000  RESTRAINT  =         0.0000
 ------------------------------------------------------------------------------

| RE_POSITION Moving by   0.172691  0.067215 -0.154430

 NSTEP =    14000   TIME(PS) =      14.000  TEMP(K) =   308.41  PRESS =     0.0
 Etot   =       223.2998  EKtot   =       586.5238  EPtot      =      -363.2240
 BOND   =       225.8622  ANGLE   =       314.6484  DIHED      =       532.3033
 1-4 NB =       168.1777  1-4 EEL =      -333.3203  VDWAALS    =      -308.9207
 EELEC  =      -961.9746  EHBOND  =         0.0000  RESTRAINT  =         0.0000
 ------------------------------------------------------------------------------


 NSTEP =    14100   TIME(PS) =      14.100  TEMP(K) =   305.50  PRESS =     0.0
 Etot   =       135.9407  EKtot   =       580.9845  EPtot      =      -445.0437
 BOND   =       223.9474  ANGLE   =       322.8672  DIHED      =       535.5050
 1-4 NB =       160.5243  1-4 EEL =      -335.5073  VDWAALS    =      -324.9891
 EELEC  =     -1027.3912  EHBOND  =         0.0000  RESTRAINT  =         0.0000
 ------------------------------------------------------------------------------


 NSTEP =    14200   TIME(PS) =      14.200  TEMP(K) =   286.66  PRESS =     0.0
 Etot   =      -227.3941  EKtot   =       545.1610  EPtot      =      -772.5552
 BOND   =       230.4926  ANGLE   =       330.5648  DIHED      =       520.7707
 1-4 NB =       168.8425  1-4 EEL =      -345.0414  VDWAALS    =      -320.4627
 EELEC  =     -1357.7215  EHBOND  =         0.0000  RESTRAINT  =         0.0000
 ------------------------------------------------------------------------------


 NSTEP =    14300   TIME(PS) =      14.300  TEMP(K) =   293.44  PRESS =     0.0
 Etot   =      -321.0478  EKtot   =       558.0479  EPtot      =      -879.0957
 BOND   =       206.9824  ANGLE   =       327.4505  DIHED      =       515.9065
 1-4 NB =       171.1202  1-4 EEL =      -290.2291  VDWAALS    =      -309.4923
 EELEC  =     -1500.8340  EHBOND  =         0.0000  RESTRAINT  =         0.0000
 ------------------------------------------------------------------------------


 NSTEP =    14400   TIME(PS) =      14.400  TEMP(K) =   295.07  PRESS =     0.0
 Etot   =       -68.2207  EKtot   =       561.1448  EPtot      =      -629.3656
 BOND   =       224.8007  ANGLE   =       327.8661  DIHED      =       516.3004
 1-4 NB =       169.6710  1-4 EEL =      -328.3264  VDWAALS    =      -304.9845
 EELEC  =     -1234.6929  EHBOND  =         0.0000  RESTRAINT  =         0.0000
 ------------------------------------------------------------------------------


 NSTEP =    14500   TIME(PS) =      14.500  TEMP(K) =   306.21  PRESS =     0.0
 Etot   =      -291.9056  EKtot   =       582.3396  EPtot      =      -874.2452
 BOND   =       222.1381  ANGLE   =       310.1121  DIHED      =       520.2180
 1-4 NB =       161.6756  1-4 EEL =      -328.0979  VDWAALS    =      -309.1333
 EELEC  =     -1451.1578  EHBOND  =         0.0000  RESTRAINT  =         0.0000
 ------------------------------------------------------------------------------


 NSTEP =    14600   TIME(PS) =      14.600  TEMP(K) =   301.05  PRESS =     0.0
 Etot   =      -164.9433  EKtot   =       572.5202  EPtot      =      -737.4635
 BOND   =       222.3631  ANGLE   =       338.8708  DIHED      =       522.8799
 1-4 NB =       161.2948  1-4 EEL =      -320.9832  VDWAALS    =      -324.7531
 EELEC  =     -1337.1358  EHBOND  =         0.0000  RESTRAINT  =         0.0000
 ------------------------------------------------------------------------------


 NSTEP =    14700   TIME(PS) =      14.700  TEMP(K) =   303.93  PRESS =     0.0
 Etot   =       371.3322  EKtot   =       578.0029  EPtot      =      -206.6706
 BOND   =       208.4326  ANGLE   =       359.7678  DIHED      =       519.0901
 1-4 NB =       160.3216  1-4 EEL =      -322.2672  VDWAALS    =      -315.6583
 EELEC  =      -816.3572  EHBOND  =         0.0000  RESTRAINT  =         0.0000
 ------------------------------------------------------------------------------


 NSTEP =    14800   TIME(PS) =      14.800  TEMP(K) =   299.50  PRESS =     0.0
 Etot   =       276.3565  EKtot   =       569.5761  EPtot      =      -293.2195
 BOND   =       226.8475  ANGLE   =       334.0094  DIHED      =       516.4949
 1-4 NB =       170.3889  1-4 EEL =      -338.3242  VDWAALS    =      -305.6649
 EELEC  =      -896.9712  EHBOND  =         0.0000  RESTRAINT  =         0.0000
 ------------------------------------------------------------------------------


 NSTEP =    14900   TIME(PS) =      14.900  TEMP(K) =   313.78  PRESS =     0.0
 Etot   =       310.0781  EKtot   =       596.7342  EPtot      =      -286.6562
 BOND   =       238.4964  ANGLE   =       331.0035  DIHED      =       520.8821
 1-4 NB =       159.4612  1-4 EEL =      -333.7132  VDWAALS    =      -319.3781
 EELEC  =      -883.4080  EHBOND  =         0.0000  RESTRAINT  =         0.0000
 ------------------------------------------------------------------------------

| RE_POSITION Moving by   0.188076 -0.816729 -0.274291

 NSTEP =    15000   TIME(PS) =      15.000  TEMP(K) =   306.93  PRESS =     0.0
 Etot   =       300.6740  EKtot   =       583.6959  EPtot      =      -283.0219
 BOND   =       232.2786  ANGLE   =       353.2188  DIHED      =       518.4914
 1-4 NB =       165.1883  1-4 EEL =      -331.1465  VDWAALS    =      -322.8593
 EELEC  =      -898.1933  EHBOND  =         0.0000  RESTRAINT  =         0.0000
 ------------------------------------------------------------------------------


 NSTEP =    15100   TIME(PS) =      15.100  TEMP(K) =   314.11  PRESS =     0.0
 Etot   =       144.1925  EKtot   =       597.3617  EPtot      =      -453.1692
 BOND   =       228.7154  ANGLE   =       347.0176  DIHED      =       510.6072
 1-4 NB =       177.2026  1-4 EEL =      -341.7541  VDWAALS    =      -315.2960
 EELEC  =     -1059.6619  EHBOND  =         0.0000  RESTRAINT  =         0.0000
 ------------------------------------------------------------------------------


 NSTEP =    15200   TIME(PS) =      15.200  TEMP(K) =   312.79  PRESS =     0.0
 Etot   =        61.9760  EKtot   =       594.8424  EPtot      =      -532.8665
 BOND   =       243.7803  ANGLE   =       354.6599  DIHED      =       509.4823
 1-4 NB =       158.5478  1-4 EEL =      -344.2883  VDWAALS    =      -314.5185
 EELEC  =     -1140.5299  EHBOND  =         0.0000  RESTRAINT  =         0.0000
 ------------------------------------------------------------------------------


 NSTEP =    15300   TIME(PS) =      15.300  TEMP(K) =   308.57  PRESS =     0.0
 Etot   =        78.1870  EKtot   =       586.8163  EPtot      =      -508.6293
 BOND   =       237.8818  ANGLE   =       366.7005  DIHED      =       514.6310
 1-4 NB =       166.7645  1-4 EEL =      -356.0526  VDWAALS    =      -322.9884
 EELEC  =     -1115.5661  EHBOND  =         0.0000  RESTRAINT  =         0.0000
 ------------------------------------------------------------------------------


 NSTEP =    15400   TIME(PS) =      15.400  TEMP(K) =   306.37  PRESS =     0.0
 Etot   =      -430.8066  EKtot   =       582.6450  EPtot      =     -1013.4516
 BOND   =       244.2826  ANGLE   =       339.2077  DIHED      =       524.3795
 1-4 NB =       174.6949  1-4 EEL =      -346.7286  VDWAALS    =      -306.9782
 EELEC  =     -1642.3094  EHBOND  =         0.0000  RESTRAINT  =         0.0000
 ------------------------------------------------------------------------------


 NSTEP =    15500   TIME(PS) =      15.500  TEMP(K) =   306.41  PRESS =     0.0
 Etot   =      -286.5517  EKtot   =       582.7185  EPtot      =      -869.2701
 BOND   =       212.4267  ANGLE   =       332.2379  DIHED      =       516.1288
 1-4 NB =       179.8178  1-4 EEL =      -313.6435  VDWAALS    =      -306.5600
 EELEC  =     -1489.6778  EHBOND  =         0.0000  RESTRAINT  =         0.0000
 ------------------------------------------------------------------------------


 NSTEP =    15600   TIME(PS) =      15.600  TEMP(K) =   310.65  PRESS =     0.0
 Etot   =      -245.1627  EKtot   =       590.7721  EPtot      =      -835.9349
 BOND   =       236.5563  ANGLE   =       336.9552  DIHED      =       518.6692
 1-4 NB =       168.8210  1-4 EEL =      -340.4327  VDWAALS    =      -323.0126
 EELEC  =     -1433.4913  EHBOND  =         0.0000  RESTRAINT  =         0.0000
 ------------------------------------------------------------------------------


 NSTEP =    15700   TIME(PS) =      15.700  TEMP(K) =   303.87  PRESS =     0.0
 Etot   =       -60.5997  EKtot   =       577.8912  EPtot      =      -638.4909
 BOND   =       229.4663  ANGLE   =       351.3798  DIHED      =       517.2747
 1-4 NB =       163.8631  1-4 EEL =      -338.0524  VDWAALS    =      -308.0766
 EELEC  =     -1254.3458  EHBOND  =         0.0000  RESTRAINT  =         0.0000
 ------------------------------------------------------------------------------


 NSTEP =    15800   TIME(PS) =      15.800  TEMP(K) =   312.44  PRESS =     0.0
 Etot   =      -260.0338  EKtot   =       594.1892  EPtot      =      -854.2230
 BOND   =       236.5094  ANGLE   =       336.0008  DIHED      =       521.5863
 1-4 NB =       166.9807  1-4 EEL =      -339.7472  VDWAALS    =      -305.3248
 EELEC  =     -1470.2281  EHBOND  =         0.0000  RESTRAINT  =         0.0000
 ------------------------------------------------------------------------------


 NSTEP =    15900   TIME(PS) =      15.900  TEMP(K) =   312.83  PRESS =     0.0
 Etot   =       -58.7905  EKtot   =       594.9161  EPtot      =      -653.7066
 BOND   =       245.1332  ANGLE   =       335.1042  DIHED      =       508.1331
 1-4 NB =       175.0436  1-4 EEL =      -308.7149  VDWAALS    =      -309.7704
 EELEC  =     -1298.6354  EHBOND  =         0.0000  RESTRAINT  =         0.0000
 ------------------------------------------------------------------------------

| RE_POSITION Moving by  -0.115838 -0.321399  1.166529

 NSTEP =    16000   TIME(PS) =      16.000  TEMP(K) =   320.98  PRESS =     0.0
 Etot   =       197.0102  EKtot   =       610.4288  EPtot      =      -413.4186
 BOND   =       227.5588  ANGLE   =       346.5838  DIHED      =       509.1934
 1-4 NB =       171.3894  1-4 EEL =      -322.6347  VDWAALS    =      -303.9179
 EELEC  =     -1041.5913  EHBOND  =         0.0000  RESTRAINT  =         0.0000
 ------------------------------------------------------------------------------


 NSTEP =    16100   TIME(PS) =      16.100  TEMP(K) =   331.10  PRESS =     0.0
 Etot   =       201.8624  EKtot   =       629.6737  EPtot      =      -427.8113
 BOND   =       227.6507  ANGLE   =       366.4508  DIHED      =       525.1171
 1-4 NB =       161.0718  1-4 EEL =      -355.8259  VDWAALS    =      -311.2504
 EELEC  =     -1041.0253  EHBOND  =         0.0000  RESTRAINT  =         0.0000
 ------------------------------------------------------------------------------


 NSTEP =    16200   TIME(PS) =      16.200  TEMP(K) =   313.91  PRESS =     0.0
 Etot   =       -12.3025  EKtot   =       596.9687  EPtot      =      -609.2712
 BOND   =       238.1453  ANGLE   =       348.9984  DIHED      =       522.5167
 1-4 NB =       163.8359  1-4 EEL =      -327.7143  VDWAALS    =      -305.0485
 EELEC  =     -1250.0046  EHBOND  =         0.0000  RESTRAINT  =         0.0000
 ------------------------------------------------------------------------------


 NSTEP =    16300   TIME(PS) =      16.300  TEMP(K) =   316.83  PRESS =     0.0
 Etot   =       666.6326  EKtot   =       602.5380  EPtot      =        64.0947
 BOND   =       227.7345  ANGLE   =       343.5271  DIHED      =       505.0109
 1-4 NB =       173.0047  1-4 EEL =      -333.1217  VDWAALS    =      -308.5633
 EELEC  =      -543.4976  EHBOND  =         0.0000  RESTRAINT  =         0.0000
 ------------------------------------------------------------------------------


 NSTEP =    16400   TIME(PS) =      16.400  TEMP(K) =   327.53  PRESS =     0.0
 Etot   =       112.0941  EKtot   =       622.8767  EPtot      =      -510.7826
 BOND   =       249.1350  ANGLE   =       343.8751  DIHED      =       507.9360
 1-4 NB =       161.5813  1-4 EEL =      -334.7363  VDWAALS    =      -305.7156
 EELEC  =     -1132.8582  EHBOND  =         0.0000  RESTRAINT  =         0.0000
 ------------------------------------------------------------------------------


 NSTEP =    16500   TIME(PS) =      16.500  TEMP(K) =   322.43  PRESS =     0.0
 Etot   =       374.1529  EKtot   =       613.1841  EPtot      =      -239.0312
 BOND   =       241.1112  ANGLE   =       354.5561  DIHED      =       521.5378
 1-4 NB =       170.7457  1-4 EEL =      -353.9361  VDWAALS    =      -300.3310
 EELEC  =      -872.7150  EHBOND  =         0.0000  RESTRAINT  =         0.0000
 ------------------------------------------------------------------------------


 NSTEP =    16600   TIME(PS) =      16.600  TEMP(K) =   319.45  PRESS =     0.0
 Etot   =        67.4635  EKtot   =       607.5179  EPtot      =      -540.0544
 BOND   =       225.4234  ANGLE   =       338.5702  DIHED      =       530.7432
 1-4 NB =       167.4780  1-4 EEL =      -322.0032  VDWAALS    =      -298.7708
 EELEC  =     -1181.4951  EHBOND  =         0.0000  RESTRAINT  =         0.0000
 ------------------------------------------------------------------------------


 NSTEP =    16700   TIME(PS) =      16.700  TEMP(K) =   300.96  PRESS =     0.0
 Etot   =      -281.2228  EKtot   =       572.3531  EPtot      =      -853.5759
 BOND   =       228.5105  ANGLE   =       361.1501  DIHED      =       509.8337
 1-4 NB =       171.5376  1-4 EEL =      -326.7240  VDWAALS    =      -295.7857
 EELEC  =     -1502.0980  EHBOND  =         0.0000  RESTRAINT  =         0.0000
 ------------------------------------------------------------------------------


 NSTEP =    16800   TIME(PS) =      16.800  TEMP(K) =   301.92  PRESS =     0.0
 Etot   =        94.0267  EKtot   =       574.1734  EPtot      =      -480.1467
 BOND   =       257.4168  ANGLE   =       330.4584  DIHED      =       519.6467
 1-4 NB =       169.1236  1-4 EEL =      -308.1162  VDWAALS    =      -299.9823
 EELEC  =     -1148.6937  EHBOND  =         0.0000  RESTRAINT  =         0.0000
 ------------------------------------------------------------------------------


 NSTEP =    16900   TIME(PS) =      16.900  TEMP(K) =   322.38  PRESS =     0.0
 Etot   =       -45.5836  EKtot   =       613.0779  EPtot      =      -658.6615
 BOND   =       221.1974  ANGLE   =       329.8984  DIHED      =       518.4429
 1-4 NB =       171.7636  1-4 EEL =      -324.7932  VDWAALS    =      -302.5152
 EELEC  =     -1272.6553  EHBOND  =         0.0000  RESTRAINT  =         0.0000
 ------------------------------------------------------------------------------

| RE_POSITION Moving by   0.125560  0.028106 -0.447655

 NSTEP =    17000   TIME(PS) =      17.000  TEMP(K) =   302.85  PRESS =     0.0
 Etot   =       231.2661  EKtot   =       575.9483  EPtot      =      -344.6822
 BOND   =       270.3317  ANGLE   =       355.9272  DIHED      =       515.0986
 1-4 NB =       167.2398  1-4 EEL =      -337.9979  VDWAALS    =      -306.9822
 EELEC  =     -1008.2993  EHBOND  =         0.0000  RESTRAINT  =         0.0000
 ------------------------------------------------------------------------------


 NSTEP =    17100   TIME(PS) =      17.100  TEMP(K) =   315.51  PRESS =     0.0
 Etot   =      -609.9567  EKtot   =       600.0232  EPtot      =     -1209.9798
 BOND   =       227.6493  ANGLE   =       365.0100  DIHED      =       516.0695
 1-4 NB =       161.6987  1-4 EEL =      -318.6427  VDWAALS    =      -316.2581
 EELEC  =     -1845.5065  EHBOND  =         0.0000  RESTRAINT  =         0.0000
 ------------------------------------------------------------------------------


 NSTEP =    17200   TIME(PS) =      17.200  TEMP(K) =   314.46  PRESS =     0.0
 Etot   =        33.2001  EKtot   =       598.0144  EPtot      =      -564.8143
 BOND   =       239.4506  ANGLE   =       331.5133  DIHED      =       525.1636
 1-4 NB =       174.8739  1-4 EEL =      -335.4464  VDWAALS    =      -300.1121
 EELEC  =     -1200.2573  EHBOND  =         0.0000  RESTRAINT  =         0.0000
 ------------------------------------------------------------------------------


 NSTEP =    17300   TIME(PS) =      17.300  TEMP(K) =   301.52  PRESS =     0.0
 Etot   =       335.6190  EKtot   =       573.4154  EPtot      =      -237.7964
 BOND   =       245.7408  ANGLE   =       341.1649  DIHED      =       518.6404
 1-4 NB =       167.6203  1-4 EEL =      -335.3148  VDWAALS    =      -313.8948
 EELEC  =      -861.7531  EHBOND  =         0.0000  RESTRAINT  =         0.0000
 ------------------------------------------------------------------------------


 NSTEP =    17400   TIME(PS) =      17.400  TEMP(K) =   294.68  PRESS =     0.0
 Etot   =        -2.2673  EKtot   =       560.3977  EPtot      =      -562.6649
 BOND   =       262.5604  ANGLE   =       353.6496  DIHED      =       512.3139
 1-4 NB =       166.4138  1-4 EEL =      -347.7520  VDWAALS    =      -303.9967
 EELEC  =     -1205.8540  EHBOND  =         0.0000  RESTRAINT  =         0.0000
 ------------------------------------------------------------------------------


 NSTEP =    17500   TIME(PS) =      17.500  TEMP(K) =   305.69  PRESS =     0.0
 Etot   =       192.9715  EKtot   =       581.3429  EPtot      =      -388.3714
 BOND   =       238.7261  ANGLE   =       353.4952  DIHED      =       525.1048
 1-4 NB =       172.0411  1-4 EEL =      -356.9385  VDWAALS    =      -304.8397
 EELEC  =     -1015.9602  EHBOND  =         0.0000  RESTRAINT  =         0.0000
 ------------------------------------------------------------------------------


 NSTEP =    17600   TIME(PS) =      17.600  TEMP(K) =   305.69  PRESS =     0.0
 Etot   =       -37.7371  EKtot   =       581.3411  EPtot      =      -619.0782
 BOND   =       244.8713  ANGLE   =       331.4217  DIHED      =       515.8785
 1-4 NB =       175.6829  1-4 EEL =      -331.5191  VDWAALS    =      -323.1653
 EELEC  =     -1232.2483  EHBOND  =         0.0000  RESTRAINT  =         0.0000
 ------------------------------------------------------------------------------


 NSTEP =    17700   TIME(PS) =      17.700  TEMP(K) =   301.14  PRESS =     0.0
 Etot   =      -103.4024  EKtot   =       572.6855  EPtot      =      -676.0878
 BOND   =       247.6875  ANGLE   =       354.1866  DIHED      =       519.2092
 1-4 NB =       157.1351  1-4 EEL =      -340.1788  VDWAALS    =      -316.1132
 EELEC  =     -1298.0143  EHBOND  =         0.0000  RESTRAINT  =         0.0000
 ------------------------------------------------------------------------------


 NSTEP =    17800   TIME(PS) =      17.800  TEMP(K) =   300.19  PRESS =     0.0
 Etot   =       -28.2519  EKtot   =       570.8833  EPtot      =      -599.1352
 BOND   =       232.9562  ANGLE   =       349.7472  DIHED      =       516.7969
 1-4 NB =       172.4495  1-4 EEL =      -347.1566  VDWAALS    =      -315.8670
 EELEC  =     -1208.0614  EHBOND  =         0.0000  RESTRAINT  =         0.0000
 ------------------------------------------------------------------------------


 NSTEP =    17900   TIME(PS) =      17.900  TEMP(K) =   312.40  PRESS =     0.0
 Etot   =       214.9378  EKtot   =       594.1114  EPtot      =      -379.1736
 BOND   =       236.0069  ANGLE   =       355.9608  DIHED      =       507.9618
 1-4 NB =       169.4687  1-4 EEL =      -344.9090  VDWAALS    =      -319.5639
 EELEC  =      -984.0988  EHBOND  =         0.0000  RESTRAINT  =         0.0000
 ------------------------------------------------------------------------------

| RE_POSITION Moving by   0.546605 -0.203860  0.165391

 NSTEP =    18000   TIME(PS) =      18.000  TEMP(K) =   305.50  PRESS =     0.0
 Etot   =       264.7183  EKtot   =       580.9842  EPtot      =      -316.2659
 BOND   =       253.1501  ANGLE   =       344.9907  DIHED      =       512.0729
 1-4 NB =       161.2329  1-4 EEL =      -345.0716  VDWAALS    =      -308.5375
 EELEC  =      -934.1034  EHBOND  =         0.0000  RESTRAINT  =         0.0000
 ------------------------------------------------------------------------------


 NSTEP =    18100   TIME(PS) =      18.100  TEMP(K) =   299.21  PRESS =     0.0
 Etot   =       264.8354  EKtot   =       569.0258  EPtot      =      -304.1904
 BOND   =       229.5911  ANGLE   =       364.7892  DIHED      =       518.0316
 1-4 NB =       172.4296  1-4 EEL =      -348.9009  VDWAALS    =      -313.3365
 EELEC  =      -926.7945  EHBOND  =         0.0000  RESTRAINT  =         0.0000
 ------------------------------------------------------------------------------


 NSTEP =    18200   TIME(PS) =      18.200  TEMP(K) =   305.68  PRESS =     0.0
 Etot   =       625.7764  EKtot   =       581.3217  EPtot      =        44.4548
 BOND   =       247.2925  ANGLE   =       337.6123  DIHED      =       522.9421
 1-4 NB =       166.2611  1-4 EEL =      -343.6787  VDWAALS    =      -308.7081
 EELEC  =      -577.2665  EHBOND  =         0.0000  RESTRAINT  =         0.0000
 ------------------------------------------------------------------------------


 NSTEP =    18300   TIME(PS) =      18.300  TEMP(K) =   295.34  PRESS =     0.0
 Etot   =       385.8295  EKtot   =       561.6610  EPtot      =      -175.8315
 BOND   =       242.3738  ANGLE   =       367.0616  DIHED      =       510.3897
 1-4 NB =       166.4787  1-4 EEL =      -345.4176  VDWAALS    =      -315.9178
 EELEC  =      -800.7999  EHBOND  =         0.0000  RESTRAINT  =         0.0000
 ------------------------------------------------------------------------------


 NSTEP =    18400   TIME(PS) =      18.400  TEMP(K) =   308.69  PRESS =     0.0
 Etot   =       315.5020  EKtot   =       587.0401  EPtot      =      -271.5381
 BOND   =       246.0749  ANGLE   =       337.1402  DIHED      =       519.7260
 1-4 NB =       163.5481  1-4 EEL =      -359.5327  VDWAALS    =      -317.8925
 EELEC  =      -860.6020  EHBOND  =         0.0000  RESTRAINT  =         0.0000
 ------------------------------------------------------------------------------


 NSTEP =    18500   TIME(PS) =      18.500  TEMP(K) =   297.01  PRESS =     0.0
 Etot   =       106.1468  EKtot   =       564.8454  EPtot      =      -458.6986
 BOND   =       259.8780  ANGLE   =       340.8088  DIHED      =       518.7253
 1-4 NB =       170.6121  1-4 EEL =      -330.5908  VDWAALS    =      -314.5987
 EELEC  =     -1103.5334  EHBOND  =         0.0000  RESTRAINT  =         0.0000
 ------------------------------------------------------------------------------


 NSTEP =    18600   TIME(PS) =      18.600  TEMP(K) =   305.67  PRESS =     0.0
 Etot   =       436.9790  EKtot   =       581.3077  EPtot      =      -144.3286
 BOND   =       239.2414  ANGLE   =       353.1867  DIHED      =       518.0495
 1-4 NB =       165.6836  1-4 EEL =      -334.2510  VDWAALS    =      -321.0202
 EELEC  =      -765.2185  EHBOND  =         0.0000  RESTRAINT  =         0.0000
 ------------------------------------------------------------------------------


 NSTEP =    18700   TIME(PS) =      18.700  TEMP(K) =   297.89  PRESS =     0.0
 Etot   =       -48.9876  EKtot   =       566.5089  EPtot      =      -615.4966
 BOND   =       259.5897  ANGLE   =       330.8571  DIHED      =       520.6527
 1-4 NB =       158.9903  1-4 EEL =      -341.2158  VDWAALS    =      -327.0367
 EELEC  =     -1217.3338  EHBOND  =         0.0000  RESTRAINT  =         0.0000
 ------------------------------------------------------------------------------


 NSTEP =    18800   TIME(PS) =      18.800  TEMP(K) =   297.50  PRESS =     0.0
 Etot   =       193.8591  EKtot   =       565.7595  EPtot      =      -371.9004
 BOND   =       223.4328  ANGLE   =       335.6175  DIHED      =       532.6245
 1-4 NB =       169.8574  1-4 EEL =      -317.7972  VDWAALS    =      -322.5967
 EELEC  =      -993.0387  EHBOND  =         0.0000  RESTRAINT  =         0.0000
 ------------------------------------------------------------------------------


 NSTEP =    18900   TIME(PS) =      18.900  TEMP(K) =   297.87  PRESS =     0.0
 Etot   =       179.7594  EKtot   =       566.4797  EPtot      =      -386.7203
 BOND   =       245.4040  ANGLE   =       342.9217  DIHED      =       521.6780
 1-4 NB =       162.6363  1-4 EEL =      -349.8486  VDWAALS    =      -336.2662
 EELEC  =      -973.2456  EHBOND  =         0.0000  RESTRAINT  =         0.0000
 ------------------------------------------------------------------------------

| RE_POSITION Moving by  -0.081734 -0.551862  0.442118

 NSTEP =    19000   TIME(PS) =      19.000  TEMP(K) =   294.24  PRESS =     0.0
 Etot   =       154.6671  EKtot   =       559.5684  EPtot      =      -404.9012
 BOND   =       234.5824  ANGLE   =       346.9588  DIHED      =       517.6555
 1-4 NB =       173.7481  1-4 EEL =      -341.8608  VDWAALS    =      -321.0700
 EELEC  =     -1014.9152  EHBOND  =         0.0000  RESTRAINT  =         0.0000
 ------------------------------------------------------------------------------


 NSTEP =    19100   TIME(PS) =      19.100  TEMP(K) =   293.65  PRESS =     0.0
 Etot   =       128.6195  EKtot   =       558.4450  EPtot      =      -429.8254
 BOND   =       242.4442  ANGLE   =       353.4948  DIHED      =       523.9437
 1-4 NB =       159.1137  1-4 EEL =      -360.1116  VDWAALS    =      -307.2662
 EELEC  =     -1041.4440  EHBOND  =         0.0000  RESTRAINT  =         0.0000
 ------------------------------------------------------------------------------


 NSTEP =    19200   TIME(PS) =      19.200  TEMP(K) =   314.07  PRESS =     0.0
 Etot   =       -20.0513  EKtot   =       597.2860  EPtot      =      -617.3373
 BOND   =       230.2139  ANGLE   =       320.8754  DIHED      =       523.4380
 1-4 NB =       169.3746  1-4 EEL =      -338.4110  VDWAALS    =      -320.9048
 EELEC  =     -1201.9233  EHBOND  =         0.0000  RESTRAINT  =         0.0000
 ------------------------------------------------------------------------------


 NSTEP =    19300   TIME(PS) =      19.300  TEMP(K) =   301.06  PRESS =     0.0
 Etot   =      -137.8490  EKtot   =       572.5377  EPtot      =      -710.3867
 BOND   =       224.6723  ANGLE   =       345.4048  DIHED      =       510.6234
 1-4 NB =       171.4266  1-4 EEL =      -330.2920  VDWAALS    =      -320.1966
 EELEC  =     -1312.0253  EHBOND  =         0.0000  RESTRAINT  =         0.0000
 ------------------------------------------------------------------------------


 NSTEP =    19400   TIME(PS) =      19.400  TEMP(K) =   302.77  PRESS =     0.0
 Etot   =        86.8599  EKtot   =       575.7915  EPtot      =      -488.9316
 BOND   =       239.4556  ANGLE   =       331.1128  DIHED      =       520.3041
 1-4 NB =       167.2710  1-4 EEL =      -316.2024  VDWAALS    =      -309.4953
 EELEC  =     -1121.3774  EHBOND  =         0.0000  RESTRAINT  =         0.0000
 ------------------------------------------------------------------------------


 NSTEP =    19500   TIME(PS) =      19.500  TEMP(K) =   290.23  PRESS =     0.0
 Etot   =        21.4358  EKtot   =       551.9504  EPtot      =      -530.5146
 BOND   =       217.8327  ANGLE   =       362.6306  DIHED      =       527.2625
 1-4 NB =       161.8263  1-4 EEL =      -337.8039  VDWAALS    =      -317.2220
 EELEC  =     -1145.0408  EHBOND  =         0.0000  RESTRAINT  =         0.0000
 ------------------------------------------------------------------------------


 NSTEP =    19600   TIME(PS) =      19.600  TEMP(K) =   298.47  PRESS =     0.0
 Etot   =       -63.7931  EKtot   =       567.6155  EPtot      =      -631.4086
 BOND   =       222.2994  ANGLE   =       350.6177  DIHED      =       512.3741
 1-4 NB =       157.0907  1-4 EEL =      -339.8301  VDWAALS    =      -316.0527
 EELEC  =     -1217.9078  EHBOND  =         0.0000  RESTRAINT  =         0.0000
 ------------------------------------------------------------------------------


 NSTEP =    19700   TIME(PS) =      19.700  TEMP(K) =   291.33  PRESS =     0.0
 Etot   =       239.6545  EKtot   =       554.0359  EPtot      =      -314.3814
 BOND   =       228.2592  ANGLE   =       307.3411  DIHED      =       536.4533
 1-4 NB =       175.9921  1-4 EEL =      -313.8601  VDWAALS    =      -310.2711
 EELEC  =      -938.2957  EHBOND  =         0.0000  RESTRAINT  =         0.0000
 ------------------------------------------------------------------------------


 NSTEP =    19800   TIME(PS) =      19.800  TEMP(K) =   293.41  PRESS =     0.0
 Etot   =       -20.7931  EKtot   =       557.9976  EPtot      =      -578.7907
 BOND   =       212.0503  ANGLE   =       344.9257  DIHED      =       529.6085
 1-4 NB =       169.0653  1-4 EEL =      -328.3289  VDWAALS    =      -316.0329
 EELEC  =     -1190.0787  EHBOND  =         0.0000  RESTRAINT  =         0.0000
 ------------------------------------------------------------------------------


 NSTEP =    19900   TIME(PS) =      19.900  TEMP(K) =   293.20  PRESS =     0.0
 Etot   =       -93.6718  EKtot   =       557.5985  EPtot      =      -651.2703
 BOND   =       232.1768  ANGLE   =       337.0141  DIHED      =       512.9362
 1-4 NB =       157.0925  1-4 EEL =      -319.4052  VDWAALS    =      -324.2630
 EELEC  =     -1246.8216  EHBOND  =         0.0000  RESTRAINT  =         0.0000
 ------------------------------------------------------------------------------

| RE_POSITION Moving by  -0.176094 -0.024181 -0.156348

 NSTEP =    20000   TIME(PS) =      20.000  TEMP(K) =   290.97  PRESS =     0.0
 Etot   =       114.5840  EKtot   =       553.3425  EPtot      =      -438.7585
 BOND   =       239.7550  ANGLE   =       332.0940  DIHED      =       510.5380
 1-4 NB =       167.7388  1-4 EEL =      -343.6166  VDWAALS    =      -315.8426
 EELEC  =     -1029.4252  EHBOND  =         0.0000  RESTRAINT  =         0.0000
 ------------------------------------------------------------------------------


 NSTEP =    20100   TIME(PS) =      20.100  TEMP(K) =   301.59  PRESS =     0.0
 Etot   =       240.0997  EKtot   =       573.5515  EPtot      =      -333.4518
 BOND   =       213.0239  ANGLE   =       321.6892  DIHED      =       508.8866
 1-4 NB =       158.1157  1-4 EEL =      -307.8761  VDWAALS    =      -314.9285
 EELEC  =      -912.3625  EHBOND  =         0.0000  RESTRAINT  =         0.0000
 ------------------------------------------------------------------------------


 NSTEP =    20200   TIME(PS) =      20.200  TEMP(K) =   289.66  PRESS =     0.0
 Etot   =       212.4585  EKtot   =       550.8557  EPtot      =      -338.3972
 BOND   =       221.9393  ANGLE   =       338.2300  DIHED      =       512.5199
 1-4 NB =       160.8755  1-4 EEL =      -332.7299  VDWAALS    =      -328.6076
 EELEC  =      -910.6244  EHBOND  =         0.0000  RESTRAINT  =         0.0000
 ------------------------------------------------------------------------------


 NSTEP =    20300   TIME(PS) =      20.300  TEMP(K) =   288.06  PRESS =     0.0
 Etot   =       164.5283  EKtot   =       547.8176  EPtot      =      -383.2893
 BOND   =       215.6564  ANGLE   =       346.4687  DIHED      =       515.7514
 1-4 NB =       171.9452  1-4 EEL =      -330.1486  VDWAALS    =      -321.2053
 EELEC  =      -981.7571  EHBOND  =         0.0000  RESTRAINT  =         0.0000
 ------------------------------------------------------------------------------


 NSTEP =    20400   TIME(PS) =      20.400  TEMP(K) =   301.36  PRESS =     0.0
 Etot   =        81.1727  EKtot   =       573.1082  EPtot      =      -491.9355
 BOND   =       215.1965  ANGLE   =       304.9272  DIHED      =       523.5508
 1-4 NB =       161.1851  1-4 EEL =      -315.0620  VDWAALS    =      -308.4841
 EELEC  =     -1073.2490  EHBOND  =         0.0000  RESTRAINT  =         0.0000
 ------------------------------------------------------------------------------


 NSTEP =    20500   TIME(PS) =      20.500  TEMP(K) =   293.60  PRESS =     0.0
 Etot   =      -292.5371  EKtot   =       558.3502  EPtot      =      -850.8873
 BOND   =       219.9661  ANGLE   =       344.8624  DIHED      =       515.5477
 1-4 NB =       167.1480  1-4 EEL =      -333.6818  VDWAALS    =      -317.8121
 EELEC  =     -1446.9177  EHBOND  =         0.0000  RESTRAINT  =         0.0000
 ------------------------------------------------------------------------------


 NSTEP =    20600   TIME(PS) =      20.600  TEMP(K) =   293.04  PRESS =     0.0
 Etot   =        21.1200  EKtot   =       557.2853  EPtot      =      -536.1654
 BOND   =       188.1836  ANGLE   =       350.6343  DIHED      =       515.0707
 1-4 NB =       167.1958  1-4 EEL =      -316.2076  VDWAALS    =      -321.2074
 EELEC  =     -1119.8347  EHBOND  =         0.0000  RESTRAINT  =         0.0000
 ------------------------------------------------------------------------------


 NSTEP =    20700   TIME(PS) =      20.700  TEMP(K) =   296.60  PRESS =     0.0
 Etot   =       380.1680  EKtot   =       564.0495  EPtot      =      -183.8815
 BOND   =       215.5853  ANGLE   =       324.9825  DIHED      =       526.9545
 1-4 NB =       168.1765  1-4 EEL =      -323.2632  VDWAALS    =      -320.0067
 EELEC  =      -776.3103  EHBOND  =         0.0000  RESTRAINT  =         0.0000
 ------------------------------------------------------------------------------


 NSTEP =    20800   TIME(PS) =      20.800  TEMP(K) =   281.75  PRESS =     0.0
 Etot   =       141.6072  EKtot   =       535.8101  EPtot      =      -394.2029
 BOND   =       221.9363  ANGLE   =       353.8507  DIHED      =       528.0469
 1-4 NB =       164.2687  1-4 EEL =      -320.4280  VDWAALS    =      -321.9380
 EELEC  =     -1019.9394  EHBOND  =         0.0000  RESTRAINT  =         0.0000
 ------------------------------------------------------------------------------


 NSTEP =    20900   TIME(PS) =      20.900  TEMP(K) =   296.22  PRESS =     0.0
 Etot   =      -437.4098  EKtot   =       563.3312  EPtot      =     -1000.7410
 BOND   =       223.9344  ANGLE   =       346.8125  DIHED      =       509.0366
 1-4 NB =       164.3602  1-4 EEL =      -351.5378  VDWAALS    =      -320.3843
 EELEC  =     -1572.9626  EHBOND  =         0.0000  RESTRAINT  =         0.0000
 ------------------------------------------------------------------------------

| RE_POSITION Moving by  -0.209729  0.130696 -0.859415

 NSTEP =    21000   TIME(PS) =      21.000  TEMP(K) =   297.59  PRESS =     0.0
 Etot   =       379.0889  EKtot   =       565.9372  EPtot      =      -186.8483
 BOND   =       228.4061  ANGLE   =       364.2755  DIHED      =       520.3494
 1-4 NB =       171.1952  1-4 EEL =      -347.8915  VDWAALS    =      -314.8447
 EELEC  =      -808.3382  EHBOND  =         0.0000  RESTRAINT  =         0.0000
 ------------------------------------------------------------------------------


 NSTEP =    21100   TIME(PS) =      21.100  TEMP(K) =   307.62  PRESS =     0.0
 Etot   =      -214.6776  EKtot   =       585.0077  EPtot      =      -799.6853
 BOND   =       225.5517  ANGLE   =       342.0213  DIHED      =       522.3662
 1-4 NB =       173.0539  1-4 EEL =      -310.2931  VDWAALS    =      -309.8199
 EELEC  =     -1442.5655  EHBOND  =         0.0000  RESTRAINT  =         0.0000
 ------------------------------------------------------------------------------


 NSTEP =    21200   TIME(PS) =      21.200  TEMP(K) =   314.64  PRESS =     0.0
 Etot   =      -137.7930  EKtot   =       598.3610  EPtot      =      -736.1539
 BOND   =       246.7549  ANGLE   =       327.5450  DIHED      =       525.8130
 1-4 NB =       159.1642  1-4 EEL =      -340.3092  VDWAALS    =      -324.3098
 EELEC  =     -1330.8120  EHBOND  =         0.0000  RESTRAINT  =         0.0000
 ------------------------------------------------------------------------------


 NSTEP =    21300   TIME(PS) =      21.300  TEMP(K) =   299.71  PRESS =     0.0
 Etot   =        56.1728  EKtot   =       569.9713  EPtot      =      -513.7984
 BOND   =       222.9529  ANGLE   =       326.4997  DIHED      =       522.4597
 1-4 NB =       172.9487  1-4 EEL =      -311.3899  VDWAALS    =      -321.9191
 EELEC  =     -1125.3506  EHBOND  =         0.0000  RESTRAINT  =         0.0000
 ------------------------------------------------------------------------------


 NSTEP =    21400   TIME(PS) =      21.400  TEMP(K) =   304.96  PRESS =     0.0
 Etot   =      -157.4281  EKtot   =       579.9525  EPtot      =      -737.3806
 BOND   =       222.0590  ANGLE   =       340.4097  DIHED      =       533.6483
 1-4 NB =       162.8248  1-4 EEL =      -333.5102  VDWAALS    =      -321.7758
 EELEC  =     -1341.0365  EHBOND  =         0.0000  RESTRAINT  =         0.0000
 ------------------------------------------------------------------------------


 NSTEP =    21500   TIME(PS) =      21.500  TEMP(K) =   301.42  PRESS =     0.0
 Etot   =       175.0606  EKtot   =       573.2309  EPtot      =      -398.1703
 BOND   =       232.0803  ANGLE   =       345.0979  DIHED      =       525.2439
 1-4 NB =       165.8995  1-4 EEL =      -333.4911  VDWAALS    =      -316.1730
 EELEC  =     -1016.8278  EHBOND  =         0.0000  RESTRAINT  =         0.0000
 ------------------------------------------------------------------------------


 NSTEP =    21600   TIME(PS) =      21.600  TEMP(K) =   308.64  PRESS =     0.0
 Etot   =        12.6693  EKtot   =       586.9518  EPtot      =      -574.2825
 BOND   =       212.9959  ANGLE   =       351.7902  DIHED      =       517.6328
 1-4 NB =       163.7905  1-4 EEL =      -317.7291  VDWAALS    =      -318.9055
 EELEC  =     -1183.8574  EHBOND  =         0.0000  RESTRAINT  =         0.0000
 ------------------------------------------------------------------------------


 NSTEP =    21700   TIME(PS) =      21.700  TEMP(K) =   311.96  PRESS =     0.0
 Etot   =      -207.0758  EKtot   =       593.2670  EPtot      =      -800.3428
 BOND   =       224.0320  ANGLE   =       313.4383  DIHED      =       526.8071
 1-4 NB =       173.5911  1-4 EEL =      -322.8824  VDWAALS    =      -319.5565
 EELEC  =     -1395.7724  EHBOND  =         0.0000  RESTRAINT  =         0.0000
 ------------------------------------------------------------------------------


 NSTEP =    21800   TIME(PS) =      21.800  TEMP(K) =   306.82  PRESS =     0.0
 Etot   =      -187.6919  EKtot   =       583.4870  EPtot      =      -771.1789
 BOND   =       229.1571  ANGLE   =       322.5474  DIHED      =       509.6544
 1-4 NB =       165.7952  1-4 EEL =      -327.4473  VDWAALS    =      -311.7785
 EELEC  =     -1359.1071  EHBOND  =         0.0000  RESTRAINT  =         0.0000
 ------------------------------------------------------------------------------


 NSTEP =    21900   TIME(PS) =      21.900  TEMP(K) =   308.42  PRESS =     0.0
 Etot   =       -25.4225  EKtot   =       586.5428  EPtot      =      -611.9653
 BOND   =       237.0416  ANGLE   =       337.4639  DIHED      =       512.1076
 1-4 NB =       166.6674  1-4 EEL =      -333.3822  VDWAALS    =      -296.5608
 EELEC  =     -1235.3028  EHBOND  =         0.0000  RESTRAINT  =         0.0000
 ------------------------------------------------------------------------------

| RE_POSITION Moving by   0.246569 -0.247141 -0.740678

 NSTEP =    22000   TIME(PS) =      22.000  TEMP(K) =   312.36  PRESS =     0.0
 Etot   =      -320.0178  EKtot   =       594.0262  EPtot      =      -914.0440
 BOND   =       219.7320  ANGLE   =       329.3267  DIHED      =       519.9691
 1-4 NB =       180.5563  1-4 EEL =      -333.8092  VDWAALS    =      -319.3643
 EELEC  =     -1510.4548  EHBOND  =         0.0000  RESTRAINT  =         0.0000
 ------------------------------------------------------------------------------


 NSTEP =    22100   TIME(PS) =      22.100  TEMP(K) =   306.17  PRESS =     0.0
 Etot   =       180.8037  EKtot   =       582.2507  EPtot      =      -401.4470
 BOND   =       238.4332  ANGLE   =       324.1275  DIHED      =       517.6077
 1-4 NB =       167.2287  1-4 EEL =      -332.9780  VDWAALS    =      -311.7915
 EELEC  =     -1004.0748  EHBOND  =         0.0000  RESTRAINT  =         0.0000
 ------------------------------------------------------------------------------


 NSTEP =    22200   TIME(PS) =      22.200  TEMP(K) =   306.40  PRESS =     0.0
 Etot   =       -39.9334  EKtot   =       582.6877  EPtot      =      -622.6212
 BOND   =       238.8907  ANGLE   =       351.2329  DIHED      =       507.0799
 1-4 NB =       171.4531  1-4 EEL =      -346.8172  VDWAALS    =      -309.0048
 EELEC  =     -1235.4558  EHBOND  =         0.0000  RESTRAINT  =         0.0000
 ------------------------------------------------------------------------------


 NSTEP =    22300   TIME(PS) =      22.300  TEMP(K) =   294.98  PRESS =     0.0
 Etot   =       -48.4077  EKtot   =       560.9769  EPtot      =      -609.3846
 BOND   =       222.0912  ANGLE   =       352.3940  DIHED      =       513.1545
 1-4 NB =       170.5911  1-4 EEL =      -320.6731  VDWAALS    =      -318.8081
 EELEC  =     -1228.1343  EHBOND  =         0.0000  RESTRAINT  =         0.0000
 ------------------------------------------------------------------------------


 NSTEP =    22400   TIME(PS) =      22.400  TEMP(K) =   299.05  PRESS =     0.0
 Etot   =      -114.3928  EKtot   =       568.7112  EPtot      =      -683.1040
 BOND   =       232.6978  ANGLE   =       338.0210  DIHED      =       514.3939
 1-4 NB =       164.3959  1-4 EEL =      -349.9924  VDWAALS    =      -311.7154
 EELEC  =     -1270.9049  EHBOND  =         0.0000  RESTRAINT  =         0.0000
 ------------------------------------------------------------------------------


 NSTEP =    22500   TIME(PS) =      22.500  TEMP(K) =   299.48  PRESS =     0.0
 Etot   =       -19.5310  EKtot   =       569.5401  EPtot      =      -589.0711
 BOND   =       221.4598  ANGLE   =       335.0688  DIHED      =       505.5260
 1-4 NB =       165.7728  1-4 EEL =      -338.1648  VDWAALS    =      -314.4193
 EELEC  =     -1164.3145  EHBOND  =         0.0000  RESTRAINT  =         0.0000
 ------------------------------------------------------------------------------


 NSTEP =    22600   TIME(PS) =      22.600  TEMP(K) =   279.34  PRESS =     0.0
 Etot   =       302.4941  EKtot   =       531.2307  EPtot      =      -228.7366
 BOND   =       236.6528  ANGLE   =       349.7417  DIHED      =       524.1231
 1-4 NB =       164.4570  1-4 EEL =      -351.6848  VDWAALS    =      -311.1487
 EELEC  =      -840.8777  EHBOND  =         0.0000  RESTRAINT  =         0.0000
 ------------------------------------------------------------------------------


 NSTEP =    22700   TIME(PS) =      22.700  TEMP(K) =   295.66  PRESS =     0.0
 Etot   =       253.5984  EKtot   =       562.2600  EPtot      =      -308.6616
 BOND   =       219.6586  ANGLE   =       336.2053  DIHED      =       519.8536
 1-4 NB =       168.5149  1-4 EEL =      -342.9435  VDWAALS    =      -321.0181
 EELEC  =      -888.9325  EHBOND  =         0.0000  RESTRAINT  =         0.0000
 ------------------------------------------------------------------------------


 NSTEP =    22800   TIME(PS) =      22.800  TEMP(K) =   298.09  PRESS =     0.0
 Etot   =        70.5454  EKtot   =       566.8939  EPtot      =      -496.3485
 BOND   =       242.5418  ANGLE   =       332.7519  DIHED      =       517.4758
 1-4 NB =       157.6563  1-4 EEL =      -342.5814  VDWAALS    =      -318.7764
 EELEC  =     -1085.4167  EHBOND  =         0.0000  RESTRAINT  =         0.0000
 ------------------------------------------------------------------------------


 NSTEP =    22900   TIME(PS) =      22.900  TEMP(K) =   298.13  PRESS =     0.0
 Etot   =        44.5797  EKtot   =       566.9573  EPtot      =      -522.3776
 BOND   =       227.9518  ANGLE   =       343.5456  DIHED      =       519.9487
 1-4 NB =       164.3380  1-4 EEL =      -327.6690  VDWAALS    =      -326.3444
 EELEC  =     -1124.1483  EHBOND  =         0.0000  RESTRAINT  =         0.0000
 ------------------------------------------------------------------------------

| RE_POSITION Moving by   0.002933  0.530308  0.637967

 NSTEP =    23000   TIME(PS) =      23.000  TEMP(K) =   301.40  PRESS =     0.0
 Etot   =       297.1665  EKtot   =       573.1889  EPtot      =      -276.0224
 BOND   =       195.3114  ANGLE   =       332.0534  DIHED      =       522.5816
 1-4 NB =       165.2643  1-4 EEL =      -320.5545  VDWAALS    =      -314.2607
 EELEC  =      -856.4180  EHBOND  =         0.0000  RESTRAINT  =         0.0000
 ------------------------------------------------------------------------------


 NSTEP =    23100   TIME(PS) =      23.100  TEMP(K) =   302.33  PRESS =     0.0
 Etot   =       131.9935  EKtot   =       574.9485  EPtot      =      -442.9550
 BOND   =       227.1134  ANGLE   =       334.7095  DIHED      =       527.8771
 1-4 NB =       162.8007  1-4 EEL =      -354.9074  VDWAALS    =      -320.2210
 EELEC  =     -1020.3273  EHBOND  =         0.0000  RESTRAINT  =         0.0000
 ------------------------------------------------------------------------------


 NSTEP =    23200   TIME(PS) =      23.200  TEMP(K) =   290.94  PRESS =     0.0
 Etot   =       -11.8047  EKtot   =       553.2895  EPtot      =      -565.0942
 BOND   =       227.6174  ANGLE   =       334.0767  DIHED      =       527.2550
 1-4 NB =       162.1465  1-4 EEL =      -326.7472  VDWAALS    =      -315.5188
 EELEC  =     -1173.9239  EHBOND  =         0.0000  RESTRAINT  =         0.0000
 ------------------------------------------------------------------------------


 NSTEP =    23300   TIME(PS) =      23.300  TEMP(K) =   293.84  PRESS =     0.0
 Etot   =       -63.3012  EKtot   =       558.8127  EPtot      =      -622.1139
 BOND   =       229.7014  ANGLE   =       337.0831  DIHED      =       528.4304
 1-4 NB =       167.2181  1-4 EEL =      -337.2287  VDWAALS    =      -305.5219
 EELEC  =     -1241.7963  EHBOND  =         0.0000  RESTRAINT  =         0.0000
 ------------------------------------------------------------------------------


 NSTEP =    23400   TIME(PS) =      23.400  TEMP(K) =   286.69  PRESS =     0.0
 Etot   =      -212.6656  EKtot   =       545.2032  EPtot      =      -757.8688
 BOND   =       230.0220  ANGLE   =       340.8889  DIHED      =       517.9396
 1-4 NB =       167.0783  1-4 EEL =      -331.8199  VDWAALS    =      -312.7656
 EELEC  =     -1369.2120  EHBOND  =         0.0000  RESTRAINT  =         0.0000
 ------------------------------------------------------------------------------


 NSTEP =    23500   TIME(PS) =      23.500  TEMP(K) =   300.75  PRESS =     0.0
 Etot   =      -420.0878  EKtot   =       571.9418  EPtot      =      -992.0297
 BOND   =       216.5508  ANGLE   =       351.2836  DIHED      =       510.1442
 1-4 NB =       172.4166  1-4 EEL =      -343.3613  VDWAALS    =      -318.5847
 EELEC  =     -1580.4788  EHBOND  =         0.0000  RESTRAINT  =         0.0000
 ------------------------------------------------------------------------------


 NSTEP =    23600   TIME(PS) =      23.600  TEMP(K) =   295.21  PRESS =     0.0
 Etot   =       152.7729  EKtot   =       561.4124  EPtot      =      -408.6395
 BOND   =       220.7138  ANGLE   =       331.5989  DIHED      =       525.2197
 1-4 NB =       166.0593  1-4 EEL =      -319.4263  VDWAALS    =      -316.5835
 EELEC  =     -1016.2213  EHBOND  =         0.0000  RESTRAINT  =         0.0000
 ------------------------------------------------------------------------------


 NSTEP =    23700   TIME(PS) =      23.700  TEMP(K) =   284.45  PRESS =     0.0
 Etot   =       -74.8774  EKtot   =       540.9599  EPtot      =      -615.8373
 BOND   =       228.9261  ANGLE   =       331.3554  DIHED      =       513.8722
 1-4 NB =       161.5012  1-4 EEL =      -316.7435  VDWAALS    =      -306.6168
 EELEC  =     -1228.1319  EHBOND  =         0.0000  RESTRAINT  =         0.0000
 ------------------------------------------------------------------------------


 NSTEP =    23800   TIME(PS) =      23.800  TEMP(K) =   296.21  PRESS =     0.0
 Etot   =      -534.5809  EKtot   =       563.3076  EPtot      =     -1097.8885
 BOND   =       210.0840  ANGLE   =       307.5092  DIHED      =       509.7827
 1-4 NB =       173.6500  1-4 EEL =      -331.0010  VDWAALS    =      -311.3057
 EELEC  =     -1656.6078  EHBOND  =         0.0000  RESTRAINT  =         0.0000
 ------------------------------------------------------------------------------


 NSTEP =    23900   TIME(PS) =      23.900  TEMP(K) =   279.68  PRESS =     0.0
 Etot   =       -46.1037  EKtot   =       531.8715  EPtot      =      -577.9752
 BOND   =       221.3950  ANGLE   =       322.9701  DIHED      =       507.7137
 1-4 NB =       169.2795  1-4 EEL =      -325.4174  VDWAALS    =      -299.9618
 EELEC  =     -1173.9542  EHBOND  =         0.0000  RESTRAINT  =         0.0000
 ------------------------------------------------------------------------------

| RE_POSITION Moving by   0.501385 -0.370790  0.118230

 NSTEP =    24000   TIME(PS) =      24.000  TEMP(K) =   287.22  PRESS =     0.0
 Etot   =         3.4618  EKtot   =       546.2178  EPtot      =      -542.7560
 BOND   =       220.0954  ANGLE   =       322.3080  DIHED      =       511.8546
 1-4 NB =       165.0962  1-4 EEL =      -334.1274  VDWAALS    =      -318.5349
 EELEC  =     -1109.4479  EHBOND  =         0.0000  RESTRAINT  =         0.0000
 ------------------------------------------------------------------------------


 NSTEP =    24100   TIME(PS) =      24.100  TEMP(K) =   275.71  PRESS =     0.0
 Etot   =      -106.3185  EKtot   =       524.3237  EPtot      =      -630.6422
 BOND   =       214.2806  ANGLE   =       339.1285  DIHED      =       515.7550
 1-4 NB =       174.0319  1-4 EEL =      -314.7231  VDWAALS    =      -312.2688
 EELEC  =     -1246.8463  EHBOND  =         0.0000  RESTRAINT  =         0.0000
 ------------------------------------------------------------------------------


 NSTEP =    24200   TIME(PS) =      24.200  TEMP(K) =   297.44  PRESS =     0.0
 Etot   =      -265.2233  EKtot   =       565.6609  EPtot      =      -830.8842
 BOND   =       215.0718  ANGLE   =       308.6889  DIHED      =       513.3685
 1-4 NB =       163.4901  1-4 EEL =      -333.1556  VDWAALS    =      -324.5503
 EELEC  =     -1373.7976  EHBOND  =         0.0000  RESTRAINT  =         0.0000
 ------------------------------------------------------------------------------


 NSTEP =    24300   TIME(PS) =      24.300  TEMP(K) =   287.29  PRESS =     0.0
 Etot   =       353.0307  EKtot   =       546.3448  EPtot      =      -193.3140
 BOND   =       218.5729  ANGLE   =       307.5316  DIHED      =       519.6788
 1-4 NB =       164.1210  1-4 EEL =      -332.6778  VDWAALS    =      -319.5747
 EELEC  =      -750.9657  EHBOND  =         0.0000  RESTRAINT  =         0.0000
 ------------------------------------------------------------------------------


 NSTEP =    24400   TIME(PS) =      24.400  TEMP(K) =   285.35  PRESS =     0.0
 Etot   =        34.4184  EKtot   =       542.6573  EPtot      =      -508.2389
 BOND   =       226.9284  ANGLE   =       329.0493  DIHED      =       518.3780
 1-4 NB =       175.6226  1-4 EEL =      -336.2928  VDWAALS    =      -310.5066
 EELEC  =     -1111.4179  EHBOND  =         0.0000  RESTRAINT  =         0.0000
 ------------------------------------------------------------------------------


 NSTEP =    24500   TIME(PS) =      24.500  TEMP(K) =   284.12  PRESS =     0.0
 Etot   =        84.8804  EKtot   =       540.3219  EPtot      =      -455.4415
 BOND   =       233.7563  ANGLE   =       327.0204  DIHED      =       533.2794
 1-4 NB =       160.3262  1-4 EEL =      -324.1254  VDWAALS    =      -312.1592
 EELEC  =     -1073.5392  EHBOND  =         0.0000  RESTRAINT  =         0.0000
 ------------------------------------------------------------------------------


 NSTEP =    24600   TIME(PS) =      24.600  TEMP(K) =   302.90  PRESS =     0.0
 Etot   =        35.0938  EKtot   =       576.0324  EPtot      =      -540.9387
 BOND   =       226.4623  ANGLE   =       327.1959  DIHED      =       505.7761
 1-4 NB =       162.7062  1-4 EEL =      -314.2599  VDWAALS    =      -306.9826
 EELEC  =     -1141.8368  EHBOND  =         0.0000  RESTRAINT  =         0.0000
 ------------------------------------------------------------------------------


 NSTEP =    24700   TIME(PS) =      24.700  TEMP(K) =   292.24  PRESS =     0.0
 Etot   =       210.9511  EKtot   =       555.7703  EPtot      =      -344.8192
 BOND   =       219.7834  ANGLE   =       326.2904  DIHED      =       507.5447
 1-4 NB =       172.4060  1-4 EEL =      -307.2159  VDWAALS    =      -316.8948
 EELEC  =      -946.7330  EHBOND  =         0.0000  RESTRAINT  =         0.0000
 ------------------------------------------------------------------------------


 NSTEP =    24800   TIME(PS) =      24.800  TEMP(K) =   294.22  PRESS =     0.0
 Etot   =       114.1509  EKtot   =       559.5237  EPtot      =      -445.3728
 BOND   =       210.8692  ANGLE   =       326.8077  DIHED      =       521.7239
 1-4 NB =       166.8260  1-4 EEL =      -320.8718  VDWAALS    =      -316.8861
 EELEC  =     -1033.8416  EHBOND  =         0.0000  RESTRAINT  =         0.0000
 ------------------------------------------------------------------------------


 NSTEP =    24900   TIME(PS) =      24.900  TEMP(K) =   278.84  PRESS =     0.0
 Etot   =      -185.7623  EKtot   =       530.2744  EPtot      =      -716.0367
 BOND   =       227.8279  ANGLE   =       320.9116  DIHED      =       524.9837
 1-4 NB =       171.7918  1-4 EEL =      -315.8801  VDWAALS    =      -314.2010
 EELEC  =     -1331.4706  EHBOND  =         0.0000  RESTRAINT  =         0.0000
 ------------------------------------------------------------------------------

| RE_POSITION Moving by  -0.476975 -0.089949 -0.185071

 NSTEP =    25000   TIME(PS) =      25.000  TEMP(K) =   294.12  PRESS =     0.0
 Etot   =       170.9519  EKtot   =       559.3327  EPtot      =      -388.3808
 BOND   =       207.0022  ANGLE   =       351.4509  DIHED      =       513.3227
 1-4 NB =       164.3778  1-4 EEL =      -327.2857  VDWAALS    =      -312.8464
 EELEC  =      -984.4023  EHBOND  =         0.0000  RESTRAINT  =         0.0000
 ------------------------------------------------------------------------------


 NSTEP =    25100   TIME(PS) =      25.100  TEMP(K) =   300.63  PRESS =     0.0
 Etot   =        90.8934  EKtot   =       571.7260  EPtot      =      -480.8326
 BOND   =       219.5448  ANGLE   =       330.8234  DIHED      =       521.7680
 1-4 NB =       169.0084  1-4 EEL =      -320.5620  VDWAALS    =      -311.2510
 EELEC  =     -1090.1642  EHBOND  =         0.0000  RESTRAINT  =         0.0000
 ------------------------------------------------------------------------------


 NSTEP =    25200   TIME(PS) =      25.200  TEMP(K) =   305.36  PRESS =     0.0
 Etot   =      -148.3445  EKtot   =       580.7247  EPtot      =      -729.0691
 BOND   =       220.7420  ANGLE   =       340.1310  DIHED      =       514.5560
 1-4 NB =       160.6074  1-4 EEL =      -327.0736  VDWAALS    =      -322.6313
 EELEC  =     -1315.4006  EHBOND  =         0.0000  RESTRAINT  =         0.0000
 ------------------------------------------------------------------------------


 NSTEP =    25300   TIME(PS) =      25.300  TEMP(K) =   307.94  PRESS =     0.0
 Etot   =       456.0467  EKtot   =       585.6187  EPtot      =      -129.5720
 BOND   =       217.2257  ANGLE   =       329.2958  DIHED      =       518.2837
 1-4 NB =       162.9753  1-4 EEL =      -324.8944  VDWAALS    =      -318.4473
 EELEC  =      -714.0108  EHBOND  =         0.0000  RESTRAINT  =         0.0000
 ------------------------------------------------------------------------------


 NSTEP =    25400   TIME(PS) =      25.400  TEMP(K) =   305.45  PRESS =     0.0
 Etot   =       254.4436  EKtot   =       580.8834  EPtot      =      -326.4397
 BOND   =       199.7677  ANGLE   =       329.0248  DIHED      =       516.6048
 1-4 NB =       173.9642  1-4 EEL =      -320.7219  VDWAALS    =      -306.2882
 EELEC  =      -918.7912  EHBOND  =         0.0000  RESTRAINT  =         0.0000
 ------------------------------------------------------------------------------


 NSTEP =    25500   TIME(PS) =      25.500  TEMP(K) =   294.46  PRESS =     0.0
 Etot   =       488.6041  EKtot   =       559.9876  EPtot      =       -71.3834
 BOND   =       229.9428  ANGLE   =       329.5655  DIHED      =       521.9511
 1-4 NB =       166.4939  1-4 EEL =      -321.1427  VDWAALS    =      -316.3239
 EELEC  =      -681.8702  EHBOND  =         0.0000  RESTRAINT  =         0.0000
 ------------------------------------------------------------------------------


 NSTEP =    25600   TIME(PS) =      25.600  TEMP(K) =   305.63  PRESS =     0.0
 Etot   =      -118.8812  EKtot   =       581.2318  EPtot      =      -700.1131
 BOND   =       225.0805  ANGLE   =       353.5168  DIHED      =       524.3244
 1-4 NB =       160.7620  1-4 EEL =      -330.4851  VDWAALS    =      -320.3783
 EELEC  =     -1312.9335  EHBOND  =         0.0000  RESTRAINT  =         0.0000
 ------------------------------------------------------------------------------


 NSTEP =    25700   TIME(PS) =      25.700  TEMP(K) =   302.78  PRESS =     0.0
 Etot   =       107.5093  EKtot   =       575.8012  EPtot      =      -468.2919
 BOND   =       220.8640  ANGLE   =       348.7474  DIHED      =       520.9899
 1-4 NB =       172.6726  1-4 EEL =      -325.5106  VDWAALS    =      -317.3155
 EELEC  =     -1088.7398  EHBOND  =         0.0000  RESTRAINT  =         0.0000
 ------------------------------------------------------------------------------


 NSTEP =    25800   TIME(PS) =      25.800  TEMP(K) =   305.44  PRESS =     0.0
 Etot   =       -42.4674  EKtot   =       580.8661  EPtot      =      -623.3335
 BOND   =       251.8653  ANGLE   =       333.9261  DIHED      =       528.3038
 1-4 NB =       164.3131  1-4 EEL =      -333.0796  VDWAALS    =      -315.1418
 EELEC  =     -1253.5204  EHBOND  =         0.0000  RESTRAINT  =         0.0000
 ------------------------------------------------------------------------------


 NSTEP =    25900   TIME(PS) =      25.900  TEMP(K) =   311.94  PRESS =     0.0
 Etot   =       145.7279  EKtot   =       593.2338  EPtot      =      -447.5059
 BOND   =       241.9480  ANGLE   =       350.3369  DIHED      =       514.1897
 1-4 NB =       162.4673  1-4 EEL =      -339.0346  VDWAALS    =      -318.4224
 EELEC  =     -1058.9908  EHBOND  =         0.0000  RESTRAINT  =         0.0000
 ------------------------------------------------------------------------------

| RE_POSITION Moving by  -0.043215 -0.050153  0.517517

 NSTEP =    26000   TIME(PS) =      26.000  TEMP(K) =   293.32  PRESS =     0.0
 Etot   =      -416.4414  EKtot   =       557.8157  EPtot      =      -974.2571
 BOND   =       243.4945  ANGLE   =       367.8150  DIHED      =       519.7582
 1-4 NB =       169.7447  1-4 EEL =      -307.4735  VDWAALS    =      -301.7252
 EELEC  =     -1665.8709  EHBOND  =         0.0000  RESTRAINT  =         0.0000
 ------------------------------------------------------------------------------


 NSTEP =    26100   TIME(PS) =      26.100  TEMP(K) =   307.14  PRESS =     0.0
 Etot   =      -195.0711  EKtot   =       584.0990  EPtot      =      -779.1701
 BOND   =       244.8240  ANGLE   =       336.4699  DIHED      =       526.6093
 1-4 NB =       163.9894  1-4 EEL =      -326.0744  VDWAALS    =      -320.9192
 EELEC  =     -1404.0692  EHBOND  =         0.0000  RESTRAINT  =         0.0000
 ------------------------------------------------------------------------------


 NSTEP =    26200   TIME(PS) =      26.200  TEMP(K) =   303.97  PRESS =     0.0
 Etot   =        72.9836  EKtot   =       578.0727  EPtot      =      -505.0890
 BOND   =       236.1074  ANGLE   =       330.8217  DIHED      =       511.6716
 1-4 NB =       167.7625  1-4 EEL =      -322.9941  VDWAALS    =      -304.6108
 EELEC  =     -1123.8474  EHBOND  =         0.0000  RESTRAINT  =         0.0000
 ------------------------------------------------------------------------------


 NSTEP =    26300   TIME(PS) =      26.300  TEMP(K) =   298.56  PRESS =     0.0
 Etot   =      -280.2763  EKtot   =       567.7813  EPtot      =      -848.0576
 BOND   =       227.4427  ANGLE   =       343.7325  DIHED      =       517.1230
 1-4 NB =       163.4116  1-4 EEL =      -338.9271  VDWAALS    =      -314.2125
 EELEC  =     -1446.6277  EHBOND  =         0.0000  RESTRAINT  =         0.0000
 ------------------------------------------------------------------------------


 NSTEP =    26400   TIME(PS) =      26.400  TEMP(K) =   305.00  PRESS =     0.0
 Etot   =       456.4602  EKtot   =       580.0289  EPtot      =      -123.5687
 BOND   =       218.9923  ANGLE   =       322.2407  DIHED      =       515.6677
 1-4 NB =       181.2929  1-4 EEL =      -305.0509  VDWAALS    =      -316.7910
 EELEC  =      -739.9204  EHBOND  =         0.0000  RESTRAINT  =         0.0000
 ------------------------------------------------------------------------------


 NSTEP =    26500   TIME(PS) =      26.500  TEMP(K) =   297.44  PRESS =     0.0
 Etot   =       123.9748  EKtot   =       565.6542  EPtot      =      -441.6793
 BOND   =       218.5229  ANGLE   =       350.5203  DIHED      =       514.1383
 1-4 NB =       167.7011  1-4 EEL =      -330.4195  VDWAALS    =      -324.7231
 EELEC  =     -1037.4193  EHBOND  =         0.0000  RESTRAINT  =         0.0000
 ------------------------------------------------------------------------------


 NSTEP =    26600   TIME(PS) =      26.600  TEMP(K) =   302.83  PRESS =     0.0
 Etot   =        98.6878  EKtot   =       575.9047  EPtot      =      -477.2170
 BOND   =       233.7473  ANGLE   =       341.5635  DIHED      =       527.9785
 1-4 NB =       163.2860  1-4 EEL =      -347.6770  VDWAALS    =      -324.5823
 EELEC  =     -1071.5329  EHBOND  =         0.0000  RESTRAINT  =         0.0000
 ------------------------------------------------------------------------------


 NSTEP =    26700   TIME(PS) =      26.700  TEMP(K) =   297.70  PRESS =     0.0
 Etot   =       201.4957  EKtot   =       566.1439  EPtot      =      -364.6482
 BOND   =       242.7107  ANGLE   =       331.3159  DIHED      =       514.4442
 1-4 NB =       167.6289  1-4 EEL =      -329.7597  VDWAALS    =      -312.9696
 EELEC  =      -978.0187  EHBOND  =         0.0000  RESTRAINT  =         0.0000
 ------------------------------------------------------------------------------


 NSTEP =    26800   TIME(PS) =      26.800  TEMP(K) =   292.90  PRESS =     0.0
 Etot   =        61.5824  EKtot   =       557.0253  EPtot      =      -495.4429
 BOND   =       249.1268  ANGLE   =       349.2833  DIHED      =       511.9171
 1-4 NB =       167.7256  1-4 EEL =      -349.1687  VDWAALS    =      -315.5818
 EELEC  =     -1108.7452  EHBOND  =         0.0000  RESTRAINT  =         0.0000
 ------------------------------------------------------------------------------


 NSTEP =    26900   TIME(PS) =      26.900  TEMP(K) =   303.44  PRESS =     0.0
 Etot   =       392.5918  EKtot   =       577.0573  EPtot      =      -184.4656
 BOND   =       217.5423  ANGLE   =       349.0873  DIHED      =       509.2509
 1-4 NB =       162.9029  1-4 EEL =      -321.4756  VDWAALS    =      -316.9037
 EELEC  =      -784.8697  EHBOND  =         0.0000  RESTRAINT  =         0.0000
 ------------------------------------------------------------------------------

| RE_POSITION Moving by  -0.206055  0.087309  0.163301

 NSTEP =    27000   TIME(PS) =      27.000  TEMP(K) =   299.27  PRESS =     0.0
 Etot   =       418.6866  EKtot   =       569.1403  EPtot      =      -150.4537
 BOND   =       221.3378  ANGLE   =       322.1056  DIHED      =       528.8834
 1-4 NB =       170.6193  1-4 EEL =      -326.3573  VDWAALS    =      -312.0366
 EELEC  =      -755.0059  EHBOND  =         0.0000  RESTRAINT  =         0.0000
 ------------------------------------------------------------------------------


 NSTEP =    27100   TIME(PS) =      27.100  TEMP(K) =   291.82  PRESS =     0.0
 Etot   =        44.5787  EKtot   =       554.9612  EPtot      =      -510.3825
 BOND   =       244.8655  ANGLE   =       332.3246  DIHED      =       520.1684
 1-4 NB =       161.4046  1-4 EEL =      -321.6284  VDWAALS    =      -325.1327
 EELEC  =     -1122.3845  EHBOND  =         0.0000  RESTRAINT  =         0.0000
 ------------------------------------------------------------------------------


 NSTEP =    27200   TIME(PS) =      27.200  TEMP(K) =   301.48  PRESS =     0.0
 Etot   =      -294.6864  EKtot   =       573.3317  EPtot      =      -868.0181
 BOND   =       217.9070  ANGLE   =       329.8632  DIHED      =       515.7963
 1-4 NB =       164.4840  1-4 EEL =      -326.6467  VDWAALS    =      -331.0097
 EELEC  =     -1438.4121  EHBOND  =         0.0000  RESTRAINT  =         0.0000
 ------------------------------------------------------------------------------


 NSTEP =    27300   TIME(PS) =      27.300  TEMP(K) =   283.87  PRESS =     0.0
 Etot   =        51.0334  EKtot   =       539.8548  EPtot      =      -488.8214
 BOND   =       220.8256  ANGLE   =       322.7898  DIHED      =       523.9176
 1-4 NB =       174.3408  1-4 EEL =      -320.4246  VDWAALS    =      -306.9666
 EELEC  =     -1103.3041  EHBOND  =         0.0000  RESTRAINT  =         0.0000
 ------------------------------------------------------------------------------


 NSTEP =    27400   TIME(PS) =      27.400  TEMP(K) =   283.28  PRESS =     0.0
 Etot   =      -115.8614  EKtot   =       538.7306  EPtot      =      -654.5920
 BOND   =       220.9093  ANGLE   =       331.4344  DIHED      =       528.7437
 1-4 NB =       168.1385  1-4 EEL =      -320.7214  VDWAALS    =      -315.1576
 EELEC  =     -1267.9389  EHBOND  =         0.0000  RESTRAINT  =         0.0000
 ------------------------------------------------------------------------------


 NSTEP =    27500   TIME(PS) =      27.500  TEMP(K) =   295.41  PRESS =     0.0
 Etot   =      -193.4033  EKtot   =       561.7862  EPtot      =      -755.1895
 BOND   =       216.6221  ANGLE   =       342.0691  DIHED      =       507.9504
 1-4 NB =       167.7137  1-4 EEL =      -329.2751  VDWAALS    =      -314.0714
 EELEC  =     -1346.1982  EHBOND  =         0.0000  RESTRAINT  =         0.0000
 ------------------------------------------------------------------------------


 NSTEP =    27600   TIME(PS) =      27.600  TEMP(K) =   295.21  PRESS =     0.0
 Etot   =       -10.1206  EKtot   =       561.4207  EPtot      =      -571.5413
 BOND   =       213.3747  ANGLE   =       331.7877  DIHED      =       517.6558
 1-4 NB =       158.2188  1-4 EEL =      -324.0789  VDWAALS    =      -312.6656
 EELEC  =     -1155.8337  EHBOND  =         0.0000  RESTRAINT  =         0.0000
 ------------------------------------------------------------------------------


 NSTEP =    27700   TIME(PS) =      27.700  TEMP(K) =   288.30  PRESS =     0.0
 Etot   =       145.6772  EKtot   =       548.2685  EPtot      =      -402.5912
 BOND   =       217.0233  ANGLE   =       333.0781  DIHED      =       524.4451
 1-4 NB =       165.0643  1-4 EEL =      -334.2977  VDWAALS    =      -307.0629
 EELEC  =     -1000.8414  EHBOND  =         0.0000  RESTRAINT  =         0.0000
 ------------------------------------------------------------------------------


 NSTEP =    27800   TIME(PS) =      27.800  TEMP(K) =   285.28  PRESS =     0.0
 Etot   =      -141.7047  EKtot   =       542.5230  EPtot      =      -684.2277
 BOND   =       221.9444  ANGLE   =       317.7191  DIHED      =       522.3256
 1-4 NB =       171.2621  1-4 EEL =      -336.6448  VDWAALS    =      -307.4514
 EELEC  =     -1273.3825  EHBOND  =         0.0000  RESTRAINT  =         0.0000
 ------------------------------------------------------------------------------


 NSTEP =    27900   TIME(PS) =      27.900  TEMP(K) =   278.30  PRESS =     0.0
 Etot   =        38.6402  EKtot   =       529.2608  EPtot      =      -490.6206
 BOND   =       223.1963  ANGLE   =       348.7642  DIHED      =       525.7948
 1-4 NB =       165.4427  1-4 EEL =      -346.4658  VDWAALS    =      -313.3160
 EELEC  =     -1094.0367  EHBOND  =         0.0000  RESTRAINT  =         0.0000
 ------------------------------------------------------------------------------

| RE_POSITION Moving by  -0.152029  0.206896 -0.281167

 NSTEP =    28000   TIME(PS) =      28.000  TEMP(K) =   296.58  PRESS =     0.0
 Etot   =       172.6297  EKtot   =       564.0232  EPtot      =      -391.3934
 BOND   =       211.3047  ANGLE   =       335.0442  DIHED      =       502.3524
 1-4 NB =       168.1495  1-4 EEL =      -333.0052  VDWAALS    =      -310.0430
 EELEC  =      -965.1959  EHBOND  =         0.0000  RESTRAINT  =         0.0000
 ------------------------------------------------------------------------------


 NSTEP =    28100   TIME(PS) =      28.100  TEMP(K) =   292.97  PRESS =     0.0
 Etot   =       173.9689  EKtot   =       557.1470  EPtot      =      -383.1781
 BOND   =       229.0338  ANGLE   =       325.7569  DIHED      =       514.8436
 1-4 NB =       166.3459  1-4 EEL =      -336.6987  VDWAALS    =      -315.7814
 EELEC  =      -966.6782  EHBOND  =         0.0000  RESTRAINT  =         0.0000
 ------------------------------------------------------------------------------


 NSTEP =    28200   TIME(PS) =      28.200  TEMP(K) =   292.39  PRESS =     0.0
 Etot   =       233.9691  EKtot   =       556.0517  EPtot      =      -322.0827
 BOND   =       235.8049  ANGLE   =       326.0981  DIHED      =       510.7280
 1-4 NB =       169.5321  1-4 EEL =      -329.8051  VDWAALS    =      -317.2888
 EELEC  =      -917.1519  EHBOND  =         0.0000  RESTRAINT  =         0.0000
 ------------------------------------------------------------------------------


 NSTEP =    28300   TIME(PS) =      28.300  TEMP(K) =   297.69  PRESS =     0.0
 Etot   =       393.7418  EKtot   =       566.1241  EPtot      =      -172.3823
 BOND   =       223.8515  ANGLE   =       340.9115  DIHED      =       525.9641
 1-4 NB =       164.8741  1-4 EEL =      -346.2172  VDWAALS    =      -323.1873
 EELEC  =      -758.5790  EHBOND  =         0.0000  RESTRAINT  =         0.0000
 ------------------------------------------------------------------------------


 NSTEP =    28400   TIME(PS) =      28.400  TEMP(K) =   302.78  PRESS =     0.0
 Etot   =       329.9853  EKtot   =       575.8142  EPtot      =      -245.8289
 BOND   =       212.8757  ANGLE   =       328.3497  DIHED      =       528.2872
 1-4 NB =       166.3942  1-4 EEL =      -328.3916  VDWAALS    =      -308.9200
 EELEC  =      -844.4242  EHBOND  =         0.0000  RESTRAINT  =         0.0000
 ------------------------------------------------------------------------------


 NSTEP =    28500   TIME(PS) =      28.500  TEMP(K) =   293.30  PRESS =     0.0
 Etot   =      -155.3396  EKtot   =       557.7872  EPtot      =      -713.1269
 BOND   =       198.7161  ANGLE   =       341.4434  DIHED      =       521.6954
 1-4 NB =       169.5580  1-4 EEL =      -338.4132  VDWAALS    =      -307.1778
 EELEC  =     -1298.9489  EHBOND  =         0.0000  RESTRAINT  =         0.0000
 ------------------------------------------------------------------------------


 NSTEP =    28600   TIME(PS) =      28.600  TEMP(K) =   292.39  PRESS =     0.0
 Etot   =      -409.3725  EKtot   =       556.0515  EPtot      =      -965.4240
 BOND   =       222.5764  ANGLE   =       329.9895  DIHED      =       522.5647
 1-4 NB =       171.9904  1-4 EEL =      -330.3804  VDWAALS    =      -307.1986
 EELEC  =     -1574.9659  EHBOND  =         0.0000  RESTRAINT  =         0.0000
 ------------------------------------------------------------------------------


 NSTEP =    28700   TIME(PS) =      28.700  TEMP(K) =   295.54  PRESS =     0.0
 Etot   =      -191.5190  EKtot   =       562.0415  EPtot      =      -753.5605
 BOND   =       238.1208  ANGLE   =       321.8682  DIHED      =       523.4156
 1-4 NB =       155.5485  1-4 EEL =      -336.7199  VDWAALS    =      -300.7517
 EELEC  =     -1355.0420  EHBOND  =         0.0000  RESTRAINT  =         0.0000
 ------------------------------------------------------------------------------


 NSTEP =    28800   TIME(PS) =      28.800  TEMP(K) =   289.74  PRESS =     0.0
 Etot   =      -160.3300  EKtot   =       551.0189  EPtot      =      -711.3489
 BOND   =       211.3245  ANGLE   =       343.6120  DIHED      =       515.1249
 1-4 NB =       168.4115  1-4 EEL =      -336.8649  VDWAALS    =      -309.0774
 EELEC  =     -1303.8796  EHBOND  =         0.0000  RESTRAINT  =         0.0000
 ------------------------------------------------------------------------------


 NSTEP =    28900   TIME(PS) =      28.900  TEMP(K) =   305.82  PRESS =     0.0
 Etot   =        41.1886  EKtot   =       581.5960  EPtot      =      -540.4074
 BOND   =       209.2792  ANGLE   =       336.9859  DIHED      =       509.3420
 1-4 NB =       165.3716  1-4 EEL =      -333.0834  VDWAALS    =      -309.4290
 EELEC  =     -1118.8736  EHBOND  =         0.0000  RESTRAINT  =         0.0000
 ------------------------------------------------------------------------------

| RE_POSITION Moving by  -0.006765  0.154123 -0.195590

 NSTEP =    29000   TIME(PS) =      29.000  TEMP(K) =   292.49  PRESS =     0.0
 Etot   =       225.5093  EKtot   =       556.2407  EPtot      =      -330.7314
 BOND   =       231.5127  ANGLE   =       347.6690  DIHED      =       518.7850
 1-4 NB =       163.2020  1-4 EEL =      -335.9523  VDWAALS    =      -310.2275
 EELEC  =      -945.7202  EHBOND  =         0.0000  RESTRAINT  =         0.0000
 ------------------------------------------------------------------------------


 NSTEP =    29100   TIME(PS) =      29.100  TEMP(K) =   288.34  PRESS =     0.0
 Etot   =        28.3829  EKtot   =       548.3538  EPtot      =      -519.9709
 BOND   =       229.7025  ANGLE   =       338.9017  DIHED      =       518.7661
 1-4 NB =       172.7609  1-4 EEL =      -351.1253  VDWAALS    =      -313.0407
 EELEC  =     -1115.9361  EHBOND  =         0.0000  RESTRAINT  =         0.0000
 ------------------------------------------------------------------------------


 NSTEP =    29200   TIME(PS) =      29.200  TEMP(K) =   280.37  PRESS =     0.0
 Etot   =      -140.1966  EKtot   =       533.1931  EPtot      =      -673.3897
 BOND   =       224.2275  ANGLE   =       356.6353  DIHED      =       523.9885
 1-4 NB =       160.7900  1-4 EEL =      -327.2269  VDWAALS    =      -309.6117
 EELEC  =     -1302.1924  EHBOND  =         0.0000  RESTRAINT  =         0.0000
 ------------------------------------------------------------------------------


 NSTEP =    29300   TIME(PS) =      29.300  TEMP(K) =   309.18  PRESS =     0.0
 Etot   =      -111.8638  EKtot   =       587.9838  EPtot      =      -699.8476
 BOND   =       214.3885  ANGLE   =       328.6394  DIHED      =       515.3670
 1-4 NB =       170.6250  1-4 EEL =      -337.8900  VDWAALS    =      -305.7219
 EELEC  =     -1285.2556  EHBOND  =         0.0000  RESTRAINT  =         0.0000
 ------------------------------------------------------------------------------


 NSTEP =    29400   TIME(PS) =      29.400  TEMP(K) =   300.91  PRESS =     0.0
 Etot   =       -46.3440  EKtot   =       572.2439  EPtot      =      -618.5879
 BOND   =       216.9927  ANGLE   =       355.5313  DIHED      =       510.0125
 1-4 NB =       166.5310  1-4 EEL =      -325.5071  VDWAALS    =      -309.1694
 EELEC  =     -1232.9788  EHBOND  =         0.0000  RESTRAINT  =         0.0000
 ------------------------------------------------------------------------------


 NSTEP =    29500   TIME(PS) =      29.500  TEMP(K) =   315.77  PRESS =     0.0
 Etot   =        53.1065  EKtot   =       600.5226  EPtot      =      -547.4161
 BOND   =       212.9712  ANGLE   =       343.0534  DIHED      =       499.7648
 1-4 NB =       164.1698  1-4 EEL =      -310.3723  VDWAALS    =      -309.0967
 EELEC  =     -1147.9062  EHBOND  =         0.0000  RESTRAINT  =         0.0000
 ------------------------------------------------------------------------------


 NSTEP =    29600   TIME(PS) =      29.600  TEMP(K) =   295.70  PRESS =     0.0
 Etot   =       126.7944  EKtot   =       562.3375  EPtot      =      -435.5431
 BOND   =       232.6078  ANGLE   =       337.3759  DIHED      =       520.3158
 1-4 NB =       171.1894  1-4 EEL =      -334.7732  VDWAALS    =      -301.8533
 EELEC  =     -1060.4054  EHBOND  =         0.0000  RESTRAINT  =         0.0000
 ------------------------------------------------------------------------------


 NSTEP =    29700   TIME(PS) =      29.700  TEMP(K) =   305.89  PRESS =     0.0
 Etot   =      -275.3332  EKtot   =       581.7174  EPtot      =      -857.0507
 BOND   =       202.3826  ANGLE   =       338.7974  DIHED      =       504.8328
 1-4 NB =       169.5974  1-4 EEL =      -311.7322  VDWAALS    =      -297.5398
 EELEC  =     -1463.3887  EHBOND  =         0.0000  RESTRAINT  =         0.0000
 ------------------------------------------------------------------------------


 NSTEP =    29800   TIME(PS) =      29.800  TEMP(K) =   312.16  PRESS =     0.0
 Etot   =      -660.6058  EKtot   =       593.6543  EPtot      =     -1254.2601
 BOND   =       234.9136  ANGLE   =       332.7208  DIHED      =       516.9628
 1-4 NB =       169.0299  1-4 EEL =      -353.7297  VDWAALS    =      -308.3103
 EELEC  =     -1845.8473  EHBOND  =         0.0000  RESTRAINT  =         0.0000
 ------------------------------------------------------------------------------


 NSTEP =    29900   TIME(PS) =      29.900  TEMP(K) =   302.89  PRESS =     0.0
 Etot   =      -234.7091  EKtot   =       576.0184  EPtot      =      -810.7275
 BOND   =       220.1435  ANGLE   =       351.8444  DIHED      =       518.2472
 1-4 NB =       169.0040  1-4 EEL =      -340.1031  VDWAALS    =      -304.4538
 EELEC  =     -1425.4098  EHBOND  =         0.0000  RESTRAINT  =         0.0000
 ------------------------------------------------------------------------------

| RE_POSITION Moving by   0.155002 -0.102926  0.002177

 NSTEP =    30000   TIME(PS) =      30.000  TEMP(K) =   300.74  PRESS =     0.0
 Etot   =        49.8184  EKtot   =       571.9260  EPtot      =      -522.1076
 BOND   =       230.7861  ANGLE   =       355.8618  DIHED      =       506.9508
 1-4 NB =       170.9584  1-4 EEL =      -335.6417  VDWAALS    =      -305.8127
 EELEC  =     -1145.2103  EHBOND  =         0.0000  RESTRAINT  =         0.0000
 ------------------------------------------------------------------------------


 NSTEP =    30100   TIME(PS) =      30.100  TEMP(K) =   294.21  PRESS =     0.0
 Etot   =       135.4242  EKtot   =       559.5153  EPtot      =      -424.0911
 BOND   =       244.4935  ANGLE   =       363.0365  DIHED      =       497.8363
 1-4 NB =       162.0097  1-4 EEL =      -328.2490  VDWAALS    =      -312.8233
 EELEC  =     -1050.3948  EHBOND  =         0.0000  RESTRAINT  =         0.0000
 ------------------------------------------------------------------------------


 NSTEP =    30200   TIME(PS) =      30.200  TEMP(K) =   301.89  PRESS =     0.0
 Etot   =        47.8338  EKtot   =       574.1137  EPtot      =      -526.2799
 BOND   =       230.2847  ANGLE   =       339.4553  DIHED      =       517.0509
 1-4 NB =       173.5244  1-4 EEL =      -324.6501  VDWAALS    =      -306.4821
 EELEC  =     -1155.4630  EHBOND  =         0.0000  RESTRAINT  =         0.0000
 ------------------------------------------------------------------------------


 NSTEP =    30300   TIME(PS) =      30.300  TEMP(K) =   307.58  PRESS =     0.0
 Etot   =       -51.2320  EKtot   =       584.9409  EPtot      =      -636.1730
 BOND   =       231.9409  ANGLE   =       324.9219  DIHED      =       507.7151
 1-4 NB =       170.5682  1-4 EEL =      -315.5243  VDWAALS    =      -310.0983
 EELEC  =     -1245.6964  EHBOND  =         0.0000  RESTRAINT  =         0.0000
 ------------------------------------------------------------------------------


 NSTEP =    30400   TIME(PS) =      30.400  TEMP(K) =   293.50  PRESS =     0.0
 Etot   =         3.6777  EKtot   =       558.1586  EPtot      =      -554.4809
 BOND   =       247.0589  ANGLE   =       345.7214  DIHED      =       521.2805
 1-4 NB =       164.8370  1-4 EEL =      -335.8424  VDWAALS    =      -315.9099
 EELEC  =     -1181.6264  EHBOND  =         0.0000  RESTRAINT  =         0.0000
 ------------------------------------------------------------------------------


 NSTEP =    30500   TIME(PS) =      30.500  TEMP(K) =   308.35  PRESS =     0.0
 Etot   =       207.8662  EKtot   =       586.4040  EPtot      =      -378.5378
 BOND   =       220.8892  ANGLE   =       333.4465  DIHED      =       494.3053
 1-4 NB =       176.7536  1-4 EEL =      -325.7690  VDWAALS    =      -296.0018
 EELEC  =      -982.1616  EHBOND  =         0.0000  RESTRAINT  =         0.0000
 ------------------------------------------------------------------------------


 NSTEP =    30600   TIME(PS) =      30.600  TEMP(K) =   303.30  PRESS =     0.0
 Etot   =       139.0052  EKtot   =       576.8075  EPtot      =      -437.8023
 BOND   =       242.1197  ANGLE   =       310.7072  DIHED      =       520.9195
 1-4 NB =       165.6328  1-4 EEL =      -316.9223  VDWAALS    =      -299.1985
 EELEC  =     -1061.0606  EHBOND  =         0.0000  RESTRAINT  =         0.0000
 ------------------------------------------------------------------------------


 NSTEP =    30700   TIME(PS) =      30.700  TEMP(K) =   302.18  PRESS =     0.0
 Etot   =      -181.9643  EKtot   =       574.6695  EPtot      =      -756.6338
 BOND   =       228.3238  ANGLE   =       345.4859  DIHED      =       504.8893
 1-4 NB =       162.3575  1-4 EEL =      -320.0366  VDWAALS    =      -301.2226
 EELEC  =     -1376.4309  EHBOND  =         0.0000  RESTRAINT  =         0.0000
 ------------------------------------------------------------------------------


 NSTEP =    30800   TIME(PS) =      30.800  TEMP(K) =   296.62  PRESS =     0.0
 Etot   =       279.1538  EKtot   =       564.0955  EPtot      =      -284.9417
 BOND   =       247.9344  ANGLE   =       331.6361  DIHED      =       527.3015
 1-4 NB =       167.8273  1-4 EEL =      -308.7350  VDWAALS    =      -304.2175
 EELEC  =      -946.6886  EHBOND  =         0.0000  RESTRAINT  =         0.0000
 ------------------------------------------------------------------------------


 NSTEP =    30900   TIME(PS) =      30.900  TEMP(K) =   308.35  PRESS =     0.0
 Etot   =       -55.4782  EKtot   =       586.4034  EPtot      =      -641.8816
 BOND   =       236.5711  ANGLE   =       337.8383  DIHED      =       527.8336
 1-4 NB =       169.7193  1-4 EEL =      -331.8944  VDWAALS    =      -302.7839
 EELEC  =     -1279.1655  EHBOND  =         0.0000  RESTRAINT  =         0.0000
 ------------------------------------------------------------------------------

| RE_POSITION Moving by  -0.354346 -0.205615  0.126370

 NSTEP =    31000   TIME(PS) =      31.000  TEMP(K) =   298.50  PRESS =     0.0
 Etot   =        18.1418  EKtot   =       567.6678  EPtot      =      -549.5259
 BOND   =       254.9842  ANGLE   =       344.2099  DIHED      =       528.1344
 1-4 NB =       161.0647  1-4 EEL =      -331.5154  VDWAALS    =      -309.3951
 EELEC  =     -1197.0087  EHBOND  =         0.0000  RESTRAINT  =         0.0000
 ------------------------------------------------------------------------------


 NSTEP =    31100   TIME(PS) =      31.100  TEMP(K) =   305.14  PRESS =     0.0
 Etot   =        17.9364  EKtot   =       580.2965  EPtot      =      -562.3601
 BOND   =       238.3743  ANGLE   =       354.0002  DIHED      =       516.5476
 1-4 NB =       167.5547  1-4 EEL =      -359.2835  VDWAALS    =      -302.7439
 EELEC  =     -1176.8095  EHBOND  =         0.0000  RESTRAINT  =         0.0000
 ------------------------------------------------------------------------------


 NSTEP =    31200   TIME(PS) =      31.200  TEMP(K) =   295.15  PRESS =     0.0
 Etot   =       321.9018  EKtot   =       561.2911  EPtot      =      -239.3894
 BOND   =       226.6569  ANGLE   =       338.6832  DIHED      =       536.6799
 1-4 NB =       169.1933  1-4 EEL =      -330.3527  VDWAALS    =      -307.8480
 EELEC  =      -872.4018  EHBOND  =         0.0000  RESTRAINT  =         0.0000
 ------------------------------------------------------------------------------


 NSTEP =    31300   TIME(PS) =      31.300  TEMP(K) =   285.41  PRESS =     0.0
 Etot   =       252.3950  EKtot   =       542.7721  EPtot      =      -290.3771
 BOND   =       226.3395  ANGLE   =       325.7109  DIHED      =       528.9120
 1-4 NB =       164.7277  1-4 EEL =      -319.5840  VDWAALS    =      -303.2325
 EELEC  =      -913.2507  EHBOND  =         0.0000  RESTRAINT  =         0.0000
 ------------------------------------------------------------------------------


 NSTEP =    31400   TIME(PS) =      31.400  TEMP(K) =   299.45  PRESS =     0.0
 Etot   =       352.4408  EKtot   =       569.4719  EPtot      =      -217.0311
 BOND   =       220.1869  ANGLE   =       337.1815  DIHED      =       525.4548
 1-4 NB =       159.7497  1-4 EEL =      -333.2225  VDWAALS    =      -297.9521
 EELEC  =      -828.4295  EHBOND  =         0.0000  RESTRAINT  =         0.0000
 ------------------------------------------------------------------------------


 NSTEP =    31500   TIME(PS) =      31.500  TEMP(K) =   304.61  PRESS =     0.0
 Etot   =      -288.4009  EKtot   =       579.2894  EPtot      =      -867.6904
 BOND   =       212.0418  ANGLE   =       329.3128  DIHED      =       522.3867
 1-4 NB =       169.1012  1-4 EEL =      -334.0677  VDWAALS    =      -324.0885
 EELEC  =     -1442.3767  EHBOND  =         0.0000  RESTRAINT  =         0.0000
 ------------------------------------------------------------------------------


 NSTEP =    31600   TIME(PS) =      31.600  TEMP(K) =   299.04  PRESS =     0.0
 Etot   =       -61.1106  EKtot   =       568.6998  EPtot      =      -629.8103
 BOND   =       230.0337  ANGLE   =       354.0455  DIHED      =       510.1467
 1-4 NB =       165.4506  1-4 EEL =      -318.7148  VDWAALS    =      -318.9852
 EELEC  =     -1251.7868  EHBOND  =         0.0000  RESTRAINT  =         0.0000
 ------------------------------------------------------------------------------


 NSTEP =    31700   TIME(PS) =      31.700  TEMP(K) =   313.52  PRESS =     0.0
 Etot   =       362.8801  EKtot   =       596.2403  EPtot      =      -233.3602
 BOND   =       213.1135  ANGLE   =       357.9499  DIHED      =       508.0561
 1-4 NB =       164.6543  1-4 EEL =      -332.1336  VDWAALS    =      -305.7281
 EELEC  =      -839.2724  EHBOND  =         0.0000  RESTRAINT  =         0.0000
 ------------------------------------------------------------------------------


 NSTEP =    31800   TIME(PS) =      31.800  TEMP(K) =   322.65  PRESS =     0.0
 Etot   =       418.1337  EKtot   =       613.5960  EPtot      =      -195.4623
 BOND   =       213.9162  ANGLE   =       324.3957  DIHED      =       526.8932
 1-4 NB =       159.0400  1-4 EEL =      -338.8308  VDWAALS    =      -311.6752
 EELEC  =      -769.2013  EHBOND  =         0.0000  RESTRAINT  =         0.0000
 ------------------------------------------------------------------------------


 NSTEP =    31900   TIME(PS) =      31.900  TEMP(K) =   318.45  PRESS =     0.0
 Etot   =       186.6271  EKtot   =       605.6068  EPtot      =      -418.9796
 BOND   =       220.8846  ANGLE   =       305.7643  DIHED      =       531.4698
 1-4 NB =       179.0400  1-4 EEL =      -305.4961  VDWAALS    =      -309.1492
 EELEC  =     -1041.4930  EHBOND  =         0.0000  RESTRAINT  =         0.0000
 ------------------------------------------------------------------------------

| RE_POSITION Moving by   0.325938  0.146439  0.128799

 NSTEP =    32000   TIME(PS) =      32.000  TEMP(K) =   311.97  PRESS =     0.0
 Etot   =      -162.0644  EKtot   =       593.2787  EPtot      =      -755.3431
 BOND   =       220.5779  ANGLE   =       356.9653  DIHED      =       531.2327
 1-4 NB =       163.6495  1-4 EEL =      -323.0640  VDWAALS    =      -313.4339
 EELEC  =     -1391.2705  EHBOND  =         0.0000  RESTRAINT  =         0.0000
 ------------------------------------------------------------------------------


 NSTEP =    32100   TIME(PS) =      32.100  TEMP(K) =   317.93  PRESS =     0.0
 Etot   =      -100.7017  EKtot   =       604.6214  EPtot      =      -705.3231
 BOND   =       228.9862  ANGLE   =       329.2236  DIHED      =       531.9888
 1-4 NB =       160.4462  1-4 EEL =      -323.0177  VDWAALS    =      -304.5297
 EELEC  =     -1328.4205  EHBOND  =         0.0000  RESTRAINT  =         0.0000
 ------------------------------------------------------------------------------


 NSTEP =    32200   TIME(PS) =      32.200  TEMP(K) =   300.56  PRESS =     0.0
 Etot   =       138.0916  EKtot   =       571.5858  EPtot      =      -433.4942
 BOND   =       254.2301  ANGLE   =       341.3187  DIHED      =       525.3540
 1-4 NB =       169.0023  1-4 EEL =      -344.1855  VDWAALS    =      -289.4744
 EELEC  =     -1089.7393  EHBOND  =         0.0000  RESTRAINT  =         0.0000
 ------------------------------------------------------------------------------


 NSTEP =    32300   TIME(PS) =      32.300  TEMP(K) =   294.70  PRESS =     0.0
 Etot   =       -71.4492  EKtot   =       560.4495  EPtot      =      -631.8987
 BOND   =       228.9606  ANGLE   =       357.1028  DIHED      =       525.7466
 1-4 NB =       169.8871  1-4 EEL =      -337.6923  VDWAALS    =      -300.7157
 EELEC  =     -1275.1878  EHBOND  =         0.0000  RESTRAINT  =         0.0000
 ------------------------------------------------------------------------------


 NSTEP =    32400   TIME(PS) =      32.400  TEMP(K) =   327.64  PRESS =     0.0
 Etot   =        84.1298  EKtot   =       623.0844  EPtot      =      -538.9547
 BOND   =       213.2918  ANGLE   =       346.1275  DIHED      =       516.6907
 1-4 NB =       165.6683  1-4 EEL =      -349.9762  VDWAALS    =      -295.5512
 EELEC  =     -1135.2057  EHBOND  =         0.0000  RESTRAINT  =         0.0000
 ------------------------------------------------------------------------------


 NSTEP =    32500   TIME(PS) =      32.500  TEMP(K) =   313.84  PRESS =     0.0
 Etot   =      -287.9732  EKtot   =       596.8501  EPtot      =      -884.8233
 BOND   =       213.6801  ANGLE   =       344.7666  DIHED      =       526.6574
 1-4 NB =       167.6860  1-4 EEL =      -336.2488  VDWAALS    =      -294.3515
 EELEC  =     -1507.0131  EHBOND  =         0.0000  RESTRAINT  =         0.0000
 ------------------------------------------------------------------------------


 NSTEP =    32600   TIME(PS) =      32.600  TEMP(K) =   297.46  PRESS =     0.0
 Etot   =        74.9784  EKtot   =       565.6949  EPtot      =      -490.7165
 BOND   =       240.8569  ANGLE   =       341.3526  DIHED      =       524.4134
 1-4 NB =       172.4275  1-4 EEL =      -336.4923  VDWAALS    =      -290.3955
 EELEC  =     -1142.8791  EHBOND  =         0.0000  RESTRAINT  =         0.0000
 ------------------------------------------------------------------------------


 NSTEP =    32700   TIME(PS) =      32.700  TEMP(K) =   314.11  PRESS =     0.0
 Etot   =      -112.7908  EKtot   =       597.3471  EPtot      =      -710.1379
 BOND   =       226.0995  ANGLE   =       340.1027  DIHED      =       518.4781
 1-4 NB =       171.1354  1-4 EEL =      -323.3238  VDWAALS    =      -297.6668
 EELEC  =     -1344.9631  EHBOND  =         0.0000  RESTRAINT  =         0.0000
 ------------------------------------------------------------------------------


 NSTEP =    32800   TIME(PS) =      32.800  TEMP(K) =   305.82  PRESS =     0.0
 Etot   =       -15.2603  EKtot   =       581.5953  EPtot      =      -596.8556
 BOND   =       231.2676  ANGLE   =       335.2402  DIHED      =       524.1425
 1-4 NB =       164.9210  1-4 EEL =      -307.4855  VDWAALS    =      -314.5868
 EELEC  =     -1230.3547  EHBOND  =         0.0000  RESTRAINT  =         0.0000
 ------------------------------------------------------------------------------


 NSTEP =    32900   TIME(PS) =      32.900  TEMP(K) =   306.27  PRESS =     0.0
 Etot   =        44.8350  EKtot   =       582.4528  EPtot      =      -537.6178
 BOND   =       258.0450  ANGLE   =       341.3453  DIHED      =       509.3654
 1-4 NB =       165.0892  1-4 EEL =      -335.1915  VDWAALS    =      -294.3922
 EELEC  =     -1181.8789  EHBOND  =         0.0000  RESTRAINT  =         0.0000
 ------------------------------------------------------------------------------

| RE_POSITION Moving by  -0.237359 -0.374575 -1.432800

 NSTEP =    33000   TIME(PS) =      33.000  TEMP(K) =   301.45  PRESS =     0.0
 Etot   =        55.5217  EKtot   =       573.2833  EPtot      =      -517.7616
 BOND   =       232.6964  ANGLE   =       341.4377  DIHED      =       522.1591
 1-4 NB =       169.6446  1-4 EEL =      -344.2118  VDWAALS    =      -298.6756
 EELEC  =     -1140.8119  EHBOND  =         0.0000  RESTRAINT  =         0.0000
 ------------------------------------------------------------------------------


 NSTEP =    33100   TIME(PS) =      33.100  TEMP(K) =   299.92  PRESS =     0.0
 Etot   =      -144.8213  EKtot   =       570.3640  EPtot      =      -715.1853
 BOND   =       240.1213  ANGLE   =       344.9559  DIHED      =       520.7902
 1-4 NB =       174.6673  1-4 EEL =      -337.7344  VDWAALS    =      -314.9542
 EELEC  =     -1343.0313  EHBOND  =         0.0000  RESTRAINT  =         0.0000
 ------------------------------------------------------------------------------


 NSTEP =    33200   TIME(PS) =      33.200  TEMP(K) =   299.73  PRESS =     0.0
 Etot   =       218.9402  EKtot   =       570.0055  EPtot      =      -351.0652
 BOND   =       222.9627  ANGLE   =       348.7240  DIHED      =       516.8589
 1-4 NB =       165.3098  1-4 EEL =      -311.7611  VDWAALS    =      -300.6108
 EELEC  =      -992.5487  EHBOND  =         0.0000  RESTRAINT  =         0.0000
 ------------------------------------------------------------------------------


 NSTEP =    33300   TIME(PS) =      33.300  TEMP(K) =   292.77  PRESS =     0.0
 Etot   =       148.4408  EKtot   =       556.7732  EPtot      =      -408.3324
 BOND   =       227.4314  ANGLE   =       357.5544  DIHED      =       521.0319
 1-4 NB =       164.3669  1-4 EEL =      -329.4861  VDWAALS    =      -307.5047
 EELEC  =     -1041.7261  EHBOND  =         0.0000  RESTRAINT  =         0.0000
 ------------------------------------------------------------------------------


 NSTEP =    33400   TIME(PS) =      33.400  TEMP(K) =   300.77  PRESS =     0.0
 Etot   =       234.0782  EKtot   =       571.9822  EPtot      =      -337.9040
 BOND   =       218.1496  ANGLE   =       347.3803  DIHED      =       513.6910
 1-4 NB =       171.4750  1-4 EEL =      -305.4028  VDWAALS    =      -309.6752
 EELEC  =      -973.5219  EHBOND  =         0.0000  RESTRAINT  =         0.0000
 ------------------------------------------------------------------------------


 NSTEP =    33500   TIME(PS) =      33.500  TEMP(K) =   292.09  PRESS =     0.0
 Etot   =       277.2928  EKtot   =       555.4842  EPtot      =      -278.1914
 BOND   =       220.5991  ANGLE   =       339.5576  DIHED      =       530.9649
 1-4 NB =       167.2517  1-4 EEL =      -328.0409  VDWAALS    =      -313.6967
 EELEC  =      -894.8271  EHBOND  =         0.0000  RESTRAINT  =         0.0000
 ------------------------------------------------------------------------------


 NSTEP =    33600   TIME(PS) =      33.600  TEMP(K) =   300.62  PRESS =     0.0
 Etot   =        51.7707  EKtot   =       571.7057  EPtot      =      -519.9350
 BOND   =       220.3096  ANGLE   =       347.5884  DIHED      =       522.8905
 1-4 NB =       168.2675  1-4 EEL =      -351.4251  VDWAALS    =      -299.7630
 EELEC  =     -1127.8030  EHBOND  =         0.0000  RESTRAINT  =         0.0000
 ------------------------------------------------------------------------------


 NSTEP =    33700   TIME(PS) =      33.700  TEMP(K) =   284.49  PRESS =     0.0
 Etot   =       201.4610  EKtot   =       541.0228  EPtot      =      -339.5618
 BOND   =       245.5096  ANGLE   =       352.3347  DIHED      =       525.5209
 1-4 NB =       158.7113  1-4 EEL =      -338.0542  VDWAALS    =      -293.9321
 EELEC  =      -989.6521  EHBOND  =         0.0000  RESTRAINT  =         0.0000
 ------------------------------------------------------------------------------


 NSTEP =    33800   TIME(PS) =      33.800  TEMP(K) =   294.00  PRESS =     0.0
 Etot   =      -107.9829  EKtot   =       559.1048  EPtot      =      -667.0877
 BOND   =       245.0726  ANGLE   =       339.8779  DIHED      =       520.4510
 1-4 NB =       167.7237  1-4 EEL =      -328.0912  VDWAALS    =      -296.4378
 EELEC  =     -1315.6838  EHBOND  =         0.0000  RESTRAINT  =         0.0000
 ------------------------------------------------------------------------------


 NSTEP =    33900   TIME(PS) =      33.900  TEMP(K) =   305.72  PRESS =     0.0
 Etot   =      -276.6404  EKtot   =       581.3940  EPtot      =      -858.0344
 BOND   =       221.6553  ANGLE   =       324.8855  DIHED      =       529.5771
 1-4 NB =       174.9536  1-4 EEL =      -334.4918  VDWAALS    =      -284.5843
 EELEC  =     -1490.0298  EHBOND  =         0.0000  RESTRAINT  =         0.0000
 ------------------------------------------------------------------------------

| RE_POSITION Moving by  -0.362174 -0.339043  0.118793

 NSTEP =    34000   TIME(PS) =      34.000  TEMP(K) =   304.97  PRESS =     0.0
 Etot   =      -345.3786  EKtot   =       579.9798  EPtot      =      -925.3584
 BOND   =       227.8131  ANGLE   =       334.1569  DIHED      =       525.3336
 1-4 NB =       166.7623  1-4 EEL =      -358.5012  VDWAALS    =      -291.8020
 EELEC  =     -1529.1211  EHBOND  =         0.0000  RESTRAINT  =         0.0000
 ------------------------------------------------------------------------------


 NSTEP =    34100   TIME(PS) =      34.100  TEMP(K) =   297.37  PRESS =     0.0
 Etot   =      -417.4697  EKtot   =       565.5170  EPtot      =      -982.9867
 BOND   =       231.2151  ANGLE   =       340.4483  DIHED      =       534.1776
 1-4 NB =       169.2366  1-4 EEL =      -342.9390  VDWAALS    =      -288.7852
 EELEC  =     -1626.3402  EHBOND  =         0.0000  RESTRAINT  =         0.0000
 ------------------------------------------------------------------------------


 NSTEP =    34200   TIME(PS) =      34.200  TEMP(K) =   302.27  PRESS =     0.0
 Etot   =      -285.3918  EKtot   =       574.8346  EPtot      =      -860.2264
 BOND   =       233.2700  ANGLE   =       357.2907  DIHED      =       508.6398
 1-4 NB =       175.1219  1-4 EEL =      -336.3634  VDWAALS    =      -311.2540
 EELEC  =     -1486.9315  EHBOND  =         0.0000  RESTRAINT  =         0.0000
 ------------------------------------------------------------------------------


 NSTEP =    34300   TIME(PS) =      34.300  TEMP(K) =   306.54  PRESS =     0.0
 Etot   =       289.1341  EKtot   =       582.9690  EPtot      =      -293.8349
 BOND   =       225.4856  ANGLE   =       347.1769  DIHED      =       520.0944
 1-4 NB =       177.6301  1-4 EEL =      -337.3563  VDWAALS    =      -305.7601
 EELEC  =      -921.1056  EHBOND  =         0.0000  RESTRAINT  =         0.0000
 ------------------------------------------------------------------------------


 NSTEP =    34400   TIME(PS) =      34.400  TEMP(K) =   306.82  PRESS =     0.0
 Etot   =       -59.5283  EKtot   =       583.5010  EPtot      =      -643.0293
 BOND   =       227.0408  ANGLE   =       350.4347  DIHED      =       527.8351
 1-4 NB =       167.0137  1-4 EEL =      -332.3090  VDWAALS    =      -297.6386
 EELEC  =     -1285.4059  EHBOND  =         0.0000  RESTRAINT  =         0.0000
 ------------------------------------------------------------------------------


 NSTEP =    34500   TIME(PS) =      34.500  TEMP(K) =   296.49  PRESS =     0.0
 Etot   =       -57.8004  EKtot   =       563.8539  EPtot      =      -621.6543
 BOND   =       243.8265  ANGLE   =       361.6779  DIHED      =       517.3479
 1-4 NB =       166.5140  1-4 EEL =      -345.8582  VDWAALS    =      -297.8481
 EELEC  =     -1267.3143  EHBOND  =         0.0000  RESTRAINT  =         0.0000
 ------------------------------------------------------------------------------


 NSTEP =    34600   TIME(PS) =      34.600  TEMP(K) =   318.36  PRESS =     0.0
 Etot   =      -235.3638  EKtot   =       605.4436  EPtot      =      -840.8074
 BOND   =       222.8937  ANGLE   =       340.7629  DIHED      =       509.7243
 1-4 NB =       172.6222  1-4 EEL =      -325.8557  VDWAALS    =      -306.3010
 EELEC  =     -1454.6538  EHBOND  =         0.0000  RESTRAINT  =         0.0000
 ------------------------------------------------------------------------------


 NSTEP =    34700   TIME(PS) =      34.700  TEMP(K) =   308.04  PRESS =     0.0
 Etot   =      -378.1932  EKtot   =       585.8211  EPtot      =      -964.0143
 BOND   =       230.6852  ANGLE   =       348.6805  DIHED      =       492.4127
 1-4 NB =       175.3813  1-4 EEL =      -314.4529  VDWAALS    =      -298.9129
 EELEC  =     -1597.8084  EHBOND  =         0.0000  RESTRAINT  =         0.0000
 ------------------------------------------------------------------------------


 NSTEP =    34800   TIME(PS) =      34.800  TEMP(K) =   301.98  PRESS =     0.0
 Etot   =      -217.1078  EKtot   =       574.2817  EPtot      =      -791.3895
 BOND   =       236.1504  ANGLE   =       355.2515  DIHED      =       511.0282
 1-4 NB =       157.8653  1-4 EEL =      -334.0519  VDWAALS    =      -316.1401
 EELEC  =     -1401.4929  EHBOND  =         0.0000  RESTRAINT  =         0.0000
 ------------------------------------------------------------------------------


 NSTEP =    34900   TIME(PS) =      34.900  TEMP(K) =   293.96  PRESS =     0.0
 Etot   =       275.7994  EKtot   =       559.0436  EPtot      =      -283.2442
 BOND   =       241.9361  ANGLE   =       332.3758  DIHED      =       516.6382
 1-4 NB =       170.4904  1-4 EEL =      -325.5629  VDWAALS    =      -306.0307
 EELEC  =      -913.0910  EHBOND  =         0.0000  RESTRAINT  =         0.0000
 ------------------------------------------------------------------------------

| RE_POSITION Moving by   0.206366  0.514762 -0.067454

 NSTEP =    35000   TIME(PS) =      35.000  TEMP(K) =   293.59  PRESS =     0.0
 Etot   =       166.3727  EKtot   =       558.3249  EPtot      =      -391.9522
 BOND   =       229.8684  ANGLE   =       365.6304  DIHED      =       519.8538
 1-4 NB =       169.0126  1-4 EEL =      -334.0564  VDWAALS    =      -294.0492
 EELEC  =     -1048.2119  EHBOND  =         0.0000  RESTRAINT  =         0.0000
 ------------------------------------------------------------------------------


 NSTEP =    35100   TIME(PS) =      35.100  TEMP(K) =   300.65  PRESS =     0.0
 Etot   =      -298.2757  EKtot   =       571.7682  EPtot      =      -870.0439
 BOND   =       228.3314  ANGLE   =       325.8510  DIHED      =       519.1623
 1-4 NB =       169.8365  1-4 EEL =      -313.0061  VDWAALS    =      -307.2413
 EELEC  =     -1492.9777  EHBOND  =         0.0000  RESTRAINT  =         0.0000
 ------------------------------------------------------------------------------


 NSTEP =    35200   TIME(PS) =      35.200  TEMP(K) =   307.34  PRESS =     0.0
 Etot   =      -196.9959  EKtot   =       584.4883  EPtot      =      -781.4842
 BOND   =       247.4800  ANGLE   =       331.7724  DIHED      =       518.0209
 1-4 NB =       162.8038  1-4 EEL =      -342.6249  VDWAALS    =      -307.5081
 EELEC  =     -1391.4283  EHBOND  =         0.0000  RESTRAINT  =         0.0000
 ------------------------------------------------------------------------------


 NSTEP =    35300   TIME(PS) =      35.300  TEMP(K) =   307.72  PRESS =     0.0
 Etot   =        18.9052  EKtot   =       585.2133  EPtot      =      -566.3081
 BOND   =       232.7440  ANGLE   =       349.2162  DIHED      =       522.0276
 1-4 NB =       168.0363  1-4 EEL =      -330.1651  VDWAALS    =      -305.5157
 EELEC  =     -1202.6514  EHBOND  =         0.0000  RESTRAINT  =         0.0000
 ------------------------------------------------------------------------------


 NSTEP =    35400   TIME(PS) =      35.400  TEMP(K) =   321.33  PRESS =     0.0
 Etot   =       -13.8755  EKtot   =       611.0947  EPtot      =      -624.9702
 BOND   =       235.1341  ANGLE   =       329.4770  DIHED      =       514.1331
 1-4 NB =       170.7060  1-4 EEL =      -326.9511  VDWAALS    =      -292.9536
 EELEC  =     -1254.5158  EHBOND  =         0.0000  RESTRAINT  =         0.0000
 ------------------------------------------------------------------------------


 NSTEP =    35500   TIME(PS) =      35.500  TEMP(K) =   306.32  PRESS =     0.0
 Etot   =       104.0534  EKtot   =       582.5511  EPtot      =      -478.4977
 BOND   =       236.8934  ANGLE   =       339.6357  DIHED      =       516.0417
 1-4 NB =       171.4513  1-4 EEL =      -325.4729  VDWAALS    =      -294.2059
 EELEC  =     -1122.8411  EHBOND  =         0.0000  RESTRAINT  =         0.0000
 ------------------------------------------------------------------------------


 NSTEP =    35600   TIME(PS) =      35.600  TEMP(K) =   308.29  PRESS =     0.0
 Etot   =      -224.7571  EKtot   =       586.2921  EPtot      =      -811.0492
 BOND   =       229.8483  ANGLE   =       349.8681  DIHED      =       542.6378
 1-4 NB =       163.4296  1-4 EEL =      -338.0158  VDWAALS    =      -304.2791
 EELEC  =     -1454.5381  EHBOND  =         0.0000  RESTRAINT  =         0.0000
 ------------------------------------------------------------------------------


 NSTEP =    35700   TIME(PS) =      35.700  TEMP(K) =   311.71  PRESS =     0.0
 Etot   =       -92.2934  EKtot   =       592.7953  EPtot      =      -685.0887
 BOND   =       234.9238  ANGLE   =       336.0271  DIHED      =       536.2934
 1-4 NB =       175.4087  1-4 EEL =      -337.5507  VDWAALS    =      -299.1514
 EELEC  =     -1331.0395  EHBOND  =         0.0000  RESTRAINT  =         0.0000
 ------------------------------------------------------------------------------


 NSTEP =    35800   TIME(PS) =      35.800  TEMP(K) =   300.41  PRESS =     0.0
 Etot   =      -324.4613  EKtot   =       571.3104  EPtot      =      -895.7717
 BOND   =       229.9847  ANGLE   =       358.5592  DIHED      =       527.0570
 1-4 NB =       169.4791  1-4 EEL =      -335.8121  VDWAALS    =      -306.7821
 EELEC  =     -1538.2575  EHBOND  =         0.0000  RESTRAINT  =         0.0000
 ------------------------------------------------------------------------------


 NSTEP =    35900   TIME(PS) =      35.900  TEMP(K) =   306.07  PRESS =     0.0
 Etot   =      -179.8422  EKtot   =       582.0756  EPtot      =      -761.9177
 BOND   =       216.2898  ANGLE   =       351.1646  DIHED      =       532.3343
 1-4 NB =       167.8554  1-4 EEL =      -335.6061  VDWAALS    =      -306.9153
 EELEC  =     -1387.0404  EHBOND  =         0.0000  RESTRAINT  =         0.0000
 ------------------------------------------------------------------------------

| RE_POSITION Moving by  -0.025208 -0.302372  0.627181

 NSTEP =    36000   TIME(PS) =      36.000  TEMP(K) =   311.72  PRESS =     0.0
 Etot   =      -172.0804  EKtot   =       592.8039  EPtot      =      -764.8843
 BOND   =       221.7701  ANGLE   =       326.8247  DIHED      =       535.8735
 1-4 NB =       171.0947  1-4 EEL =      -353.3184  VDWAALS    =      -287.4002
 EELEC  =     -1379.7287  EHBOND  =         0.0000  RESTRAINT  =         0.0000
 ------------------------------------------------------------------------------


 NSTEP =    36100   TIME(PS) =      36.100  TEMP(K) =   288.87  PRESS =     0.0
 Etot   =       -38.7055  EKtot   =       549.3562  EPtot      =      -588.0617
 BOND   =       223.8801  ANGLE   =       323.4038  DIHED      =       538.7747
 1-4 NB =       175.6158  1-4 EEL =      -319.3908  VDWAALS    =      -300.4626
 EELEC  =     -1229.8826  EHBOND  =         0.0000  RESTRAINT  =         0.0000
 ------------------------------------------------------------------------------


 NSTEP =    36200   TIME(PS) =      36.200  TEMP(K) =   308.30  PRESS =     0.0
 Etot   =      -421.6584  EKtot   =       586.3023  EPtot      =     -1007.9607
 BOND   =       205.8843  ANGLE   =       335.8318  DIHED      =       529.7617
 1-4 NB =       174.8531  1-4 EEL =      -340.2167  VDWAALS    =      -304.1153
 EELEC  =     -1609.9596  EHBOND  =         0.0000  RESTRAINT  =         0.0000
 ------------------------------------------------------------------------------


 NSTEP =    36300   TIME(PS) =      36.300  TEMP(K) =   293.91  PRESS =     0.0
 Etot   =      -269.3210  EKtot   =       558.9372  EPtot      =      -828.2582
 BOND   =       227.7374  ANGLE   =       355.2160  DIHED      =       520.3190
 1-4 NB =       162.1476  1-4 EEL =      -320.7717  VDWAALS    =      -312.2883
 EELEC  =     -1460.6182  EHBOND  =         0.0000  RESTRAINT  =         0.0000
 ------------------------------------------------------------------------------


 NSTEP =    36400   TIME(PS) =      36.400  TEMP(K) =   296.42  PRESS =     0.0
 Etot   =      -178.2537  EKtot   =       563.7133  EPtot      =      -741.9670
 BOND   =       235.4286  ANGLE   =       342.8177  DIHED      =       528.4945
 1-4 NB =       175.2688  1-4 EEL =      -336.5880  VDWAALS    =      -294.4580
 EELEC  =     -1392.9305  EHBOND  =         0.0000  RESTRAINT  =         0.0000
 ------------------------------------------------------------------------------


 NSTEP =    36500   TIME(PS) =      36.500  TEMP(K) =   308.58  PRESS =     0.0
 Etot   =       -65.1152  EKtot   =       586.8455  EPtot      =      -651.9607
 BOND   =       224.0079  ANGLE   =       328.8906  DIHED      =       521.5646
 1-4 NB =       168.5694  1-4 EEL =      -344.9852  VDWAALS    =      -311.4513
 EELEC  =     -1238.5568  EHBOND  =         0.0000  RESTRAINT  =         0.0000
 ------------------------------------------------------------------------------


 NSTEP =    36600   TIME(PS) =      36.600  TEMP(K) =   314.47  PRESS =     0.0
 Etot   =      -233.8621  EKtot   =       598.0418  EPtot      =      -831.9039
 BOND   =       236.1661  ANGLE   =       308.0671  DIHED      =       515.1364
 1-4 NB =       173.6915  1-4 EEL =      -349.4496  VDWAALS    =      -302.6067
 EELEC  =     -1412.9088  EHBOND  =         0.0000  RESTRAINT  =         0.0000
 ------------------------------------------------------------------------------


 NSTEP =    36700   TIME(PS) =      36.700  TEMP(K) =   307.91  PRESS =     0.0
 Etot   =      -244.2086  EKtot   =       585.5633  EPtot      =      -829.7719
 BOND   =       207.6137  ANGLE   =       314.5685  DIHED      =       538.4518
 1-4 NB =       180.0860  1-4 EEL =      -327.7088  VDWAALS    =      -305.9358
 EELEC  =     -1436.8474  EHBOND  =         0.0000  RESTRAINT  =         0.0000
 ------------------------------------------------------------------------------


 NSTEP =    36800   TIME(PS) =      36.800  TEMP(K) =   285.91  PRESS =     0.0
 Etot   =      -228.1682  EKtot   =       543.7272  EPtot      =      -771.8954
 BOND   =       223.5166  ANGLE   =       353.4508  DIHED      =       531.8483
 1-4 NB =       168.6770  1-4 EEL =      -337.0533  VDWAALS    =      -311.7222
 EELEC  =     -1400.6126  EHBOND  =         0.0000  RESTRAINT  =         0.0000
 ------------------------------------------------------------------------------


 NSTEP =    36900   TIME(PS) =      36.900  TEMP(K) =   287.66  PRESS =     0.0
 Etot   =      -269.6346  EKtot   =       547.0642  EPtot      =      -816.6987
 BOND   =       213.4468  ANGLE   =       334.4915  DIHED      =       535.8551
 1-4 NB =       171.6679  1-4 EEL =      -323.4942  VDWAALS    =      -305.1305
 EELEC  =     -1443.5353  EHBOND  =         0.0000  RESTRAINT  =         0.0000
 ------------------------------------------------------------------------------

| RE_POSITION Moving by   0.084851  0.021370  0.128535

 NSTEP =    37000   TIME(PS) =      37.000  TEMP(K) =   293.69  PRESS =     0.0
 Etot   =      -391.0333  EKtot   =       558.5136  EPtot      =      -949.5469
 BOND   =       216.0679  ANGLE   =       338.3200  DIHED      =       525.2288
 1-4 NB =       170.8670  1-4 EEL =      -327.8379  VDWAALS    =      -303.5293
 EELEC  =     -1568.6633  EHBOND  =         0.0000  RESTRAINT  =         0.0000
 ------------------------------------------------------------------------------


 NSTEP =    37100   TIME(PS) =      37.100  TEMP(K) =   288.39  PRESS =     0.0
 Etot   =        10.6033  EKtot   =       548.4395  EPtot      =      -537.8362
 BOND   =       224.6546  ANGLE   =       320.5601  DIHED      =       525.2763
 1-4 NB =       165.2500  1-4 EEL =      -347.2177  VDWAALS    =      -294.6334
 EELEC  =     -1131.7261  EHBOND  =         0.0000  RESTRAINT  =         0.0000
 ------------------------------------------------------------------------------


 NSTEP =    37200   TIME(PS) =      37.200  TEMP(K) =   284.56  PRESS =     0.0
 Etot   =      -239.1948  EKtot   =       541.1648  EPtot      =      -780.3596
 BOND   =       225.8596  ANGLE   =       329.4036  DIHED      =       544.5196
 1-4 NB =       171.2399  1-4 EEL =      -340.6075  VDWAALS    =      -304.4346
 EELEC  =     -1406.3401  EHBOND  =         0.0000  RESTRAINT  =         0.0000
 ------------------------------------------------------------------------------


 NSTEP =    37300   TIME(PS) =      37.300  TEMP(K) =   299.02  PRESS =     0.0
 Etot   =      -183.8224  EKtot   =       568.6512  EPtot      =      -752.4736
 BOND   =       207.4804  ANGLE   =       338.3538  DIHED      =       537.5327
 1-4 NB =       169.3208  1-4 EEL =      -322.9960  VDWAALS    =      -313.3480
 EELEC  =     -1368.8172  EHBOND  =         0.0000  RESTRAINT  =         0.0000
 ------------------------------------------------------------------------------


 NSTEP =    37400   TIME(PS) =      37.400  TEMP(K) =   286.46  PRESS =     0.0
 Etot   =      -508.9944  EKtot   =       544.7813  EPtot      =     -1053.7757
 BOND   =       209.7275  ANGLE   =       358.5435  DIHED      =       543.2182
 1-4 NB =       161.2566  1-4 EEL =      -311.7941  VDWAALS    =      -325.1992
 EELEC  =     -1689.5283  EHBOND  =         0.0000  RESTRAINT  =         0.0000
 ------------------------------------------------------------------------------


 NSTEP =    37500   TIME(PS) =      37.500  TEMP(K) =   294.25  PRESS =     0.0
 Etot   =       368.2557  EKtot   =       559.5810  EPtot      =      -191.3254
 BOND   =       224.9214  ANGLE   =       327.7262  DIHED      =       530.9991
 1-4 NB =       165.3320  1-4 EEL =      -330.5021  VDWAALS    =      -311.4201
 EELEC  =      -798.3819  EHBOND  =         0.0000  RESTRAINT  =         0.0000
 ------------------------------------------------------------------------------


 NSTEP =    37600   TIME(PS) =      37.600  TEMP(K) =   303.57  PRESS =     0.0
 Etot   =       -86.1669  EKtot   =       577.3110  EPtot      =      -663.4779
 BOND   =       217.2759  ANGLE   =       338.1836  DIHED      =       526.9661
 1-4 NB =       167.3977  1-4 EEL =      -327.9104  VDWAALS    =      -299.9548
 EELEC  =     -1285.4360  EHBOND  =         0.0000  RESTRAINT  =         0.0000
 ------------------------------------------------------------------------------


 NSTEP =    37700   TIME(PS) =      37.700  TEMP(K) =   289.46  PRESS =     0.0
 Etot   =      -124.7151  EKtot   =       550.4844  EPtot      =      -675.1995
 BOND   =       224.2109  ANGLE   =       351.7239  DIHED      =       511.8774
 1-4 NB =       165.0633  1-4 EEL =      -334.9371  VDWAALS    =      -294.5188
 EELEC  =     -1298.6191  EHBOND  =         0.0000  RESTRAINT  =         0.0000
 ------------------------------------------------------------------------------


 NSTEP =    37800   TIME(PS) =      37.800  TEMP(K) =   294.49  PRESS =     0.0
 Etot   =        15.7658  EKtot   =       560.0372  EPtot      =      -544.2714
 BOND   =       214.1105  ANGLE   =       349.1571  DIHED      =       522.9544
 1-4 NB =       173.1697  1-4 EEL =      -340.9551  VDWAALS    =      -313.0891
 EELEC  =     -1149.6189  EHBOND  =         0.0000  RESTRAINT  =         0.0000
 ------------------------------------------------------------------------------


 NSTEP =    37900   TIME(PS) =      37.900  TEMP(K) =   312.69  PRESS =     0.0
 Etot   =      -212.4294  EKtot   =       594.6587  EPtot      =      -807.0881
 BOND   =       238.2873  ANGLE   =       314.2165  DIHED      =       503.8880
 1-4 NB =       167.3801  1-4 EEL =      -335.1046  VDWAALS    =      -318.3556
 EELEC  =     -1377.3999  EHBOND  =         0.0000  RESTRAINT  =         0.0000
 ------------------------------------------------------------------------------

| RE_POSITION Moving by  -0.342120 -0.448609 -0.857627

 NSTEP =    38000   TIME(PS) =      38.000  TEMP(K) =   299.19  PRESS =     0.0
 Etot   =       -95.9831  EKtot   =       568.9888  EPtot      =      -664.9719
 BOND   =       216.6267  ANGLE   =       347.1149  DIHED      =       516.1084
 1-4 NB =       168.5089  1-4 EEL =      -325.0626  VDWAALS    =      -316.7096
 EELEC  =     -1271.5586  EHBOND  =         0.0000  RESTRAINT  =         0.0000
 ------------------------------------------------------------------------------


 NSTEP =    38100   TIME(PS) =      38.100  TEMP(K) =   293.32  PRESS =     0.0
 Etot   =      -159.2976  EKtot   =       557.8263  EPtot      =      -717.1239
 BOND   =       224.0088  ANGLE   =       344.8468  DIHED      =       504.3392
 1-4 NB =       164.7421  1-4 EEL =      -315.7765  VDWAALS    =      -312.7739
 EELEC  =     -1326.5105  EHBOND  =         0.0000  RESTRAINT  =         0.0000
 ------------------------------------------------------------------------------


 NSTEP =    38200   TIME(PS) =      38.200  TEMP(K) =   291.20  PRESS =     0.0
 Etot   =       -28.2841  EKtot   =       553.7864  EPtot      =      -582.0705
 BOND   =       229.6560  ANGLE   =       353.3181  DIHED      =       495.6477
 1-4 NB =       167.8846  1-4 EEL =      -316.9917  VDWAALS    =      -317.5484
 EELEC  =     -1194.0368  EHBOND  =         0.0000  RESTRAINT  =         0.0000
 ------------------------------------------------------------------------------


 NSTEP =    38300   TIME(PS) =      38.300  TEMP(K) =   295.71  PRESS =     0.0
 Etot   =      -303.9861  EKtot   =       562.3685  EPtot      =      -866.3546
 BOND   =       202.0111  ANGLE   =       334.0237  DIHED      =       510.7812
 1-4 NB =       167.6099  1-4 EEL =      -326.8833  VDWAALS    =      -314.0323
 EELEC  =     -1439.8649  EHBOND  =         0.0000  RESTRAINT  =         0.0000
 ------------------------------------------------------------------------------


 NSTEP =    38400   TIME(PS) =      38.400  TEMP(K) =   289.82  PRESS =     0.0
 Etot   =      -168.8819  EKtot   =       551.1548  EPtot      =      -720.0367
 BOND   =       197.7856  ANGLE   =       358.5325  DIHED      =       515.0850
 1-4 NB =       164.0817  1-4 EEL =      -326.0703  VDWAALS    =      -312.0147
 EELEC  =     -1317.4365  EHBOND  =         0.0000  RESTRAINT  =         0.0000
 ------------------------------------------------------------------------------


 NSTEP =    38500   TIME(PS) =      38.500  TEMP(K) =   291.93  PRESS =     0.0
 Etot   =        -6.0535  EKtot   =       555.1693  EPtot      =      -561.2228
 BOND   =       226.4837  ANGLE   =       330.5476  DIHED      =       503.5734
 1-4 NB =       166.2246  1-4 EEL =      -318.8482  VDWAALS    =      -306.9537
 EELEC  =     -1162.2504  EHBOND  =         0.0000  RESTRAINT  =         0.0000
 ------------------------------------------------------------------------------


 NSTEP =    38600   TIME(PS) =      38.600  TEMP(K) =   284.90  PRESS =     0.0
 Etot   =      -261.3882  EKtot   =       541.8147  EPtot      =      -803.2029
 BOND   =       233.5896  ANGLE   =       354.7719  DIHED      =       498.0122
 1-4 NB =       165.0865  1-4 EEL =      -332.2112  VDWAALS    =      -313.9568
 EELEC  =     -1408.4951  EHBOND  =         0.0000  RESTRAINT  =         0.0000
 ------------------------------------------------------------------------------


 NSTEP =    38700   TIME(PS) =      38.700  TEMP(K) =   292.53  PRESS =     0.0
 Etot   =      -127.6333  EKtot   =       556.3177  EPtot      =      -683.9510
 BOND   =       204.9830  ANGLE   =       344.5594  DIHED      =       520.7010
 1-4 NB =       165.8103  1-4 EEL =      -334.3514  VDWAALS    =      -311.0359
 EELEC  =     -1274.6174  EHBOND  =         0.0000  RESTRAINT  =         0.0000
 ------------------------------------------------------------------------------


 NSTEP =    38800   TIME(PS) =      38.800  TEMP(K) =   277.27  PRESS =     0.0
 Etot   =      -133.2932  EKtot   =       527.2882  EPtot      =      -660.5813
 BOND   =       218.3780  ANGLE   =       338.5182  DIHED      =       528.0251
 1-4 NB =       170.0643  1-4 EEL =      -318.8563  VDWAALS    =      -305.7164
 EELEC  =     -1290.9943  EHBOND  =         0.0000  RESTRAINT  =         0.0000
 ------------------------------------------------------------------------------


 NSTEP =    38900   TIME(PS) =      38.900  TEMP(K) =   279.42  PRESS =     0.0
 Etot   =      -699.1929  EKtot   =       531.3896  EPtot      =     -1230.5825
 BOND   =       203.9480  ANGLE   =       354.4572  DIHED      =       516.8196
 1-4 NB =       170.2219  1-4 EEL =      -335.1205  VDWAALS    =      -317.0404
 EELEC  =     -1823.8684  EHBOND  =         0.0000  RESTRAINT  =         0.0000
 ------------------------------------------------------------------------------

| RE_POSITION Moving by  -0.006204  0.253676 -0.006970

 NSTEP =    39000   TIME(PS) =      39.000  TEMP(K) =   299.31  PRESS =     0.0
 Etot   =      -328.2408  EKtot   =       569.2124  EPtot      =      -897.4532
 BOND   =       221.5966  ANGLE   =       315.9004  DIHED      =       528.5273
 1-4 NB =       170.3554  1-4 EEL =      -337.9292  VDWAALS    =      -310.8189
 EELEC  =     -1485.0848  EHBOND  =         0.0000  RESTRAINT  =         0.0000
 ------------------------------------------------------------------------------


 NSTEP =    39100   TIME(PS) =      39.100  TEMP(K) =   278.08  PRESS =     0.0
 Etot   =        11.0575  EKtot   =       528.8289  EPtot      =      -517.7714
 BOND   =       214.4758  ANGLE   =       346.1640  DIHED      =       514.1045
 1-4 NB =       165.7753  1-4 EEL =      -308.1977  VDWAALS    =      -311.1161
 EELEC  =     -1138.9771  EHBOND  =         0.0000  RESTRAINT  =         0.0000
 ------------------------------------------------------------------------------


 NSTEP =    39200   TIME(PS) =      39.200  TEMP(K) =   290.01  PRESS =     0.0
 Etot   =      -187.1013  EKtot   =       551.5309  EPtot      =      -738.6322
 BOND   =       224.9323  ANGLE   =       336.3368  DIHED      =       510.7498
 1-4 NB =       167.5897  1-4 EEL =      -333.4251  VDWAALS    =      -304.5280
 EELEC  =     -1340.2876  EHBOND  =         0.0000  RESTRAINT  =         0.0000
 ------------------------------------------------------------------------------


 NSTEP =    39300   TIME(PS) =      39.300  TEMP(K) =   295.42  PRESS =     0.0
 Etot   =      -252.6306  EKtot   =       561.8207  EPtot      =      -814.4513
 BOND   =       224.7104  ANGLE   =       303.0780  DIHED      =       518.7363
 1-4 NB =       168.4312  1-4 EEL =      -304.8616  VDWAALS    =      -315.3880
 EELEC  =     -1409.1576  EHBOND  =         0.0000  RESTRAINT  =         0.0000
 ------------------------------------------------------------------------------


 NSTEP =    39400   TIME(PS) =      39.400  TEMP(K) =   290.82  PRESS =     0.0
 Etot   =      -287.4719  EKtot   =       553.0671  EPtot      =      -840.5390
 BOND   =       218.7632  ANGLE   =       329.2363  DIHED      =       517.8124
 1-4 NB =       162.0653  1-4 EEL =      -331.0229  VDWAALS    =      -306.8688
 EELEC  =     -1430.5245  EHBOND  =         0.0000  RESTRAINT  =         0.0000
 ------------------------------------------------------------------------------


 NSTEP =    39500   TIME(PS) =      39.500  TEMP(K) =   287.30  PRESS =     0.0
 Etot   =        62.7419  EKtot   =       546.3784  EPtot      =      -483.6364
 BOND   =       237.2958  ANGLE   =       317.8001  DIHED      =       505.4577
 1-4 NB =       164.8821  1-4 EEL =      -341.1141  VDWAALS    =      -298.0544
 EELEC  =     -1069.9036  EHBOND  =         0.0000  RESTRAINT  =         0.0000
 ------------------------------------------------------------------------------


 NSTEP =    39600   TIME(PS) =      39.600  TEMP(K) =   294.91  PRESS =     0.0
 Etot   =       215.0069  EKtot   =       560.8514  EPtot      =      -345.8446
 BOND   =       213.5925  ANGLE   =       340.0703  DIHED      =       517.3046
 1-4 NB =       166.1841  1-4 EEL =      -337.2222  VDWAALS    =      -306.2975
 EELEC  =      -939.4765  EHBOND  =         0.0000  RESTRAINT  =         0.0000
 ------------------------------------------------------------------------------


 NSTEP =    39700   TIME(PS) =      39.700  TEMP(K) =   279.91  PRESS =     0.0
 Etot   =      -307.2134  EKtot   =       532.3236  EPtot      =      -839.5369
 BOND   =       224.1146  ANGLE   =       337.4145  DIHED      =       508.7422
 1-4 NB =       170.2407  1-4 EEL =      -337.3933  VDWAALS    =      -318.7525
 EELEC  =     -1423.9032  EHBOND  =         0.0000  RESTRAINT  =         0.0000
 ------------------------------------------------------------------------------


 NSTEP =    39800   TIME(PS) =      39.800  TEMP(K) =   282.53  PRESS =     0.0
 Etot   =      -505.9659  EKtot   =       537.2963  EPtot      =     -1043.2622
 BOND   =       235.8296  ANGLE   =       315.2186  DIHED      =       509.0001
 1-4 NB =       167.6368  1-4 EEL =      -344.3249  VDWAALS    =      -308.1189
 EELEC  =     -1618.5036  EHBOND  =         0.0000  RESTRAINT  =         0.0000
 ------------------------------------------------------------------------------


 NSTEP =    39900   TIME(PS) =      39.900  TEMP(K) =   286.87  PRESS =     0.0
 Etot   =       -96.1226  EKtot   =       545.5449  EPtot      =      -641.6675
 BOND   =       216.6786  ANGLE   =       351.6614  DIHED      =       490.5545
 1-4 NB =       169.5238  1-4 EEL =      -333.5289  VDWAALS    =      -288.0354
 EELEC  =     -1248.5216  EHBOND  =         0.0000  RESTRAINT  =         0.0000
 ------------------------------------------------------------------------------

| RE_POSITION Moving by  -0.182311 -0.004891 -0.716050

 NSTEP =    40000   TIME(PS) =      40.000  TEMP(K) =   292.81  PRESS =     0.0
 Etot   =      -170.7249  EKtot   =       556.8513  EPtot      =      -727.5762
 BOND   =       211.2136  ANGLE   =       323.2816  DIHED      =       512.4856
 1-4 NB =       161.9381  1-4 EEL =      -310.7852  VDWAALS    =      -307.8486
 EELEC  =     -1317.8613  EHBOND  =         0.0000  RESTRAINT  =         0.0000
 ------------------------------------------------------------------------------


 NSTEP =    40100   TIME(PS) =      40.100  TEMP(K) =   292.75  PRESS =     0.0
 Etot   =      -268.0632  EKtot   =       556.7284  EPtot      =      -824.7916
 BOND   =       229.2253  ANGLE   =       352.7285  DIHED      =       503.0376
 1-4 NB =       162.8317  1-4 EEL =      -340.1923  VDWAALS    =      -317.0420
 EELEC  =     -1415.3804  EHBOND  =         0.0000  RESTRAINT  =         0.0000
 ------------------------------------------------------------------------------


 NSTEP =    40200   TIME(PS) =      40.200  TEMP(K) =   296.54  PRESS =     0.0
 Etot   =       188.0993  EKtot   =       563.9477  EPtot      =      -375.8484
 BOND   =       231.8544  ANGLE   =       326.0430  DIHED      =       514.0692
 1-4 NB =       169.3308  1-4 EEL =      -320.9543  VDWAALS    =      -316.5973
 EELEC  =      -979.5942  EHBOND  =         0.0000  RESTRAINT  =         0.0000
 ------------------------------------------------------------------------------


 NSTEP =    40300   TIME(PS) =      40.300  TEMP(K) =   303.62  PRESS =     0.0
 Etot   =       -96.4608  EKtot   =       577.4060  EPtot      =      -673.8667
 BOND   =       222.6900  ANGLE   =       329.6032  DIHED      =       513.8861
 1-4 NB =       165.4659  1-4 EEL =      -338.8034  VDWAALS    =      -313.4993
 EELEC  =     -1253.2092  EHBOND  =         0.0000  RESTRAINT  =         0.0000
 ------------------------------------------------------------------------------


 NSTEP =    40400   TIME(PS) =      40.400  TEMP(K) =   299.63  PRESS =     0.0
 Etot   =        60.3516  EKtot   =       569.8253  EPtot      =      -509.4738
 BOND   =       213.3597  ANGLE   =       361.1492  DIHED      =       491.4377
 1-4 NB =       169.2716  1-4 EEL =      -332.3355  VDWAALS    =      -315.6412
 EELEC  =     -1096.7152  EHBOND  =         0.0000  RESTRAINT  =         0.0000
 ------------------------------------------------------------------------------


 NSTEP =    40500   TIME(PS) =      40.500  TEMP(K) =   302.67  PRESS =     0.0
 Etot   =       164.6274  EKtot   =       575.5986  EPtot      =      -410.9712
 BOND   =       236.8109  ANGLE   =       342.8684  DIHED      =       503.8712
 1-4 NB =       164.8734  1-4 EEL =      -337.8571  VDWAALS    =      -328.5785
 EELEC  =      -992.9595  EHBOND  =         0.0000  RESTRAINT  =         0.0000
 ------------------------------------------------------------------------------


 NSTEP =    40600   TIME(PS) =      40.600  TEMP(K) =   282.81  PRESS =     0.0
 Etot   =      -249.1918  EKtot   =       537.8346  EPtot      =      -787.0264
 BOND   =       229.0709  ANGLE   =       354.6283  DIHED      =       512.9278
 1-4 NB =       169.1965  1-4 EEL =      -324.9051  VDWAALS    =      -318.3499
 EELEC  =     -1409.5949  EHBOND  =         0.0000  RESTRAINT  =         0.0000
 ------------------------------------------------------------------------------


 NSTEP =    40700   TIME(PS) =      40.700  TEMP(K) =   302.72  PRESS =     0.0
 Etot   =      -232.4686  EKtot   =       575.6992  EPtot      =      -808.1677
 BOND   =       215.5212  ANGLE   =       351.6634  DIHED      =       513.7487
 1-4 NB =       163.1156  1-4 EEL =      -338.1327  VDWAALS    =      -317.8804
 EELEC  =     -1396.2037  EHBOND  =         0.0000  RESTRAINT  =         0.0000
 ------------------------------------------------------------------------------


 NSTEP =    40800   TIME(PS) =      40.800  TEMP(K) =   300.50  PRESS =     0.0
 Etot   =       -79.3030  EKtot   =       571.4775  EPtot      =      -650.7805
 BOND   =       242.0064  ANGLE   =       340.9855  DIHED      =       502.5441
 1-4 NB =       163.6521  1-4 EEL =      -339.8328  VDWAALS    =      -313.3592
 EELEC  =     -1246.7766  EHBOND  =         0.0000  RESTRAINT  =         0.0000
 ------------------------------------------------------------------------------


 NSTEP =    40900   TIME(PS) =      40.900  TEMP(K) =   303.90  PRESS =     0.0
 Etot   =      -177.4348  EKtot   =       577.9304  EPtot      =      -755.3652
 BOND   =       225.0367  ANGLE   =       333.3341  DIHED      =       508.5106
 1-4 NB =       176.3942  1-4 EEL =      -334.5259  VDWAALS    =      -309.9843
 EELEC  =     -1354.1306  EHBOND  =         0.0000  RESTRAINT  =         0.0000
 ------------------------------------------------------------------------------

| RE_POSITION Moving by  -0.017476  0.215067  0.342661

 NSTEP =    41000   TIME(PS) =      41.000  TEMP(K) =   289.34  PRESS =     0.0
 Etot   =      -525.3895  EKtot   =       550.2464  EPtot      =     -1075.6359
 BOND   =       254.3982  ANGLE   =       323.3414  DIHED      =       531.8409
 1-4 NB =       161.9859  1-4 EEL =      -326.3859  VDWAALS    =      -312.1602
 EELEC  =     -1708.6560  EHBOND  =         0.0000  RESTRAINT  =         0.0000
 ------------------------------------------------------------------------------


 NSTEP =    41100   TIME(PS) =      41.100  TEMP(K) =   299.02  PRESS =     0.0
 Etot   =      -114.4516  EKtot   =       568.6683  EPtot      =      -683.1199
 BOND   =       235.8981  ANGLE   =       355.2019  DIHED      =       506.7645
 1-4 NB =       173.8441  1-4 EEL =      -333.9854  VDWAALS    =      -311.7361
 EELEC  =     -1309.1069  EHBOND  =         0.0000  RESTRAINT  =         0.0000
 ------------------------------------------------------------------------------


 NSTEP =    41200   TIME(PS) =      41.200  TEMP(K) =   306.43  PRESS =     0.0
 Etot   =      -140.8423  EKtot   =       582.7431  EPtot      =      -723.5853
 BOND   =       222.2645  ANGLE   =       359.1372  DIHED      =       512.1987
 1-4 NB =       160.5736  1-4 EEL =      -319.1554  VDWAALS    =      -322.1760
 EELEC  =     -1336.4278  EHBOND  =         0.0000  RESTRAINT  =         0.0000
 ------------------------------------------------------------------------------


 NSTEP =    41300   TIME(PS) =      41.300  TEMP(K) =   306.10  PRESS =     0.0
 Etot   =      -241.2922  EKtot   =       582.1146  EPtot      =      -823.4068
 BOND   =       238.3875  ANGLE   =       328.2200  DIHED      =       522.5318
 1-4 NB =       161.6042  1-4 EEL =      -319.9193  VDWAALS    =      -316.5406
 EELEC  =     -1437.6903  EHBOND  =         0.0000  RESTRAINT  =         0.0000
 ------------------------------------------------------------------------------


 NSTEP =    41400   TIME(PS) =      41.400  TEMP(K) =   312.44  PRESS =     0.0
 Etot   =      -221.6889  EKtot   =       594.1770  EPtot      =      -815.8659
 BOND   =       223.1032  ANGLE   =       332.1692  DIHED      =       515.0703
 1-4 NB =       176.2410  1-4 EEL =      -323.9703  VDWAALS    =      -301.9079
 EELEC  =     -1436.5714  EHBOND  =         0.0000  RESTRAINT  =         0.0000
 ------------------------------------------------------------------------------


 NSTEP =    41500   TIME(PS) =      41.500  TEMP(K) =   299.73  PRESS =     0.0
 Etot   =        75.3181  EKtot   =       570.0072  EPtot      =      -494.6892
 BOND   =       213.6364  ANGLE   =       339.8205  DIHED      =       520.2414
 1-4 NB =       162.1627  1-4 EEL =      -330.5012  VDWAALS    =      -315.7498
 EELEC  =     -1084.2992  EHBOND  =         0.0000  RESTRAINT  =         0.0000
 ------------------------------------------------------------------------------


 NSTEP =    41600   TIME(PS) =      41.600  TEMP(K) =   305.07  PRESS =     0.0
 Etot   =        44.3711  EKtot   =       580.1587  EPtot      =      -535.7876
 BOND   =       223.0729  ANGLE   =       320.8839  DIHED      =       504.6850
 1-4 NB =       162.2147  1-4 EEL =      -311.4116  VDWAALS    =      -303.7956
 EELEC  =     -1131.4370  EHBOND  =         0.0000  RESTRAINT  =         0.0000
 ------------------------------------------------------------------------------


 NSTEP =    41700   TIME(PS) =      41.700  TEMP(K) =   302.07  PRESS =     0.0
 Etot   =      -312.9419  EKtot   =       574.4518  EPtot      =      -887.3937
 BOND   =       218.4461  ANGLE   =       324.2758  DIHED      =       510.4277
 1-4 NB =       170.7216  1-4 EEL =      -298.9175  VDWAALS    =      -321.5696
 EELEC  =     -1490.7779  EHBOND  =         0.0000  RESTRAINT  =         0.0000
 ------------------------------------------------------------------------------


 NSTEP =    41800   TIME(PS) =      41.800  TEMP(K) =   297.61  PRESS =     0.0
 Etot   =      -109.3233  EKtot   =       565.9850  EPtot      =      -675.3082
 BOND   =       232.7266  ANGLE   =       333.9584  DIHED      =       512.3253
 1-4 NB =       167.3832  1-4 EEL =      -322.9890  VDWAALS    =      -325.3676
 EELEC  =     -1273.3451  EHBOND  =         0.0000  RESTRAINT  =         0.0000
 ------------------------------------------------------------------------------


 NSTEP =    41900   TIME(PS) =      41.900  TEMP(K) =   290.02  PRESS =     0.0
 Etot   =       -29.3985  EKtot   =       551.5366  EPtot      =      -580.9351
 BOND   =       238.7416  ANGLE   =       321.8259  DIHED      =       523.8480
 1-4 NB =       172.9032  1-4 EEL =      -323.5831  VDWAALS    =      -309.5908
 EELEC  =     -1205.0800  EHBOND  =         0.0000  RESTRAINT  =         0.0000
 ------------------------------------------------------------------------------

| RE_POSITION Moving by  -0.084271 -0.405814  0.742465

 NSTEP =    42000   TIME(PS) =      42.000  TEMP(K) =   310.57  PRESS =     0.0
 Etot   =      -291.1847  EKtot   =       590.6332  EPtot      =      -881.8179
 BOND   =       228.5626  ANGLE   =       329.5815  DIHED      =       507.0269
 1-4 NB =       170.1390  1-4 EEL =      -341.2763  VDWAALS    =      -323.0496
 EELEC  =     -1452.8020  EHBOND  =         0.0000  RESTRAINT  =         0.0000
 ------------------------------------------------------------------------------


 NSTEP =    42100   TIME(PS) =      42.100  TEMP(K) =   287.87  PRESS =     0.0
 Etot   =        65.1855  EKtot   =       547.4558  EPtot      =      -482.2703
 BOND   =       240.2854  ANGLE   =       347.8380  DIHED      =       525.9159
 1-4 NB =       163.2549  1-4 EEL =      -338.1760  VDWAALS    =      -319.7838
 EELEC  =     -1101.6047  EHBOND  =         0.0000  RESTRAINT  =         0.0000
 ------------------------------------------------------------------------------


 NSTEP =    42200   TIME(PS) =      42.200  TEMP(K) =   286.42  PRESS =     0.0
 Etot   =       191.7000  EKtot   =       544.7036  EPtot      =      -353.0036
 BOND   =       234.3108  ANGLE   =       339.3268  DIHED      =       504.6270
 1-4 NB =       169.0352  1-4 EEL =      -323.1035  VDWAALS    =      -330.7478
 EELEC  =      -946.4520  EHBOND  =         0.0000  RESTRAINT  =         0.0000
 ------------------------------------------------------------------------------


 NSTEP =    42300   TIME(PS) =      42.300  TEMP(K) =   282.75  PRESS =     0.0
 Etot   =       -82.6736  EKtot   =       537.7213  EPtot      =      -620.3949
 BOND   =       264.9125  ANGLE   =       315.4486  DIHED      =       510.2600
 1-4 NB =       171.2690  1-4 EEL =      -322.8939  VDWAALS    =      -323.3956
 EELEC  =     -1235.9955  EHBOND  =         0.0000  RESTRAINT  =         0.0000
 ------------------------------------------------------------------------------


 NSTEP =    42400   TIME(PS) =      42.400  TEMP(K) =   297.77  PRESS =     0.0
 Etot   =        97.7600  EKtot   =       566.2879  EPtot      =      -468.5279
 BOND   =       229.9243  ANGLE   =       328.7558  DIHED      =       506.8965
 1-4 NB =       165.9888  1-4 EEL =      -315.3478  VDWAALS    =      -317.9378
 EELEC  =     -1066.8077  EHBOND  =         0.0000  RESTRAINT  =         0.0000
 ------------------------------------------------------------------------------


 NSTEP =    42500   TIME(PS) =      42.500  TEMP(K) =   301.21  PRESS =     0.0
 Etot   =       315.8943  EKtot   =       572.8271  EPtot      =      -256.9329
 BOND   =       230.4885  ANGLE   =       352.0385  DIHED      =       499.3543
 1-4 NB =       164.5491  1-4 EEL =      -337.2816  VDWAALS    =      -323.5317
 EELEC  =      -842.5500  EHBOND  =         0.0000  RESTRAINT  =         0.0000
 ------------------------------------------------------------------------------


 NSTEP =    42600   TIME(PS) =      42.600  TEMP(K) =   298.64  PRESS =     0.0
 Etot   =       200.2802  EKtot   =       567.9369  EPtot      =      -367.6567
 BOND   =       221.0195  ANGLE   =       367.1264  DIHED      =       512.8981
 1-4 NB =       164.0749  1-4 EEL =      -341.9248  VDWAALS    =      -338.0804
 EELEC  =      -952.7705  EHBOND  =         0.0000  RESTRAINT  =         0.0000
 ------------------------------------------------------------------------------


 NSTEP =    42700   TIME(PS) =      42.700  TEMP(K) =   317.39  PRESS =     0.0
 Etot   =       111.6748  EKtot   =       603.6010  EPtot      =      -491.9262
 BOND   =       236.9270  ANGLE   =       345.9345  DIHED      =       510.2318
 1-4 NB =       165.5544  1-4 EEL =      -342.0957  VDWAALS    =      -325.9442
 EELEC  =     -1082.5341  EHBOND  =         0.0000  RESTRAINT  =         0.0000
 ------------------------------------------------------------------------------


 NSTEP =    42800   TIME(PS) =      42.800  TEMP(K) =   318.48  PRESS =     0.0
 Etot   =      -153.0999  EKtot   =       605.6594  EPtot      =      -758.7594
 BOND   =       216.1660  ANGLE   =       348.4948  DIHED      =       508.1128
 1-4 NB =       164.6327  1-4 EEL =      -321.2006  VDWAALS    =      -326.4866
 EELEC  =     -1348.4785  EHBOND  =         0.0000  RESTRAINT  =         0.0000
 ------------------------------------------------------------------------------


 NSTEP =    42900   TIME(PS) =      42.900  TEMP(K) =   294.15  PRESS =     0.0
 Etot   =      -145.1110  EKtot   =       559.3889  EPtot      =      -704.4998
 BOND   =       235.1972  ANGLE   =       336.0506  DIHED      =       525.2288
 1-4 NB =       168.6635  1-4 EEL =      -326.6534  VDWAALS    =      -315.2995
 EELEC  =     -1327.6871  EHBOND  =         0.0000  RESTRAINT  =         0.0000
 ------------------------------------------------------------------------------

| RE_POSITION Moving by   0.153747 -0.073312  0.095364

 NSTEP =    43000   TIME(PS) =      43.000  TEMP(K) =   310.75  PRESS =     0.0
 Etot   =      -130.3567  EKtot   =       590.9608  EPtot      =      -721.3175
 BOND   =       215.4397  ANGLE   =       360.9525  DIHED      =       510.8401
 1-4 NB =       164.0682  1-4 EEL =      -334.7433  VDWAALS    =      -322.3671
 EELEC  =     -1315.5075  EHBOND  =         0.0000  RESTRAINT  =         0.0000
 ------------------------------------------------------------------------------


 NSTEP =    43100   TIME(PS) =      43.100  TEMP(K) =   304.74  PRESS =     0.0
 Etot   =       301.5275  EKtot   =       579.5325  EPtot      =      -278.0050
 BOND   =       239.6404  ANGLE   =       325.8490  DIHED      =       514.2531
 1-4 NB =       165.4934  1-4 EEL =      -330.8226  VDWAALS    =      -320.0090
 EELEC  =      -872.4094  EHBOND  =         0.0000  RESTRAINT  =         0.0000
 ------------------------------------------------------------------------------


 NSTEP =    43200   TIME(PS) =      43.200  TEMP(K) =   303.60  PRESS =     0.0
 Etot   =      -172.3782  EKtot   =       577.3757  EPtot      =      -749.7539
 BOND   =       227.1179  ANGLE   =       329.2795  DIHED      =       515.6204
 1-4 NB =       170.1525  1-4 EEL =      -349.1571  VDWAALS    =      -320.6613
 EELEC  =     -1322.1056  EHBOND  =         0.0000  RESTRAINT  =         0.0000
 ------------------------------------------------------------------------------


 NSTEP =    43300   TIME(PS) =      43.300  TEMP(K) =   286.16  PRESS =     0.0
 Etot   =      -164.4491  EKtot   =       544.1994  EPtot      =      -708.6486
 BOND   =       228.4613  ANGLE   =       369.8280  DIHED      =       503.6825
 1-4 NB =       163.5690  1-4 EEL =      -324.6952  VDWAALS    =      -331.1705
 EELEC  =     -1318.3236  EHBOND  =         0.0000  RESTRAINT  =         0.0000
 ------------------------------------------------------------------------------


 NSTEP =    43400   TIME(PS) =      43.400  TEMP(K) =   301.40  PRESS =     0.0
 Etot   =       -56.3904  EKtot   =       573.1932  EPtot      =      -629.5836
 BOND   =       212.5132  ANGLE   =       333.6727  DIHED      =       516.2710
 1-4 NB =       171.8684  1-4 EEL =      -323.1385  VDWAALS    =      -308.7144
 EELEC  =     -1232.0559  EHBOND  =         0.0000  RESTRAINT  =         0.0000
 ------------------------------------------------------------------------------


 NSTEP =    43500   TIME(PS) =      43.500  TEMP(K) =   295.55  PRESS =     0.0
 Etot   =       106.6566  EKtot   =       562.0535  EPtot      =      -455.3969
 BOND   =       235.4356  ANGLE   =       309.4110  DIHED      =       535.7145
 1-4 NB =       164.5251  1-4 EEL =      -338.5457  VDWAALS    =      -319.5826
 EELEC  =     -1042.3549  EHBOND  =         0.0000  RESTRAINT  =         0.0000
 ------------------------------------------------------------------------------


 NSTEP =    43600   TIME(PS) =      43.600  TEMP(K) =   296.46  PRESS =     0.0
 Etot   =       132.8733  EKtot   =       563.7836  EPtot      =      -430.9103
 BOND   =       207.5895  ANGLE   =       334.7371  DIHED      =       521.5925
 1-4 NB =       173.0297  1-4 EEL =      -324.3097  VDWAALS    =      -310.4723
 EELEC  =     -1033.0771  EHBOND  =         0.0000  RESTRAINT  =         0.0000
 ------------------------------------------------------------------------------


 NSTEP =    43700   TIME(PS) =      43.700  TEMP(K) =   291.13  PRESS =     0.0
 Etot   =       233.0751  EKtot   =       553.6563  EPtot      =      -320.5811
 BOND   =       230.7017  ANGLE   =       347.3360  DIHED      =       506.5915
 1-4 NB =       160.8119  1-4 EEL =      -325.8187  VDWAALS    =      -308.6581
 EELEC  =      -931.5454  EHBOND  =         0.0000  RESTRAINT  =         0.0000
 ------------------------------------------------------------------------------


 NSTEP =    43800   TIME(PS) =      43.800  TEMP(K) =   315.14  PRESS =     0.0
 Etot   =       275.6135  EKtot   =       599.3062  EPtot      =      -323.6928
 BOND   =       201.1969  ANGLE   =       322.7795  DIHED      =       509.0444
 1-4 NB =       167.8503  1-4 EEL =      -338.4951  VDWAALS    =      -322.0312
 EELEC  =      -864.0376  EHBOND  =         0.0000  RESTRAINT  =         0.0000
 ------------------------------------------------------------------------------


 NSTEP =    43900   TIME(PS) =      43.900  TEMP(K) =   294.66  PRESS =     0.0
 Etot   =      -185.6049  EKtot   =       560.3746  EPtot      =      -745.9795
 BOND   =       229.1178  ANGLE   =       326.9478  DIHED      =       522.6236
 1-4 NB =       176.9460  1-4 EEL =      -333.7681  VDWAALS    =      -309.9402
 EELEC  =     -1357.9063  EHBOND  =         0.0000  RESTRAINT  =         0.0000
 ------------------------------------------------------------------------------

| RE_POSITION Moving by   0.019030  0.262936 -0.074856

 NSTEP =    44000   TIME(PS) =      44.000  TEMP(K) =   295.14  PRESS =     0.0
 Etot   =      -274.9824  EKtot   =       561.2747  EPtot      =      -836.2571
 BOND   =       242.3017  ANGLE   =       320.7441  DIHED      =       516.2783
 1-4 NB =       163.1993  1-4 EEL =      -337.5529  VDWAALS    =      -312.1894
 EELEC  =     -1429.0381  EHBOND  =         0.0000  RESTRAINT  =         0.0000
 ------------------------------------------------------------------------------


 NSTEP =    44100   TIME(PS) =      44.100  TEMP(K) =   300.50  PRESS =     0.0
 Etot   =      -314.6241  EKtot   =       571.4823  EPtot      =      -886.1065
 BOND   =       231.8269  ANGLE   =       335.6587  DIHED      =       501.6873
 1-4 NB =       176.5338  1-4 EEL =      -328.9667  VDWAALS    =      -316.2225
 EELEC  =     -1486.6239  EHBOND  =         0.0000  RESTRAINT  =         0.0000
 ------------------------------------------------------------------------------


 NSTEP =    44200   TIME(PS) =      44.200  TEMP(K) =   303.84  PRESS =     0.0
 Etot   =      -268.3195  EKtot   =       577.8193  EPtot      =      -846.1388
 BOND   =       231.6530  ANGLE   =       340.2734  DIHED      =       497.3446
 1-4 NB =       168.2100  1-4 EEL =      -349.6429  VDWAALS    =      -315.6260
 EELEC  =     -1418.3509  EHBOND  =         0.0000  RESTRAINT  =         0.0000
 ------------------------------------------------------------------------------


 NSTEP =    44300   TIME(PS) =      44.300  TEMP(K) =   303.62  PRESS =     0.0
 Etot   =      -174.0713  EKtot   =       577.4138  EPtot      =      -751.4851
 BOND   =       235.9759  ANGLE   =       338.4753  DIHED      =       510.7263
 1-4 NB =       170.3162  1-4 EEL =      -328.5890  VDWAALS    =      -322.0812
 EELEC  =     -1356.3087  EHBOND  =         0.0000  RESTRAINT  =         0.0000
 ------------------------------------------------------------------------------


 NSTEP =    44400   TIME(PS) =      44.400  TEMP(K) =   298.90  PRESS =     0.0
 Etot   =      -306.7639  EKtot   =       568.4266  EPtot      =      -875.1905
 BOND   =       219.6321  ANGLE   =       336.0135  DIHED      =       516.5625
 1-4 NB =       164.4495  1-4 EEL =      -334.2047  VDWAALS    =      -326.2216
 EELEC  =     -1451.4218  EHBOND  =         0.0000  RESTRAINT  =         0.0000
 ------------------------------------------------------------------------------


 NSTEP =    44500   TIME(PS) =      44.500  TEMP(K) =   294.66  PRESS =     0.0
 Etot   =      -111.4969  EKtot   =       560.3728  EPtot      =      -671.8697
 BOND   =       241.2355  ANGLE   =       322.0550  DIHED      =       515.5492
 1-4 NB =       169.8921  1-4 EEL =      -337.9426  VDWAALS    =      -304.1209
 EELEC  =     -1278.5379  EHBOND  =         0.0000  RESTRAINT  =         0.0000
 ------------------------------------------------------------------------------


 NSTEP =    44600   TIME(PS) =      44.600  TEMP(K) =   304.95  PRESS =     0.0
 Etot   =      -323.2121  EKtot   =       579.9339  EPtot      =      -903.1460
 BOND   =       221.4566  ANGLE   =       329.8542  DIHED      =       508.9445
 1-4 NB =       172.3999  1-4 EEL =      -316.2204  VDWAALS    =      -331.7552
 EELEC  =     -1487.8256  EHBOND  =         0.0000  RESTRAINT  =         0.0000
 ------------------------------------------------------------------------------


 NSTEP =    44700   TIME(PS) =      44.700  TEMP(K) =   314.74  PRESS =     0.0
 Etot   =      -436.8439  EKtot   =       598.5453  EPtot      =     -1035.3892
 BOND   =       193.0281  ANGLE   =       346.4858  DIHED      =       506.1001
 1-4 NB =       168.4583  1-4 EEL =      -341.9154  VDWAALS    =      -321.9835
 EELEC  =     -1585.5626  EHBOND  =         0.0000  RESTRAINT  =         0.0000
 ------------------------------------------------------------------------------


 NSTEP =    44800   TIME(PS) =      44.800  TEMP(K) =   303.79  PRESS =     0.0
 Etot   =      -251.1985  EKtot   =       577.7301  EPtot      =      -828.9286
 BOND   =       207.5682  ANGLE   =       322.8849  DIHED      =       521.0189
 1-4 NB =       171.3742  1-4 EEL =      -329.3771  VDWAALS    =      -312.4572
 EELEC  =     -1409.9405  EHBOND  =         0.0000  RESTRAINT  =         0.0000
 ------------------------------------------------------------------------------


 NSTEP =    44900   TIME(PS) =      44.900  TEMP(K) =   300.49  PRESS =     0.0
 Etot   =         1.9351  EKtot   =       571.4581  EPtot      =      -569.5230
 BOND   =       217.5666  ANGLE   =       345.2532  DIHED      =       519.5070
 1-4 NB =       167.9923  1-4 EEL =      -334.1790  VDWAALS    =      -315.5566
 EELEC  =     -1170.1065  EHBOND  =         0.0000  RESTRAINT  =         0.0000
 ------------------------------------------------------------------------------

| RE_POSITION Moving by   0.156271 -0.032374  0.092097

 NSTEP =    45000   TIME(PS) =      45.000  TEMP(K) =   312.57  PRESS =     0.0
 Etot   =      -107.6847  EKtot   =       594.4319  EPtot      =      -702.1166
 BOND   =       230.7416  ANGLE   =       331.1394  DIHED      =       509.1145
 1-4 NB =       166.7372  1-4 EEL =      -323.2219  VDWAALS    =      -303.6010
 EELEC  =     -1313.0264  EHBOND  =         0.0000  RESTRAINT  =         0.0000
 ------------------------------------------------------------------------------


 NSTEP =    45100   TIME(PS) =      45.100  TEMP(K) =   293.66  PRESS =     0.0
 Etot   =       311.6939  EKtot   =       558.4659  EPtot      =      -246.7719
 BOND   =       235.4929  ANGLE   =       338.3246  DIHED      =       526.0769
 1-4 NB =       175.5635  1-4 EEL =      -340.3892  VDWAALS    =      -313.0633
 EELEC  =      -868.7773  EHBOND  =         0.0000  RESTRAINT  =         0.0000
 ------------------------------------------------------------------------------


 NSTEP =    45200   TIME(PS) =      45.200  TEMP(K) =   308.48  PRESS =     0.0
 Etot   =       186.3636  EKtot   =       586.6460  EPtot      =      -400.2823
 BOND   =       234.5093  ANGLE   =       330.6930  DIHED      =       505.2812
 1-4 NB =       166.1128  1-4 EEL =      -324.8052  VDWAALS    =      -320.4955
 EELEC  =      -991.5779  EHBOND  =         0.0000  RESTRAINT  =         0.0000
 ------------------------------------------------------------------------------


 NSTEP =    45300   TIME(PS) =      45.300  TEMP(K) =   312.17  PRESS =     0.0
 Etot   =       285.8323  EKtot   =       593.6710  EPtot      =      -307.8387
 BOND   =       208.5968  ANGLE   =       339.2376  DIHED      =       515.4951
 1-4 NB =       168.5176  1-4 EEL =      -332.3454  VDWAALS    =      -311.9880
 EELEC  =      -895.3525  EHBOND  =         0.0000  RESTRAINT  =         0.0000
 ------------------------------------------------------------------------------


 NSTEP =    45400   TIME(PS) =      45.400  TEMP(K) =   317.13  PRESS =     0.0
 Etot   =       -73.8600  EKtot   =       603.0965  EPtot      =      -676.9565
 BOND   =       222.9928  ANGLE   =       342.3972  DIHED      =       510.5377
 1-4 NB =       170.5418  1-4 EEL =      -331.8312  VDWAALS    =      -316.7211
 EELEC  =     -1274.8736  EHBOND  =         0.0000  RESTRAINT  =         0.0000
 ------------------------------------------------------------------------------


 NSTEP =    45500   TIME(PS) =      45.500  TEMP(K) =   320.75  PRESS =     0.0
 Etot   =       113.7784  EKtot   =       609.9821  EPtot      =      -496.2037
 BOND   =       225.3181  ANGLE   =       358.0393  DIHED      =       518.3716
 1-4 NB =       166.3641  1-4 EEL =      -318.5047  VDWAALS    =      -305.5901
 EELEC  =     -1140.2020  EHBOND  =         0.0000  RESTRAINT  =         0.0000
 ------------------------------------------------------------------------------


 NSTEP =    45600   TIME(PS) =      45.600  TEMP(K) =   303.46  PRESS =     0.0
 Etot   =       160.8039  EKtot   =       577.1090  EPtot      =      -416.3051
 BOND   =       212.2376  ANGLE   =       380.1860  DIHED      =       517.3393
 1-4 NB =       162.2877  1-4 EEL =      -346.3567  VDWAALS    =      -309.8301
 EELEC  =     -1032.1689  EHBOND  =         0.0000  RESTRAINT  =         0.0000
 ------------------------------------------------------------------------------


 NSTEP =    45700   TIME(PS) =      45.700  TEMP(K) =   315.79  PRESS =     0.0
 Etot   =      -137.1551  EKtot   =       600.5443  EPtot      =      -737.6993
 BOND   =       238.1250  ANGLE   =       344.3687  DIHED      =       519.2943
 1-4 NB =       166.7510  1-4 EEL =      -324.9451  VDWAALS    =      -313.9567
 EELEC  =     -1367.3365  EHBOND  =         0.0000  RESTRAINT  =         0.0000
 ------------------------------------------------------------------------------


 NSTEP =    45800   TIME(PS) =      45.800  TEMP(K) =   324.57  PRESS =     0.0
 Etot   =       118.1624  EKtot   =       617.2483  EPtot      =      -499.0860
 BOND   =       231.2186  ANGLE   =       348.8496  DIHED      =       511.7951
 1-4 NB =       165.8688  1-4 EEL =      -324.9562  VDWAALS    =      -305.3294
 EELEC  =     -1126.5324  EHBOND  =         0.0000  RESTRAINT  =         0.0000
 ------------------------------------------------------------------------------


 NSTEP =    45900   TIME(PS) =      45.900  TEMP(K) =   313.90  PRESS =     0.0
 Etot   =      -328.4418  EKtot   =       596.9482  EPtot      =      -925.3900
 BOND   =       218.9615  ANGLE   =       358.3828  DIHED      =       522.6722
 1-4 NB =       175.9881  1-4 EEL =      -320.5473  VDWAALS    =      -315.0199
 EELEC  =     -1565.8275  EHBOND  =         0.0000  RESTRAINT  =         0.0000
 ------------------------------------------------------------------------------

| RE_POSITION Moving by  -0.746950 -0.183943 -0.155809

 NSTEP =    46000   TIME(PS) =      46.000  TEMP(K) =   309.67  PRESS =     0.0
 Etot   =      -126.1093  EKtot   =       588.9184  EPtot      =      -715.0277
 BOND   =       235.8148  ANGLE   =       360.2189  DIHED      =       516.0871
 1-4 NB =       161.7193  1-4 EEL =      -336.0131  VDWAALS    =      -317.5789
 EELEC  =     -1335.2758  EHBOND  =         0.0000  RESTRAINT  =         0.0000
 ------------------------------------------------------------------------------


 NSTEP =    46100   TIME(PS) =      46.100  TEMP(K) =   306.59  PRESS =     0.0
 Etot   =       -74.2519  EKtot   =       583.0463  EPtot      =      -657.2982
 BOND   =       219.6502  ANGLE   =       355.3606  DIHED      =       527.7015
 1-4 NB =       174.6766  1-4 EEL =      -319.2486  VDWAALS    =      -311.7201
 EELEC  =     -1303.7184  EHBOND  =         0.0000  RESTRAINT  =         0.0000
 ------------------------------------------------------------------------------


 NSTEP =    46200   TIME(PS) =      46.200  TEMP(K) =   314.72  PRESS =     0.0
 Etot   =        12.5362  EKtot   =       598.5135  EPtot      =      -585.9774
 BOND   =       229.4820  ANGLE   =       317.2389  DIHED      =       535.5572
 1-4 NB =       168.6582  1-4 EEL =      -319.7241  VDWAALS    =      -301.9541
 EELEC  =     -1215.2354  EHBOND  =         0.0000  RESTRAINT  =         0.0000
 ------------------------------------------------------------------------------


 NSTEP =    46300   TIME(PS) =      46.300  TEMP(K) =   310.92  PRESS =     0.0
 Etot   =      -208.2303  EKtot   =       591.2977  EPtot      =      -799.5280
 BOND   =       224.3177  ANGLE   =       340.6770  DIHED      =       510.2196
 1-4 NB =       170.6309  1-4 EEL =      -337.7496  VDWAALS    =      -308.3346
 EELEC  =     -1399.2889  EHBOND  =         0.0000  RESTRAINT  =         0.0000
 ------------------------------------------------------------------------------


 NSTEP =    46400   TIME(PS) =      46.400  TEMP(K) =   313.58  PRESS =     0.0
 Etot   =       -92.5187  EKtot   =       596.3577  EPtot      =      -688.8765
 BOND   =       224.8297  ANGLE   =       315.5169  DIHED      =       518.4508
 1-4 NB =       172.8411  1-4 EEL =      -323.9244  VDWAALS    =      -307.7457
 EELEC  =     -1288.8447  EHBOND  =         0.0000  RESTRAINT  =         0.0000
 ------------------------------------------------------------------------------


 NSTEP =    46500   TIME(PS) =      46.500  TEMP(K) =   292.30  PRESS =     0.0
 Etot   =       156.5397  EKtot   =       555.8798  EPtot      =      -399.3400
 BOND   =       225.2519  ANGLE   =       345.9493  DIHED      =       530.2468
 1-4 NB =       168.1050  1-4 EEL =      -341.3189  VDWAALS    =      -316.0702
 EELEC  =     -1011.5039  EHBOND  =         0.0000  RESTRAINT  =         0.0000
 ------------------------------------------------------------------------------


 NSTEP =    46600   TIME(PS) =      46.600  TEMP(K) =   296.45  PRESS =     0.0
 Etot   =      -280.3881  EKtot   =       563.7732  EPtot      =      -844.1614
 BOND   =       227.6875  ANGLE   =       330.9153  DIHED      =       511.1336
 1-4 NB =       169.2792  1-4 EEL =      -321.7593  VDWAALS    =      -322.5578
 EELEC  =     -1438.8599  EHBOND  =         0.0000  RESTRAINT  =         0.0000
 ------------------------------------------------------------------------------


 NSTEP =    46700   TIME(PS) =      46.700  TEMP(K) =   294.91  PRESS =     0.0
 Etot   =      -333.4766  EKtot   =       560.8452  EPtot      =      -894.3218
 BOND   =       216.0511  ANGLE   =       344.1989  DIHED      =       506.5376
 1-4 NB =       160.0892  1-4 EEL =      -349.1020  VDWAALS    =      -315.9570
 EELEC  =     -1456.1397  EHBOND  =         0.0000  RESTRAINT  =         0.0000
 ------------------------------------------------------------------------------


 NSTEP =    46800   TIME(PS) =      46.800  TEMP(K) =   311.47  PRESS =     0.0
 Etot   =       -79.4732  EKtot   =       592.3378  EPtot      =      -671.8110
 BOND   =       208.9081  ANGLE   =       329.4939  DIHED      =       510.0878
 1-4 NB =       171.0314  1-4 EEL =      -326.0720  VDWAALS    =      -305.4360
 EELEC  =     -1259.8242  EHBOND  =         0.0000  RESTRAINT  =         0.0000
 ------------------------------------------------------------------------------


 NSTEP =    46900   TIME(PS) =      46.900  TEMP(K) =   293.24  PRESS =     0.0
 Etot   =       -80.4381  EKtot   =       557.6621  EPtot      =      -638.1002
 BOND   =       216.4376  ANGLE   =       332.8594  DIHED      =       508.7533
 1-4 NB =       174.1085  1-4 EEL =      -311.7392  VDWAALS    =      -309.1142
 EELEC  =     -1249.4056  EHBOND  =         0.0000  RESTRAINT  =         0.0000
 ------------------------------------------------------------------------------

| RE_POSITION Moving by  -0.073170 -0.150524 -0.521222

 NSTEP =    47000   TIME(PS) =      47.000  TEMP(K) =   301.29  PRESS =     0.0
 Etot   =       -60.9790  EKtot   =       572.9715  EPtot      =      -633.9505
 BOND   =       202.5938  ANGLE   =       356.9665  DIHED      =       526.1031
 1-4 NB =       168.7672  1-4 EEL =      -354.2769  VDWAALS    =      -300.6596
 EELEC  =     -1233.4447  EHBOND  =         0.0000  RESTRAINT  =         0.0000
 ------------------------------------------------------------------------------


 NSTEP =    47100   TIME(PS) =      47.100  TEMP(K) =   304.28  PRESS =     0.0
 Etot   =       290.6031  EKtot   =       578.6540  EPtot      =      -288.0509
 BOND   =       219.0917  ANGLE   =       317.9082  DIHED      =       517.0215
 1-4 NB =       168.0089  1-4 EEL =      -322.4686  VDWAALS    =      -300.9405
 EELEC  =      -886.6721  EHBOND  =         0.0000  RESTRAINT  =         0.0000
 ------------------------------------------------------------------------------


 NSTEP =    47200   TIME(PS) =      47.200  TEMP(K) =   291.26  PRESS =     0.0
 Etot   =        59.3644  EKtot   =       553.8946  EPtot      =      -494.5302
 BOND   =       224.7329  ANGLE   =       333.2918  DIHED      =       517.3310
 1-4 NB =       173.8258  1-4 EEL =      -322.6156  VDWAALS    =      -299.6179
 EELEC  =     -1121.4783  EHBOND  =         0.0000  RESTRAINT  =         0.0000
 ------------------------------------------------------------------------------


 NSTEP =    47300   TIME(PS) =      47.300  TEMP(K) =   301.78  PRESS =     0.0
 Etot   =      -193.6256  EKtot   =       573.9173  EPtot      =      -767.5429
 BOND   =       216.0938  ANGLE   =       315.8199  DIHED      =       517.4848
 1-4 NB =       163.8468  1-4 EEL =      -332.5524  VDWAALS    =      -310.0229
 EELEC  =     -1338.2128  EHBOND  =         0.0000  RESTRAINT  =         0.0000
 ------------------------------------------------------------------------------


 NSTEP =    47400   TIME(PS) =      47.400  TEMP(K) =   304.36  PRESS =     0.0
 Etot   =       -83.3021  EKtot   =       578.8187  EPtot      =      -662.1208
 BOND   =       221.3870  ANGLE   =       329.4220  DIHED      =       523.8789
 1-4 NB =       160.1815  1-4 EEL =      -358.4813  VDWAALS    =      -310.0987
 EELEC  =     -1228.4101  EHBOND  =         0.0000  RESTRAINT  =         0.0000
 ------------------------------------------------------------------------------


 NSTEP =    47500   TIME(PS) =      47.500  TEMP(K) =   292.78  PRESS =     0.0
 Etot   =       232.1646  EKtot   =       556.7829  EPtot      =      -324.6183
 BOND   =       217.5369  ANGLE   =       350.6503  DIHED      =       516.1915
 1-4 NB =       170.0118  1-4 EEL =      -329.6799  VDWAALS    =      -303.5250
 EELEC  =      -945.8038  EHBOND  =         0.0000  RESTRAINT  =         0.0000
 ------------------------------------------------------------------------------


 NSTEP =    47600   TIME(PS) =      47.600  TEMP(K) =   292.16  PRESS =     0.0
 Etot   =        99.6320  EKtot   =       555.6208  EPtot      =      -455.9887
 BOND   =       231.4009  ANGLE   =       348.9955  DIHED      =       515.5547
 1-4 NB =       159.7721  1-4 EEL =      -327.8794  VDWAALS    =      -308.8473
 EELEC  =     -1074.9852  EHBOND  =         0.0000  RESTRAINT  =         0.0000
 ------------------------------------------------------------------------------


 NSTEP =    47700   TIME(PS) =      47.700  TEMP(K) =   305.10  PRESS =     0.0
 Etot   =      -218.8906  EKtot   =       580.2218  EPtot      =      -799.1124
 BOND   =       215.7929  ANGLE   =       341.2191  DIHED      =       515.1010
 1-4 NB =       164.4529  1-4 EEL =      -339.6921  VDWAALS    =      -308.1560
 EELEC  =     -1387.8302  EHBOND  =         0.0000  RESTRAINT  =         0.0000
 ------------------------------------------------------------------------------


 NSTEP =    47800   TIME(PS) =      47.800  TEMP(K) =   298.39  PRESS =     0.0
 Etot   =       164.0752  EKtot   =       567.4645  EPtot      =      -403.3893
 BOND   =       239.8188  ANGLE   =       328.1470  DIHED      =       519.2995
 1-4 NB =       159.8648  1-4 EEL =      -315.0727  VDWAALS    =      -321.0832
 EELEC  =     -1014.3636  EHBOND  =         0.0000  RESTRAINT  =         0.0000
 ------------------------------------------------------------------------------


 NSTEP =    47900   TIME(PS) =      47.900  TEMP(K) =   297.67  PRESS =     0.0
 Etot   =       482.5304  EKtot   =       566.0898  EPtot      =       -83.5593
 BOND   =       217.2699  ANGLE   =       341.7409  DIHED      =       514.4855
 1-4 NB =       179.4647  1-4 EEL =      -302.0552  VDWAALS    =      -313.2388
 EELEC  =      -721.2264  EHBOND  =         0.0000  RESTRAINT  =         0.0000
 ------------------------------------------------------------------------------

| RE_POSITION Moving by   0.429530 -0.160726 -0.142001

 NSTEP =    48000   TIME(PS) =      48.000  TEMP(K) =   307.71  PRESS =     0.0
 Etot   =        36.2059  EKtot   =       585.1819  EPtot      =      -548.9759
 BOND   =       219.2474  ANGLE   =       323.8680  DIHED      =       526.7886
 1-4 NB =       168.1227  1-4 EEL =      -348.1164  VDWAALS    =      -325.4986
 EELEC  =     -1113.3875  EHBOND  =         0.0000  RESTRAINT  =         0.0000
 ------------------------------------------------------------------------------


 NSTEP =    48100   TIME(PS) =      48.100  TEMP(K) =   302.82  PRESS =     0.0
 Etot   =       -21.3391  EKtot   =       575.8854  EPtot      =      -597.2246
 BOND   =       227.0575  ANGLE   =       342.5198  DIHED      =       516.7437
 1-4 NB =       163.1339  1-4 EEL =      -352.0103  VDWAALS    =      -317.8723
 EELEC  =     -1176.7968  EHBOND  =         0.0000  RESTRAINT  =         0.0000
 ------------------------------------------------------------------------------


 NSTEP =    48200   TIME(PS) =      48.200  TEMP(K) =   301.38  PRESS =     0.0
 Etot   =      -287.3112  EKtot   =       573.1383  EPtot      =      -860.4494
 BOND   =       216.8439  ANGLE   =       329.4222  DIHED      =       514.0565
 1-4 NB =       174.5314  1-4 EEL =      -326.4780  VDWAALS    =      -306.5697
 EELEC  =     -1462.2557  EHBOND  =         0.0000  RESTRAINT  =         0.0000
 ------------------------------------------------------------------------------


 NSTEP =    48300   TIME(PS) =      48.300  TEMP(K) =   305.60  PRESS =     0.0
 Etot   =      -153.4035  EKtot   =       581.1689  EPtot      =      -734.5725
 BOND   =       232.7774  ANGLE   =       332.8450  DIHED      =       505.6245
 1-4 NB =       165.1325  1-4 EEL =      -345.6716  VDWAALS    =      -313.1404
 EELEC  =     -1312.1399  EHBOND  =         0.0000  RESTRAINT  =         0.0000
 ------------------------------------------------------------------------------


 NSTEP =    48400   TIME(PS) =      48.400  TEMP(K) =   286.94  PRESS =     0.0
 Etot   =      -100.6025  EKtot   =       545.6868  EPtot      =      -646.2893
 BOND   =       232.3206  ANGLE   =       346.2417  DIHED      =       522.1204
 1-4 NB =       170.2138  1-4 EEL =      -337.6643  VDWAALS    =      -316.4231
 EELEC  =     -1263.0984  EHBOND  =         0.0000  RESTRAINT  =         0.0000
 ------------------------------------------------------------------------------


 NSTEP =    48500   TIME(PS) =      48.500  TEMP(K) =   303.97  PRESS =     0.0
 Etot   =        54.7836  EKtot   =       578.0792  EPtot      =      -523.2956
 BOND   =       218.4045  ANGLE   =       325.6535  DIHED      =       525.6225
 1-4 NB =       168.0039  1-4 EEL =      -333.0532  VDWAALS    =      -317.2881
 EELEC  =     -1110.6387  EHBOND  =         0.0000  RESTRAINT  =         0.0000
 ------------------------------------------------------------------------------


 NSTEP =    48600   TIME(PS) =      48.600  TEMP(K) =   288.96  PRESS =     0.0
 Etot   =        19.8922  EKtot   =       549.5280  EPtot      =      -529.6358
 BOND   =       218.0269  ANGLE   =       350.1903  DIHED      =       514.0466
 1-4 NB =       172.0314  1-4 EEL =      -347.4562  VDWAALS    =      -309.7121
 EELEC  =     -1126.7626  EHBOND  =         0.0000  RESTRAINT  =         0.0000
 ------------------------------------------------------------------------------


 NSTEP =    48700   TIME(PS) =      48.700  TEMP(K) =   291.34  PRESS =     0.0
 Etot   =       -70.0694  EKtot   =       554.0534  EPtot      =      -624.1228
 BOND   =       226.0002  ANGLE   =       337.9980  DIHED      =       506.0723
 1-4 NB =       168.2279  1-4 EEL =      -354.4116  VDWAALS    =      -315.3887
 EELEC  =     -1192.6210  EHBOND  =         0.0000  RESTRAINT  =         0.0000
 ------------------------------------------------------------------------------


 NSTEP =    48800   TIME(PS) =      48.800  TEMP(K) =   285.90  PRESS =     0.0
 Etot   =      -383.8773  EKtot   =       543.7030  EPtot      =      -927.5804
 BOND   =       231.9308  ANGLE   =       328.1656  DIHED      =       506.1610
 1-4 NB =       166.2066  1-4 EEL =      -349.7037  VDWAALS    =      -319.2746
 EELEC  =     -1491.0660  EHBOND  =         0.0000  RESTRAINT  =         0.0000
 ------------------------------------------------------------------------------


 NSTEP =    48900   TIME(PS) =      48.900  TEMP(K) =   286.11  PRESS =     0.0
 Etot   =       434.3953  EKtot   =       544.1097  EPtot      =      -109.7144
 BOND   =       232.6191  ANGLE   =       337.7801  DIHED      =       529.4465
 1-4 NB =       164.2649  1-4 EEL =      -325.1149  VDWAALS    =      -311.2817
 EELEC  =      -737.4283  EHBOND  =         0.0000  RESTRAINT  =         0.0000
 ------------------------------------------------------------------------------

| RE_POSITION Moving by   0.367598  0.131962 -0.749739

 NSTEP =    49000   TIME(PS) =      49.000  TEMP(K) =   292.88  PRESS =     0.0
 Etot   =       348.6287  EKtot   =       556.9738  EPtot      =      -208.3451
 BOND   =       234.8028  ANGLE   =       344.2262  DIHED      =       499.4963
 1-4 NB =       173.9364  1-4 EEL =      -332.7004  VDWAALS    =      -315.9101
 EELEC  =      -812.1962  EHBOND  =         0.0000  RESTRAINT  =         0.0000
 ------------------------------------------------------------------------------


 NSTEP =    49100   TIME(PS) =      49.100  TEMP(K) =   299.87  PRESS =     0.0
 Etot   =       371.6268  EKtot   =       570.2775  EPtot      =      -198.6507
 BOND   =       223.7365  ANGLE   =       353.2564  DIHED      =       505.1759
 1-4 NB =       166.6366  1-4 EEL =      -344.2717  VDWAALS    =      -324.1713
 EELEC  =      -779.0131  EHBOND  =         0.0000  RESTRAINT  =         0.0000
 ------------------------------------------------------------------------------


 NSTEP =    49200   TIME(PS) =      49.200  TEMP(K) =   302.59  PRESS =     0.0
 Etot   =         5.8335  EKtot   =       575.4490  EPtot      =      -569.6155
 BOND   =       224.1876  ANGLE   =       334.2647  DIHED      =       515.4240
 1-4 NB =       167.5781  1-4 EEL =      -354.4965  VDWAALS    =      -306.7493
 EELEC  =     -1149.8240  EHBOND  =         0.0000  RESTRAINT  =         0.0000
 ------------------------------------------------------------------------------


 NSTEP =    49300   TIME(PS) =      49.300  TEMP(K) =   304.27  PRESS =     0.0
 Etot   =       400.7809  EKtot   =       578.6478  EPtot      =      -177.8669
 BOND   =       231.4447  ANGLE   =       343.5214  DIHED      =       514.8373
 1-4 NB =       168.0029  1-4 EEL =      -342.7725  VDWAALS    =      -308.0133
 EELEC  =      -784.8874  EHBOND  =         0.0000  RESTRAINT  =         0.0000
 ------------------------------------------------------------------------------


 NSTEP =    49400   TIME(PS) =      49.400  TEMP(K) =   314.85  PRESS =     0.0
 Etot   =       409.7322  EKtot   =       598.7670  EPtot      =      -189.0348
 BOND   =       237.8613  ANGLE   =       339.0276  DIHED      =       518.6147
 1-4 NB =       168.0474  1-4 EEL =      -354.8333  VDWAALS    =      -309.2282
 EELEC  =      -788.5244  EHBOND  =         0.0000  RESTRAINT  =         0.0000
 ------------------------------------------------------------------------------


 NSTEP =    49500   TIME(PS) =      49.500  TEMP(K) =   299.03  PRESS =     0.0
 Etot   =       463.3342  EKtot   =       568.6805  EPtot      =      -105.3464
 BOND   =       270.9958  ANGLE   =       336.8067  DIHED      =       519.4461
 1-4 NB =       166.2990  1-4 EEL =      -349.0686  VDWAALS    =      -310.1363
 EELEC  =      -739.6891  EHBOND  =         0.0000  RESTRAINT  =         0.0000
 ------------------------------------------------------------------------------


 NSTEP =    49600   TIME(PS) =      49.600  TEMP(K) =   314.48  PRESS =     0.0
 Etot   =       631.8838  EKtot   =       598.0549  EPtot      =        33.8289
 BOND   =       246.4791  ANGLE   =       341.5220  DIHED      =       527.1813
 1-4 NB =       169.7836  1-4 EEL =      -332.9261  VDWAALS    =      -315.1919
 EELEC  =      -603.0191  EHBOND  =         0.0000  RESTRAINT  =         0.0000
 ------------------------------------------------------------------------------


 NSTEP =    49700   TIME(PS) =      49.700  TEMP(K) =   310.17  PRESS =     0.0
 Etot   =        64.2143  EKtot   =       589.8680  EPtot      =      -525.6537
 BOND   =       248.0418  ANGLE   =       327.6329  DIHED      =       514.4430
 1-4 NB =       162.3671  1-4 EEL =      -322.5032  VDWAALS    =      -307.2353
 EELEC  =     -1148.4000  EHBOND  =         0.0000  RESTRAINT  =         0.0000
 ------------------------------------------------------------------------------


 NSTEP =    49800   TIME(PS) =      49.800  TEMP(K) =   312.11  PRESS =     0.0
 Etot   =       382.0122  EKtot   =       593.5481  EPtot      =      -211.5360
 BOND   =       225.4465  ANGLE   =       357.4497  DIHED      =       493.6609
 1-4 NB =       173.9773  1-4 EEL =      -324.5591  VDWAALS    =      -304.0363
 EELEC  =      -833.4752  EHBOND  =         0.0000  RESTRAINT  =         0.0000
 ------------------------------------------------------------------------------


 NSTEP =    49900   TIME(PS) =      49.900  TEMP(K) =   317.63  PRESS =     0.0
 Etot   =        89.2942  EKtot   =       604.0557  EPtot      =      -514.7615
 BOND   =       220.1758  ANGLE   =       340.3105  DIHED      =       509.1633
 1-4 NB =       174.1071  1-4 EEL =      -339.7504  VDWAALS    =      -313.1520
 EELEC  =     -1105.6157  EHBOND  =         0.0000  RESTRAINT  =         0.0000
 ------------------------------------------------------------------------------

| RE_POSITION Moving by   0.160014 -0.427502 -0.047911

 NSTEP =    50000   TIME(PS) =      50.000  TEMP(K) =   301.47  PRESS =     0.0
 Etot   =      -526.5652  EKtot   =       573.3268  EPtot      =     -1099.8920
 BOND   =       231.3258  ANGLE   =       348.2994  DIHED      =       533.2586
 1-4 NB =       162.9115  1-4 EEL =      -342.6858  VDWAALS    =      -307.6028
 EELEC  =     -1725.3986  EHBOND  =         0.0000  RESTRAINT  =         0.0000
 ------------------------------------------------------------------------------


 NSTEP =    50100   TIME(PS) =      50.100  TEMP(K) =   305.99  PRESS =     0.0
 Etot   =       390.5551  EKtot   =       581.9158  EPtot      =      -191.3607
 BOND   =       243.3379  ANGLE   =       332.2287  DIHED      =       510.2379
 1-4 NB =       174.9513  1-4 EEL =      -327.3869  VDWAALS    =      -288.3285
 EELEC  =      -836.4011  EHBOND  =         0.0000  RESTRAINT  =         0.0000
 ------------------------------------------------------------------------------


 NSTEP =    50200   TIME(PS) =      50.200  TEMP(K) =   302.24  PRESS =     0.0
 Etot   =        81.9293  EKtot   =       574.7859  EPtot      =      -492.8566
 BOND   =       254.4809  ANGLE   =       337.9902  DIHED      =       530.9187
 1-4 NB =       170.1682  1-4 EEL =      -315.8473  VDWAALS    =      -300.0870
 EELEC  =     -1170.4801  EHBOND  =         0.0000  RESTRAINT  =         0.0000
 ------------------------------------------------------------------------------


 NSTEP =    50300   TIME(PS) =      50.300  TEMP(K) =   302.71  PRESS =     0.0
 Etot   =       -23.5065  EKtot   =       575.6772  EPtot      =      -599.1836
 BOND   =       218.6864  ANGLE   =       348.2902  DIHED      =       517.3835
 1-4 NB =       170.5401  1-4 EEL =      -315.1191  VDWAALS    =      -307.7108
 EELEC  =     -1231.2541  EHBOND  =         0.0000  RESTRAINT  =         0.0000
 ------------------------------------------------------------------------------


 NSTEP =    50400   TIME(PS) =      50.400  TEMP(K) =   295.43  PRESS =     0.0
 Etot   =       -88.2405  EKtot   =       561.8309  EPtot      =      -650.0714
 BOND   =       234.6354  ANGLE   =       344.6458  DIHED      =       516.6353
 1-4 NB =       167.7595  1-4 EEL =      -338.8877  VDWAALS    =      -313.0871
 EELEC  =     -1261.7726  EHBOND  =         0.0000  RESTRAINT  =         0.0000
 ------------------------------------------------------------------------------


 NSTEP =    50500   TIME(PS) =      50.500  TEMP(K) =   289.42  PRESS =     0.0
 Etot   =       426.6472  EKtot   =       550.4032  EPtot      =      -123.7560
 BOND   =       243.0480  ANGLE   =       338.3551  DIHED      =       512.1921
 1-4 NB =       168.4659  1-4 EEL =      -312.5812  VDWAALS    =      -305.4131
 EELEC  =      -767.8229  EHBOND  =         0.0000  RESTRAINT  =         0.0000
 ------------------------------------------------------------------------------


 NSTEP =    50600   TIME(PS) =      50.600  TEMP(K) =   302.50  PRESS =     0.0
 Etot   =       186.6668  EKtot   =       575.2818  EPtot      =      -388.6150
 BOND   =       231.2816  ANGLE   =       322.6657  DIHED      =       512.2046
 1-4 NB =       167.2849  1-4 EEL =      -322.6121  VDWAALS    =      -310.2417
 EELEC  =      -989.1981  EHBOND  =         0.0000  RESTRAINT  =         0.0000
 ------------------------------------------------------------------------------


 NSTEP =    50700   TIME(PS) =      50.700  TEMP(K) =   280.21  PRESS =     0.0
 Etot   =      -109.1717  EKtot   =       532.8781  EPtot      =      -642.0498
 BOND   =       212.8888  ANGLE   =       349.4375  DIHED      =       533.4418
 1-4 NB =       170.3331  1-4 EEL =      -328.0432  VDWAALS    =      -306.5927
 EELEC  =     -1273.5151  EHBOND  =         0.0000  RESTRAINT  =         0.0000
 ------------------------------------------------------------------------------


 NSTEP =    50800   TIME(PS) =      50.800  TEMP(K) =   295.58  PRESS =     0.0
 Etot   =      -177.0449  EKtot   =       562.1236  EPtot      =      -739.1684
 BOND   =       233.2833  ANGLE   =       323.7722  DIHED      =       512.7585
 1-4 NB =       164.7797  1-4 EEL =      -309.6669  VDWAALS    =      -303.8760
 EELEC  =     -1360.2192  EHBOND  =         0.0000  RESTRAINT  =         0.0000
 ------------------------------------------------------------------------------


 NSTEP =    50900   TIME(PS) =      50.900  TEMP(K) =   305.04  PRESS =     0.0
 Etot   =        42.0634  EKtot   =       580.1002  EPtot      =      -538.0368
 BOND   =       218.5325  ANGLE   =       337.7642  DIHED      =       518.4311
 1-4 NB =       159.6195  1-4 EEL =      -333.0421  VDWAALS    =      -313.9813
 EELEC  =     -1125.3609  EHBOND  =         0.0000  RESTRAINT  =         0.0000
 ------------------------------------------------------------------------------

| RE_POSITION Moving by  -0.202859 -0.051801  0.474332

 NSTEP =    51000   TIME(PS) =      51.000  TEMP(K) =   302.13  PRESS =     0.0
 Etot   =        76.7405  EKtot   =       574.5746  EPtot      =      -497.8341
 BOND   =       232.6642  ANGLE   =       347.5576  DIHED      =       502.0757
 1-4 NB =       162.6102  1-4 EEL =      -325.3507  VDWAALS    =      -310.3621
 EELEC  =     -1107.0290  EHBOND  =         0.0000  RESTRAINT  =         0.0000
 ------------------------------------------------------------------------------


 NSTEP =    51100   TIME(PS) =      51.100  TEMP(K) =   293.04  PRESS =     0.0
 Etot   =       626.7167  EKtot   =       557.2825  EPtot      =        69.4342
 BOND   =       225.2283  ANGLE   =       350.4170  DIHED      =       520.5254
 1-4 NB =       163.7124  1-4 EEL =      -343.1334  VDWAALS    =      -305.0068
 EELEC  =      -542.3087  EHBOND  =         0.0000  RESTRAINT  =         0.0000
 ------------------------------------------------------------------------------


 NSTEP =    51200   TIME(PS) =      51.200  TEMP(K) =   298.68  PRESS =     0.0
 Etot   =       659.4510  EKtot   =       568.0175  EPtot      =        91.4335
 BOND   =       243.0284  ANGLE   =       340.9558  DIHED      =       515.4491
 1-4 NB =       165.1403  1-4 EEL =      -342.2765  VDWAALS    =      -313.0639
 EELEC  =      -517.7997  EHBOND  =         0.0000  RESTRAINT  =         0.0000
 ------------------------------------------------------------------------------


 NSTEP =    51300   TIME(PS) =      51.300  TEMP(K) =   304.65  PRESS =     0.0
 Etot   =        84.1058  EKtot   =       579.3607  EPtot      =      -495.2549
 BOND   =       242.3831  ANGLE   =       334.7030  DIHED      =       508.4615
 1-4 NB =       167.5567  1-4 EEL =      -328.1442  VDWAALS    =      -314.6348
 EELEC  =     -1105.5801  EHBOND  =         0.0000  RESTRAINT  =         0.0000
 ------------------------------------------------------------------------------


 NSTEP =    51400   TIME(PS) =      51.400  TEMP(K) =   317.82  PRESS =     0.0
 Etot   =       -21.8455  EKtot   =       604.4123  EPtot      =      -626.2579
 BOND   =       236.1390  ANGLE   =       340.7738  DIHED      =       507.6479
 1-4 NB =       169.9114  1-4 EEL =      -328.5820  VDWAALS    =      -312.0525
 EELEC  =     -1240.0954  EHBOND  =         0.0000  RESTRAINT  =         0.0000
 ------------------------------------------------------------------------------


 NSTEP =    51500   TIME(PS) =      51.500  TEMP(K) =   297.96  PRESS =     0.0
 Etot   =        26.1769  EKtot   =       566.6524  EPtot      =      -540.4755
 BOND   =       233.4088  ANGLE   =       347.0718  DIHED      =       511.5292
 1-4 NB =       163.6379  1-4 EEL =      -309.1938  VDWAALS    =      -314.3296
 EELEC  =     -1172.5999  EHBOND  =         0.0000  RESTRAINT  =         0.0000
 ------------------------------------------------------------------------------


 NSTEP =    51600   TIME(PS) =      51.600  TEMP(K) =   313.56  PRESS =     0.0
 Etot   =        38.0054  EKtot   =       596.3075  EPtot      =      -558.3020
 BOND   =       212.1219  ANGLE   =       332.9276  DIHED      =       515.3689
 1-4 NB =       169.5471  1-4 EEL =      -324.0369  VDWAALS    =      -307.6344
 EELEC  =     -1156.5962  EHBOND  =         0.0000  RESTRAINT  =         0.0000
 ------------------------------------------------------------------------------


 NSTEP =    51700   TIME(PS) =      51.700  TEMP(K) =   295.64  PRESS =     0.0
 Etot   =       600.5283  EKtot   =       562.2308  EPtot      =        38.2975
 BOND   =       230.6915  ANGLE   =       333.7166  DIHED      =       517.6798
 1-4 NB =       165.7180  1-4 EEL =      -337.2558  VDWAALS    =      -306.5532
 EELEC  =      -565.6994  EHBOND  =         0.0000  RESTRAINT  =         0.0000
 ------------------------------------------------------------------------------


 NSTEP =    51800   TIME(PS) =      51.800  TEMP(K) =   301.54  PRESS =     0.0
 Etot   =       372.1393  EKtot   =       573.4569  EPtot      =      -201.3175
 BOND   =       215.8209  ANGLE   =       358.3457  DIHED      =       506.2664
 1-4 NB =       161.4610  1-4 EEL =      -348.0912  VDWAALS    =      -316.8288
 EELEC  =      -778.2914  EHBOND  =         0.0000  RESTRAINT  =         0.0000
 ------------------------------------------------------------------------------


 NSTEP =    51900   TIME(PS) =      51.900  TEMP(K) =   294.23  PRESS =     0.0
 Etot   =       159.3340  EKtot   =       559.5481  EPtot      =      -400.2140
 BOND   =       213.7440  ANGLE   =       319.6668  DIHED      =       515.0698
 1-4 NB =       170.6821  1-4 EEL =      -311.8625  VDWAALS    =      -311.9949
 EELEC  =      -995.5195  EHBOND  =         0.0000  RESTRAINT  =         0.0000
 ------------------------------------------------------------------------------

| RE_POSITION Moving by   0.271037  0.085569 -0.097535

 NSTEP =    52000   TIME(PS) =      52.000  TEMP(K) =   306.24  PRESS =     0.0
 Etot   =       -75.4628  EKtot   =       582.3971  EPtot      =      -657.8599
 BOND   =       219.0914  ANGLE   =       324.7383  DIHED      =       519.6638
 1-4 NB =       168.3745  1-4 EEL =      -330.3318  VDWAALS    =      -315.1727
 EELEC  =     -1244.2234  EHBOND  =         0.0000  RESTRAINT  =         0.0000
 ------------------------------------------------------------------------------


 NSTEP =    52100   TIME(PS) =      52.100  TEMP(K) =   294.84  PRESS =     0.0
 Etot   =       -61.9530  EKtot   =       560.7022  EPtot      =      -622.6552
 BOND   =       226.0999  ANGLE   =       312.3783  DIHED      =       516.5773
 1-4 NB =       177.2786  1-4 EEL =      -329.8900  VDWAALS    =      -313.9617
 EELEC  =     -1211.1377  EHBOND  =         0.0000  RESTRAINT  =         0.0000
 ------------------------------------------------------------------------------


 NSTEP =    52200   TIME(PS) =      52.200  TEMP(K) =   293.01  PRESS =     0.0
 Etot   =        31.3607  EKtot   =       557.2323  EPtot      =      -525.8716
 BOND   =       231.1761  ANGLE   =       325.9179  DIHED      =       512.8381
 1-4 NB =       168.7231  1-4 EEL =      -311.0528  VDWAALS    =      -311.6861
 EELEC  =     -1141.7880  EHBOND  =         0.0000  RESTRAINT  =         0.0000
 ------------------------------------------------------------------------------


 NSTEP =    52300   TIME(PS) =      52.300  TEMP(K) =   303.27  PRESS =     0.0
 Etot   =       141.0800  EKtot   =       576.7326  EPtot      =      -435.6526
 BOND   =       214.2054  ANGLE   =       324.9988  DIHED      =       523.9441
 1-4 NB =       174.2416  1-4 EEL =      -332.1091  VDWAALS    =      -302.5228
 EELEC  =     -1038.4106  EHBOND  =         0.0000  RESTRAINT  =         0.0000
 ------------------------------------------------------------------------------


 NSTEP =    52400   TIME(PS) =      52.400  TEMP(K) =   307.33  PRESS =     0.0
 Etot   =      -102.4265  EKtot   =       584.4626  EPtot      =      -686.8892
 BOND   =       225.1192  ANGLE   =       340.0940  DIHED      =       521.7794
 1-4 NB =       162.9192  1-4 EEL =      -339.5562  VDWAALS    =      -319.4959
 EELEC  =     -1277.7489  EHBOND  =         0.0000  RESTRAINT  =         0.0000
 ------------------------------------------------------------------------------


 NSTEP =    52500   TIME(PS) =      52.500  TEMP(K) =   299.85  PRESS =     0.0
 Etot   =        66.2319  EKtot   =       570.2400  EPtot      =      -504.0081
 BOND   =       220.5974  ANGLE   =       340.0070  DIHED      =       512.2211
 1-4 NB =       171.8498  1-4 EEL =      -306.0409  VDWAALS    =      -307.3584
 EELEC  =     -1135.2842  EHBOND  =         0.0000  RESTRAINT  =         0.0000
 ------------------------------------------------------------------------------


 NSTEP =    52600   TIME(PS) =      52.600  TEMP(K) =   288.36  PRESS =     0.0
 Etot   =       -24.5721  EKtot   =       548.3831  EPtot      =      -572.9552
 BOND   =       231.7894  ANGLE   =       331.1853  DIHED      =       526.5391
 1-4 NB =       165.6732  1-4 EEL =      -312.7789  VDWAALS    =      -310.2961
 EELEC  =     -1205.0671  EHBOND  =         0.0000  RESTRAINT  =         0.0000
 ------------------------------------------------------------------------------


 NSTEP =    52700   TIME(PS) =      52.700  TEMP(K) =   295.92  PRESS =     0.0
 Etot   =       336.5854  EKtot   =       562.7684  EPtot      =      -226.1830
 BOND   =       214.6537  ANGLE   =       338.8186  DIHED      =       525.5385
 1-4 NB =       164.5825  1-4 EEL =      -314.4577  VDWAALS    =      -318.4558
 EELEC  =      -836.8628  EHBOND  =         0.0000  RESTRAINT  =         0.0000
 ------------------------------------------------------------------------------


 NSTEP =    52800   TIME(PS) =      52.800  TEMP(K) =   293.79  PRESS =     0.0
 Etot   =       156.4134  EKtot   =       558.7104  EPtot      =      -402.2970
 BOND   =       205.6401  ANGLE   =       328.8850  DIHED      =       521.7885
 1-4 NB =       167.5203  1-4 EEL =      -302.6734  VDWAALS    =      -310.9754
 EELEC  =     -1012.4820  EHBOND  =         0.0000  RESTRAINT  =         0.0000
 ------------------------------------------------------------------------------


 NSTEP =    52900   TIME(PS) =      52.900  TEMP(K) =   289.73  PRESS =     0.0
 Etot   =       329.9490  EKtot   =       550.9885  EPtot      =      -221.0395
 BOND   =       231.3490  ANGLE   =       353.9673  DIHED      =       517.4153
 1-4 NB =       169.4028  1-4 EEL =      -312.6427  VDWAALS    =      -312.8141
 EELEC  =      -867.7171  EHBOND  =         0.0000  RESTRAINT  =         0.0000
 ------------------------------------------------------------------------------

| RE_POSITION Moving by  -0.415099  0.132441  0.508642

 NSTEP =    53000   TIME(PS) =      53.000  TEMP(K) =   290.18  PRESS =     0.0
 Etot   =         7.2360  EKtot   =       551.8468  EPtot      =      -544.6108
 BOND   =       238.6347  ANGLE   =       326.2707  DIHED      =       515.7735
 1-4 NB =       169.4600  1-4 EEL =      -325.0371  VDWAALS    =      -310.3011
 EELEC  =     -1159.4115  EHBOND  =         0.0000  RESTRAINT  =         0.0000
 ------------------------------------------------------------------------------


 NSTEP =    53100   TIME(PS) =      53.100  TEMP(K) =   287.02  PRESS =     0.0
 Etot   =      -494.8843  EKtot   =       545.8330  EPtot      =     -1040.7174
 BOND   =       232.1282  ANGLE   =       333.3575  DIHED      =       514.6572
 1-4 NB =       167.5344  1-4 EEL =      -325.5125  VDWAALS    =      -317.4044
 EELEC  =     -1645.4778  EHBOND  =         0.0000  RESTRAINT  =         0.0000
 ------------------------------------------------------------------------------


 NSTEP =    53200   TIME(PS) =      53.200  TEMP(K) =   299.81  PRESS =     0.0
 Etot   =       323.6842  EKtot   =       570.1684  EPtot      =      -246.4842
 BOND   =       234.6842  ANGLE   =       317.2297  DIHED      =       526.2568
 1-4 NB =       162.5180  1-4 EEL =      -308.9286  VDWAALS    =      -305.0239
 EELEC  =      -873.2205  EHBOND  =         0.0000  RESTRAINT  =         0.0000
 ------------------------------------------------------------------------------


 NSTEP =    53300   TIME(PS) =      53.300  TEMP(K) =   302.89  PRESS =     0.0
 Etot   =        55.4013  EKtot   =       576.0179  EPtot      =      -520.6165
 BOND   =       211.9814  ANGLE   =       334.9840  DIHED      =       501.7479
 1-4 NB =       180.8323  1-4 EEL =      -321.3264  VDWAALS    =      -301.7435
 EELEC  =     -1127.0922  EHBOND  =         0.0000  RESTRAINT  =         0.0000
 ------------------------------------------------------------------------------


 NSTEP =    53400   TIME(PS) =      53.400  TEMP(K) =   296.30  PRESS =     0.0
 Etot   =       -58.2573  EKtot   =       563.4896  EPtot      =      -621.7468
 BOND   =       235.3989  ANGLE   =       320.6125  DIHED      =       529.2924
 1-4 NB =       164.6530  1-4 EEL =      -331.8205  VDWAALS    =      -316.5071
 EELEC  =     -1223.3761  EHBOND  =         0.0000  RESTRAINT  =         0.0000
 ------------------------------------------------------------------------------


 NSTEP =    53500   TIME(PS) =      53.500  TEMP(K) =   286.75  PRESS =     0.0
 Etot   =      -167.0432  EKtot   =       545.3291  EPtot      =      -712.3723
 BOND   =       232.2017  ANGLE   =       329.1898  DIHED      =       520.7067
 1-4 NB =       174.3569  1-4 EEL =      -308.8213  VDWAALS    =      -305.6782
 EELEC  =     -1354.3279  EHBOND  =         0.0000  RESTRAINT  =         0.0000
 ------------------------------------------------------------------------------


 NSTEP =    53600   TIME(PS) =      53.600  TEMP(K) =   304.87  PRESS =     0.0
 Etot   =       164.0805  EKtot   =       579.7903  EPtot      =      -415.7098
 BOND   =       218.2523  ANGLE   =       340.6021  DIHED      =       525.7731
 1-4 NB =       166.5757  1-4 EEL =      -314.0712  VDWAALS    =      -301.0057
 EELEC  =     -1051.8362  EHBOND  =         0.0000  RESTRAINT  =         0.0000
 ------------------------------------------------------------------------------


 NSTEP =    53700   TIME(PS) =      53.700  TEMP(K) =   295.19  PRESS =     0.0
 Etot   =       113.3824  EKtot   =       561.3793  EPtot      =      -447.9969
 BOND   =       221.9504  ANGLE   =       364.3559  DIHED      =       512.8347
 1-4 NB =       160.1480  1-4 EEL =      -321.6265  VDWAALS    =      -312.0426
 EELEC  =     -1073.6168  EHBOND  =         0.0000  RESTRAINT  =         0.0000
 ------------------------------------------------------------------------------


 NSTEP =    53800   TIME(PS) =      53.800  TEMP(K) =   305.97  PRESS =     0.0
 Etot   =      -244.9048  EKtot   =       581.8719  EPtot      =      -826.7767
 BOND   =       218.7555  ANGLE   =       327.9087  DIHED      =       512.1324
 1-4 NB =       175.5403  1-4 EEL =      -311.0027  VDWAALS    =      -312.9934
 EELEC  =     -1437.1175  EHBOND  =         0.0000  RESTRAINT  =         0.0000
 ------------------------------------------------------------------------------


 NSTEP =    53900   TIME(PS) =      53.900  TEMP(K) =   286.51  PRESS =     0.0
 Etot   =      -211.7710  EKtot   =       544.8646  EPtot      =      -756.6356
 BOND   =       220.6542  ANGLE   =       356.7317  DIHED      =       533.5884
 1-4 NB =       161.7880  1-4 EEL =      -355.5582  VDWAALS    =      -311.8877
 EELEC  =     -1361.9521  EHBOND  =         0.0000  RESTRAINT  =         0.0000
 ------------------------------------------------------------------------------

| RE_POSITION Moving by   0.053854 -0.219445  0.126775

 NSTEP =    54000   TIME(PS) =      54.000  TEMP(K) =   298.09  PRESS =     0.0
 Etot   =      -351.3545  EKtot   =       566.8973  EPtot      =      -918.2518
 BOND   =       223.0090  ANGLE   =       336.2377  DIHED      =       519.7416
 1-4 NB =       170.0317  1-4 EEL =      -336.4342  VDWAALS    =      -313.6529
 EELEC  =     -1517.1847  EHBOND  =         0.0000  RESTRAINT  =         0.0000
 ------------------------------------------------------------------------------


 NSTEP =    54100   TIME(PS) =      54.100  TEMP(K) =   303.86  PRESS =     0.0
 Etot   =       132.6101  EKtot   =       577.8670  EPtot      =      -445.2569
 BOND   =       219.3423  ANGLE   =       320.8044  DIHED      =       516.1005
 1-4 NB =       167.0263  1-4 EEL =      -338.9512  VDWAALS    =      -313.2799
 EELEC  =     -1016.2993  EHBOND  =         0.0000  RESTRAINT  =         0.0000
 ------------------------------------------------------------------------------


 NSTEP =    54200   TIME(PS) =      54.200  TEMP(K) =   277.14  PRESS =     0.0
 Etot   =        59.7843  EKtot   =       527.0474  EPtot      =      -467.2631
 BOND   =       227.0281  ANGLE   =       337.1749  DIHED      =       534.2179
 1-4 NB =       168.4303  1-4 EEL =      -324.0069  VDWAALS    =      -308.7419
 EELEC  =     -1101.3655  EHBOND  =         0.0000  RESTRAINT  =         0.0000
 ------------------------------------------------------------------------------


 NSTEP =    54300   TIME(PS) =      54.300  TEMP(K) =   277.65  PRESS =     0.0
 Etot   =      -314.0962  EKtot   =       528.0264  EPtot      =      -842.1226
 BOND   =       251.8622  ANGLE   =       337.1339  DIHED      =       510.8183
 1-4 NB =       164.8869  1-4 EEL =      -342.0875  VDWAALS    =      -315.8908
 EELEC  =     -1448.8457  EHBOND  =         0.0000  RESTRAINT  =         0.0000
 ------------------------------------------------------------------------------


 NSTEP =    54400   TIME(PS) =      54.400  TEMP(K) =   291.54  PRESS =     0.0
 Etot   =       -65.9034  EKtot   =       554.4355  EPtot      =      -620.3389
 BOND   =       234.8437  ANGLE   =       323.5066  DIHED      =       516.1512
 1-4 NB =       162.1100  1-4 EEL =      -330.7050  VDWAALS    =      -312.6489
 EELEC  =     -1213.5965  EHBOND  =         0.0000  RESTRAINT  =         0.0000
 ------------------------------------------------------------------------------


 NSTEP =    54500   TIME(PS) =      54.500  TEMP(K) =   299.93  PRESS =     0.0
 Etot   =      -478.1194  EKtot   =       570.3877  EPtot      =     -1048.5071
 BOND   =       225.1623  ANGLE   =       337.5571  DIHED      =       505.0002
 1-4 NB =       172.4084  1-4 EEL =      -363.6565  VDWAALS    =      -307.3763
 EELEC  =     -1617.6021  EHBOND  =         0.0000  RESTRAINT  =         0.0000
 ------------------------------------------------------------------------------


 NSTEP =    54600   TIME(PS) =      54.600  TEMP(K) =   299.91  PRESS =     0.0
 Etot   =      -376.6889  EKtot   =       570.3467  EPtot      =      -947.0356
 BOND   =       218.2481  ANGLE   =       314.3438  DIHED      =       518.4900
 1-4 NB =       164.2576  1-4 EEL =      -323.4803  VDWAALS    =      -309.3097
 EELEC  =     -1529.5851  EHBOND  =         0.0000  RESTRAINT  =         0.0000
 ------------------------------------------------------------------------------


 NSTEP =    54700   TIME(PS) =      54.700  TEMP(K) =   293.01  PRESS =     0.0
 Etot   =      -237.6110  EKtot   =       557.2255  EPtot      =      -794.8365
 BOND   =       224.4252  ANGLE   =       320.7202  DIHED      =       527.9512
 1-4 NB =       166.7928  1-4 EEL =      -316.0886  VDWAALS    =      -312.0788
 EELEC  =     -1406.5585  EHBOND  =         0.0000  RESTRAINT  =         0.0000
 ------------------------------------------------------------------------------


 NSTEP =    54800   TIME(PS) =      54.800  TEMP(K) =   292.74  PRESS =     0.0
 Etot   =       168.2486  EKtot   =       556.7146  EPtot      =      -388.4660
 BOND   =       219.9250  ANGLE   =       316.7603  DIHED      =       522.5270
 1-4 NB =       168.3010  1-4 EEL =      -295.8980  VDWAALS    =      -303.7943
 EELEC  =     -1016.2871  EHBOND  =         0.0000  RESTRAINT  =         0.0000
 ------------------------------------------------------------------------------


 NSTEP =    54900   TIME(PS) =      54.900  TEMP(K) =   287.47  PRESS =     0.0
 Etot   =       666.2903  EKtot   =       546.6963  EPtot      =       119.5940
 BOND   =       233.6207  ANGLE   =       337.3779  DIHED      =       525.4278
 1-4 NB =       168.7386  1-4 EEL =      -343.6203  VDWAALS    =      -305.4773
 EELEC  =      -496.4734  EHBOND  =         0.0000  RESTRAINT  =         0.0000
 ------------------------------------------------------------------------------

| RE_POSITION Moving by   0.378108  0.410715 -0.133878

 NSTEP =    55000   TIME(PS) =      55.000  TEMP(K) =   284.36  PRESS =     0.0
 Etot   =       201.1533  EKtot   =       540.7808  EPtot      =      -339.6275
 BOND   =       232.2580  ANGLE   =       339.6226  DIHED      =       525.7344
 1-4 NB =       157.8285  1-4 EEL =      -345.8196  VDWAALS    =      -311.8474
 EELEC  =      -937.4040  EHBOND  =         0.0000  RESTRAINT  =         0.0000
 ------------------------------------------------------------------------------


 NSTEP =    55100   TIME(PS) =      55.100  TEMP(K) =   289.38  PRESS =     0.0
 Etot   =       474.7262  EKtot   =       550.3206  EPtot      =       -75.5944
 BOND   =       216.9418  ANGLE   =       349.4329  DIHED      =       519.7833
 1-4 NB =       168.6989  1-4 EEL =      -334.5162  VDWAALS    =      -308.1854
 EELEC  =      -687.7498  EHBOND  =         0.0000  RESTRAINT  =         0.0000
 ------------------------------------------------------------------------------


 NSTEP =    55200   TIME(PS) =      55.200  TEMP(K) =   297.36  PRESS =     0.0
 Etot   =       247.9246  EKtot   =       565.4972  EPtot      =      -317.5726
 BOND   =       219.7021  ANGLE   =       329.6064  DIHED      =       514.7893
 1-4 NB =       168.0679  1-4 EEL =      -314.3797  VDWAALS    =      -304.3451
 EELEC  =      -931.0134  EHBOND  =         0.0000  RESTRAINT  =         0.0000
 ------------------------------------------------------------------------------


 NSTEP =    55300   TIME(PS) =      55.300  TEMP(K) =   291.53  PRESS =     0.0
 Etot   =       262.0575  EKtot   =       554.4129  EPtot      =      -292.3554
 BOND   =       214.6104  ANGLE   =       355.8550  DIHED      =       511.2963
 1-4 NB =       172.0607  1-4 EEL =      -324.0382  VDWAALS    =      -306.9419
 EELEC  =      -915.1977  EHBOND  =         0.0000  RESTRAINT  =         0.0000
 ------------------------------------------------------------------------------


 NSTEP =    55400   TIME(PS) =      55.400  TEMP(K) =   301.47  PRESS =     0.0
 Etot   =       679.9812  EKtot   =       573.3103  EPtot      =       106.6710
 BOND   =       212.8649  ANGLE   =       335.9000  DIHED      =       510.4745
 1-4 NB =       170.3436  1-4 EEL =      -315.1241  VDWAALS    =      -311.7381
 EELEC  =      -496.0499  EHBOND  =         0.0000  RESTRAINT  =         0.0000
 ------------------------------------------------------------------------------


 NSTEP =    55500   TIME(PS) =      55.500  TEMP(K) =   296.53  PRESS =     0.0
 Etot   =       274.5920  EKtot   =       563.9152  EPtot      =      -289.3232
 BOND   =       218.6647  ANGLE   =       346.2266  DIHED      =       506.9972
 1-4 NB =       160.4677  1-4 EEL =      -318.0295  VDWAALS    =      -310.3410
 EELEC  =      -893.3090  EHBOND  =         0.0000  RESTRAINT  =         0.0000
 ------------------------------------------------------------------------------


 NSTEP =    55600   TIME(PS) =      55.600  TEMP(K) =   308.70  PRESS =     0.0
 Etot   =       525.2193  EKtot   =       587.0712  EPtot      =       -61.8520
 BOND   =       219.9680  ANGLE   =       339.3402  DIHED      =       518.9880
 1-4 NB =       166.9265  1-4 EEL =      -336.2392  VDWAALS    =      -312.9332
 EELEC  =      -657.9022  EHBOND  =         0.0000  RESTRAINT  =         0.0000
 ------------------------------------------------------------------------------


 NSTEP =    55700   TIME(PS) =      55.700  TEMP(K) =   298.13  PRESS =     0.0
 Etot   =       480.2365  EKtot   =       566.9670  EPtot      =       -86.7305
 BOND   =       231.3562  ANGLE   =       328.9083  DIHED      =       532.5134
 1-4 NB =       169.6166  1-4 EEL =      -332.4056  VDWAALS    =      -307.6983
 EELEC  =      -709.0212  EHBOND  =         0.0000  RESTRAINT  =         0.0000
 ------------------------------------------------------------------------------


 NSTEP =    55800   TIME(PS) =      55.800  TEMP(K) =   301.54  PRESS =     0.0
 Etot   =       168.5100  EKtot   =       573.4459  EPtot      =      -404.9359
 BOND   =       217.0227  ANGLE   =       363.2027  DIHED      =       526.7527
 1-4 NB =       160.9471  1-4 EEL =      -348.4789  VDWAALS    =      -312.8769
 EELEC  =     -1011.5053  EHBOND  =         0.0000  RESTRAINT  =         0.0000
 ------------------------------------------------------------------------------


 NSTEP =    55900   TIME(PS) =      55.900  TEMP(K) =   307.97  PRESS =     0.0
 Etot   =       258.9488  EKtot   =       585.6873  EPtot      =      -326.7385
 BOND   =       230.7884  ANGLE   =       316.2485  DIHED      =       524.7066
 1-4 NB =       167.5414  1-4 EEL =      -337.1609  VDWAALS    =      -307.1046
 EELEC  =      -921.7578  EHBOND  =         0.0000  RESTRAINT  =         0.0000
 ------------------------------------------------------------------------------

| RE_POSITION Moving by  -0.566870 -0.514532 -0.078886

 NSTEP =    56000   TIME(PS) =      56.000  TEMP(K) =   298.88  PRESS =     0.0
 Etot   =      -476.2776  EKtot   =       568.3932  EPtot      =     -1044.6708
 BOND   =       224.6193  ANGLE   =       338.4513  DIHED      =       511.5911
 1-4 NB =       168.6389  1-4 EEL =      -323.2304  VDWAALS    =      -306.4389
 EELEC  =     -1658.3021  EHBOND  =         0.0000  RESTRAINT  =         0.0000
 ------------------------------------------------------------------------------


 NSTEP =    56100   TIME(PS) =      56.100  TEMP(K) =   304.26  PRESS =     0.0
 Etot   =      -152.5003  EKtot   =       578.6273  EPtot      =      -731.1276
 BOND   =       206.0998  ANGLE   =       343.8043  DIHED      =       522.8302
 1-4 NB =       165.9500  1-4 EEL =      -314.3521  VDWAALS    =      -301.6411
 EELEC  =     -1353.8186  EHBOND  =         0.0000  RESTRAINT  =         0.0000
 ------------------------------------------------------------------------------


 NSTEP =    56200   TIME(PS) =      56.200  TEMP(K) =   287.35  PRESS =     0.0
 Etot   =        52.6103  EKtot   =       546.4639  EPtot      =      -493.8536
 BOND   =       223.2481  ANGLE   =       340.2003  DIHED      =       521.9213
 1-4 NB =       163.6828  1-4 EEL =      -311.0761  VDWAALS    =      -308.4283
 EELEC  =     -1123.4017  EHBOND  =         0.0000  RESTRAINT  =         0.0000
 ------------------------------------------------------------------------------


 NSTEP =    56300   TIME(PS) =      56.300  TEMP(K) =   310.90  PRESS =     0.0
 Etot   =      -424.8336  EKtot   =       591.2567  EPtot      =     -1016.0903
 BOND   =       210.9060  ANGLE   =       322.4717  DIHED      =       524.6318
 1-4 NB =       167.5277  1-4 EEL =      -352.3093  VDWAALS    =      -312.9665
 EELEC  =     -1576.3517  EHBOND  =         0.0000  RESTRAINT  =         0.0000
 ------------------------------------------------------------------------------


 NSTEP =    56400   TIME(PS) =      56.400  TEMP(K) =   310.19  PRESS =     0.0
 Etot   =      -235.9016  EKtot   =       589.9056  EPtot      =      -825.8072
 BOND   =       224.2498  ANGLE   =       318.1903  DIHED      =       519.3399
 1-4 NB =       176.5622  1-4 EEL =      -335.4851  VDWAALS    =      -313.6265
 EELEC  =     -1415.0378  EHBOND  =         0.0000  RESTRAINT  =         0.0000
 ------------------------------------------------------------------------------


 NSTEP =    56500   TIME(PS) =      56.500  TEMP(K) =   294.27  PRESS =     0.0
 Etot   =      -688.3347  EKtot   =       559.6290  EPtot      =     -1247.9637
 BOND   =       213.8968  ANGLE   =       341.8967  DIHED      =       531.5119
 1-4 NB =       164.3924  1-4 EEL =      -335.0890  VDWAALS    =      -314.8077
 EELEC  =     -1849.7648  EHBOND  =         0.0000  RESTRAINT  =         0.0000
 ------------------------------------------------------------------------------


 NSTEP =    56600   TIME(PS) =      56.600  TEMP(K) =   299.59  PRESS =     0.0
 Etot   =      -418.8373  EKtot   =       569.7456  EPtot      =      -988.5829
 BOND   =       223.2707  ANGLE   =       341.6193  DIHED      =       523.1172
 1-4 NB =       170.1444  1-4 EEL =      -332.0210  VDWAALS    =      -314.5966
 EELEC  =     -1600.1168  EHBOND  =         0.0000  RESTRAINT  =         0.0000
 ------------------------------------------------------------------------------


 NSTEP =    56700   TIME(PS) =      56.700  TEMP(K) =   291.35  PRESS =     0.0
 Etot   =       285.6925  EKtot   =       554.0807  EPtot      =      -268.3882
 BOND   =       219.1316  ANGLE   =       330.6609  DIHED      =       528.5056
 1-4 NB =       170.7257  1-4 EEL =      -318.5531  VDWAALS    =      -312.0100
 EELEC  =      -886.8489  EHBOND  =         0.0000  RESTRAINT  =         0.0000
 ------------------------------------------------------------------------------


 NSTEP =    56800   TIME(PS) =      56.800  TEMP(K) =   299.88  PRESS =     0.0
 Etot   =        76.5277  EKtot   =       570.2859  EPtot      =      -493.7582
 BOND   =       208.5208  ANGLE   =       354.2117  DIHED      =       509.8560
 1-4 NB =       172.3144  1-4 EEL =      -329.2538  VDWAALS    =      -306.6775
 EELEC  =     -1102.7298  EHBOND  =         0.0000  RESTRAINT  =         0.0000
 ------------------------------------------------------------------------------


 NSTEP =    56900   TIME(PS) =      56.900  TEMP(K) =   300.20  PRESS =     0.0
 Etot   =       -51.1919  EKtot   =       570.8951  EPtot      =      -622.0869
 BOND   =       208.4588  ANGLE   =       374.5359  DIHED      =       514.5285
 1-4 NB =       162.2681  1-4 EEL =      -348.6367  VDWAALS    =      -320.2946
 EELEC  =     -1212.9470  EHBOND  =         0.0000  RESTRAINT  =         0.0000
 ------------------------------------------------------------------------------

| RE_POSITION Moving by   0.330751  0.171782 -0.015452

 NSTEP =    57000   TIME(PS) =      57.000  TEMP(K) =   304.21  PRESS =     0.0
 Etot   =       -44.1159  EKtot   =       578.5197  EPtot      =      -622.6355
 BOND   =       222.0151  ANGLE   =       340.4208  DIHED      =       510.1977
 1-4 NB =       171.3766  1-4 EEL =      -350.0062  VDWAALS    =      -306.9913
 EELEC  =     -1209.6483  EHBOND  =         0.0000  RESTRAINT  =         0.0000
 ------------------------------------------------------------------------------


 NSTEP =    57100   TIME(PS) =      57.100  TEMP(K) =   297.45  PRESS =     0.0
 Etot   =      -327.0893  EKtot   =       565.6673  EPtot      =      -892.7566
 BOND   =       235.4687  ANGLE   =       329.5666  DIHED      =       527.5308
 1-4 NB =       168.7154  1-4 EEL =      -344.7910  VDWAALS    =      -299.8665
 EELEC  =     -1509.3805  EHBOND  =         0.0000  RESTRAINT  =         0.0000
 ------------------------------------------------------------------------------


 NSTEP =    57200   TIME(PS) =      57.200  TEMP(K) =   299.70  PRESS =     0.0
 Etot   =      -335.7395  EKtot   =       569.9448  EPtot      =      -905.6843
 BOND   =       206.4284  ANGLE   =       358.1895  DIHED      =       517.6134
 1-4 NB =       166.5740  1-4 EEL =      -326.4509  VDWAALS    =      -317.2968
 EELEC  =     -1510.7418  EHBOND  =         0.0000  RESTRAINT  =         0.0000
 ------------------------------------------------------------------------------


 NSTEP =    57300   TIME(PS) =      57.300  TEMP(K) =   283.16  PRESS =     0.0
 Etot   =        67.8771  EKtot   =       538.4948  EPtot      =      -470.6176
 BOND   =       224.6295  ANGLE   =       340.8236  DIHED      =       524.9861
 1-4 NB =       166.6942  1-4 EEL =      -335.3737  VDWAALS    =      -303.2199
 EELEC  =     -1089.1574  EHBOND  =         0.0000  RESTRAINT  =         0.0000
 ------------------------------------------------------------------------------


 NSTEP =    57400   TIME(PS) =      57.400  TEMP(K) =   286.80  PRESS =     0.0
 Etot   =      -141.0381  EKtot   =       545.4129  EPtot      =      -686.4509
 BOND   =       225.7267  ANGLE   =       330.8753  DIHED      =       524.3001
 1-4 NB =       166.2018  1-4 EEL =      -316.3704  VDWAALS    =      -299.0988
 EELEC  =     -1318.0857  EHBOND  =         0.0000  RESTRAINT  =         0.0000
 ------------------------------------------------------------------------------


 NSTEP =    57500   TIME(PS) =      57.500  TEMP(K) =   294.71  PRESS =     0.0
 Etot   =       -94.9650  EKtot   =       560.4594  EPtot      =      -655.4244
 BOND   =       214.5751  ANGLE   =       337.9630  DIHED      =       524.4735
 1-4 NB =       167.5597  1-4 EEL =      -326.2406  VDWAALS    =      -306.0531
 EELEC  =     -1267.7019  EHBOND  =         0.0000  RESTRAINT  =         0.0000
 ------------------------------------------------------------------------------


 NSTEP =    57600   TIME(PS) =      57.600  TEMP(K) =   297.30  PRESS =     0.0
 Etot   =        21.4534  EKtot   =       565.3907  EPtot      =      -543.9373
 BOND   =       214.6100  ANGLE   =       339.2047  DIHED      =       517.9324
 1-4 NB =       169.3896  1-4 EEL =      -328.6927  VDWAALS    =      -305.2477
 EELEC  =     -1151.1337  EHBOND  =         0.0000  RESTRAINT  =         0.0000
 ------------------------------------------------------------------------------


 NSTEP =    57700   TIME(PS) =      57.700  TEMP(K) =   298.32  PRESS =     0.0
 Etot   =       -29.5784  EKtot   =       567.3317  EPtot      =      -596.9102
 BOND   =       221.8337  ANGLE   =       322.0642  DIHED      =       526.3331
 1-4 NB =       173.4651  1-4 EEL =      -324.3204  VDWAALS    =      -304.5662
 EELEC  =     -1211.7196  EHBOND  =         0.0000  RESTRAINT  =         0.0000
 ------------------------------------------------------------------------------


 NSTEP =    57800   TIME(PS) =      57.800  TEMP(K) =   292.87  PRESS =     0.0
 Etot   =       -59.9331  EKtot   =       556.9543  EPtot      =      -616.8874
 BOND   =       215.5016  ANGLE   =       346.5984  DIHED      =       522.3913
 1-4 NB =       166.0395  1-4 EEL =      -329.3233  VDWAALS    =      -301.6070
 EELEC  =     -1236.4879  EHBOND  =         0.0000  RESTRAINT  =         0.0000
 ------------------------------------------------------------------------------


 NSTEP =    57900   TIME(PS) =      57.900  TEMP(K) =   298.67  PRESS =     0.0
 Etot   =        -5.9164  EKtot   =       568.0011  EPtot      =      -573.9175
 BOND   =       203.0066  ANGLE   =       338.6255  DIHED      =       524.7324
 1-4 NB =       166.0558  1-4 EEL =      -352.3285  VDWAALS    =      -315.8859
 EELEC  =     -1138.1234  EHBOND  =         0.0000  RESTRAINT  =         0.0000
 ------------------------------------------------------------------------------

| RE_POSITION Moving by   0.101386  0.446978 -0.359438

 NSTEP =    58000   TIME(PS) =      58.000  TEMP(K) =   278.13  PRESS =     0.0
 Etot   =       112.6079  EKtot   =       528.9233  EPtot      =      -416.3154
 BOND   =       212.9626  ANGLE   =       328.2103  DIHED      =       519.3311
 1-4 NB =       164.3847  1-4 EEL =      -334.1948  VDWAALS    =      -308.2725
 EELEC  =      -998.7367  EHBOND  =         0.0000  RESTRAINT  =         0.0000
 ------------------------------------------------------------------------------


 NSTEP =    58100   TIME(PS) =      58.100  TEMP(K) =   292.69  PRESS =     0.0
 Etot   =       150.8433  EKtot   =       556.6126  EPtot      =      -405.7693
 BOND   =       221.0200  ANGLE   =       322.9586  DIHED      =       513.9333
 1-4 NB =       166.4343  1-4 EEL =      -326.2167  VDWAALS    =      -317.4369
 EELEC  =      -986.4620  EHBOND  =         0.0000  RESTRAINT  =         0.0000
 ------------------------------------------------------------------------------


 NSTEP =    58200   TIME(PS) =      58.200  TEMP(K) =   281.24  PRESS =     0.0
 Etot   =       263.7578  EKtot   =       534.8430  EPtot      =      -271.0852
 BOND   =       213.4494  ANGLE   =       331.1535  DIHED      =       523.5861
 1-4 NB =       167.0151  1-4 EEL =      -326.2198  VDWAALS    =      -310.8386
 EELEC  =      -869.2309  EHBOND  =         0.0000  RESTRAINT  =         0.0000
 ------------------------------------------------------------------------------


 NSTEP =    58300   TIME(PS) =      58.300  TEMP(K) =   280.82  PRESS =     0.0
 Etot   =       169.1284  EKtot   =       534.0485  EPtot      =      -364.9200
 BOND   =       210.7471  ANGLE   =       339.5841  DIHED      =       529.2528
 1-4 NB =       175.6609  1-4 EEL =      -344.5223  VDWAALS    =      -312.9804
 EELEC  =      -962.6622  EHBOND  =         0.0000  RESTRAINT  =         0.0000
 ------------------------------------------------------------------------------


 NSTEP =    58400   TIME(PS) =      58.400  TEMP(K) =   282.32  PRESS =     0.0
 Etot   =      -478.2959  EKtot   =       536.9046  EPtot      =     -1015.2005
 BOND   =       220.8003  ANGLE   =       335.7103  DIHED      =       517.8079
 1-4 NB =       165.3646  1-4 EEL =      -334.7886  VDWAALS    =      -318.6521
 EELEC  =     -1601.4428  EHBOND  =         0.0000  RESTRAINT  =         0.0000
 ------------------------------------------------------------------------------


 NSTEP =    58500   TIME(PS) =      58.500  TEMP(K) =   275.01  PRESS =     0.0
 Etot   =      -312.9046  EKtot   =       522.9968  EPtot      =      -835.9014
 BOND   =       214.5877  ANGLE   =       342.8702  DIHED      =       518.6159
 1-4 NB =       173.2352  1-4 EEL =      -319.0985  VDWAALS    =      -308.1832
 EELEC  =     -1457.9287  EHBOND  =         0.0000  RESTRAINT  =         0.0000
 ------------------------------------------------------------------------------


 NSTEP =    58600   TIME(PS) =      58.600  TEMP(K) =   288.51  PRESS =     0.0
 Etot   =      -266.5667  EKtot   =       548.6636  EPtot      =      -815.2302
 BOND   =       208.7702  ANGLE   =       330.0864  DIHED      =       505.7487
 1-4 NB =       168.8003  1-4 EEL =      -319.4830  VDWAALS    =      -310.0996
 EELEC  =     -1399.0533  EHBOND  =         0.0000  RESTRAINT  =         0.0000
 ------------------------------------------------------------------------------


 NSTEP =    58700   TIME(PS) =      58.700  TEMP(K) =   288.30  PRESS =     0.0
 Etot   =      -166.2472  EKtot   =       548.2792  EPtot      =      -714.5263
 BOND   =       215.5392  ANGLE   =       348.0314  DIHED      =       499.6925
 1-4 NB =       169.6297  1-4 EEL =      -332.7204  VDWAALS    =      -306.3721
 EELEC  =     -1308.3268  EHBOND  =         0.0000  RESTRAINT  =         0.0000
 ------------------------------------------------------------------------------


 NSTEP =    58800   TIME(PS) =      58.800  TEMP(K) =   299.24  PRESS =     0.0
 Etot   =      -141.8583  EKtot   =       569.0698  EPtot      =      -710.9281
 BOND   =       201.8802  ANGLE   =       327.8898  DIHED      =       517.4891
 1-4 NB =       164.2754  1-4 EEL =      -308.6541  VDWAALS    =      -316.0504
 EELEC  =     -1297.7581  EHBOND  =         0.0000  RESTRAINT  =         0.0000
 ------------------------------------------------------------------------------


 NSTEP =    58900   TIME(PS) =      58.900  TEMP(K) =   300.05  PRESS =     0.0
 Etot   =      -124.1143  EKtot   =       570.6207  EPtot      =      -694.7350
 BOND   =       211.3269  ANGLE   =       336.1610  DIHED      =       513.9047
 1-4 NB =       175.6948  1-4 EEL =      -331.7167  VDWAALS    =      -308.6926
 EELEC  =     -1291.4130  EHBOND  =         0.0000  RESTRAINT  =         0.0000
 ------------------------------------------------------------------------------

| RE_POSITION Moving by   0.049775  0.403823  0.015229

 NSTEP =    59000   TIME(PS) =      59.000  TEMP(K) =   300.97  PRESS =     0.0
 Etot   =      -156.5853  EKtot   =       572.3601  EPtot      =      -728.9454
 BOND   =       238.2762  ANGLE   =       347.9530  DIHED      =       528.0089
 1-4 NB =       158.9180  1-4 EEL =      -335.7696  VDWAALS    =      -311.3545
 EELEC  =     -1354.9774  EHBOND  =         0.0000  RESTRAINT  =         0.0000
 ------------------------------------------------------------------------------


 NSTEP =    59100   TIME(PS) =      59.100  TEMP(K) =   302.69  PRESS =     0.0
 Etot   =       333.1846  EKtot   =       575.6315  EPtot      =      -242.4469
 BOND   =       216.1779  ANGLE   =       346.5563  DIHED      =       524.0992
 1-4 NB =       169.9528  1-4 EEL =      -302.6645  VDWAALS    =      -310.6330
 EELEC  =      -885.9356  EHBOND  =         0.0000  RESTRAINT  =         0.0000
 ------------------------------------------------------------------------------


 NSTEP =    59200   TIME(PS) =      59.200  TEMP(K) =   298.27  PRESS =     0.0
 Etot   =        18.5614  EKtot   =       567.2352  EPtot      =      -548.6738
 BOND   =       215.2898  ANGLE   =       374.7055  DIHED      =       518.8995
 1-4 NB =       170.9991  1-4 EEL =      -324.5449  VDWAALS    =      -306.4505
 EELEC  =     -1197.5722  EHBOND  =         0.0000  RESTRAINT  =         0.0000
 ------------------------------------------------------------------------------


 NSTEP =    59300   TIME(PS) =      59.300  TEMP(K) =   311.41  PRESS =     0.0
 Etot   =       290.4872  EKtot   =       592.2274  EPtot      =      -301.7402
 BOND   =       240.3603  ANGLE   =       345.6616  DIHED      =       514.6477
 1-4 NB =       169.3848  1-4 EEL =      -317.5796  VDWAALS    =      -297.5549
 EELEC  =      -956.6600  EHBOND  =         0.0000  RESTRAINT  =         0.0000
 ------------------------------------------------------------------------------


 NSTEP =    59400   TIME(PS) =      59.400  TEMP(K) =   304.87  PRESS =     0.0
 Etot   =      -145.4060  EKtot   =       579.7769  EPtot      =      -725.1829
 BOND   =       231.1052  ANGLE   =       350.2341  DIHED      =       514.3924
 1-4 NB =       162.7020  1-4 EEL =      -321.2687  VDWAALS    =      -302.5137
 EELEC  =     -1359.8343  EHBOND  =         0.0000  RESTRAINT  =         0.0000
 ------------------------------------------------------------------------------


 NSTEP =    59500   TIME(PS) =      59.500  TEMP(K) =   311.02  PRESS =     0.0
 Etot   =        47.1905  EKtot   =       591.4747  EPtot      =      -544.2843
 BOND   =       230.1667  ANGLE   =       344.0630  DIHED      =       512.0236
 1-4 NB =       164.3501  1-4 EEL =      -327.0746  VDWAALS    =      -307.7898
 EELEC  =     -1160.0232  EHBOND  =         0.0000  RESTRAINT  =         0.0000
 ------------------------------------------------------------------------------


 NSTEP =    59600   TIME(PS) =      59.600  TEMP(K) =   309.73  PRESS =     0.0
 Etot   =       -44.1533  EKtot   =       589.0178  EPtot      =      -633.1710
 BOND   =       231.8526  ANGLE   =       326.0371  DIHED      =       511.8419
 1-4 NB =       169.7406  1-4 EEL =      -323.7759  VDWAALS    =      -303.0017
 EELEC  =     -1245.8656  EHBOND  =         0.0000  RESTRAINT  =         0.0000
 ------------------------------------------------------------------------------


 NSTEP =    59700   TIME(PS) =      59.700  TEMP(K) =   317.60  PRESS =     0.0
 Etot   =        -6.1685  EKtot   =       603.9947  EPtot      =      -610.1632
 BOND   =       222.0447  ANGLE   =       338.0391  DIHED      =       513.6717
 1-4 NB =       162.9112  1-4 EEL =      -337.3012  VDWAALS    =      -310.3938
 EELEC  =     -1199.1350  EHBOND  =         0.0000  RESTRAINT  =         0.0000
 ------------------------------------------------------------------------------


 NSTEP =    59800   TIME(PS) =      59.800  TEMP(K) =   297.75  PRESS =     0.0
 Etot   =       111.1345  EKtot   =       566.2360  EPtot      =      -455.1016
 BOND   =       219.6128  ANGLE   =       353.6525  DIHED      =       524.3906
 1-4 NB =       170.8765  1-4 EEL =      -321.8620  VDWAALS    =      -297.8232
 EELEC  =     -1103.9488  EHBOND  =         0.0000  RESTRAINT  =         0.0000
 ------------------------------------------------------------------------------


 NSTEP =    59900   TIME(PS) =      59.900  TEMP(K) =   305.94  PRESS =     0.0
 Etot   =      -330.8757  EKtot   =       581.8233  EPtot      =      -912.6989
 BOND   =       240.2868  ANGLE   =       354.8130  DIHED      =       500.6245
 1-4 NB =       169.0160  1-4 EEL =      -327.4640  VDWAALS    =      -309.3425
 EELEC  =     -1540.6328  EHBOND  =         0.0000  RESTRAINT  =         0.0000
 ------------------------------------------------------------------------------

| RE_POSITION Moving by  -0.027233 -0.917825 -0.106509

 NSTEP =    60000   TIME(PS) =      60.000  TEMP(K) =   313.45  PRESS =     0.0
 Etot   =        -2.8481  EKtot   =       596.0937  EPtot      =      -598.9418
 BOND   =       246.3919  ANGLE   =       357.1081  DIHED      =       510.3611
 1-4 NB =       173.7987  1-4 EEL =      -340.8670  VDWAALS    =      -302.7087
 EELEC  =     -1243.0259  EHBOND  =         0.0000  RESTRAINT  =         0.0000
 ------------------------------------------------------------------------------


 NSTEP =    60100   TIME(PS) =      60.100  TEMP(K) =   306.56  PRESS =     0.0
 Etot   =      -155.4894  EKtot   =       582.9970  EPtot      =      -738.4864
 BOND   =       229.0125  ANGLE   =       359.3025  DIHED      =       527.8901
 1-4 NB =       171.4415  1-4 EEL =      -328.3174  VDWAALS    =      -290.7192
 EELEC  =     -1407.0964  EHBOND  =         0.0000  RESTRAINT  =         0.0000
 ------------------------------------------------------------------------------


 NSTEP =    60200   TIME(PS) =      60.200  TEMP(K) =   322.11  PRESS =     0.0
 Etot   =       -44.8151  EKtot   =       612.5744  EPtot      =      -657.3895
 BOND   =       243.6790  ANGLE   =       317.3624  DIHED      =       521.0629
 1-4 NB =       159.7552  1-4 EEL =      -324.2098  VDWAALS    =      -301.0760
 EELEC  =     -1273.9631  EHBOND  =         0.0000  RESTRAINT  =         0.0000
 ------------------------------------------------------------------------------


 NSTEP =    60300   TIME(PS) =      60.300  TEMP(K) =   308.91  PRESS =     0.0
 Etot   =        54.8139  EKtot   =       587.4623  EPtot      =      -532.6484
 BOND   =       223.3688  ANGLE   =       349.1589  DIHED      =       507.4346
 1-4 NB =       172.0450  1-4 EEL =      -324.5613  VDWAALS    =      -303.6339
 EELEC  =     -1156.4605  EHBOND  =         0.0000  RESTRAINT  =         0.0000
 ------------------------------------------------------------------------------


 NSTEP =    60400   TIME(PS) =      60.400  TEMP(K) =   303.14  PRESS =     0.0
 Etot   =        58.3788  EKtot   =       576.5019  EPtot      =      -518.1230
 BOND   =       239.7163  ANGLE   =       351.0611  DIHED      =       523.7310
 1-4 NB =       164.2774  1-4 EEL =      -338.6099  VDWAALS    =      -306.3242
 EELEC  =     -1151.9747  EHBOND  =         0.0000  RESTRAINT  =         0.0000
 ------------------------------------------------------------------------------


 NSTEP =    60500   TIME(PS) =      60.500  TEMP(K) =   314.70  PRESS =     0.0
 Etot   =        95.1264  EKtot   =       598.4858  EPtot      =      -503.3594
 BOND   =       244.2036  ANGLE   =       314.7302  DIHED      =       516.4416
 1-4 NB =       168.5334  1-4 EEL =      -322.4829  VDWAALS    =      -304.1867
 EELEC  =     -1120.5987  EHBOND  =         0.0000  RESTRAINT  =         0.0000
 ------------------------------------------------------------------------------


 NSTEP =    60600   TIME(PS) =      60.600  TEMP(K) =   296.05  PRESS =     0.0
 Etot   =       155.8117  EKtot   =       563.0139  EPtot      =      -407.2022
 BOND   =       220.8721  ANGLE   =       384.8713  DIHED      =       524.5800
 1-4 NB =       167.2502  1-4 EEL =      -347.5397  VDWAALS    =      -312.2776
 EELEC  =     -1044.9585  EHBOND  =         0.0000  RESTRAINT  =         0.0000
 ------------------------------------------------------------------------------


 NSTEP =    60700   TIME(PS) =      60.700  TEMP(K) =   295.10  PRESS =     0.0
 Etot   =       173.2812  EKtot   =       561.1971  EPtot      =      -387.9159
 BOND   =       245.4675  ANGLE   =       309.3906  DIHED      =       520.1012
 1-4 NB =       170.1019  1-4 EEL =      -308.7802  VDWAALS    =      -312.7542
 EELEC  =     -1011.4428  EHBOND  =         0.0000  RESTRAINT  =         0.0000
 ------------------------------------------------------------------------------


 NSTEP =    60800   TIME(PS) =      60.800  TEMP(K) =   307.68  PRESS =     0.0
 Etot   =       452.3420  EKtot   =       585.1209  EPtot      =      -132.7789
 BOND   =       216.2669  ANGLE   =       344.1629  DIHED      =       517.2881
 1-4 NB =       168.5730  1-4 EEL =      -360.4446  VDWAALS    =      -313.6159
 EELEC  =      -705.0094  EHBOND  =         0.0000  RESTRAINT  =         0.0000
 ------------------------------------------------------------------------------


 NSTEP =    60900   TIME(PS) =      60.900  TEMP(K) =   300.26  PRESS =     0.0
 Etot   =       100.6184  EKtot   =       571.0157  EPtot      =      -470.3972
 BOND   =       257.6047  ANGLE   =       321.7946  DIHED      =       513.1482
 1-4 NB =       163.6544  1-4 EEL =      -335.3278  VDWAALS    =      -315.9600
 EELEC  =     -1075.3113  EHBOND  =         0.0000  RESTRAINT  =         0.0000
 ------------------------------------------------------------------------------

| RE_POSITION Moving by  -0.120618  0.286856  0.037132

 NSTEP =    61000   TIME(PS) =      61.000  TEMP(K) =   298.85  PRESS =     0.0
 Etot   =      -139.2082  EKtot   =       568.3417  EPtot      =      -707.5499
 BOND   =       233.1599  ANGLE   =       327.1847  DIHED      =       514.0504
 1-4 NB =       167.4231  1-4 EEL =      -329.3693  VDWAALS    =      -294.5047
 EELEC  =     -1325.4940  EHBOND  =         0.0000  RESTRAINT  =         0.0000
 ------------------------------------------------------------------------------


 NSTEP =    61100   TIME(PS) =      61.100  TEMP(K) =   301.95  PRESS =     0.0
 Etot   =      -156.9822  EKtot   =       574.2262  EPtot      =      -731.2084
 BOND   =       226.9799  ANGLE   =       342.3001  DIHED      =       516.5368
 1-4 NB =       163.5678  1-4 EEL =      -345.9945  VDWAALS    =      -306.9867
 EELEC  =     -1327.6117  EHBOND  =         0.0000  RESTRAINT  =         0.0000
 ------------------------------------------------------------------------------


 NSTEP =    61200   TIME(PS) =      61.200  TEMP(K) =   307.14  PRESS =     0.0
 Etot   =       129.9757  EKtot   =       584.0979  EPtot      =      -454.1222
 BOND   =       228.1317  ANGLE   =       334.5620  DIHED      =       507.1020
 1-4 NB =       171.6201  1-4 EEL =      -339.1856  VDWAALS    =      -305.2556
 EELEC  =     -1051.0968  EHBOND  =         0.0000  RESTRAINT  =         0.0000
 ------------------------------------------------------------------------------


 NSTEP =    61300   TIME(PS) =      61.300  TEMP(K) =   297.13  PRESS =     0.0
 Etot   =       193.7362  EKtot   =       565.0732  EPtot      =      -371.3370
 BOND   =       229.5489  ANGLE   =       357.1042  DIHED      =       528.1983
 1-4 NB =       158.9275  1-4 EEL =      -337.5389  VDWAALS    =      -295.6729
 EELEC  =     -1011.9040  EHBOND  =         0.0000  RESTRAINT  =         0.0000
 ------------------------------------------------------------------------------


 NSTEP =    61400   TIME(PS) =      61.400  TEMP(K) =   315.52  PRESS =     0.0
 Etot   =      -114.9899  EKtot   =       600.0300  EPtot      =      -715.0199
 BOND   =       219.8071  ANGLE   =       356.1063  DIHED      =       510.5094
 1-4 NB =       171.3438  1-4 EEL =      -324.9115  VDWAALS    =      -297.5891
 EELEC  =     -1350.2859  EHBOND  =         0.0000  RESTRAINT  =         0.0000
 ------------------------------------------------------------------------------


 NSTEP =    61500   TIME(PS) =      61.500  TEMP(K) =   295.78  PRESS =     0.0
 Etot   =         6.6480  EKtot   =       562.4913  EPtot      =      -555.8433
 BOND   =       245.2052  ANGLE   =       353.5255  DIHED      =       517.0766
 1-4 NB =       172.3197  1-4 EEL =      -346.6722  VDWAALS    =      -297.5074
 EELEC  =     -1199.7907  EHBOND  =         0.0000  RESTRAINT  =         0.0000
 ------------------------------------------------------------------------------


 NSTEP =    61600   TIME(PS) =      61.600  TEMP(K) =   313.10  PRESS =     0.0
 Etot   =      -286.0963  EKtot   =       595.4421  EPtot      =      -881.5385
 BOND   =       233.8312  ANGLE   =       355.7702  DIHED      =       513.4369
 1-4 NB =       168.2768  1-4 EEL =      -359.3070  VDWAALS    =      -289.3637
 EELEC  =     -1504.1829  EHBOND  =         0.0000  RESTRAINT  =         0.0000
 ------------------------------------------------------------------------------


 NSTEP =    61700   TIME(PS) =      61.700  TEMP(K) =   298.89  PRESS =     0.0
 Etot   =      -356.5234  EKtot   =       568.4032  EPtot      =      -924.9266
 BOND   =       231.7291  ANGLE   =       338.3097  DIHED      =       518.3165
 1-4 NB =       169.7481  1-4 EEL =      -325.7954  VDWAALS    =      -303.6512
 EELEC  =     -1553.5833  EHBOND  =         0.0000  RESTRAINT  =         0.0000
 ------------------------------------------------------------------------------


 NSTEP =    61800   TIME(PS) =      61.800  TEMP(K) =   299.88  PRESS =     0.0
 Etot   =      -334.1927  EKtot   =       570.2875  EPtot      =      -904.4802
 BOND   =       242.8221  ANGLE   =       347.0201  DIHED      =       518.5845
 1-4 NB =       165.0344  1-4 EEL =      -340.3921  VDWAALS    =      -299.4218
 EELEC  =     -1538.1274  EHBOND  =         0.0000  RESTRAINT  =         0.0000
 ------------------------------------------------------------------------------


 NSTEP =    61900   TIME(PS) =      61.900  TEMP(K) =   314.93  PRESS =     0.0
 Etot   =      -128.1117  EKtot   =       598.9240  EPtot      =      -727.0357
 BOND   =       235.8303  ANGLE   =       322.6421  DIHED      =       513.3434
 1-4 NB =       174.2742  1-4 EEL =      -312.7550  VDWAALS    =      -296.6125
 EELEC  =     -1363.7582  EHBOND  =         0.0000  RESTRAINT  =         0.0000
 ------------------------------------------------------------------------------

| RE_POSITION Moving by  -0.390457  0.431528 -0.514141

 NSTEP =    62000   TIME(PS) =      62.000  TEMP(K) =   300.14  PRESS =     0.0
 Etot   =      -383.2593  EKtot   =       570.7804  EPtot      =      -954.0397
 BOND   =       244.1753  ANGLE   =       341.0413  DIHED      =       504.9614
 1-4 NB =       165.0660  1-4 EEL =      -336.3737  VDWAALS    =      -300.2347
 EELEC  =     -1572.6752  EHBOND  =         0.0000  RESTRAINT  =         0.0000
 ------------------------------------------------------------------------------


 NSTEP =    62100   TIME(PS) =      62.100  TEMP(K) =   304.66  PRESS =     0.0
 Etot   =      -648.2842  EKtot   =       579.3816  EPtot      =     -1227.6657
 BOND   =       210.5045  ANGLE   =       312.8091  DIHED      =       537.0085
 1-4 NB =       174.5970  1-4 EEL =      -326.1404  VDWAALS    =      -303.9839
 EELEC  =     -1832.4605  EHBOND  =         0.0000  RESTRAINT  =         0.0000
 ------------------------------------------------------------------------------


 NSTEP =    62200   TIME(PS) =      62.200  TEMP(K) =   298.88  PRESS =     0.0
 Etot   =        13.8392  EKtot   =       568.3968  EPtot      =      -554.5576
 BOND   =       219.1463  ANGLE   =       348.1840  DIHED      =       524.7868
 1-4 NB =       166.0923  1-4 EEL =      -330.6430  VDWAALS    =      -300.4467
 EELEC  =     -1181.6773  EHBOND  =         0.0000  RESTRAINT  =         0.0000
 ------------------------------------------------------------------------------


 NSTEP =    62300   TIME(PS) =      62.300  TEMP(K) =   297.97  PRESS =     0.0
 Etot   =      -215.4919  EKtot   =       566.6617  EPtot      =      -782.1536
 BOND   =       233.0858  ANGLE   =       333.0192  DIHED      =       523.9703
 1-4 NB =       168.3231  1-4 EEL =      -322.5464  VDWAALS    =      -312.3126
 EELEC  =     -1405.6930  EHBOND  =         0.0000  RESTRAINT  =         0.0000
 ------------------------------------------------------------------------------


 NSTEP =    62400   TIME(PS) =      62.400  TEMP(K) =   300.71  PRESS =     0.0
 Etot   =      -267.0733  EKtot   =       571.8711  EPtot      =      -838.9445
 BOND   =       214.1158  ANGLE   =       347.4437  DIHED      =       530.9902
 1-4 NB =       171.5373  1-4 EEL =      -328.7912  VDWAALS    =      -306.7125
 EELEC  =     -1467.5279  EHBOND  =         0.0000  RESTRAINT  =         0.0000
 ------------------------------------------------------------------------------


 NSTEP =    62500   TIME(PS) =      62.500  TEMP(K) =   308.47  PRESS =     0.0
 Etot   =       -97.4436  EKtot   =       586.6379  EPtot      =      -684.0815
 BOND   =       218.8461  ANGLE   =       328.7267  DIHED      =       527.3046
 1-4 NB =       179.7823  1-4 EEL =      -313.2701  VDWAALS    =      -311.6238
 EELEC  =     -1313.8473  EHBOND  =         0.0000  RESTRAINT  =         0.0000
 ------------------------------------------------------------------------------


 NSTEP =    62600   TIME(PS) =      62.600  TEMP(K) =   295.84  PRESS =     0.0
 Etot   =       267.0934  EKtot   =       562.6103  EPtot      =      -295.5169
 BOND   =       217.0686  ANGLE   =       334.2502  DIHED      =       533.1029
 1-4 NB =       164.7911  1-4 EEL =      -309.8679  VDWAALS    =      -299.7905
 EELEC  =      -935.0713  EHBOND  =         0.0000  RESTRAINT  =         0.0000
 ------------------------------------------------------------------------------


 NSTEP =    62700   TIME(PS) =      62.700  TEMP(K) =   303.51  PRESS =     0.0
 Etot   =      -468.5037  EKtot   =       577.2000  EPtot      =     -1045.7036
 BOND   =       219.2906  ANGLE   =       332.7822  DIHED      =       512.9509
 1-4 NB =       169.5720  1-4 EEL =      -317.4533  VDWAALS    =      -309.8437
 EELEC  =     -1653.0024  EHBOND  =         0.0000  RESTRAINT  =         0.0000
 ------------------------------------------------------------------------------


 NSTEP =    62800   TIME(PS) =      62.800  TEMP(K) =   297.21  PRESS =     0.0
 Etot   =      -114.4535  EKtot   =       565.2183  EPtot      =      -679.6718
 BOND   =       210.0502  ANGLE   =       334.7892  DIHED      =       522.0280
 1-4 NB =       166.6299  1-4 EEL =      -321.9227  VDWAALS    =      -307.1906
 EELEC  =     -1284.0557  EHBOND  =         0.0000  RESTRAINT  =         0.0000
 ------------------------------------------------------------------------------


 NSTEP =    62900   TIME(PS) =      62.900  TEMP(K) =   297.02  PRESS =     0.0
 Etot   =      -231.6777  EKtot   =       564.8618  EPtot      =      -796.5396
 BOND   =       220.0499  ANGLE   =       316.3562  DIHED      =       522.9020
 1-4 NB =       166.9216  1-4 EEL =      -342.6050  VDWAALS    =      -296.7584
 EELEC  =     -1383.4058  EHBOND  =         0.0000  RESTRAINT  =         0.0000
 ------------------------------------------------------------------------------

| RE_POSITION Moving by   0.252492  0.091870 -0.096444

 NSTEP =    63000   TIME(PS) =      63.000  TEMP(K) =   291.61  PRESS =     0.0
 Etot   =      -111.3586  EKtot   =       554.5683  EPtot      =      -665.9268
 BOND   =       217.7838  ANGLE   =       326.8866  DIHED      =       519.6809
 1-4 NB =       162.6011  1-4 EEL =      -306.9830  VDWAALS    =      -310.9728
 EELEC  =     -1274.9233  EHBOND  =         0.0000  RESTRAINT  =         0.0000
 ------------------------------------------------------------------------------


 NSTEP =    63100   TIME(PS) =      63.100  TEMP(K) =   290.15  PRESS =     0.0
 Etot   =      -123.8096  EKtot   =       551.7886  EPtot      =      -675.5982
 BOND   =       208.8465  ANGLE   =       325.4592  DIHED      =       520.3466
 1-4 NB =       177.5692  1-4 EEL =      -332.5905  VDWAALS    =      -301.5138
 EELEC  =     -1273.7154  EHBOND  =         0.0000  RESTRAINT  =         0.0000
 ------------------------------------------------------------------------------


 NSTEP =    63200   TIME(PS) =      63.200  TEMP(K) =   289.81  PRESS =     0.0
 Etot   =      -172.3775  EKtot   =       551.1406  EPtot      =      -723.5181
 BOND   =       206.8585  ANGLE   =       327.7044  DIHED      =       521.9947
 1-4 NB =       168.7412  1-4 EEL =      -306.9869  VDWAALS    =      -316.5994
 EELEC  =     -1325.2307  EHBOND  =         0.0000  RESTRAINT  =         0.0000
 ------------------------------------------------------------------------------


 NSTEP =    63300   TIME(PS) =      63.300  TEMP(K) =   282.29  PRESS =     0.0
 Etot   =      -416.7549  EKtot   =       536.8426  EPtot      =      -953.5975
 BOND   =       233.8996  ANGLE   =       331.6934  DIHED      =       518.7960
 1-4 NB =       167.0003  1-4 EEL =      -319.3288  VDWAALS    =      -319.2124
 EELEC  =     -1566.4456  EHBOND  =         0.0000  RESTRAINT  =         0.0000
 ------------------------------------------------------------------------------


 NSTEP =    63400   TIME(PS) =      63.400  TEMP(K) =   281.58  PRESS =     0.0
 Etot   =      -403.1341  EKtot   =       535.4913  EPtot      =      -938.6254
 BOND   =       220.6412  ANGLE   =       329.1363  DIHED      =       524.9685
 1-4 NB =       175.1542  1-4 EEL =      -331.1768  VDWAALS    =      -316.5346
 EELEC  =     -1540.8142  EHBOND  =         0.0000  RESTRAINT  =         0.0000
 ------------------------------------------------------------------------------


 NSTEP =    63500   TIME(PS) =      63.500  TEMP(K) =   294.13  PRESS =     0.0
 Etot   =      -444.2518  EKtot   =       559.3575  EPtot      =     -1003.6093
 BOND   =       219.0211  ANGLE   =       319.6831  DIHED      =       517.6602
 1-4 NB =       168.6264  1-4 EEL =      -313.8771  VDWAALS    =      -300.5811
 EELEC  =     -1614.1418  EHBOND  =         0.0000  RESTRAINT  =         0.0000
 ------------------------------------------------------------------------------


 NSTEP =    63600   TIME(PS) =      63.600  TEMP(K) =   288.57  PRESS =     0.0
 Etot   =       -80.6222  EKtot   =       548.7773  EPtot      =      -629.3995
 BOND   =       243.5834  ANGLE   =       318.7089  DIHED      =       522.5645
 1-4 NB =       162.7509  1-4 EEL =      -324.1634  VDWAALS    =      -312.3266
 EELEC  =     -1240.5172  EHBOND  =         0.0000  RESTRAINT  =         0.0000
 ------------------------------------------------------------------------------


 NSTEP =    63700   TIME(PS) =      63.700  TEMP(K) =   292.22  PRESS =     0.0
 Etot   =      -291.7953  EKtot   =       555.7222  EPtot      =      -847.5174
 BOND   =       215.7425  ANGLE   =       325.5286  DIHED      =       519.8795
 1-4 NB =       168.8610  1-4 EEL =      -326.2181  VDWAALS    =      -324.2228
 EELEC  =     -1427.0883  EHBOND  =         0.0000  RESTRAINT  =         0.0000
 ------------------------------------------------------------------------------


 NSTEP =    63800   TIME(PS) =      63.800  TEMP(K) =   300.79  PRESS =     0.0
 Etot   =       -36.0687  EKtot   =       572.0231  EPtot      =      -608.0918
 BOND   =       234.4956  ANGLE   =       313.6675  DIHED      =       499.9937
 1-4 NB =       163.8258  1-4 EEL =      -334.7792  VDWAALS    =      -320.2228
 EELEC  =     -1165.0725  EHBOND  =         0.0000  RESTRAINT  =         0.0000
 ------------------------------------------------------------------------------


 NSTEP =    63900   TIME(PS) =      63.900  TEMP(K) =   289.85  PRESS =     0.0
 Etot   =      -310.8129  EKtot   =       551.2106  EPtot      =      -862.0235
 BOND   =       217.2893  ANGLE   =       336.6576  DIHED      =       525.9401
 1-4 NB =       163.2166  1-4 EEL =      -324.2904  VDWAALS    =      -313.1053
 EELEC  =     -1467.7315  EHBOND  =         0.0000  RESTRAINT  =         0.0000
 ------------------------------------------------------------------------------

| RE_POSITION Moving by  -0.526995  0.085699  0.044598

 NSTEP =    64000   TIME(PS) =      64.000  TEMP(K) =   294.34  PRESS =     0.0
 Etot   =        76.7567  EKtot   =       559.7553  EPtot      =      -482.9986
 BOND   =       235.4837  ANGLE   =       320.7210  DIHED      =       516.9000
 1-4 NB =       175.4578  1-4 EEL =      -338.8045  VDWAALS    =      -321.4104
 EELEC  =     -1071.3461  EHBOND  =         0.0000  RESTRAINT  =         0.0000
 ------------------------------------------------------------------------------


 NSTEP =    64100   TIME(PS) =      64.100  TEMP(K) =   293.63  PRESS =     0.0
 Etot   =       -25.3319  EKtot   =       558.4121  EPtot      =      -583.7440
 BOND   =       239.3170  ANGLE   =       331.8683  DIHED      =       517.6933
 1-4 NB =       160.2410  1-4 EEL =      -352.9878  VDWAALS    =      -310.2965
 EELEC  =     -1169.5792  EHBOND  =         0.0000  RESTRAINT  =         0.0000
 ------------------------------------------------------------------------------


 NSTEP =    64200   TIME(PS) =      64.200  TEMP(K) =   295.77  PRESS =     0.0
 Etot   =       -20.3659  EKtot   =       562.4713  EPtot      =      -582.8372
 BOND   =       220.7193  ANGLE   =       339.1520  DIHED      =       515.3331
 1-4 NB =       170.7638  1-4 EEL =      -343.1068  VDWAALS    =      -319.6007
 EELEC  =     -1166.0980  EHBOND  =         0.0000  RESTRAINT  =         0.0000
 ------------------------------------------------------------------------------


 NSTEP =    64300   TIME(PS) =      64.300  TEMP(K) =   310.97  PRESS =     0.0
 Etot   =        38.4443  EKtot   =       591.3884  EPtot      =      -552.9441
 BOND   =       211.9019  ANGLE   =       335.0811  DIHED      =       515.9081
 1-4 NB =       172.0865  1-4 EEL =      -337.0154  VDWAALS    =      -322.5936
 EELEC  =     -1128.3126  EHBOND  =         0.0000  RESTRAINT  =         0.0000
 ------------------------------------------------------------------------------


 NSTEP =    64400   TIME(PS) =      64.400  TEMP(K) =   299.69  PRESS =     0.0
 Etot   =        69.3554  EKtot   =       569.9276  EPtot      =      -500.5722
 BOND   =       220.9898  ANGLE   =       353.8156  DIHED      =       517.8620
 1-4 NB =       168.9362  1-4 EEL =      -334.1931  VDWAALS    =      -312.3747
 EELEC  =     -1115.6080  EHBOND  =         0.0000  RESTRAINT  =         0.0000
 ------------------------------------------------------------------------------


 NSTEP =    64500   TIME(PS) =      64.500  TEMP(K) =   300.12  PRESS =     0.0
 Etot   =       232.6383  EKtot   =       570.7593  EPtot      =      -338.1210
 BOND   =       239.0888  ANGLE   =       339.7461  DIHED      =       513.6435
 1-4 NB =       171.7925  1-4 EEL =      -341.1019  VDWAALS    =      -309.8306
 EELEC  =      -951.4594  EHBOND  =         0.0000  RESTRAINT  =         0.0000
 ------------------------------------------------------------------------------


 NSTEP =    64600   TIME(PS) =      64.600  TEMP(K) =   306.13  PRESS =     0.0
 Etot   =        50.7531  EKtot   =       582.1870  EPtot      =      -531.4339
 BOND   =       228.0159  ANGLE   =       341.6068  DIHED      =       503.1746
 1-4 NB =       161.6972  1-4 EEL =      -352.8111  VDWAALS    =      -307.2329
 EELEC  =     -1105.8844  EHBOND  =         0.0000  RESTRAINT  =         0.0000
 ------------------------------------------------------------------------------


 NSTEP =    64700   TIME(PS) =      64.700  TEMP(K) =   297.71  PRESS =     0.0
 Etot   =      -174.8904  EKtot   =       566.1674  EPtot      =      -741.0578
 BOND   =       212.9478  ANGLE   =       357.5277  DIHED      =       513.6744
 1-4 NB =       171.9010  1-4 EEL =      -339.4236  VDWAALS    =      -323.7166
 EELEC  =     -1333.9685  EHBOND  =         0.0000  RESTRAINT  =         0.0000
 ------------------------------------------------------------------------------


 NSTEP =    64800   TIME(PS) =      64.800  TEMP(K) =   299.13  PRESS =     0.0
 Etot   =      -124.7461  EKtot   =       568.8735  EPtot      =      -693.6196
 BOND   =       230.3897  ANGLE   =       344.3543  DIHED      =       510.1380
 1-4 NB =       170.2314  1-4 EEL =      -341.7191  VDWAALS    =      -301.9236
 EELEC  =     -1305.0903  EHBOND  =         0.0000  RESTRAINT  =         0.0000
 ------------------------------------------------------------------------------


 NSTEP =    64900   TIME(PS) =      64.900  TEMP(K) =   282.35  PRESS =     0.0
 Etot   =      -111.7180  EKtot   =       536.9523  EPtot      =      -648.6703
 BOND   =       228.7830  ANGLE   =       375.1623  DIHED      =       501.1472
 1-4 NB =       171.5747  1-4 EEL =      -340.3228  VDWAALS    =      -307.4064
 EELEC  =     -1277.6084  EHBOND  =         0.0000  RESTRAINT  =         0.0000
 ------------------------------------------------------------------------------

| RE_POSITION Moving by  -0.059674  0.183820  0.369218

 NSTEP =    65000   TIME(PS) =      65.000  TEMP(K) =   294.53  PRESS =     0.0
 Etot   =       -79.1934  EKtot   =       560.1265  EPtot      =      -639.3199
 BOND   =       218.4158  ANGLE   =       344.7454  DIHED      =       499.2259
 1-4 NB =       173.3301  1-4 EEL =      -343.5777  VDWAALS    =      -312.3057
 EELEC  =     -1219.1538  EHBOND  =         0.0000  RESTRAINT  =         0.0000
 ------------------------------------------------------------------------------


 NSTEP =    65100   TIME(PS) =      65.100  TEMP(K) =   300.38  PRESS =     0.0
 Etot   =       -72.4552  EKtot   =       571.2496  EPtot      =      -643.7048
 BOND   =       217.7599  ANGLE   =       340.3735  DIHED      =       502.3939
 1-4 NB =       168.8960  1-4 EEL =      -323.7776  VDWAALS    =      -315.1049
 EELEC  =     -1234.2457  EHBOND  =         0.0000  RESTRAINT  =         0.0000
 ------------------------------------------------------------------------------


 NSTEP =    65200   TIME(PS) =      65.200  TEMP(K) =   312.84  PRESS =     0.0
 Etot   =      -361.1303  EKtot   =       594.9476  EPtot      =      -956.0779
 BOND   =       210.6448  ANGLE   =       339.6143  DIHED      =       516.6909
 1-4 NB =       171.1844  1-4 EEL =      -345.7669  VDWAALS    =      -316.7621
 EELEC  =     -1531.6833  EHBOND  =         0.0000  RESTRAINT  =         0.0000
 ------------------------------------------------------------------------------


 NSTEP =    65300   TIME(PS) =      65.300  TEMP(K) =   301.22  PRESS =     0.0
 Etot   =       -74.9347  EKtot   =       572.8370  EPtot      =      -647.7717
 BOND   =       229.5586  ANGLE   =       337.3138  DIHED      =       509.2267
 1-4 NB =       174.5604  1-4 EEL =      -332.9859  VDWAALS    =      -307.5243
 EELEC  =     -1257.9210  EHBOND  =         0.0000  RESTRAINT  =         0.0000
 ------------------------------------------------------------------------------


 NSTEP =    65400   TIME(PS) =      65.400  TEMP(K) =   300.54  PRESS =     0.0
 Etot   =      -308.2113  EKtot   =       571.5508  EPtot      =      -879.7620
 BOND   =       221.8170  ANGLE   =       364.4431  DIHED      =       504.3242
 1-4 NB =       171.0931  1-4 EEL =      -342.8013  VDWAALS    =      -303.7610
 EELEC  =     -1494.8770  EHBOND  =         0.0000  RESTRAINT  =         0.0000
 ------------------------------------------------------------------------------


 NSTEP =    65500   TIME(PS) =      65.500  TEMP(K) =   292.15  PRESS =     0.0
 Etot   =      -452.9835  EKtot   =       555.5889  EPtot      =     -1008.5723
 BOND   =       231.5801  ANGLE   =       353.4009  DIHED      =       507.4199
 1-4 NB =       174.0833  1-4 EEL =      -313.2580  VDWAALS    =      -307.6978
 EELEC  =     -1654.1008  EHBOND  =         0.0000  RESTRAINT  =         0.0000
 ------------------------------------------------------------------------------


 NSTEP =    65600   TIME(PS) =      65.600  TEMP(K) =   310.22  PRESS =     0.0
 Etot   =        94.6945  EKtot   =       589.9599  EPtot      =      -495.2653
 BOND   =       240.5385  ANGLE   =       338.5397  DIHED      =       509.6372
 1-4 NB =       167.9115  1-4 EEL =      -335.4630  VDWAALS    =      -299.2757
 EELEC  =     -1117.1535  EHBOND  =         0.0000  RESTRAINT  =         0.0000
 ------------------------------------------------------------------------------


 NSTEP =    65700   TIME(PS) =      65.700  TEMP(K) =   312.94  PRESS =     0.0
 Etot   =        42.2306  EKtot   =       595.1337  EPtot      =      -552.9031
 BOND   =       204.4504  ANGLE   =       353.5283  DIHED      =       508.9622
 1-4 NB =       176.6324  1-4 EEL =      -322.6935  VDWAALS    =      -298.8448
 EELEC  =     -1174.9381  EHBOND  =         0.0000  RESTRAINT  =         0.0000
 ------------------------------------------------------------------------------


 NSTEP =    65800   TIME(PS) =      65.800  TEMP(K) =   305.52  PRESS =     0.0
 Etot   =      -257.7357  EKtot   =       581.0231  EPtot      =      -838.7588
 BOND   =       237.8263  ANGLE   =       353.6746  DIHED      =       504.5404
 1-4 NB =       164.1035  1-4 EEL =      -354.8607  VDWAALS    =      -310.4720
 EELEC  =     -1433.5707  EHBOND  =         0.0000  RESTRAINT  =         0.0000
 ------------------------------------------------------------------------------


 NSTEP =    65900   TIME(PS) =      65.900  TEMP(K) =   296.10  PRESS =     0.0
 Etot   =        66.0071  EKtot   =       563.1050  EPtot      =      -497.0980
 BOND   =       228.7391  ANGLE   =       373.3284  DIHED      =       510.0269
 1-4 NB =       175.2314  1-4 EEL =      -353.0994  VDWAALS    =      -293.6614
 EELEC  =     -1137.6631  EHBOND  =         0.0000  RESTRAINT  =         0.0000
 ------------------------------------------------------------------------------

| RE_POSITION Moving by   0.916887  0.281805  0.531699

 NSTEP =    66000   TIME(PS) =      66.000  TEMP(K) =   296.42  PRESS =     0.0
 Etot   =        85.2130  EKtot   =       563.7161  EPtot      =      -478.5031
 BOND   =       241.1477  ANGLE   =       354.6366  DIHED      =       509.0114
 1-4 NB =       164.0190  1-4 EEL =      -362.6588  VDWAALS    =      -300.8761
 EELEC  =     -1083.7830  EHBOND  =         0.0000  RESTRAINT  =         0.0000
 ------------------------------------------------------------------------------


 NSTEP =    66100   TIME(PS) =      66.100  TEMP(K) =   307.44  PRESS =     0.0
 Etot   =      -264.1474  EKtot   =       584.6667  EPtot      =      -848.8141
 BOND   =       235.4854  ANGLE   =       351.5465  DIHED      =       510.3705
 1-4 NB =       170.7964  1-4 EEL =      -335.7030  VDWAALS    =      -295.8892
 EELEC  =     -1485.4207  EHBOND  =         0.0000  RESTRAINT  =         0.0000
 ------------------------------------------------------------------------------


 NSTEP =    66200   TIME(PS) =      66.200  TEMP(K) =   296.85  PRESS =     0.0
 Etot   =       118.2817  EKtot   =       564.5303  EPtot      =      -446.2485
 BOND   =       240.5045  ANGLE   =       348.6758  DIHED      =       517.1712
 1-4 NB =       167.4885  1-4 EEL =      -339.5715  VDWAALS    =      -299.2848
 EELEC  =     -1081.2322  EHBOND  =         0.0000  RESTRAINT  =         0.0000
 ------------------------------------------------------------------------------


 NSTEP =    66300   TIME(PS) =      66.300  TEMP(K) =   310.72  PRESS =     0.0
 Etot   =      -267.0823  EKtot   =       590.9145  EPtot      =      -857.9968
 BOND   =       223.2640  ANGLE   =       333.2131  DIHED      =       511.7448
 1-4 NB =       168.1432  1-4 EEL =      -342.1058  VDWAALS    =      -298.2420
 EELEC  =     -1454.0141  EHBOND  =         0.0000  RESTRAINT  =         0.0000
 ------------------------------------------------------------------------------


 NSTEP =    66400   TIME(PS) =      66.400  TEMP(K) =   309.41  PRESS =     0.0
 Etot   =      -284.1310  EKtot   =       588.4132  EPtot      =      -872.5442
 BOND   =       220.7336  ANGLE   =       338.6018  DIHED      =       512.7168
 1-4 NB =       171.8156  1-4 EEL =      -326.2847  VDWAALS    =      -293.2223
 EELEC  =     -1496.9050  EHBOND  =         0.0000  RESTRAINT  =         0.0000
 ------------------------------------------------------------------------------


 NSTEP =    66500   TIME(PS) =      66.500  TEMP(K) =   292.04  PRESS =     0.0
 Etot   =       126.2542  EKtot   =       555.3833  EPtot      =      -429.1291
 BOND   =       250.5122  ANGLE   =       354.3909  DIHED      =       522.2909
 1-4 NB =       168.2116  1-4 EEL =      -348.2118  VDWAALS    =      -290.5355
 EELEC  =     -1085.7873  EHBOND  =         0.0000  RESTRAINT  =         0.0000
 ------------------------------------------------------------------------------


 NSTEP =    66600   TIME(PS) =      66.600  TEMP(K) =   307.44  PRESS =     0.0
 Etot   =       189.0324  EKtot   =       584.6664  EPtot      =      -395.6340
 BOND   =       239.1146  ANGLE   =       339.7655  DIHED      =       524.0180
 1-4 NB =       172.3915  1-4 EEL =      -332.6570  VDWAALS    =      -294.3998
 EELEC  =     -1043.8669  EHBOND  =         0.0000  RESTRAINT  =         0.0000
 ------------------------------------------------------------------------------


 NSTEP =    66700   TIME(PS) =      66.700  TEMP(K) =   317.26  PRESS =     0.0
 Etot   =       -27.2840  EKtot   =       603.3379  EPtot      =      -630.6219
 BOND   =       244.4530  ANGLE   =       337.1378  DIHED      =       522.9137
 1-4 NB =       164.8776  1-4 EEL =      -333.9454  VDWAALS    =      -307.5332
 EELEC  =     -1258.5254  EHBOND  =         0.0000  RESTRAINT  =         0.0000
 ------------------------------------------------------------------------------


 NSTEP =    66800   TIME(PS) =      66.800  TEMP(K) =   307.16  PRESS =     0.0
 Etot   =      -286.1034  EKtot   =       584.1360  EPtot      =      -870.2394
 BOND   =       227.8518  ANGLE   =       345.2498  DIHED      =       514.4109
 1-4 NB =       170.5813  1-4 EEL =      -322.5651  VDWAALS    =      -287.4381
 EELEC  =     -1518.3300  EHBOND  =         0.0000  RESTRAINT  =         0.0000
 ------------------------------------------------------------------------------


 NSTEP =    66900   TIME(PS) =      66.900  TEMP(K) =   319.67  PRESS =     0.0
 Etot   =       -88.5670  EKtot   =       607.9344  EPtot      =      -696.5014
 BOND   =       234.8429  ANGLE   =       322.4951  DIHED      =       512.1802
 1-4 NB =       167.1098  1-4 EEL =      -321.3784  VDWAALS    =      -292.1008
 EELEC  =     -1319.6502  EHBOND  =         0.0000  RESTRAINT  =         0.0000
 ------------------------------------------------------------------------------

| RE_POSITION Moving by   0.425111  0.259678 -0.059815

 NSTEP =    67000   TIME(PS) =      67.000  TEMP(K) =   299.98  PRESS =     0.0
 Etot   =       151.8545  EKtot   =       570.4841  EPtot      =      -418.6295
 BOND   =       239.5022  ANGLE   =       357.5736  DIHED      =       507.7916
 1-4 NB =       171.8974  1-4 EEL =      -330.3956  VDWAALS    =      -290.5947
 EELEC  =     -1074.4041  EHBOND  =         0.0000  RESTRAINT  =         0.0000
 ------------------------------------------------------------------------------


 NSTEP =    67100   TIME(PS) =      67.100  TEMP(K) =   312.03  PRESS =     0.0
 Etot   =       -25.0693  EKtot   =       593.3990  EPtot      =      -618.4683
 BOND   =       244.7605  ANGLE   =       339.5536  DIHED      =       503.5422
 1-4 NB =       166.5855  1-4 EEL =      -336.4836  VDWAALS    =      -288.8522
 EELEC  =     -1247.5743  EHBOND  =         0.0000  RESTRAINT  =         0.0000
 ------------------------------------------------------------------------------


 NSTEP =    67200   TIME(PS) =      67.200  TEMP(K) =   314.69  PRESS =     0.0
 Etot   =       154.3744  EKtot   =       598.4545  EPtot      =      -444.0800
 BOND   =       239.2484  ANGLE   =       351.3409  DIHED      =       531.4905
 1-4 NB =       169.4257  1-4 EEL =      -341.9065  VDWAALS    =      -289.6389
 EELEC  =     -1104.0401  EHBOND  =         0.0000  RESTRAINT  =         0.0000
 ------------------------------------------------------------------------------


 NSTEP =    67300   TIME(PS) =      67.300  TEMP(K) =   317.16  PRESS =     0.0
 Etot   =         2.8044  EKtot   =       603.1475  EPtot      =      -600.3431
 BOND   =       224.8585  ANGLE   =       347.4046  DIHED      =       507.9341
 1-4 NB =       174.7213  1-4 EEL =      -296.1251  VDWAALS    =      -302.8645
 EELEC  =     -1256.2720  EHBOND  =         0.0000  RESTRAINT  =         0.0000
 ------------------------------------------------------------------------------


 NSTEP =    67400   TIME(PS) =      67.400  TEMP(K) =   309.01  PRESS =     0.0
 Etot   =      -111.2746  EKtot   =       587.6518  EPtot      =      -698.9264
 BOND   =       230.3897  ANGLE   =       370.6102  DIHED      =       519.9559
 1-4 NB =       169.9148  1-4 EEL =      -349.6629  VDWAALS    =      -296.0035
 EELEC  =     -1344.1306  EHBOND  =         0.0000  RESTRAINT  =         0.0000
 ------------------------------------------------------------------------------


 NSTEP =    67500   TIME(PS) =      67.500  TEMP(K) =   308.81  PRESS =     0.0
 Etot   =        30.8973  EKtot   =       587.2738  EPtot      =      -556.3764
 BOND   =       230.7744  ANGLE   =       336.1617  DIHED      =       527.5037
 1-4 NB =       175.1839  1-4 EEL =      -337.8332  VDWAALS    =      -290.5340
 EELEC  =     -1197.6330  EHBOND  =         0.0000  RESTRAINT  =         0.0000
 ------------------------------------------------------------------------------


 NSTEP =    67600   TIME(PS) =      67.600  TEMP(K) =   300.27  PRESS =     0.0
 Etot   =      -345.4227  EKtot   =       571.0297  EPtot      =      -916.4524
 BOND   =       246.7640  ANGLE   =       374.2829  DIHED      =       519.8958
 1-4 NB =       164.4932  1-4 EEL =      -362.6627  VDWAALS    =      -294.5848
 EELEC  =     -1564.6408  EHBOND  =         0.0000  RESTRAINT  =         0.0000
 ------------------------------------------------------------------------------


 NSTEP =    67700   TIME(PS) =      67.700  TEMP(K) =   301.55  PRESS =     0.0
 Etot   =        82.0362  EKtot   =       573.4667  EPtot      =      -491.4305
 BOND   =       238.7838  ANGLE   =       373.2230  DIHED      =       518.5897
 1-4 NB =       178.7585  1-4 EEL =      -358.1281  VDWAALS    =      -295.8053
 EELEC  =     -1146.8522  EHBOND  =         0.0000  RESTRAINT  =         0.0000
 ------------------------------------------------------------------------------


 NSTEP =    67800   TIME(PS) =      67.800  TEMP(K) =   304.05  PRESS =     0.0
 Etot   =      -173.3617  EKtot   =       578.2315  EPtot      =      -751.5932
 BOND   =       212.0966  ANGLE   =       355.2426  DIHED      =       538.6133
 1-4 NB =       169.3396  1-4 EEL =      -330.9902  VDWAALS    =      -295.5446
 EELEC  =     -1400.3504  EHBOND  =         0.0000  RESTRAINT  =         0.0000
 ------------------------------------------------------------------------------


 NSTEP =    67900   TIME(PS) =      67.900  TEMP(K) =   304.47  PRESS =     0.0
 Etot   =       -85.0272  EKtot   =       579.0178  EPtot      =      -664.0451
 BOND   =       223.4850  ANGLE   =       342.4119  DIHED      =       516.3345
 1-4 NB =       170.3891  1-4 EEL =      -312.5499  VDWAALS    =      -290.9611
 EELEC  =     -1313.1546  EHBOND  =         0.0000  RESTRAINT  =         0.0000
 ------------------------------------------------------------------------------

| RE_POSITION Moving by   0.084853  0.020575 -0.100369

 NSTEP =    68000   TIME(PS) =      68.000  TEMP(K) =   290.71  PRESS =     0.0
 Etot   =         4.0706  EKtot   =       552.8565  EPtot      =      -548.7859
 BOND   =       244.7382  ANGLE   =       345.2340  DIHED      =       525.6990
 1-4 NB =       166.7258  1-4 EEL =      -348.8362  VDWAALS    =      -279.5659
 EELEC  =     -1202.7808  EHBOND  =         0.0000  RESTRAINT  =         0.0000
 ------------------------------------------------------------------------------


 NSTEP =    68100   TIME(PS) =      68.100  TEMP(K) =   312.83  PRESS =     0.0
 Etot   =      -514.3990  EKtot   =       594.9180  EPtot      =     -1109.3170
 BOND   =       236.0364  ANGLE   =       342.0379  DIHED      =       501.5406
 1-4 NB =       171.4077  1-4 EEL =      -313.6667  VDWAALS    =      -278.9169
 EELEC  =     -1767.7559  EHBOND  =         0.0000  RESTRAINT  =         0.0000
 ------------------------------------------------------------------------------


 NSTEP =    68200   TIME(PS) =      68.200  TEMP(K) =   301.84  PRESS =     0.0
 Etot   =      -348.1742  EKtot   =       574.0214  EPtot      =      -922.1956
 BOND   =       228.4584  ANGLE   =       343.0177  DIHED      =       518.1384
 1-4 NB =       166.8638  1-4 EEL =      -319.6684  VDWAALS    =      -297.6101
 EELEC  =     -1561.3954  EHBOND  =         0.0000  RESTRAINT  =         0.0000
 ------------------------------------------------------------------------------


 NSTEP =    68300   TIME(PS) =      68.300  TEMP(K) =   304.51  PRESS =     0.0
 Etot   =      -199.9700  EKtot   =       579.1066  EPtot      =      -779.0767
 BOND   =       241.5994  ANGLE   =       344.4718  DIHED      =       512.6853
 1-4 NB =       171.0716  1-4 EEL =      -317.4289  VDWAALS    =      -278.9303
 EELEC  =     -1452.5457  EHBOND  =         0.0000  RESTRAINT  =         0.0000
 ------------------------------------------------------------------------------


 NSTEP =    68400   TIME(PS) =      68.400  TEMP(K) =   306.68  PRESS =     0.0
 Etot   =      -115.4193  EKtot   =       583.2225  EPtot      =      -698.6419
 BOND   =       258.6921  ANGLE   =       338.6395  DIHED      =       504.7404
 1-4 NB =       164.1747  1-4 EEL =      -336.7953  VDWAALS    =      -287.8996
 EELEC  =     -1340.1937  EHBOND  =         0.0000  RESTRAINT  =         0.0000
 ------------------------------------------------------------------------------


 NSTEP =    68500   TIME(PS) =      68.500  TEMP(K) =   302.95  PRESS =     0.0
 Etot   =      -285.0616  EKtot   =       576.1335  EPtot      =      -861.1950
 BOND   =       225.2773  ANGLE   =       345.8152  DIHED      =       524.8684
 1-4 NB =       171.1888  1-4 EEL =      -339.0957  VDWAALS    =      -295.7323
 EELEC  =     -1493.5166  EHBOND  =         0.0000  RESTRAINT  =         0.0000
 ------------------------------------------------------------------------------


 NSTEP =    68600   TIME(PS) =      68.600  TEMP(K) =   312.99  PRESS =     0.0
 Etot   =       -77.5248  EKtot   =       595.2188  EPtot      =      -672.7436
 BOND   =       232.1759  ANGLE   =       362.5355  DIHED      =       505.6381
 1-4 NB =       171.5041  1-4 EEL =      -334.0007  VDWAALS    =      -290.8618
 EELEC  =     -1319.7347  EHBOND  =         0.0000  RESTRAINT  =         0.0000
 ------------------------------------------------------------------------------


 NSTEP =    68700   TIME(PS) =      68.700  TEMP(K) =   307.81  PRESS =     0.0
 Etot   =      -166.0718  EKtot   =       585.3770  EPtot      =      -751.4488
 BOND   =       235.4305  ANGLE   =       330.6370  DIHED      =       520.3696
 1-4 NB =       174.1427  1-4 EEL =      -345.0894  VDWAALS    =      -304.1984
 EELEC  =     -1362.7408  EHBOND  =         0.0000  RESTRAINT  =         0.0000
 ------------------------------------------------------------------------------


 NSTEP =    68800   TIME(PS) =      68.800  TEMP(K) =   315.37  PRESS =     0.0
 Etot   =       -96.9704  EKtot   =       599.7620  EPtot      =      -696.7324
 BOND   =       240.9829  ANGLE   =       344.7606  DIHED      =       525.6319
 1-4 NB =       159.3155  1-4 EEL =      -336.0158  VDWAALS    =      -302.8918
 EELEC  =     -1328.5157  EHBOND  =         0.0000  RESTRAINT  =         0.0000
 ------------------------------------------------------------------------------


 NSTEP =    68900   TIME(PS) =      68.900  TEMP(K) =   321.38  PRESS =     0.0
 Etot   =       -60.1345  EKtot   =       611.1820  EPtot      =      -671.3165
 BOND   =       236.9553  ANGLE   =       315.7192  DIHED      =       509.2836
 1-4 NB =       168.6400  1-4 EEL =      -302.1459  VDWAALS    =      -296.4535
 EELEC  =     -1303.3152  EHBOND  =         0.0000  RESTRAINT  =         0.0000
 ------------------------------------------------------------------------------

| RE_POSITION Moving by  -0.140503 -0.164396 -0.255134

 NSTEP =    69000   TIME(PS) =      69.000  TEMP(K) =   309.29  PRESS =     0.0
 Etot   =       419.5269  EKtot   =       588.1956  EPtot      =      -168.6686
 BOND   =       231.3004  ANGLE   =       337.4864  DIHED      =       520.6132
 1-4 NB =       171.4591  1-4 EEL =      -319.7468  VDWAALS    =      -296.0705
 EELEC  =      -813.7105  EHBOND  =         0.0000  RESTRAINT  =         0.0000
 ------------------------------------------------------------------------------


 NSTEP =    69100   TIME(PS) =      69.100  TEMP(K) =   310.19  PRESS =     0.0
 Etot   =       159.0337  EKtot   =       589.8941  EPtot      =      -430.8604
 BOND   =       240.8543  ANGLE   =       345.5955  DIHED      =       521.9182
 1-4 NB =       165.1031  1-4 EEL =      -319.6972  VDWAALS    =      -315.8440
 EELEC  =     -1068.7902  EHBOND  =         0.0000  RESTRAINT  =         0.0000
 ------------------------------------------------------------------------------


 NSTEP =    69200   TIME(PS) =      69.200  TEMP(K) =   312.21  PRESS =     0.0
 Etot   =       238.2568  EKtot   =       593.7421  EPtot      =      -355.4852
 BOND   =       241.8189  ANGLE   =       332.6128  DIHED      =       527.2957
 1-4 NB =       172.3492  1-4 EEL =      -341.4982  VDWAALS    =      -307.6554
 EELEC  =      -980.4082  EHBOND  =         0.0000  RESTRAINT  =         0.0000
 ------------------------------------------------------------------------------


 NSTEP =    69300   TIME(PS) =      69.300  TEMP(K) =   308.13  PRESS =     0.0
 Etot   =      -222.9806  EKtot   =       585.9803  EPtot      =      -808.9609
 BOND   =       259.6084  ANGLE   =       346.1574  DIHED      =       516.0675
 1-4 NB =       171.3665  1-4 EEL =      -321.4557  VDWAALS    =      -293.5619
 EELEC  =     -1487.1431  EHBOND  =         0.0000  RESTRAINT  =         0.0000
 ------------------------------------------------------------------------------


 NSTEP =    69400   TIME(PS) =      69.400  TEMP(K) =   323.92  PRESS =     0.0
 Etot   =      -140.2222  EKtot   =       616.0054  EPtot      =      -756.2276
 BOND   =       217.7506  ANGLE   =       343.4099  DIHED      =       515.5361
 1-4 NB =       169.9066  1-4 EEL =      -331.0876  VDWAALS    =      -300.3599
 EELEC  =     -1371.3833  EHBOND  =         0.0000  RESTRAINT  =         0.0000
 ------------------------------------------------------------------------------


 NSTEP =    69500   TIME(PS) =      69.500  TEMP(K) =   308.54  PRESS =     0.0
 Etot   =       -96.4628  EKtot   =       586.7681  EPtot      =      -683.2310
 BOND   =       240.5841  ANGLE   =       345.1260  DIHED      =       515.2349
 1-4 NB =       168.6015  1-4 EEL =      -336.0983  VDWAALS    =      -299.5045
 EELEC  =     -1317.1746  EHBOND  =         0.0000  RESTRAINT  =         0.0000
 ------------------------------------------------------------------------------


 NSTEP =    69600   TIME(PS) =      69.600  TEMP(K) =   309.50  PRESS =     0.0
 Etot   =       219.2035  EKtot   =       588.5920  EPtot      =      -369.3884
 BOND   =       241.8798  ANGLE   =       351.1926  DIHED      =       521.5735
 1-4 NB =       168.2720  1-4 EEL =      -344.3331  VDWAALS    =      -304.7106
 EELEC  =     -1003.2626  EHBOND  =         0.0000  RESTRAINT  =         0.0000
 ------------------------------------------------------------------------------


 NSTEP =    69700   TIME(PS) =      69.700  TEMP(K) =   333.23  PRESS =     0.0
 Etot   =       352.1265  EKtot   =       633.7170  EPtot      =      -281.5905
 BOND   =       229.1660  ANGLE   =       339.0723  DIHED      =       513.0525
 1-4 NB =       169.3137  1-4 EEL =      -343.1168  VDWAALS    =      -309.2487
 EELEC  =      -879.8295  EHBOND  =         0.0000  RESTRAINT  =         0.0000
 ------------------------------------------------------------------------------


 NSTEP =    69800   TIME(PS) =      69.800  TEMP(K) =   315.81  PRESS =     0.0
 Etot   =      -194.1758  EKtot   =       600.5982  EPtot      =      -794.7740
 BOND   =       237.2151  ANGLE   =       341.2391  DIHED      =       513.9859
 1-4 NB =       168.4031  1-4 EEL =      -316.5730  VDWAALS    =      -318.9235
 EELEC  =     -1420.1208  EHBOND  =         0.0000  RESTRAINT  =         0.0000
 ------------------------------------------------------------------------------


 NSTEP =    69900   TIME(PS) =      69.900  TEMP(K) =   316.61  PRESS =     0.0
 Etot   =      -111.1651  EKtot   =       602.1032  EPtot      =      -713.2684
 BOND   =       236.9598  ANGLE   =       341.7331  DIHED      =       532.3896
 1-4 NB =       162.0845  1-4 EEL =      -320.4702  VDWAALS    =      -307.0723
 EELEC  =     -1358.8929  EHBOND  =         0.0000  RESTRAINT  =         0.0000
 ------------------------------------------------------------------------------

| RE_POSITION Moving by  -0.097318  0.065907 -0.017516

 NSTEP =    70000   TIME(PS) =      70.000  TEMP(K) =   309.83  PRESS =     0.0
 Etot   =       232.6364  EKtot   =       589.2124  EPtot      =      -356.5760
 BOND   =       226.1823  ANGLE   =       352.4318  DIHED      =       525.3593
 1-4 NB =       168.6943  1-4 EEL =      -323.4760  VDWAALS    =      -305.2195
 EELEC  =     -1000.5482  EHBOND  =         0.0000  RESTRAINT  =         0.0000
 ------------------------------------------------------------------------------


 NSTEP =    70100   TIME(PS) =      70.100  TEMP(K) =   317.31  PRESS =     0.0
 Etot   =       217.4163  EKtot   =       603.4405  EPtot      =      -386.0242
 BOND   =       229.0698  ANGLE   =       365.6853  DIHED      =       496.3868
 1-4 NB =       171.8613  1-4 EEL =      -351.6023  VDWAALS    =      -299.9143
 EELEC  =      -997.5109  EHBOND  =         0.0000  RESTRAINT  =         0.0000
 ------------------------------------------------------------------------------


 NSTEP =    70200   TIME(PS) =      70.200  TEMP(K) =   313.09  PRESS =     0.0
 Etot   =       180.2493  EKtot   =       595.4124  EPtot      =      -415.1631
 BOND   =       247.9512  ANGLE   =       335.6434  DIHED      =       502.3787
 1-4 NB =       165.2601  1-4 EEL =      -323.7929  VDWAALS    =      -307.9184
 EELEC  =     -1034.6853  EHBOND  =         0.0000  RESTRAINT  =         0.0000
 ------------------------------------------------------------------------------


 NSTEP =    70300   TIME(PS) =      70.300  TEMP(K) =   306.47  PRESS =     0.0
 Etot   =        54.4333  EKtot   =       582.8240  EPtot      =      -528.3908
 BOND   =       225.5123  ANGLE   =       360.6020  DIHED      =       518.3155
 1-4 NB =       169.7718  1-4 EEL =      -350.0747  VDWAALS    =      -301.3835
 EELEC  =     -1151.1340  EHBOND  =         0.0000  RESTRAINT  =         0.0000
 ------------------------------------------------------------------------------


 NSTEP =    70400   TIME(PS) =      70.400  TEMP(K) =   306.01  PRESS =     0.0
 Etot   =      -402.3581  EKtot   =       581.9468  EPtot      =      -984.3048
 BOND   =       215.9617  ANGLE   =       346.7826  DIHED      =       518.2430
 1-4 NB =       171.3741  1-4 EEL =      -324.8263  VDWAALS    =      -309.0031
 EELEC  =     -1602.8369  EHBOND  =         0.0000  RESTRAINT  =         0.0000
 ------------------------------------------------------------------------------


 NSTEP =    70500   TIME(PS) =      70.500  TEMP(K) =   306.56  PRESS =     0.0
 Etot   =       244.3541  EKtot   =       582.9987  EPtot      =      -338.6446
 BOND   =       246.0753  ANGLE   =       322.9447  DIHED      =       516.2441
 1-4 NB =       176.3500  1-4 EEL =      -346.6916  VDWAALS    =      -301.1374
 EELEC  =      -952.4297  EHBOND  =         0.0000  RESTRAINT  =         0.0000
 ------------------------------------------------------------------------------


 NSTEP =    70600   TIME(PS) =      70.600  TEMP(K) =   295.01  PRESS =     0.0
 Etot   =       111.7357  EKtot   =       561.0397  EPtot      =      -449.3040
 BOND   =       263.9023  ANGLE   =       320.5386  DIHED      =       520.4362
 1-4 NB =       159.3133  1-4 EEL =      -332.4890  VDWAALS    =      -299.5013
 EELEC  =     -1081.5039  EHBOND  =         0.0000  RESTRAINT  =         0.0000
 ------------------------------------------------------------------------------


 NSTEP =    70700   TIME(PS) =      70.700  TEMP(K) =   299.32  PRESS =     0.0
 Etot   =      -181.2971  EKtot   =       569.2224  EPtot      =      -750.5195
 BOND   =       223.7046  ANGLE   =       345.1225  DIHED      =       520.5198
 1-4 NB =       174.5568  1-4 EEL =      -328.4936  VDWAALS    =      -297.3923
 EELEC  =     -1388.5373  EHBOND  =         0.0000  RESTRAINT  =         0.0000
 ------------------------------------------------------------------------------


 NSTEP =    70800   TIME(PS) =      70.800  TEMP(K) =   293.64  PRESS =     0.0
 Etot   =      -105.0143  EKtot   =       558.4235  EPtot      =      -663.4378
 BOND   =       241.2414  ANGLE   =       352.3384  DIHED      =       510.3459
 1-4 NB =       158.2761  1-4 EEL =      -327.3721  VDWAALS    =      -295.3203
 EELEC  =     -1302.9470  EHBOND  =         0.0000  RESTRAINT  =         0.0000
 ------------------------------------------------------------------------------


 NSTEP =    70900   TIME(PS) =      70.900  TEMP(K) =   309.74  PRESS =     0.0
 Etot   =        95.4749  EKtot   =       589.0417  EPtot      =      -493.5668
 BOND   =       206.1021  ANGLE   =       334.6730  DIHED      =       509.6836
 1-4 NB =       176.2993  1-4 EEL =      -315.0286  VDWAALS    =      -295.3621
 EELEC  =     -1109.9340  EHBOND  =         0.0000  RESTRAINT  =         0.0000
 ------------------------------------------------------------------------------

| RE_POSITION Moving by  -0.582017  0.525020  0.253525

 NSTEP =    71000   TIME(PS) =      71.000  TEMP(K) =   294.65  PRESS =     0.0
 Etot   =       255.3008  EKtot   =       560.3524  EPtot      =      -305.0516
 BOND   =       236.7274  ANGLE   =       328.3294  DIHED      =       509.0913
 1-4 NB =       158.6070  1-4 EEL =      -315.3879  VDWAALS    =      -300.1606
 EELEC  =      -922.2581  EHBOND  =         0.0000  RESTRAINT  =         0.0000
 ------------------------------------------------------------------------------


 NSTEP =    71100   TIME(PS) =      71.100  TEMP(K) =   304.55  PRESS =     0.0
 Etot   =      -415.0302  EKtot   =       579.1810  EPtot      =      -994.2112
 BOND   =       228.1917  ANGLE   =       310.2308  DIHED      =       516.1381
 1-4 NB =       176.2726  1-4 EEL =      -310.8044  VDWAALS    =      -306.3731
 EELEC  =     -1607.8669  EHBOND  =         0.0000  RESTRAINT  =         0.0000
 ------------------------------------------------------------------------------


 NSTEP =    71200   TIME(PS) =      71.200  TEMP(K) =   293.18  PRESS =     0.0
 Etot   =        53.3836  EKtot   =       557.5539  EPtot      =      -504.1703
 BOND   =       226.7111  ANGLE   =       337.3643  DIHED      =       510.6171
 1-4 NB =       166.9999  1-4 EEL =      -328.6804  VDWAALS    =      -297.2001
 EELEC  =     -1119.9822  EHBOND  =         0.0000  RESTRAINT  =         0.0000
 ------------------------------------------------------------------------------


 NSTEP =    71300   TIME(PS) =      71.300  TEMP(K) =   299.14  PRESS =     0.0
 Etot   =       -70.1290  EKtot   =       568.8786  EPtot      =      -639.0075
 BOND   =       208.6897  ANGLE   =       347.8939  DIHED      =       509.9193
 1-4 NB =       175.9568  1-4 EEL =      -345.9222  VDWAALS    =      -291.6138
 EELEC  =     -1243.9313  EHBOND  =         0.0000  RESTRAINT  =         0.0000
 ------------------------------------------------------------------------------


 NSTEP =    71400   TIME(PS) =      71.400  TEMP(K) =   301.20  PRESS =     0.0
 Etot   =       -99.0264  EKtot   =       572.8029  EPtot      =      -671.8292
 BOND   =       214.9801  ANGLE   =       350.1545  DIHED      =       517.7338
 1-4 NB =       167.9815  1-4 EEL =      -357.7438  VDWAALS    =      -300.7580
 EELEC  =     -1264.1773  EHBOND  =         0.0000  RESTRAINT  =         0.0000
 ------------------------------------------------------------------------------


 NSTEP =    71500   TIME(PS) =      71.500  TEMP(K) =   279.67  PRESS =     0.0
 Etot   =      -408.6819  EKtot   =       531.8524  EPtot      =      -940.5342
 BOND   =       220.3698  ANGLE   =       354.7600  DIHED      =       527.7697
 1-4 NB =       171.9755  1-4 EEL =      -334.4273  VDWAALS    =      -296.4680
 EELEC  =     -1584.5138  EHBOND  =         0.0000  RESTRAINT  =         0.0000
 ------------------------------------------------------------------------------


 NSTEP =    71600   TIME(PS) =      71.600  TEMP(K) =   289.81  PRESS =     0.0
 Etot   =      -241.6747  EKtot   =       551.1438  EPtot      =      -792.8185
 BOND   =       210.8717  ANGLE   =       352.8826  DIHED      =       517.3233
 1-4 NB =       169.1594  1-4 EEL =      -319.3237  VDWAALS    =      -298.3435
 EELEC  =     -1425.3883  EHBOND  =         0.0000  RESTRAINT  =         0.0000
 ------------------------------------------------------------------------------


 NSTEP =    71700   TIME(PS) =      71.700  TEMP(K) =   287.63  PRESS =     0.0
 Etot   =      -395.5438  EKtot   =       546.9967  EPtot      =      -942.5405
 BOND   =       231.2551  ANGLE   =       338.1105  DIHED      =       514.7676
 1-4 NB =       170.8402  1-4 EEL =      -339.3692  VDWAALS    =      -292.7874
 EELEC  =     -1565.3573  EHBOND  =         0.0000  RESTRAINT  =         0.0000
 ------------------------------------------------------------------------------


 NSTEP =    71800   TIME(PS) =      71.800  TEMP(K) =   298.36  PRESS =     0.0
 Etot   =      -386.8085  EKtot   =       567.4004  EPtot      =      -954.2089
 BOND   =       232.1493  ANGLE   =       342.5468  DIHED      =       516.2841
 1-4 NB =       168.2536  1-4 EEL =      -351.5174  VDWAALS    =      -288.8830
 EELEC  =     -1573.0421  EHBOND  =         0.0000  RESTRAINT  =         0.0000
 ------------------------------------------------------------------------------


 NSTEP =    71900   TIME(PS) =      71.900  TEMP(K) =   299.88  PRESS =     0.0
 Etot   =      -514.9538  EKtot   =       570.2911  EPtot      =     -1085.2448
 BOND   =       213.8579  ANGLE   =       324.6221  DIHED      =       526.7868
 1-4 NB =       171.4245  1-4 EEL =      -342.2891  VDWAALS    =      -290.2165
 EELEC  =     -1689.4306  EHBOND  =         0.0000  RESTRAINT  =         0.0000
 ------------------------------------------------------------------------------

| RE_POSITION Moving by   0.206517  0.058907  0.048501

 NSTEP =    72000   TIME(PS) =      72.000  TEMP(K) =   302.89  PRESS =     0.0
 Etot   =        30.6613  EKtot   =       576.0233  EPtot      =      -545.3619
 BOND   =       205.7912  ANGLE   =       345.8233  DIHED      =       508.4742
 1-4 NB =       166.3941  1-4 EEL =      -326.6533  VDWAALS    =      -294.4654
 EELEC  =     -1150.7261  EHBOND  =         0.0000  RESTRAINT  =         0.0000
 ------------------------------------------------------------------------------


 NSTEP =    72100   TIME(PS) =      72.100  TEMP(K) =   294.18  PRESS =     0.0
 Etot   =      -310.2104  EKtot   =       559.4479  EPtot      =      -869.6583
 BOND   =       213.5094  ANGLE   =       326.5851  DIHED      =       517.6587
 1-4 NB =       165.7218  1-4 EEL =      -338.1998  VDWAALS    =      -303.3227
 EELEC  =     -1451.6108  EHBOND  =         0.0000  RESTRAINT  =         0.0000
 ------------------------------------------------------------------------------


 NSTEP =    72200   TIME(PS) =      72.200  TEMP(K) =   290.96  PRESS =     0.0
 Etot   =       -27.9221  EKtot   =       553.3334  EPtot      =      -581.2555
 BOND   =       226.2886  ANGLE   =       337.0616  DIHED      =       517.8728
 1-4 NB =       168.4285  1-4 EEL =      -340.6176  VDWAALS    =      -301.3538
 EELEC  =     -1188.9356  EHBOND  =         0.0000  RESTRAINT  =         0.0000
 ------------------------------------------------------------------------------


 NSTEP =    72300   TIME(PS) =      72.300  TEMP(K) =   287.07  PRESS =     0.0
 Etot   =      -257.4230  EKtot   =       545.9258  EPtot      =      -803.3488
 BOND   =       224.4177  ANGLE   =       335.0527  DIHED      =       509.5502
 1-4 NB =       172.5953  1-4 EEL =      -343.2655  VDWAALS    =      -288.3193
 EELEC  =     -1413.3798  EHBOND  =         0.0000  RESTRAINT  =         0.0000
 ------------------------------------------------------------------------------


 NSTEP =    72400   TIME(PS) =      72.400  TEMP(K) =   284.24  PRESS =     0.0
 Etot   =      -333.7562  EKtot   =       540.5493  EPtot      =      -874.3055
 BOND   =       224.2418  ANGLE   =       332.1601  DIHED      =       509.8345
 1-4 NB =       169.9193  1-4 EEL =      -313.4971  VDWAALS    =      -294.7775
 EELEC  =     -1502.1865  EHBOND  =         0.0000  RESTRAINT  =         0.0000
 ------------------------------------------------------------------------------


 NSTEP =    72500   TIME(PS) =      72.500  TEMP(K) =   293.81  PRESS =     0.0
 Etot   =      -372.0917  EKtot   =       558.7474  EPtot      =      -930.8391
 BOND   =       208.5599  ANGLE   =       317.2148  DIHED      =       518.4652
 1-4 NB =       168.1419  1-4 EEL =      -322.7012  VDWAALS    =      -292.5437
 EELEC  =     -1527.9759  EHBOND  =         0.0000  RESTRAINT  =         0.0000
 ------------------------------------------------------------------------------


 NSTEP =    72600   TIME(PS) =      72.600  TEMP(K) =   294.52  PRESS =     0.0
 Etot   =      -191.9507  EKtot   =       560.1103  EPtot      =      -752.0610
 BOND   =       238.3553  ANGLE   =       349.4789  DIHED      =       504.1435
 1-4 NB =       158.3299  1-4 EEL =      -316.3689  VDWAALS    =      -301.8491
 EELEC  =     -1384.1506  EHBOND  =         0.0000  RESTRAINT  =         0.0000
 ------------------------------------------------------------------------------


 NSTEP =    72700   TIME(PS) =      72.700  TEMP(K) =   304.04  PRESS =     0.0
 Etot   =      -169.9870  EKtot   =       578.1969  EPtot      =      -748.1838
 BOND   =       240.3258  ANGLE   =       316.1756  DIHED      =       508.4246
 1-4 NB =       167.7795  1-4 EEL =      -320.4509  VDWAALS    =      -292.4911
 EELEC  =     -1367.9474  EHBOND  =         0.0000  RESTRAINT  =         0.0000
 ------------------------------------------------------------------------------


 NSTEP =    72800   TIME(PS) =      72.800  TEMP(K) =   306.37  PRESS =     0.0
 Etot   =      -222.6073  EKtot   =       582.6281  EPtot      =      -805.2355
 BOND   =       211.1691  ANGLE   =       352.0914  DIHED      =       499.3454
 1-4 NB =       171.3798  1-4 EEL =      -315.9194  VDWAALS    =      -288.6346
 EELEC  =     -1434.6672  EHBOND  =         0.0000  RESTRAINT  =         0.0000
 ------------------------------------------------------------------------------


 NSTEP =    72900   TIME(PS) =      72.900  TEMP(K) =   300.96  PRESS =     0.0
 Etot   =      -298.2459  EKtot   =       572.3461  EPtot      =      -870.5921
 BOND   =       226.0518  ANGLE   =       346.0663  DIHED      =       523.6699
 1-4 NB =       167.4535  1-4 EEL =      -335.6330  VDWAALS    =      -294.6943
 EELEC  =     -1503.5062  EHBOND  =         0.0000  RESTRAINT  =         0.0000
 ------------------------------------------------------------------------------

| RE_POSITION Moving by   0.184879  0.413676  0.013596

 NSTEP =    73000   TIME(PS) =      73.000  TEMP(K) =   287.68  PRESS =     0.0
 Etot   =      -180.7575  EKtot   =       547.0890  EPtot      =      -727.8465
 BOND   =       248.5292  ANGLE   =       346.9541  DIHED      =       523.7118
 1-4 NB =       176.5129  1-4 EEL =      -327.2317  VDWAALS    =      -301.6277
 EELEC  =     -1394.6952  EHBOND  =         0.0000  RESTRAINT  =         0.0000
 ------------------------------------------------------------------------------


 NSTEP =    73100   TIME(PS) =      73.100  TEMP(K) =   300.21  PRESS =     0.0
 Etot   =       138.2467  EKtot   =       570.9303  EPtot      =      -432.6836
 BOND   =       269.5630  ANGLE   =       331.3991  DIHED      =       508.6055
 1-4 NB =       167.6701  1-4 EEL =      -319.7370  VDWAALS    =      -287.5064
 EELEC  =     -1102.6778  EHBOND  =         0.0000  RESTRAINT  =         0.0000
 ------------------------------------------------------------------------------


 NSTEP =    73200   TIME(PS) =      73.200  TEMP(K) =   319.69  PRESS =     0.0
 Etot   =       -78.2165  EKtot   =       607.9765  EPtot      =      -686.1930
 BOND   =       223.4236  ANGLE   =       340.9853  DIHED      =       514.4910
 1-4 NB =       165.7454  1-4 EEL =      -312.5778  VDWAALS    =      -294.6848
 EELEC  =     -1323.5758  EHBOND  =         0.0000  RESTRAINT  =         0.0000
 ------------------------------------------------------------------------------


 NSTEP =    73300   TIME(PS) =      73.300  TEMP(K) =   317.74  PRESS =     0.0
 Etot   =        93.0233  EKtot   =       604.2588  EPtot      =      -511.2355
 BOND   =       233.7069  ANGLE   =       336.0260  DIHED      =       500.2573
 1-4 NB =       161.9294  1-4 EEL =      -321.0005  VDWAALS    =      -303.3219
 EELEC  =     -1118.8327  EHBOND  =         0.0000  RESTRAINT  =         0.0000
 ------------------------------------------------------------------------------


 NSTEP =    73400   TIME(PS) =      73.400  TEMP(K) =   312.77  PRESS =     0.0
 Etot   =      -134.7993  EKtot   =       594.8035  EPtot      =      -729.6028
 BOND   =       232.1231  ANGLE   =       346.4217  DIHED      =       501.2941
 1-4 NB =       171.4058  1-4 EEL =      -326.9153  VDWAALS    =      -298.5908
 EELEC  =     -1355.3414  EHBOND  =         0.0000  RESTRAINT  =         0.0000
 ------------------------------------------------------------------------------


 NSTEP =    73500   TIME(PS) =      73.500  TEMP(K) =   304.31  PRESS =     0.0
 Etot   =      -120.4420  EKtot   =       578.7133  EPtot      =      -699.1552
 BOND   =       242.3674  ANGLE   =       341.1294  DIHED      =       504.9813
 1-4 NB =       173.8564  1-4 EEL =      -336.9606  VDWAALS    =      -300.0663
 EELEC  =     -1324.4628  EHBOND  =         0.0000  RESTRAINT  =         0.0000
 ------------------------------------------------------------------------------


 NSTEP =    73600   TIME(PS) =      73.600  TEMP(K) =   313.54  PRESS =     0.0
 Etot   =        19.9295  EKtot   =       596.2708  EPtot      =      -576.3413
 BOND   =       232.1386  ANGLE   =       348.1394  DIHED      =       512.1550
 1-4 NB =       161.3360  1-4 EEL =      -341.5821  VDWAALS    =      -298.6519
 EELEC  =     -1189.8762  EHBOND  =         0.0000  RESTRAINT  =         0.0000
 ------------------------------------------------------------------------------


 NSTEP =    73700   TIME(PS) =      73.700  TEMP(K) =   298.32  PRESS =     0.0
 Etot   =        84.0402  EKtot   =       567.3229  EPtot      =      -483.2827
 BOND   =       231.8529  ANGLE   =       374.9770  DIHED      =       514.0011
 1-4 NB =       171.2946  1-4 EEL =      -331.5905  VDWAALS    =      -301.7824
 EELEC  =     -1142.0353  EHBOND  =         0.0000  RESTRAINT  =         0.0000
 ------------------------------------------------------------------------------


 NSTEP =    73800   TIME(PS) =      73.800  TEMP(K) =   315.40  PRESS =     0.0
 Etot   =       302.4259  EKtot   =       599.8168  EPtot      =      -297.3909
 BOND   =       228.5287  ANGLE   =       339.3553  DIHED      =       509.6079
 1-4 NB =       167.4773  1-4 EEL =      -322.2822  VDWAALS    =      -301.1887
 EELEC  =      -918.8892  EHBOND  =         0.0000  RESTRAINT  =         0.0000
 ------------------------------------------------------------------------------


 NSTEP =    73900   TIME(PS) =      73.900  TEMP(K) =   305.63  PRESS =     0.0
 Etot   =       117.0004  EKtot   =       581.2302  EPtot      =      -464.2297
 BOND   =       248.1902  ANGLE   =       356.1939  DIHED      =       506.3614
 1-4 NB =       165.9361  1-4 EEL =      -325.4930  VDWAALS    =      -311.1332
 EELEC  =     -1104.2852  EHBOND  =         0.0000  RESTRAINT  =         0.0000
 ------------------------------------------------------------------------------

| RE_POSITION Moving by  -0.065106 -0.030721 -0.180030

 NSTEP =    74000   TIME(PS) =      74.000  TEMP(K) =   297.00  PRESS =     0.0
 Etot   =        29.7275  EKtot   =       564.8091  EPtot      =      -535.0816
 BOND   =       242.9274  ANGLE   =       358.0029  DIHED      =       504.7503
 1-4 NB =       166.0144  1-4 EEL =      -333.8874  VDWAALS    =      -306.3328
 EELEC  =     -1166.5563  EHBOND  =         0.0000  RESTRAINT  =         0.0000
 ------------------------------------------------------------------------------


 NSTEP =    74100   TIME(PS) =      74.100  TEMP(K) =   317.74  PRESS =     0.0
 Etot   =       287.0800  EKtot   =       604.2537  EPtot      =      -317.1737
 BOND   =       217.4418  ANGLE   =       348.4731  DIHED      =       515.2726
 1-4 NB =       168.3247  1-4 EEL =      -331.9133  VDWAALS    =      -302.9594
 EELEC  =      -931.8132  EHBOND  =         0.0000  RESTRAINT  =         0.0000
 ------------------------------------------------------------------------------


 NSTEP =    74200   TIME(PS) =      74.200  TEMP(K) =   298.99  PRESS =     0.0
 Etot   =        57.5478  EKtot   =       568.5970  EPtot      =      -511.0492
 BOND   =       236.1466  ANGLE   =       335.1459  DIHED      =       512.3571
 1-4 NB =       172.1132  1-4 EEL =      -317.7695  VDWAALS    =      -321.7547
 EELEC  =     -1127.2878  EHBOND  =         0.0000  RESTRAINT  =         0.0000
 ------------------------------------------------------------------------------


 NSTEP =    74300   TIME(PS) =      74.300  TEMP(K) =   288.80  PRESS =     0.0
 Etot   =       259.9727  EKtot   =       549.2151  EPtot      =      -289.2423
 BOND   =       231.6110  ANGLE   =       363.7398  DIHED      =       515.0058
 1-4 NB =       170.1559  1-4 EEL =      -358.3783  VDWAALS    =      -309.6705
 EELEC  =      -901.7060  EHBOND  =         0.0000  RESTRAINT  =         0.0000
 ------------------------------------------------------------------------------


 NSTEP =    74400   TIME(PS) =      74.400  TEMP(K) =   294.67  PRESS =     0.0
 Etot   =       407.7074  EKtot   =       560.3801  EPtot      =      -152.6727
 BOND   =       249.1841  ANGLE   =       338.7835  DIHED      =       502.4489
 1-4 NB =       157.1938  1-4 EEL =      -339.6428  VDWAALS    =      -316.7458
 EELEC  =      -743.8942  EHBOND  =         0.0000  RESTRAINT  =         0.0000
 ------------------------------------------------------------------------------


 NSTEP =    74500   TIME(PS) =      74.500  TEMP(K) =   304.40  PRESS =     0.0
 Etot   =        38.3798  EKtot   =       578.8860  EPtot      =      -540.5062
 BOND   =       248.3260  ANGLE   =       318.9256  DIHED      =       519.1700
 1-4 NB =       175.3117  1-4 EEL =      -334.2531  VDWAALS    =      -310.8019
 EELEC  =     -1157.1846  EHBOND  =         0.0000  RESTRAINT  =         0.0000
 ------------------------------------------------------------------------------


 NSTEP =    74600   TIME(PS) =      74.600  TEMP(K) =   314.24  PRESS =     0.0
 Etot   =       -84.8309  EKtot   =       597.5970  EPtot      =      -682.4278
 BOND   =       227.7176  ANGLE   =       337.8516  DIHED      =       510.4877
 1-4 NB =       167.5188  1-4 EEL =      -333.7775  VDWAALS    =      -310.7010
 EELEC  =     -1281.5250  EHBOND  =         0.0000  RESTRAINT  =         0.0000
 ------------------------------------------------------------------------------


 NSTEP =    74700   TIME(PS) =      74.700  TEMP(K) =   305.43  PRESS =     0.0
 Etot   =       -30.2458  EKtot   =       580.8528  EPtot      =      -611.0986
 BOND   =       256.5636  ANGLE   =       339.1124  DIHED      =       503.6896
 1-4 NB =       168.5646  1-4 EEL =      -331.9879  VDWAALS    =      -307.3726
 EELEC  =     -1239.6683  EHBOND  =         0.0000  RESTRAINT  =         0.0000
 ------------------------------------------------------------------------------


 NSTEP =    74800   TIME(PS) =      74.800  TEMP(K) =   305.36  PRESS =     0.0
 Etot   =      -205.2746  EKtot   =       580.7129  EPtot      =      -785.9875
 BOND   =       241.6573  ANGLE   =       352.2882  DIHED      =       513.8687
 1-4 NB =       167.9286  1-4 EEL =      -326.7189  VDWAALS    =      -290.8121
 EELEC  =     -1444.1993  EHBOND  =         0.0000  RESTRAINT  =         0.0000
 ------------------------------------------------------------------------------


 NSTEP =    74900   TIME(PS) =      74.900  TEMP(K) =   302.86  PRESS =     0.0
 Etot   =      -164.3008  EKtot   =       575.9627  EPtot      =      -740.2635
 BOND   =       236.9226  ANGLE   =       363.1535  DIHED      =       510.3035
 1-4 NB =       168.1237  1-4 EEL =      -355.1092  VDWAALS    =      -303.9113
 EELEC  =     -1359.7463  EHBOND  =         0.0000  RESTRAINT  =         0.0000
 ------------------------------------------------------------------------------

| RE_POSITION Moving by  -0.127416  0.321660  0.637153

 NSTEP =    75000   TIME(PS) =      75.000  TEMP(K) =   310.10  PRESS =     0.0
 Etot   =        28.5273  EKtot   =       589.7344  EPtot      =      -561.2072
 BOND   =       199.3593  ANGLE   =       357.2986  DIHED      =       522.3785
 1-4 NB =       174.4858  1-4 EEL =      -343.2629  VDWAALS    =      -308.8295
 EELEC  =     -1162.6370  EHBOND  =         0.0000  RESTRAINT  =         0.0000
 ------------------------------------------------------------------------------


 NSTEP =    75100   TIME(PS) =      75.100  TEMP(K) =   306.75  PRESS =     0.0
 Etot   =      -418.2776  EKtot   =       583.3518  EPtot      =     -1001.6294
 BOND   =       224.5646  ANGLE   =       337.0565  DIHED      =       513.0508
 1-4 NB =       167.7847  1-4 EEL =      -325.9287  VDWAALS    =      -300.9005
 EELEC  =     -1617.2568  EHBOND  =         0.0000  RESTRAINT  =         0.0000
 ------------------------------------------------------------------------------


 NSTEP =    75200   TIME(PS) =      75.200  TEMP(K) =   301.04  PRESS =     0.0
 Etot   =      -345.3817  EKtot   =       572.5070  EPtot      =      -917.8888
 BOND   =       228.9022  ANGLE   =       345.9695  DIHED      =       518.7566
 1-4 NB =       176.3825  1-4 EEL =      -337.3456  VDWAALS    =      -299.8462
 EELEC  =     -1550.7077  EHBOND  =         0.0000  RESTRAINT  =         0.0000
 ------------------------------------------------------------------------------


 NSTEP =    75300   TIME(PS) =      75.300  TEMP(K) =   294.63  PRESS =     0.0
 Etot   =      -428.9689  EKtot   =       560.3035  EPtot      =      -989.2725
 BOND   =       236.1968  ANGLE   =       349.5845  DIHED      =       530.4323
 1-4 NB =       169.5037  1-4 EEL =      -333.8611  VDWAALS    =      -292.8509
 EELEC  =     -1648.2777  EHBOND  =         0.0000  RESTRAINT  =         0.0000
 ------------------------------------------------------------------------------


 NSTEP =    75400   TIME(PS) =      75.400  TEMP(K) =   300.94  PRESS =     0.0
 Etot   =      -149.0057  EKtot   =       572.3050  EPtot      =      -721.3107
 BOND   =       220.4335  ANGLE   =       358.8953  DIHED      =       506.6908
 1-4 NB =       177.1110  1-4 EEL =      -333.8999  VDWAALS    =      -297.9142
 EELEC  =     -1352.6271  EHBOND  =         0.0000  RESTRAINT  =         0.0000
 ------------------------------------------------------------------------------


 NSTEP =    75500   TIME(PS) =      75.500  TEMP(K) =   288.92  PRESS =     0.0
 Etot   =      -396.8912  EKtot   =       549.4609  EPtot      =      -946.3521
 BOND   =       235.8132  ANGLE   =       349.4073  DIHED      =       523.0842
 1-4 NB =       176.6106  1-4 EEL =      -351.9848  VDWAALS    =      -302.0800
 EELEC  =     -1577.2025  EHBOND  =         0.0000  RESTRAINT  =         0.0000
 ------------------------------------------------------------------------------


 NSTEP =    75600   TIME(PS) =      75.600  TEMP(K) =   295.39  PRESS =     0.0
 Etot   =        -3.8117  EKtot   =       561.7567  EPtot      =      -565.5684
 BOND   =       245.6621  ANGLE   =       340.9548  DIHED      =       515.3194
 1-4 NB =       165.7240  1-4 EEL =      -351.1050  VDWAALS    =      -299.6672
 EELEC  =     -1182.4564  EHBOND  =         0.0000  RESTRAINT  =         0.0000
 ------------------------------------------------------------------------------


 NSTEP =    75700   TIME(PS) =      75.700  TEMP(K) =   301.23  PRESS =     0.0
 Etot   =       165.8598  EKtot   =       572.8603  EPtot      =      -407.0006
 BOND   =       201.5406  ANGLE   =       353.3717  DIHED      =       508.4843
 1-4 NB =       167.0912  1-4 EEL =      -333.4865  VDWAALS    =      -289.2844
 EELEC  =     -1014.7174  EHBOND  =         0.0000  RESTRAINT  =         0.0000
 ------------------------------------------------------------------------------


 NSTEP =    75800   TIME(PS) =      75.800  TEMP(K) =   302.10  PRESS =     0.0
 Etot   =        59.8830  EKtot   =       574.5208  EPtot      =      -514.6379
 BOND   =       230.2243  ANGLE   =       350.4577  DIHED      =       515.5229
 1-4 NB =       166.2905  1-4 EEL =      -342.6314  VDWAALS    =      -306.4304
 EELEC  =     -1128.0716  EHBOND  =         0.0000  RESTRAINT  =         0.0000
 ------------------------------------------------------------------------------


 NSTEP =    75900   TIME(PS) =      75.900  TEMP(K) =   306.63  PRESS =     0.0
 Etot   =       113.3811  EKtot   =       583.1336  EPtot      =      -469.7525
 BOND   =       221.7839  ANGLE   =       347.0135  DIHED      =       511.8195
 1-4 NB =       175.1137  1-4 EEL =      -304.8472  VDWAALS    =      -300.1485
 EELEC  =     -1120.4873  EHBOND  =         0.0000  RESTRAINT  =         0.0000
 ------------------------------------------------------------------------------

| RE_POSITION Moving by   0.263424  0.263991 -0.045257

 NSTEP =    76000   TIME(PS) =      76.000  TEMP(K) =   304.30  PRESS =     0.0
 Etot   =       -29.7482  EKtot   =       578.6911  EPtot      =      -608.4392
 BOND   =       244.2010  ANGLE   =       365.8311  DIHED      =       517.5544
 1-4 NB =       163.6300  1-4 EEL =      -340.3230  VDWAALS    =      -306.1196
 EELEC  =     -1253.2132  EHBOND  =         0.0000  RESTRAINT  =         0.0000
 ------------------------------------------------------------------------------


 NSTEP =    76100   TIME(PS) =      76.100  TEMP(K) =   301.59  PRESS =     0.0
 Etot   =       -92.5543  EKtot   =       573.5388  EPtot      =      -666.0931
 BOND   =       240.6300  ANGLE   =       356.8165  DIHED      =       534.9986
 1-4 NB =       161.3073  1-4 EEL =      -351.9763  VDWAALS    =      -305.2259
 EELEC  =     -1302.6434  EHBOND  =         0.0000  RESTRAINT  =         0.0000
 ------------------------------------------------------------------------------


 NSTEP =    76200   TIME(PS) =      76.200  TEMP(K) =   307.44  PRESS =     0.0
 Etot   =       207.8979  EKtot   =       584.6660  EPtot      =      -376.7681
 BOND   =       229.9183  ANGLE   =       342.7131  DIHED      =       505.9582
 1-4 NB =       163.1358  1-4 EEL =      -354.4329  VDWAALS    =      -296.9302
 EELEC  =      -967.1304  EHBOND  =         0.0000  RESTRAINT  =         0.0000
 ------------------------------------------------------------------------------


 NSTEP =    76300   TIME(PS) =      76.300  TEMP(K) =   306.44  PRESS =     0.0
 Etot   =        17.9854  EKtot   =       582.7758  EPtot      =      -564.7904
 BOND   =       248.5229  ANGLE   =       331.2963  DIHED      =       514.6428
 1-4 NB =       168.7776  1-4 EEL =      -335.2167  VDWAALS    =      -293.0965
 EELEC  =     -1199.7168  EHBOND  =         0.0000  RESTRAINT  =         0.0000
 ------------------------------------------------------------------------------


 NSTEP =    76400   TIME(PS) =      76.400  TEMP(K) =   308.08  PRESS =     0.0
 Etot   =       171.7001  EKtot   =       585.8925  EPtot      =      -414.1924
 BOND   =       211.6844  ANGLE   =       347.4212  DIHED      =       516.3620
 1-4 NB =       160.4104  1-4 EEL =      -343.5713  VDWAALS    =      -288.0099
 EELEC  =     -1018.4892  EHBOND  =         0.0000  RESTRAINT  =         0.0000
 ------------------------------------------------------------------------------


 NSTEP =    76500   TIME(PS) =      76.500  TEMP(K) =   299.70  PRESS =     0.0
 Etot   =      -133.4113  EKtot   =       569.9544  EPtot      =      -703.3657
 BOND   =       233.2199  ANGLE   =       336.2951  DIHED      =       507.3219
 1-4 NB =       165.7648  1-4 EEL =      -315.5472  VDWAALS    =      -298.0054
 EELEC  =     -1332.4148  EHBOND  =         0.0000  RESTRAINT  =         0.0000
 ------------------------------------------------------------------------------


 NSTEP =    76600   TIME(PS) =      76.600  TEMP(K) =   296.25  PRESS =     0.0
 Etot   =      -298.3668  EKtot   =       563.3840  EPtot      =      -861.7508
 BOND   =       258.0995  ANGLE   =       328.8457  DIHED      =       524.0754
 1-4 NB =       168.3658  1-4 EEL =      -346.3029  VDWAALS    =      -292.7610
 EELEC  =     -1502.0731  EHBOND  =         0.0000  RESTRAINT  =         0.0000
 ------------------------------------------------------------------------------


 NSTEP =    76700   TIME(PS) =      76.700  TEMP(K) =   308.33  PRESS =     0.0
 Etot   =      -128.9612  EKtot   =       586.3612  EPtot      =      -715.3225
 BOND   =       225.8382  ANGLE   =       327.9799  DIHED      =       523.0534
 1-4 NB =       165.5818  1-4 EEL =      -346.2093  VDWAALS    =      -291.1380
 EELEC  =     -1320.4285  EHBOND  =         0.0000  RESTRAINT  =         0.0000
 ------------------------------------------------------------------------------


 NSTEP =    76800   TIME(PS) =      76.800  TEMP(K) =   303.05  PRESS =     0.0
 Etot   =       224.9259  EKtot   =       576.3316  EPtot      =      -351.4057
 BOND   =       239.1377  ANGLE   =       341.8771  DIHED      =       520.8756
 1-4 NB =       164.6678  1-4 EEL =      -347.4587  VDWAALS    =      -292.2594
 EELEC  =      -978.2458  EHBOND  =         0.0000  RESTRAINT  =         0.0000
 ------------------------------------------------------------------------------


 NSTEP =    76900   TIME(PS) =      76.900  TEMP(K) =   300.90  PRESS =     0.0
 Etot   =       231.1991  EKtot   =       572.2416  EPtot      =      -341.0426
 BOND   =       223.7871  ANGLE   =       352.6304  DIHED      =       512.1212
 1-4 NB =       170.5870  1-4 EEL =      -322.1823  VDWAALS    =      -290.3764
 EELEC  =      -987.6096  EHBOND  =         0.0000  RESTRAINT  =         0.0000
 ------------------------------------------------------------------------------

| RE_POSITION Moving by   0.786914  0.273130 -0.044716

 NSTEP =    77000   TIME(PS) =      77.000  TEMP(K) =   303.20  PRESS =     0.0
 Etot   =       -91.1088  EKtot   =       576.6053  EPtot      =      -667.7141
 BOND   =       226.8653  ANGLE   =       337.2720  DIHED      =       535.8856
 1-4 NB =       162.2971  1-4 EEL =      -330.8244  VDWAALS    =      -294.5257
 EELEC  =     -1304.6841  EHBOND  =         0.0000  RESTRAINT  =         0.0000
 ------------------------------------------------------------------------------


 NSTEP =    77100   TIME(PS) =      77.100  TEMP(K) =   309.58  PRESS =     0.0
 Etot   =      -201.7437  EKtot   =       588.7336  EPtot      =      -790.4773
 BOND   =       237.1907  ANGLE   =       334.6045  DIHED      =       518.4820
 1-4 NB =       161.7209  1-4 EEL =      -339.1886  VDWAALS    =      -290.2992
 EELEC  =     -1412.9878  EHBOND  =         0.0000  RESTRAINT  =         0.0000
 ------------------------------------------------------------------------------


 NSTEP =    77200   TIME(PS) =      77.200  TEMP(K) =   312.04  PRESS =     0.0
 Etot   =      -350.5752  EKtot   =       593.4218  EPtot      =      -943.9970
 BOND   =       221.2966  ANGLE   =       342.5543  DIHED      =       533.9765
 1-4 NB =       165.4647  1-4 EEL =      -340.8329  VDWAALS    =      -295.4432
 EELEC  =     -1571.0130  EHBOND  =         0.0000  RESTRAINT  =         0.0000
 ------------------------------------------------------------------------------


 NSTEP =    77300   TIME(PS) =      77.300  TEMP(K) =   291.82  PRESS =     0.0
 Etot   =      -102.7865  EKtot   =       554.9615  EPtot      =      -657.7479
 BOND   =       242.5925  ANGLE   =       331.6139  DIHED      =       524.6531
 1-4 NB =       171.2482  1-4 EEL =      -336.3732  VDWAALS    =      -278.0389
 EELEC  =     -1313.4436  EHBOND  =         0.0000  RESTRAINT  =         0.0000
 ------------------------------------------------------------------------------


 NSTEP =    77400   TIME(PS) =      77.400  TEMP(K) =   298.13  PRESS =     0.0
 Etot   =        46.9371  EKtot   =       566.9599  EPtot      =      -520.0228
 BOND   =       227.5020  ANGLE   =       318.5258  DIHED      =       517.8311
 1-4 NB =       173.8354  1-4 EEL =      -286.2460  VDWAALS    =      -281.0187
 EELEC  =     -1190.4524  EHBOND  =         0.0000  RESTRAINT  =         0.0000
 ------------------------------------------------------------------------------


 NSTEP =    77500   TIME(PS) =      77.500  TEMP(K) =   302.77  PRESS =     0.0
 Etot   =       134.7033  EKtot   =       575.7872  EPtot      =      -441.0839
 BOND   =       234.6655  ANGLE   =       363.9501  DIHED      =       516.2697
 1-4 NB =       168.5379  1-4 EEL =      -357.5435  VDWAALS    =      -293.0577
 EELEC  =     -1073.9060  EHBOND  =         0.0000  RESTRAINT  =         0.0000
 ------------------------------------------------------------------------------


 NSTEP =    77600   TIME(PS) =      77.600  TEMP(K) =   311.80  PRESS =     0.0
 Etot   =       378.1185  EKtot   =       592.9659  EPtot      =      -214.8474
 BOND   =       237.9998  ANGLE   =       308.1998  DIHED      =       517.8327
 1-4 NB =       166.7651  1-4 EEL =      -295.7474  VDWAALS    =      -289.8630
 EELEC  =      -860.0343  EHBOND  =         0.0000  RESTRAINT  =         0.0000
 ------------------------------------------------------------------------------


 NSTEP =    77700   TIME(PS) =      77.700  TEMP(K) =   282.03  PRESS =     0.0
 Etot   =       242.6364  EKtot   =       536.3578  EPtot      =      -293.7214
 BOND   =       243.5992  ANGLE   =       370.1135  DIHED      =       517.2712
 1-4 NB =       165.9151  1-4 EEL =      -321.9476  VDWAALS    =      -290.9246
 EELEC  =      -977.7482  EHBOND  =         0.0000  RESTRAINT  =         0.0000
 ------------------------------------------------------------------------------


 NSTEP =    77800   TIME(PS) =      77.800  TEMP(K) =   303.44  PRESS =     0.0
 Etot   =         4.6605  EKtot   =       577.0582  EPtot      =      -572.3977
 BOND   =       220.6011  ANGLE   =       341.8050  DIHED      =       511.5980
 1-4 NB =       163.4466  1-4 EEL =      -310.0945  VDWAALS    =      -297.8607
 EELEC  =     -1201.8932  EHBOND  =         0.0000  RESTRAINT  =         0.0000
 ------------------------------------------------------------------------------


 NSTEP =    77900   TIME(PS) =      77.900  TEMP(K) =   303.58  PRESS =     0.0
 Etot   =       182.2127  EKtot   =       577.3252  EPtot      =      -395.1125
 BOND   =       219.4219  ANGLE   =       328.8990  DIHED      =       517.4544
 1-4 NB =       169.8638  1-4 EEL =      -304.0548  VDWAALS    =      -304.2422
 EELEC  =     -1022.4545  EHBOND  =         0.0000  RESTRAINT  =         0.0000
 ------------------------------------------------------------------------------

| RE_POSITION Moving by   0.397492 -0.289317  0.170904

 NSTEP =    78000   TIME(PS) =      78.000  TEMP(K) =   286.24  PRESS =     0.0
 Etot   =        -1.9144  EKtot   =       544.3565  EPtot      =      -546.2709
 BOND   =       224.6697  ANGLE   =       357.4474  DIHED      =       539.9329
 1-4 NB =       170.4945  1-4 EEL =      -331.8339  VDWAALS    =      -290.0232
 EELEC  =     -1216.9583  EHBOND  =         0.0000  RESTRAINT  =         0.0000
 ------------------------------------------------------------------------------


 NSTEP =    78100   TIME(PS) =      78.100  TEMP(K) =   312.18  PRESS =     0.0
 Etot   =       276.5910  EKtot   =       593.6911  EPtot      =      -317.1002
 BOND   =       224.5567  ANGLE   =       309.1805  DIHED      =       534.3245
 1-4 NB =       169.7008  1-4 EEL =      -310.6743  VDWAALS    =      -286.4389
 EELEC  =      -957.7496  EHBOND  =         0.0000  RESTRAINT  =         0.0000
 ------------------------------------------------------------------------------


 NSTEP =    78200   TIME(PS) =      78.200  TEMP(K) =   306.09  PRESS =     0.0
 Etot   =       376.6578  EKtot   =       582.1005  EPtot      =      -205.4427
 BOND   =       208.0182  ANGLE   =       361.9062  DIHED      =       521.0739
 1-4 NB =       166.8922  1-4 EEL =      -323.5321  VDWAALS    =      -299.0119
 EELEC  =      -840.7892  EHBOND  =         0.0000  RESTRAINT  =         0.0000
 ------------------------------------------------------------------------------


 NSTEP =    78300   TIME(PS) =      78.300  TEMP(K) =   304.00  PRESS =     0.0
 Etot   =       399.2682  EKtot   =       578.1359  EPtot      =      -178.8678
 BOND   =       241.0508  ANGLE   =       324.3796  DIHED      =       524.5389
 1-4 NB =       164.5330  1-4 EEL =      -312.7522  VDWAALS    =      -286.9859
 EELEC  =      -833.6321  EHBOND  =         0.0000  RESTRAINT  =         0.0000
 ------------------------------------------------------------------------------


 NSTEP =    78400   TIME(PS) =      78.400  TEMP(K) =   306.63  PRESS =     0.0
 Etot   =        92.7664  EKtot   =       583.1221  EPtot      =      -490.3557
 BOND   =       227.4742  ANGLE   =       360.1011  DIHED      =       515.0743
 1-4 NB =       168.4107  1-4 EEL =      -318.9226  VDWAALS    =      -293.9014
 EELEC  =     -1148.5921  EHBOND  =         0.0000  RESTRAINT  =         0.0000
 ------------------------------------------------------------------------------


 NSTEP =    78500   TIME(PS) =      78.500  TEMP(K) =   324.53  PRESS =     0.0
 Etot   =       408.8580  EKtot   =       617.1735  EPtot      =      -208.3155
 BOND   =       212.6551  ANGLE   =       323.1496  DIHED      =       524.1500
 1-4 NB =       160.2812  1-4 EEL =      -307.7772  VDWAALS    =      -296.8426
 EELEC  =      -823.9316  EHBOND  =         0.0000  RESTRAINT  =         0.0000
 ------------------------------------------------------------------------------


 NSTEP =    78600   TIME(PS) =      78.600  TEMP(K) =   297.18  PRESS =     0.0
 Etot   =       456.2234  EKtot   =       565.1539  EPtot      =      -108.9304
 BOND   =       244.3237  ANGLE   =       341.4709  DIHED      =       531.9767
 1-4 NB =       161.6564  1-4 EEL =      -306.8119  VDWAALS    =      -297.9039
 EELEC  =      -783.6424  EHBOND  =         0.0000  RESTRAINT  =         0.0000
 ------------------------------------------------------------------------------


 NSTEP =    78700   TIME(PS) =      78.700  TEMP(K) =   299.27  PRESS =     0.0
 Etot   =       258.0031  EKtot   =       569.1368  EPtot      =      -311.1337
 BOND   =       242.2625  ANGLE   =       364.7956  DIHED      =       523.8546
 1-4 NB =       163.5041  1-4 EEL =      -336.0175  VDWAALS    =      -298.0569
 EELEC  =      -971.4761  EHBOND  =         0.0000  RESTRAINT  =         0.0000
 ------------------------------------------------------------------------------


 NSTEP =    78800   TIME(PS) =      78.800  TEMP(K) =   315.30  PRESS =     0.0
 Etot   =        31.4458  EKtot   =       599.6169  EPtot      =      -568.1711
 BOND   =       222.0084  ANGLE   =       353.2139  DIHED      =       527.3641
 1-4 NB =       161.8329  1-4 EEL =      -342.9468  VDWAALS    =      -295.8830
 EELEC  =     -1193.7606  EHBOND  =         0.0000  RESTRAINT  =         0.0000
 ------------------------------------------------------------------------------


 NSTEP =    78900   TIME(PS) =      78.900  TEMP(K) =   304.16  PRESS =     0.0
 Etot   =       143.9831  EKtot   =       578.4425  EPtot      =      -434.4594
 BOND   =       246.3210  ANGLE   =       339.1641  DIHED      =       521.0381
 1-4 NB =       161.5089  1-4 EEL =      -318.5522  VDWAALS    =      -282.9559
 EELEC  =     -1100.9834  EHBOND  =         0.0000  RESTRAINT  =         0.0000
 ------------------------------------------------------------------------------

| RE_POSITION Moving by   0.265405 -0.279128 -0.346804

 NSTEP =    79000   TIME(PS) =      79.000  TEMP(K) =   310.16  PRESS =     0.0
 Etot   =       340.6475  EKtot   =       589.8423  EPtot      =      -249.1948
 BOND   =       221.2407  ANGLE   =       342.7667  DIHED      =       529.2875
 1-4 NB =       168.1103  1-4 EEL =      -322.6175  VDWAALS    =      -287.6591
 EELEC  =      -900.3235  EHBOND  =         0.0000  RESTRAINT  =         0.0000
 ------------------------------------------------------------------------------


 NSTEP =    79100   TIME(PS) =      79.100  TEMP(K) =   288.80  PRESS =     0.0
 Etot   =         4.9015  EKtot   =       549.2300  EPtot      =      -544.3285
 BOND   =       236.3454  ANGLE   =       358.4158  DIHED      =       526.6412
 1-4 NB =       171.2742  1-4 EEL =      -321.2051  VDWAALS    =      -280.1196
 EELEC  =     -1235.6805  EHBOND  =         0.0000  RESTRAINT  =         0.0000
 ------------------------------------------------------------------------------


 NSTEP =    79200   TIME(PS) =      79.200  TEMP(K) =   308.07  PRESS =     0.0
 Etot   =      -113.1002  EKtot   =       585.8727  EPtot      =      -698.9729
 BOND   =       244.7538  ANGLE   =       302.8060  DIHED      =       524.7284
 1-4 NB =       166.8711  1-4 EEL =      -297.2345  VDWAALS    =      -275.6364
 EELEC  =     -1365.2612  EHBOND  =         0.0000  RESTRAINT  =         0.0000
 ------------------------------------------------------------------------------


 NSTEP =    79300   TIME(PS) =      79.300  TEMP(K) =   302.56  PRESS =     0.0
 Etot   =      -178.8079  EKtot   =       575.3890  EPtot      =      -754.1969
 BOND   =       222.6376  ANGLE   =       346.5924  DIHED      =       524.0000
 1-4 NB =       170.0118  1-4 EEL =      -325.1879  VDWAALS    =      -280.0881
 EELEC  =     -1412.1627  EHBOND  =         0.0000  RESTRAINT  =         0.0000
 ------------------------------------------------------------------------------


 NSTEP =    79400   TIME(PS) =      79.400  TEMP(K) =   300.79  PRESS =     0.0
 Etot   =       165.0610  EKtot   =       572.0326  EPtot      =      -406.9716
 BOND   =       231.0820  ANGLE   =       332.7781  DIHED      =       514.0243
 1-4 NB =       168.2358  1-4 EEL =      -325.8240  VDWAALS    =      -274.2775
 EELEC  =     -1052.9902  EHBOND  =         0.0000  RESTRAINT  =         0.0000
 ------------------------------------------------------------------------------


 NSTEP =    79500   TIME(PS) =      79.500  TEMP(K) =   286.07  PRESS =     0.0
 Etot   =        -9.9658  EKtot   =       544.0290  EPtot      =      -553.9948
 BOND   =       231.1992  ANGLE   =       316.6295  DIHED      =       530.4819
 1-4 NB =       165.9924  1-4 EEL =      -314.4207  VDWAALS    =      -288.1221
 EELEC  =     -1195.7549  EHBOND  =         0.0000  RESTRAINT  =         0.0000
 ------------------------------------------------------------------------------


 NSTEP =    79600   TIME(PS) =      79.600  TEMP(K) =   292.88  PRESS =     0.0
 Etot   =      -130.6695  EKtot   =       556.9844  EPtot      =      -687.6539
 BOND   =       223.8686  ANGLE   =       345.8559  DIHED      =       514.7035
 1-4 NB =       170.3901  1-4 EEL =      -329.3703  VDWAALS    =      -288.7509
 EELEC  =     -1324.3508  EHBOND  =         0.0000  RESTRAINT  =         0.0000
 ------------------------------------------------------------------------------


 NSTEP =    79700   TIME(PS) =      79.700  TEMP(K) =   301.31  PRESS =     0.0
 Etot   =      -136.3242  EKtot   =       573.0178  EPtot      =      -709.3420
 BOND   =       217.4224  ANGLE   =       330.3917  DIHED      =       519.8634
 1-4 NB =       158.7841  1-4 EEL =      -323.0178  VDWAALS    =      -289.9550
 EELEC  =     -1322.8309  EHBOND  =         0.0000  RESTRAINT  =         0.0000
 ------------------------------------------------------------------------------


 NSTEP =    79800   TIME(PS) =      79.800  TEMP(K) =   299.13  PRESS =     0.0
 Etot   =       126.0210  EKtot   =       568.8641  EPtot      =      -442.8431
 BOND   =       232.3966  ANGLE   =       360.5384  DIHED      =       513.0708
 1-4 NB =       164.2739  1-4 EEL =      -343.4598  VDWAALS    =      -293.5891
 EELEC  =     -1076.0739  EHBOND  =         0.0000  RESTRAINT  =         0.0000
 ------------------------------------------------------------------------------


 NSTEP =    79900   TIME(PS) =      79.900  TEMP(K) =   312.07  PRESS =     0.0
 Etot   =        -9.2105  EKtot   =       593.4841  EPtot      =      -602.6946
 BOND   =       223.2932  ANGLE   =       339.8544  DIHED      =       515.0598
 1-4 NB =       165.8090  1-4 EEL =      -344.6745  VDWAALS    =      -277.7080
 EELEC  =     -1224.3284  EHBOND  =         0.0000  RESTRAINT  =         0.0000
 ------------------------------------------------------------------------------

| RE_POSITION Moving by  -0.101113  0.311369  0.530989

 NSTEP =    80000   TIME(PS) =      80.000  TEMP(K) =   298.21  PRESS =     0.0
 Etot   =       248.6537  EKtot   =       567.1149  EPtot      =      -318.4611
 BOND   =       219.9623  ANGLE   =       328.8291  DIHED      =       510.4664
 1-4 NB =       172.0358  1-4 EEL =      -339.5397  VDWAALS    =      -297.9905
 EELEC  =      -912.2244  EHBOND  =         0.0000  RESTRAINT  =         0.0000
 ------------------------------------------------------------------------------


 NSTEP =    80100   TIME(PS) =      80.100  TEMP(K) =   287.91  PRESS =     0.0
 Etot   =       190.8959  EKtot   =       547.5341  EPtot      =      -356.6382
 BOND   =       244.4970  ANGLE   =       320.9800  DIHED      =       541.6014
 1-4 NB =       173.5469  1-4 EEL =      -340.1350  VDWAALS    =      -291.6349
 EELEC  =     -1005.4937  EHBOND  =         0.0000  RESTRAINT  =         0.0000
 ------------------------------------------------------------------------------


 NSTEP =    80200   TIME(PS) =      80.200  TEMP(K) =   295.58  PRESS =     0.0
 Etot   =       -54.2181  EKtot   =       562.1173  EPtot      =      -616.3355
 BOND   =       235.5280  ANGLE   =       329.1304  DIHED      =       530.2484
 1-4 NB =       161.6673  1-4 EEL =      -343.7680  VDWAALS    =      -301.2343
 EELEC  =     -1227.9073  EHBOND  =         0.0000  RESTRAINT  =         0.0000
 ------------------------------------------------------------------------------


 NSTEP =    80300   TIME(PS) =      80.300  TEMP(K) =   295.17  PRESS =     0.0
 Etot   =      -128.1375  EKtot   =       561.3461  EPtot      =      -689.4836
 BOND   =       207.2367  ANGLE   =       334.4219  DIHED      =       520.4728
 1-4 NB =       160.8287  1-4 EEL =      -312.9176  VDWAALS    =      -303.1439
 EELEC  =     -1296.3822  EHBOND  =         0.0000  RESTRAINT  =         0.0000
 ------------------------------------------------------------------------------


 NSTEP =    80400   TIME(PS) =      80.400  TEMP(K) =   288.32  PRESS =     0.0
 Etot   =       312.5060  EKtot   =       548.3039  EPtot      =      -235.7979
 BOND   =       223.7749  ANGLE   =       313.5516  DIHED      =       532.6585
 1-4 NB =       169.7342  1-4 EEL =      -317.7699  VDWAALS    =      -294.1089
 EELEC  =      -863.6382  EHBOND  =         0.0000  RESTRAINT  =         0.0000
 ------------------------------------------------------------------------------


 NSTEP =    80500   TIME(PS) =      80.500  TEMP(K) =   300.66  PRESS =     0.0
 Etot   =       -55.7374  EKtot   =       571.7839  EPtot      =      -627.5212
 BOND   =       221.4480  ANGLE   =       329.8174  DIHED      =       526.2548
 1-4 NB =       159.6983  1-4 EEL =      -334.1826  VDWAALS    =      -299.6565
 EELEC  =     -1230.9006  EHBOND  =         0.0000  RESTRAINT  =         0.0000
 ------------------------------------------------------------------------------


 NSTEP =    80600   TIME(PS) =      80.600  TEMP(K) =   303.03  PRESS =     0.0
 Etot   =       619.0970  EKtot   =       576.2906  EPtot      =        42.8064
 BOND   =       228.5013  ANGLE   =       334.5261  DIHED      =       526.2902
 1-4 NB =       164.2437  1-4 EEL =      -335.6436  VDWAALS    =      -293.5394
 EELEC  =      -581.5720  EHBOND  =         0.0000  RESTRAINT  =         0.0000
 ------------------------------------------------------------------------------


 NSTEP =    80700   TIME(PS) =      80.700  TEMP(K) =   306.65  PRESS =     0.0
 Etot   =        99.0782  EKtot   =       583.1661  EPtot      =      -484.0879
 BOND   =       220.2381  ANGLE   =       337.7704  DIHED      =       528.1496
 1-4 NB =       169.5345  1-4 EEL =      -337.2106  VDWAALS    =      -287.9320
 EELEC  =     -1114.6378  EHBOND  =         0.0000  RESTRAINT  =         0.0000
 ------------------------------------------------------------------------------


 NSTEP =    80800   TIME(PS) =      80.800  TEMP(K) =   294.75  PRESS =     0.0
 Etot   =      -243.3698  EKtot   =       560.5454  EPtot      =      -803.9152
 BOND   =       221.7313  ANGLE   =       336.5097  DIHED      =       530.6434
 1-4 NB =       166.7843  1-4 EEL =      -322.2183  VDWAALS    =      -288.3843
 EELEC  =     -1448.9812  EHBOND  =         0.0000  RESTRAINT  =         0.0000
 ------------------------------------------------------------------------------


 NSTEP =    80900   TIME(PS) =      80.900  TEMP(K) =   296.96  PRESS =     0.0
 Etot   =        54.7350  EKtot   =       564.7349  EPtot      =      -509.9999
 BOND   =       217.6437  ANGLE   =       339.0715  DIHED      =       526.8856
 1-4 NB =       179.6667  1-4 EEL =      -318.2318  VDWAALS    =      -285.2737
 EELEC  =     -1169.7620  EHBOND  =         0.0000  RESTRAINT  =         0.0000
 ------------------------------------------------------------------------------

| RE_POSITION Moving by   0.120459  0.286533  0.275296

 NSTEP =    81000   TIME(PS) =      81.000  TEMP(K) =   301.46  PRESS =     0.0
 Etot   =       307.4881  EKtot   =       573.3073  EPtot      =      -265.8192
 BOND   =       215.0713  ANGLE   =       339.7795  DIHED      =       516.0606
 1-4 NB =       162.9380  1-4 EEL =      -325.5905  VDWAALS    =      -267.5800
 EELEC  =      -906.4980  EHBOND  =         0.0000  RESTRAINT  =         0.0000
 ------------------------------------------------------------------------------


 NSTEP =    81100   TIME(PS) =      81.100  TEMP(K) =   303.44  PRESS =     0.0
 Etot   =       -20.1076  EKtot   =       577.0636  EPtot      =      -597.1712
 BOND   =       248.1300  ANGLE   =       329.7491  DIHED      =       520.9384
 1-4 NB =       161.8721  1-4 EEL =      -326.7635  VDWAALS    =      -288.7320
 EELEC  =     -1242.3652  EHBOND  =         0.0000  RESTRAINT  =         0.0000
 ------------------------------------------------------------------------------


 NSTEP =    81200   TIME(PS) =      81.200  TEMP(K) =   317.60  PRESS =     0.0
 Etot   =        14.4686  EKtot   =       603.9994  EPtot      =      -589.5307
 BOND   =       227.9712  ANGLE   =       328.9902  DIHED      =       535.8454
 1-4 NB =       172.9591  1-4 EEL =      -327.5025  VDWAALS    =      -280.7535
 EELEC  =     -1247.0407  EHBOND  =         0.0000  RESTRAINT  =         0.0000
 ------------------------------------------------------------------------------


 NSTEP =    81300   TIME(PS) =      81.300  TEMP(K) =   299.88  PRESS =     0.0
 Etot   =       -51.2301  EKtot   =       570.2959  EPtot      =      -621.5260
 BOND   =       232.8880  ANGLE   =       330.9630  DIHED      =       521.9536
 1-4 NB =       162.1212  1-4 EEL =      -319.9552  VDWAALS    =      -280.9000
 EELEC  =     -1268.5966  EHBOND  =         0.0000  RESTRAINT  =         0.0000
 ------------------------------------------------------------------------------


 NSTEP =    81400   TIME(PS) =      81.400  TEMP(K) =   297.57  PRESS =     0.0
 Etot   =       169.4117  EKtot   =       565.9074  EPtot      =      -396.4957
 BOND   =       222.2509  ANGLE   =       369.0738  DIHED      =       514.0912
 1-4 NB =       165.1072  1-4 EEL =      -346.9839  VDWAALS    =      -289.9102
 EELEC  =     -1030.1247  EHBOND  =         0.0000  RESTRAINT  =         0.0000
 ------------------------------------------------------------------------------


 NSTEP =    81500   TIME(PS) =      81.500  TEMP(K) =   299.77  PRESS =     0.0
 Etot   =       227.3795  EKtot   =       570.0824  EPtot      =      -342.7029
 BOND   =       241.0809  ANGLE   =       364.3394  DIHED      =       512.5701
 1-4 NB =       161.5786  1-4 EEL =      -348.9723  VDWAALS    =      -276.4132
 EELEC  =      -996.8865  EHBOND  =         0.0000  RESTRAINT  =         0.0000
 ------------------------------------------------------------------------------


 NSTEP =    81600   TIME(PS) =      81.600  TEMP(K) =   307.38  PRESS =     0.0
 Etot   =       108.3069  EKtot   =       584.5530  EPtot      =      -476.2461
 BOND   =       215.8630  ANGLE   =       370.0500  DIHED      =       511.5169
 1-4 NB =       173.8918  1-4 EEL =      -341.5195  VDWAALS    =      -291.3476
 EELEC  =     -1114.7008  EHBOND  =         0.0000  RESTRAINT  =         0.0000
 ------------------------------------------------------------------------------


 NSTEP =    81700   TIME(PS) =      81.700  TEMP(K) =   293.81  PRESS =     0.0
 Etot   =       -23.4326  EKtot   =       558.7563  EPtot      =      -582.1889
 BOND   =       238.2959  ANGLE   =       334.4115  DIHED      =       528.0770
 1-4 NB =       163.1820  1-4 EEL =      -330.0707  VDWAALS    =      -292.8362
 EELEC  =     -1223.2485  EHBOND  =         0.0000  RESTRAINT  =         0.0000
 ------------------------------------------------------------------------------


 NSTEP =    81800   TIME(PS) =      81.800  TEMP(K) =   290.42  PRESS =     0.0
 Etot   =        43.0834  EKtot   =       552.3070  EPtot      =      -509.2236
 BOND   =       237.0516  ANGLE   =       355.1860  DIHED      =       509.8434
 1-4 NB =       169.7193  1-4 EEL =      -335.3048  VDWAALS    =      -287.5304
 EELEC  =     -1158.1886  EHBOND  =         0.0000  RESTRAINT  =         0.0000
 ------------------------------------------------------------------------------


 NSTEP =    81900   TIME(PS) =      81.900  TEMP(K) =   307.44  PRESS =     0.0
 Etot   =       320.1863  EKtot   =       584.6809  EPtot      =      -264.4946
 BOND   =       215.9021  ANGLE   =       320.4238  DIHED      =       515.7004
 1-4 NB =       168.2040  1-4 EEL =      -330.8176  VDWAALS    =      -300.6611
 EELEC  =      -853.2462  EHBOND  =         0.0000  RESTRAINT  =         0.0000
 ------------------------------------------------------------------------------

| RE_POSITION Moving by  -0.542245 -0.242779  0.503152

 NSTEP =    82000   TIME(PS) =      82.000  TEMP(K) =   300.33  PRESS =     0.0
 Etot   =        74.7392  EKtot   =       571.1498  EPtot      =      -496.4106
 BOND   =       213.9734  ANGLE   =       353.7680  DIHED      =       521.9723
 1-4 NB =       167.2682  1-4 EEL =      -330.5571  VDWAALS    =      -296.4928
 EELEC  =     -1126.3426  EHBOND  =         0.0000  RESTRAINT  =         0.0000
 ------------------------------------------------------------------------------


 NSTEP =    82100   TIME(PS) =      82.100  TEMP(K) =   301.49  PRESS =     0.0
 Etot   =       284.9184  EKtot   =       573.3575  EPtot      =      -288.4391
 BOND   =       212.1934  ANGLE   =       354.6988  DIHED      =       518.6058
 1-4 NB =       155.4926  1-4 EEL =      -321.0912  VDWAALS    =      -297.6452
 EELEC  =      -910.6934  EHBOND  =         0.0000  RESTRAINT  =         0.0000
 ------------------------------------------------------------------------------


 NSTEP =    82200   TIME(PS) =      82.200  TEMP(K) =   300.26  PRESS =     0.0
 Etot   =       439.1319  EKtot   =       571.0245  EPtot      =      -131.8926
 BOND   =       207.3819  ANGLE   =       364.2863  DIHED      =       512.6148
 1-4 NB =       168.4380  1-4 EEL =      -339.8507  VDWAALS    =      -295.7269
 EELEC  =      -749.0361  EHBOND  =         0.0000  RESTRAINT  =         0.0000
 ------------------------------------------------------------------------------


 NSTEP =    82300   TIME(PS) =      82.300  TEMP(K) =   296.90  PRESS =     0.0
 Etot   =        32.4937  EKtot   =       564.6283  EPtot      =      -532.1345
 BOND   =       219.2983  ANGLE   =       350.4649  DIHED      =       513.6093
 1-4 NB =       165.3769  1-4 EEL =      -353.6903  VDWAALS    =      -288.2087
 EELEC  =     -1138.9850  EHBOND  =         0.0000  RESTRAINT  =         0.0000
 ------------------------------------------------------------------------------


 NSTEP =    82400   TIME(PS) =      82.400  TEMP(K) =   299.59  PRESS =     0.0
 Etot   =        -8.0284  EKtot   =       569.7485  EPtot      =      -577.7769
 BOND   =       200.0878  ANGLE   =       342.3892  DIHED      =       514.1330
 1-4 NB =       169.7862  1-4 EEL =      -318.9941  VDWAALS    =      -292.9469
 EELEC  =     -1192.2320  EHBOND  =         0.0000  RESTRAINT  =         0.0000
 ------------------------------------------------------------------------------


 NSTEP =    82500   TIME(PS) =      82.500  TEMP(K) =   293.21  PRESS =     0.0
 Etot   =       -93.7279  EKtot   =       557.6169  EPtot      =      -651.3447
 BOND   =       236.7304  ANGLE   =       359.0475  DIHED      =       495.5053
 1-4 NB =       160.0488  1-4 EEL =      -339.4827  VDWAALS    =      -296.4357
 EELEC  =     -1266.7583  EHBOND  =         0.0000  RESTRAINT  =         0.0000
 ------------------------------------------------------------------------------


 NSTEP =    82600   TIME(PS) =      82.600  TEMP(K) =   305.45  PRESS =     0.0
 Etot   =        57.1744  EKtot   =       580.8939  EPtot      =      -523.7195
 BOND   =       210.4154  ANGLE   =       340.4833  DIHED      =       515.6741
 1-4 NB =       166.0627  1-4 EEL =      -332.3725  VDWAALS    =      -291.2900
 EELEC  =     -1132.6926  EHBOND  =         0.0000  RESTRAINT  =         0.0000
 ------------------------------------------------------------------------------


 NSTEP =    82700   TIME(PS) =      82.700  TEMP(K) =   303.32  PRESS =     0.0
 Etot   =       142.7838  EKtot   =       576.8385  EPtot      =      -434.0547
 BOND   =       217.4239  ANGLE   =       329.6352  DIHED      =       514.2390
 1-4 NB =       171.8657  1-4 EEL =      -336.4467  VDWAALS    =      -292.9422
 EELEC  =     -1037.8295  EHBOND  =         0.0000  RESTRAINT  =         0.0000
 ------------------------------------------------------------------------------


 NSTEP =    82800   TIME(PS) =      82.800  TEMP(K) =   291.18  PRESS =     0.0
 Etot   =       223.0346  EKtot   =       553.7436  EPtot      =      -330.7091
 BOND   =       226.4647  ANGLE   =       353.5494  DIHED      =       513.7199
 1-4 NB =       163.0467  1-4 EEL =      -322.1991  VDWAALS    =      -292.4388
 EELEC  =      -972.8519  EHBOND  =         0.0000  RESTRAINT  =         0.0000
 ------------------------------------------------------------------------------


 NSTEP =    82900   TIME(PS) =      82.900  TEMP(K) =   300.25  PRESS =     0.0
 Etot   =       225.8113  EKtot   =       570.9903  EPtot      =      -345.1790
 BOND   =       218.4656  ANGLE   =       325.3201  DIHED      =       519.9484
 1-4 NB =       157.4936  1-4 EEL =      -338.0622  VDWAALS    =      -281.4923
 EELEC  =      -946.8523  EHBOND  =         0.0000  RESTRAINT  =         0.0000
 ------------------------------------------------------------------------------

| RE_POSITION Moving by   0.331305  0.114225 -0.544419

 NSTEP =    83000   TIME(PS) =      83.000  TEMP(K) =   295.85  PRESS =     0.0
 Etot   =       142.6623  EKtot   =       562.6340  EPtot      =      -419.9717
 BOND   =       253.5781  ANGLE   =       357.9936  DIHED      =       507.2813
 1-4 NB =       162.8652  1-4 EEL =      -342.8688  VDWAALS    =      -299.7855
 EELEC  =     -1059.0355  EHBOND  =         0.0000  RESTRAINT  =         0.0000
 ------------------------------------------------------------------------------


 NSTEP =    83100   TIME(PS) =      83.100  TEMP(K) =   305.95  PRESS =     0.0
 Etot   =       109.5206  EKtot   =       581.8389  EPtot      =      -472.3182
 BOND   =       214.5885  ANGLE   =       344.3393  DIHED      =       525.4951
 1-4 NB =       170.6430  1-4 EEL =      -336.3182  VDWAALS    =      -297.7455
 EELEC  =     -1093.3205  EHBOND  =         0.0000  RESTRAINT  =         0.0000
 ------------------------------------------------------------------------------


 NSTEP =    83200   TIME(PS) =      83.200  TEMP(K) =   306.17  PRESS =     0.0
 Etot   =        91.8501  EKtot   =       582.2625  EPtot      =      -490.4123
 BOND   =       237.3881  ANGLE   =       341.7662  DIHED      =       515.7645
 1-4 NB =       163.7057  1-4 EEL =      -350.8434  VDWAALS    =      -286.1495
 EELEC  =     -1112.0440  EHBOND  =         0.0000  RESTRAINT  =         0.0000
 ------------------------------------------------------------------------------


 NSTEP =    83300   TIME(PS) =      83.300  TEMP(K) =   301.39  PRESS =     0.0
 Etot   =        18.5799  EKtot   =       573.1667  EPtot      =      -554.5868
 BOND   =       218.7838  ANGLE   =       351.7836  DIHED      =       517.3245
 1-4 NB =       164.7205  1-4 EEL =      -340.2053  VDWAALS    =      -302.9796
 EELEC  =     -1164.0143  EHBOND  =         0.0000  RESTRAINT  =         0.0000
 ------------------------------------------------------------------------------


 NSTEP =    83400   TIME(PS) =      83.400  TEMP(K) =   308.34  PRESS =     0.0
 Etot   =        98.3930  EKtot   =       586.3916  EPtot      =      -487.9986
 BOND   =       223.4295  ANGLE   =       329.0829  DIHED      =       525.6613
 1-4 NB =       166.1042  1-4 EEL =      -334.8861  VDWAALS    =      -292.2823
 EELEC  =     -1105.1081  EHBOND  =         0.0000  RESTRAINT  =         0.0000
 ------------------------------------------------------------------------------


 NSTEP =    83500   TIME(PS) =      83.500  TEMP(K) =   310.28  PRESS =     0.0
 Etot   =       -32.7782  EKtot   =       590.0777  EPtot      =      -622.8558
 BOND   =       230.3678  ANGLE   =       331.9147  DIHED      =       511.1068
 1-4 NB =       157.8084  1-4 EEL =      -340.7077  VDWAALS    =      -299.6665
 EELEC  =     -1213.6793  EHBOND  =         0.0000  RESTRAINT  =         0.0000
 ------------------------------------------------------------------------------


 NSTEP =    83600   TIME(PS) =      83.600  TEMP(K) =   297.99  PRESS =     0.0
 Etot   =       474.1795  EKtot   =       566.7015  EPtot      =       -92.5220
 BOND   =       226.1770  ANGLE   =       355.1129  DIHED      =       510.7041
 1-4 NB =       167.3316  1-4 EEL =      -339.9554  VDWAALS    =      -288.6031
 EELEC  =      -723.2891  EHBOND  =         0.0000  RESTRAINT  =         0.0000
 ------------------------------------------------------------------------------


 NSTEP =    83700   TIME(PS) =      83.700  TEMP(K) =   304.60  PRESS =     0.0
 Etot   =       146.4936  EKtot   =       579.2673  EPtot      =      -432.7737
 BOND   =       225.5788  ANGLE   =       345.6153  DIHED      =       510.1587
 1-4 NB =       169.6617  1-4 EEL =      -340.9948  VDWAALS    =      -283.3781
 EELEC  =     -1059.4152  EHBOND  =         0.0000  RESTRAINT  =         0.0000
 ------------------------------------------------------------------------------


 NSTEP =    83800   TIME(PS) =      83.800  TEMP(K) =   305.60  PRESS =     0.0
 Etot   =       -97.1847  EKtot   =       581.1698  EPtot      =      -678.3546
 BOND   =       214.6087  ANGLE   =       336.3597  DIHED      =       515.4147
 1-4 NB =       162.4081  1-4 EEL =      -333.6977  VDWAALS    =      -300.0106
 EELEC  =     -1273.4374  EHBOND  =         0.0000  RESTRAINT  =         0.0000
 ------------------------------------------------------------------------------


 NSTEP =    83900   TIME(PS) =      83.900  TEMP(K) =   289.51  PRESS =     0.0
 Etot   =       180.5926  EKtot   =       550.5794  EPtot      =      -369.9868
 BOND   =       227.2892  ANGLE   =       347.6852  DIHED      =       535.3774
 1-4 NB =       165.3828  1-4 EEL =      -336.7520  VDWAALS    =      -286.9558
 EELEC  =     -1022.0137  EHBOND  =         0.0000  RESTRAINT  =         0.0000
 ------------------------------------------------------------------------------

| RE_POSITION Moving by   0.177573 -0.194654 -0.056778

 NSTEP =    84000   TIME(PS) =      84.000  TEMP(K) =   288.30  PRESS =     0.0
 Etot   =       160.3644  EKtot   =       548.2707  EPtot      =      -387.9063
 BOND   =       216.6373  ANGLE   =       347.9558  DIHED      =       534.9699
 1-4 NB =       172.1159  1-4 EEL =      -316.8311  VDWAALS    =      -286.0479
 EELEC  =     -1056.7063  EHBOND  =         0.0000  RESTRAINT  =         0.0000
 ------------------------------------------------------------------------------


 NSTEP =    84100   TIME(PS) =      84.100  TEMP(K) =   285.57  PRESS =     0.0
 Etot   =        42.1525  EKtot   =       543.0883  EPtot      =      -500.9358
 BOND   =       220.9566  ANGLE   =       356.4751  DIHED      =       535.7665
 1-4 NB =       171.7357  1-4 EEL =      -308.9221  VDWAALS    =      -296.9542
 EELEC  =     -1179.9934  EHBOND  =         0.0000  RESTRAINT  =         0.0000
 ------------------------------------------------------------------------------


 NSTEP =    84200   TIME(PS) =      84.200  TEMP(K) =   319.41  PRESS =     0.0
 Etot   =      -338.9449  EKtot   =       607.4351  EPtot      =      -946.3801
 BOND   =       205.4878  ANGLE   =       327.5260  DIHED      =       520.5109
 1-4 NB =       164.0689  1-4 EEL =      -327.3719  VDWAALS    =      -295.2633
 EELEC  =     -1541.3384  EHBOND  =         0.0000  RESTRAINT  =         0.0000
 ------------------------------------------------------------------------------


 NSTEP =    84300   TIME(PS) =      84.300  TEMP(K) =   305.11  PRESS =     0.0
 Etot   =        31.3437  EKtot   =       580.2456  EPtot      =      -548.9019
 BOND   =       222.0247  ANGLE   =       349.4916  DIHED      =       504.1021
 1-4 NB =       168.1901  1-4 EEL =      -326.7799  VDWAALS    =      -287.9163
 EELEC  =     -1178.0142  EHBOND  =         0.0000  RESTRAINT  =         0.0000
 ------------------------------------------------------------------------------


 NSTEP =    84400   TIME(PS) =      84.400  TEMP(K) =   303.04  PRESS =     0.0
 Etot   =      -192.9866  EKtot   =       576.2968  EPtot      =      -769.2834
 BOND   =       222.7480  ANGLE   =       350.2441  DIHED      =       517.9337
 1-4 NB =       164.3187  1-4 EEL =      -328.8759  VDWAALS    =      -296.2072
 EELEC  =     -1399.4447  EHBOND  =         0.0000  RESTRAINT  =         0.0000
 ------------------------------------------------------------------------------


 NSTEP =    84500   TIME(PS) =      84.500  TEMP(K) =   297.76  PRESS =     0.0
 Etot   =        55.7312  EKtot   =       566.2564  EPtot      =      -510.5252
 BOND   =       226.5189  ANGLE   =       359.5960  DIHED      =       518.5426
 1-4 NB =       164.3332  1-4 EEL =      -324.5732  VDWAALS    =      -302.7630
 EELEC  =     -1152.1797  EHBOND  =         0.0000  RESTRAINT  =         0.0000
 ------------------------------------------------------------------------------


 NSTEP =    84600   TIME(PS) =      84.600  TEMP(K) =   294.63  PRESS =     0.0
 Etot   =       181.1873  EKtot   =       560.3132  EPtot      =      -379.1258
 BOND   =       240.3966  ANGLE   =       352.6563  DIHED      =       513.5253
 1-4 NB =       167.6234  1-4 EEL =      -324.9880  VDWAALS    =      -298.4893
 EELEC  =     -1029.8502  EHBOND  =         0.0000  RESTRAINT  =         0.0000
 ------------------------------------------------------------------------------


 NSTEP =    84700   TIME(PS) =      84.700  TEMP(K) =   299.83  PRESS =     0.0
 Etot   =      -335.8625  EKtot   =       570.2055  EPtot      =      -906.0680
 BOND   =       235.7812  ANGLE   =       327.1870  DIHED      =       529.8091
 1-4 NB =       179.3631  1-4 EEL =      -329.1360  VDWAALS    =      -306.6385
 EELEC  =     -1542.4338  EHBOND  =         0.0000  RESTRAINT  =         0.0000
 ------------------------------------------------------------------------------


 NSTEP =    84800   TIME(PS) =      84.800  TEMP(K) =   295.88  PRESS =     0.0
 Etot   =      -292.4292  EKtot   =       562.6807  EPtot      =      -855.1099
 BOND   =       217.4537  ANGLE   =       381.7848  DIHED      =       519.3120
 1-4 NB =       168.7028  1-4 EEL =      -340.3554  VDWAALS    =      -303.8854
 EELEC  =     -1498.1224  EHBOND  =         0.0000  RESTRAINT  =         0.0000
 ------------------------------------------------------------------------------


 NSTEP =    84900   TIME(PS) =      84.900  TEMP(K) =   303.10  PRESS =     0.0
 Etot   =      -439.3323  EKtot   =       576.4094  EPtot      =     -1015.7417
 BOND   =       209.3468  ANGLE   =       356.2360  DIHED      =       524.9599
 1-4 NB =       171.6829  1-4 EEL =      -323.9698  VDWAALS    =      -300.0683
 EELEC  =     -1653.9292  EHBOND  =         0.0000  RESTRAINT  =         0.0000
 ------------------------------------------------------------------------------

| RE_POSITION Moving by  -0.476921  0.142473 -0.704563

 NSTEP =    85000   TIME(PS) =      85.000  TEMP(K) =   301.23  PRESS =     0.0
 Etot   =      -337.3530  EKtot   =       572.8630  EPtot      =      -910.2161
 BOND   =       222.7305  ANGLE   =       335.5087  DIHED      =       534.3442
 1-4 NB =       166.5266  1-4 EEL =      -343.6705  VDWAALS    =      -291.7543
 EELEC  =     -1533.9012  EHBOND  =         0.0000  RESTRAINT  =         0.0000
 ------------------------------------------------------------------------------


 NSTEP =    85100   TIME(PS) =      85.100  TEMP(K) =   318.52  PRESS =     0.0
 Etot   =      -337.1096  EKtot   =       605.7503  EPtot      =      -942.8598
 BOND   =       225.2583  ANGLE   =       314.3510  DIHED      =       521.9340
 1-4 NB =       170.2730  1-4 EEL =      -329.1127  VDWAALS    =      -294.9192
 EELEC  =     -1550.6442  EHBOND  =         0.0000  RESTRAINT  =         0.0000
 ------------------------------------------------------------------------------


 NSTEP =    85200   TIME(PS) =      85.200  TEMP(K) =   304.27  PRESS =     0.0
 Etot   =       -11.3242  EKtot   =       578.6502  EPtot      =      -589.9743
 BOND   =       230.7477  ANGLE   =       333.6069  DIHED      =       523.2480
 1-4 NB =       173.0162  1-4 EEL =      -333.2850  VDWAALS    =      -284.6737
 EELEC  =     -1232.6344  EHBOND  =         0.0000  RESTRAINT  =         0.0000
 ------------------------------------------------------------------------------


 NSTEP =    85300   TIME(PS) =      85.300  TEMP(K) =   307.26  PRESS =     0.0
 Etot   =      -212.9963  EKtot   =       584.3344  EPtot      =      -797.3308
 BOND   =       209.2400  ANGLE   =       352.4237  DIHED      =       528.7808
 1-4 NB =       177.4286  1-4 EEL =      -314.7257  VDWAALS    =      -298.5811
 EELEC  =     -1451.8971  EHBOND  =         0.0000  RESTRAINT  =         0.0000
 ------------------------------------------------------------------------------


 NSTEP =    85400   TIME(PS) =      85.400  TEMP(K) =   294.78  PRESS =     0.0
 Etot   =      -529.3564  EKtot   =       560.5930  EPtot      =     -1089.9494
 BOND   =       236.2198  ANGLE   =       339.3084  DIHED      =       521.3967
 1-4 NB =       176.7915  1-4 EEL =      -327.8761  VDWAALS    =      -284.1455
 EELEC  =     -1751.6441  EHBOND  =         0.0000  RESTRAINT  =         0.0000
 ------------------------------------------------------------------------------


 NSTEP =    85500   TIME(PS) =      85.500  TEMP(K) =   289.85  PRESS =     0.0
 Etot   =        72.8852  EKtot   =       551.2143  EPtot      =      -478.3291
 BOND   =       222.2363  ANGLE   =       377.7567  DIHED      =       512.8763
 1-4 NB =       164.1275  1-4 EEL =      -318.8852  VDWAALS    =      -302.0991
 EELEC  =     -1134.3417  EHBOND  =         0.0000  RESTRAINT  =         0.0000
 ------------------------------------------------------------------------------


 NSTEP =    85600   TIME(PS) =      85.600  TEMP(K) =   304.10  PRESS =     0.0
 Etot   =        81.7814  EKtot   =       578.3123  EPtot      =      -496.5309
 BOND   =       241.2107  ANGLE   =       320.7737  DIHED      =       504.9164
 1-4 NB =       175.9408  1-4 EEL =      -331.7379  VDWAALS    =      -282.6708
 EELEC  =     -1124.9639  EHBOND  =         0.0000  RESTRAINT  =         0.0000
 ------------------------------------------------------------------------------


 NSTEP =    85700   TIME(PS) =      85.700  TEMP(K) =   303.51  PRESS =     0.0
 Etot   =       170.0532  EKtot   =       577.2069  EPtot      =      -407.1537
 BOND   =       216.3272  ANGLE   =       331.3856  DIHED      =       513.8583
 1-4 NB =       169.9896  1-4 EEL =      -316.5664  VDWAALS    =      -280.5222
 EELEC  =     -1041.6258  EHBOND  =         0.0000  RESTRAINT  =         0.0000
 ------------------------------------------------------------------------------


 NSTEP =    85800   TIME(PS) =      85.800  TEMP(K) =   301.88  PRESS =     0.0
 Etot   =       186.9618  EKtot   =       574.1048  EPtot      =      -387.1430
 BOND   =       213.3711  ANGLE   =       362.7160  DIHED      =       507.8268
 1-4 NB =       170.6919  1-4 EEL =      -328.8482  VDWAALS    =      -296.7446
 EELEC  =     -1016.1560  EHBOND  =         0.0000  RESTRAINT  =         0.0000
 ------------------------------------------------------------------------------


 NSTEP =    85900   TIME(PS) =      85.900  TEMP(K) =   304.72  PRESS =     0.0
 Etot   =      -106.4121  EKtot   =       579.5020  EPtot      =      -685.9141
 BOND   =       216.7672  ANGLE   =       361.2230  DIHED      =       512.3592
 1-4 NB =       161.8634  1-4 EEL =      -341.7152  VDWAALS    =      -286.8186
 EELEC  =     -1309.5931  EHBOND  =         0.0000  RESTRAINT  =         0.0000
 ------------------------------------------------------------------------------

| RE_POSITION Moving by  -0.318032  0.046486 -0.051860

 NSTEP =    86000   TIME(PS) =      86.000  TEMP(K) =   315.31  PRESS =     0.0
 Etot   =      -108.9069  EKtot   =       599.6457  EPtot      =      -708.5526
 BOND   =       213.1961  ANGLE   =       350.2148  DIHED      =       512.7506
 1-4 NB =       165.5449  1-4 EEL =      -326.6478  VDWAALS    =      -294.3132
 EELEC  =     -1329.2979  EHBOND  =         0.0000  RESTRAINT  =         0.0000
 ------------------------------------------------------------------------------


 NSTEP =    86100   TIME(PS) =      86.100  TEMP(K) =   295.53  PRESS =     0.0
 Etot   =         5.1453  EKtot   =       562.0206  EPtot      =      -556.8754
 BOND   =       224.7831  ANGLE   =       325.7033  DIHED      =       532.1896
 1-4 NB =       168.1256  1-4 EEL =      -333.5548  VDWAALS    =      -297.4533
 EELEC  =     -1176.6688  EHBOND  =         0.0000  RESTRAINT  =         0.0000
 ------------------------------------------------------------------------------


 NSTEP =    86200   TIME(PS) =      86.200  TEMP(K) =   292.47  PRESS =     0.0
 Etot   =        36.8297  EKtot   =       556.2105  EPtot      =      -519.3808
 BOND   =       218.1340  ANGLE   =       352.1447  DIHED      =       508.1434
 1-4 NB =       164.7178  1-4 EEL =      -316.7869  VDWAALS    =      -288.7065
 EELEC  =     -1157.0273  EHBOND  =         0.0000  RESTRAINT  =         0.0000
 ------------------------------------------------------------------------------


 NSTEP =    86300   TIME(PS) =      86.300  TEMP(K) =   296.55  PRESS =     0.0
 Etot   =       -68.2137  EKtot   =       563.9645  EPtot      =      -632.1782
 BOND   =       212.7688  ANGLE   =       342.3480  DIHED      =       520.9779
 1-4 NB =       167.2813  1-4 EEL =      -314.0419  VDWAALS    =      -279.2428
 EELEC  =     -1282.2695  EHBOND  =         0.0000  RESTRAINT  =         0.0000
 ------------------------------------------------------------------------------


 NSTEP =    86400   TIME(PS) =      86.400  TEMP(K) =   296.36  PRESS =     0.0
 Etot   =      -256.5013  EKtot   =       563.5942  EPtot      =      -820.0955
 BOND   =       230.9659  ANGLE   =       356.9475  DIHED      =       515.3194
 1-4 NB =       165.0442  1-4 EEL =      -327.8058  VDWAALS    =      -284.5931
 EELEC  =     -1475.9735  EHBOND  =         0.0000  RESTRAINT  =         0.0000
 ------------------------------------------------------------------------------


 NSTEP =    86500   TIME(PS) =      86.500  TEMP(K) =   298.41  PRESS =     0.0
 Etot   =         3.3790  EKtot   =       567.5034  EPtot      =      -564.1244
 BOND   =       230.5753  ANGLE   =       327.6043  DIHED      =       523.9124
 1-4 NB =       171.5647  1-4 EEL =      -331.4570  VDWAALS    =      -291.5197
 EELEC  =     -1194.8043  EHBOND  =         0.0000  RESTRAINT  =         0.0000
 ------------------------------------------------------------------------------


 NSTEP =    86600   TIME(PS) =      86.600  TEMP(K) =   299.49  PRESS =     0.0
 Etot   =      -472.2952  EKtot   =       569.5499  EPtot      =     -1041.8450
 BOND   =       222.8376  ANGLE   =       331.3262  DIHED      =       531.0372
 1-4 NB =       167.8939  1-4 EEL =      -313.0548  VDWAALS    =      -284.6391
 EELEC  =     -1697.2460  EHBOND  =         0.0000  RESTRAINT  =         0.0000
 ------------------------------------------------------------------------------


 NSTEP =    86700   TIME(PS) =      86.700  TEMP(K) =   295.32  PRESS =     0.0
 Etot   =      -243.1441  EKtot   =       561.6249  EPtot      =      -804.7691
 BOND   =       228.3495  ANGLE   =       341.9307  DIHED      =       531.3608
 1-4 NB =       168.4621  1-4 EEL =      -337.5519  VDWAALS    =      -289.6155
 EELEC  =     -1447.7048  EHBOND  =         0.0000  RESTRAINT  =         0.0000
 ------------------------------------------------------------------------------


 NSTEP =    86800   TIME(PS) =      86.800  TEMP(K) =   305.35  PRESS =     0.0
 Etot   =       -73.1348  EKtot   =       580.6921  EPtot      =      -653.8269
 BOND   =       215.5359  ANGLE   =       350.1551  DIHED      =       526.7534
 1-4 NB =       180.5931  1-4 EEL =      -313.4608  VDWAALS    =      -280.2508
 EELEC  =     -1333.1528  EHBOND  =         0.0000  RESTRAINT  =         0.0000
 ------------------------------------------------------------------------------


 NSTEP =    86900   TIME(PS) =      86.900  TEMP(K) =   308.68  PRESS =     0.0
 Etot   =      -182.0672  EKtot   =       587.0351  EPtot      =      -769.1023
 BOND   =       251.8275  ANGLE   =       347.3616  DIHED      =       524.3439
 1-4 NB =       164.0876  1-4 EEL =      -321.0672  VDWAALS    =      -276.4967
 EELEC  =     -1459.1590  EHBOND  =         0.0000  RESTRAINT  =         0.0000
 ------------------------------------------------------------------------------

| RE_POSITION Moving by   0.019097  0.247339  0.052516

 NSTEP =    87000   TIME(PS) =      87.000  TEMP(K) =   313.39  PRESS =     0.0
 Etot   =      -124.0924  EKtot   =       595.9931  EPtot      =      -720.0855
 BOND   =       226.6382  ANGLE   =       348.3372  DIHED      =       520.3821
 1-4 NB =       169.8057  1-4 EEL =      -325.6917  VDWAALS    =      -280.2818
 EELEC  =     -1379.2751  EHBOND  =         0.0000  RESTRAINT  =         0.0000
 ------------------------------------------------------------------------------


 NSTEP =    87100   TIME(PS) =      87.100  TEMP(K) =   315.49  PRESS =     0.0
 Etot   =       -70.0272  EKtot   =       599.9881  EPtot      =      -670.0153
 BOND   =       226.5236  ANGLE   =       351.7446  DIHED      =       509.6615
 1-4 NB =       175.4274  1-4 EEL =      -334.3229  VDWAALS    =      -289.7662
 EELEC  =     -1309.2831  EHBOND  =         0.0000  RESTRAINT  =         0.0000
 ------------------------------------------------------------------------------


 NSTEP =    87200   TIME(PS) =      87.200  TEMP(K) =   321.35  PRESS =     0.0
 Etot   =      -206.3563  EKtot   =       611.1254  EPtot      =      -817.4818
 BOND   =       205.6647  ANGLE   =       351.3084  DIHED      =       529.2645
 1-4 NB =       158.4478  1-4 EEL =      -350.7047  VDWAALS    =      -276.7632
 EELEC  =     -1434.6991  EHBOND  =         0.0000  RESTRAINT  =         0.0000
 ------------------------------------------------------------------------------


 NSTEP =    87300   TIME(PS) =      87.300  TEMP(K) =   311.73  PRESS =     0.0
 Etot   =       -18.6158  EKtot   =       592.8395  EPtot      =      -611.4553
 BOND   =       237.0369  ANGLE   =       344.4096  DIHED      =       519.0544
 1-4 NB =       168.0811  1-4 EEL =      -344.5897  VDWAALS    =      -294.0666
 EELEC  =     -1241.3809  EHBOND  =         0.0000  RESTRAINT  =         0.0000
 ------------------------------------------------------------------------------


 NSTEP =    87400   TIME(PS) =      87.400  TEMP(K) =   304.82  PRESS =     0.0
 Etot   =        53.5637  EKtot   =       579.6803  EPtot      =      -526.1167
 BOND   =       222.7580  ANGLE   =       347.1934  DIHED      =       519.2768
 1-4 NB =       168.1899  1-4 EEL =      -334.5603  VDWAALS    =      -288.6408
 EELEC  =     -1160.3336  EHBOND  =         0.0000  RESTRAINT  =         0.0000
 ------------------------------------------------------------------------------


 NSTEP =    87500   TIME(PS) =      87.500  TEMP(K) =   324.17  PRESS =     0.0
 Etot   =      -109.5682  EKtot   =       616.4924  EPtot      =      -726.0606
 BOND   =       243.7849  ANGLE   =       315.0340  DIHED      =       533.0270
 1-4 NB =       163.6665  1-4 EEL =      -303.8768  VDWAALS    =      -288.3664
 EELEC  =     -1389.3299  EHBOND  =         0.0000  RESTRAINT  =         0.0000
 ------------------------------------------------------------------------------


 NSTEP =    87600   TIME(PS) =      87.600  TEMP(K) =   320.10  PRESS =     0.0
 Etot   =      -276.7318  EKtot   =       608.7448  EPtot      =      -885.4766
 BOND   =       218.9518  ANGLE   =       345.8630  DIHED      =       529.6650
 1-4 NB =       169.2507  1-4 EEL =      -316.9061  VDWAALS    =      -288.1392
 EELEC  =     -1544.1618  EHBOND  =         0.0000  RESTRAINT  =         0.0000
 ------------------------------------------------------------------------------


 NSTEP =    87700   TIME(PS) =      87.700  TEMP(K) =   301.69  PRESS =     0.0
 Etot   =        93.7792  EKtot   =       573.7315  EPtot      =      -479.9523
 BOND   =       216.6765  ANGLE   =       346.4167  DIHED      =       526.2629
 1-4 NB =       170.1773  1-4 EEL =      -307.8399  VDWAALS    =      -280.5945
 EELEC  =     -1151.0513  EHBOND  =         0.0000  RESTRAINT  =         0.0000
 ------------------------------------------------------------------------------


 NSTEP =    87800   TIME(PS) =      87.800  TEMP(K) =   306.17  PRESS =     0.0
 Etot   =      -145.6255  EKtot   =       582.2513  EPtot      =      -727.8768
 BOND   =       219.3730  ANGLE   =       315.6369  DIHED      =       532.1029
 1-4 NB =       177.4132  1-4 EEL =      -319.6587  VDWAALS    =      -284.4660
 EELEC  =     -1368.2779  EHBOND  =         0.0000  RESTRAINT  =         0.0000
 ------------------------------------------------------------------------------


 NSTEP =    87900   TIME(PS) =      87.900  TEMP(K) =   291.96  PRESS =     0.0
 Etot   =      -254.3856  EKtot   =       555.2263  EPtot      =      -809.6119
 BOND   =       226.5704  ANGLE   =       359.6320  DIHED      =       534.0539
 1-4 NB =       162.1476  1-4 EEL =      -335.2725  VDWAALS    =      -291.7813
 EELEC  =     -1464.9621  EHBOND  =         0.0000  RESTRAINT  =         0.0000
 ------------------------------------------------------------------------------

| RE_POSITION Moving by  -0.354800  0.487199  0.375448

 NSTEP =    88000   TIME(PS) =      88.000  TEMP(K) =   299.85  PRESS =     0.0
 Etot   =      -163.6884  EKtot   =       570.2397  EPtot      =      -733.9281
 BOND   =       239.5969  ANGLE   =       344.6745  DIHED      =       525.7440
 1-4 NB =       164.6050  1-4 EEL =      -322.5381  VDWAALS    =      -289.7535
 EELEC  =     -1396.2570  EHBOND  =         0.0000  RESTRAINT  =         0.0000
 ------------------------------------------------------------------------------


 NSTEP =    88100   TIME(PS) =      88.100  TEMP(K) =   307.99  PRESS =     0.0
 Etot   =      -301.4396  EKtot   =       585.7105  EPtot      =      -887.1500
 BOND   =       225.1702  ANGLE   =       316.6709  DIHED      =       532.5318
 1-4 NB =       176.9126  1-4 EEL =      -311.4320  VDWAALS    =      -292.0741
 EELEC  =     -1534.9295  EHBOND  =         0.0000  RESTRAINT  =         0.0000
 ------------------------------------------------------------------------------


 NSTEP =    88200   TIME(PS) =      88.200  TEMP(K) =   307.35  PRESS =     0.0
 Etot   =      -137.2410  EKtot   =       584.5037  EPtot      =      -721.7447
 BOND   =       212.4661  ANGLE   =       358.6761  DIHED      =       518.6904
 1-4 NB =       167.4485  1-4 EEL =      -327.1889  VDWAALS    =      -299.9106
 EELEC  =     -1351.9262  EHBOND  =         0.0000  RESTRAINT  =         0.0000
 ------------------------------------------------------------------------------


 NSTEP =    88300   TIME(PS) =      88.300  TEMP(K) =   303.26  PRESS =     0.0
 Etot   =       120.2507  EKtot   =       576.7306  EPtot      =      -456.4799
 BOND   =       200.3952  ANGLE   =       352.0658  DIHED      =       529.9215
 1-4 NB =       171.7978  1-4 EEL =      -312.3875  VDWAALS    =      -292.9271
 EELEC  =     -1105.3456  EHBOND  =         0.0000  RESTRAINT  =         0.0000
 ------------------------------------------------------------------------------


 NSTEP =    88400   TIME(PS) =      88.400  TEMP(K) =   304.95  PRESS =     0.0
 Etot   =       284.5026  EKtot   =       579.9444  EPtot      =      -295.4418
 BOND   =       211.7615  ANGLE   =       359.2127  DIHED      =       521.5852
 1-4 NB =       168.2754  1-4 EEL =      -327.1667  VDWAALS    =      -298.1343
 EELEC  =      -930.9755  EHBOND  =         0.0000  RESTRAINT  =         0.0000
 ------------------------------------------------------------------------------


 NSTEP =    88500   TIME(PS) =      88.500  TEMP(K) =   302.53  PRESS =     0.0
 Etot   =        18.8696  EKtot   =       575.3382  EPtot      =      -556.4686
 BOND   =       226.2486  ANGLE   =       333.9234  DIHED      =       528.6185
 1-4 NB =       174.2272  1-4 EEL =      -337.8303  VDWAALS    =      -302.4445
 EELEC  =     -1179.2115  EHBOND  =         0.0000  RESTRAINT  =         0.0000
 ------------------------------------------------------------------------------


 NSTEP =    88600   TIME(PS) =      88.600  TEMP(K) =   296.38  PRESS =     0.0
 Etot   =        -6.6608  EKtot   =       563.6372  EPtot      =      -570.2981
 BOND   =       232.5292  ANGLE   =       328.5234  DIHED      =       525.7559
 1-4 NB =       166.3669  1-4 EEL =      -326.9667  VDWAALS    =      -307.6292
 EELEC  =     -1188.8776  EHBOND  =         0.0000  RESTRAINT  =         0.0000
 ------------------------------------------------------------------------------


 NSTEP =    88700   TIME(PS) =      88.700  TEMP(K) =   295.86  PRESS =     0.0
 Etot   =       208.6143  EKtot   =       562.6524  EPtot      =      -354.0382
 BOND   =       225.3028  ANGLE   =       312.7655  DIHED      =       528.7273
 1-4 NB =       166.5022  1-4 EEL =      -317.7616  VDWAALS    =      -299.0352
 EELEC  =      -970.5391  EHBOND  =         0.0000  RESTRAINT  =         0.0000
 ------------------------------------------------------------------------------


 NSTEP =    88800   TIME(PS) =      88.800  TEMP(K) =   290.71  PRESS =     0.0
 Etot   =       676.3100  EKtot   =       552.8621  EPtot      =       123.4480
 BOND   =       225.0958  ANGLE   =       334.5430  DIHED      =       521.3774
 1-4 NB =       164.8847  1-4 EEL =      -320.0448  VDWAALS    =      -289.2376
 EELEC  =      -513.1707  EHBOND  =         0.0000  RESTRAINT  =         0.0000
 ------------------------------------------------------------------------------


 NSTEP =    88900   TIME(PS) =      88.900  TEMP(K) =   295.84  PRESS =     0.0
 Etot   =        99.4439  EKtot   =       562.6106  EPtot      =      -463.1668
 BOND   =       222.4783  ANGLE   =       341.2588  DIHED      =       509.2720
 1-4 NB =       171.2292  1-4 EEL =      -325.2978  VDWAALS    =      -297.9383
 EELEC  =     -1084.1690  EHBOND  =         0.0000  RESTRAINT  =         0.0000
 ------------------------------------------------------------------------------

| RE_POSITION Moving by   0.045110  0.352615  0.213945

 NSTEP =    89000   TIME(PS) =      89.000  TEMP(K) =   296.99  PRESS =     0.0
 Etot   =      -135.4676  EKtot   =       564.7902  EPtot      =      -700.2578
 BOND   =       221.1666  ANGLE   =       348.0604  DIHED      =       503.3118
 1-4 NB =       161.3467  1-4 EEL =      -328.5881  VDWAALS    =      -292.2960
 EELEC  =     -1313.2593  EHBOND  =         0.0000  RESTRAINT  =         0.0000
 ------------------------------------------------------------------------------


 NSTEP =    89100   TIME(PS) =      89.100  TEMP(K) =   296.95  PRESS =     0.0
 Etot   =       150.5715  EKtot   =       564.7159  EPtot      =      -414.1444
 BOND   =       217.9553  ANGLE   =       317.3104  DIHED      =       522.4036
 1-4 NB =       172.3988  1-4 EEL =      -327.8843  VDWAALS    =      -280.3824
 EELEC  =     -1035.9458  EHBOND  =         0.0000  RESTRAINT  =         0.0000
 ------------------------------------------------------------------------------


 NSTEP =    89200   TIME(PS) =      89.200  TEMP(K) =   294.49  PRESS =     0.0
 Etot   =      -202.3528  EKtot   =       560.0480  EPtot      =      -762.4009
 BOND   =       221.6668  ANGLE   =       313.1968  DIHED      =       530.9439
 1-4 NB =       166.9459  1-4 EEL =      -319.7825  VDWAALS    =      -289.1371
 EELEC  =     -1386.2347  EHBOND  =         0.0000  RESTRAINT  =         0.0000
 ------------------------------------------------------------------------------


 NSTEP =    89300   TIME(PS) =      89.300  TEMP(K) =   299.32  PRESS =     0.0
 Etot   =      -164.2196  EKtot   =       569.2327  EPtot      =      -733.4523
 BOND   =       210.6086  ANGLE   =       342.1211  DIHED      =       522.4338
 1-4 NB =       166.6012  1-4 EEL =      -339.0401  VDWAALS    =      -287.5658
 EELEC  =     -1348.6112  EHBOND  =         0.0000  RESTRAINT  =         0.0000
 ------------------------------------------------------------------------------


 NSTEP =    89400   TIME(PS) =      89.400  TEMP(K) =   292.81  PRESS =     0.0
 Etot   =       -39.7826  EKtot   =       556.8496  EPtot      =      -596.6321
 BOND   =       227.0146  ANGLE   =       345.8077  DIHED      =       515.7932
 1-4 NB =       166.5806  1-4 EEL =      -350.5656  VDWAALS    =      -290.4619
 EELEC  =     -1210.8007  EHBOND  =         0.0000  RESTRAINT  =         0.0000
 ------------------------------------------------------------------------------


 NSTEP =    89500   TIME(PS) =      89.500  TEMP(K) =   283.37  PRESS =     0.0
 Etot   =       239.9380  EKtot   =       538.8995  EPtot      =      -298.9615
 BOND   =       227.8260  ANGLE   =       358.2978  DIHED      =       524.3282
 1-4 NB =       178.4727  1-4 EEL =      -358.2175  VDWAALS    =      -284.6912
 EELEC  =      -944.9775  EHBOND  =         0.0000  RESTRAINT  =         0.0000
 ------------------------------------------------------------------------------


 NSTEP =    89600   TIME(PS) =      89.600  TEMP(K) =   281.04  PRESS =     0.0
 Etot   =        48.5850  EKtot   =       534.4670  EPtot      =      -485.8820
 BOND   =       230.2094  ANGLE   =       342.5112  DIHED      =       523.9136
 1-4 NB =       171.2553  1-4 EEL =      -341.6961  VDWAALS    =      -293.8553
 EELEC  =     -1118.2202  EHBOND  =         0.0000  RESTRAINT  =         0.0000
 ------------------------------------------------------------------------------


 NSTEP =    89700   TIME(PS) =      89.700  TEMP(K) =   298.89  PRESS =     0.0
 Etot   =       188.8969  EKtot   =       568.4061  EPtot      =      -379.5093
 BOND   =       239.4544  ANGLE   =       304.5986  DIHED      =       515.6400
 1-4 NB =       170.8859  1-4 EEL =      -321.6356  VDWAALS    =      -298.4605
 EELEC  =      -989.9921  EHBOND  =         0.0000  RESTRAINT  =         0.0000
 ------------------------------------------------------------------------------


 NSTEP =    89800   TIME(PS) =      89.800  TEMP(K) =   295.54  PRESS =     0.0
 Etot   =       153.1631  EKtot   =       562.0337  EPtot      =      -408.8706
 BOND   =       226.1254  ANGLE   =       322.3417  DIHED      =       531.7457
 1-4 NB =       165.4253  1-4 EEL =      -351.4812  VDWAALS    =      -286.4039
 EELEC  =     -1016.6235  EHBOND  =         0.0000  RESTRAINT  =         0.0000
 ------------------------------------------------------------------------------


 NSTEP =    89900   TIME(PS) =      89.900  TEMP(K) =   291.57  PRESS =     0.0
 Etot   =       -24.3814  EKtot   =       554.4874  EPtot      =      -578.8688
 BOND   =       233.6860  ANGLE   =       343.0198  DIHED      =       526.2951
 1-4 NB =       168.5851  1-4 EEL =      -347.6675  VDWAALS    =      -291.0790
 EELEC  =     -1211.7083  EHBOND  =         0.0000  RESTRAINT  =         0.0000
 ------------------------------------------------------------------------------

| RE_POSITION Moving by   0.146801 -0.712686 -0.280110

 NSTEP =    90000   TIME(PS) =      90.000  TEMP(K) =   289.48  PRESS =     0.0
 Etot   =       242.7894  EKtot   =       550.5255  EPtot      =      -307.7362
 BOND   =       241.0090  ANGLE   =       352.3298  DIHED      =       523.7666
 1-4 NB =       168.4389  1-4 EEL =      -349.3661  VDWAALS    =      -301.5837
 EELEC  =      -942.3307  EHBOND  =         0.0000  RESTRAINT  =         0.0000
 ------------------------------------------------------------------------------


 NSTEP =    90100   TIME(PS) =      90.100  TEMP(K) =   295.06  PRESS =     0.0
 Etot   =         4.3880  EKtot   =       561.1279  EPtot      =      -556.7399
 BOND   =       234.5317  ANGLE   =       316.4427  DIHED      =       521.2656
 1-4 NB =       165.6229  1-4 EEL =      -330.1706  VDWAALS    =      -291.9583
 EELEC  =     -1172.4739  EHBOND  =         0.0000  RESTRAINT  =         0.0000
 ------------------------------------------------------------------------------


 NSTEP =    90200   TIME(PS) =      90.200  TEMP(K) =   292.50  PRESS =     0.0
 Etot   =        19.4793  EKtot   =       556.2626  EPtot      =      -536.7833
 BOND   =       243.8833  ANGLE   =       325.3073  DIHED      =       515.2053
 1-4 NB =       169.1257  1-4 EEL =      -351.5469  VDWAALS    =      -295.1762
 EELEC  =     -1143.5817  EHBOND  =         0.0000  RESTRAINT  =         0.0000
 ------------------------------------------------------------------------------


 NSTEP =    90300   TIME(PS) =      90.300  TEMP(K) =   295.04  PRESS =     0.0
 Etot   =       238.6056  EKtot   =       561.0849  EPtot      =      -322.4793
 BOND   =       231.8918  ANGLE   =       331.3104  DIHED      =       516.4056
 1-4 NB =       170.0665  1-4 EEL =      -333.4529  VDWAALS    =      -290.3937
 EELEC  =      -948.3069  EHBOND  =         0.0000  RESTRAINT  =         0.0000
 ------------------------------------------------------------------------------


 NSTEP =    90400   TIME(PS) =      90.400  TEMP(K) =   305.77  PRESS =     0.0
 Etot   =        77.1762  EKtot   =       581.4886  EPtot      =      -504.3124
 BOND   =       239.4921  ANGLE   =       321.9448  DIHED      =       513.5441
 1-4 NB =       163.7546  1-4 EEL =      -336.8044  VDWAALS    =      -292.9747
 EELEC  =     -1113.2688  EHBOND  =         0.0000  RESTRAINT  =         0.0000
 ------------------------------------------------------------------------------


 NSTEP =    90500   TIME(PS) =      90.500  TEMP(K) =   286.06  PRESS =     0.0
 Etot   =      -172.5510  EKtot   =       544.0064  EPtot      =      -716.5574
 BOND   =       236.7695  ANGLE   =       339.4310  DIHED      =       508.0943
 1-4 NB =       165.2932  1-4 EEL =      -334.8376  VDWAALS    =      -298.9380
 EELEC  =     -1332.3698  EHBOND  =         0.0000  RESTRAINT  =         0.0000
 ------------------------------------------------------------------------------


 NSTEP =    90600   TIME(PS) =      90.600  TEMP(K) =   301.35  PRESS =     0.0
 Etot   =       166.1178  EKtot   =       573.0918  EPtot      =      -406.9740
 BOND   =       232.9633  ANGLE   =       313.0744  DIHED      =       524.0205
 1-4 NB =       169.7359  1-4 EEL =      -318.5904  VDWAALS    =      -296.9382
 EELEC  =     -1031.2397  EHBOND  =         0.0000  RESTRAINT  =         0.0000
 ------------------------------------------------------------------------------


 NSTEP =    90700   TIME(PS) =      90.700  TEMP(K) =   291.42  PRESS =     0.0
 Etot   =        75.4869  EKtot   =       554.2026  EPtot      =      -478.7157
 BOND   =       234.2219  ANGLE   =       344.4931  DIHED      =       526.7830
 1-4 NB =       160.7066  1-4 EEL =      -355.9707  VDWAALS    =      -290.0170
 EELEC  =     -1098.9325  EHBOND  =         0.0000  RESTRAINT  =         0.0000
 ------------------------------------------------------------------------------


 NSTEP =    90800   TIME(PS) =      90.800  TEMP(K) =   299.96  PRESS =     0.0
 Etot   =       361.2348  EKtot   =       570.4430  EPtot      =      -209.2083
 BOND   =       236.3923  ANGLE   =       323.3940  DIHED      =       519.2444
 1-4 NB =       167.5155  1-4 EEL =      -323.2832  VDWAALS    =      -279.9639
 EELEC  =      -852.5075  EHBOND  =         0.0000  RESTRAINT  =         0.0000
 ------------------------------------------------------------------------------


 NSTEP =    90900   TIME(PS) =      90.900  TEMP(K) =   301.85  PRESS =     0.0
 Etot   =       211.3879  EKtot   =       574.0361  EPtot      =      -362.6482
 BOND   =       208.8762  ANGLE   =       353.8670  DIHED      =       518.6615
 1-4 NB =       163.9156  1-4 EEL =      -340.6468  VDWAALS    =      -285.3283
 EELEC  =      -981.9933  EHBOND  =         0.0000  RESTRAINT  =         0.0000
 ------------------------------------------------------------------------------

| RE_POSITION Moving by   0.711294 -0.016256  0.080940

 NSTEP =    91000   TIME(PS) =      91.000  TEMP(K) =   291.18  PRESS =     0.0
 Etot   =         6.7925  EKtot   =       553.7564  EPtot      =      -546.9639
 BOND   =       243.7183  ANGLE   =       341.4307  DIHED      =       516.9390
 1-4 NB =       160.2014  1-4 EEL =      -333.9848  VDWAALS    =      -279.7594
 EELEC  =     -1195.5092  EHBOND  =         0.0000  RESTRAINT  =         0.0000
 ------------------------------------------------------------------------------


 NSTEP =    91100   TIME(PS) =      91.100  TEMP(K) =   297.68  PRESS =     0.0
 Etot   =       330.1775  EKtot   =       566.1202  EPtot      =      -235.9427
 BOND   =       227.4468  ANGLE   =       331.8781  DIHED      =       530.2264
 1-4 NB =       170.7993  1-4 EEL =      -338.6114  VDWAALS    =      -290.4555
 EELEC  =      -867.2265  EHBOND  =         0.0000  RESTRAINT  =         0.0000
 ------------------------------------------------------------------------------


 NSTEP =    91200   TIME(PS) =      91.200  TEMP(K) =   292.86  PRESS =     0.0
 Etot   =       396.1771  EKtot   =       556.9527  EPtot      =      -160.7757
 BOND   =       212.3210  ANGLE   =       350.3552  DIHED      =       532.7449
 1-4 NB =       169.4324  1-4 EEL =      -321.9741  VDWAALS    =      -288.8252
 EELEC  =      -814.8299  EHBOND  =         0.0000  RESTRAINT  =         0.0000
 ------------------------------------------------------------------------------


 NSTEP =    91300   TIME(PS) =      91.300  TEMP(K) =   295.16  PRESS =     0.0
 Etot   =       122.0596  EKtot   =       561.3104  EPtot      =      -439.2508
 BOND   =       219.9518  ANGLE   =       332.9942  DIHED      =       527.5274
 1-4 NB =       163.5954  1-4 EEL =      -332.7890  VDWAALS    =      -285.5016
 EELEC  =     -1065.0290  EHBOND  =         0.0000  RESTRAINT  =         0.0000
 ------------------------------------------------------------------------------


 NSTEP =    91400   TIME(PS) =      91.400  TEMP(K) =   291.81  PRESS =     0.0
 Etot   =       285.0227  EKtot   =       554.9446  EPtot      =      -269.9218
 BOND   =       228.2033  ANGLE   =       344.7409  DIHED      =       520.0299
 1-4 NB =       160.0255  1-4 EEL =      -342.7899  VDWAALS    =      -291.2056
 EELEC  =      -888.9260  EHBOND  =         0.0000  RESTRAINT  =         0.0000
 ------------------------------------------------------------------------------


 NSTEP =    91500   TIME(PS) =      91.500  TEMP(K) =   286.03  PRESS =     0.0
 Etot   =       -28.3494  EKtot   =       543.9563  EPtot      =      -572.3057
 BOND   =       228.3606  ANGLE   =       358.4537  DIHED      =       518.5324
 1-4 NB =       174.0268  1-4 EEL =      -345.3059  VDWAALS    =      -287.4816
 EELEC  =     -1218.8916  EHBOND  =         0.0000  RESTRAINT  =         0.0000
 ------------------------------------------------------------------------------


 NSTEP =    91600   TIME(PS) =      91.600  TEMP(K) =   285.28  PRESS =     0.0
 Etot   =       295.9359  EKtot   =       542.5299  EPtot      =      -246.5940
 BOND   =       223.8831  ANGLE   =       351.8055  DIHED      =       512.8679
 1-4 NB =       164.7617  1-4 EEL =      -312.3018  VDWAALS    =      -293.1758
 EELEC  =      -894.4345  EHBOND  =         0.0000  RESTRAINT  =         0.0000
 ------------------------------------------------------------------------------


 NSTEP =    91700   TIME(PS) =      91.700  TEMP(K) =   284.41  PRESS =     0.0
 Etot   =       190.7451  EKtot   =       540.8805  EPtot      =      -350.1354
 BOND   =       213.3516  ANGLE   =       359.2935  DIHED      =       508.9622
 1-4 NB =       169.3219  1-4 EEL =      -314.1074  VDWAALS    =      -291.6167
 EELEC  =      -995.3406  EHBOND  =         0.0000  RESTRAINT  =         0.0000
 ------------------------------------------------------------------------------


 NSTEP =    91800   TIME(PS) =      91.800  TEMP(K) =   304.81  PRESS =     0.0
 Etot   =       196.3661  EKtot   =       579.6644  EPtot      =      -383.2983
 BOND   =       220.1738  ANGLE   =       339.7733  DIHED      =       503.9975
 1-4 NB =       156.4968  1-4 EEL =      -345.1419  VDWAALS    =      -293.7697
 EELEC  =      -964.8281  EHBOND  =         0.0000  RESTRAINT  =         0.0000
 ------------------------------------------------------------------------------


 NSTEP =    91900   TIME(PS) =      91.900  TEMP(K) =   297.61  PRESS =     0.0
 Etot   =       160.2554  EKtot   =       565.9701  EPtot      =      -405.7147
 BOND   =       231.5330  ANGLE   =       346.6473  DIHED      =       512.0639
 1-4 NB =       170.0141  1-4 EEL =      -342.3951  VDWAALS    =      -300.7926
 EELEC  =     -1022.7854  EHBOND  =         0.0000  RESTRAINT  =         0.0000
 ------------------------------------------------------------------------------

| RE_POSITION Moving by   0.159783 -0.505738  0.516521

 NSTEP =    92000   TIME(PS) =      92.000  TEMP(K) =   286.58  PRESS =     0.0
 Etot   =       359.2169  EKtot   =       544.9930  EPtot      =      -185.7760
 BOND   =       220.2221  ANGLE   =       354.8220  DIHED      =       508.2899
 1-4 NB =       165.1229  1-4 EEL =      -323.6399  VDWAALS    =      -293.3113
 EELEC  =      -817.2818  EHBOND  =         0.0000  RESTRAINT  =         0.0000
 ------------------------------------------------------------------------------


 NSTEP =    92100   TIME(PS) =      92.100  TEMP(K) =   304.47  PRESS =     0.0
 Etot   =       152.7208  EKtot   =       579.0260  EPtot      =      -426.3052
 BOND   =       213.5593  ANGLE   =       366.5295  DIHED      =       513.7016
 1-4 NB =       163.2456  1-4 EEL =      -342.8939  VDWAALS    =      -297.9475
 EELEC  =     -1042.4997  EHBOND  =         0.0000  RESTRAINT  =         0.0000
 ------------------------------------------------------------------------------


 NSTEP =    92200   TIME(PS) =      92.200  TEMP(K) =   281.40  PRESS =     0.0
 Etot   =       243.7307  EKtot   =       535.1486  EPtot      =      -291.4179
 BOND   =       246.4507  ANGLE   =       350.2828  DIHED      =       521.7310
 1-4 NB =       167.9672  1-4 EEL =      -349.9395  VDWAALS    =      -299.7049
 EELEC  =      -928.2052  EHBOND  =         0.0000  RESTRAINT  =         0.0000
 ------------------------------------------------------------------------------


 NSTEP =    92300   TIME(PS) =      92.300  TEMP(K) =   295.98  PRESS =     0.0
 Etot   =       281.3662  EKtot   =       562.8720  EPtot      =      -281.5058
 BOND   =       227.7014  ANGLE   =       347.6366  DIHED      =       506.5990
 1-4 NB =       169.7768  1-4 EEL =      -344.1212  VDWAALS    =      -296.0697
 EELEC  =      -893.0287  EHBOND  =         0.0000  RESTRAINT  =         0.0000
 ------------------------------------------------------------------------------


 NSTEP =    92400   TIME(PS) =      92.400  TEMP(K) =   296.76  PRESS =     0.0
 Etot   =       170.1652  EKtot   =       564.3604  EPtot      =      -394.1952
 BOND   =       221.5485  ANGLE   =       317.9114  DIHED      =       515.5902
 1-4 NB =       167.4908  1-4 EEL =      -308.4292  VDWAALS    =      -296.8151
 EELEC  =     -1011.4920  EHBOND  =         0.0000  RESTRAINT  =         0.0000
 ------------------------------------------------------------------------------


 NSTEP =    92500   TIME(PS) =      92.500  TEMP(K) =   285.45  PRESS =     0.0
 Etot   =       155.2764  EKtot   =       542.8496  EPtot      =      -387.5732
 BOND   =       224.8614  ANGLE   =       328.1400  DIHED      =       518.6486
 1-4 NB =       167.3859  1-4 EEL =      -326.4741  VDWAALS    =      -301.2659
 EELEC  =      -998.8691  EHBOND  =         0.0000  RESTRAINT  =         0.0000
 ------------------------------------------------------------------------------


 NSTEP =    92600   TIME(PS) =      92.600  TEMP(K) =   292.25  PRESS =     0.0
 Etot   =        52.0639  EKtot   =       555.7880  EPtot      =      -503.7241
 BOND   =       238.7280  ANGLE   =       331.6938  DIHED      =       506.2920
 1-4 NB =       164.1612  1-4 EEL =      -330.7599  VDWAALS    =      -293.9645
 EELEC  =     -1119.8746  EHBOND  =         0.0000  RESTRAINT  =         0.0000
 ------------------------------------------------------------------------------


 NSTEP =    92700   TIME(PS) =      92.700  TEMP(K) =   283.41  PRESS =     0.0
 Etot   =       269.3352  EKtot   =       538.9732  EPtot      =      -269.6381
 BOND   =       216.3329  ANGLE   =       354.5705  DIHED      =       520.1465
 1-4 NB =       164.4895  1-4 EEL =      -324.7718  VDWAALS    =      -288.8898
 EELEC  =      -911.5158  EHBOND  =         0.0000  RESTRAINT  =         0.0000
 ------------------------------------------------------------------------------


 NSTEP =    92800   TIME(PS) =      92.800  TEMP(K) =   288.25  PRESS =     0.0
 Etot   =       -40.5907  EKtot   =       548.1821  EPtot      =      -588.7728
 BOND   =       229.4738  ANGLE   =       317.6998  DIHED      =       520.0407
 1-4 NB =       168.6145  1-4 EEL =      -342.6668  VDWAALS    =      -297.3209
 EELEC  =     -1184.6139  EHBOND  =         0.0000  RESTRAINT  =         0.0000
 ------------------------------------------------------------------------------


 NSTEP =    92900   TIME(PS) =      92.900  TEMP(K) =   297.40  PRESS =     0.0
 Etot   =        -2.7425  EKtot   =       565.5693  EPtot      =      -568.3118
 BOND   =       210.6229  ANGLE   =       328.0390  DIHED      =       528.7676
 1-4 NB =       166.3024  1-4 EEL =      -320.8057  VDWAALS    =      -300.8350
 EELEC  =     -1180.4031  EHBOND  =         0.0000  RESTRAINT  =         0.0000
 ------------------------------------------------------------------------------

| RE_POSITION Moving by  -0.245659  0.219819  0.215588

 NSTEP =    93000   TIME(PS) =      93.000  TEMP(K) =   295.85  PRESS =     0.0
 Etot   =        86.5176  EKtot   =       562.6253  EPtot      =      -476.1077
 BOND   =       251.3631  ANGLE   =       322.2968  DIHED      =       510.7844
 1-4 NB =       167.1568  1-4 EEL =      -335.0093  VDWAALS    =      -284.5490
 EELEC  =     -1108.1506  EHBOND  =         0.0000  RESTRAINT  =         0.0000
 ------------------------------------------------------------------------------


 NSTEP =    93100   TIME(PS) =      93.100  TEMP(K) =   283.84  PRESS =     0.0
 Etot   =       182.3388  EKtot   =       539.7983  EPtot      =      -357.4595
 BOND   =       227.6024  ANGLE   =       340.2940  DIHED      =       514.5973
 1-4 NB =       168.3547  1-4 EEL =      -315.2125  VDWAALS    =      -297.0910
 EELEC  =      -996.0044  EHBOND  =         0.0000  RESTRAINT  =         0.0000
 ------------------------------------------------------------------------------


 NSTEP =    93200   TIME(PS) =      93.200  TEMP(K) =   301.21  PRESS =     0.0
 Etot   =        34.9620  EKtot   =       572.8251  EPtot      =      -537.8631
 BOND   =       215.6287  ANGLE   =       341.3554  DIHED      =       504.6962
 1-4 NB =       165.8561  1-4 EEL =      -328.5156  VDWAALS    =      -285.8813
 EELEC  =     -1151.0027  EHBOND  =         0.0000  RESTRAINT  =         0.0000
 ------------------------------------------------------------------------------


 NSTEP =    93300   TIME(PS) =      93.300  TEMP(K) =   305.39  PRESS =     0.0
 Etot   =       240.4959  EKtot   =       580.7681  EPtot      =      -340.2722
 BOND   =       216.2858  ANGLE   =       330.6776  DIHED      =       501.8634
 1-4 NB =       172.4697  1-4 EEL =      -309.4384  VDWAALS    =      -285.5224
 EELEC  =      -966.6079  EHBOND  =         0.0000  RESTRAINT  =         0.0000
 ------------------------------------------------------------------------------


 NSTEP =    93400   TIME(PS) =      93.400  TEMP(K) =   305.88  PRESS =     0.0
 Etot   =       151.0828  EKtot   =       581.7110  EPtot      =      -430.6282
 BOND   =       209.9557  ANGLE   =       352.6014  DIHED      =       517.8937
 1-4 NB =       168.3978  1-4 EEL =      -350.1089  VDWAALS    =      -295.8945
 EELEC  =     -1033.4735  EHBOND  =         0.0000  RESTRAINT  =         0.0000
 ------------------------------------------------------------------------------


 NSTEP =    93500   TIME(PS) =      93.500  TEMP(K) =   289.96  PRESS =     0.0
 Etot   =       191.0522  EKtot   =       551.4208  EPtot      =      -360.3686
 BOND   =       245.0184  ANGLE   =       312.9559  DIHED      =       521.0472
 1-4 NB =       164.9110  1-4 EEL =      -337.4424  VDWAALS    =      -296.4148
 EELEC  =      -970.4440  EHBOND  =         0.0000  RESTRAINT  =         0.0000
 ------------------------------------------------------------------------------


 NSTEP =    93600   TIME(PS) =      93.600  TEMP(K) =   291.43  PRESS =     0.0
 Etot   =      -232.3835  EKtot   =       554.2260  EPtot      =      -786.6095
 BOND   =       215.8988  ANGLE   =       336.6845  DIHED      =       517.9401
 1-4 NB =       169.2456  1-4 EEL =      -337.7474  VDWAALS    =      -285.1291
 EELEC  =     -1403.5020  EHBOND  =         0.0000  RESTRAINT  =         0.0000
 ------------------------------------------------------------------------------


 NSTEP =    93700   TIME(PS) =      93.700  TEMP(K) =   290.13  PRESS =     0.0
 Etot   =      -105.4479  EKtot   =       551.7505  EPtot      =      -657.1984
 BOND   =       223.2492  ANGLE   =       333.1511  DIHED      =       515.5747
 1-4 NB =       169.5199  1-4 EEL =      -326.7488  VDWAALS    =      -285.7492
 EELEC  =     -1286.1954  EHBOND  =         0.0000  RESTRAINT  =         0.0000
 ------------------------------------------------------------------------------


 NSTEP =    93800   TIME(PS) =      93.800  TEMP(K) =   310.91  PRESS =     0.0
 Etot   =      -189.3442  EKtot   =       591.2715  EPtot      =      -780.6157
 BOND   =       205.5005  ANGLE   =       305.6162  DIHED      =       515.6697
 1-4 NB =       168.4808  1-4 EEL =      -321.9116  VDWAALS    =      -290.4505
 EELEC  =     -1363.5207  EHBOND  =         0.0000  RESTRAINT  =         0.0000
 ------------------------------------------------------------------------------


 NSTEP =    93900   TIME(PS) =      93.900  TEMP(K) =   278.70  PRESS =     0.0
 Etot   =         1.0788  EKtot   =       530.0087  EPtot      =      -528.9299
 BOND   =       247.0195  ANGLE   =       345.9942  DIHED      =       524.2020
 1-4 NB =       168.0774  1-4 EEL =      -333.6721  VDWAALS    =      -299.6993
 EELEC  =     -1180.8516  EHBOND  =         0.0000  RESTRAINT  =         0.0000
 ------------------------------------------------------------------------------

| RE_POSITION Moving by   0.377695 -0.141885 -0.280647

 NSTEP =    94000   TIME(PS) =      94.000  TEMP(K) =   299.83  PRESS =     0.0
 Etot   =       -23.0873  EKtot   =       570.1903  EPtot      =      -593.2776
 BOND   =       244.6367  ANGLE   =       336.0308  DIHED      =       506.8320
 1-4 NB =       166.5102  1-4 EEL =      -325.7717  VDWAALS    =      -291.3835
 EELEC  =     -1230.1321  EHBOND  =         0.0000  RESTRAINT  =         0.0000
 ------------------------------------------------------------------------------


 NSTEP =    94100   TIME(PS) =      94.100  TEMP(K) =   287.84  PRESS =     0.0
 Etot   =      -249.9725  EKtot   =       547.3939  EPtot      =      -797.3664
 BOND   =       225.5798  ANGLE   =       343.0883  DIHED      =       517.1809
 1-4 NB =       166.7583  1-4 EEL =      -330.7717  VDWAALS    =      -292.6875
 EELEC  =     -1426.5145  EHBOND  =         0.0000  RESTRAINT  =         0.0000
 ------------------------------------------------------------------------------


 NSTEP =    94200   TIME(PS) =      94.200  TEMP(K) =   285.39  PRESS =     0.0
 Etot   =      -420.0181  EKtot   =       542.7288  EPtot      =      -962.7469
 BOND   =       232.1313  ANGLE   =       352.0245  DIHED      =       508.3298
 1-4 NB =       167.7978  1-4 EEL =      -337.4021  VDWAALS    =      -271.5044
 EELEC  =     -1614.1238  EHBOND  =         0.0000  RESTRAINT  =         0.0000
 ------------------------------------------------------------------------------


 NSTEP =    94300   TIME(PS) =      94.300  TEMP(K) =   302.76  PRESS =     0.0
 Etot   =       -13.9171  EKtot   =       575.7645  EPtot      =      -589.6816
 BOND   =       221.8489  ANGLE   =       329.1036  DIHED      =       510.3886
 1-4 NB =       165.2967  1-4 EEL =      -312.3961  VDWAALS    =      -281.4263
 EELEC  =     -1222.4969  EHBOND  =         0.0000  RESTRAINT  =         0.0000
 ------------------------------------------------------------------------------


 NSTEP =    94400   TIME(PS) =      94.400  TEMP(K) =   294.55  PRESS =     0.0
 Etot   =        83.9014  EKtot   =       560.1631  EPtot      =      -476.2617
 BOND   =       253.1083  ANGLE   =       319.2707  DIHED      =       519.4134
 1-4 NB =       164.1695  1-4 EEL =      -341.6021  VDWAALS    =      -285.1843
 EELEC  =     -1105.4373  EHBOND  =         0.0000  RESTRAINT  =         0.0000
 ------------------------------------------------------------------------------


 NSTEP =    94500   TIME(PS) =      94.500  TEMP(K) =   305.53  PRESS =     0.0
 Etot   =       308.6823  EKtot   =       581.0307  EPtot      =      -272.3484
 BOND   =       232.9973  ANGLE   =       324.8271  DIHED      =       523.6872
 1-4 NB =       170.4726  1-4 EEL =      -317.5445  VDWAALS    =      -285.8209
 EELEC  =      -920.9672  EHBOND  =         0.0000  RESTRAINT  =         0.0000
 ------------------------------------------------------------------------------


 NSTEP =    94600   TIME(PS) =      94.600  TEMP(K) =   297.50  PRESS =     0.0
 Etot   =       -95.8711  EKtot   =       565.7712  EPtot      =      -661.6423
 BOND   =       233.8082  ANGLE   =       359.8082  DIHED      =       509.8733
 1-4 NB =       168.1686  1-4 EEL =      -327.7782  VDWAALS    =      -289.8159
 EELEC  =     -1315.7065  EHBOND  =         0.0000  RESTRAINT  =         0.0000
 ------------------------------------------------------------------------------


 NSTEP =    94700   TIME(PS) =      94.700  TEMP(K) =   301.80  PRESS =     0.0
 Etot   =      -170.7087  EKtot   =       573.9376  EPtot      =      -744.6463
 BOND   =       243.9384  ANGLE   =       322.1925  DIHED      =       535.2432
 1-4 NB =       166.5214  1-4 EEL =      -316.5105  VDWAALS    =      -296.5800
 EELEC  =     -1399.4514  EHBOND  =         0.0000  RESTRAINT  =         0.0000
 ------------------------------------------------------------------------------


 NSTEP =    94800   TIME(PS) =      94.800  TEMP(K) =   319.33  PRESS =     0.0
 Etot   =       371.8098  EKtot   =       607.2924  EPtot      =      -235.4826
 BOND   =       231.9537  ANGLE   =       315.7736  DIHED      =       532.4629
 1-4 NB =       171.1154  1-4 EEL =      -344.9784  VDWAALS    =      -298.8188
 EELEC  =      -842.9911  EHBOND  =         0.0000  RESTRAINT  =         0.0000
 ------------------------------------------------------------------------------


 NSTEP =    94900   TIME(PS) =      94.900  TEMP(K) =   296.11  PRESS =     0.0
 Etot   =       215.4562  EKtot   =       563.1338  EPtot      =      -347.6776
 BOND   =       233.9940  ANGLE   =       325.4207  DIHED      =       541.6428
 1-4 NB =       177.3131  1-4 EEL =      -315.9064  VDWAALS    =      -299.4808
 EELEC  =     -1010.6611  EHBOND  =         0.0000  RESTRAINT  =         0.0000
 ------------------------------------------------------------------------------

| RE_POSITION Moving by  -0.194686  0.084218 -0.209348

 NSTEP =    95000   TIME(PS) =      95.000  TEMP(K) =   317.47  PRESS =     0.0
 Etot   =       388.8959  EKtot   =       603.7428  EPtot      =      -214.8470
 BOND   =       219.5781  ANGLE   =       323.4143  DIHED      =       530.7887
 1-4 NB =       170.6087  1-4 EEL =      -334.8183  VDWAALS    =      -296.9632
 EELEC  =      -827.4553  EHBOND  =         0.0000  RESTRAINT  =         0.0000
 ------------------------------------------------------------------------------


 NSTEP =    95100   TIME(PS) =      95.100  TEMP(K) =   315.52  PRESS =     0.0
 Etot   =      -180.1679  EKtot   =       600.0427  EPtot      =      -780.2106
 BOND   =       217.9337  ANGLE   =       346.6819  DIHED      =       514.6870
 1-4 NB =       170.0054  1-4 EEL =      -336.4474  VDWAALS    =      -291.2483
 EELEC  =     -1401.8229  EHBOND  =         0.0000  RESTRAINT  =         0.0000
 ------------------------------------------------------------------------------


 NSTEP =    95200   TIME(PS) =      95.200  TEMP(K) =   323.98  PRESS =     0.0
 Etot   =       -79.3900  EKtot   =       616.1290  EPtot      =      -695.5189
 BOND   =       216.5192  ANGLE   =       338.2987  DIHED      =       522.9588
 1-4 NB =       160.4552  1-4 EEL =      -336.8435  VDWAALS    =      -294.5219
 EELEC  =     -1302.3855  EHBOND  =         0.0000  RESTRAINT  =         0.0000
 ------------------------------------------------------------------------------


 NSTEP =    95300   TIME(PS) =      95.300  TEMP(K) =   313.74  PRESS =     0.0
 Etot   =         8.1884  EKtot   =       596.6580  EPtot      =      -588.4696
 BOND   =       228.3840  ANGLE   =       346.3902  DIHED      =       519.6540
 1-4 NB =       165.8054  1-4 EEL =      -335.2013  VDWAALS    =      -284.0913
 EELEC  =     -1229.4106  EHBOND  =         0.0000  RESTRAINT  =         0.0000
 ------------------------------------------------------------------------------


 NSTEP =    95400   TIME(PS) =      95.400  TEMP(K) =   298.57  PRESS =     0.0
 Etot   =       212.1325  EKtot   =       567.7945  EPtot      =      -355.6620
 BOND   =       251.0363  ANGLE   =       325.4868  DIHED      =       531.2011
 1-4 NB =       169.0705  1-4 EEL =      -333.7425  VDWAALS    =      -290.1427
 EELEC  =     -1008.5715  EHBOND  =         0.0000  RESTRAINT  =         0.0000
 ------------------------------------------------------------------------------


 NSTEP =    95500   TIME(PS) =      95.500  TEMP(K) =   310.65  PRESS =     0.0
 Etot   =       163.2498  EKtot   =       590.7693  EPtot      =      -427.5195
 BOND   =       226.4274  ANGLE   =       327.7724  DIHED      =       517.5346
 1-4 NB =       166.9683  1-4 EEL =      -314.1996  VDWAALS    =      -298.2968
 EELEC  =     -1053.7258  EHBOND  =         0.0000  RESTRAINT  =         0.0000
 ------------------------------------------------------------------------------


 NSTEP =    95600   TIME(PS) =      95.600  TEMP(K) =   287.82  PRESS =     0.0
 Etot   =        85.9795  EKtot   =       547.3548  EPtot      =      -461.3753
 BOND   =       234.7577  ANGLE   =       373.7883  DIHED      =       514.6560
 1-4 NB =       162.1902  1-4 EEL =      -327.1751  VDWAALS    =      -302.4281
 EELEC  =     -1117.1643  EHBOND  =         0.0000  RESTRAINT  =         0.0000
 ------------------------------------------------------------------------------


 NSTEP =    95700   TIME(PS) =      95.700  TEMP(K) =   306.33  PRESS =     0.0
 Etot   =        55.6687  EKtot   =       582.5576  EPtot      =      -526.8889
 BOND   =       241.1485  ANGLE   =       323.7118  DIHED      =       503.6895
 1-4 NB =       168.5456  1-4 EEL =      -335.1812  VDWAALS    =      -298.8876
 EELEC  =     -1129.9156  EHBOND  =         0.0000  RESTRAINT  =         0.0000
 ------------------------------------------------------------------------------


 NSTEP =    95800   TIME(PS) =      95.800  TEMP(K) =   295.03  PRESS =     0.0
 Etot   =      -160.4481  EKtot   =       561.0692  EPtot      =      -721.5173
 BOND   =       238.4825  ANGLE   =       341.0639  DIHED      =       528.2967
 1-4 NB =       178.3213  1-4 EEL =      -323.3624  VDWAALS    =      -296.2023
 EELEC  =     -1388.1169  EHBOND  =         0.0000  RESTRAINT  =         0.0000
 ------------------------------------------------------------------------------


 NSTEP =    95900   TIME(PS) =      95.900  TEMP(K) =   307.17  PRESS =     0.0
 Etot   =       152.2797  EKtot   =       584.1675  EPtot      =      -431.8879
 BOND   =       215.1734  ANGLE   =       341.6531  DIHED      =       533.2215
 1-4 NB =       168.4802  1-4 EEL =      -322.0444  VDWAALS    =      -305.4119
 EELEC  =     -1062.9597  EHBOND  =         0.0000  RESTRAINT  =         0.0000
 ------------------------------------------------------------------------------

| RE_POSITION Moving by   0.363400  0.115925  0.690264

 NSTEP =    96000   TIME(PS) =      96.000  TEMP(K) =   302.71  PRESS =     0.0
 Etot   =        51.2867  EKtot   =       575.6698  EPtot      =      -524.3831
 BOND   =       247.7446  ANGLE   =       346.2195  DIHED      =       526.3176
 1-4 NB =       166.6830  1-4 EEL =      -333.5333  VDWAALS    =      -298.4707
 EELEC  =     -1179.3439  EHBOND  =         0.0000  RESTRAINT  =         0.0000
 ------------------------------------------------------------------------------


 NSTEP =    96100   TIME(PS) =      96.100  TEMP(K) =   306.28  PRESS =     0.0
 Etot   =        12.0120  EKtot   =       582.4745  EPtot      =      -570.4625
 BOND   =       222.0337  ANGLE   =       355.3194  DIHED      =       522.4054
 1-4 NB =       168.9659  1-4 EEL =      -334.5504  VDWAALS    =      -303.4264
 EELEC  =     -1201.2100  EHBOND  =         0.0000  RESTRAINT  =         0.0000
 ------------------------------------------------------------------------------


 NSTEP =    96200   TIME(PS) =      96.200  TEMP(K) =   305.02  PRESS =     0.0
 Etot   =      -192.9582  EKtot   =       580.0643  EPtot      =      -773.0225
 BOND   =       217.4668  ANGLE   =       363.2711  DIHED      =       516.7256
 1-4 NB =       165.6717  1-4 EEL =      -348.4115  VDWAALS    =      -305.4654
 EELEC  =     -1382.2808  EHBOND  =         0.0000  RESTRAINT  =         0.0000
 ------------------------------------------------------------------------------


 NSTEP =    96300   TIME(PS) =      96.300  TEMP(K) =   305.09  PRESS =     0.0
 Etot   =       119.2822  EKtot   =       580.1961  EPtot      =      -460.9140
 BOND   =       226.6425  ANGLE   =       312.7702  DIHED      =       522.2901
 1-4 NB =       168.7907  1-4 EEL =      -317.1417  VDWAALS    =      -285.2141
 EELEC  =     -1089.0517  EHBOND  =         0.0000  RESTRAINT  =         0.0000
 ------------------------------------------------------------------------------


 NSTEP =    96400   TIME(PS) =      96.400  TEMP(K) =   297.71  PRESS =     0.0
 Etot   =       130.6699  EKtot   =       566.1616  EPtot      =      -435.4917
 BOND   =       217.4535  ANGLE   =       348.7058  DIHED      =       520.5103
 1-4 NB =       167.7743  1-4 EEL =      -337.3702  VDWAALS    =      -296.1704
 EELEC  =     -1056.3950  EHBOND  =         0.0000  RESTRAINT  =         0.0000
 ------------------------------------------------------------------------------


 NSTEP =    96500   TIME(PS) =      96.500  TEMP(K) =   309.45  PRESS =     0.0
 Etot   =       175.6845  EKtot   =       588.5034  EPtot      =      -412.8189
 BOND   =       222.1082  ANGLE   =       317.4560  DIHED      =       526.1059
 1-4 NB =       175.7122  1-4 EEL =      -334.8013  VDWAALS    =      -307.4435
 EELEC  =     -1011.9565  EHBOND  =         0.0000  RESTRAINT  =         0.0000
 ------------------------------------------------------------------------------


 NSTEP =    96600   TIME(PS) =      96.600  TEMP(K) =   298.49  PRESS =     0.0
 Etot   =       127.3026  EKtot   =       567.6515  EPtot      =      -440.3489
 BOND   =       216.7528  ANGLE   =       348.5398  DIHED      =       510.9069
 1-4 NB =       161.2494  1-4 EEL =      -324.4917  VDWAALS    =      -295.6503
 EELEC  =     -1057.6558  EHBOND  =         0.0000  RESTRAINT  =         0.0000
 ------------------------------------------------------------------------------


 NSTEP =    96700   TIME(PS) =      96.700  TEMP(K) =   302.11  PRESS =     0.0
 Etot   =        -8.2367  EKtot   =       574.5363  EPtot      =      -582.7730
 BOND   =       215.9946  ANGLE   =       330.3498  DIHED      =       512.6665
 1-4 NB =       164.1291  1-4 EEL =      -321.5275  VDWAALS    =      -292.1428
 EELEC  =     -1192.2426  EHBOND  =         0.0000  RESTRAINT  =         0.0000
 ------------------------------------------------------------------------------


 NSTEP =    96800   TIME(PS) =      96.800  TEMP(K) =   300.73  PRESS =     0.0
 Etot   =       355.5581  EKtot   =       571.9026  EPtot      =      -216.3445
 BOND   =       219.5294  ANGLE   =       338.7741  DIHED      =       520.7107
 1-4 NB =       171.0286  1-4 EEL =      -339.9755  VDWAALS    =      -282.0679
 EELEC  =      -844.3440  EHBOND  =         0.0000  RESTRAINT  =         0.0000
 ------------------------------------------------------------------------------


 NSTEP =    96900   TIME(PS) =      96.900  TEMP(K) =   301.85  PRESS =     0.0
 Etot   =        31.0424  EKtot   =       574.0373  EPtot      =      -542.9949
 BOND   =       220.2561  ANGLE   =       346.6534  DIHED      =       522.2077
 1-4 NB =       161.5461  1-4 EEL =      -327.6760  VDWAALS    =      -287.8208
 EELEC  =     -1178.1614  EHBOND  =         0.0000  RESTRAINT  =         0.0000
 ------------------------------------------------------------------------------

| RE_POSITION Moving by   0.040637  0.371618 -0.274060

 NSTEP =    97000   TIME(PS) =      97.000  TEMP(K) =   315.16  PRESS =     0.0
 Etot   =       -30.2174  EKtot   =       599.3508  EPtot      =      -629.5682
 BOND   =       218.8948  ANGLE   =       353.7615  DIHED      =       504.4338
 1-4 NB =       173.8329  1-4 EEL =      -316.9639  VDWAALS    =      -282.9871
 EELEC  =     -1280.5402  EHBOND  =         0.0000  RESTRAINT  =         0.0000
 ------------------------------------------------------------------------------


 NSTEP =    97100   TIME(PS) =      97.100  TEMP(K) =   297.32  PRESS =     0.0
 Etot   =        75.1619  EKtot   =       565.4288  EPtot      =      -490.2669
 BOND   =       243.0028  ANGLE   =       363.3608  DIHED      =       525.7573
 1-4 NB =       158.8231  1-4 EEL =      -335.0704  VDWAALS    =      -285.2856
 EELEC  =     -1160.8549  EHBOND  =         0.0000  RESTRAINT  =         0.0000
 ------------------------------------------------------------------------------


 NSTEP =    97200   TIME(PS) =      97.200  TEMP(K) =   307.41  PRESS =     0.0
 Etot   =       137.8632  EKtot   =       584.6192  EPtot      =      -446.7560
 BOND   =       239.0593  ANGLE   =       347.2007  DIHED      =       528.4915
 1-4 NB =       177.7647  1-4 EEL =      -316.3991  VDWAALS    =      -279.2952
 EELEC  =     -1143.5780  EHBOND  =         0.0000  RESTRAINT  =         0.0000
 ------------------------------------------------------------------------------


 NSTEP =    97300   TIME(PS) =      97.300  TEMP(K) =   298.23  PRESS =     0.0
 Etot   =         5.3989  EKtot   =       567.1520  EPtot      =      -561.7531
 BOND   =       243.7959  ANGLE   =       369.5031  DIHED      =       526.2729
 1-4 NB =       160.6161  1-4 EEL =      -345.6596  VDWAALS    =      -297.1210
 EELEC  =     -1219.1606  EHBOND  =         0.0000  RESTRAINT  =         0.0000
 ------------------------------------------------------------------------------


 NSTEP =    97400   TIME(PS) =      97.400  TEMP(K) =   313.58  PRESS =     0.0
 Etot   =       380.6997  EKtot   =       596.3573  EPtot      =      -215.6576
 BOND   =       240.6269  ANGLE   =       333.0661  DIHED      =       520.0147
 1-4 NB =       169.3778  1-4 EEL =      -329.5754  VDWAALS    =      -290.4997
 EELEC  =      -858.6680  EHBOND  =         0.0000  RESTRAINT  =         0.0000
 ------------------------------------------------------------------------------


 NSTEP =    97500   TIME(PS) =      97.500  TEMP(K) =   312.52  PRESS =     0.0
 Etot   =       -16.9942  EKtot   =       594.3233  EPtot      =      -611.3176
 BOND   =       213.3121  ANGLE   =       349.9491  DIHED      =       531.4527
 1-4 NB =       168.3300  1-4 EEL =      -322.5393  VDWAALS    =      -279.2961
 EELEC  =     -1272.5262  EHBOND  =         0.0000  RESTRAINT  =         0.0000
 ------------------------------------------------------------------------------


 NSTEP =    97600   TIME(PS) =      97.600  TEMP(K) =   310.99  PRESS =     0.0
 Etot   =      -128.7823  EKtot   =       591.4266  EPtot      =      -720.2089
 BOND   =       245.8018  ANGLE   =       331.6646  DIHED      =       538.5301
 1-4 NB =       173.1611  1-4 EEL =      -329.4604  VDWAALS    =      -290.1023
 EELEC  =     -1389.8038  EHBOND  =         0.0000  RESTRAINT  =         0.0000
 ------------------------------------------------------------------------------


 NSTEP =    97700   TIME(PS) =      97.700  TEMP(K) =   316.91  PRESS =     0.0
 Etot   =       -70.6608  EKtot   =       602.6778  EPtot      =      -673.3386
 BOND   =       255.2791  ANGLE   =       333.9046  DIHED      =       533.5094
 1-4 NB =       167.8402  1-4 EEL =      -347.5098  VDWAALS    =      -280.7861
 EELEC  =     -1335.5759  EHBOND  =         0.0000  RESTRAINT  =         0.0000
 ------------------------------------------------------------------------------


 NSTEP =    97800   TIME(PS) =      97.800  TEMP(K) =   312.58  PRESS =     0.0
 Etot   =       -17.0564  EKtot   =       594.4394  EPtot      =      -611.4959
 BOND   =       244.1900  ANGLE   =       331.7747  DIHED      =       525.5018
 1-4 NB =       166.0972  1-4 EEL =      -328.7444  VDWAALS    =      -281.1690
 EELEC  =     -1269.1463  EHBOND  =         0.0000  RESTRAINT  =         0.0000
 ------------------------------------------------------------------------------


 NSTEP =    97900   TIME(PS) =      97.900  TEMP(K) =   309.77  PRESS =     0.0
 Etot   =       200.8500  EKtot   =       589.0951  EPtot      =      -388.2451
 BOND   =       232.1889  ANGLE   =       362.6625  DIHED      =       520.2895
 1-4 NB =       169.1469  1-4 EEL =      -334.0754  VDWAALS    =      -279.4854
 EELEC  =     -1058.9722  EHBOND  =         0.0000  RESTRAINT  =         0.0000
 ------------------------------------------------------------------------------

| RE_POSITION Moving by   0.172897 -0.671924 -1.346516

 NSTEP =    98000   TIME(PS) =      98.000  TEMP(K) =   307.97  PRESS =     0.0
 Etot   =       211.5052  EKtot   =       585.6863  EPtot      =      -374.1811
 BOND   =       237.1279  ANGLE   =       363.7123  DIHED      =       519.0481
 1-4 NB =       163.7704  1-4 EEL =      -324.3455  VDWAALS    =      -271.8926
 EELEC  =     -1061.6016  EHBOND  =         0.0000  RESTRAINT  =         0.0000
 ------------------------------------------------------------------------------


 NSTEP =    98100   TIME(PS) =      98.100  TEMP(K) =   308.08  PRESS =     0.0
 Etot   =       269.2534  EKtot   =       585.8888  EPtot      =      -316.6353
 BOND   =       217.4766  ANGLE   =       350.5973  DIHED      =       517.9046
 1-4 NB =       174.0809  1-4 EEL =      -325.2682  VDWAALS    =      -278.0729
 EELEC  =      -973.3536  EHBOND  =         0.0000  RESTRAINT  =         0.0000
 ------------------------------------------------------------------------------


 NSTEP =    98200   TIME(PS) =      98.200  TEMP(K) =   302.63  PRESS =     0.0
 Etot   =       258.4986  EKtot   =       575.5150  EPtot      =      -317.0164
 BOND   =       248.1617  ANGLE   =       328.0477  DIHED      =       530.6951
 1-4 NB =       160.9731  1-4 EEL =      -307.2426  VDWAALS    =      -293.6837
 EELEC  =      -983.9678  EHBOND  =         0.0000  RESTRAINT  =         0.0000
 ------------------------------------------------------------------------------


 NSTEP =    98300   TIME(PS) =      98.300  TEMP(K) =   305.94  PRESS =     0.0
 Etot   =       185.7546  EKtot   =       581.8204  EPtot      =      -396.0658
 BOND   =       223.4369  ANGLE   =       324.7023  DIHED      =       520.5171
 1-4 NB =       172.4169  1-4 EEL =      -318.2529  VDWAALS    =      -276.5745
 EELEC  =     -1042.3116  EHBOND  =         0.0000  RESTRAINT  =         0.0000
 ------------------------------------------------------------------------------


 NSTEP =    98400   TIME(PS) =      98.400  TEMP(K) =   296.73  PRESS =     0.0
 Etot   =       -73.6333  EKtot   =       564.3104  EPtot      =      -637.9437
 BOND   =       246.5110  ANGLE   =       331.2009  DIHED      =       512.4752
 1-4 NB =       169.8677  1-4 EEL =      -327.0131  VDWAALS    =      -275.6577
 EELEC  =     -1295.3276  EHBOND  =         0.0000  RESTRAINT  =         0.0000
 ------------------------------------------------------------------------------


 NSTEP =    98500   TIME(PS) =      98.500  TEMP(K) =   303.69  PRESS =     0.0
 Etot   =       -57.0237  EKtot   =       577.5489  EPtot      =      -634.5727
 BOND   =       216.4423  ANGLE   =       333.4014  DIHED      =       523.1610
 1-4 NB =       175.1763  1-4 EEL =      -338.0323  VDWAALS    =      -272.4551
 EELEC  =     -1272.2661  EHBOND  =         0.0000  RESTRAINT  =         0.0000
 ------------------------------------------------------------------------------


 NSTEP =    98600   TIME(PS) =      98.600  TEMP(K) =   289.88  PRESS =     0.0
 Etot   =      -429.0136  EKtot   =       551.2851  EPtot      =      -980.2987
 BOND   =       223.2188  ANGLE   =       343.6817  DIHED      =       529.4853
 1-4 NB =       181.5065  1-4 EEL =      -338.7401  VDWAALS    =      -277.5537
 EELEC  =     -1641.8973  EHBOND  =         0.0000  RESTRAINT  =         0.0000
 ------------------------------------------------------------------------------


 NSTEP =    98700   TIME(PS) =      98.700  TEMP(K) =   299.00  PRESS =     0.0
 Etot   =      -101.1441  EKtot   =       568.6124  EPtot      =      -669.7565
 BOND   =       231.8803  ANGLE   =       359.8825  DIHED      =       516.3000
 1-4 NB =       162.2081  1-4 EEL =      -323.2265  VDWAALS    =      -284.7883
 EELEC  =     -1332.0126  EHBOND  =         0.0000  RESTRAINT  =         0.0000
 ------------------------------------------------------------------------------


 NSTEP =    98800   TIME(PS) =      98.800  TEMP(K) =   295.41  PRESS =     0.0
 Etot   =        82.8861  EKtot   =       561.7932  EPtot      =      -478.9071
 BOND   =       218.0547  ANGLE   =       355.0428  DIHED      =       518.5431
 1-4 NB =       174.1546  1-4 EEL =      -335.3812  VDWAALS    =      -282.3934
 EELEC  =     -1126.9277  EHBOND  =         0.0000  RESTRAINT  =         0.0000
 ------------------------------------------------------------------------------


 NSTEP =    98900   TIME(PS) =      98.900  TEMP(K) =   299.49  PRESS =     0.0
 Etot   =       -21.7198  EKtot   =       569.5608  EPtot      =      -591.2806
 BOND   =       217.1218  ANGLE   =       350.4915  DIHED      =       522.4701
 1-4 NB =       168.8459  1-4 EEL =      -330.1134  VDWAALS    =      -283.1978
 EELEC  =     -1236.8987  EHBOND  =         0.0000  RESTRAINT  =         0.0000
 ------------------------------------------------------------------------------

| RE_POSITION Moving by   0.170162  0.244452  0.813607

 NSTEP =    99000   TIME(PS) =      99.000  TEMP(K) =   301.09  PRESS =     0.0
 Etot   =        45.4851  EKtot   =       572.5966  EPtot      =      -527.1115
 BOND   =       233.1066  ANGLE   =       369.1607  DIHED      =       520.7799
 1-4 NB =       167.7627  1-4 EEL =      -342.6378  VDWAALS    =      -287.6890
 EELEC  =     -1187.5946  EHBOND  =         0.0000  RESTRAINT  =         0.0000
 ------------------------------------------------------------------------------


 NSTEP =    99100   TIME(PS) =      99.100  TEMP(K) =   301.07  PRESS =     0.0
 Etot   =      -136.2178  EKtot   =       572.5562  EPtot      =      -708.7739
 BOND   =       224.4373  ANGLE   =       351.9503  DIHED      =       532.2491
 1-4 NB =       165.0532  1-4 EEL =      -317.9012  VDWAALS    =      -292.8789
 EELEC  =     -1371.6837  EHBOND  =         0.0000  RESTRAINT  =         0.0000
 ------------------------------------------------------------------------------


 NSTEP =    99200   TIME(PS) =      99.200  TEMP(K) =   296.93  PRESS =     0.0
 Etot   =      -345.5312  EKtot   =       564.6872  EPtot      =      -910.2183
 BOND   =       209.9770  ANGLE   =       345.9806  DIHED      =       532.1547
 1-4 NB =       168.9638  1-4 EEL =      -341.9242  VDWAALS    =      -285.1569
 EELEC  =     -1540.2133  EHBOND  =         0.0000  RESTRAINT  =         0.0000
 ------------------------------------------------------------------------------


 NSTEP =    99300   TIME(PS) =      99.300  TEMP(K) =   293.71  PRESS =     0.0
 Etot   =      -109.1344  EKtot   =       558.5666  EPtot      =      -667.7011
 BOND   =       208.2024  ANGLE   =       332.4703  DIHED      =       529.3307
 1-4 NB =       168.3990  1-4 EEL =      -317.3434  VDWAALS    =      -288.0656
 EELEC  =     -1300.6946  EHBOND  =         0.0000  RESTRAINT  =         0.0000
 ------------------------------------------------------------------------------


 NSTEP =    99400   TIME(PS) =      99.400  TEMP(K) =   312.25  PRESS =     0.0
 Etot   =       136.6035  EKtot   =       593.8133  EPtot      =      -457.2097
 BOND   =       211.0622  ANGLE   =       338.5449  DIHED      =       528.1276
 1-4 NB =       167.2677  1-4 EEL =      -345.0563  VDWAALS    =      -292.0336
 EELEC  =     -1065.1221  EHBOND  =         0.0000  RESTRAINT  =         0.0000
 ------------------------------------------------------------------------------


 NSTEP =    99500   TIME(PS) =      99.500  TEMP(K) =   294.89  PRESS =     0.0
 Etot   =        83.8302  EKtot   =       560.8090  EPtot      =      -476.9788
 BOND   =       215.9224  ANGLE   =       350.4181  DIHED      =       540.2832
 1-4 NB =       164.4304  1-4 EEL =      -345.5223  VDWAALS    =      -292.5119
 EELEC  =     -1109.9986  EHBOND  =         0.0000  RESTRAINT  =         0.0000
 ------------------------------------------------------------------------------


 NSTEP =    99600   TIME(PS) =      99.600  TEMP(K) =   303.47  PRESS =     0.0
 Etot   =       181.8610  EKtot   =       577.1252  EPtot      =      -395.2642
 BOND   =       217.2756  ANGLE   =       353.3943  DIHED      =       532.8538
 1-4 NB =       179.8872  1-4 EEL =      -339.2514  VDWAALS    =      -302.0849
 EELEC  =     -1037.3388  EHBOND  =         0.0000  RESTRAINT  =         0.0000
 ------------------------------------------------------------------------------


 NSTEP =    99700   TIME(PS) =      99.700  TEMP(K) =   299.99  PRESS =     0.0
 Etot   =        -2.3612  EKtot   =       570.5080  EPtot      =      -572.8692
 BOND   =       252.9175  ANGLE   =       332.0104  DIHED      =       522.4784
 1-4 NB =       160.1116  1-4 EEL =      -342.7423  VDWAALS    =      -303.0782
 EELEC  =     -1194.5667  EHBOND  =         0.0000  RESTRAINT  =         0.0000
 ------------------------------------------------------------------------------


 NSTEP =    99800   TIME(PS) =      99.800  TEMP(K) =   307.55  PRESS =     0.0
 Etot   =      -143.9926  EKtot   =       584.8722  EPtot      =      -728.8648
 BOND   =       210.7441  ANGLE   =       316.5230  DIHED      =       507.9216
 1-4 NB =       173.1286  1-4 EEL =      -321.9076  VDWAALS    =      -285.1089
 EELEC  =     -1330.1656  EHBOND  =         0.0000  RESTRAINT  =         0.0000
 ------------------------------------------------------------------------------


 NSTEP =    99900   TIME(PS) =      99.900  TEMP(K) =   301.99  PRESS =     0.0
 Etot   =      -255.2850  EKtot   =       574.3124  EPtot      =      -829.5973
 BOND   =       238.3277  ANGLE   =       337.1452  DIHED      =       515.5685
 1-4 NB =       162.5256  1-4 EEL =      -345.2827  VDWAALS    =      -280.1228
 EELEC  =     -1457.7587  EHBOND  =         0.0000  RESTRAINT  =         0.0000
 ------------------------------------------------------------------------------

| RE_POSITION Moving by  -0.044467  0.228549  0.640559

 NSTEP =   100000   TIME(PS) =     100.000  TEMP(K) =   294.00  PRESS =     0.0
 Etot   =        41.8665  EKtot   =       559.1191  EPtot      =      -517.2525
 BOND   =       229.1184  ANGLE   =       355.3320  DIHED      =       511.0924
 1-4 NB =       168.8269  1-4 EEL =      -334.2592  VDWAALS    =      -293.2322
 EELEC  =     -1154.1308  EHBOND  =         0.0000  RESTRAINT  =         0.0000
 ------------------------------------------------------------------------------


      A V E R A G E S   O V E R  100000 S T E P S


 NSTEP =   100000   TIME(PS) =     100.000  TEMP(K) =   299.15  PRESS =     0.0
 Etot   =        -8.9029  EKtot   =       568.8979  EPtot      =      -577.8008
 BOND   =       225.7011  ANGLE   =       338.5559  DIHED      =       517.5915
 1-4 NB =       167.5525  1-4 EEL =      -330.1455  VDWAALS    =      -305.1480
 EELEC  =     -1191.9083  EHBOND  =         0.0000  RESTRAINT  =         0.0000
 ------------------------------------------------------------------------------


      R M S  F L U C T U A T I O N S


 NSTEP =   100000   TIME(PS) =     100.000  TEMP(K) =    13.40  PRESS =     0.0
 Etot   =       237.6202  EKtot   =        25.4754  EPtot      =       232.4921
 BOND   =        14.4179  ANGLE   =        16.3541  DIHED      =         9.4441
 1-4 NB =         4.7065  1-4 EEL =        12.8523  VDWAALS    =        12.1044
 EELEC  =       228.5205  EHBOND  =         0.0000  RESTRAINT  =         0.0000
 ------------------------------------------------------------------------------


--------------------------------------------------------------------------------
   5.  TIMINGS
--------------------------------------------------------------------------------

|                Build the list             6.01 (98.09% of List )
|                Other                      0.12 ( 1.91% of List )
|             List time                  6.12 ( 3.11% of Nonbo)
|                   Short_ene time           186.03 (99.88% of Direc)
|                   Other                      0.23 ( 0.12% of Direc)
|                Direct Ewald time        186.26 (97.64% of Ewald)
|                Force Adjust               0.05 ( 0.03% of Ewald)
|                Other                      4.43 ( 2.32% of Ewald)
|             Ewald time               190.76 (96.88% of Nonbo)
|             Other                      0.02 ( 0.01% of Nonbo)
|          Nonbond force            196.90 (80.55% of Force)
|          Bond/Angle/Dihedral       47.48 (19.43% of Force)
|          Other                      0.06 ( 0.02% of Force)
|       Force time               244.44 (94.69% of Runmd)
|       Verlet update time        13.62 ( 5.28% of Runmd)
|       Other                      0.08 ( 0.03% of Runmd)
|    Runmd Time               258.14 (100.0% of Total)
|    Other                      0.01 ( 0.01% of Total)
| Total time               258.16 (100.0% of ALL  )

| Number of list builds   :       2176

| Highest rstack allocated:       1605
| Highest istack allocated:        321

| Final Performance Info:
| -----------------------------------------------------
| Average timings for all steps:
|     Elapsed(s) =     258.14 Per Step(ms) =       2.58
|         ns/day =      33.47   seconds/ns =    2581.45
| -----------------------------------------------------

|           Job began  at 17:38:07.193  on 05/13/2026
|           Setup done at 17:38:07.207  on 05/13/2026
|           Run   done at 17:42:25.352  on 05/13/2026
|     wallclock() was called 2705388 times

|3D-RISM memory allocation summary
|Type          Maximum        Current   
|Integer       0.00000 GB     0.00000 GB
|Real          0.00000 GB     0.00000 GB
|Logical       0.00000 GB     0.00000 GB
|Character     0.00000 GB     0.00000 GB
|---------------------------------------
|Total         0.00000 GB     0.00000 GB
