
          -------------------------------------------------------
          Amber 18 SANDER                              2018
          -------------------------------------------------------

| Run on 05/13/2026 at 18:25:34

|   Executable path: /home/ando/amber/amber18/bin/sander
| Working directory: /home/test/yazawa/tutorial2
|          Hostname: Unknown
  [-O]verwriting output

File Assignments:
|  MDIN: polyAT_gb_md1_12Acut.in                                               
| MDOUT: polyAT_gb_md1_12Acut.out                                              
|INPCRD: polyAT_gb_init_min.ncrst                                              
|  PARM: polyAT_vac.prmtop                                                     
|RESTRT: polyAT_gb_md1_12Acut.ncrst                                            
|  REFC: refc                                                                  
| MDVEL: mdvel                                                                 
| MDFRC: mdfrc                                                                 
|  MDEN: mden                                                                  
| MDCRD: polyAT_gb_md1_12Acut.nc                                               
|MDINFO: mdinfo                                                                
|  MTMD: mtmd                                                                  
|INPDIP: inpdip                                                                
|RSTDIP: rstdip                                                                
|INPTRA: inptraj                                                               


 Here is the input file:

10-mer DNA MD Generalized Born, 12 angstrom cut off                            
 &cntrl                                                                        
  imin = 0, ntb = 0,                                                           
  igb = 1, ntpr = 100, ntwx = 100,                                             
  ntt = 3, gamma_ln = 1.0,                                                     
  tempi = 300.0, temp0 = 300.0,                                                
  nstlim = 100000, dt = 0.001,                                                 
  cut = 12.0                                                                   
 /                                                                             

--------------------------------------------------------------------------------
   1.  RESOURCE   USE: 
--------------------------------------------------------------------------------

| Flags:                                                                        
| New format PARM file being parsed.
| Version =    1.000 Date = 05/13/26 Time = 17:14:44
 NATOM  =     638 NTYPES =      14 NBONH =     234 MBONA  =     452
 NTHETH =     554 MTHETA =     694 NPHIH =    1084 MPHIA  =    1326
 NHPARM =       0 NPARM  =       0 NNB   =    3544 NRES   =      20
 NBONA  =     452 NTHETA =     694 NPHIA =    1326 NUMBND =      39
 NUMANG =      75 NPTRA  =      56 NATYP =      26 NPHB   =       0
 IFBOX  =       0 NMXRS  =      33 IFCAP =       0 NEXTRA =       0
 NCOPY  =       0

 Implicit solvent radii are modified Bondi radii (mbondi)                                                   

|     Memory Use     Allocated
|     Real               49976
|     Hollerith           1936
|     Integer            54181
|     Max Pairs              1
|     nblistReal             0
|     nblist Int             0
|       Total              609 kbytes

| Note: 1-4 EEL scale factors are being read from the topology file.

| Note: 1-4 VDW scale factors are being read from the topology file.
| Duplicated    0 dihedrals
| Duplicated    0 dihedrals

--------------------------------------------------------------------------------
   2.  CONTROL  DATA  FOR  THE  RUN
--------------------------------------------------------------------------------

default_name                                                                    

General flags:
     imin    =       0, nmropt  =       0

Nature and format of input:
     ntx     =       1, irest   =       0, ntrx    =       1

Nature and format of output:
     ntxo    =       2, ntpr    =     100, ntrx    =       1, ntwr    =  100000
     iwrap   =       0, ntwx    =     100, ntwv    =       0, ntwe    =       0
     ioutfm  =       1, ntwprt  =       0, idecomp =       0, rbornstat=      0

Potential function:
     ntf     =       1, ntb     =       0, igb     =       1, nsnb    =      25
     ipol    =       0, gbsa    =       0, iesp    =       0
     dielc   =   1.00000, cut     =  12.00000, intdiel =   1.00000
     saltcon =   0.00000, offset  =   0.09000, gbalpha=    1.00000
     gbbeta  =   0.00000, gbgamma =   0.00000, surften =   0.00500
     rdt     =   0.00000, rgbmax  =  25.00000  extdiel =  78.50000
     alpb  =        0

Frozen or restrained atoms:
     ibelly  =       0, ntr     =       0

Molecular dynamics:
     nstlim  =    100000, nscm    =      1000, nrespa  =         1
     t       =   0.00000, dt      =   0.00100, vlimit  =  20.00000

Langevin dynamics temperature regulation:
     ig      =   71277
     temp0   = 300.00000, tempi   = 300.00000, gamma_ln=   1.00000
|  INFO: Old style inpcrd file read


--------------------------------------------------------------------------------
   3.  ATOMIC COORDINATES AND VELOCITIES
--------------------------------------------------------------------------------

default_name                                                                    
 begin time read from input coords =     0.000 ps

 Number of triangulated 3-point waters found:        0

--------------------------------------------------------------------------------
   4.  RESULTS
--------------------------------------------------------------------------------

|  # of SOLUTE  degrees of freedom (RNDFP):    1914.
|  # of SOLVENT degrees of freedom (RNDFS):       0.
|  NDFMIN =    1914.     NUM_NOSHAKE =      0     CORRECTED RNDFP =    1914.
|  TOTAL # of degrees of freedom (RNDF) =    1914.

 NSTEP =        0   TIME(PS) =       0.000  TEMP(K) =   297.60  PRESS =     0.0
 Etot   =     -2691.0589  EKtot   =       565.9592  EPtot      =     -3257.0181
 BOND   =        20.6525  ANGLE   =       104.4848  DIHED      =       438.8110
 1-4 NB =       146.2492  1-4 EEL =      -357.1156  VDWAALS    =      -362.0018
 EELEC  =     -2546.4154  EGB     =      -701.6829  RESTRAINT  =         0.0000
 ------------------------------------------------------------------------------


 NSTEP =      100   TIME(PS) =       0.100  TEMP(K) =   167.76  PRESS =     0.0
 Etot   =     -2607.3511  EKtot   =       319.0376  EPtot      =     -2926.3887
 BOND   =       140.3284  ANGLE   =       240.9363  DIHED      =       477.2389
 1-4 NB =       156.0871  1-4 EEL =      -359.4431  VDWAALS    =      -353.4608
 EELEC  =     -1771.4644  EGB     =     -1456.6112  RESTRAINT  =         0.0000
 ------------------------------------------------------------------------------


 NSTEP =      200   TIME(PS) =       0.200  TEMP(K) =   183.90  PRESS =     0.0
 Etot   =     -2551.3126  EKtot   =       349.7377  EPtot      =     -2901.0503
 BOND   =       160.4085  ANGLE   =       220.2683  DIHED      =       504.9478
 1-4 NB =       152.3714  1-4 EEL =      -340.2594  VDWAALS    =      -350.8754
 EELEC  =     -1248.9047  EGB     =     -1999.0067  RESTRAINT  =         0.0000
 ------------------------------------------------------------------------------


 NSTEP =      300   TIME(PS) =       0.300  TEMP(K) =   205.13  PRESS =     0.0
 Etot   =     -2503.7289  EKtot   =       390.1108  EPtot      =     -2893.8396
 BOND   =       162.2526  ANGLE   =       234.0161  DIHED      =       506.0588
 1-4 NB =       149.5218  1-4 EEL =      -325.9248  VDWAALS    =      -356.0963
 EELEC  =     -1471.0482  EGB     =     -1792.6197  RESTRAINT  =         0.0000
 ------------------------------------------------------------------------------


 NSTEP =      400   TIME(PS) =       0.400  TEMP(K) =   223.17  PRESS =     0.0
 Etot   =     -2463.6777  EKtot   =       424.4090  EPtot      =     -2888.0867
 BOND   =       145.0421  ANGLE   =       266.3382  DIHED      =       490.8745
 1-4 NB =       146.9396  1-4 EEL =      -326.4861  VDWAALS    =      -353.6398
 EELEC  =     -1350.3288  EGB     =     -1906.8263  RESTRAINT  =         0.0000
 ------------------------------------------------------------------------------


 NSTEP =      500   TIME(PS) =       0.500  TEMP(K) =   215.62  PRESS =     0.0
 Etot   =     -2435.0611  EKtot   =       410.0527  EPtot      =     -2845.1137
 BOND   =       166.2242  ANGLE   =       277.2982  DIHED      =       474.7044
 1-4 NB =       158.2900  1-4 EEL =      -346.0427  VDWAALS    =      -348.1293
 EELEC  =     -1455.3948  EGB     =     -1772.0639  RESTRAINT  =         0.0000
 ------------------------------------------------------------------------------


 NSTEP =      600   TIME(PS) =       0.600  TEMP(K) =   221.18  PRESS =     0.0
 Etot   =     -2408.3729  EKtot   =       420.6233  EPtot      =     -2828.9961
 BOND   =       175.9398  ANGLE   =       280.6998  DIHED      =       473.9234
 1-4 NB =       152.5400  1-4 EEL =      -341.2235  VDWAALS    =      -342.2560
 EELEC  =     -1080.6136  EGB     =     -2148.0060  RESTRAINT  =         0.0000
 ------------------------------------------------------------------------------


 NSTEP =      700   TIME(PS) =       0.700  TEMP(K) =   227.46  PRESS =     0.0
 Etot   =     -2392.5353  EKtot   =       432.5610  EPtot      =     -2825.0964
 BOND   =       176.9782  ANGLE   =       297.0014  DIHED      =       473.4943
 1-4 NB =       151.5764  1-4 EEL =      -335.9630  VDWAALS    =      -339.5640
 EELEC  =     -1312.9917  EGB     =     -1935.6279  RESTRAINT  =         0.0000
 ------------------------------------------------------------------------------


 NSTEP =      800   TIME(PS) =       0.800  TEMP(K) =   232.81  PRESS =     0.0
 Etot   =     -2379.9115  EKtot   =       442.7468  EPtot      =     -2822.6583
 BOND   =       175.0741  ANGLE   =       300.3105  DIHED      =       474.7925
 1-4 NB =       147.2744  1-4 EEL =      -322.6580  VDWAALS    =      -343.2209
 EELEC  =     -1023.2307  EGB     =     -2231.0003  RESTRAINT  =         0.0000
 ------------------------------------------------------------------------------


 NSTEP =      900   TIME(PS) =       0.900  TEMP(K) =   238.94  PRESS =     0.0
 Etot   =     -2356.0638  EKtot   =       454.4076  EPtot      =     -2810.4714
 BOND   =       181.6732  ANGLE   =       290.7087  DIHED      =       483.6412
 1-4 NB =       157.1758  1-4 EEL =      -326.9456  VDWAALS    =      -352.0619
 EELEC  =      -997.4264  EGB     =     -2247.2362  RESTRAINT  =         0.0000
 ------------------------------------------------------------------------------

| RE_POSITION Moving by   0.686024 -0.435266 -0.797014

 NSTEP =     1000   TIME(PS) =       1.000  TEMP(K) =   246.15  PRESS =     0.0
 Etot   =     -2330.7271  EKtot   =       468.1128  EPtot      =     -2798.8399
 BOND   =       182.5417  ANGLE   =       299.2894  DIHED      =       492.4979
 1-4 NB =       151.6588  1-4 EEL =      -346.7379  VDWAALS    =      -346.9190
 EELEC  =      -951.8516  EGB     =     -2279.3192  RESTRAINT  =         0.0000
 ------------------------------------------------------------------------------


 NSTEP =     1100   TIME(PS) =       1.100  TEMP(K) =   250.51  PRESS =     0.0
 Etot   =     -2301.2210  EKtot   =       476.4016  EPtot      =     -2777.6226
 BOND   =       196.6425  ANGLE   =       310.9947  DIHED      =       489.7870
 1-4 NB =       153.6533  1-4 EEL =      -332.5280  VDWAALS    =      -343.2057
 EELEC  =     -1050.2766  EGB     =     -2202.6897  RESTRAINT  =         0.0000
 ------------------------------------------------------------------------------


 NSTEP =     1200   TIME(PS) =       1.200  TEMP(K) =   247.65  PRESS =     0.0
 Etot   =     -2286.7722  EKtot   =       470.9578  EPtot      =     -2757.7300
 BOND   =       212.4782  ANGLE   =       308.4067  DIHED      =       481.3235
 1-4 NB =       165.3900  1-4 EEL =      -344.2785  VDWAALS    =      -346.9328
 EELEC  =     -1239.4797  EGB     =     -1994.6373  RESTRAINT  =         0.0000
 ------------------------------------------------------------------------------


 NSTEP =     1300   TIME(PS) =       1.300  TEMP(K) =   259.62  PRESS =     0.0
 Etot   =     -2268.4970  EKtot   =       493.7258  EPtot      =     -2762.2228
 BOND   =       218.6105  ANGLE   =       305.9430  DIHED      =       492.4319
 1-4 NB =       148.2108  1-4 EEL =      -342.2645  VDWAALS    =      -352.4882
 EELEC  =      -688.5169  EGB     =     -2544.1494  RESTRAINT  =         0.0000
 ------------------------------------------------------------------------------


 NSTEP =     1400   TIME(PS) =       1.400  TEMP(K) =   257.63  PRESS =     0.0
 Etot   =     -2263.5187  EKtot   =       489.9507  EPtot      =     -2753.4694
 BOND   =       218.2934  ANGLE   =       303.8278  DIHED      =       494.0383
 1-4 NB =       154.5797  1-4 EEL =      -337.9289  VDWAALS    =      -356.4361
 EELEC  =      -767.1666  EGB     =     -2462.6769  RESTRAINT  =         0.0000
 ------------------------------------------------------------------------------


 NSTEP =     1500   TIME(PS) =       1.500  TEMP(K) =   271.11  PRESS =     0.0
 Etot   =     -2273.8981  EKtot   =       515.5772  EPtot      =     -2789.4752
 BOND   =       199.3372  ANGLE   =       312.9448  DIHED      =       475.7649
 1-4 NB =       155.6861  1-4 EEL =      -364.7601  VDWAALS    =      -349.0824
 EELEC  =      -605.8297  EGB     =     -2613.5360  RESTRAINT  =         0.0000
 ------------------------------------------------------------------------------


 NSTEP =     1600   TIME(PS) =       1.600  TEMP(K) =   245.96  PRESS =     0.0
 Etot   =     -2283.2985  EKtot   =       467.7525  EPtot      =     -2751.0510
 BOND   =       201.7921  ANGLE   =       345.5047  DIHED      =       478.1755
 1-4 NB =       157.4684  1-4 EEL =      -358.7200  VDWAALS    =      -333.8793
 EELEC  =      -795.2209  EGB     =     -2446.1714  RESTRAINT  =         0.0000
 ------------------------------------------------------------------------------


 NSTEP =     1700   TIME(PS) =       1.700  TEMP(K) =   261.40  PRESS =     0.0
 Etot   =     -2253.5317  EKtot   =       497.1247  EPtot      =     -2750.6564
 BOND   =       204.3474  ANGLE   =       326.8783  DIHED      =       484.6574
 1-4 NB =       159.2625  1-4 EEL =      -350.0361  VDWAALS    =      -341.5428
 EELEC  =      -911.9672  EGB     =     -2322.2560  RESTRAINT  =         0.0000
 ------------------------------------------------------------------------------


 NSTEP =     1800   TIME(PS) =       1.800  TEMP(K) =   264.58  PRESS =     0.0
 Etot   =     -2250.5245  EKtot   =       503.1556  EPtot      =     -2753.6801
 BOND   =       216.4457  ANGLE   =       308.5070  DIHED      =       495.3877
 1-4 NB =       152.9915  1-4 EEL =      -341.0114  VDWAALS    =      -342.3540
 EELEC  =      -599.1386  EGB     =     -2644.5080  RESTRAINT  =         0.0000
 ------------------------------------------------------------------------------


 NSTEP =     1900   TIME(PS) =       1.900  TEMP(K) =   262.80  PRESS =     0.0
 Etot   =     -2233.3483  EKtot   =       499.7852  EPtot      =     -2733.1335
 BOND   =       215.1241  ANGLE   =       323.5940  DIHED      =       497.7035
 1-4 NB =       160.1128  1-4 EEL =      -356.8930  VDWAALS    =      -342.9688
 EELEC  =      -652.3792  EGB     =     -2577.4268  RESTRAINT  =         0.0000
 ------------------------------------------------------------------------------

| RE_POSITION Moving by   0.205430 -0.424791  0.266186

 NSTEP =     2000   TIME(PS) =       2.000  TEMP(K) =   270.77  PRESS =     0.0
 Etot   =     -2222.4797  EKtot   =       514.9254  EPtot      =     -2737.4051
 BOND   =       205.3854  ANGLE   =       336.4937  DIHED      =       490.0362
 1-4 NB =       152.3903  1-4 EEL =      -351.2092  VDWAALS    =      -343.8498
 EELEC  =      -800.5433  EGB     =     -2426.1083  RESTRAINT  =         0.0000
 ------------------------------------------------------------------------------


 NSTEP =     2100   TIME(PS) =       2.100  TEMP(K) =   264.38  PRESS =     0.0
 Etot   =     -2202.7331  EKtot   =       502.7835  EPtot      =     -2705.5166
 BOND   =       228.2942  ANGLE   =       334.6415  DIHED      =       474.0019
 1-4 NB =       161.6010  1-4 EEL =      -328.2514  VDWAALS    =      -334.7695
 EELEC  =      -785.9757  EGB     =     -2455.0586  RESTRAINT  =         0.0000
 ------------------------------------------------------------------------------


 NSTEP =     2200   TIME(PS) =       2.200  TEMP(K) =   274.46  PRESS =     0.0
 Etot   =     -2191.1848  EKtot   =       521.9566  EPtot      =     -2713.1415
 BOND   =       221.3498  ANGLE   =       324.9774  DIHED      =       483.3782
 1-4 NB =       160.9199  1-4 EEL =      -336.7921  VDWAALS    =      -326.6578
 EELEC  =      -729.9163  EGB     =     -2510.4005  RESTRAINT  =         0.0000
 ------------------------------------------------------------------------------


 NSTEP =     2300   TIME(PS) =       2.300  TEMP(K) =   280.81  PRESS =     0.0
 Etot   =     -2187.2502  EKtot   =       534.0280  EPtot      =     -2721.2782
 BOND   =       225.9548  ANGLE   =       335.0082  DIHED      =       487.7930
 1-4 NB =       153.3595  1-4 EEL =      -350.8426  VDWAALS    =      -335.3919
 EELEC  =      -790.2190  EGB     =     -2446.9403  RESTRAINT  =         0.0000
 ------------------------------------------------------------------------------


 NSTEP =     2400   TIME(PS) =       2.400  TEMP(K) =   299.05  PRESS =     0.0
 Etot   =     -2167.9718  EKtot   =       568.7149  EPtot      =     -2736.6866
 BOND   =       205.1149  ANGLE   =       308.1878  DIHED      =       521.2248
 1-4 NB =       147.6058  1-4 EEL =      -347.7322  VDWAALS    =      -335.9635
 EELEC  =     -1095.7122  EGB     =     -2139.4121  RESTRAINT  =         0.0000
 ------------------------------------------------------------------------------


 NSTEP =     2500   TIME(PS) =       2.500  TEMP(K) =   283.03  PRESS =     0.0
 Etot   =     -2165.4040  EKtot   =       538.2448  EPtot      =     -2703.6487
 BOND   =       209.6800  ANGLE   =       330.1604  DIHED      =       507.6554
 1-4 NB =       158.2785  1-4 EEL =      -342.1133  VDWAALS    =      -335.0826
 EELEC  =      -426.9918  EGB     =     -2805.2353  RESTRAINT  =         0.0000
 ------------------------------------------------------------------------------


 NSTEP =     2600   TIME(PS) =       2.600  TEMP(K) =   285.09  PRESS =     0.0
 Etot   =     -2166.7153  EKtot   =       542.1619  EPtot      =     -2708.8772
 BOND   =       218.5495  ANGLE   =       353.1328  DIHED      =       486.8652
 1-4 NB =       159.2031  1-4 EEL =      -358.7759  VDWAALS    =      -343.1491
 EELEC  =      -736.4886  EGB     =     -2488.2142  RESTRAINT  =         0.0000
 ------------------------------------------------------------------------------


 NSTEP =     2700   TIME(PS) =       2.700  TEMP(K) =   289.98  PRESS =     0.0
 Etot   =     -2164.3484  EKtot   =       551.4723  EPtot      =     -2715.8208
 BOND   =       196.6230  ANGLE   =       347.9875  DIHED      =       499.9813
 1-4 NB =       154.8069  1-4 EEL =      -357.7030  VDWAALS    =      -345.0041
 EELEC  =      -892.0121  EGB     =     -2320.5001  RESTRAINT  =         0.0000
 ------------------------------------------------------------------------------


 NSTEP =     2800   TIME(PS) =       2.800  TEMP(K) =   291.59  PRESS =     0.0
 Etot   =     -2133.1451  EKtot   =       554.5367  EPtot      =     -2687.6818
 BOND   =       229.1453  ANGLE   =       334.3633  DIHED      =       508.3759
 1-4 NB =       154.3959  1-4 EEL =      -371.5540  VDWAALS    =      -342.8773
 EELEC  =      -688.4343  EGB     =     -2511.0967  RESTRAINT  =         0.0000
 ------------------------------------------------------------------------------


 NSTEP =     2900   TIME(PS) =       2.900  TEMP(K) =   288.96  PRESS =     0.0
 Etot   =     -2156.5938  EKtot   =       549.5318  EPtot      =     -2706.1255
 BOND   =       232.3540  ANGLE   =       337.9988  DIHED      =       486.9583
 1-4 NB =       160.8558  1-4 EEL =      -340.9286  VDWAALS    =      -342.7472
 EELEC  =     -1118.0668  EGB     =     -2122.5499  RESTRAINT  =         0.0000
 ------------------------------------------------------------------------------

| RE_POSITION Moving by   0.280073  0.535514  0.575813

 NSTEP =     3000   TIME(PS) =       3.000  TEMP(K) =   291.66  PRESS =     0.0
 Etot   =     -2149.5540  EKtot   =       554.6703  EPtot      =     -2704.2242
 BOND   =       230.3733  ANGLE   =       340.1011  DIHED      =       487.9279
 1-4 NB =       162.0361  1-4 EEL =      -352.7896  VDWAALS    =      -345.7159
 EELEC  =     -1173.6415  EGB     =     -2052.5155  RESTRAINT  =         0.0000
 ------------------------------------------------------------------------------


 NSTEP =     3100   TIME(PS) =       3.100  TEMP(K) =   293.71  PRESS =     0.0
 Etot   =     -2147.8054  EKtot   =       558.5625  EPtot      =     -2706.3679
 BOND   =       227.6342  ANGLE   =       337.3106  DIHED      =       496.7086
 1-4 NB =       154.8521  1-4 EEL =      -351.3962  VDWAALS    =      -345.3888
 EELEC  =     -1000.2513  EGB     =     -2225.8370  RESTRAINT  =         0.0000
 ------------------------------------------------------------------------------


 NSTEP =     3200   TIME(PS) =       3.200  TEMP(K) =   296.24  PRESS =     0.0
 Etot   =     -2160.8243  EKtot   =       563.3760  EPtot      =     -2724.2003
 BOND   =       226.4816  ANGLE   =       314.2338  DIHED      =       493.5897
 1-4 NB =       154.5156  1-4 EEL =      -325.4552  VDWAALS    =      -331.8557
 EELEC  =     -1176.3867  EGB     =     -2079.3233  RESTRAINT  =         0.0000
 ------------------------------------------------------------------------------


 NSTEP =     3300   TIME(PS) =       3.300  TEMP(K) =   291.53  PRESS =     0.0
 Etot   =     -2170.6704  EKtot   =       554.4130  EPtot      =     -2725.0835
 BOND   =       228.4662  ANGLE   =       320.5499  DIHED      =       493.0090
 1-4 NB =       159.9503  1-4 EEL =      -340.3524  VDWAALS    =      -339.1454
 EELEC  =     -1396.2549  EGB     =     -1851.3062  RESTRAINT  =         0.0000
 ------------------------------------------------------------------------------


 NSTEP =     3400   TIME(PS) =       3.400  TEMP(K) =   286.24  PRESS =     0.0
 Etot   =     -2177.8213  EKtot   =       544.3521  EPtot      =     -2722.1734
 BOND   =       214.4504  ANGLE   =       322.4357  DIHED      =       482.0321
 1-4 NB =       159.1274  1-4 EEL =      -333.4736  VDWAALS    =      -342.4863
 EELEC  =     -1088.3423  EGB     =     -2135.9168  RESTRAINT  =         0.0000
 ------------------------------------------------------------------------------


 NSTEP =     3500   TIME(PS) =       3.500  TEMP(K) =   285.86  PRESS =     0.0
 Etot   =     -2159.5905  EKtot   =       543.6241  EPtot      =     -2703.2146
 BOND   =       242.7747  ANGLE   =       348.1226  DIHED      =       483.5734
 1-4 NB =       154.8388  1-4 EEL =      -362.0591  VDWAALS    =      -341.5889
 EELEC  =     -1011.6433  EGB     =     -2217.2328  RESTRAINT  =         0.0000
 ------------------------------------------------------------------------------


 NSTEP =     3600   TIME(PS) =       3.600  TEMP(K) =   283.97  PRESS =     0.0
 Etot   =     -2165.2491  EKtot   =       540.0419  EPtot      =     -2705.2910
 BOND   =       227.0340  ANGLE   =       334.0851  DIHED      =       496.1166
 1-4 NB =       157.6315  1-4 EEL =      -345.3706  VDWAALS    =      -337.1413
 EELEC  =     -1007.3410  EGB     =     -2230.3054  RESTRAINT  =         0.0000
 ------------------------------------------------------------------------------


 NSTEP =     3700   TIME(PS) =       3.700  TEMP(K) =   289.01  PRESS =     0.0
 Etot   =     -2163.2709  EKtot   =       549.6203  EPtot      =     -2712.8912
 BOND   =       234.6312  ANGLE   =       339.1738  DIHED      =       491.5197
 1-4 NB =       152.1890  1-4 EEL =      -353.2085  VDWAALS    =      -347.2817
 EELEC  =     -1063.9864  EGB     =     -2165.9283  RESTRAINT  =         0.0000
 ------------------------------------------------------------------------------


 NSTEP =     3800   TIME(PS) =       3.800  TEMP(K) =   279.69  PRESS =     0.0
 Etot   =     -2170.1433  EKtot   =       531.9003  EPtot      =     -2702.0437
 BOND   =       227.2091  ANGLE   =       333.0199  DIHED      =       488.3067
 1-4 NB =       160.8015  1-4 EEL =      -323.6260  VDWAALS    =      -337.2833
 EELEC  =     -1132.2262  EGB     =     -2118.2454  RESTRAINT  =         0.0000
 ------------------------------------------------------------------------------


 NSTEP =     3900   TIME(PS) =       3.900  TEMP(K) =   284.18  PRESS =     0.0
 Etot   =     -2182.0934  EKtot   =       540.4440  EPtot      =     -2722.5374
 BOND   =       221.1093  ANGLE   =       324.6206  DIHED      =       495.1091
 1-4 NB =       162.7882  1-4 EEL =      -325.9622  VDWAALS    =      -347.4645
 EELEC  =     -1229.8064  EGB     =     -2022.9314  RESTRAINT  =         0.0000
 ------------------------------------------------------------------------------

| RE_POSITION Moving by   0.137583 -0.051707  0.067278

 NSTEP =     4000   TIME(PS) =       4.000  TEMP(K) =   286.68  PRESS =     0.0
 Etot   =     -2175.6813  EKtot   =       545.1837  EPtot      =     -2720.8650
 BOND   =       230.9320  ANGLE   =       317.1305  DIHED      =       497.8008
 1-4 NB =       149.6118  1-4 EEL =      -346.1001  VDWAALS    =      -345.7881
 EELEC  =     -1124.0543  EGB     =     -2100.3977  RESTRAINT  =         0.0000
 ------------------------------------------------------------------------------


 NSTEP =     4100   TIME(PS) =       4.100  TEMP(K) =   288.39  PRESS =     0.0
 Etot   =     -2174.6803  EKtot   =       548.4398  EPtot      =     -2723.1201
 BOND   =       216.1655  ANGLE   =       329.8699  DIHED      =       496.1664
 1-4 NB =       157.4302  1-4 EEL =      -352.5434  VDWAALS    =      -339.8308
 EELEC  =     -1230.4384  EGB     =     -1999.9395  RESTRAINT  =         0.0000
 ------------------------------------------------------------------------------


 NSTEP =     4200   TIME(PS) =       4.200  TEMP(K) =   289.44  PRESS =     0.0
 Etot   =     -2173.8791  EKtot   =       550.4406  EPtot      =     -2724.3196
 BOND   =       217.3800  ANGLE   =       308.3913  DIHED      =       513.2686
 1-4 NB =       157.6586  1-4 EEL =      -326.0580  VDWAALS    =      -349.1112
 EELEC  =     -1165.9419  EGB     =     -2079.9070  RESTRAINT  =         0.0000
 ------------------------------------------------------------------------------


 NSTEP =     4300   TIME(PS) =       4.300  TEMP(K) =   280.71  PRESS =     0.0
 Etot   =     -2157.4754  EKtot   =       533.8326  EPtot      =     -2691.3080
 BOND   =       235.2246  ANGLE   =       341.7169  DIHED      =       493.7360
 1-4 NB =       162.7532  1-4 EEL =      -337.7485  VDWAALS    =      -340.8553
 EELEC  =     -1188.9630  EGB     =     -2057.1720  RESTRAINT  =         0.0000
 ------------------------------------------------------------------------------


 NSTEP =     4400   TIME(PS) =       4.400  TEMP(K) =   302.60  PRESS =     0.0
 Etot   =     -2139.1590  EKtot   =       575.4602  EPtot      =     -2714.6192
 BOND   =       225.7744  ANGLE   =       321.9125  DIHED      =       494.6794
 1-4 NB =       158.9497  1-4 EEL =      -310.5566  VDWAALS    =      -342.9007
 EELEC  =     -1503.2718  EGB     =     -1759.2061  RESTRAINT  =         0.0000
 ------------------------------------------------------------------------------


 NSTEP =     4500   TIME(PS) =       4.500  TEMP(K) =   292.49  PRESS =     0.0
 Etot   =     -2118.4201  EKtot   =       556.2458  EPtot      =     -2674.6658
 BOND   =       246.6084  ANGLE   =       369.4452  DIHED      =       488.2111
 1-4 NB =       149.1950  1-4 EEL =      -357.1726  VDWAALS    =      -334.4385
 EELEC  =     -1417.6415  EGB     =     -1818.8728  RESTRAINT  =         0.0000
 ------------------------------------------------------------------------------


 NSTEP =     4600   TIME(PS) =       4.600  TEMP(K) =   309.45  PRESS =     0.0
 Etot   =     -2114.5237  EKtot   =       588.4859  EPtot      =     -2703.0096
 BOND   =       241.1943  ANGLE   =       302.1508  DIHED      =       512.0771
 1-4 NB =       158.7482  1-4 EEL =      -352.6470  VDWAALS    =      -334.6688
 EELEC  =     -1064.1552  EGB     =     -2165.7089  RESTRAINT  =         0.0000
 ------------------------------------------------------------------------------


 NSTEP =     4700   TIME(PS) =       4.700  TEMP(K) =   308.03  PRESS =     0.0
 Etot   =     -2102.2991  EKtot   =       585.7932  EPtot      =     -2688.0924
 BOND   =       219.2480  ANGLE   =       341.3701  DIHED      =       520.1025
 1-4 NB =       156.9448  1-4 EEL =      -350.7405  VDWAALS    =      -324.0758
 EELEC  =     -1126.5656  EGB     =     -2124.3759  RESTRAINT  =         0.0000
 ------------------------------------------------------------------------------


 NSTEP =     4800   TIME(PS) =       4.800  TEMP(K) =   309.75  PRESS =     0.0
 Etot   =     -2094.6301  EKtot   =       589.0634  EPtot      =     -2683.6935
 BOND   =       224.5038  ANGLE   =       354.8349  DIHED      =       507.1290
 1-4 NB =       157.8347  1-4 EEL =      -342.1071  VDWAALS    =      -334.1958
 EELEC  =     -1329.3926  EGB     =     -1922.3004  RESTRAINT  =         0.0000
 ------------------------------------------------------------------------------


 NSTEP =     4900   TIME(PS) =       4.900  TEMP(K) =   303.97  PRESS =     0.0
 Etot   =     -2077.7881  EKtot   =       578.0779  EPtot      =     -2655.8659
 BOND   =       244.9374  ANGLE   =       364.4154  DIHED      =       510.5117
 1-4 NB =       152.3556  1-4 EEL =      -348.0310  VDWAALS    =      -338.8779
 EELEC  =     -1225.6705  EGB     =     -2015.5067  RESTRAINT  =         0.0000
 ------------------------------------------------------------------------------

| RE_POSITION Moving by  -0.310733 -0.326747 -0.239500

 NSTEP =     5000   TIME(PS) =       5.000  TEMP(K) =   312.15  PRESS =     0.0
 Etot   =     -2088.3491  EKtot   =       593.6295  EPtot      =     -2681.9785
 BOND   =       241.1385  ANGLE   =       344.6254  DIHED      =       511.0733
 1-4 NB =       155.3377  1-4 EEL =      -363.1669  VDWAALS    =      -336.4710
 EELEC  =     -1378.2762  EGB     =     -1856.2393  RESTRAINT  =         0.0000
 ------------------------------------------------------------------------------


 NSTEP =     5100   TIME(PS) =       5.100  TEMP(K) =   302.27  PRESS =     0.0
 Etot   =     -2092.4728  EKtot   =       574.8382  EPtot      =     -2667.3110
 BOND   =       242.4430  ANGLE   =       321.4229  DIHED      =       521.4825
 1-4 NB =       160.3843  1-4 EEL =      -328.6555  VDWAALS    =      -329.5354
 EELEC  =     -1358.0320  EGB     =     -1896.8208  RESTRAINT  =         0.0000
 ------------------------------------------------------------------------------


 NSTEP =     5200   TIME(PS) =       5.200  TEMP(K) =   313.28  PRESS =     0.0
 Etot   =     -2109.8516  EKtot   =       595.7832  EPtot      =     -2705.6348
 BOND   =       209.6544  ANGLE   =       325.9655  DIHED      =       521.5781
 1-4 NB =       160.8490  1-4 EEL =      -334.6642  VDWAALS    =      -344.0381
 EELEC  =     -1143.5656  EGB     =     -2101.4139  RESTRAINT  =         0.0000
 ------------------------------------------------------------------------------


 NSTEP =     5300   TIME(PS) =       5.300  TEMP(K) =   303.70  PRESS =     0.0
 Etot   =     -2111.1517  EKtot   =       577.5539  EPtot      =     -2688.7056
 BOND   =       246.9827  ANGLE   =       335.3040  DIHED      =       500.7833
 1-4 NB =       152.7987  1-4 EEL =      -331.4237  VDWAALS    =      -332.7223
 EELEC  =     -1125.7089  EGB     =     -2134.7194  RESTRAINT  =         0.0000
 ------------------------------------------------------------------------------


 NSTEP =     5400   TIME(PS) =       5.400  TEMP(K) =   301.39  PRESS =     0.0
 Etot   =     -2112.9511  EKtot   =       573.1604  EPtot      =     -2686.1116
 BOND   =       236.3601  ANGLE   =       333.9323  DIHED      =       504.2403
 1-4 NB =       155.3573  1-4 EEL =      -323.2515  VDWAALS    =      -336.3718
 EELEC  =     -1011.8694  EGB     =     -2244.5090  RESTRAINT  =         0.0000
 ------------------------------------------------------------------------------


 NSTEP =     5500   TIME(PS) =       5.500  TEMP(K) =   306.31  PRESS =     0.0
 Etot   =     -2104.9416  EKtot   =       582.5314  EPtot      =     -2687.4730
 BOND   =       242.2214  ANGLE   =       353.0037  DIHED      =       496.6053
 1-4 NB =       163.2273  1-4 EEL =      -352.8820  VDWAALS    =      -342.1774
 EELEC  =     -1278.1651  EGB     =     -1969.3062  RESTRAINT  =         0.0000
 ------------------------------------------------------------------------------


 NSTEP =     5600   TIME(PS) =       5.600  TEMP(K) =   292.35  PRESS =     0.0
 Etot   =     -2121.4292  EKtot   =       555.9673  EPtot      =     -2677.3965
 BOND   =       248.0065  ANGLE   =       337.9327  DIHED      =       496.8890
 1-4 NB =       154.7876  1-4 EEL =      -336.6344  VDWAALS    =      -335.2166
 EELEC  =     -1120.2284  EGB     =     -2122.9328  RESTRAINT  =         0.0000
 ------------------------------------------------------------------------------


 NSTEP =     5700   TIME(PS) =       5.700  TEMP(K) =   293.53  PRESS =     0.0
 Etot   =     -2113.1309  EKtot   =       558.2090  EPtot      =     -2671.3398
 BOND   =       230.2518  ANGLE   =       340.7885  DIHED      =       523.0630
 1-4 NB =       154.7600  1-4 EEL =      -336.1909  VDWAALS    =      -334.6422
 EELEC  =      -977.8883  EGB     =     -2271.4817  RESTRAINT  =         0.0000
 ------------------------------------------------------------------------------


 NSTEP =     5800   TIME(PS) =       5.800  TEMP(K) =   312.63  PRESS =     0.0
 Etot   =     -2115.3248  EKtot   =       594.5364  EPtot      =     -2709.8612
 BOND   =       226.2347  ANGLE   =       350.1784  DIHED      =       487.7985
 1-4 NB =       152.8292  1-4 EEL =      -335.0902  VDWAALS    =      -331.0381
 EELEC  =      -995.6407  EGB     =     -2265.1329  RESTRAINT  =         0.0000
 ------------------------------------------------------------------------------


 NSTEP =     5900   TIME(PS) =       5.900  TEMP(K) =   294.75  PRESS =     0.0
 Etot   =     -2112.9636  EKtot   =       560.5475  EPtot      =     -2673.5112
 BOND   =       246.8625  ANGLE   =       343.3468  DIHED      =       491.7547
 1-4 NB =       162.4924  1-4 EEL =      -342.6206  VDWAALS    =      -337.8993
 EELEC  =      -824.6887  EGB     =     -2412.7588  RESTRAINT  =         0.0000
 ------------------------------------------------------------------------------

| RE_POSITION Moving by   0.126881  0.130762  0.497730

 NSTEP =     6000   TIME(PS) =       6.000  TEMP(K) =   296.68  PRESS =     0.0
 Etot   =     -2122.4405  EKtot   =       564.2160  EPtot      =     -2686.6565
 BOND   =       228.7544  ANGLE   =       343.0189  DIHED      =       503.3341
 1-4 NB =       158.3937  1-4 EEL =      -335.7560  VDWAALS    =      -341.2339
 EELEC  =     -1047.2885  EGB     =     -2195.8791  RESTRAINT  =         0.0000
 ------------------------------------------------------------------------------


 NSTEP =     6100   TIME(PS) =       6.100  TEMP(K) =   306.01  PRESS =     0.0
 Etot   =     -2100.7434  EKtot   =       581.9462  EPtot      =     -2682.6896
 BOND   =       230.3834  ANGLE   =       350.2170  DIHED      =       493.8404
 1-4 NB =       155.4427  1-4 EEL =      -334.1610  VDWAALS    =      -337.8957
 EELEC  =      -578.5302  EGB     =     -2661.9862  RESTRAINT  =         0.0000
 ------------------------------------------------------------------------------


 NSTEP =     6200   TIME(PS) =       6.200  TEMP(K) =   310.35  PRESS =     0.0
 Etot   =     -2114.7513  EKtot   =       590.2118  EPtot      =     -2704.9632
 BOND   =       234.4167  ANGLE   =       355.4575  DIHED      =       487.1750
 1-4 NB =       151.6152  1-4 EEL =      -332.4256  VDWAALS    =      -341.6009
 EELEC  =     -1071.7363  EGB     =     -2187.8647  RESTRAINT  =         0.0000
 ------------------------------------------------------------------------------


 NSTEP =     6300   TIME(PS) =       6.300  TEMP(K) =   305.60  PRESS =     0.0
 Etot   =     -2098.1624  EKtot   =       581.1719  EPtot      =     -2679.3343
 BOND   =       222.8988  ANGLE   =       353.0544  DIHED      =       507.4213
 1-4 NB =       167.5649  1-4 EEL =      -357.8936  VDWAALS    =      -348.9896
 EELEC  =      -631.7815  EGB     =     -2591.6088  RESTRAINT  =         0.0000
 ------------------------------------------------------------------------------


 NSTEP =     6400   TIME(PS) =       6.400  TEMP(K) =   311.61  PRESS =     0.0
 Etot   =     -2098.0838  EKtot   =       592.5928  EPtot      =     -2690.6766
 BOND   =       238.8184  ANGLE   =       349.4384  DIHED      =       497.5308
 1-4 NB =       149.2442  1-4 EEL =      -349.1629  VDWAALS    =      -347.6463
 EELEC  =      -780.2426  EGB     =     -2448.6567  RESTRAINT  =         0.0000
 ------------------------------------------------------------------------------


 NSTEP =     6500   TIME(PS) =       6.500  TEMP(K) =   297.45  PRESS =     0.0
 Etot   =     -2105.0319  EKtot   =       565.6775  EPtot      =     -2670.7094
 BOND   =       232.8234  ANGLE   =       356.8611  DIHED      =       504.3144
 1-4 NB =       160.2354  1-4 EEL =      -358.2002  VDWAALS    =      -337.3101
 EELEC  =      -991.8653  EGB     =     -2237.5682  RESTRAINT  =         0.0000
 ------------------------------------------------------------------------------


 NSTEP =     6600   TIME(PS) =       6.600  TEMP(K) =   308.30  PRESS =     0.0
 Etot   =     -2107.3618  EKtot   =       586.3099  EPtot      =     -2693.6717
 BOND   =       236.3737  ANGLE   =       333.6244  DIHED      =       502.2246
 1-4 NB =       156.8268  1-4 EEL =      -335.5943  VDWAALS    =      -344.1079
 EELEC  =      -928.9884  EGB     =     -2314.0305  RESTRAINT  =         0.0000
 ------------------------------------------------------------------------------


 NSTEP =     6700   TIME(PS) =       6.700  TEMP(K) =   288.43  PRESS =     0.0
 Etot   =     -2116.0459  EKtot   =       548.5162  EPtot      =     -2664.5621
 BOND   =       244.4245  ANGLE   =       366.7512  DIHED      =       497.2982
 1-4 NB =       161.8271  1-4 EEL =      -357.6975  VDWAALS    =      -340.9136
 EELEC  =      -793.6438  EGB     =     -2442.6083  RESTRAINT  =         0.0000
 ------------------------------------------------------------------------------


 NSTEP =     6800   TIME(PS) =       6.800  TEMP(K) =   296.07  PRESS =     0.0
 Etot   =     -2116.8838  EKtot   =       563.0536  EPtot      =     -2679.9374
 BOND   =       240.9922  ANGLE   =       349.3970  DIHED      =       488.9570
 1-4 NB =       152.8280  1-4 EEL =      -335.2990  VDWAALS    =      -331.3869
 EELEC  =      -875.4418  EGB     =     -2369.9838  RESTRAINT  =         0.0000
 ------------------------------------------------------------------------------


 NSTEP =     6900   TIME(PS) =       6.900  TEMP(K) =   310.95  PRESS =     0.0
 Etot   =     -2120.4300  EKtot   =       591.3476  EPtot      =     -2711.7776
 BOND   =       210.5051  ANGLE   =       333.0230  DIHED      =       501.1442
 1-4 NB =       161.0260  1-4 EEL =      -342.5530  VDWAALS    =      -339.7312
 EELEC  =      -970.1117  EGB     =     -2265.0800  RESTRAINT  =         0.0000
 ------------------------------------------------------------------------------

| RE_POSITION Moving by  -0.095676  0.197607 -0.508765

 NSTEP =     7000   TIME(PS) =       7.000  TEMP(K) =   299.85  PRESS =     0.0
 Etot   =     -2096.8592  EKtot   =       570.2354  EPtot      =     -2667.0946
 BOND   =       224.7473  ANGLE   =       360.4970  DIHED      =       511.7451
 1-4 NB =       163.0754  1-4 EEL =      -348.6525  VDWAALS    =      -343.1695
 EELEC  =      -733.4413  EGB     =     -2501.8961  RESTRAINT  =         0.0000
 ------------------------------------------------------------------------------


 NSTEP =     7100   TIME(PS) =       7.100  TEMP(K) =   293.36  PRESS =     0.0
 Etot   =     -2112.0398  EKtot   =       557.9007  EPtot      =     -2669.9406
 BOND   =       229.8619  ANGLE   =       366.4711  DIHED      =       491.8165
 1-4 NB =       162.5153  1-4 EEL =      -346.3271  VDWAALS    =      -337.3378
 EELEC  =      -610.4338  EGB     =     -2626.5066  RESTRAINT  =         0.0000
 ------------------------------------------------------------------------------


 NSTEP =     7200   TIME(PS) =       7.200  TEMP(K) =   293.86  PRESS =     0.0
 Etot   =     -2101.0079  EKtot   =       558.8365  EPtot      =     -2659.8444
 BOND   =       243.5225  ANGLE   =       353.2313  DIHED      =       513.4248
 1-4 NB =       150.9085  1-4 EEL =      -346.9826  VDWAALS    =      -346.9931
 EELEC  =     -1076.3790  EGB     =     -2150.5768  RESTRAINT  =         0.0000
 ------------------------------------------------------------------------------


 NSTEP =     7300   TIME(PS) =       7.300  TEMP(K) =   297.96  PRESS =     0.0
 Etot   =     -2090.2013  EKtot   =       566.6408  EPtot      =     -2656.8421
 BOND   =       242.9195  ANGLE   =       357.8981  DIHED      =       495.0749
 1-4 NB =       155.3944  1-4 EEL =      -344.4437  VDWAALS    =      -334.9407
 EELEC  =      -719.1010  EGB     =     -2509.6435  RESTRAINT  =         0.0000
 ------------------------------------------------------------------------------


 NSTEP =     7400   TIME(PS) =       7.400  TEMP(K) =   307.69  PRESS =     0.0
 Etot   =     -2077.8177  EKtot   =       585.1445  EPtot      =     -2662.9623
 BOND   =       233.8982  ANGLE   =       353.7686  DIHED      =       501.5271
 1-4 NB =       154.1185  1-4 EEL =      -337.5525  VDWAALS    =      -344.4948
 EELEC  =      -888.2747  EGB     =     -2335.9525  RESTRAINT  =         0.0000
 ------------------------------------------------------------------------------


 NSTEP =     7500   TIME(PS) =       7.500  TEMP(K) =   306.05  PRESS =     0.0
 Etot   =     -2091.7165  EKtot   =       582.0245  EPtot      =     -2673.7410
 BOND   =       218.1544  ANGLE   =       367.0412  DIHED      =       495.0763
 1-4 NB =       166.9876  1-4 EEL =      -341.4409  VDWAALS    =      -350.2870
 EELEC  =     -1278.1588  EGB     =     -1951.1139  RESTRAINT  =         0.0000
 ------------------------------------------------------------------------------


 NSTEP =     7600   TIME(PS) =       7.600  TEMP(K) =   300.77  PRESS =     0.0
 Etot   =     -2075.0547  EKtot   =       571.9852  EPtot      =     -2647.0399
 BOND   =       260.4958  ANGLE   =       350.6064  DIHED      =       507.0861
 1-4 NB =       148.6094  1-4 EEL =      -330.7585  VDWAALS    =      -342.6479
 EELEC  =     -1049.0498  EGB     =     -2191.3815  RESTRAINT  =         0.0000
 ------------------------------------------------------------------------------


 NSTEP =     7700   TIME(PS) =       7.700  TEMP(K) =   303.30  PRESS =     0.0
 Etot   =     -2079.4666  EKtot   =       576.7950  EPtot      =     -2656.2617
 BOND   =       247.1605  ANGLE   =       363.9763  DIHED      =       508.3267
 1-4 NB =       154.1359  1-4 EEL =      -364.8124  VDWAALS    =      -351.7876
 EELEC  =      -944.4730  EGB     =     -2268.7881  RESTRAINT  =         0.0000
 ------------------------------------------------------------------------------


 NSTEP =     7800   TIME(PS) =       7.800  TEMP(K) =   327.68  PRESS =     0.0
 Etot   =     -2058.8678  EKtot   =       623.1536  EPtot      =     -2682.0214
 BOND   =       222.0787  ANGLE   =       355.6241  DIHED      =       495.1082
 1-4 NB =       158.5673  1-4 EEL =      -341.8149  VDWAALS    =      -332.6598
 EELEC  =      -874.6901  EGB     =     -2364.2348  RESTRAINT  =         0.0000
 ------------------------------------------------------------------------------


 NSTEP =     7900   TIME(PS) =       7.900  TEMP(K) =   319.33  PRESS =     0.0
 Etot   =     -2064.2780  EKtot   =       607.2861  EPtot      =     -2671.5641
 BOND   =       233.0037  ANGLE   =       360.2901  DIHED      =       497.3460
 1-4 NB =       158.4506  1-4 EEL =      -355.2572  VDWAALS    =      -336.8848
 EELEC  =     -1248.3248  EGB     =     -1980.1876  RESTRAINT  =         0.0000
 ------------------------------------------------------------------------------

| RE_POSITION Moving by  -0.018698  0.370048 -0.366596

 NSTEP =     8000   TIME(PS) =       8.000  TEMP(K) =   306.01  PRESS =     0.0
 Etot   =     -2064.2021  EKtot   =       581.9605  EPtot      =     -2646.1626
 BOND   =       249.9066  ANGLE   =       346.8444  DIHED      =       512.8891
 1-4 NB =       160.4490  1-4 EEL =      -334.8248  VDWAALS    =      -339.4542
 EELEC  =     -1298.9745  EGB     =     -1942.9982  RESTRAINT  =         0.0000
 ------------------------------------------------------------------------------


 NSTEP =     8100   TIME(PS) =       8.100  TEMP(K) =   317.21  PRESS =     0.0
 Etot   =     -2076.5819  EKtot   =       603.2440  EPtot      =     -2679.8259
 BOND   =       241.9010  ANGLE   =       337.1788  DIHED      =       513.3246
 1-4 NB =       154.5636  1-4 EEL =      -353.3352  VDWAALS    =      -337.4868
 EELEC  =     -1165.4966  EGB     =     -2070.4752  RESTRAINT  =         0.0000
 ------------------------------------------------------------------------------


 NSTEP =     8200   TIME(PS) =       8.200  TEMP(K) =   303.77  PRESS =     0.0
 Etot   =     -2094.9979  EKtot   =       577.6910  EPtot      =     -2672.6889
 BOND   =       258.6818  ANGLE   =       341.8704  DIHED      =       513.2910
 1-4 NB =       155.2879  1-4 EEL =      -375.3317  VDWAALS    =      -338.1020
 EELEC  =     -1148.7059  EGB     =     -2079.6805  RESTRAINT  =         0.0000
 ------------------------------------------------------------------------------


 NSTEP =     8300   TIME(PS) =       8.300  TEMP(K) =   293.11  PRESS =     0.0
 Etot   =     -2093.9052  EKtot   =       557.4135  EPtot      =     -2651.3187
 BOND   =       248.1516  ANGLE   =       354.7748  DIHED      =       507.9304
 1-4 NB =       158.5150  1-4 EEL =      -347.4764  VDWAALS    =      -335.3677
 EELEC  =     -1195.8751  EGB     =     -2041.9712  RESTRAINT  =         0.0000
 ------------------------------------------------------------------------------


 NSTEP =     8400   TIME(PS) =       8.400  TEMP(K) =   316.32  PRESS =     0.0
 Etot   =     -2080.2333  EKtot   =       601.5603  EPtot      =     -2681.7936
 BOND   =       208.2899  ANGLE   =       361.3124  DIHED      =       511.8474
 1-4 NB =       162.2979  1-4 EEL =      -340.5591  VDWAALS    =      -333.4711
 EELEC  =     -1475.1326  EGB     =     -1776.3785  RESTRAINT  =         0.0000
 ------------------------------------------------------------------------------


 NSTEP =     8500   TIME(PS) =       8.500  TEMP(K) =   302.03  PRESS =     0.0
 Etot   =     -2086.9825  EKtot   =       574.3742  EPtot      =     -2661.3568
 BOND   =       247.1661  ANGLE   =       338.9240  DIHED      =       518.3489
 1-4 NB =       156.1765  1-4 EEL =      -356.6418  VDWAALS    =      -327.7465
 EELEC  =     -1304.4891  EGB     =     -1933.0949  RESTRAINT  =         0.0000
 ------------------------------------------------------------------------------


 NSTEP =     8600   TIME(PS) =       8.600  TEMP(K) =   312.34  PRESS =     0.0
 Etot   =     -2076.1677  EKtot   =       593.9893  EPtot      =     -2670.1571
 BOND   =       244.8669  ANGLE   =       340.7599  DIHED      =       500.7177
 1-4 NB =       160.9570  1-4 EEL =      -329.1447  VDWAALS    =      -333.4329
 EELEC  =     -1140.6593  EGB     =     -2114.2217  RESTRAINT  =         0.0000
 ------------------------------------------------------------------------------


 NSTEP =     8700   TIME(PS) =       8.700  TEMP(K) =   324.47  PRESS =     0.0
 Etot   =     -2077.8094  EKtot   =       617.0646  EPtot      =     -2694.8740
 BOND   =       237.4219  ANGLE   =       345.6729  DIHED      =       487.3403
 1-4 NB =       153.4781  1-4 EEL =      -332.8656  VDWAALS    =      -330.0670
 EELEC  =     -1197.1877  EGB     =     -2058.6670  RESTRAINT  =         0.0000
 ------------------------------------------------------------------------------


 NSTEP =     8800   TIME(PS) =       8.800  TEMP(K) =   314.57  PRESS =     0.0
 Etot   =     -2095.5005  EKtot   =       598.2223  EPtot      =     -2693.7228
 BOND   =       227.0707  ANGLE   =       346.7082  DIHED      =       496.5039
 1-4 NB =       167.5055  1-4 EEL =      -340.7708  VDWAALS    =      -332.0653
 EELEC  =     -1330.0075  EGB     =     -1928.6676  RESTRAINT  =         0.0000
 ------------------------------------------------------------------------------


 NSTEP =     8900   TIME(PS) =       8.900  TEMP(K) =   306.04  PRESS =     0.0
 Etot   =     -2091.3736  EKtot   =       582.0123  EPtot      =     -2673.3859
 BOND   =       232.2768  ANGLE   =       360.9279  DIHED      =       498.7275
 1-4 NB =       149.0465  1-4 EEL =      -325.5503  VDWAALS    =      -336.3761
 EELEC  =     -1024.1607  EGB     =     -2228.2775  RESTRAINT  =         0.0000
 ------------------------------------------------------------------------------

| RE_POSITION Moving by   0.017981 -0.262860  1.133323

 NSTEP =     9000   TIME(PS) =       9.000  TEMP(K) =   310.12  PRESS =     0.0
 Etot   =     -2091.8800  EKtot   =       589.7600  EPtot      =     -2681.6400
 BOND   =       239.4694  ANGLE   =       352.9652  DIHED      =       490.9505
 1-4 NB =       152.7379  1-4 EEL =      -332.7111  VDWAALS    =      -341.5938
 EELEC  =      -744.4200  EGB     =     -2499.0380  RESTRAINT  =         0.0000
 ------------------------------------------------------------------------------


 NSTEP =     9100   TIME(PS) =       9.100  TEMP(K) =   301.43  PRESS =     0.0
 Etot   =     -2087.9379  EKtot   =       573.2374  EPtot      =     -2661.1752
 BOND   =       225.6362  ANGLE   =       372.7861  DIHED      =       492.8720
 1-4 NB =       156.9244  1-4 EEL =      -327.0658  VDWAALS    =      -326.8461
 EELEC  =      -922.7801  EGB     =     -2332.7021  RESTRAINT  =         0.0000
 ------------------------------------------------------------------------------


 NSTEP =     9200   TIME(PS) =       9.200  TEMP(K) =   305.10  PRESS =     0.0
 Etot   =     -2107.6324  EKtot   =       580.2262  EPtot      =     -2687.8586
 BOND   =       227.6024  ANGLE   =       346.0777  DIHED      =       497.6528
 1-4 NB =       156.2250  1-4 EEL =      -337.7588  VDWAALS    =      -333.2599
 EELEC  =      -889.1802  EGB     =     -2355.2176  RESTRAINT  =         0.0000
 ------------------------------------------------------------------------------


 NSTEP =     9300   TIME(PS) =       9.300  TEMP(K) =   300.89  PRESS =     0.0
 Etot   =     -2117.4535  EKtot   =       572.2103  EPtot      =     -2689.6638
 BOND   =       221.9251  ANGLE   =       361.8424  DIHED      =       499.7668
 1-4 NB =       149.2965  1-4 EEL =      -351.2710  VDWAALS    =      -333.5636
 EELEC  =      -772.8300  EGB     =     -2464.8300  RESTRAINT  =         0.0000
 ------------------------------------------------------------------------------


 NSTEP =     9400   TIME(PS) =       9.400  TEMP(K) =   308.44  PRESS =     0.0
 Etot   =     -2099.2090  EKtot   =       586.5732  EPtot      =     -2685.7822
 BOND   =       227.2275  ANGLE   =       358.7748  DIHED      =       492.4197
 1-4 NB =       169.3772  1-4 EEL =      -351.1654  VDWAALS    =      -331.1262
 EELEC  =     -1132.9236  EGB     =     -2118.3662  RESTRAINT  =         0.0000
 ------------------------------------------------------------------------------


 NSTEP =     9500   TIME(PS) =       9.500  TEMP(K) =   297.96  PRESS =     0.0
 Etot   =     -2116.4717  EKtot   =       566.6360  EPtot      =     -2683.1076
 BOND   =       222.5768  ANGLE   =       356.5867  DIHED      =       502.3672
 1-4 NB =       151.5479  1-4 EEL =      -330.3579  VDWAALS    =      -322.5169
 EELEC  =      -953.9711  EGB     =     -2309.3403  RESTRAINT  =         0.0000
 ------------------------------------------------------------------------------


 NSTEP =     9600   TIME(PS) =       9.600  TEMP(K) =   299.50  PRESS =     0.0
 Etot   =     -2116.8258  EKtot   =       569.5802  EPtot      =     -2686.4060
 BOND   =       215.1822  ANGLE   =       348.1757  DIHED      =       497.7330
 1-4 NB =       168.1120  1-4 EEL =      -322.3922  VDWAALS    =      -329.8198
 EELEC  =     -1161.9913  EGB     =     -2101.4056  RESTRAINT  =         0.0000
 ------------------------------------------------------------------------------


 NSTEP =     9700   TIME(PS) =       9.700  TEMP(K) =   288.67  PRESS =     0.0
 Etot   =     -2123.9659  EKtot   =       548.9777  EPtot      =     -2672.9436
 BOND   =       254.8403  ANGLE   =       325.1011  DIHED      =       507.7359
 1-4 NB =       152.0547  1-4 EEL =      -333.3158  VDWAALS    =      -327.8721
 EELEC  =     -1096.1289  EGB     =     -2155.3587  RESTRAINT  =         0.0000
 ------------------------------------------------------------------------------


 NSTEP =     9800   TIME(PS) =       9.800  TEMP(K) =   295.99  PRESS =     0.0
 Etot   =     -2140.4393  EKtot   =       562.8966  EPtot      =     -2703.3359
 BOND   =       230.3120  ANGLE   =       342.9198  DIHED      =       482.4099
 1-4 NB =       157.9280  1-4 EEL =      -339.6660  VDWAALS    =      -336.3611
 EELEC  =     -1011.9846  EGB     =     -2228.8938  RESTRAINT  =         0.0000
 ------------------------------------------------------------------------------


 NSTEP =     9900   TIME(PS) =       9.900  TEMP(K) =   297.58  PRESS =     0.0
 Etot   =     -2115.2828  EKtot   =       565.9289  EPtot      =     -2681.2117
 BOND   =       241.3305  ANGLE   =       348.1613  DIHED      =       482.6119
 1-4 NB =       155.1595  1-4 EEL =      -330.4696  VDWAALS    =      -332.6687
 EELEC  =     -1091.4920  EGB     =     -2153.8445  RESTRAINT  =         0.0000
 ------------------------------------------------------------------------------

| RE_POSITION Moving by  -0.563108  0.439514 -0.389458

 NSTEP =    10000   TIME(PS) =      10.000  TEMP(K) =   304.13  PRESS =     0.0
 Etot   =     -2109.7077  EKtot   =       578.3733  EPtot      =     -2688.0810
 BOND   =       230.5779  ANGLE   =       346.7497  DIHED      =       507.0050
 1-4 NB =       157.3375  1-4 EEL =      -361.7187  VDWAALS    =      -335.0660
 EELEC  =      -982.7780  EGB     =     -2250.1884  RESTRAINT  =         0.0000
 ------------------------------------------------------------------------------


 NSTEP =    10100   TIME(PS) =      10.100  TEMP(K) =   303.97  PRESS =     0.0
 Etot   =     -2103.0123  EKtot   =       578.0773  EPtot      =     -2681.0896
 BOND   =       242.6379  ANGLE   =       328.3235  DIHED      =       498.6654
 1-4 NB =       160.5318  1-4 EEL =      -345.4100  VDWAALS    =      -327.7443
 EELEC  =     -1130.6430  EGB     =     -2107.4508  RESTRAINT  =         0.0000
 ------------------------------------------------------------------------------


 NSTEP =    10200   TIME(PS) =      10.200  TEMP(K) =   308.65  PRESS =     0.0
 Etot   =     -2095.1544  EKtot   =       586.9762  EPtot      =     -2682.1306
 BOND   =       213.4531  ANGLE   =       359.7285  DIHED      =       502.3923
 1-4 NB =       165.8767  1-4 EEL =      -357.0909  VDWAALS    =      -325.2935
 EELEC  =      -811.0222  EGB     =     -2430.1745  RESTRAINT  =         0.0000
 ------------------------------------------------------------------------------


 NSTEP =    10300   TIME(PS) =      10.300  TEMP(K) =   301.06  PRESS =     0.0
 Etot   =     -2101.4683  EKtot   =       572.5426  EPtot      =     -2674.0109
 BOND   =       235.2243  ANGLE   =       350.1300  DIHED      =       495.5442
 1-4 NB =       152.9952  1-4 EEL =      -341.7136  VDWAALS    =      -326.2025
 EELEC  =      -966.9558  EGB     =     -2273.0327  RESTRAINT  =         0.0000
 ------------------------------------------------------------------------------


 NSTEP =    10400   TIME(PS) =      10.400  TEMP(K) =   323.15  PRESS =     0.0
 Etot   =     -2097.0196  EKtot   =       614.5414  EPtot      =     -2711.5610
 BOND   =       223.4043  ANGLE   =       337.3739  DIHED      =       488.5263
 1-4 NB =       150.9414  1-4 EEL =      -328.7012  VDWAALS    =      -331.6603
 EELEC  =     -1278.9970  EGB     =     -1972.4484  RESTRAINT  =         0.0000
 ------------------------------------------------------------------------------


 NSTEP =    10500   TIME(PS) =      10.500  TEMP(K) =   307.28  PRESS =     0.0
 Etot   =     -2100.8748  EKtot   =       584.3616  EPtot      =     -2685.2364
 BOND   =       224.3216  ANGLE   =       352.2914  DIHED      =       495.8893
 1-4 NB =       157.7584  1-4 EEL =      -355.6404  VDWAALS    =      -323.9526
 EELEC  =     -1089.9515  EGB     =     -2145.9527  RESTRAINT  =         0.0000
 ------------------------------------------------------------------------------


 NSTEP =    10600   TIME(PS) =      10.600  TEMP(K) =   302.15  PRESS =     0.0
 Etot   =     -2103.8114  EKtot   =       574.6096  EPtot      =     -2678.4209
 BOND   =       223.2998  ANGLE   =       340.9639  DIHED      =       498.3111
 1-4 NB =       161.6492  1-4 EEL =      -341.3420  VDWAALS    =      -330.3193
 EELEC  =      -914.5219  EGB     =     -2316.4617  RESTRAINT  =         0.0000
 ------------------------------------------------------------------------------


 NSTEP =    10700   TIME(PS) =      10.700  TEMP(K) =   298.72  PRESS =     0.0
 Etot   =     -2114.7013  EKtot   =       568.0945  EPtot      =     -2682.7958
 BOND   =       240.5150  ANGLE   =       346.8089  DIHED      =       490.8451
 1-4 NB =       157.4457  1-4 EEL =      -348.9015  VDWAALS    =      -329.5188
 EELEC  =     -1171.9559  EGB     =     -2068.0343  RESTRAINT  =         0.0000
 ------------------------------------------------------------------------------


 NSTEP =    10800   TIME(PS) =      10.800  TEMP(K) =   323.00  PRESS =     0.0
 Etot   =     -2110.9657  EKtot   =       614.2664  EPtot      =     -2725.2321
 BOND   =       227.8640  ANGLE   =       322.3636  DIHED      =       491.3507
 1-4 NB =       156.7675  1-4 EEL =      -348.3195  VDWAALS    =      -335.0879
 EELEC  =     -1135.4509  EGB     =     -2104.7196  RESTRAINT  =         0.0000
 ------------------------------------------------------------------------------


 NSTEP =    10900   TIME(PS) =      10.900  TEMP(K) =   306.06  PRESS =     0.0
 Etot   =     -2084.0996  EKtot   =       582.0518  EPtot      =     -2666.1514
 BOND   =       238.4951  ANGLE   =       370.1414  DIHED      =       483.1350
 1-4 NB =       164.7825  1-4 EEL =      -344.5036  VDWAALS    =      -336.8089
 EELEC  =     -1290.1749  EGB     =     -1951.2182  RESTRAINT  =         0.0000
 ------------------------------------------------------------------------------

| RE_POSITION Moving by  -0.632929 -0.116766 -0.399104

 NSTEP =    11000   TIME(PS) =      11.000  TEMP(K) =   299.77  PRESS =     0.0
 Etot   =     -2092.9539  EKtot   =       570.0835  EPtot      =     -2663.0373
 BOND   =       245.6717  ANGLE   =       347.5224  DIHED      =       494.6797
 1-4 NB =       166.9012  1-4 EEL =      -328.4402  VDWAALS    =      -335.1145
 EELEC  =     -1012.3123  EGB     =     -2241.9453  RESTRAINT  =         0.0000
 ------------------------------------------------------------------------------


 NSTEP =    11100   TIME(PS) =      11.100  TEMP(K) =   301.98  PRESS =     0.0
 Etot   =     -2107.1107  EKtot   =       574.2887  EPtot      =     -2681.3995
 BOND   =       228.9422  ANGLE   =       354.0588  DIHED      =       501.6803
 1-4 NB =       158.4990  1-4 EEL =      -353.3108  VDWAALS    =      -333.6595
 EELEC  =     -1211.3377  EGB     =     -2026.2719  RESTRAINT  =         0.0000
 ------------------------------------------------------------------------------


 NSTEP =    11200   TIME(PS) =      11.200  TEMP(K) =   312.37  PRESS =     0.0
 Etot   =     -2100.2688  EKtot   =       594.0523  EPtot      =     -2694.3211
 BOND   =       247.7536  ANGLE   =       336.2420  DIHED      =       497.7897
 1-4 NB =       151.0812  1-4 EEL =      -353.8201  VDWAALS    =      -337.0590
 EELEC  =     -1169.0272  EGB     =     -2067.2813  RESTRAINT  =         0.0000
 ------------------------------------------------------------------------------


 NSTEP =    11300   TIME(PS) =      11.300  TEMP(K) =   299.20  PRESS =     0.0
 Etot   =     -2108.8835  EKtot   =       569.0040  EPtot      =     -2677.8876
 BOND   =       252.9809  ANGLE   =       339.7095  DIHED      =       489.9977
 1-4 NB =       157.1612  1-4 EEL =      -339.0553  VDWAALS    =      -331.9410
 EELEC  =     -1068.2485  EGB     =     -2178.4920  RESTRAINT  =         0.0000
 ------------------------------------------------------------------------------


 NSTEP =    11400   TIME(PS) =      11.400  TEMP(K) =   297.56  PRESS =     0.0
 Etot   =     -2108.5844  EKtot   =       565.8746  EPtot      =     -2674.4589
 BOND   =       238.2878  ANGLE   =       337.3971  DIHED      =       500.5337
 1-4 NB =       162.2874  1-4 EEL =      -332.5250  VDWAALS    =      -332.6764
 EELEC  =     -1343.2456  EGB     =     -1904.5179  RESTRAINT  =         0.0000
 ------------------------------------------------------------------------------


 NSTEP =    11500   TIME(PS) =      11.500  TEMP(K) =   302.15  PRESS =     0.0
 Etot   =     -2100.6380  EKtot   =       574.6103  EPtot      =     -2675.2483
 BOND   =       219.4991  ANGLE   =       356.8150  DIHED      =       505.6087
 1-4 NB =       154.6068  1-4 EEL =      -335.9587  VDWAALS    =      -332.4556
 EELEC  =     -1311.6919  EGB     =     -1931.6716  RESTRAINT  =         0.0000
 ------------------------------------------------------------------------------


 NSTEP =    11600   TIME(PS) =      11.600  TEMP(K) =   297.70  PRESS =     0.0
 Etot   =     -2095.4680  EKtot   =       566.1556  EPtot      =     -2661.6236
 BOND   =       230.8952  ANGLE   =       357.1039  DIHED      =       497.0743
 1-4 NB =       169.1582  1-4 EEL =      -338.2919  VDWAALS    =      -330.3035
 EELEC  =     -1434.1408  EGB     =     -1813.1191  RESTRAINT  =         0.0000
 ------------------------------------------------------------------------------


 NSTEP =    11700   TIME(PS) =      11.700  TEMP(K) =   300.30  PRESS =     0.0
 Etot   =     -2108.6488  EKtot   =       571.0975  EPtot      =     -2679.7463
 BOND   =       259.9919  ANGLE   =       322.9103  DIHED      =       499.7415
 1-4 NB =       156.2223  1-4 EEL =      -349.0677  VDWAALS    =      -323.4584
 EELEC  =     -1285.4149  EGB     =     -1960.6714  RESTRAINT  =         0.0000
 ------------------------------------------------------------------------------


 NSTEP =    11800   TIME(PS) =      11.800  TEMP(K) =   303.86  PRESS =     0.0
 Etot   =     -2115.3640  EKtot   =       577.8711  EPtot      =     -2693.2351
 BOND   =       235.1968  ANGLE   =       333.2610  DIHED      =       489.3509
 1-4 NB =       159.9999  1-4 EEL =      -327.0172  VDWAALS    =      -322.5456
 EELEC  =     -1246.7645  EGB     =     -2014.7165  RESTRAINT  =         0.0000
 ------------------------------------------------------------------------------


 NSTEP =    11900   TIME(PS) =      11.900  TEMP(K) =   300.73  PRESS =     0.0
 Etot   =     -2110.7667  EKtot   =       571.9186  EPtot      =     -2682.6854
 BOND   =       227.4538  ANGLE   =       348.0246  DIHED      =       496.0912
 1-4 NB =       162.3700  1-4 EEL =      -339.6160  VDWAALS    =      -327.0528
 EELEC  =     -1134.8547  EGB     =     -2115.1016  RESTRAINT  =         0.0000
 ------------------------------------------------------------------------------

| RE_POSITION Moving by  -0.288652 -0.492893  0.869088

 NSTEP =    12000   TIME(PS) =      12.000  TEMP(K) =   301.00  PRESS =     0.0
 Etot   =     -2125.2729  EKtot   =       572.4207  EPtot      =     -2697.6936
 BOND   =       229.1440  ANGLE   =       360.6496  DIHED      =       473.6681
 1-4 NB =       157.2865  1-4 EEL =      -358.2656  VDWAALS    =      -326.6092
 EELEC  =     -1348.7164  EGB     =     -1884.8505  RESTRAINT  =         0.0000
 ------------------------------------------------------------------------------


 NSTEP =    12100   TIME(PS) =      12.100  TEMP(K) =   297.33  PRESS =     0.0
 Etot   =     -2128.6452  EKtot   =       565.4473  EPtot      =     -2694.0926
 BOND   =       244.5631  ANGLE   =       322.7069  DIHED      =       502.7638
 1-4 NB =       149.0614  1-4 EEL =      -351.5900  VDWAALS    =      -324.9133
 EELEC  =     -1316.8341  EGB     =     -1919.8504  RESTRAINT  =         0.0000
 ------------------------------------------------------------------------------


 NSTEP =    12200   TIME(PS) =      12.200  TEMP(K) =   299.03  PRESS =     0.0
 Etot   =     -2121.4958  EKtot   =       568.6860  EPtot      =     -2690.1818
 BOND   =       240.4795  ANGLE   =       329.0030  DIHED      =       501.8849
 1-4 NB =       162.4788  1-4 EEL =      -355.4167  VDWAALS    =      -327.4837
 EELEC  =     -1184.0959  EGB     =     -2057.0317  RESTRAINT  =         0.0000
 ------------------------------------------------------------------------------


 NSTEP =    12300   TIME(PS) =      12.300  TEMP(K) =   304.37  PRESS =     0.0
 Etot   =     -2132.3868  EKtot   =       578.8250  EPtot      =     -2711.2118
 BOND   =       230.6477  ANGLE   =       332.1740  DIHED      =       489.3197
 1-4 NB =       155.3632  1-4 EEL =      -341.0255  VDWAALS    =      -326.9359
 EELEC  =     -1055.1576  EGB     =     -2195.5975  RESTRAINT  =         0.0000
 ------------------------------------------------------------------------------


 NSTEP =    12400   TIME(PS) =      12.400  TEMP(K) =   306.33  PRESS =     0.0
 Etot   =     -2108.0136  EKtot   =       582.5637  EPtot      =     -2690.5773
 BOND   =       244.5174  ANGLE   =       325.8101  DIHED      =       499.2147
 1-4 NB =       159.2758  1-4 EEL =      -341.7590  VDWAALS    =      -333.0990
 EELEC  =     -1137.9650  EGB     =     -2106.5724  RESTRAINT  =         0.0000
 ------------------------------------------------------------------------------


 NSTEP =    12500   TIME(PS) =      12.500  TEMP(K) =   296.36  PRESS =     0.0
 Etot   =     -2114.6665  EKtot   =       563.5955  EPtot      =     -2678.2620
 BOND   =       233.7646  ANGLE   =       343.0861  DIHED      =       489.4509
 1-4 NB =       157.8737  1-4 EEL =      -336.5665  VDWAALS    =      -336.8006
 EELEC  =      -760.2180  EGB     =     -2468.8523  RESTRAINT  =         0.0000
 ------------------------------------------------------------------------------


 NSTEP =    12600   TIME(PS) =      12.600  TEMP(K) =   288.59  PRESS =     0.0
 Etot   =     -2127.4407  EKtot   =       548.8191  EPtot      =     -2676.2598
 BOND   =       244.3036  ANGLE   =       358.7020  DIHED      =       483.3161
 1-4 NB =       164.5810  1-4 EEL =      -362.0628  VDWAALS    =      -338.1635
 EELEC  =     -1317.4582  EGB     =     -1909.4781  RESTRAINT  =         0.0000
 ------------------------------------------------------------------------------


 NSTEP =    12700   TIME(PS) =      12.700  TEMP(K) =   312.80  PRESS =     0.0
 Etot   =     -2134.7420  EKtot   =       594.8614  EPtot      =     -2729.6034
 BOND   =       232.1871  ANGLE   =       305.3407  DIHED      =       498.1144
 1-4 NB =       158.6647  1-4 EEL =      -343.4408  VDWAALS    =      -333.6521
 EELEC  =     -1494.5026  EGB     =     -1752.3148  RESTRAINT  =         0.0000
 ------------------------------------------------------------------------------


 NSTEP =    12800   TIME(PS) =      12.800  TEMP(K) =   311.51  PRESS =     0.0
 Etot   =     -2121.8089  EKtot   =       592.4082  EPtot      =     -2714.2171
 BOND   =       224.7785  ANGLE   =       323.6166  DIHED      =       509.0658
 1-4 NB =       151.4001  1-4 EEL =      -354.7972  VDWAALS    =      -334.5098
 EELEC  =     -1136.4133  EGB     =     -2097.3579  RESTRAINT  =         0.0000
 ------------------------------------------------------------------------------


 NSTEP =    12900   TIME(PS) =      12.900  TEMP(K) =   296.19  PRESS =     0.0
 Etot   =     -2113.6453  EKtot   =       563.2705  EPtot      =     -2676.9158
 BOND   =       227.4307  ANGLE   =       340.4781  DIHED      =       502.4118
 1-4 NB =       165.3373  1-4 EEL =      -339.5815  VDWAALS    =      -335.5882
 EELEC  =     -1392.7279  EGB     =     -1844.6760  RESTRAINT  =         0.0000
 ------------------------------------------------------------------------------

| RE_POSITION Moving by  -0.507579 -0.088169 -0.327614

 NSTEP =    13000   TIME(PS) =      13.000  TEMP(K) =   299.40  PRESS =     0.0
 Etot   =     -2118.9967  EKtot   =       569.3878  EPtot      =     -2688.3845
 BOND   =       227.6022  ANGLE   =       333.4745  DIHED      =       507.5721
 1-4 NB =       159.0294  1-4 EEL =      -336.7553  VDWAALS    =      -330.5681
 EELEC  =     -1337.8061  EGB     =     -1910.9332  RESTRAINT  =         0.0000
 ------------------------------------------------------------------------------


 NSTEP =    13100   TIME(PS) =      13.100  TEMP(K) =   306.42  PRESS =     0.0
 Etot   =     -2113.4362  EKtot   =       582.7403  EPtot      =     -2696.1765
 BOND   =       238.6191  ANGLE   =       337.2439  DIHED      =       503.6680
 1-4 NB =       153.4340  1-4 EEL =      -347.3781  VDWAALS    =      -335.8537
 EELEC  =     -1399.1813  EGB     =     -1846.7284  RESTRAINT  =         0.0000
 ------------------------------------------------------------------------------


 NSTEP =    13200   TIME(PS) =      13.200  TEMP(K) =   296.68  PRESS =     0.0
 Etot   =     -2107.0507  EKtot   =       564.2019  EPtot      =     -2671.2526
 BOND   =       247.7528  ANGLE   =       348.2091  DIHED      =       494.7492
 1-4 NB =       161.3526  1-4 EEL =      -348.9210  VDWAALS    =      -332.7002
 EELEC  =     -1231.9983  EGB     =     -2009.6967  RESTRAINT  =         0.0000
 ------------------------------------------------------------------------------


 NSTEP =    13300   TIME(PS) =      13.300  TEMP(K) =   299.17  PRESS =     0.0
 Etot   =     -2111.7738  EKtot   =       568.9436  EPtot      =     -2680.7174
 BOND   =       239.3203  ANGLE   =       352.8390  DIHED      =       503.4792
 1-4 NB =       153.7946  1-4 EEL =      -348.3621  VDWAALS    =      -331.0547
 EELEC  =     -1541.0236  EGB     =     -1709.7101  RESTRAINT  =         0.0000
 ------------------------------------------------------------------------------


 NSTEP =    13400   TIME(PS) =      13.400  TEMP(K) =   314.25  PRESS =     0.0
 Etot   =     -2097.7387  EKtot   =       597.6164  EPtot      =     -2695.3552
 BOND   =       231.3863  ANGLE   =       331.2781  DIHED      =       500.6923
 1-4 NB =       160.5832  1-4 EEL =      -347.4856  VDWAALS    =      -330.2968
 EELEC  =     -1024.8459  EGB     =     -2216.6667  RESTRAINT  =         0.0000
 ------------------------------------------------------------------------------


 NSTEP =    13500   TIME(PS) =      13.500  TEMP(K) =   294.83  PRESS =     0.0
 Etot   =     -2113.9001  EKtot   =       560.6950  EPtot      =     -2674.5952
 BOND   =       239.0757  ANGLE   =       347.7538  DIHED      =       504.4392
 1-4 NB =       155.2645  1-4 EEL =      -367.1846  VDWAALS    =      -325.8180
 EELEC  =     -1128.5959  EGB     =     -2099.5299  RESTRAINT  =         0.0000
 ------------------------------------------------------------------------------


 NSTEP =    13600   TIME(PS) =      13.600  TEMP(K) =   292.70  PRESS =     0.0
 Etot   =     -2121.1957  EKtot   =       556.6348  EPtot      =     -2677.8305
 BOND   =       213.5113  ANGLE   =       340.0239  DIHED      =       515.9041
 1-4 NB =       161.3281  1-4 EEL =      -327.6091  VDWAALS    =      -332.8366
 EELEC  =     -1191.3178  EGB     =     -2056.8345  RESTRAINT  =         0.0000
 ------------------------------------------------------------------------------


 NSTEP =    13700   TIME(PS) =      13.700  TEMP(K) =   307.44  PRESS =     0.0
 Etot   =     -2107.4998  EKtot   =       584.6762  EPtot      =     -2692.1761
 BOND   =       220.7411  ANGLE   =       343.7431  DIHED      =       509.6059
 1-4 NB =       153.9568  1-4 EEL =      -352.1309  VDWAALS    =      -337.5057
 EELEC  =     -1009.5711  EGB     =     -2221.0153  RESTRAINT  =         0.0000
 ------------------------------------------------------------------------------


 NSTEP =    13800   TIME(PS) =      13.800  TEMP(K) =   311.33  PRESS =     0.0
 Etot   =     -2103.0789  EKtot   =       592.0603  EPtot      =     -2695.1391
 BOND   =       232.5913  ANGLE   =       316.7664  DIHED      =       506.4077
 1-4 NB =       160.5422  1-4 EEL =      -346.9197  VDWAALS    =      -326.2573
 EELEC  =      -928.6496  EGB     =     -2309.6201  RESTRAINT  =         0.0000
 ------------------------------------------------------------------------------


 NSTEP =    13900   TIME(PS) =      13.900  TEMP(K) =   315.58  PRESS =     0.0
 Etot   =     -2101.8704  EKtot   =       600.1538  EPtot      =     -2702.0242
 BOND   =       219.4944  ANGLE   =       330.1772  DIHED      =       498.5598
 1-4 NB =       159.8284  1-4 EEL =      -333.5316  VDWAALS    =      -333.8169
 EELEC  =     -1301.6232  EGB     =     -1941.1124  RESTRAINT  =         0.0000
 ------------------------------------------------------------------------------

| RE_POSITION Moving by   0.420358 -0.073152  0.377517

 NSTEP =    14000   TIME(PS) =      14.000  TEMP(K) =   291.41  PRESS =     0.0
 Etot   =     -2090.8341  EKtot   =       554.1792  EPtot      =     -2645.0133
 BOND   =       242.8270  ANGLE   =       363.3635  DIHED      =       499.9557
 1-4 NB =       153.7290  1-4 EEL =      -346.4767  VDWAALS    =      -323.5128
 EELEC  =     -1003.4752  EGB     =     -2231.4239  RESTRAINT  =         0.0000
 ------------------------------------------------------------------------------


 NSTEP =    14100   TIME(PS) =      14.100  TEMP(K) =   300.35  PRESS =     0.0
 Etot   =     -2079.1071  EKtot   =       571.1859  EPtot      =     -2650.2930
 BOND   =       238.7545  ANGLE   =       360.2575  DIHED      =       498.5758
 1-4 NB =       158.8415  1-4 EEL =      -334.0551  VDWAALS    =      -325.8167
 EELEC  =      -991.1310  EGB     =     -2255.7195  RESTRAINT  =         0.0000
 ------------------------------------------------------------------------------


 NSTEP =    14200   TIME(PS) =      14.200  TEMP(K) =   301.12  PRESS =     0.0
 Etot   =     -2104.8374  EKtot   =       572.6616  EPtot      =     -2677.4990
 BOND   =       236.9040  ANGLE   =       348.7876  DIHED      =       496.7458
 1-4 NB =       163.7268  1-4 EEL =      -356.4815  VDWAALS    =      -334.9119
 EELEC  =     -1401.7667  EGB     =     -1830.5032  RESTRAINT  =         0.0000
 ------------------------------------------------------------------------------


 NSTEP =    14300   TIME(PS) =      14.300  TEMP(K) =   298.15  PRESS =     0.0
 Etot   =     -2104.5173  EKtot   =       567.0068  EPtot      =     -2671.5241
 BOND   =       254.2106  ANGLE   =       335.1561  DIHED      =       495.2216
 1-4 NB =       153.9403  1-4 EEL =      -337.6761  VDWAALS    =      -324.2070
 EELEC  =     -1031.7801  EGB     =     -2216.3895  RESTRAINT  =         0.0000
 ------------------------------------------------------------------------------


 NSTEP =    14400   TIME(PS) =      14.400  TEMP(K) =   309.00  PRESS =     0.0
 Etot   =     -2076.3992  EKtot   =       587.6290  EPtot      =     -2664.0282
 BOND   =       245.8648  ANGLE   =       345.2138  DIHED      =       504.9323
 1-4 NB =       155.5008  1-4 EEL =      -344.7308  VDWAALS    =      -320.6244
 EELEC  =     -1080.9068  EGB     =     -2169.2779  RESTRAINT  =         0.0000
 ------------------------------------------------------------------------------


 NSTEP =    14500   TIME(PS) =      14.500  TEMP(K) =   311.21  PRESS =     0.0
 Etot   =     -2062.0587  EKtot   =       591.8434  EPtot      =     -2653.9022
 BOND   =       247.5460  ANGLE   =       356.2060  DIHED      =       504.3294
 1-4 NB =       151.0867  1-4 EEL =      -352.7709  VDWAALS    =      -324.4871
 EELEC  =     -1029.2240  EGB     =     -2206.5883  RESTRAINT  =         0.0000
 ------------------------------------------------------------------------------


 NSTEP =    14600   TIME(PS) =      14.600  TEMP(K) =   312.29  PRESS =     0.0
 Etot   =     -2059.2217  EKtot   =       593.8924  EPtot      =     -2653.1141
 BOND   =       224.8105  ANGLE   =       374.2446  DIHED      =       489.0728
 1-4 NB =       166.2477  1-4 EEL =      -349.0087  VDWAALS    =      -326.9747
 EELEC  =      -649.1700  EGB     =     -2582.3363  RESTRAINT  =         0.0000
 ------------------------------------------------------------------------------


 NSTEP =    14700   TIME(PS) =      14.700  TEMP(K) =   312.90  PRESS =     0.0
 Etot   =     -2074.3418  EKtot   =       595.0630  EPtot      =     -2669.4048
 BOND   =       242.9773  ANGLE   =       351.2246  DIHED      =       494.4481
 1-4 NB =       164.3910  1-4 EEL =      -347.9697  VDWAALS    =      -326.1923
 EELEC  =      -848.5721  EGB     =     -2399.7117  RESTRAINT  =         0.0000
 ------------------------------------------------------------------------------


 NSTEP =    14800   TIME(PS) =      14.800  TEMP(K) =   309.65  PRESS =     0.0
 Etot   =     -2091.4882  EKtot   =       588.8736  EPtot      =     -2680.3618
 BOND   =       234.3528  ANGLE   =       337.5692  DIHED      =       510.7664
 1-4 NB =       151.5093  1-4 EEL =      -339.0898  VDWAALS    =      -322.7892
 EELEC  =     -1219.5023  EGB     =     -2033.1783  RESTRAINT  =         0.0000
 ------------------------------------------------------------------------------


 NSTEP =    14900   TIME(PS) =      14.900  TEMP(K) =   313.24  PRESS =     0.0
 Etot   =     -2059.4897  EKtot   =       595.7092  EPtot      =     -2655.1989
 BOND   =       245.8043  ANGLE   =       356.9167  DIHED      =       492.1330
 1-4 NB =       154.5050  1-4 EEL =      -338.4831  VDWAALS    =      -326.1671
 EELEC  =      -506.6578  EGB     =     -2733.2499  RESTRAINT  =         0.0000
 ------------------------------------------------------------------------------

| RE_POSITION Moving by   0.437570  0.004416 -0.265432

 NSTEP =    15000   TIME(PS) =      15.000  TEMP(K) =   322.40  PRESS =     0.0
 Etot   =     -2055.9455  EKtot   =       613.1221  EPtot      =     -2669.0676
 BOND   =       237.4187  ANGLE   =       357.8908  DIHED      =       498.4588
 1-4 NB =       157.1505  1-4 EEL =      -364.9660  VDWAALS    =      -328.8253
 EELEC  =      -786.0828  EGB     =     -2440.1122  RESTRAINT  =         0.0000
 ------------------------------------------------------------------------------


 NSTEP =    15100   TIME(PS) =      15.100  TEMP(K) =   312.77  PRESS =     0.0
 Etot   =     -2077.2750  EKtot   =       594.8047  EPtot      =     -2672.0797
 BOND   =       233.8657  ANGLE   =       351.5794  DIHED      =       491.2820
 1-4 NB =       160.3651  1-4 EEL =      -345.3959  VDWAALS    =      -323.2760
 EELEC  =      -925.1570  EGB     =     -2315.3429  RESTRAINT  =         0.0000
 ------------------------------------------------------------------------------


 NSTEP =    15200   TIME(PS) =      15.200  TEMP(K) =   299.00  PRESS =     0.0
 Etot   =     -2095.0320  EKtot   =       568.6151  EPtot      =     -2663.6471
 BOND   =       241.8365  ANGLE   =       348.5253  DIHED      =       505.0522
 1-4 NB =       157.7763  1-4 EEL =      -352.1838  VDWAALS    =      -324.1321
 EELEC  =      -866.8562  EGB     =     -2373.6653  RESTRAINT  =         0.0000
 ------------------------------------------------------------------------------


 NSTEP =    15300   TIME(PS) =      15.300  TEMP(K) =   294.44  PRESS =     0.0
 Etot   =     -2094.1376  EKtot   =       559.9545  EPtot      =     -2654.0922
 BOND   =       261.5635  ANGLE   =       339.6690  DIHED      =       518.3968
 1-4 NB =       152.4503  1-4 EEL =      -369.3150  VDWAALS    =      -331.9973
 EELEC  =      -986.5537  EGB     =     -2238.3057  RESTRAINT  =         0.0000
 ------------------------------------------------------------------------------


 NSTEP =    15400   TIME(PS) =      15.400  TEMP(K) =   297.77  PRESS =     0.0
 Etot   =     -2121.0893  EKtot   =       566.2739  EPtot      =     -2687.3632
 BOND   =       223.2040  ANGLE   =       350.0120  DIHED      =       493.4076
 1-4 NB =       165.4189  1-4 EEL =      -360.0857  VDWAALS    =      -336.8430
 EELEC  =      -957.5453  EGB     =     -2264.9317  RESTRAINT  =         0.0000
 ------------------------------------------------------------------------------


 NSTEP =    15500   TIME(PS) =      15.500  TEMP(K) =   311.93  PRESS =     0.0
 Etot   =     -2130.4981  EKtot   =       593.2110  EPtot      =     -2723.7092
 BOND   =       220.6071  ANGLE   =       327.2189  DIHED      =       493.6453
 1-4 NB =       157.3846  1-4 EEL =      -343.7553  VDWAALS    =      -339.0893
 EELEC  =     -1085.3616  EGB     =     -2154.3588  RESTRAINT  =         0.0000
 ------------------------------------------------------------------------------


 NSTEP =    15600   TIME(PS) =      15.600  TEMP(K) =   300.09  PRESS =     0.0
 Etot   =     -2123.9363  EKtot   =       570.7026  EPtot      =     -2694.6389
 BOND   =       233.1075  ANGLE   =       332.1361  DIHED      =       503.8489
 1-4 NB =       158.3774  1-4 EEL =      -346.9502  VDWAALS    =      -333.6917
 EELEC  =     -1155.1599  EGB     =     -2086.3070  RESTRAINT  =         0.0000
 ------------------------------------------------------------------------------


 NSTEP =    15700   TIME(PS) =      15.700  TEMP(K) =   299.14  PRESS =     0.0
 Etot   =     -2111.0260  EKtot   =       568.8960  EPtot      =     -2679.9220
 BOND   =       228.7910  ANGLE   =       350.2933  DIHED      =       504.4219
 1-4 NB =       157.7537  1-4 EEL =      -352.1638  VDWAALS    =      -337.3720
 EELEC  =     -1029.8318  EGB     =     -2201.8143  RESTRAINT  =         0.0000
 ------------------------------------------------------------------------------


 NSTEP =    15800   TIME(PS) =      15.800  TEMP(K) =   298.64  PRESS =     0.0
 Etot   =     -2103.2895  EKtot   =       567.9439  EPtot      =     -2671.2334
 BOND   =       222.9381  ANGLE   =       371.1607  DIHED      =       500.1774
 1-4 NB =       154.0211  1-4 EEL =      -354.8694  VDWAALS    =      -332.8640
 EELEC  =     -1182.8463  EGB     =     -2048.9510  RESTRAINT  =         0.0000
 ------------------------------------------------------------------------------


 NSTEP =    15900   TIME(PS) =      15.900  TEMP(K) =   296.12  PRESS =     0.0
 Etot   =     -2114.5126  EKtot   =       563.1378  EPtot      =     -2677.6503
 BOND   =       224.4587  ANGLE   =       368.0279  DIHED      =       496.0577
 1-4 NB =       157.5189  1-4 EEL =      -358.1791  VDWAALS    =      -336.7008
 EELEC  =     -1181.0834  EGB     =     -2047.7504  RESTRAINT  =         0.0000
 ------------------------------------------------------------------------------

| RE_POSITION Moving by   0.140182 -1.360898  0.813996

 NSTEP =    16000   TIME(PS) =      16.000  TEMP(K) =   299.59  PRESS =     0.0
 Etot   =     -2119.7729  EKtot   =       569.7465  EPtot      =     -2689.5194
 BOND   =       219.8196  ANGLE   =       348.9462  DIHED      =       495.0844
 1-4 NB =       157.6666  1-4 EEL =      -350.3586  VDWAALS    =      -330.7095
 EELEC  =     -1037.9142  EGB     =     -2192.0540  RESTRAINT  =         0.0000
 ------------------------------------------------------------------------------


 NSTEP =    16100   TIME(PS) =      16.100  TEMP(K) =   302.34  PRESS =     0.0
 Etot   =     -2116.1648  EKtot   =       574.9717  EPtot      =     -2691.1366
 BOND   =       201.0988  ANGLE   =       372.6465  DIHED      =       492.3125
 1-4 NB =       160.5385  1-4 EEL =      -365.8429  VDWAALS    =      -327.3804
 EELEC  =     -1030.1749  EGB     =     -2194.3347  RESTRAINT  =         0.0000
 ------------------------------------------------------------------------------


 NSTEP =    16200   TIME(PS) =      16.200  TEMP(K) =   306.81  PRESS =     0.0
 Etot   =     -2097.6035  EKtot   =       583.4701  EPtot      =     -2681.0736
 BOND   =       219.6149  ANGLE   =       357.1361  DIHED      =       496.9380
 1-4 NB =       161.6051  1-4 EEL =      -338.5556  VDWAALS    =      -329.3736
 EELEC  =     -1094.5652  EGB     =     -2153.8732  RESTRAINT  =         0.0000
 ------------------------------------------------------------------------------


 NSTEP =    16300   TIME(PS) =      16.300  TEMP(K) =   301.97  PRESS =     0.0
 Etot   =     -2102.7790  EKtot   =       574.2644  EPtot      =     -2677.0433
 BOND   =       226.8357  ANGLE   =       376.7665  DIHED      =       486.9397
 1-4 NB =       159.8753  1-4 EEL =      -351.4479  VDWAALS    =      -333.4373
 EELEC  =     -1327.4060  EGB     =     -1915.1692  RESTRAINT  =         0.0000
 ------------------------------------------------------------------------------


 NSTEP =    16400   TIME(PS) =      16.400  TEMP(K) =   298.11  PRESS =     0.0
 Etot   =     -2104.1143  EKtot   =       566.9324  EPtot      =     -2671.0467
 BOND   =       234.2699  ANGLE   =       346.5746  DIHED      =       494.4478
 1-4 NB =       156.2447  1-4 EEL =      -334.5664  VDWAALS    =      -324.0455
 EELEC  =     -1040.5516  EGB     =     -2203.4202  RESTRAINT  =         0.0000
 ------------------------------------------------------------------------------


 NSTEP =    16500   TIME(PS) =      16.500  TEMP(K) =   310.13  PRESS =     0.0
 Etot   =     -2085.2087  EKtot   =       589.7816  EPtot      =     -2674.9902
 BOND   =       219.1807  ANGLE   =       343.7004  DIHED      =       507.6808
 1-4 NB =       164.1785  1-4 EEL =      -355.0731  VDWAALS    =      -319.4223
 EELEC  =      -872.5474  EGB     =     -2362.6879  RESTRAINT  =         0.0000
 ------------------------------------------------------------------------------


 NSTEP =    16600   TIME(PS) =      16.600  TEMP(K) =   310.97  PRESS =     0.0
 Etot   =     -2076.3350  EKtot   =       591.3770  EPtot      =     -2667.7120
 BOND   =       229.0160  ANGLE   =       361.6087  DIHED      =       504.4443
 1-4 NB =       155.2399  1-4 EEL =      -350.8708  VDWAALS    =      -328.8747
 EELEC  =      -881.6639  EGB     =     -2356.6114  RESTRAINT  =         0.0000
 ------------------------------------------------------------------------------


 NSTEP =    16700   TIME(PS) =      16.700  TEMP(K) =   314.46  PRESS =     0.0
 Etot   =     -2073.0639  EKtot   =       598.0275  EPtot      =     -2671.0914
 BOND   =       210.4629  ANGLE   =       368.4404  DIHED      =       497.9456
 1-4 NB =       157.4318  1-4 EEL =      -352.2780  VDWAALS    =      -326.0465
 EELEC  =      -905.9271  EGB     =     -2321.1205  RESTRAINT  =         0.0000
 ------------------------------------------------------------------------------


 NSTEP =    16800   TIME(PS) =      16.800  TEMP(K) =   298.64  PRESS =     0.0
 Etot   =     -2098.1132  EKtot   =       567.9419  EPtot      =     -2666.0551
 BOND   =       218.0398  ANGLE   =       346.3121  DIHED      =       507.4554
 1-4 NB =       166.1978  1-4 EEL =      -330.3678  VDWAALS    =      -327.4248
 EELEC  =     -1022.3222  EGB     =     -2223.9455  RESTRAINT  =         0.0000
 ------------------------------------------------------------------------------


 NSTEP =    16900   TIME(PS) =      16.900  TEMP(K) =   296.41  PRESS =     0.0
 Etot   =     -2111.6457  EKtot   =       563.6917  EPtot      =     -2675.3374
 BOND   =       217.5818  ANGLE   =       347.2179  DIHED      =       515.9948
 1-4 NB =       160.7270  1-4 EEL =      -340.9283  VDWAALS    =      -322.1241
 EELEC  =     -1377.4714  EGB     =     -1876.3351  RESTRAINT  =         0.0000
 ------------------------------------------------------------------------------

| RE_POSITION Moving by   0.171060 -0.515465  0.002714

 NSTEP =    17000   TIME(PS) =      17.000  TEMP(K) =   311.85  PRESS =     0.0
 Etot   =     -2107.6635  EKtot   =       593.0542  EPtot      =     -2700.7177
 BOND   =       218.2649  ANGLE   =       343.4031  DIHED      =       499.2473
 1-4 NB =       163.0335  1-4 EEL =      -348.4258  VDWAALS    =      -320.2006
 EELEC  =     -1093.8473  EGB     =     -2162.1928  RESTRAINT  =         0.0000
 ------------------------------------------------------------------------------


 NSTEP =    17100   TIME(PS) =      17.100  TEMP(K) =   315.57  PRESS =     0.0
 Etot   =     -2097.0128  EKtot   =       600.1375  EPtot      =     -2697.1503
 BOND   =       239.3776  ANGLE   =       329.9218  DIHED      =       503.1468
 1-4 NB =       155.8892  1-4 EEL =      -369.0452  VDWAALS    =      -325.4136
 EELEC  =     -1179.1385  EGB     =     -2051.8884  RESTRAINT  =         0.0000
 ------------------------------------------------------------------------------


 NSTEP =    17200   TIME(PS) =      17.200  TEMP(K) =   298.59  PRESS =     0.0
 Etot   =     -2069.8439  EKtot   =       567.8447  EPtot      =     -2637.6886
 BOND   =       252.0988  ANGLE   =       365.9933  DIHED      =       497.2697
 1-4 NB =       158.0076  1-4 EEL =      -347.4499  VDWAALS    =      -318.8524
 EELEC  =     -1330.7533  EGB     =     -1914.0024  RESTRAINT  =         0.0000
 ------------------------------------------------------------------------------


 NSTEP =    17300   TIME(PS) =      17.300  TEMP(K) =   308.00  PRESS =     0.0
 Etot   =     -2063.1312  EKtot   =       585.7289  EPtot      =     -2648.8601
 BOND   =       233.4468  ANGLE   =       364.1178  DIHED      =       509.1897
 1-4 NB =       156.6254  1-4 EEL =      -358.0826  VDWAALS    =      -329.4447
 EELEC  =     -1218.4335  EGB     =     -2006.2792  RESTRAINT  =         0.0000
 ------------------------------------------------------------------------------


 NSTEP =    17400   TIME(PS) =      17.400  TEMP(K) =   308.85  PRESS =     0.0
 Etot   =     -2082.7013  EKtot   =       587.3518  EPtot      =     -2670.0531
 BOND   =       232.1162  ANGLE   =       361.4118  DIHED      =       498.6717
 1-4 NB =       156.7795  1-4 EEL =      -369.2935  VDWAALS    =      -321.5522
 EELEC  =     -1276.8349  EGB     =     -1951.3518  RESTRAINT  =         0.0000
 ------------------------------------------------------------------------------


 NSTEP =    17500   TIME(PS) =      17.500  TEMP(K) =   307.17  PRESS =     0.0
 Etot   =     -2089.0748  EKtot   =       584.1546  EPtot      =     -2673.2294
 BOND   =       246.3318  ANGLE   =       363.3817  DIHED      =       489.5198
 1-4 NB =       153.7147  1-4 EEL =      -373.0490  VDWAALS    =      -320.0154
 EELEC  =     -1278.1112  EGB     =     -1955.0018  RESTRAINT  =         0.0000
 ------------------------------------------------------------------------------


 NSTEP =    17600   TIME(PS) =      17.600  TEMP(K) =   303.44  PRESS =     0.0
 Etot   =     -2107.8853  EKtot   =       577.0697  EPtot      =     -2684.9550
 BOND   =       217.6404  ANGLE   =       360.1806  DIHED      =       499.8981
 1-4 NB =       161.0283  1-4 EEL =      -361.8081  VDWAALS    =      -320.2069
 EELEC  =     -1339.7102  EGB     =     -1901.9772  RESTRAINT  =         0.0000
 ------------------------------------------------------------------------------


 NSTEP =    17700   TIME(PS) =      17.700  TEMP(K) =   305.29  PRESS =     0.0
 Etot   =     -2105.2649  EKtot   =       580.5752  EPtot      =     -2685.8401
 BOND   =       220.6582  ANGLE   =       360.7977  DIHED      =       501.8938
 1-4 NB =       153.8968  1-4 EEL =      -374.0842  VDWAALS    =      -314.5681
 EELEC  =     -1242.9221  EGB     =     -1991.5123  RESTRAINT  =         0.0000
 ------------------------------------------------------------------------------


 NSTEP =    17800   TIME(PS) =      17.800  TEMP(K) =   294.24  PRESS =     0.0
 Etot   =     -2109.3924  EKtot   =       559.5765  EPtot      =     -2668.9689
 BOND   =       230.6969  ANGLE   =       344.2255  DIHED      =       508.3731
 1-4 NB =       156.2223  1-4 EEL =      -363.7639  VDWAALS    =      -317.0568
 EELEC  =     -1217.3697  EGB     =     -2010.2964  RESTRAINT  =         0.0000
 ------------------------------------------------------------------------------


 NSTEP =    17900   TIME(PS) =      17.900  TEMP(K) =   304.20  PRESS =     0.0
 Etot   =     -2106.2059  EKtot   =       578.5112  EPtot      =     -2684.7171
 BOND   =       248.7613  ANGLE   =       325.6710  DIHED      =       496.6394
 1-4 NB =       158.5204  1-4 EEL =      -354.0758  VDWAALS    =      -322.8729
 EELEC  =     -1036.3618  EGB     =     -2200.9987  RESTRAINT  =         0.0000
 ------------------------------------------------------------------------------

| RE_POSITION Moving by   0.555060 -0.037941 -0.490646

 NSTEP =    18000   TIME(PS) =      18.000  TEMP(K) =   307.60  PRESS =     0.0
 Etot   =     -2109.5619  EKtot   =       584.9815  EPtot      =     -2694.5433
 BOND   =       224.8604  ANGLE   =       361.2039  DIHED      =       490.3439
 1-4 NB =       151.5648  1-4 EEL =      -364.4712  VDWAALS    =      -325.0599
 EELEC  =     -1378.3360  EGB     =     -1854.6492  RESTRAINT  =         0.0000
 ------------------------------------------------------------------------------


 NSTEP =    18100   TIME(PS) =      18.100  TEMP(K) =   307.09  PRESS =     0.0
 Etot   =     -2086.8366  EKtot   =       584.0030  EPtot      =     -2670.8396
 BOND   =       223.2873  ANGLE   =       349.0379  DIHED      =       510.4466
 1-4 NB =       161.6123  1-4 EEL =      -358.0786  VDWAALS    =      -327.2218
 EELEC  =     -1196.4016  EGB     =     -2033.5218  RESTRAINT  =         0.0000
 ------------------------------------------------------------------------------


 NSTEP =    18200   TIME(PS) =      18.200  TEMP(K) =   315.54  PRESS =     0.0
 Etot   =     -2079.9309  EKtot   =       600.0841  EPtot      =     -2680.0150
 BOND   =       235.1767  ANGLE   =       344.8570  DIHED      =       504.9362
 1-4 NB =       159.6138  1-4 EEL =      -357.3933  VDWAALS    =      -323.7357
 EELEC  =     -1385.4519  EGB     =     -1858.0178  RESTRAINT  =         0.0000
 ------------------------------------------------------------------------------


 NSTEP =    18300   TIME(PS) =      18.300  TEMP(K) =   313.87  PRESS =     0.0
 Etot   =     -2077.1094  EKtot   =       596.8987  EPtot      =     -2674.0082
 BOND   =       223.3621  ANGLE   =       365.0399  DIHED      =       508.4150
 1-4 NB =       159.8891  1-4 EEL =      -356.2968  VDWAALS    =      -329.7331
 EELEC  =     -1356.4858  EGB     =     -1888.1986  RESTRAINT  =         0.0000
 ------------------------------------------------------------------------------


 NSTEP =    18400   TIME(PS) =      18.400  TEMP(K) =   305.92  PRESS =     0.0
 Etot   =     -2078.1765  EKtot   =       581.7787  EPtot      =     -2659.9552
 BOND   =       246.5577  ANGLE   =       333.6780  DIHED      =       524.6345
 1-4 NB =       157.5908  1-4 EEL =      -346.1009  VDWAALS    =      -330.6823
 EELEC  =     -1327.8807  EGB     =     -1917.7524  RESTRAINT  =         0.0000
 ------------------------------------------------------------------------------


 NSTEP =    18500   TIME(PS) =      18.500  TEMP(K) =   298.42  PRESS =     0.0
 Etot   =     -2087.6477  EKtot   =       567.5208  EPtot      =     -2655.1685
 BOND   =       227.4671  ANGLE   =       370.2198  DIHED      =       507.7526
 1-4 NB =       165.3143  1-4 EEL =      -345.4257  VDWAALS    =      -330.7773
 EELEC  =     -1447.4438  EGB     =     -1802.2756  RESTRAINT  =         0.0000
 ------------------------------------------------------------------------------


 NSTEP =    18600   TIME(PS) =      18.600  TEMP(K) =   317.08  PRESS =     0.0
 Etot   =     -2070.9775  EKtot   =       602.9973  EPtot      =     -2673.9747
 BOND   =       243.0120  ANGLE   =       347.8319  DIHED      =       497.4056
 1-4 NB =       156.9829  1-4 EEL =      -350.5797  VDWAALS    =      -324.8029
 EELEC  =     -1162.9032  EGB     =     -2080.9214  RESTRAINT  =         0.0000
 ------------------------------------------------------------------------------


 NSTEP =    18700   TIME(PS) =      18.700  TEMP(K) =   307.31  PRESS =     0.0
 Etot   =     -2086.8870  EKtot   =       584.4314  EPtot      =     -2671.3184
 BOND   =       248.0737  ANGLE   =       362.7164  DIHED      =       502.0853
 1-4 NB =       155.3176  1-4 EEL =      -365.8283  VDWAALS    =      -330.7811
 EELEC  =     -1384.7365  EGB     =     -1858.1654  RESTRAINT  =         0.0000
 ------------------------------------------------------------------------------


 NSTEP =    18800   TIME(PS) =      18.800  TEMP(K) =   309.14  PRESS =     0.0
 Etot   =     -2106.1417  EKtot   =       587.9102  EPtot      =     -2694.0519
 BOND   =       225.7289  ANGLE   =       327.7870  DIHED      =       510.8661
 1-4 NB =       157.9639  1-4 EEL =      -330.2836  VDWAALS    =      -330.3056
 EELEC  =     -1271.4686  EGB     =     -1984.3400  RESTRAINT  =         0.0000
 ------------------------------------------------------------------------------


 NSTEP =    18900   TIME(PS) =      18.900  TEMP(K) =   309.45  PRESS =     0.0
 Etot   =     -2119.5084  EKtot   =       588.5028  EPtot      =     -2708.0112
 BOND   =       233.3256  ANGLE   =       330.5777  DIHED      =       497.9316
 1-4 NB =       159.5007  1-4 EEL =      -356.1049  VDWAALS    =      -327.7984
 EELEC  =     -1310.3305  EGB     =     -1935.1131  RESTRAINT  =         0.0000
 ------------------------------------------------------------------------------

| RE_POSITION Moving by  -0.120458  0.142766  0.045967

 NSTEP =    19000   TIME(PS) =      19.000  TEMP(K) =   305.53  PRESS =     0.0
 Etot   =     -2108.4231  EKtot   =       581.0373  EPtot      =     -2689.4604
 BOND   =       223.1824  ANGLE   =       354.5130  DIHED      =       500.5042
 1-4 NB =       158.8916  1-4 EEL =      -352.3887  VDWAALS    =      -331.8911
 EELEC  =     -1285.0244  EGB     =     -1957.2474  RESTRAINT  =         0.0000
 ------------------------------------------------------------------------------


 NSTEP =    19100   TIME(PS) =      19.100  TEMP(K) =   299.68  PRESS =     0.0
 Etot   =     -2098.8832  EKtot   =       569.9135  EPtot      =     -2668.7967
 BOND   =       227.4652  ANGLE   =       376.9073  DIHED      =       499.7660
 1-4 NB =       162.2692  1-4 EEL =      -368.3470  VDWAALS    =      -323.9853
 EELEC  =     -1188.7009  EGB     =     -2054.1711  RESTRAINT  =         0.0000
 ------------------------------------------------------------------------------


 NSTEP =    19200   TIME(PS) =      19.200  TEMP(K) =   311.00  PRESS =     0.0
 Etot   =     -2108.0450  EKtot   =       591.4438  EPtot      =     -2699.4889
 BOND   =       225.1245  ANGLE   =       340.3865  DIHED      =       498.3863
 1-4 NB =       158.9674  1-4 EEL =      -362.7583  VDWAALS    =      -329.9325
 EELEC  =     -1242.4978  EGB     =     -1987.1649  RESTRAINT  =         0.0000
 ------------------------------------------------------------------------------


 NSTEP =    19300   TIME(PS) =      19.300  TEMP(K) =   300.02  PRESS =     0.0
 Etot   =     -2103.4890  EKtot   =       570.5557  EPtot      =     -2674.0448
 BOND   =       226.9122  ANGLE   =       374.9181  DIHED      =       491.7506
 1-4 NB =       161.4038  1-4 EEL =      -367.6014  VDWAALS    =      -332.6934
 EELEC  =     -1353.2048  EGB     =     -1875.5298  RESTRAINT  =         0.0000
 ------------------------------------------------------------------------------


 NSTEP =    19400   TIME(PS) =      19.400  TEMP(K) =   298.68  PRESS =     0.0
 Etot   =     -2119.7650  EKtot   =       568.0115  EPtot      =     -2687.7765
 BOND   =       235.0948  ANGLE   =       338.4809  DIHED      =       507.2900
 1-4 NB =       152.8834  1-4 EEL =      -344.7940  VDWAALS    =      -326.8529
 EELEC  =     -1326.6487  EGB     =     -1923.2298  RESTRAINT  =         0.0000
 ------------------------------------------------------------------------------


 NSTEP =    19500   TIME(PS) =      19.500  TEMP(K) =   296.37  PRESS =     0.0
 Etot   =     -2129.0095  EKtot   =       563.6231  EPtot      =     -2692.6325
 BOND   =       232.8478  ANGLE   =       333.4503  DIHED      =       511.0331
 1-4 NB =       156.2610  1-4 EEL =      -355.5542  VDWAALS    =      -337.0770
 EELEC  =     -1376.1321  EGB     =     -1857.4614  RESTRAINT  =         0.0000
 ------------------------------------------------------------------------------


 NSTEP =    19600   TIME(PS) =      19.600  TEMP(K) =   296.56  PRESS =     0.0
 Etot   =     -2117.9835  EKtot   =       563.9811  EPtot      =     -2681.9646
 BOND   =       236.9642  ANGLE   =       350.6693  DIHED      =       498.5263
 1-4 NB =       156.1901  1-4 EEL =      -352.7341  VDWAALS    =      -336.5399
 EELEC  =     -1162.5288  EGB     =     -2072.5118  RESTRAINT  =         0.0000
 ------------------------------------------------------------------------------


 NSTEP =    19700   TIME(PS) =      19.700  TEMP(K) =   300.53  PRESS =     0.0
 Etot   =     -2112.1454  EKtot   =       571.5232  EPtot      =     -2683.6685
 BOND   =       240.8937  ANGLE   =       330.2173  DIHED      =       496.9629
 1-4 NB =       155.6841  1-4 EEL =      -325.8670  VDWAALS    =      -322.4581
 EELEC  =     -1317.1841  EGB     =     -1941.9172  RESTRAINT  =         0.0000
 ------------------------------------------------------------------------------


 NSTEP =    19800   TIME(PS) =      19.800  TEMP(K) =   299.14  PRESS =     0.0
 Etot   =     -2120.4943  EKtot   =       568.8821  EPtot      =     -2689.3764
 BOND   =       229.4420  ANGLE   =       337.8433  DIHED      =       504.5400
 1-4 NB =       162.6796  1-4 EEL =      -332.6351  VDWAALS    =      -337.0493
 EELEC  =     -1202.4652  EGB     =     -2051.7317  RESTRAINT  =         0.0000
 ------------------------------------------------------------------------------


 NSTEP =    19900   TIME(PS) =      19.900  TEMP(K) =   294.63  PRESS =     0.0
 Etot   =     -2122.5565  EKtot   =       560.3105  EPtot      =     -2682.8670
 BOND   =       235.3545  ANGLE   =       366.7171  DIHED      =       504.7498
 1-4 NB =       148.4639  1-4 EEL =      -365.9665  VDWAALS    =      -334.8333
 EELEC  =     -1408.6297  EGB     =     -1828.7228  RESTRAINT  =         0.0000
 ------------------------------------------------------------------------------

| RE_POSITION Moving by  -0.054360 -0.293976 -0.099236

 NSTEP =    20000   TIME(PS) =      20.000  TEMP(K) =   302.17  PRESS =     0.0
 Etot   =     -2118.2221  EKtot   =       574.6443  EPtot      =     -2692.8663
 BOND   =       225.3003  ANGLE   =       344.6055  DIHED      =       493.0995
 1-4 NB =       157.1943  1-4 EEL =      -338.1190  VDWAALS    =      -325.2091
 EELEC  =     -1538.1626  EGB     =     -1711.5752  RESTRAINT  =         0.0000
 ------------------------------------------------------------------------------


 NSTEP =    20100   TIME(PS) =      20.100  TEMP(K) =   304.51  PRESS =     0.0
 Etot   =     -2110.6434  EKtot   =       579.1003  EPtot      =     -2689.7437
 BOND   =       242.4756  ANGLE   =       338.9037  DIHED      =       490.9455
 1-4 NB =       152.9282  1-4 EEL =      -332.2391  VDWAALS    =      -338.5619
 EELEC  =     -1203.4866  EGB     =     -2040.7090  RESTRAINT  =         0.0000
 ------------------------------------------------------------------------------


 NSTEP =    20200   TIME(PS) =      20.200  TEMP(K) =   302.79  PRESS =     0.0
 Etot   =     -2104.3582  EKtot   =       575.8332  EPtot      =     -2680.1914
 BOND   =       239.2751  ANGLE   =       334.6214  DIHED      =       510.9659
 1-4 NB =       153.6762  1-4 EEL =      -341.4464  VDWAALS    =      -332.4070
 EELEC  =     -1113.2731  EGB     =     -2131.6036  RESTRAINT  =         0.0000
 ------------------------------------------------------------------------------


 NSTEP =    20300   TIME(PS) =      20.300  TEMP(K) =   298.43  PRESS =     0.0
 Etot   =     -2097.8509  EKtot   =       567.5372  EPtot      =     -2665.3880
 BOND   =       246.6222  ANGLE   =       338.9061  DIHED      =       498.8338
 1-4 NB =       162.5302  1-4 EEL =      -339.0776  VDWAALS    =      -323.9448
 EELEC  =      -925.5428  EGB     =     -2323.7152  RESTRAINT  =         0.0000
 ------------------------------------------------------------------------------


 NSTEP =    20400   TIME(PS) =      20.400  TEMP(K) =   302.98  PRESS =     0.0
 Etot   =     -2086.9373  EKtot   =       576.1927  EPtot      =     -2663.1300
 BOND   =       242.5822  ANGLE   =       360.5967  DIHED      =       502.9444
 1-4 NB =       151.6613  1-4 EEL =      -352.1047  VDWAALS    =      -332.7645
 EELEC  =      -834.4599  EGB     =     -2401.5854  RESTRAINT  =         0.0000
 ------------------------------------------------------------------------------


 NSTEP =    20500   TIME(PS) =      20.500  TEMP(K) =   302.09  PRESS =     0.0
 Etot   =     -2104.4478  EKtot   =       574.5022  EPtot      =     -2678.9501
 BOND   =       235.5995  ANGLE   =       340.5363  DIHED      =       513.2035
 1-4 NB =       154.6666  1-4 EEL =      -360.2441  VDWAALS    =      -336.1562
 EELEC  =      -921.7378  EGB     =     -2304.8180  RESTRAINT  =         0.0000
 ------------------------------------------------------------------------------


 NSTEP =    20600   TIME(PS) =      20.600  TEMP(K) =   310.47  PRESS =     0.0
 Etot   =     -2113.2661  EKtot   =       590.4274  EPtot      =     -2703.6935
 BOND   =       215.5844  ANGLE   =       339.2863  DIHED      =       501.3000
 1-4 NB =       158.2423  1-4 EEL =      -348.9186  VDWAALS    =      -318.2680
 EELEC  =     -1264.8301  EGB     =     -1986.0898  RESTRAINT  =         0.0000
 ------------------------------------------------------------------------------


 NSTEP =    20700   TIME(PS) =      20.700  TEMP(K) =   301.17  PRESS =     0.0
 Etot   =     -2103.3600  EKtot   =       572.7451  EPtot      =     -2676.1051
 BOND   =       246.2651  ANGLE   =       329.9664  DIHED      =       507.6494
 1-4 NB =       152.5723  1-4 EEL =      -336.9377  VDWAALS    =      -308.8638
 EELEC  =     -1362.8640  EGB     =     -1903.8928  RESTRAINT  =         0.0000
 ------------------------------------------------------------------------------


 NSTEP =    20800   TIME(PS) =      20.800  TEMP(K) =   290.73  PRESS =     0.0
 Etot   =     -2098.4414  EKtot   =       552.8850  EPtot      =     -2651.3264
 BOND   =       242.1972  ANGLE   =       355.7692  DIHED      =       502.7464
 1-4 NB =       158.8221  1-4 EEL =      -331.2974  VDWAALS    =      -330.6642
 EELEC  =     -1006.6849  EGB     =     -2242.2149  RESTRAINT  =         0.0000
 ------------------------------------------------------------------------------


 NSTEP =    20900   TIME(PS) =      20.900  TEMP(K) =   304.43  PRESS =     0.0
 Etot   =     -2085.5890  EKtot   =       578.9527  EPtot      =     -2664.5417
 BOND   =       250.7333  ANGLE   =       353.8800  DIHED      =       500.0397
 1-4 NB =       150.6746  1-4 EEL =      -360.2717  VDWAALS    =      -331.9253
 EELEC  =      -946.7590  EGB     =     -2280.9133  RESTRAINT  =         0.0000
 ------------------------------------------------------------------------------

| RE_POSITION Moving by  -0.167658  0.155271 -0.391191

 NSTEP =    21000   TIME(PS) =      21.000  TEMP(K) =   317.06  PRESS =     0.0
 Etot   =     -2084.2352  EKtot   =       602.9631  EPtot      =     -2687.1982
 BOND   =       201.9516  ANGLE   =       358.3427  DIHED      =       497.4205
 1-4 NB =       164.3258  1-4 EEL =      -351.3288  VDWAALS    =      -320.0942
 EELEC  =      -983.1545  EGB     =     -2254.6614  RESTRAINT  =         0.0000
 ------------------------------------------------------------------------------


 NSTEP =    21100   TIME(PS) =      21.100  TEMP(K) =   309.00  PRESS =     0.0
 Etot   =     -2073.0012  EKtot   =       587.6405  EPtot      =     -2660.6417
 BOND   =       247.7560  ANGLE   =       338.6776  DIHED      =       508.8585
 1-4 NB =       160.5494  1-4 EEL =      -337.2057  VDWAALS    =      -324.9954
 EELEC  =      -842.8328  EGB     =     -2411.4492  RESTRAINT  =         0.0000
 ------------------------------------------------------------------------------


 NSTEP =    21200   TIME(PS) =      21.200  TEMP(K) =   308.80  PRESS =     0.0
 Etot   =     -2086.6452  EKtot   =       587.2650  EPtot      =     -2673.9102
 BOND   =       215.5118  ANGLE   =       350.4743  DIHED      =       507.1241
 1-4 NB =       155.7765  1-4 EEL =      -352.4381  VDWAALS    =      -329.3235
 EELEC  =      -504.2948  EGB     =     -2716.7405  RESTRAINT  =         0.0000
 ------------------------------------------------------------------------------


 NSTEP =    21300   TIME(PS) =      21.300  TEMP(K) =   308.62  PRESS =     0.0
 Etot   =     -2098.9634  EKtot   =       586.9161  EPtot      =     -2685.8795
 BOND   =       220.7773  ANGLE   =       354.8744  DIHED      =       505.1069
 1-4 NB =       159.5747  1-4 EEL =      -366.1403  VDWAALS    =      -344.5063
 EELEC  =      -830.7474  EGB     =     -2384.8189  RESTRAINT  =         0.0000
 ------------------------------------------------------------------------------


 NSTEP =    21400   TIME(PS) =      21.400  TEMP(K) =   304.00  PRESS =     0.0
 Etot   =     -2090.1170  EKtot   =       578.1305  EPtot      =     -2668.2476
 BOND   =       251.3069  ANGLE   =       340.8590  DIHED      =       507.4512
 1-4 NB =       157.6989  1-4 EEL =      -369.5651  VDWAALS    =      -336.3510
 EELEC  =      -372.5351  EGB     =     -2847.1125  RESTRAINT  =         0.0000
 ------------------------------------------------------------------------------


 NSTEP =    21500   TIME(PS) =      21.500  TEMP(K) =   311.75  PRESS =     0.0
 Etot   =     -2085.2583  EKtot   =       592.8773  EPtot      =     -2678.1356
 BOND   =       233.3115  ANGLE   =       358.1549  DIHED      =       496.7941
 1-4 NB =       160.7873  1-4 EEL =      -349.6343  VDWAALS    =      -337.6873
 EELEC  =      -700.8053  EGB     =     -2539.0564  RESTRAINT  =         0.0000
 ------------------------------------------------------------------------------


 NSTEP =    21600   TIME(PS) =      21.600  TEMP(K) =   307.30  PRESS =     0.0
 Etot   =     -2087.3003  EKtot   =       584.4083  EPtot      =     -2671.7087
 BOND   =       215.2302  ANGLE   =       388.2098  DIHED      =       494.1707
 1-4 NB =       156.2168  1-4 EEL =      -345.4480  VDWAALS    =      -329.3370
 EELEC  =      -763.0029  EGB     =     -2487.7484  RESTRAINT  =         0.0000
 ------------------------------------------------------------------------------


 NSTEP =    21700   TIME(PS) =      21.700  TEMP(K) =   308.58  PRESS =     0.0
 Etot   =     -2070.8605  EKtot   =       586.8395  EPtot      =     -2657.7000
 BOND   =       251.4813  ANGLE   =       353.8903  DIHED      =       507.2579
 1-4 NB =       159.8754  1-4 EEL =      -362.0892  VDWAALS    =      -336.2257
 EELEC  =     -1160.5321  EGB     =     -2071.3579  RESTRAINT  =         0.0000
 ------------------------------------------------------------------------------


 NSTEP =    21800   TIME(PS) =      21.800  TEMP(K) =   307.51  PRESS =     0.0
 Etot   =     -2080.3580  EKtot   =       584.7981  EPtot      =     -2665.1562
 BOND   =       242.0895  ANGLE   =       342.5976  DIHED      =       508.1401
 1-4 NB =       161.3431  1-4 EEL =      -350.4758  VDWAALS    =      -333.1691
 EELEC  =     -1057.6240  EGB     =     -2178.0575  RESTRAINT  =         0.0000
 ------------------------------------------------------------------------------


 NSTEP =    21900   TIME(PS) =      21.900  TEMP(K) =   303.92  PRESS =     0.0
 Etot   =     -2075.9812  EKtot   =       577.9859  EPtot      =     -2653.9671
 BOND   =       236.3778  ANGLE   =       358.9627  DIHED      =       496.2431
 1-4 NB =       162.9911  1-4 EEL =      -334.8792  VDWAALS    =      -322.4900
 EELEC  =     -1307.9080  EGB     =     -1943.2646  RESTRAINT  =         0.0000
 ------------------------------------------------------------------------------

| RE_POSITION Moving by   0.156649 -0.241247 -0.270043

 NSTEP =    22000   TIME(PS) =      22.000  TEMP(K) =   321.82  PRESS =     0.0
 Etot   =     -2072.1407  EKtot   =       612.0157  EPtot      =     -2684.1564
 BOND   =       226.4196  ANGLE   =       357.7768  DIHED      =       501.6855
 1-4 NB =       161.1564  1-4 EEL =      -353.5451  VDWAALS    =      -335.5374
 EELEC  =     -1157.9370  EGB     =     -2084.1753  RESTRAINT  =         0.0000
 ------------------------------------------------------------------------------


 NSTEP =    22100   TIME(PS) =      22.100  TEMP(K) =   323.93  PRESS =     0.0
 Etot   =     -2062.5513  EKtot   =       616.0256  EPtot      =     -2678.5769
 BOND   =       237.8386  ANGLE   =       351.3509  DIHED      =       488.4829
 1-4 NB =       161.2484  1-4 EEL =      -351.9349  VDWAALS    =      -338.8956
 EELEC  =     -1157.2183  EGB     =     -2069.4490  RESTRAINT  =         0.0000
 ------------------------------------------------------------------------------


 NSTEP =    22200   TIME(PS) =      22.200  TEMP(K) =   308.02  PRESS =     0.0
 Etot   =     -2062.4419  EKtot   =       585.7732  EPtot      =     -2648.2150
 BOND   =       249.6382  ANGLE   =       377.0184  DIHED      =       496.5294
 1-4 NB =       152.6904  1-4 EEL =      -357.3228  VDWAALS    =      -336.3942
 EELEC  =     -1081.5323  EGB     =     -2148.8421  RESTRAINT  =         0.0000
 ------------------------------------------------------------------------------


 NSTEP =    22300   TIME(PS) =      22.300  TEMP(K) =   315.10  PRESS =     0.0
 Etot   =     -2062.7982  EKtot   =       599.2479  EPtot      =     -2662.0461
 BOND   =       235.8359  ANGLE   =       361.7622  DIHED      =       507.7989
 1-4 NB =       157.5639  1-4 EEL =      -339.6140  VDWAALS    =      -331.6762
 EELEC  =      -934.2850  EGB     =     -2319.4317  RESTRAINT  =         0.0000
 ------------------------------------------------------------------------------


 NSTEP =    22400   TIME(PS) =      22.400  TEMP(K) =   328.36  PRESS =     0.0
 Etot   =     -2061.2161  EKtot   =       624.4479  EPtot      =     -2685.6639
 BOND   =       232.9123  ANGLE   =       340.0862  DIHED      =       501.7814
 1-4 NB =       163.0167  1-4 EEL =      -348.5979  VDWAALS    =      -331.0406
 EELEC  =     -1131.6007  EGB     =     -2112.2215  RESTRAINT  =         0.0000
 ------------------------------------------------------------------------------


 NSTEP =    22500   TIME(PS) =      22.500  TEMP(K) =   317.46  PRESS =     0.0
 Etot   =     -2075.1920  EKtot   =       603.7298  EPtot      =     -2678.9218
 BOND   =       223.4045  ANGLE   =       364.8047  DIHED      =       492.0713
 1-4 NB =       157.5025  1-4 EEL =      -343.7629  VDWAALS    =      -331.8925
 EELEC  =     -1359.5919  EGB     =     -1881.4575  RESTRAINT  =         0.0000
 ------------------------------------------------------------------------------


 NSTEP =    22600   TIME(PS) =      22.600  TEMP(K) =   311.58  PRESS =     0.0
 Etot   =     -2086.4840  EKtot   =       592.5531  EPtot      =     -2679.0370
 BOND   =       230.2899  ANGLE   =       363.3795  DIHED      =       496.8928
 1-4 NB =       162.2626  1-4 EEL =      -349.1454  VDWAALS    =      -333.6438
 EELEC  =     -1369.2500  EGB     =     -1879.8227  RESTRAINT  =         0.0000
 ------------------------------------------------------------------------------


 NSTEP =    22700   TIME(PS) =      22.700  TEMP(K) =   313.95  PRESS =     0.0
 Etot   =     -2092.7130  EKtot   =       597.0608  EPtot      =     -2689.7738
 BOND   =       236.4366  ANGLE   =       345.4928  DIHED      =       493.1285
 1-4 NB =       155.8944  1-4 EEL =      -336.5137  VDWAALS    =      -330.2322
 EELEC  =     -1115.5030  EGB     =     -2138.4771  RESTRAINT  =         0.0000
 ------------------------------------------------------------------------------


 NSTEP =    22800   TIME(PS) =      22.800  TEMP(K) =   301.74  PRESS =     0.0
 Etot   =     -2102.4868  EKtot   =       573.8266  EPtot      =     -2676.3134
 BOND   =       226.4444  ANGLE   =       369.5495  DIHED      =       497.2075
 1-4 NB =       159.1409  1-4 EEL =      -339.2259  VDWAALS    =      -325.1135
 EELEC  =     -1248.2617  EGB     =     -2016.0547  RESTRAINT  =         0.0000
 ------------------------------------------------------------------------------


 NSTEP =    22900   TIME(PS) =      22.900  TEMP(K) =   306.69  PRESS =     0.0
 Etot   =     -2090.7668  EKtot   =       583.2426  EPtot      =     -2674.0094
 BOND   =       236.6943  ANGLE   =       358.7826  DIHED      =       495.7291
 1-4 NB =       157.2384  1-4 EEL =      -364.5760  VDWAALS    =      -330.7756
 EELEC  =     -1091.7184  EGB     =     -2135.3838  RESTRAINT  =         0.0000
 ------------------------------------------------------------------------------

| RE_POSITION Moving by   0.136829  0.156211  0.387711

 NSTEP =    23000   TIME(PS) =      23.000  TEMP(K) =   320.38  PRESS =     0.0
 Etot   =     -2087.0406  EKtot   =       609.2774  EPtot      =     -2696.3180
 BOND   =       233.5612  ANGLE   =       338.4258  DIHED      =       489.2898
 1-4 NB =       155.9021  1-4 EEL =      -356.9542  VDWAALS    =      -324.5280
 EELEC  =     -1210.8643  EGB     =     -2021.1504  RESTRAINT  =         0.0000
 ------------------------------------------------------------------------------


 NSTEP =    23100   TIME(PS) =      23.100  TEMP(K) =   309.14  PRESS =     0.0
 Etot   =     -2083.1303  EKtot   =       587.9122  EPtot      =     -2671.0425
 BOND   =       231.0977  ANGLE   =       360.2041  DIHED      =       504.4141
 1-4 NB =       156.5018  1-4 EEL =      -370.4125  VDWAALS    =      -329.5601
 EELEC  =      -899.5956  EGB     =     -2323.6919  RESTRAINT  =         0.0000
 ------------------------------------------------------------------------------


 NSTEP =    23200   TIME(PS) =      23.200  TEMP(K) =   312.93  PRESS =     0.0
 Etot   =     -2074.4871  EKtot   =       595.1157  EPtot      =     -2669.6028
 BOND   =       221.1073  ANGLE   =       353.4924  DIHED      =       498.7742
 1-4 NB =       165.7922  1-4 EEL =      -344.2176  VDWAALS    =      -318.0522
 EELEC  =      -967.0519  EGB     =     -2279.4473  RESTRAINT  =         0.0000
 ------------------------------------------------------------------------------


 NSTEP =    23300   TIME(PS) =      23.300  TEMP(K) =   308.04  PRESS =     0.0
 Etot   =     -2061.0567  EKtot   =       585.8157  EPtot      =     -2646.8724
 BOND   =       245.8721  ANGLE   =       358.8998  DIHED      =       503.2177
 1-4 NB =       159.5543  1-4 EEL =      -350.6163  VDWAALS    =      -323.9257
 EELEC  =      -834.8366  EGB     =     -2405.0376  RESTRAINT  =         0.0000
 ------------------------------------------------------------------------------


 NSTEP =    23400   TIME(PS) =      23.400  TEMP(K) =   305.24  PRESS =     0.0
 Etot   =     -2074.3181  EKtot   =       580.4857  EPtot      =     -2654.8038
 BOND   =       258.6050  ANGLE   =       350.8026  DIHED      =       501.6994
 1-4 NB =       158.7591  1-4 EEL =      -355.1876  VDWAALS    =      -332.8651
 EELEC  =     -1148.3515  EGB     =     -2088.2658  RESTRAINT  =         0.0000
 ------------------------------------------------------------------------------


 NSTEP =    23500   TIME(PS) =      23.500  TEMP(K) =   302.44  PRESS =     0.0
 Etot   =     -2090.4515  EKtot   =       575.1707  EPtot      =     -2665.6221
 BOND   =       246.8594  ANGLE   =       356.8724  DIHED      =       498.8537
 1-4 NB =       161.5501  1-4 EEL =      -364.7103  VDWAALS    =      -325.7888
 EELEC  =     -1056.9750  EGB     =     -2182.2836  RESTRAINT  =         0.0000
 ------------------------------------------------------------------------------


 NSTEP =    23600   TIME(PS) =      23.600  TEMP(K) =   303.41  PRESS =     0.0
 Etot   =     -2090.1937  EKtot   =       577.0100  EPtot      =     -2667.2037
 BOND   =       230.2616  ANGLE   =       358.5144  DIHED      =       488.9366
 1-4 NB =       160.4887  1-4 EEL =      -335.4918  VDWAALS    =      -328.3874
 EELEC  =      -718.1792  EGB     =     -2523.3467  RESTRAINT  =         0.0000
 ------------------------------------------------------------------------------


 NSTEP =    23700   TIME(PS) =      23.700  TEMP(K) =   306.10  PRESS =     0.0
 Etot   =     -2083.8875  EKtot   =       582.1146  EPtot      =     -2666.0021
 BOND   =       242.0134  ANGLE   =       362.0885  DIHED      =       489.9923
 1-4 NB =       154.9776  1-4 EEL =      -341.4627  VDWAALS    =      -332.6219
 EELEC  =     -1125.6123  EGB     =     -2115.3771  RESTRAINT  =         0.0000
 ------------------------------------------------------------------------------


 NSTEP =    23800   TIME(PS) =      23.800  TEMP(K) =   306.39  PRESS =     0.0
 Etot   =     -2086.9478  EKtot   =       582.6834  EPtot      =     -2669.6312
 BOND   =       247.3574  ANGLE   =       361.1890  DIHED      =       496.2050
 1-4 NB =       155.5178  1-4 EEL =      -347.2888  VDWAALS    =      -331.9710
 EELEC  =     -1247.7351  EGB     =     -2002.9056  RESTRAINT  =         0.0000
 ------------------------------------------------------------------------------


 NSTEP =    23900   TIME(PS) =      23.900  TEMP(K) =   318.53  PRESS =     0.0
 Etot   =     -2082.4894  EKtot   =       605.7566  EPtot      =     -2688.2460
 BOND   =       246.5209  ANGLE   =       340.8167  DIHED      =       493.8056
 1-4 NB =       150.3802  1-4 EEL =      -338.9442  VDWAALS    =      -334.7011
 EELEC  =      -555.6604  EGB     =     -2690.4635  RESTRAINT  =         0.0000
 ------------------------------------------------------------------------------

| RE_POSITION Moving by   0.076258 -0.215135  0.359012

 NSTEP =    24000   TIME(PS) =      24.000  TEMP(K) =   298.86  PRESS =     0.0
 Etot   =     -2096.7946  EKtot   =       568.3517  EPtot      =     -2665.1463
 BOND   =       248.8424  ANGLE   =       352.8046  DIHED      =       492.5926
 1-4 NB =       156.5860  1-4 EEL =      -344.4739  VDWAALS    =      -328.9466
 EELEC  =     -1103.6231  EGB     =     -2138.9284  RESTRAINT  =         0.0000
 ------------------------------------------------------------------------------


 NSTEP =    24100   TIME(PS) =      24.100  TEMP(K) =   305.05  PRESS =     0.0
 Etot   =     -2109.0081  EKtot   =       580.1175  EPtot      =     -2689.1256
 BOND   =       247.9725  ANGLE   =       331.6492  DIHED      =       502.2532
 1-4 NB =       152.1816  1-4 EEL =      -343.1498  VDWAALS    =      -334.7591
 EELEC  =     -1079.6001  EGB     =     -2165.6731  RESTRAINT  =         0.0000
 ------------------------------------------------------------------------------


 NSTEP =    24200   TIME(PS) =      24.200  TEMP(K) =   297.72  PRESS =     0.0
 Etot   =     -2107.6893  EKtot   =       566.1842  EPtot      =     -2673.8735
 BOND   =       231.2522  ANGLE   =       350.7882  DIHED      =       497.2617
 1-4 NB =       154.7739  1-4 EEL =      -339.8473  VDWAALS    =      -332.0071
 EELEC  =      -927.9358  EGB     =     -2308.1594  RESTRAINT  =         0.0000
 ------------------------------------------------------------------------------


 NSTEP =    24300   TIME(PS) =      24.300  TEMP(K) =   302.51  PRESS =     0.0
 Etot   =     -2116.2328  EKtot   =       575.2868  EPtot      =     -2691.5196
 BOND   =       249.1838  ANGLE   =       351.8120  DIHED      =       480.9932
 1-4 NB =       152.0704  1-4 EEL =      -367.5747  VDWAALS    =      -331.0442
 EELEC  =     -1115.4398  EGB     =     -2111.5205  RESTRAINT  =         0.0000
 ------------------------------------------------------------------------------


 NSTEP =    24400   TIME(PS) =      24.400  TEMP(K) =   295.82  PRESS =     0.0
 Etot   =     -2116.9502  EKtot   =       562.5658  EPtot      =     -2679.5160
 BOND   =       239.1545  ANGLE   =       350.6853  DIHED      =       491.0654
 1-4 NB =       160.6427  1-4 EEL =      -350.6399  VDWAALS    =      -334.7144
 EELEC  =     -1126.3436  EGB     =     -2109.3660  RESTRAINT  =         0.0000
 ------------------------------------------------------------------------------


 NSTEP =    24500   TIME(PS) =      24.500  TEMP(K) =   295.93  PRESS =     0.0
 Etot   =     -2113.7595  EKtot   =       562.7822  EPtot      =     -2676.5417
 BOND   =       235.9224  ANGLE   =       356.3503  DIHED      =       504.0859
 1-4 NB =       157.9628  1-4 EEL =      -344.3002  VDWAALS    =      -332.3976
 EELEC  =     -1292.9353  EGB     =     -1961.2300  RESTRAINT  =         0.0000
 ------------------------------------------------------------------------------


 NSTEP =    24600   TIME(PS) =      24.600  TEMP(K) =   299.49  PRESS =     0.0
 Etot   =     -2091.8281  EKtot   =       569.5577  EPtot      =     -2661.3858
 BOND   =       238.0727  ANGLE   =       370.7462  DIHED      =       508.4967
 1-4 NB =       149.0260  1-4 EEL =      -348.3074  VDWAALS    =      -334.4167
 EELEC  =     -1048.2535  EGB     =     -2196.7499  RESTRAINT  =         0.0000
 ------------------------------------------------------------------------------


 NSTEP =    24700   TIME(PS) =      24.700  TEMP(K) =   310.73  PRESS =     0.0
 Etot   =     -2101.4174  EKtot   =       590.9279  EPtot      =     -2692.3453
 BOND   =       227.4223  ANGLE   =       333.0215  DIHED      =       499.9021
 1-4 NB =       165.2935  1-4 EEL =      -336.6511  VDWAALS    =      -338.1284
 EELEC  =     -1193.0797  EGB     =     -2050.1254  RESTRAINT  =         0.0000
 ------------------------------------------------------------------------------


 NSTEP =    24800   TIME(PS) =      24.800  TEMP(K) =   307.72  PRESS =     0.0
 Etot   =     -2110.0638  EKtot   =       585.2032  EPtot      =     -2695.2669
 BOND   =       246.1707  ANGLE   =       334.6533  DIHED      =       509.1522
 1-4 NB =       150.5859  1-4 EEL =      -365.3120  VDWAALS    =      -333.5527
 EELEC  =     -1537.7843  EGB     =     -1699.1801  RESTRAINT  =         0.0000
 ------------------------------------------------------------------------------


 NSTEP =    24900   TIME(PS) =      24.900  TEMP(K) =   298.80  PRESS =     0.0
 Etot   =     -2090.4005  EKtot   =       568.2500  EPtot      =     -2658.6505
 BOND   =       243.8128  ANGLE   =       355.1791  DIHED      =       494.0341
 1-4 NB =       166.6436  1-4 EEL =      -349.7226  VDWAALS    =      -336.6866
 EELEC  =     -1078.1701  EGB     =     -2153.7408  RESTRAINT  =         0.0000
 ------------------------------------------------------------------------------

| RE_POSITION Moving by  -0.106453 -0.238537 -0.019528

 NSTEP =    25000   TIME(PS) =      25.000  TEMP(K) =   300.08  PRESS =     0.0
 Etot   =     -2096.3692  EKtot   =       570.6796  EPtot      =     -2667.0488
 BOND   =       254.6817  ANGLE   =       355.2238  DIHED      =       500.6136
 1-4 NB =       157.5042  1-4 EEL =      -346.4124  VDWAALS    =      -339.3822
 EELEC  =     -1105.7309  EGB     =     -2143.5467  RESTRAINT  =         0.0000
 ------------------------------------------------------------------------------


 NSTEP =    25100   TIME(PS) =      25.100  TEMP(K) =   317.92  PRESS =     0.0
 Etot   =     -2113.5462  EKtot   =       604.6090  EPtot      =     -2718.1552
 BOND   =       221.9971  ANGLE   =       340.7531  DIHED      =       497.5684
 1-4 NB =       151.1410  1-4 EEL =      -341.7516  VDWAALS    =      -339.9333
 EELEC  =     -1288.3646  EGB     =     -1959.5654  RESTRAINT  =         0.0000
 ------------------------------------------------------------------------------


 NSTEP =    25200   TIME(PS) =      25.200  TEMP(K) =   304.72  PRESS =     0.0
 Etot   =     -2100.6951  EKtot   =       579.5005  EPtot      =     -2680.1956
 BOND   =       245.3256  ANGLE   =       360.6351  DIHED      =       488.4541
 1-4 NB =       156.3963  1-4 EEL =      -368.3581  VDWAALS    =      -331.3972
 EELEC  =     -1166.7566  EGB     =     -2064.4948  RESTRAINT  =         0.0000
 ------------------------------------------------------------------------------


 NSTEP =    25300   TIME(PS) =      25.300  TEMP(K) =   296.54  PRESS =     0.0
 Etot   =     -2097.4600  EKtot   =       563.9512  EPtot      =     -2661.4112
 BOND   =       243.2823  ANGLE   =       361.4104  DIHED      =       507.8140
 1-4 NB =       156.5373  1-4 EEL =      -348.6158  VDWAALS    =      -345.4599
 EELEC  =     -1079.8490  EGB     =     -2156.5305  RESTRAINT  =         0.0000
 ------------------------------------------------------------------------------


 NSTEP =    25400   TIME(PS) =      25.400  TEMP(K) =   301.00  PRESS =     0.0
 Etot   =     -2103.7095  EKtot   =       572.4339  EPtot      =     -2676.1434
 BOND   =       216.6736  ANGLE   =       382.0913  DIHED      =       490.4243
 1-4 NB =       163.5080  1-4 EEL =      -367.3881  VDWAALS    =      -330.5020
 EELEC  =     -1210.5722  EGB     =     -2020.3783  RESTRAINT  =         0.0000
 ------------------------------------------------------------------------------


 NSTEP =    25500   TIME(PS) =      25.500  TEMP(K) =   305.06  PRESS =     0.0
 Etot   =     -2111.9989  EKtot   =       580.1530  EPtot      =     -2692.1519
 BOND   =       223.1857  ANGLE   =       349.9705  DIHED      =       492.0588
 1-4 NB =       161.5218  1-4 EEL =      -339.4529  VDWAALS    =      -331.5201
 EELEC  =     -1264.5399  EGB     =     -1983.3758  RESTRAINT  =         0.0000
 ------------------------------------------------------------------------------


 NSTEP =    25600   TIME(PS) =      25.600  TEMP(K) =   310.18  PRESS =     0.0
 Etot   =     -2080.8513  EKtot   =       589.8897  EPtot      =     -2670.7410
 BOND   =       225.4621  ANGLE   =       369.4205  DIHED      =       496.0497
 1-4 NB =       156.8218  1-4 EEL =      -355.0378  VDWAALS    =      -331.9436
 EELEC  =     -1027.7989  EGB     =     -2203.7149  RESTRAINT  =         0.0000
 ------------------------------------------------------------------------------


 NSTEP =    25700   TIME(PS) =      25.700  TEMP(K) =   309.20  PRESS =     0.0
 Etot   =     -2065.5869  EKtot   =       588.0119  EPtot      =     -2653.5988
 BOND   =       229.1464  ANGLE   =       382.4095  DIHED      =       502.0351
 1-4 NB =       159.4753  1-4 EEL =      -362.8389  VDWAALS    =      -329.4831
 EELEC  =      -918.7087  EGB     =     -2315.6343  RESTRAINT  =         0.0000
 ------------------------------------------------------------------------------


 NSTEP =    25800   TIME(PS) =      25.800  TEMP(K) =   313.52  PRESS =     0.0
 Etot   =     -2058.9434  EKtot   =       596.2435  EPtot      =     -2655.1869
 BOND   =       244.6107  ANGLE   =       364.3665  DIHED      =       493.1827
 1-4 NB =       156.2234  1-4 EEL =      -354.9316  VDWAALS    =      -324.5130
 EELEC  =      -689.8877  EGB     =     -2544.2378  RESTRAINT  =         0.0000
 ------------------------------------------------------------------------------


 NSTEP =    25900   TIME(PS) =      25.900  TEMP(K) =   301.19  PRESS =     0.0
 Etot   =     -2071.7919  EKtot   =       572.7808  EPtot      =     -2644.5727
 BOND   =       252.3997  ANGLE   =       350.1557  DIHED      =       506.3857
 1-4 NB =       153.6806  1-4 EEL =      -354.4381  VDWAALS    =      -329.9883
 EELEC  =     -1026.7282  EGB     =     -2196.0397  RESTRAINT  =         0.0000
 ------------------------------------------------------------------------------

| RE_POSITION Moving by  -0.634083  0.103096  0.054513

 NSTEP =    26000   TIME(PS) =      26.000  TEMP(K) =   315.32  PRESS =     0.0
 Etot   =     -2077.8253  EKtot   =       599.6627  EPtot      =     -2677.4880
 BOND   =       245.6048  ANGLE   =       330.0202  DIHED      =       504.4776
 1-4 NB =       159.1872  1-4 EEL =      -356.9280  VDWAALS    =      -328.2548
 EELEC  =      -814.1812  EGB     =     -2417.4139  RESTRAINT  =         0.0000
 ------------------------------------------------------------------------------


 NSTEP =    26100   TIME(PS) =      26.100  TEMP(K) =   300.93  PRESS =     0.0
 Etot   =     -2092.2108  EKtot   =       572.2967  EPtot      =     -2664.5075
 BOND   =       246.8205  ANGLE   =       337.6822  DIHED      =       516.9654
 1-4 NB =       155.2523  1-4 EEL =      -353.4312  VDWAALS    =      -329.1563
 EELEC  =     -1182.6955  EGB     =     -2055.9450  RESTRAINT  =         0.0000
 ------------------------------------------------------------------------------


 NSTEP =    26200   TIME(PS) =      26.200  TEMP(K) =   299.08  PRESS =     0.0
 Etot   =     -2099.8199  EKtot   =       568.7694  EPtot      =     -2668.5892
 BOND   =       248.8647  ANGLE   =       340.4587  DIHED      =       494.5342
 1-4 NB =       156.4603  1-4 EEL =      -343.3653  VDWAALS    =      -335.8688
 EELEC  =      -965.5283  EGB     =     -2264.1447  RESTRAINT  =         0.0000
 ------------------------------------------------------------------------------


 NSTEP =    26300   TIME(PS) =      26.300  TEMP(K) =   307.71  PRESS =     0.0
 Etot   =     -2089.7441  EKtot   =       585.1762  EPtot      =     -2674.9202
 BOND   =       236.8193  ANGLE   =       357.2364  DIHED      =       499.6945
 1-4 NB =       151.7023  1-4 EEL =      -373.1399  VDWAALS    =      -333.8065
 EELEC  =     -1058.4025  EGB     =     -2155.0239  RESTRAINT  =         0.0000
 ------------------------------------------------------------------------------


 NSTEP =    26400   TIME(PS) =      26.400  TEMP(K) =   303.60  PRESS =     0.0
 Etot   =     -2099.8740  EKtot   =       577.3769  EPtot      =     -2677.2510
 BOND   =       244.5560  ANGLE   =       330.4525  DIHED      =       492.0937
 1-4 NB =       162.5259  1-4 EEL =      -341.9210  VDWAALS    =      -328.0560
 EELEC  =     -1316.3955  EGB     =     -1920.5066  RESTRAINT  =         0.0000
 ------------------------------------------------------------------------------


 NSTEP =    26500   TIME(PS) =      26.500  TEMP(K) =   308.77  PRESS =     0.0
 Etot   =     -2114.8450  EKtot   =       587.2003  EPtot      =     -2702.0453
 BOND   =       225.8287  ANGLE   =       334.9779  DIHED      =       504.5370
 1-4 NB =       157.3889  1-4 EEL =      -347.2533  VDWAALS    =      -327.1927
 EELEC  =     -1349.9671  EGB     =     -1900.3648  RESTRAINT  =         0.0000
 ------------------------------------------------------------------------------


 NSTEP =    26600   TIME(PS) =      26.600  TEMP(K) =   289.79  PRESS =     0.0
 Etot   =     -2123.9423  EKtot   =       551.1042  EPtot      =     -2675.0465
 BOND   =       246.7603  ANGLE   =       340.4777  DIHED      =       502.9065
 1-4 NB =       154.4569  1-4 EEL =      -341.9269  VDWAALS    =      -326.6689
 EELEC  =     -1775.6750  EGB     =     -1475.3770  RESTRAINT  =         0.0000
 ------------------------------------------------------------------------------


 NSTEP =    26700   TIME(PS) =      26.700  TEMP(K) =   285.65  PRESS =     0.0
 Etot   =     -2122.7063  EKtot   =       543.2242  EPtot      =     -2665.9305
 BOND   =       236.7714  ANGLE   =       368.3371  DIHED      =       494.7939
 1-4 NB =       154.8523  1-4 EEL =      -352.5812  VDWAALS    =      -330.4210
 EELEC  =      -962.3330  EGB     =     -2275.3501  RESTRAINT  =         0.0000
 ------------------------------------------------------------------------------


 NSTEP =    26800   TIME(PS) =      26.800  TEMP(K) =   302.44  PRESS =     0.0
 Etot   =     -2119.1345  EKtot   =       575.1623  EPtot      =     -2694.2968
 BOND   =       218.0607  ANGLE   =       338.8313  DIHED      =       499.2809
 1-4 NB =       161.0885  1-4 EEL =      -379.1730  VDWAALS    =      -331.4105
 EELEC  =      -972.3815  EGB     =     -2228.5932  RESTRAINT  =         0.0000
 ------------------------------------------------------------------------------


 NSTEP =    26900   TIME(PS) =      26.900  TEMP(K) =   286.33  PRESS =     0.0
 Etot   =     -2139.0705  EKtot   =       544.5259  EPtot      =     -2683.5964
 BOND   =       238.5711  ANGLE   =       354.7525  DIHED      =       483.1665
 1-4 NB =       149.3920  1-4 EEL =      -343.9319  VDWAALS    =      -325.3830
 EELEC  =      -888.3659  EGB     =     -2351.7978  RESTRAINT  =         0.0000
 ------------------------------------------------------------------------------

| RE_POSITION Moving by   0.234463 -0.141331 -0.484248

 NSTEP =    27000   TIME(PS) =      27.000  TEMP(K) =   280.53  PRESS =     0.0
 Etot   =     -2160.6691  EKtot   =       533.4898  EPtot      =     -2694.1590
 BOND   =       212.7226  ANGLE   =       348.8389  DIHED      =       491.9124
 1-4 NB =       162.2810  1-4 EEL =      -341.8934  VDWAALS    =      -318.9561
 EELEC  =      -924.3098  EGB     =     -2324.7546  RESTRAINT  =         0.0000
 ------------------------------------------------------------------------------


 NSTEP =    27100   TIME(PS) =      27.100  TEMP(K) =   288.98  PRESS =     0.0
 Etot   =     -2174.5924  EKtot   =       549.5639  EPtot      =     -2724.1563
 BOND   =       213.5481  ANGLE   =       338.3402  DIHED      =       500.6420
 1-4 NB =       156.9540  1-4 EEL =      -369.7449  VDWAALS    =      -323.7916
 EELEC  =     -1081.3159  EGB     =     -2158.7881  RESTRAINT  =         0.0000
 ------------------------------------------------------------------------------


 NSTEP =    27200   TIME(PS) =      27.200  TEMP(K) =   272.62  PRESS =     0.0
 Etot   =     -2156.3339  EKtot   =       518.4505  EPtot      =     -2674.7844
 BOND   =       228.8380  ANGLE   =       333.1158  DIHED      =       509.8038
 1-4 NB =       155.4617  1-4 EEL =      -336.6436  VDWAALS    =      -337.4869
 EELEC  =     -1049.3454  EGB     =     -2178.5277  RESTRAINT  =         0.0000
 ------------------------------------------------------------------------------


 NSTEP =    27300   TIME(PS) =      27.300  TEMP(K) =   297.60  PRESS =     0.0
 Etot   =     -2151.8367  EKtot   =       565.9536  EPtot      =     -2717.7903
 BOND   =       215.9351  ANGLE   =       348.7157  DIHED      =       482.2961
 1-4 NB =       161.3251  1-4 EEL =      -357.0574  VDWAALS    =      -333.4273
 EELEC  =     -1285.0011  EGB     =     -1950.5766  RESTRAINT  =         0.0000
 ------------------------------------------------------------------------------


 NSTEP =    27400   TIME(PS) =      27.400  TEMP(K) =   291.31  PRESS =     0.0
 Etot   =     -2157.8638  EKtot   =       553.9875  EPtot      =     -2711.8513
 BOND   =       211.5380  ANGLE   =       347.6125  DIHED      =       498.9767
 1-4 NB =       158.3031  1-4 EEL =      -344.0435  VDWAALS    =      -331.7675
 EELEC  =     -1297.1883  EGB     =     -1955.2823  RESTRAINT  =         0.0000
 ------------------------------------------------------------------------------


 NSTEP =    27500   TIME(PS) =      27.500  TEMP(K) =   293.62  PRESS =     0.0
 Etot   =     -2142.2685  EKtot   =       558.3869  EPtot      =     -2700.6554
 BOND   =       214.2523  ANGLE   =       360.1793  DIHED      =       490.0168
 1-4 NB =       157.8631  1-4 EEL =      -347.1634  VDWAALS    =      -335.3296
 EELEC  =     -1141.2736  EGB     =     -2099.2003  RESTRAINT  =         0.0000
 ------------------------------------------------------------------------------


 NSTEP =    27600   TIME(PS) =      27.600  TEMP(K) =   286.52  PRESS =     0.0
 Etot   =     -2140.9042  EKtot   =       544.8898  EPtot      =     -2685.7940
 BOND   =       232.9594  ANGLE   =       338.2229  DIHED      =       497.2088
 1-4 NB =       160.6736  1-4 EEL =      -343.8935  VDWAALS    =      -333.1076
 EELEC  =     -1169.7245  EGB     =     -2068.1330  RESTRAINT  =         0.0000
 ------------------------------------------------------------------------------


 NSTEP =    27700   TIME(PS) =      27.700  TEMP(K) =   303.15  PRESS =     0.0
 Etot   =     -2148.8050  EKtot   =       576.5142  EPtot      =     -2725.3192
 BOND   =       211.9667  ANGLE   =       342.8776  DIHED      =       486.5382
 1-4 NB =       159.2716  1-4 EEL =      -339.5352  VDWAALS    =      -331.9961
 EELEC  =     -1241.2158  EGB     =     -2013.2261  RESTRAINT  =         0.0000
 ------------------------------------------------------------------------------


 NSTEP =    27800   TIME(PS) =      27.800  TEMP(K) =   291.18  PRESS =     0.0
 Etot   =     -2154.4326  EKtot   =       553.7484  EPtot      =     -2708.1810
 BOND   =       231.6035  ANGLE   =       328.9278  DIHED      =       493.5305
 1-4 NB =       156.0481  1-4 EEL =      -339.7444  VDWAALS    =      -329.6990
 EELEC  =     -1174.4823  EGB     =     -2074.3652  RESTRAINT  =         0.0000
 ------------------------------------------------------------------------------


 NSTEP =    27900   TIME(PS) =      27.900  TEMP(K) =   280.63  PRESS =     0.0
 Etot   =     -2139.8891  EKtot   =       533.6824  EPtot      =     -2673.5715
 BOND   =       234.7618  ANGLE   =       360.4056  DIHED      =       497.7698
 1-4 NB =       151.0291  1-4 EEL =      -360.8205  VDWAALS    =      -329.4637
 EELEC  =      -851.5968  EGB     =     -2375.6569  RESTRAINT  =         0.0000
 ------------------------------------------------------------------------------

| RE_POSITION Moving by  -0.360348  0.433062  0.757197

 NSTEP =    28000   TIME(PS) =      28.000  TEMP(K) =   291.63  PRESS =     0.0
 Etot   =     -2145.0749  EKtot   =       554.6142  EPtot      =     -2699.6891
 BOND   =       229.9330  ANGLE   =       341.9844  DIHED      =       479.3970
 1-4 NB =       165.7204  1-4 EEL =      -347.1876  VDWAALS    =      -324.9518
 EELEC  =      -994.5584  EGB     =     -2250.0261  RESTRAINT  =         0.0000
 ------------------------------------------------------------------------------


 NSTEP =    28100   TIME(PS) =      28.100  TEMP(K) =   295.76  PRESS =     0.0
 Etot   =     -2129.2010  EKtot   =       562.4523  EPtot      =     -2691.6533
 BOND   =       218.2986  ANGLE   =       364.5017  DIHED      =       498.0446
 1-4 NB =       152.3818  1-4 EEL =      -349.0335  VDWAALS    =      -335.6247
 EELEC  =      -858.8791  EGB     =     -2381.3427  RESTRAINT  =         0.0000
 ------------------------------------------------------------------------------


 NSTEP =    28200   TIME(PS) =      28.200  TEMP(K) =   312.59  PRESS =     0.0
 Etot   =     -2123.5837  EKtot   =       594.4596  EPtot      =     -2718.0433
 BOND   =       204.0451  ANGLE   =       333.9419  DIHED      =       487.5949
 1-4 NB =       156.7467  1-4 EEL =      -338.9033  VDWAALS    =      -333.3348
 EELEC  =      -539.2157  EGB     =     -2688.9182  RESTRAINT  =         0.0000
 ------------------------------------------------------------------------------


 NSTEP =    28300   TIME(PS) =      28.300  TEMP(K) =   291.38  PRESS =     0.0
 Etot   =     -2136.0708  EKtot   =       554.1234  EPtot      =     -2690.1942
 BOND   =       235.9426  ANGLE   =       341.0607  DIHED      =       488.1400
 1-4 NB =       155.4228  1-4 EEL =      -356.3460  VDWAALS    =      -333.1696
 EELEC  =      -994.4341  EGB     =     -2226.8107  RESTRAINT  =         0.0000
 ------------------------------------------------------------------------------


 NSTEP =    28400   TIME(PS) =      28.400  TEMP(K) =   308.71  PRESS =     0.0
 Etot   =     -2133.3562  EKtot   =       587.0804  EPtot      =     -2720.4366
 BOND   =       207.8969  ANGLE   =       328.5182  DIHED      =       494.6598
 1-4 NB =       158.7142  1-4 EEL =      -331.1733  VDWAALS    =      -331.8190
 EELEC  =      -990.6017  EGB     =     -2256.6317  RESTRAINT  =         0.0000
 ------------------------------------------------------------------------------


 NSTEP =    28500   TIME(PS) =      28.500  TEMP(K) =   288.39  PRESS =     0.0
 Etot   =     -2137.8899  EKtot   =       548.4411  EPtot      =     -2686.3310
 BOND   =       225.1150  ANGLE   =       340.5068  DIHED      =       506.8097
 1-4 NB =       159.9603  1-4 EEL =      -334.0833  VDWAALS    =      -331.0615
 EELEC  =      -884.6388  EGB     =     -2368.9393  RESTRAINT  =         0.0000
 ------------------------------------------------------------------------------


 NSTEP =    28600   TIME(PS) =      28.600  TEMP(K) =   289.53  PRESS =     0.0
 Etot   =     -2134.0618  EKtot   =       550.6077  EPtot      =     -2684.6695
 BOND   =       218.4105  ANGLE   =       358.4195  DIHED      =       497.5242
 1-4 NB =       153.4832  1-4 EEL =      -343.1767  VDWAALS    =      -333.1318
 EELEC  =      -767.7141  EGB     =     -2468.4843  RESTRAINT  =         0.0000
 ------------------------------------------------------------------------------


 NSTEP =    28700   TIME(PS) =      28.700  TEMP(K) =   292.98  PRESS =     0.0
 Etot   =     -2117.9801  EKtot   =       557.1726  EPtot      =     -2675.1527
 BOND   =       242.8535  ANGLE   =       375.4351  DIHED      =       486.8361
 1-4 NB =       156.7685  1-4 EEL =      -353.9205  VDWAALS    =      -332.4330
 EELEC  =     -1460.4772  EGB     =     -1790.2152  RESTRAINT  =         0.0000
 ------------------------------------------------------------------------------


 NSTEP =    28800   TIME(PS) =      28.800  TEMP(K) =   309.67  PRESS =     0.0
 Etot   =     -2103.3347  EKtot   =       588.9084  EPtot      =     -2692.2431
 BOND   =       227.3954  ANGLE   =       354.2746  DIHED      =       493.2291
 1-4 NB =       156.7212  1-4 EEL =      -354.9129  VDWAALS    =      -332.5293
 EELEC  =      -805.7574  EGB     =     -2430.6637  RESTRAINT  =         0.0000
 ------------------------------------------------------------------------------


 NSTEP =    28900   TIME(PS) =      28.900  TEMP(K) =   303.03  PRESS =     0.0
 Etot   =     -2127.0940  EKtot   =       576.2892  EPtot      =     -2703.3832
 BOND   =       218.6326  ANGLE   =       351.6987  DIHED      =       488.3162
 1-4 NB =       158.7275  1-4 EEL =      -346.5396  VDWAALS    =      -331.0153
 EELEC  =     -1273.8969  EGB     =     -1969.3063  RESTRAINT  =         0.0000
 ------------------------------------------------------------------------------

| RE_POSITION Moving by  -0.086011  0.491767 -0.308379

 NSTEP =    29000   TIME(PS) =      29.000  TEMP(K) =   302.01  PRESS =     0.0
 Etot   =     -2119.7885  EKtot   =       574.3369  EPtot      =     -2694.1254
 BOND   =       210.9132  ANGLE   =       349.2505  DIHED      =       499.8679
 1-4 NB =       152.9094  1-4 EEL =      -340.9990  VDWAALS    =      -329.1164
 EELEC  =      -912.2944  EGB     =     -2324.6567  RESTRAINT  =         0.0000
 ------------------------------------------------------------------------------


 NSTEP =    29100   TIME(PS) =      29.100  TEMP(K) =   297.74  PRESS =     0.0
 Etot   =     -2115.4199  EKtot   =       566.2162  EPtot      =     -2681.6361
 BOND   =       214.9416  ANGLE   =       350.7650  DIHED      =       492.2383
 1-4 NB =       166.3100  1-4 EEL =      -330.2270  VDWAALS    =      -330.5137
 EELEC  =      -996.8410  EGB     =     -2248.3094  RESTRAINT  =         0.0000
 ------------------------------------------------------------------------------


 NSTEP =    29200   TIME(PS) =      29.200  TEMP(K) =   296.30  PRESS =     0.0
 Etot   =     -2136.1872  EKtot   =       563.4918  EPtot      =     -2699.6790
 BOND   =       208.9100  ANGLE   =       338.1515  DIHED      =       483.1937
 1-4 NB =       160.9391  1-4 EEL =      -332.9651  VDWAALS    =      -318.2277
 EELEC  =     -1092.8562  EGB     =     -2146.8242  RESTRAINT  =         0.0000
 ------------------------------------------------------------------------------


 NSTEP =    29300   TIME(PS) =      29.300  TEMP(K) =   297.34  PRESS =     0.0
 Etot   =     -2107.1499  EKtot   =       565.4619  EPtot      =     -2672.6118
 BOND   =       231.3308  ANGLE   =       355.9362  DIHED      =       487.4730
 1-4 NB =       156.3695  1-4 EEL =      -345.0250  VDWAALS    =      -312.2184
 EELEC  =     -1235.3379  EGB     =     -2011.1400  RESTRAINT  =         0.0000
 ------------------------------------------------------------------------------


 NSTEP =    29400   TIME(PS) =      29.400  TEMP(K) =   311.33  PRESS =     0.0
 Etot   =     -2108.3702  EKtot   =       592.0671  EPtot      =     -2700.4373
 BOND   =       203.9825  ANGLE   =       351.5848  DIHED      =       492.7467
 1-4 NB =       161.6871  1-4 EEL =      -346.6088  VDWAALS    =      -321.4290
 EELEC  =     -1358.3186  EGB     =     -1884.0820  RESTRAINT  =         0.0000
 ------------------------------------------------------------------------------


 NSTEP =    29500   TIME(PS) =      29.500  TEMP(K) =   296.99  PRESS =     0.0
 Etot   =     -2097.0211  EKtot   =       564.8016  EPtot      =     -2661.8227
 BOND   =       229.0499  ANGLE   =       366.9586  DIHED      =       487.4744
 1-4 NB =       158.6524  1-4 EEL =      -345.1025  VDWAALS    =      -330.3336
 EELEC  =      -625.1490  EGB     =     -2603.3729  RESTRAINT  =         0.0000
 ------------------------------------------------------------------------------


 NSTEP =    29600   TIME(PS) =      29.600  TEMP(K) =   310.05  PRESS =     0.0
 Etot   =     -2119.2025  EKtot   =       589.6370  EPtot      =     -2708.8395
 BOND   =       226.0193  ANGLE   =       337.5509  DIHED      =       492.4829
 1-4 NB =       160.0058  1-4 EEL =      -349.4477  VDWAALS    =      -331.9734
 EELEC  =     -1142.3026  EGB     =     -2101.1747  RESTRAINT  =         0.0000
 ------------------------------------------------------------------------------


 NSTEP =    29700   TIME(PS) =      29.700  TEMP(K) =   299.05  PRESS =     0.0
 Etot   =     -2105.7699  EKtot   =       568.7239  EPtot      =     -2674.4938
 BOND   =       234.2493  ANGLE   =       340.8916  DIHED      =       496.9280
 1-4 NB =       156.3381  1-4 EEL =      -337.6720  VDWAALS    =      -324.2325
 EELEC  =      -938.3897  EGB     =     -2302.6068  RESTRAINT  =         0.0000
 ------------------------------------------------------------------------------


 NSTEP =    29800   TIME(PS) =      29.800  TEMP(K) =   295.94  PRESS =     0.0
 Etot   =     -2108.5874  EKtot   =       562.8066  EPtot      =     -2671.3941
 BOND   =       230.3184  ANGLE   =       365.1647  DIHED      =       496.4775
 1-4 NB =       150.4030  1-4 EEL =      -348.8915  VDWAALS    =      -324.4352
 EELEC  =     -1403.7626  EGB     =     -1836.6685  RESTRAINT  =         0.0000
 ------------------------------------------------------------------------------


 NSTEP =    29900   TIME(PS) =      29.900  TEMP(K) =   310.56  PRESS =     0.0
 Etot   =     -2114.2702  EKtot   =       590.6115  EPtot      =     -2704.8817
 BOND   =       211.7378  ANGLE   =       341.9197  DIHED      =       502.9999
 1-4 NB =       162.5659  1-4 EEL =      -353.3433  VDWAALS    =      -326.2729
 EELEC  =     -1314.0620  EGB     =     -1930.4268  RESTRAINT  =         0.0000
 ------------------------------------------------------------------------------

| RE_POSITION Moving by   0.871905 -0.309727 -0.019911

 NSTEP =    30000   TIME(PS) =      30.000  TEMP(K) =   311.28  PRESS =     0.0
 Etot   =     -2116.3947  EKtot   =       591.9766  EPtot      =     -2708.3712
 BOND   =       207.6871  ANGLE   =       338.3182  DIHED      =       495.5251
 1-4 NB =       160.1640  1-4 EEL =      -338.8871  VDWAALS    =      -318.7158
 EELEC  =     -1227.6833  EGB     =     -2024.7795  RESTRAINT  =         0.0000
 ------------------------------------------------------------------------------


 NSTEP =    30100   TIME(PS) =      30.100  TEMP(K) =   299.74  PRESS =     0.0
 Etot   =     -2106.7177  EKtot   =       570.0330  EPtot      =     -2676.7507
 BOND   =       239.3284  ANGLE   =       358.7278  DIHED      =       496.3516
 1-4 NB =       148.4063  1-4 EEL =      -364.2280  VDWAALS    =      -328.0478
 EELEC  =      -960.2425  EGB     =     -2267.0465  RESTRAINT  =         0.0000
 ------------------------------------------------------------------------------


 NSTEP =    30200   TIME(PS) =      30.200  TEMP(K) =   302.98  PRESS =     0.0
 Etot   =     -2114.3337  EKtot   =       576.1986  EPtot      =     -2690.5323
 BOND   =       223.5528  ANGLE   =       348.1587  DIHED      =       493.5351
 1-4 NB =       165.0136  1-4 EEL =      -357.6445  VDWAALS    =      -336.5496
 EELEC  =     -1207.0761  EGB     =     -2019.5224  RESTRAINT  =         0.0000
 ------------------------------------------------------------------------------


 NSTEP =    30300   TIME(PS) =      30.300  TEMP(K) =   307.53  PRESS =     0.0
 Etot   =     -2091.4449  EKtot   =       584.8459  EPtot      =     -2676.2908
 BOND   =       223.0236  ANGLE   =       344.4388  DIHED      =       504.4258
 1-4 NB =       161.4933  1-4 EEL =      -336.7092  VDWAALS    =      -327.1808
 EELEC  =     -1077.6275  EGB     =     -2168.1548  RESTRAINT  =         0.0000
 ------------------------------------------------------------------------------


 NSTEP =    30400   TIME(PS) =      30.400  TEMP(K) =   306.40  PRESS =     0.0
 Etot   =     -2088.3651  EKtot   =       582.7018  EPtot      =     -2671.0669
 BOND   =       220.9139  ANGLE   =       375.5570  DIHED      =       483.9459
 1-4 NB =       164.3105  1-4 EEL =      -346.2957  VDWAALS    =      -319.8644
 EELEC  =     -1066.5550  EGB     =     -2183.0790  RESTRAINT  =         0.0000
 ------------------------------------------------------------------------------


 NSTEP =    30500   TIME(PS) =      30.500  TEMP(K) =   303.70  PRESS =     0.0
 Etot   =     -2092.1946  EKtot   =       577.5589  EPtot      =     -2669.7535
 BOND   =       226.0720  ANGLE   =       333.1620  DIHED      =       512.1667
 1-4 NB =       162.0333  1-4 EEL =      -351.9060  VDWAALS    =      -329.4979
 EELEC  =      -865.9998  EGB     =     -2355.7838  RESTRAINT  =         0.0000
 ------------------------------------------------------------------------------


 NSTEP =    30600   TIME(PS) =      30.600  TEMP(K) =   307.69  PRESS =     0.0
 Etot   =     -2099.5415  EKtot   =       585.1498  EPtot      =     -2684.6914
 BOND   =       216.3389  ANGLE   =       359.1730  DIHED      =       508.1076
 1-4 NB =       156.1503  1-4 EEL =      -357.8148  VDWAALS    =      -336.4017
 EELEC  =      -901.2861  EGB     =     -2328.9585  RESTRAINT  =         0.0000
 ------------------------------------------------------------------------------


 NSTEP =    30700   TIME(PS) =      30.700  TEMP(K) =   306.87  PRESS =     0.0
 Etot   =     -2098.6809  EKtot   =       583.5930  EPtot      =     -2682.2739
 BOND   =       242.8782  ANGLE   =       321.5510  DIHED      =       504.5177
 1-4 NB =       155.2031  1-4 EEL =      -336.7711  VDWAALS    =      -326.0402
 EELEC  =     -1002.6050  EGB     =     -2241.0077  RESTRAINT  =         0.0000
 ------------------------------------------------------------------------------


 NSTEP =    30800   TIME(PS) =      30.800  TEMP(K) =   300.09  PRESS =     0.0
 Etot   =     -2105.8119  EKtot   =       570.6890  EPtot      =     -2676.5009
 BOND   =       241.2567  ANGLE   =       326.2006  DIHED      =       507.4776
 1-4 NB =       154.4004  1-4 EEL =      -338.2990  VDWAALS    =      -330.1831
 EELEC  =      -970.0293  EGB     =     -2267.3247  RESTRAINT  =         0.0000
 ------------------------------------------------------------------------------


 NSTEP =    30900   TIME(PS) =      30.900  TEMP(K) =   295.48  PRESS =     0.0
 Etot   =     -2107.3806  EKtot   =       561.9196  EPtot      =     -2669.3002
 BOND   =       229.4049  ANGLE   =       328.3866  DIHED      =       507.0467
 1-4 NB =       163.9334  1-4 EEL =      -346.9772  VDWAALS    =      -322.6837
 EELEC  =      -797.6360  EGB     =     -2430.7748  RESTRAINT  =         0.0000
 ------------------------------------------------------------------------------

| RE_POSITION Moving by  -0.321375  0.406840 -0.793629

 NSTEP =    31000   TIME(PS) =      31.000  TEMP(K) =   300.55  PRESS =     0.0
 Etot   =     -2105.6628  EKtot   =       571.5749  EPtot      =     -2677.2377
 BOND   =       227.0089  ANGLE   =       340.6763  DIHED      =       494.0823
 1-4 NB =       154.4965  1-4 EEL =      -330.7224  VDWAALS    =      -321.9658
 EELEC  =      -874.4333  EGB     =     -2366.3803  RESTRAINT  =         0.0000
 ------------------------------------------------------------------------------


 NSTEP =    31100   TIME(PS) =      31.100  TEMP(K) =   298.02  PRESS =     0.0
 Etot   =     -2109.1449  EKtot   =       566.7479  EPtot      =     -2675.8929
 BOND   =       258.3675  ANGLE   =       323.7632  DIHED      =       502.8754
 1-4 NB =       157.2859  1-4 EEL =      -355.3264  VDWAALS    =      -326.3782
 EELEC  =     -1186.9462  EGB     =     -2049.5342  RESTRAINT  =         0.0000
 ------------------------------------------------------------------------------


 NSTEP =    31200   TIME(PS) =      31.200  TEMP(K) =   285.19  PRESS =     0.0
 Etot   =     -2108.5294  EKtot   =       542.3638  EPtot      =     -2650.8932
 BOND   =       236.8209  ANGLE   =       354.5943  DIHED      =       504.4607
 1-4 NB =       157.8705  1-4 EEL =      -331.1263  VDWAALS    =      -328.8634
 EELEC  =      -740.1506  EGB     =     -2504.4993  RESTRAINT  =         0.0000
 ------------------------------------------------------------------------------


 NSTEP =    31300   TIME(PS) =      31.300  TEMP(K) =   309.57  PRESS =     0.0
 Etot   =     -2125.1323  EKtot   =       588.7190  EPtot      =     -2713.8512
 BOND   =       214.5895  ANGLE   =       327.9773  DIHED      =       497.7019
 1-4 NB =       157.3585  1-4 EEL =      -335.5209  VDWAALS    =      -326.2156
 EELEC  =     -1093.4368  EGB     =     -2156.3052  RESTRAINT  =         0.0000
 ------------------------------------------------------------------------------


 NSTEP =    31400   TIME(PS) =      31.400  TEMP(K) =   284.25  PRESS =     0.0
 Etot   =     -2138.9499  EKtot   =       540.5763  EPtot      =     -2679.5262
 BOND   =       237.1645  ANGLE   =       336.7692  DIHED      =       498.0439
 1-4 NB =       151.2512  1-4 EEL =      -344.1545  VDWAALS    =      -319.2438
 EELEC  =      -949.8857  EGB     =     -2289.4710  RESTRAINT  =         0.0000
 ------------------------------------------------------------------------------


 NSTEP =    31500   TIME(PS) =      31.500  TEMP(K) =   298.90  PRESS =     0.0
 Etot   =     -2138.5099  EKtot   =       568.4360  EPtot      =     -2706.9458
 BOND   =       227.9485  ANGLE   =       332.5546  DIHED      =       492.9626
 1-4 NB =       152.7338  1-4 EEL =      -352.1080  VDWAALS    =      -328.9282
 EELEC  =     -1043.6375  EGB     =     -2188.4718  RESTRAINT  =         0.0000
 ------------------------------------------------------------------------------


 NSTEP =    31600   TIME(PS) =      31.600  TEMP(K) =   300.95  PRESS =     0.0
 Etot   =     -2131.7851  EKtot   =       572.3278  EPtot      =     -2704.1129
 BOND   =       235.3757  ANGLE   =       333.6734  DIHED      =       488.2713
 1-4 NB =       156.8209  1-4 EEL =      -337.8583  VDWAALS    =      -327.2267
 EELEC  =     -1119.2103  EGB     =     -2133.9588  RESTRAINT  =         0.0000
 ------------------------------------------------------------------------------


 NSTEP =    31700   TIME(PS) =      31.700  TEMP(K) =   306.76  PRESS =     0.0
 Etot   =     -2119.5733  EKtot   =       583.3713  EPtot      =     -2702.9446
 BOND   =       232.5508  ANGLE   =       333.9172  DIHED      =       498.9934
 1-4 NB =       157.6069  1-4 EEL =      -358.6895  VDWAALS    =      -329.0895
 EELEC  =     -1220.7579  EGB     =     -2017.4759  RESTRAINT  =         0.0000
 ------------------------------------------------------------------------------


 NSTEP =    31800   TIME(PS) =      31.800  TEMP(K) =   302.13  PRESS =     0.0
 Etot   =     -2115.0446  EKtot   =       574.5824  EPtot      =     -2689.6271
 BOND   =       228.9931  ANGLE   =       346.9587  DIHED      =       490.8730
 1-4 NB =       158.8390  1-4 EEL =      -359.3894  VDWAALS    =      -334.5017
 EELEC  =      -818.3474  EGB     =     -2403.0523  RESTRAINT  =         0.0000
 ------------------------------------------------------------------------------


 NSTEP =    31900   TIME(PS) =      31.900  TEMP(K) =   298.07  PRESS =     0.0
 Etot   =     -2099.6563  EKtot   =       566.8533  EPtot      =     -2666.5096
 BOND   =       234.5148  ANGLE   =       360.8862  DIHED      =       496.6563
 1-4 NB =       162.6249  1-4 EEL =      -354.7750  VDWAALS    =      -333.1539
 EELEC  =     -1227.7708  EGB     =     -2005.4921  RESTRAINT  =         0.0000
 ------------------------------------------------------------------------------

| RE_POSITION Moving by   0.191431 -0.118019  0.316678

 NSTEP =    32000   TIME(PS) =      32.000  TEMP(K) =   310.95  PRESS =     0.0
 Etot   =     -2099.0088  EKtot   =       591.3548  EPtot      =     -2690.3636
 BOND   =       230.1536  ANGLE   =       330.4879  DIHED      =       503.5029
 1-4 NB =       160.4860  1-4 EEL =      -353.0276  VDWAALS    =      -332.1817
 EELEC  =     -1200.1074  EGB     =     -2029.6773  RESTRAINT  =         0.0000
 ------------------------------------------------------------------------------


 NSTEP =    32100   TIME(PS) =      32.100  TEMP(K) =   315.77  PRESS =     0.0
 Etot   =     -2071.4369  EKtot   =       600.5205  EPtot      =     -2671.9574
 BOND   =       250.4029  ANGLE   =       339.6551  DIHED      =       497.8105
 1-4 NB =       155.1761  1-4 EEL =      -341.8729  VDWAALS    =      -327.0902
 EELEC  =     -1252.4884  EGB     =     -1993.5504  RESTRAINT  =         0.0000
 ------------------------------------------------------------------------------


 NSTEP =    32200   TIME(PS) =      32.200  TEMP(K) =   311.90  PRESS =     0.0
 Etot   =     -2076.5914  EKtot   =       593.1563  EPtot      =     -2669.7477
 BOND   =       257.4445  ANGLE   =       337.2695  DIHED      =       491.9156
 1-4 NB =       159.8181  1-4 EEL =      -347.6649  VDWAALS    =      -323.8838
 EELEC  =      -974.9658  EGB     =     -2269.6808  RESTRAINT  =         0.0000
 ------------------------------------------------------------------------------


 NSTEP =    32300   TIME(PS) =      32.300  TEMP(K) =   294.23  PRESS =     0.0
 Etot   =     -2093.4586  EKtot   =       559.5575  EPtot      =     -2653.0160
 BOND   =       248.8854  ANGLE   =       353.6550  DIHED      =       499.9764
 1-4 NB =       151.3119  1-4 EEL =      -326.2914  VDWAALS    =      -331.1809
 EELEC  =     -1126.3395  EGB     =     -2123.0329  RESTRAINT  =         0.0000
 ------------------------------------------------------------------------------


 NSTEP =    32400   TIME(PS) =      32.400  TEMP(K) =   312.76  PRESS =     0.0
 Etot   =     -2086.1642  EKtot   =       594.7853  EPtot      =     -2680.9495
 BOND   =       230.1391  ANGLE   =       345.2053  DIHED      =       504.6948
 1-4 NB =       155.3982  1-4 EEL =      -333.8747  VDWAALS    =      -326.3285
 EELEC  =     -1159.6894  EGB     =     -2096.4942  RESTRAINT  =         0.0000
 ------------------------------------------------------------------------------


 NSTEP =    32500   TIME(PS) =      32.500  TEMP(K) =   315.12  PRESS =     0.0
 Etot   =     -2106.4365  EKtot   =       599.2787  EPtot      =     -2705.7152
 BOND   =       225.4010  ANGLE   =       327.7630  DIHED      =       513.5717
 1-4 NB =       158.2028  1-4 EEL =      -357.6628  VDWAALS    =      -328.8816
 EELEC  =     -1227.0071  EGB     =     -2017.1022  RESTRAINT  =         0.0000
 ------------------------------------------------------------------------------


 NSTEP =    32600   TIME(PS) =      32.600  TEMP(K) =   303.47  PRESS =     0.0
 Etot   =     -2105.6775  EKtot   =       577.1150  EPtot      =     -2682.7925
 BOND   =       237.5636  ANGLE   =       334.8152  DIHED      =       511.7156
 1-4 NB =       153.9562  1-4 EEL =      -357.3283  VDWAALS    =      -330.9797
 EELEC  =     -1280.6309  EGB     =     -1951.9043  RESTRAINT  =         0.0000
 ------------------------------------------------------------------------------


 NSTEP =    32700   TIME(PS) =      32.700  TEMP(K) =   308.71  PRESS =     0.0
 Etot   =     -2114.7610  EKtot   =       587.0934  EPtot      =     -2701.8544
 BOND   =       221.8966  ANGLE   =       353.9631  DIHED      =       492.8826
 1-4 NB =       160.2379  1-4 EEL =      -349.6062  VDWAALS    =      -333.3777
 EELEC  =     -1161.4656  EGB     =     -2086.3851  RESTRAINT  =         0.0000
 ------------------------------------------------------------------------------


 NSTEP =    32800   TIME(PS) =      32.800  TEMP(K) =   294.49  PRESS =     0.0
 Etot   =     -2122.8328  EKtot   =       560.0420  EPtot      =     -2682.8748
 BOND   =       240.3897  ANGLE   =       337.4574  DIHED      =       499.4470
 1-4 NB =       162.1806  1-4 EEL =      -334.0176  VDWAALS    =      -332.7717
 EELEC  =     -1212.0861  EGB     =     -2043.4742  RESTRAINT  =         0.0000
 ------------------------------------------------------------------------------


 NSTEP =    32900   TIME(PS) =      32.900  TEMP(K) =   303.78  PRESS =     0.0
 Etot   =     -2120.2870  EKtot   =       577.7031  EPtot      =     -2697.9901
 BOND   =       228.7773  ANGLE   =       340.1322  DIHED      =       491.4362
 1-4 NB =       159.8653  1-4 EEL =      -350.2194  VDWAALS    =      -327.5030
 EELEC  =     -1256.0809  EGB     =     -1984.3976  RESTRAINT  =         0.0000
 ------------------------------------------------------------------------------

| RE_POSITION Moving by  -0.355293 -0.652104 -0.357677

 NSTEP =    33000   TIME(PS) =      33.000  TEMP(K) =   304.20  PRESS =     0.0
 Etot   =     -2110.2000  EKtot   =       578.5079  EPtot      =     -2688.7078
 BOND   =       236.1069  ANGLE   =       330.4808  DIHED      =       497.5385
 1-4 NB =       158.1985  1-4 EEL =      -331.7769  VDWAALS    =      -326.4543
 EELEC  =     -1048.9399  EGB     =     -2203.8613  RESTRAINT  =         0.0000
 ------------------------------------------------------------------------------


 NSTEP =    33100   TIME(PS) =      33.100  TEMP(K) =   292.59  PRESS =     0.0
 Etot   =     -2116.8572  EKtot   =       556.4282  EPtot      =     -2673.2853
 BOND   =       249.7732  ANGLE   =       346.2044  DIHED      =       497.9934
 1-4 NB =       157.7960  1-4 EEL =      -336.7092  VDWAALS    =      -325.4755
 EELEC  =     -1117.9556  EGB     =     -2144.9120  RESTRAINT  =         0.0000
 ------------------------------------------------------------------------------


 NSTEP =    33200   TIME(PS) =      33.200  TEMP(K) =   299.30  PRESS =     0.0
 Etot   =     -2116.3710  EKtot   =       569.1872  EPtot      =     -2685.5582
 BOND   =       223.5862  ANGLE   =       337.4232  DIHED      =       510.7513
 1-4 NB =       156.3480  1-4 EEL =      -330.1733  VDWAALS    =      -331.3193
 EELEC  =      -813.8890  EGB     =     -2438.2853  RESTRAINT  =         0.0000
 ------------------------------------------------------------------------------


 NSTEP =    33300   TIME(PS) =      33.300  TEMP(K) =   292.46  PRESS =     0.0
 Etot   =     -2123.4356  EKtot   =       556.1838  EPtot      =     -2679.6194
 BOND   =       231.0145  ANGLE   =       349.6778  DIHED      =       502.1787
 1-4 NB =       160.0117  1-4 EEL =      -342.2882  VDWAALS    =      -332.2983
 EELEC  =     -1153.7970  EGB     =     -2094.1186  RESTRAINT  =         0.0000
 ------------------------------------------------------------------------------


 NSTEP =    33400   TIME(PS) =      33.400  TEMP(K) =   290.53  PRESS =     0.0
 Etot   =     -2118.4312  EKtot   =       552.5064  EPtot      =     -2670.9376
 BOND   =       232.4508  ANGLE   =       345.8893  DIHED      =       507.1401
 1-4 NB =       161.6648  1-4 EEL =      -336.3145  VDWAALS    =      -330.5338
 EELEC  =     -1005.1413  EGB     =     -2246.0929  RESTRAINT  =         0.0000
 ------------------------------------------------------------------------------


 NSTEP =    33500   TIME(PS) =      33.500  TEMP(K) =   294.64  PRESS =     0.0
 Etot   =     -2114.3156  EKtot   =       560.3242  EPtot      =     -2674.6398
 BOND   =       231.9819  ANGLE   =       332.6586  DIHED      =       502.3061
 1-4 NB =       160.2614  1-4 EEL =      -332.9399  VDWAALS    =      -329.1246
 EELEC  =      -950.8651  EGB     =     -2288.9181  RESTRAINT  =         0.0000
 ------------------------------------------------------------------------------


 NSTEP =    33600   TIME(PS) =      33.600  TEMP(K) =   304.64  PRESS =     0.0
 Etot   =     -2124.2454  EKtot   =       579.3425  EPtot      =     -2703.5879
 BOND   =       230.1326  ANGLE   =       344.2247  DIHED      =       486.6071
 1-4 NB =       161.0126  1-4 EEL =      -376.9923  VDWAALS    =      -321.4013
 EELEC  =     -1254.8018  EGB     =     -1972.3694  RESTRAINT  =         0.0000
 ------------------------------------------------------------------------------


 NSTEP =    33700   TIME(PS) =      33.700  TEMP(K) =   294.41  PRESS =     0.0
 Etot   =     -2113.3468  EKtot   =       559.8954  EPtot      =     -2673.2422
 BOND   =       236.7580  ANGLE   =       354.5089  DIHED      =       503.6049
 1-4 NB =       153.7306  1-4 EEL =      -341.7799  VDWAALS    =      -326.2528
 EELEC  =     -1377.5978  EGB     =     -1876.2141  RESTRAINT  =         0.0000
 ------------------------------------------------------------------------------


 NSTEP =    33800   TIME(PS) =      33.800  TEMP(K) =   307.55  PRESS =     0.0
 Etot   =     -2081.7231  EKtot   =       584.8738  EPtot      =     -2666.5970
 BOND   =       250.0804  ANGLE   =       345.2357  DIHED      =       508.5636
 1-4 NB =       157.2972  1-4 EEL =      -363.0424  VDWAALS    =      -331.3400
 EELEC  =     -1320.4378  EGB     =     -1912.9536  RESTRAINT  =         0.0000
 ------------------------------------------------------------------------------


 NSTEP =    33900   TIME(PS) =      33.900  TEMP(K) =   296.30  PRESS =     0.0
 Etot   =     -2073.3379  EKtot   =       563.4813  EPtot      =     -2636.8192
 BOND   =       240.0748  ANGLE   =       349.3008  DIHED      =       519.5402
 1-4 NB =       158.3432  1-4 EEL =      -334.3916  VDWAALS    =      -330.1324
 EELEC  =     -1159.6899  EGB     =     -2079.8642  RESTRAINT  =         0.0000
 ------------------------------------------------------------------------------

| RE_POSITION Moving by  -0.382755 -0.348630 -0.034048

 NSTEP =    34000   TIME(PS) =      34.000  TEMP(K) =   313.58  PRESS =     0.0
 Etot   =     -2074.6353  EKtot   =       596.3532  EPtot      =     -2670.9885
 BOND   =       243.3448  ANGLE   =       334.1138  DIHED      =       506.3481
 1-4 NB =       161.8891  1-4 EEL =      -332.9366  VDWAALS    =      -331.1978
 EELEC  =     -1103.5860  EGB     =     -2148.9639  RESTRAINT  =         0.0000
 ------------------------------------------------------------------------------


 NSTEP =    34100   TIME(PS) =      34.100  TEMP(K) =   321.16  PRESS =     0.0
 Etot   =     -2066.1135  EKtot   =       610.7550  EPtot      =     -2676.8686
 BOND   =       227.6289  ANGLE   =       350.2809  DIHED      =       505.0928
 1-4 NB =       155.0425  1-4 EEL =      -341.0978  VDWAALS    =      -324.3443
 EELEC  =     -1365.1572  EGB     =     -1884.3143  RESTRAINT  =         0.0000
 ------------------------------------------------------------------------------


 NSTEP =    34200   TIME(PS) =      34.200  TEMP(K) =   305.65  PRESS =     0.0
 Etot   =     -2072.3767  EKtot   =       581.2661  EPtot      =     -2653.6428
 BOND   =       241.2521  ANGLE   =       361.4214  DIHED      =       510.7975
 1-4 NB =       158.5550  1-4 EEL =      -344.2370  VDWAALS    =      -335.0134
 EELEC  =      -945.6089  EGB     =     -2300.8096  RESTRAINT  =         0.0000
 ------------------------------------------------------------------------------


 NSTEP =    34300   TIME(PS) =      34.300  TEMP(K) =   306.79  PRESS =     0.0
 Etot   =     -2087.2909  EKtot   =       583.4357  EPtot      =     -2670.7266
 BOND   =       232.5076  ANGLE   =       356.6844  DIHED      =       513.3214
 1-4 NB =       163.8411  1-4 EEL =      -368.2801  VDWAALS    =      -338.4176
 EELEC  =      -852.9286  EGB     =     -2377.4549  RESTRAINT  =         0.0000
 ------------------------------------------------------------------------------


 NSTEP =    34400   TIME(PS) =      34.400  TEMP(K) =   297.97  PRESS =     0.0
 Etot   =     -2109.3101  EKtot   =       566.6533  EPtot      =     -2675.9634
 BOND   =       224.4803  ANGLE   =       328.8897  DIHED      =       515.3027
 1-4 NB =       159.9673  1-4 EEL =      -325.9234  VDWAALS    =      -323.0339
 EELEC  =      -617.4399  EGB     =     -2638.2062  RESTRAINT  =         0.0000
 ------------------------------------------------------------------------------


 NSTEP =    34500   TIME(PS) =      34.500  TEMP(K) =   310.32  PRESS =     0.0
 Etot   =     -2100.7930  EKtot   =       590.1553  EPtot      =     -2690.9483
 BOND   =       229.6713  ANGLE   =       344.4404  DIHED      =       491.7512
 1-4 NB =       158.2029  1-4 EEL =      -347.2498  VDWAALS    =      -328.8399
 EELEC  =      -836.4036  EGB     =     -2402.5209  RESTRAINT  =         0.0000
 ------------------------------------------------------------------------------


 NSTEP =    34600   TIME(PS) =      34.600  TEMP(K) =   301.45  PRESS =     0.0
 Etot   =     -2089.1911  EKtot   =       573.2874  EPtot      =     -2662.4785
 BOND   =       227.2891  ANGLE   =       351.9255  DIHED      =       506.8522
 1-4 NB =       159.5203  1-4 EEL =      -337.1820  VDWAALS    =      -330.7204
 EELEC  =      -921.8213  EGB     =     -2318.3420  RESTRAINT  =         0.0000
 ------------------------------------------------------------------------------


 NSTEP =    34700   TIME(PS) =      34.700  TEMP(K) =   307.48  PRESS =     0.0
 Etot   =     -2090.4646  EKtot   =       584.7464  EPtot      =     -2675.2110
 BOND   =       231.7445  ANGLE   =       349.1525  DIHED      =       491.9249
 1-4 NB =       167.6163  1-4 EEL =      -337.8654  VDWAALS    =      -332.7655
 EELEC  =      -993.5205  EGB     =     -2251.4977  RESTRAINT  =         0.0000
 ------------------------------------------------------------------------------


 NSTEP =    34800   TIME(PS) =      34.800  TEMP(K) =   305.05  PRESS =     0.0
 Etot   =     -2069.9457  EKtot   =       580.1357  EPtot      =     -2650.0814
 BOND   =       254.5673  ANGLE   =       352.2718  DIHED      =       503.2539
 1-4 NB =       153.7818  1-4 EEL =      -325.3967  VDWAALS    =      -328.6296
 EELEC  =     -1049.3860  EGB     =     -2210.5439  RESTRAINT  =         0.0000
 ------------------------------------------------------------------------------


 NSTEP =    34900   TIME(PS) =      34.900  TEMP(K) =   306.49  PRESS =     0.0
 Etot   =     -2067.4679  EKtot   =       582.8711  EPtot      =     -2650.3390
 BOND   =       236.2008  ANGLE   =       353.4734  DIHED      =       511.8266
 1-4 NB =       163.7958  1-4 EEL =      -335.6028  VDWAALS    =      -328.7422
 EELEC  =     -1252.8935  EGB     =     -1998.3971  RESTRAINT  =         0.0000
 ------------------------------------------------------------------------------

| RE_POSITION Moving by  -0.127682 -0.296874  0.022528

 NSTEP =    35000   TIME(PS) =      35.000  TEMP(K) =   298.13  PRESS =     0.0
 Etot   =     -2080.9827  EKtot   =       566.9699  EPtot      =     -2647.9525
 BOND   =       235.7549  ANGLE   =       374.3732  DIHED      =       503.1148
 1-4 NB =       153.9171  1-4 EEL =      -341.6573  VDWAALS    =      -331.5231
 EELEC  =     -1193.6087  EGB     =     -2048.3233  RESTRAINT  =         0.0000
 ------------------------------------------------------------------------------


 NSTEP =    35100   TIME(PS) =      35.100  TEMP(K) =   301.98  PRESS =     0.0
 Etot   =     -2101.9289  EKtot   =       574.2922  EPtot      =     -2676.2210
 BOND   =       204.9782  ANGLE   =       341.6679  DIHED      =       502.7119
 1-4 NB =       172.1805  1-4 EEL =      -298.3392  VDWAALS    =      -329.2353
 EELEC  =     -1092.2173  EGB     =     -2177.9677  RESTRAINT  =         0.0000
 ------------------------------------------------------------------------------


 NSTEP =    35200   TIME(PS) =      35.200  TEMP(K) =   302.76  PRESS =     0.0
 Etot   =     -2091.0945  EKtot   =       575.7658  EPtot      =     -2666.8603
 BOND   =       251.1964  ANGLE   =       345.3581  DIHED      =       513.8637
 1-4 NB =       146.3193  1-4 EEL =      -339.8370  VDWAALS    =      -339.2548
 EELEC  =     -1043.6871  EGB     =     -2200.8189  RESTRAINT  =         0.0000
 ------------------------------------------------------------------------------


 NSTEP =    35300   TIME(PS) =      35.300  TEMP(K) =   307.58  PRESS =     0.0
 Etot   =     -2082.9733  EKtot   =       584.9401  EPtot      =     -2667.9133
 BOND   =       242.2762  ANGLE   =       339.5104  DIHED      =       500.4395
 1-4 NB =       155.2799  1-4 EEL =      -329.0387  VDWAALS    =      -334.1593
 EELEC  =      -478.6816  EGB     =     -2763.5395  RESTRAINT  =         0.0000
 ------------------------------------------------------------------------------


 NSTEP =    35400   TIME(PS) =      35.400  TEMP(K) =   314.79  PRESS =     0.0
 Etot   =     -2085.2728  EKtot   =       598.6493  EPtot      =     -2683.9221
 BOND   =       244.5018  ANGLE   =       319.5484  DIHED      =       520.7134
 1-4 NB =       154.2721  1-4 EEL =      -336.3565  VDWAALS    =      -332.3155
 EELEC  =      -691.7667  EGB     =     -2562.5192  RESTRAINT  =         0.0000
 ------------------------------------------------------------------------------


 NSTEP =    35500   TIME(PS) =      35.500  TEMP(K) =   317.63  PRESS =     0.0
 Etot   =     -2079.8757  EKtot   =       604.0557  EPtot      =     -2683.9314
 BOND   =       219.6696  ANGLE   =       334.7942  DIHED      =       517.9785
 1-4 NB =       166.8455  1-4 EEL =      -352.7600  VDWAALS    =      -330.0396
 EELEC  =      -740.5980  EGB     =     -2499.8215  RESTRAINT  =         0.0000
 ------------------------------------------------------------------------------


 NSTEP =    35600   TIME(PS) =      35.600  TEMP(K) =   300.66  PRESS =     0.0
 Etot   =     -2094.8771  EKtot   =       571.7746  EPtot      =     -2666.6517
 BOND   =       235.6822  ANGLE   =       349.1547  DIHED      =       501.8154
 1-4 NB =       164.9515  1-4 EEL =      -362.3570  VDWAALS    =      -330.0582
 EELEC  =      -898.7461  EGB     =     -2327.0943  RESTRAINT  =         0.0000
 ------------------------------------------------------------------------------


 NSTEP =    35700   TIME(PS) =      35.700  TEMP(K) =   293.00  PRESS =     0.0
 Etot   =     -2110.2789  EKtot   =       557.2029  EPtot      =     -2667.4818
 BOND   =       241.2631  ANGLE   =       355.9316  DIHED      =       494.2990
 1-4 NB =       156.9403  1-4 EEL =      -351.8972  VDWAALS    =      -331.5461
 EELEC  =      -946.3936  EGB     =     -2286.0790  RESTRAINT  =         0.0000
 ------------------------------------------------------------------------------


 NSTEP =    35800   TIME(PS) =      35.800  TEMP(K) =   299.86  PRESS =     0.0
 Etot   =     -2110.4662  EKtot   =       570.2546  EPtot      =     -2680.7208
 BOND   =       221.7231  ANGLE   =       335.7432  DIHED      =       505.1896
 1-4 NB =       168.8022  1-4 EEL =      -338.2567  VDWAALS    =      -327.7746
 EELEC  =      -910.9790  EGB     =     -2335.1686  RESTRAINT  =         0.0000
 ------------------------------------------------------------------------------


 NSTEP =    35900   TIME(PS) =      35.900  TEMP(K) =   286.64  PRESS =     0.0
 Etot   =     -2103.7803  EKtot   =       545.1126  EPtot      =     -2648.8929
 BOND   =       237.3425  ANGLE   =       356.1488  DIHED      =       498.8007
 1-4 NB =       164.9049  1-4 EEL =      -330.7471  VDWAALS    =      -327.4514
 EELEC  =      -976.7847  EGB     =     -2271.1065  RESTRAINT  =         0.0000
 ------------------------------------------------------------------------------

| RE_POSITION Moving by   0.045981  0.055520  0.474098

 NSTEP =    36000   TIME(PS) =      36.000  TEMP(K) =   298.79  PRESS =     0.0
 Etot   =     -2084.6288  EKtot   =       568.2237  EPtot      =     -2652.8525
 BOND   =       239.2981  ANGLE   =       351.8842  DIHED      =       498.9421
 1-4 NB =       164.9961  1-4 EEL =      -352.4479  VDWAALS    =      -323.7307
 EELEC  =      -942.8417  EGB     =     -2288.9526  RESTRAINT  =         0.0000
 ------------------------------------------------------------------------------


 NSTEP =    36100   TIME(PS) =      36.100  TEMP(K) =   296.85  PRESS =     0.0
 Etot   =     -2099.3072  EKtot   =       564.5396  EPtot      =     -2663.8468
 BOND   =       237.3830  ANGLE   =       353.1778  DIHED      =       501.3789
 1-4 NB =       159.1959  1-4 EEL =      -349.5214  VDWAALS    =      -327.8885
 EELEC  =     -1158.4555  EGB     =     -2079.1170  RESTRAINT  =         0.0000
 ------------------------------------------------------------------------------


 NSTEP =    36200   TIME(PS) =      36.200  TEMP(K) =   290.42  PRESS =     0.0
 Etot   =     -2097.9217  EKtot   =       552.3083  EPtot      =     -2650.2300
 BOND   =       246.1683  ANGLE   =       368.3884  DIHED      =       492.1546
 1-4 NB =       166.0973  1-4 EEL =      -366.9311  VDWAALS    =      -324.7397
 EELEC  =     -1215.2373  EGB     =     -2016.1305  RESTRAINT  =         0.0000
 ------------------------------------------------------------------------------


 NSTEP =    36300   TIME(PS) =      36.300  TEMP(K) =   321.75  PRESS =     0.0
 Etot   =     -2076.9264  EKtot   =       611.8782  EPtot      =     -2688.8046
 BOND   =       239.2582  ANGLE   =       324.2930  DIHED      =       499.8450
 1-4 NB =       158.4766  1-4 EEL =      -349.9688  VDWAALS    =      -328.2313
 EELEC  =      -807.0623  EGB     =     -2425.4150  RESTRAINT  =         0.0000
 ------------------------------------------------------------------------------


 NSTEP =    36400   TIME(PS) =      36.400  TEMP(K) =   297.61  PRESS =     0.0
 Etot   =     -2089.5917  EKtot   =       565.9777  EPtot      =     -2655.5694
 BOND   =       266.9092  ANGLE   =       344.4808  DIHED      =       495.0213
 1-4 NB =       150.2116  1-4 EEL =      -352.7942  VDWAALS    =      -320.6366
 EELEC  =      -986.6364  EGB     =     -2252.1249  RESTRAINT  =         0.0000
 ------------------------------------------------------------------------------


 NSTEP =    36500   TIME(PS) =      36.500  TEMP(K) =   295.57  PRESS =     0.0
 Etot   =     -2093.6074  EKtot   =       562.0931  EPtot      =     -2655.7005
 BOND   =       221.7252  ANGLE   =       359.0248  DIHED      =       495.0464
 1-4 NB =       166.4077  1-4 EEL =      -345.5569  VDWAALS    =      -328.8618
 EELEC  =      -608.3396  EGB     =     -2615.1463  RESTRAINT  =         0.0000
 ------------------------------------------------------------------------------


 NSTEP =    36600   TIME(PS) =      36.600  TEMP(K) =   307.95  PRESS =     0.0
 Etot   =     -2100.5797  EKtot   =       585.6392  EPtot      =     -2686.2189
 BOND   =       225.0949  ANGLE   =       342.2737  DIHED      =       493.9602
 1-4 NB =       161.0224  1-4 EEL =      -352.3162  VDWAALS    =      -317.7288
 EELEC  =      -946.7742  EGB     =     -2291.7508  RESTRAINT  =         0.0000
 ------------------------------------------------------------------------------


 NSTEP =    36700   TIME(PS) =      36.700  TEMP(K) =   300.80  PRESS =     0.0
 Etot   =     -2123.4631  EKtot   =       572.0490  EPtot      =     -2695.5122
 BOND   =       202.4094  ANGLE   =       333.7469  DIHED      =       510.7402
 1-4 NB =       160.1172  1-4 EEL =      -344.8639  VDWAALS    =      -321.9213
 EELEC  =      -821.0039  EGB     =     -2414.7367  RESTRAINT  =         0.0000
 ------------------------------------------------------------------------------


 NSTEP =    36800   TIME(PS) =      36.800  TEMP(K) =   306.78  PRESS =     0.0
 Etot   =     -2108.5965  EKtot   =       583.4254  EPtot      =     -2692.0218
 BOND   =       226.0904  ANGLE   =       349.1512  DIHED      =       487.8100
 1-4 NB =       151.8380  1-4 EEL =      -356.2363  VDWAALS    =      -321.9731
 EELEC  =      -880.1313  EGB     =     -2348.5706  RESTRAINT  =         0.0000
 ------------------------------------------------------------------------------


 NSTEP =    36900   TIME(PS) =      36.900  TEMP(K) =   295.63  PRESS =     0.0
 Etot   =     -2118.4453  EKtot   =       562.2076  EPtot      =     -2680.6528
 BOND   =       237.0812  ANGLE   =       333.5297  DIHED      =       496.7406
 1-4 NB =       153.8828  1-4 EEL =      -346.9000  VDWAALS    =      -313.8649
 EELEC  =      -981.9538  EGB     =     -2259.1685  RESTRAINT  =         0.0000
 ------------------------------------------------------------------------------

| RE_POSITION Moving by   0.212330  0.329620 -0.882966

 NSTEP =    37000   TIME(PS) =      37.000  TEMP(K) =   284.48  PRESS =     0.0
 Etot   =     -2110.5477  EKtot   =       540.9990  EPtot      =     -2651.5467
 BOND   =       233.7210  ANGLE   =       342.8934  DIHED      =       506.9391
 1-4 NB =       159.0641  1-4 EEL =      -347.6181  VDWAALS    =      -306.3064
 EELEC  =      -736.8092  EGB     =     -2503.4304  RESTRAINT  =         0.0000
 ------------------------------------------------------------------------------


 NSTEP =    37100   TIME(PS) =      37.100  TEMP(K) =   284.55  PRESS =     0.0
 Etot   =     -2097.1797  EKtot   =       541.1454  EPtot      =     -2638.3251
 BOND   =       243.5710  ANGLE   =       341.1921  DIHED      =       515.8825
 1-4 NB =       160.8033  1-4 EEL =      -362.8516  VDWAALS    =      -310.8422
 EELEC  =      -689.5599  EGB     =     -2536.5203  RESTRAINT  =         0.0000
 ------------------------------------------------------------------------------


 NSTEP =    37200   TIME(PS) =      37.200  TEMP(K) =   300.58  PRESS =     0.0
 Etot   =     -2087.9808  EKtot   =       571.6236  EPtot      =     -2659.6045
 BOND   =       240.8116  ANGLE   =       340.4295  DIHED      =       510.9741
 1-4 NB =       147.7335  1-4 EEL =      -335.1400  VDWAALS    =      -314.2705
 EELEC  =      -719.1105  EGB     =     -2531.0321  RESTRAINT  =         0.0000
 ------------------------------------------------------------------------------


 NSTEP =    37300   TIME(PS) =      37.300  TEMP(K) =   292.21  PRESS =     0.0
 Etot   =     -2091.4685  EKtot   =       555.7048  EPtot      =     -2647.1733
 BOND   =       221.0170  ANGLE   =       357.1864  DIHED      =       515.6348
 1-4 NB =       160.9083  1-4 EEL =      -343.9563  VDWAALS    =      -312.8662
 EELEC  =      -966.4367  EGB     =     -2278.6605  RESTRAINT  =         0.0000
 ------------------------------------------------------------------------------


 NSTEP =    37400   TIME(PS) =      37.400  TEMP(K) =   303.82  PRESS =     0.0
 Etot   =     -2094.2341  EKtot   =       577.7796  EPtot      =     -2672.0137
 BOND   =       246.4576  ANGLE   =       325.8669  DIHED      =       503.8437
 1-4 NB =       154.6656  1-4 EEL =      -332.3651  VDWAALS    =      -320.4956
 EELEC  =     -1206.6772  EGB     =     -2043.3096  RESTRAINT  =         0.0000
 ------------------------------------------------------------------------------


 NSTEP =    37500   TIME(PS) =      37.500  TEMP(K) =   303.33  PRESS =     0.0
 Etot   =     -2078.3313  EKtot   =       576.8464  EPtot      =     -2655.1777
 BOND   =       248.9233  ANGLE   =       342.1998  DIHED      =       494.0445
 1-4 NB =       156.4798  1-4 EEL =      -339.5897  VDWAALS    =      -316.8466
 EELEC  =     -1161.0943  EGB     =     -2079.2944  RESTRAINT  =         0.0000
 ------------------------------------------------------------------------------


 NSTEP =    37600   TIME(PS) =      37.600  TEMP(K) =   304.42  PRESS =     0.0
 Etot   =     -2066.9183  EKtot   =       578.9243  EPtot      =     -2645.8426
 BOND   =       243.8033  ANGLE   =       358.9273  DIHED      =       494.8728
 1-4 NB =       154.7956  1-4 EEL =      -343.9213  VDWAALS    =      -315.6498
 EELEC  =     -1321.1361  EGB     =     -1917.5344  RESTRAINT  =         0.0000
 ------------------------------------------------------------------------------


 NSTEP =    37700   TIME(PS) =      37.700  TEMP(K) =   302.76  PRESS =     0.0
 Etot   =     -2072.7772  EKtot   =       575.7715  EPtot      =     -2648.5487
 BOND   =       254.0467  ANGLE   =       351.7120  DIHED      =       497.8390
 1-4 NB =       155.7116  1-4 EEL =      -344.6736  VDWAALS    =      -315.8416
 EELEC  =     -1202.1165  EGB     =     -2045.2263  RESTRAINT  =         0.0000
 ------------------------------------------------------------------------------


 NSTEP =    37800   TIME(PS) =      37.800  TEMP(K) =   301.26  PRESS =     0.0
 Etot   =     -2081.2238  EKtot   =       572.9201  EPtot      =     -2654.1439
 BOND   =       250.2837  ANGLE   =       331.1137  DIHED      =       516.1268
 1-4 NB =       161.6206  1-4 EEL =      -351.0709  VDWAALS    =      -321.2835
 EELEC  =     -1200.6070  EGB     =     -2040.3273  RESTRAINT  =         0.0000
 ------------------------------------------------------------------------------


 NSTEP =    37900   TIME(PS) =      37.900  TEMP(K) =   312.39  PRESS =     0.0
 Etot   =     -2063.6547  EKtot   =       594.0841  EPtot      =     -2657.7389
 BOND   =       236.6242  ANGLE   =       364.0022  DIHED      =       505.4669
 1-4 NB =       150.8467  1-4 EEL =      -335.3935  VDWAALS    =      -317.4177
 EELEC  =     -1153.8277  EGB     =     -2108.0400  RESTRAINT  =         0.0000
 ------------------------------------------------------------------------------

| RE_POSITION Moving by  -0.454185  0.233824  0.201815

 NSTEP =    38000   TIME(PS) =      38.000  TEMP(K) =   306.87  PRESS =     0.0
 Etot   =     -2081.4347  EKtot   =       583.5871  EPtot      =     -2665.0218
 BOND   =       235.2612  ANGLE   =       348.7883  DIHED      =       506.0101
 1-4 NB =       158.9079  1-4 EEL =      -360.8836  VDWAALS    =      -309.1830
 EELEC  =     -1201.8730  EGB     =     -2042.0496  RESTRAINT  =         0.0000
 ------------------------------------------------------------------------------


 NSTEP =    38100   TIME(PS) =      38.100  TEMP(K) =   294.55  PRESS =     0.0
 Etot   =     -2074.4411  EKtot   =       560.1604  EPtot      =     -2634.6015
 BOND   =       242.7944  ANGLE   =       365.3357  DIHED      =       496.4057
 1-4 NB =       160.7001  1-4 EEL =      -351.7767  VDWAALS    =      -307.8978
 EELEC  =      -958.4720  EGB     =     -2281.6907  RESTRAINT  =         0.0000
 ------------------------------------------------------------------------------


 NSTEP =    38200   TIME(PS) =      38.200  TEMP(K) =   301.81  PRESS =     0.0
 Etot   =     -2100.5301  EKtot   =       573.9700  EPtot      =     -2674.5001
 BOND   =       230.9992  ANGLE   =       353.4155  DIHED      =       494.3965
 1-4 NB =       152.9431  1-4 EEL =      -354.2450  VDWAALS    =      -313.4685
 EELEC  =     -1030.3893  EGB     =     -2208.1515  RESTRAINT  =         0.0000
 ------------------------------------------------------------------------------


 NSTEP =    38300   TIME(PS) =      38.300  TEMP(K) =   286.86  PRESS =     0.0
 Etot   =     -2109.0342  EKtot   =       545.5399  EPtot      =     -2654.5742
 BOND   =       231.5899  ANGLE   =       345.2174  DIHED      =       502.8237
 1-4 NB =       162.4206  1-4 EEL =      -360.0462  VDWAALS    =      -310.4261
 EELEC  =      -945.1871  EGB     =     -2280.9664  RESTRAINT  =         0.0000
 ------------------------------------------------------------------------------


 NSTEP =    38400   TIME(PS) =      38.400  TEMP(K) =   302.78  PRESS =     0.0
 Etot   =     -2125.6369  EKtot   =       575.8043  EPtot      =     -2701.4413
 BOND   =       227.8584  ANGLE   =       360.8111  DIHED      =       482.2748
 1-4 NB =       147.5195  1-4 EEL =      -365.2433  VDWAALS    =      -317.9620
 EELEC  =     -1320.3571  EGB     =     -1916.3428  RESTRAINT  =         0.0000
 ------------------------------------------------------------------------------


 NSTEP =    38500   TIME(PS) =      38.500  TEMP(K) =   289.04  PRESS =     0.0
 Etot   =     -2121.6040  EKtot   =       549.6787  EPtot      =     -2671.2828
 BOND   =       224.1803  ANGLE   =       346.2257  DIHED      =       496.5778
 1-4 NB =       161.2415  1-4 EEL =      -320.0311  VDWAALS    =      -317.8034
 EELEC  =     -1618.0897  EGB     =     -1643.5839  RESTRAINT  =         0.0000
 ------------------------------------------------------------------------------


 NSTEP =    38600   TIME(PS) =      38.600  TEMP(K) =   296.09  PRESS =     0.0
 Etot   =     -2142.8531  EKtot   =       563.0918  EPtot      =     -2705.9449
 BOND   =       221.3112  ANGLE   =       321.8108  DIHED      =       496.7518
 1-4 NB =       151.8967  1-4 EEL =      -340.8946  VDWAALS    =      -314.0198
 EELEC  =     -1241.4760  EGB     =     -2001.3251  RESTRAINT  =         0.0000
 ------------------------------------------------------------------------------


 NSTEP =    38700   TIME(PS) =      38.700  TEMP(K) =   289.82  PRESS =     0.0
 Etot   =     -2145.4475  EKtot   =       551.1631  EPtot      =     -2696.6105
 BOND   =       219.9362  ANGLE   =       344.5197  DIHED      =       487.3221
 1-4 NB =       156.9856  1-4 EEL =      -368.6942  VDWAALS    =      -322.8242
 EELEC  =      -782.5219  EGB     =     -2431.3338  RESTRAINT  =         0.0000
 ------------------------------------------------------------------------------


 NSTEP =    38800   TIME(PS) =      38.800  TEMP(K) =   282.15  PRESS =     0.0
 Etot   =     -2147.3416  EKtot   =       536.5790  EPtot      =     -2683.9206
 BOND   =       217.8612  ANGLE   =       348.4926  DIHED      =       493.6066
 1-4 NB =       154.3622  1-4 EEL =      -348.2644  VDWAALS    =      -317.3570
 EELEC  =     -1224.2848  EGB     =     -2008.3370  RESTRAINT  =         0.0000
 ------------------------------------------------------------------------------


 NSTEP =    38900   TIME(PS) =      38.900  TEMP(K) =   282.35  PRESS =     0.0
 Etot   =     -2127.4229  EKtot   =       536.9611  EPtot      =     -2664.3840
 BOND   =       242.7854  ANGLE   =       353.7638  DIHED      =       492.5861
 1-4 NB =       152.2264  1-4 EEL =      -350.6487  VDWAALS    =      -312.3474
 EELEC  =     -1050.6746  EGB     =     -2192.0749  RESTRAINT  =         0.0000
 ------------------------------------------------------------------------------

| RE_POSITION Moving by  -0.032795  0.026934 -0.200817

 NSTEP =    39000   TIME(PS) =      39.000  TEMP(K) =   291.19  PRESS =     0.0
 Etot   =     -2137.9052  EKtot   =       553.7659  EPtot      =     -2691.6711
 BOND   =       222.1669  ANGLE   =       325.3891  DIHED      =       496.0414
 1-4 NB =       167.7319  1-4 EEL =      -330.4217  VDWAALS    =      -310.9360
 EELEC  =     -1293.0497  EGB     =     -1968.5930  RESTRAINT  =         0.0000
 ------------------------------------------------------------------------------


 NSTEP =    39100   TIME(PS) =      39.100  TEMP(K) =   293.60  PRESS =     0.0
 Etot   =     -2117.4730  EKtot   =       558.3606  EPtot      =     -2675.8336
 BOND   =       220.7984  ANGLE   =       356.9003  DIHED      =       510.5312
 1-4 NB =       154.6536  1-4 EEL =      -356.8100  VDWAALS    =      -327.4315
 EELEC  =     -1100.9151  EGB     =     -2133.5604  RESTRAINT  =         0.0000
 ------------------------------------------------------------------------------


 NSTEP =    39200   TIME(PS) =      39.200  TEMP(K) =   290.99  PRESS =     0.0
 Etot   =     -2117.9686  EKtot   =       553.3967  EPtot      =     -2671.3653
 BOND   =       232.5607  ANGLE   =       339.7074  DIHED      =       499.0721
 1-4 NB =       165.6023  1-4 EEL =      -365.1483  VDWAALS    =      -316.0329
 EELEC  =      -958.2073  EGB     =     -2268.9193  RESTRAINT  =         0.0000
 ------------------------------------------------------------------------------


 NSTEP =    39300   TIME(PS) =      39.300  TEMP(K) =   291.84  PRESS =     0.0
 Etot   =     -2130.4682  EKtot   =       555.0017  EPtot      =     -2685.4699
 BOND   =       226.6184  ANGLE   =       342.6004  DIHED      =       501.1232
 1-4 NB =       152.0422  1-4 EEL =      -343.3129  VDWAALS    =      -311.1101
 EELEC  =     -1305.3653  EGB     =     -1948.0659  RESTRAINT  =         0.0000
 ------------------------------------------------------------------------------


 NSTEP =    39400   TIME(PS) =      39.400  TEMP(K) =   298.57  PRESS =     0.0
 Etot   =     -2109.4468  EKtot   =       567.8126  EPtot      =     -2677.2594
 BOND   =       225.3635  ANGLE   =       342.3496  DIHED      =       505.5328
 1-4 NB =       151.8896  1-4 EEL =      -334.9807  VDWAALS    =      -318.5067
 EELEC  =     -1299.1649  EGB     =     -1949.7426  RESTRAINT  =         0.0000
 ------------------------------------------------------------------------------


 NSTEP =    39500   TIME(PS) =      39.500  TEMP(K) =   294.57  PRESS =     0.0
 Etot   =     -2109.8301  EKtot   =       560.1912  EPtot      =     -2670.0213
 BOND   =       237.3298  ANGLE   =       329.8993  DIHED      =       505.6793
 1-4 NB =       159.9593  1-4 EEL =      -348.3110  VDWAALS    =      -312.8944
 EELEC  =     -1291.4464  EGB     =     -1950.2373  RESTRAINT  =         0.0000
 ------------------------------------------------------------------------------


 NSTEP =    39600   TIME(PS) =      39.600  TEMP(K) =   290.12  PRESS =     0.0
 Etot   =     -2132.2838  EKtot   =       551.7267  EPtot      =     -2684.0105
 BOND   =       217.4522  ANGLE   =       346.6698  DIHED      =       499.1629
 1-4 NB =       152.0272  1-4 EEL =      -335.4986  VDWAALS    =      -314.0406
 EELEC  =     -1322.5884  EGB     =     -1927.1949  RESTRAINT  =         0.0000
 ------------------------------------------------------------------------------


 NSTEP =    39700   TIME(PS) =      39.700  TEMP(K) =   288.23  PRESS =     0.0
 Etot   =     -2136.3808  EKtot   =       548.1334  EPtot      =     -2684.5143
 BOND   =       218.2942  ANGLE   =       341.5114  DIHED      =       498.3183
 1-4 NB =       163.6369  1-4 EEL =      -375.3752  VDWAALS    =      -312.5477
 EELEC  =      -783.9145  EGB     =     -2434.4377  RESTRAINT  =         0.0000
 ------------------------------------------------------------------------------


 NSTEP =    39800   TIME(PS) =      39.800  TEMP(K) =   300.05  PRESS =     0.0
 Etot   =     -2131.5223  EKtot   =       570.6101  EPtot      =     -2702.1324
 BOND   =       220.2534  ANGLE   =       341.1043  DIHED      =       484.8245
 1-4 NB =       162.6918  1-4 EEL =      -373.0731  VDWAALS    =      -316.4395
 EELEC  =      -815.2683  EGB     =     -2406.2256  RESTRAINT  =         0.0000
 ------------------------------------------------------------------------------


 NSTEP =    39900   TIME(PS) =      39.900  TEMP(K) =   290.59  PRESS =     0.0
 Etot   =     -2134.0887  EKtot   =       552.6201  EPtot      =     -2686.7087
 BOND   =       227.5821  ANGLE   =       346.8839  DIHED      =       511.3249
 1-4 NB =       149.9382  1-4 EEL =      -355.5391  VDWAALS    =      -318.5153
 EELEC  =     -1063.6839  EGB     =     -2184.6995  RESTRAINT  =         0.0000
 ------------------------------------------------------------------------------

| RE_POSITION Moving by   0.316450 -0.247450 -0.558176

 NSTEP =    40000   TIME(PS) =      40.000  TEMP(K) =   295.42  PRESS =     0.0
 Etot   =     -2132.6748  EKtot   =       561.8055  EPtot      =     -2694.4803
 BOND   =       229.4881  ANGLE   =       321.9990  DIHED      =       503.2394
 1-4 NB =       157.3882  1-4 EEL =      -334.5265  VDWAALS    =      -314.4171
 EELEC  =      -975.1893  EGB     =     -2282.4621  RESTRAINT  =         0.0000
 ------------------------------------------------------------------------------


 NSTEP =    40100   TIME(PS) =      40.100  TEMP(K) =   290.39  PRESS =     0.0
 Etot   =     -2149.3454  EKtot   =       552.2534  EPtot      =     -2701.5987
 BOND   =       221.1343  ANGLE   =       329.3486  DIHED      =       501.7290
 1-4 NB =       155.9165  1-4 EEL =      -347.8388  VDWAALS    =      -318.0941
 EELEC  =     -1219.4709  EGB     =     -2024.3234  RESTRAINT  =         0.0000
 ------------------------------------------------------------------------------


 NSTEP =    40200   TIME(PS) =      40.200  TEMP(K) =   299.19  PRESS =     0.0
 Etot   =     -2144.5274  EKtot   =       568.9905  EPtot      =     -2713.5179
 BOND   =       231.4025  ANGLE   =       314.8523  DIHED      =       492.4291
 1-4 NB =       152.0633  1-4 EEL =      -348.9342  VDWAALS    =      -313.8268
 EELEC  =     -1430.7274  EGB     =     -1810.7766  RESTRAINT  =         0.0000
 ------------------------------------------------------------------------------


 NSTEP =    40300   TIME(PS) =      40.300  TEMP(K) =   296.98  PRESS =     0.0
 Etot   =     -2127.0177  EKtot   =       564.7701  EPtot      =     -2691.7878
 BOND   =       229.7203  ANGLE   =       335.3632  DIHED      =       494.9541
 1-4 NB =       161.2346  1-4 EEL =      -348.6899  VDWAALS    =      -317.7493
 EELEC  =     -1401.6099  EGB     =     -1845.0109  RESTRAINT  =         0.0000
 ------------------------------------------------------------------------------


 NSTEP =    40400   TIME(PS) =      40.400  TEMP(K) =   299.80  PRESS =     0.0
 Etot   =     -2123.5065  EKtot   =       570.1391  EPtot      =     -2693.6457
 BOND   =       225.6930  ANGLE   =       332.1335  DIHED      =       505.2086
 1-4 NB =       156.0610  1-4 EEL =      -335.5026  VDWAALS    =      -319.4360
 EELEC  =     -1194.6798  EGB     =     -2063.1236  RESTRAINT  =         0.0000
 ------------------------------------------------------------------------------


 NSTEP =    40500   TIME(PS) =      40.500  TEMP(K) =   291.98  PRESS =     0.0
 Etot   =     -2115.5859  EKtot   =       555.2758  EPtot      =     -2670.8617
 BOND   =       243.7307  ANGLE   =       347.8367  DIHED      =       494.3214
 1-4 NB =       156.2759  1-4 EEL =      -340.7005  VDWAALS    =      -312.8174
 EELEC  =     -1211.6482  EGB     =     -2047.8603  RESTRAINT  =         0.0000
 ------------------------------------------------------------------------------


 NSTEP =    40600   TIME(PS) =      40.600  TEMP(K) =   293.69  PRESS =     0.0
 Etot   =     -2132.4929  EKtot   =       558.5278  EPtot      =     -2691.0207
 BOND   =       233.6470  ANGLE   =       334.2637  DIHED      =       496.7070
 1-4 NB =       153.8138  1-4 EEL =      -336.6200  VDWAALS    =      -317.6417
 EELEC  =     -1449.0052  EGB     =     -1806.1851  RESTRAINT  =         0.0000
 ------------------------------------------------------------------------------


 NSTEP =    40700   TIME(PS) =      40.700  TEMP(K) =   297.82  PRESS =     0.0
 Etot   =     -2110.6835  EKtot   =       566.3807  EPtot      =     -2677.0642
 BOND   =       230.5510  ANGLE   =       355.3187  DIHED      =       498.4690
 1-4 NB =       154.6560  1-4 EEL =      -363.3884  VDWAALS    =      -316.3625
 EELEC  =     -1273.3749  EGB     =     -1962.9332  RESTRAINT  =         0.0000
 ------------------------------------------------------------------------------


 NSTEP =    40800   TIME(PS) =      40.800  TEMP(K) =   287.50  PRESS =     0.0
 Etot   =     -2116.9765  EKtot   =       546.7494  EPtot      =     -2663.7259
 BOND   =       234.0400  ANGLE   =       340.8607  DIHED      =       499.6296
 1-4 NB =       156.4356  1-4 EEL =      -320.8076  VDWAALS    =      -310.5045
 EELEC  =     -1154.6665  EGB     =     -2108.7132  RESTRAINT  =         0.0000
 ------------------------------------------------------------------------------


 NSTEP =    40900   TIME(PS) =      40.900  TEMP(K) =   304.78  PRESS =     0.0
 Etot   =     -2116.3544  EKtot   =       579.6139  EPtot      =     -2695.9682
 BOND   =       219.2390  ANGLE   =       346.0868  DIHED      =       499.9778
 1-4 NB =       155.8207  1-4 EEL =      -360.7647  VDWAALS    =      -312.9103
 EELEC  =     -1139.8475  EGB     =     -2103.5701  RESTRAINT  =         0.0000
 ------------------------------------------------------------------------------

| RE_POSITION Moving by  -0.223552  0.182184  1.223024

 NSTEP =    41000   TIME(PS) =      41.000  TEMP(K) =   306.74  PRESS =     0.0
 Etot   =     -2117.6602  EKtot   =       583.3337  EPtot      =     -2700.9939
 BOND   =       246.9095  ANGLE   =       319.0099  DIHED      =       483.8943
 1-4 NB =       158.8618  1-4 EEL =      -354.7130  VDWAALS    =      -307.4152
 EELEC  =      -838.7915  EGB     =     -2408.7495  RESTRAINT  =         0.0000
 ------------------------------------------------------------------------------


 NSTEP =    41100   TIME(PS) =      41.100  TEMP(K) =   301.63  PRESS =     0.0
 Etot   =     -2107.1746  EKtot   =       573.6149  EPtot      =     -2680.7895
 BOND   =       228.9848  ANGLE   =       337.8348  DIHED      =       495.2327
 1-4 NB =       164.5931  1-4 EEL =      -344.3798  VDWAALS    =      -315.6631
 EELEC  =      -832.6329  EGB     =     -2414.7591  RESTRAINT  =         0.0000
 ------------------------------------------------------------------------------


 NSTEP =    41200   TIME(PS) =      41.200  TEMP(K) =   295.76  PRESS =     0.0
 Etot   =     -2104.5089  EKtot   =       562.4517  EPtot      =     -2666.9606
 BOND   =       246.0343  ANGLE   =       353.9815  DIHED      =       482.8187
 1-4 NB =       154.4632  1-4 EEL =      -349.6975  VDWAALS    =      -316.0527
 EELEC  =     -1065.0571  EGB     =     -2173.4511  RESTRAINT  =         0.0000
 ------------------------------------------------------------------------------


 NSTEP =    41300   TIME(PS) =      41.300  TEMP(K) =   295.04  PRESS =     0.0
 Etot   =     -2075.2837  EKtot   =       561.0925  EPtot      =     -2636.3762
 BOND   =       253.8219  ANGLE   =       344.7712  DIHED      =       503.3919
 1-4 NB =       155.5449  1-4 EEL =      -313.3399  VDWAALS    =      -315.3414
 EELEC  =      -939.0712  EGB     =     -2326.1537  RESTRAINT  =         0.0000
 ------------------------------------------------------------------------------


 NSTEP =    41400   TIME(PS) =      41.400  TEMP(K) =   310.35  PRESS =     0.0
 Etot   =     -2075.1282  EKtot   =       590.2035  EPtot      =     -2665.3316
 BOND   =       243.7723  ANGLE   =       336.7178  DIHED      =       509.0473
 1-4 NB =       160.3497  1-4 EEL =      -331.9670  VDWAALS    =      -321.0344
 EELEC  =      -903.4679  EGB     =     -2358.7494  RESTRAINT  =         0.0000
 ------------------------------------------------------------------------------


 NSTEP =    41500   TIME(PS) =      41.500  TEMP(K) =   307.82  PRESS =     0.0
 Etot   =     -2087.0597  EKtot   =       585.3925  EPtot      =     -2672.4522
 BOND   =       230.7459  ANGLE   =       334.5449  DIHED      =       502.2411
 1-4 NB =       159.1997  1-4 EEL =      -319.8531  VDWAALS    =      -310.3229
 EELEC  =     -1200.3114  EGB     =     -2068.6963  RESTRAINT  =         0.0000
 ------------------------------------------------------------------------------


 NSTEP =    41600   TIME(PS) =      41.600  TEMP(K) =   311.24  PRESS =     0.0
 Etot   =     -2106.1817  EKtot   =       591.9044  EPtot      =     -2698.0861
 BOND   =       238.2678  ANGLE   =       321.6451  DIHED      =       497.7702
 1-4 NB =       158.0488  1-4 EEL =      -340.2075  VDWAALS    =      -323.4950
 EELEC  =     -1448.9070  EGB     =     -1801.2086  RESTRAINT  =         0.0000
 ------------------------------------------------------------------------------


 NSTEP =    41700   TIME(PS) =      41.700  TEMP(K) =   290.59  PRESS =     0.0
 Etot   =     -2115.8623  EKtot   =       552.6184  EPtot      =     -2668.4807
 BOND   =       231.3776  ANGLE   =       353.9693  DIHED      =       496.3248
 1-4 NB =       159.5890  1-4 EEL =      -338.1228  VDWAALS    =      -323.3829
 EELEC  =     -1301.8575  EGB     =     -1946.3781  RESTRAINT  =         0.0000
 ------------------------------------------------------------------------------


 NSTEP =    41800   TIME(PS) =      41.800  TEMP(K) =   300.57  PRESS =     0.0
 Etot   =     -2102.1438  EKtot   =       571.5994  EPtot      =     -2673.7432
 BOND   =       217.9167  ANGLE   =       361.2188  DIHED      =       494.0483
 1-4 NB =       152.6766  1-4 EEL =      -347.5868  VDWAALS    =      -306.6836
 EELEC  =     -1144.7932  EGB     =     -2100.5401  RESTRAINT  =         0.0000
 ------------------------------------------------------------------------------


 NSTEP =    41900   TIME(PS) =      41.900  TEMP(K) =   313.95  PRESS =     0.0
 Etot   =     -2103.6381  EKtot   =       597.0575  EPtot      =     -2700.6956
 BOND   =       222.1735  ANGLE   =       331.6174  DIHED      =       487.9704
 1-4 NB =       162.9559  1-4 EEL =      -326.1236  VDWAALS    =      -319.8147
 EELEC  =     -1279.7942  EGB     =     -1979.6804  RESTRAINT  =         0.0000
 ------------------------------------------------------------------------------

| RE_POSITION Moving by  -0.288602 -0.280480 -0.240621

 NSTEP =    42000   TIME(PS) =      42.000  TEMP(K) =   293.39  PRESS =     0.0
 Etot   =     -2105.9061  EKtot   =       557.9463  EPtot      =     -2663.8525
 BOND   =       222.3866  ANGLE   =       365.7145  DIHED      =       490.6330
 1-4 NB =       157.5508  1-4 EEL =      -332.7161  VDWAALS    =      -325.6166
 EELEC  =     -1093.0861  EGB     =     -2148.7185  RESTRAINT  =         0.0000
 ------------------------------------------------------------------------------


 NSTEP =    42100   TIME(PS) =      42.100  TEMP(K) =   318.91  PRESS =     0.0
 Etot   =     -2105.6069  EKtot   =       606.4853  EPtot      =     -2712.0921
 BOND   =       231.3815  ANGLE   =       341.5964  DIHED      =       486.3730
 1-4 NB =       150.8721  1-4 EEL =      -338.9265  VDWAALS    =      -317.0855
 EELEC  =     -1238.2777  EGB     =     -2028.0254  RESTRAINT  =         0.0000
 ------------------------------------------------------------------------------


 NSTEP =    42200   TIME(PS) =      42.200  TEMP(K) =   303.41  PRESS =     0.0
 Etot   =     -2108.5696  EKtot   =       577.0066  EPtot      =     -2685.5763
 BOND   =       222.9076  ANGLE   =       342.6917  DIHED      =       511.0465
 1-4 NB =       160.8993  1-4 EEL =      -355.8789  VDWAALS    =      -323.7301
 EELEC  =     -1172.0495  EGB     =     -2071.4630  RESTRAINT  =         0.0000
 ------------------------------------------------------------------------------


 NSTEP =    42300   TIME(PS) =      42.300  TEMP(K) =   312.26  PRESS =     0.0
 Etot   =     -2100.9419  EKtot   =       593.8296  EPtot      =     -2694.7715
 BOND   =       232.0095  ANGLE   =       333.1842  DIHED      =       494.8679
 1-4 NB =       156.3895  1-4 EEL =      -341.5752  VDWAALS    =      -329.7078
 EELEC  =     -1012.2914  EGB     =     -2227.6482  RESTRAINT  =         0.0000
 ------------------------------------------------------------------------------


 NSTEP =    42400   TIME(PS) =      42.400  TEMP(K) =   293.41  PRESS =     0.0
 Etot   =     -2104.2280  EKtot   =       557.9875  EPtot      =     -2662.2155
 BOND   =       256.5988  ANGLE   =       335.8234  DIHED      =       501.8407
 1-4 NB =       166.0043  1-4 EEL =      -357.4579  VDWAALS    =      -332.3460
 EELEC  =     -1042.3224  EGB     =     -2190.3565  RESTRAINT  =         0.0000
 ------------------------------------------------------------------------------


 NSTEP =    42500   TIME(PS) =      42.500  TEMP(K) =   320.85  PRESS =     0.0
 Etot   =     -2107.3403  EKtot   =       610.1760  EPtot      =     -2717.5163
 BOND   =       206.7393  ANGLE   =       317.2505  DIHED      =       497.8790
 1-4 NB =       157.5701  1-4 EEL =      -324.8429  VDWAALS    =      -323.8929
 EELEC  =      -860.9160  EGB     =     -2387.3035  RESTRAINT  =         0.0000
 ------------------------------------------------------------------------------


 NSTEP =    42600   TIME(PS) =      42.600  TEMP(K) =   309.34  PRESS =     0.0
 Etot   =     -2099.9148  EKtot   =       588.2801  EPtot      =     -2688.1949
 BOND   =       230.0212  ANGLE   =       349.3944  DIHED      =       499.6164
 1-4 NB =       151.9884  1-4 EEL =      -339.6425  VDWAALS    =      -328.1493
 EELEC  =     -1207.5730  EGB     =     -2043.8506  RESTRAINT  =         0.0000
 ------------------------------------------------------------------------------


 NSTEP =    42700   TIME(PS) =      42.700  TEMP(K) =   306.10  PRESS =     0.0
 Etot   =     -2094.1455  EKtot   =       582.1143  EPtot      =     -2676.2599
 BOND   =       232.1749  ANGLE   =       349.1000  DIHED      =       496.7128
 1-4 NB =       159.6293  1-4 EEL =      -326.2178  VDWAALS    =      -336.1730
 EELEC  =     -1051.2632  EGB     =     -2200.2228  RESTRAINT  =         0.0000
 ------------------------------------------------------------------------------


 NSTEP =    42800   TIME(PS) =      42.800  TEMP(K) =   300.99  PRESS =     0.0
 Etot   =     -2107.8791  EKtot   =       572.4015  EPtot      =     -2680.2805
 BOND   =       223.0253  ANGLE   =       366.1682  DIHED      =       496.9479
 1-4 NB =       154.9234  1-4 EEL =      -342.1714  VDWAALS    =      -328.1760
 EELEC  =     -1363.2684  EGB     =     -1887.7294  RESTRAINT  =         0.0000
 ------------------------------------------------------------------------------


 NSTEP =    42900   TIME(PS) =      42.900  TEMP(K) =   299.02  PRESS =     0.0
 Etot   =     -2112.3476  EKtot   =       568.6513  EPtot      =     -2680.9989
 BOND   =       221.8108  ANGLE   =       347.2170  DIHED      =       505.6380
 1-4 NB =       163.1333  1-4 EEL =      -344.1089  VDWAALS    =      -331.8571
 EELEC  =      -919.3172  EGB     =     -2323.5147  RESTRAINT  =         0.0000
 ------------------------------------------------------------------------------

| RE_POSITION Moving by   0.549295 -0.617469  0.068044

 NSTEP =    43000   TIME(PS) =      43.000  TEMP(K) =   279.02  PRESS =     0.0
 Etot   =     -2116.3496  EKtot   =       530.6288  EPtot      =     -2646.9784
 BOND   =       242.0716  ANGLE   =       353.1369  DIHED      =       510.1182
 1-4 NB =       156.7104  1-4 EEL =      -347.0597  VDWAALS    =      -335.8393
 EELEC  =      -763.1860  EGB     =     -2462.9304  RESTRAINT  =         0.0000
 ------------------------------------------------------------------------------


 NSTEP =    43100   TIME(PS) =      43.100  TEMP(K) =   309.44  PRESS =     0.0
 Etot   =     -2121.5541  EKtot   =       588.4822  EPtot      =     -2710.0363
 BOND   =       210.5437  ANGLE   =       330.5572  DIHED      =       509.5521
 1-4 NB =       161.1741  1-4 EEL =      -355.7077  VDWAALS    =      -338.1943
 EELEC  =     -1091.0099  EGB     =     -2136.9514  RESTRAINT  =         0.0000
 ------------------------------------------------------------------------------


 NSTEP =    43200   TIME(PS) =      43.200  TEMP(K) =   298.93  PRESS =     0.0
 Etot   =     -2123.7223  EKtot   =       568.4900  EPtot      =     -2692.2123
 BOND   =       219.6206  ANGLE   =       346.3959  DIHED      =       509.4407
 1-4 NB =       157.7555  1-4 EEL =      -356.6732  VDWAALS    =      -331.3152
 EELEC  =     -1160.7325  EGB     =     -2076.7040  RESTRAINT  =         0.0000
 ------------------------------------------------------------------------------


 NSTEP =    43300   TIME(PS) =      43.300  TEMP(K) =   278.28  PRESS =     0.0
 Etot   =     -2131.6328  EKtot   =       529.2190  EPtot      =     -2660.8518
 BOND   =       245.3473  ANGLE   =       356.3441  DIHED      =       503.1663
 1-4 NB =       154.5867  1-4 EEL =      -345.1023  VDWAALS    =      -334.3041
 EELEC  =     -1078.4524  EGB     =     -2162.4372  RESTRAINT  =         0.0000
 ------------------------------------------------------------------------------


 NSTEP =    43400   TIME(PS) =      43.400  TEMP(K) =   293.43  PRESS =     0.0
 Etot   =     -2119.9121  EKtot   =       558.0351  EPtot      =     -2677.9472
 BOND   =       229.5143  ANGLE   =       357.1989  DIHED      =       505.8321
 1-4 NB =       154.4480  1-4 EEL =      -369.1243  VDWAALS    =      -335.6798
 EELEC  =      -883.9726  EGB     =     -2336.1639  RESTRAINT  =         0.0000
 ------------------------------------------------------------------------------


 NSTEP =    43500   TIME(PS) =      43.500  TEMP(K) =   305.78  PRESS =     0.0
 Etot   =     -2107.0002  EKtot   =       581.5231  EPtot      =     -2688.5233
 BOND   =       207.3694  ANGLE   =       354.4275  DIHED      =       493.8931
 1-4 NB =       161.8729  1-4 EEL =      -336.1424  VDWAALS    =      -336.3917
 EELEC  =      -985.8796  EGB     =     -2247.6725  RESTRAINT  =         0.0000
 ------------------------------------------------------------------------------


 NSTEP =    43600   TIME(PS) =      43.600  TEMP(K) =   296.98  PRESS =     0.0
 Etot   =     -2117.6714  EKtot   =       564.7761  EPtot      =     -2682.4476
 BOND   =       210.2930  ANGLE   =       354.0280  DIHED      =       512.3743
 1-4 NB =       160.8241  1-4 EEL =      -341.0987  VDWAALS    =      -340.9516
 EELEC  =     -1262.4548  EGB     =     -1975.4618  RESTRAINT  =         0.0000
 ------------------------------------------------------------------------------


 NSTEP =    43700   TIME(PS) =      43.700  TEMP(K) =   302.01  PRESS =     0.0
 Etot   =     -2119.8433  EKtot   =       574.3433  EPtot      =     -2694.1866
 BOND   =       212.5990  ANGLE   =       352.1828  DIHED      =       501.7838
 1-4 NB =       159.0844  1-4 EEL =      -326.6175  VDWAALS    =      -349.2710
 EELEC  =     -1295.6804  EGB     =     -1948.2677  RESTRAINT  =         0.0000
 ------------------------------------------------------------------------------


 NSTEP =    43800   TIME(PS) =      43.800  TEMP(K) =   281.19  PRESS =     0.0
 Etot   =     -2119.8685  EKtot   =       534.7595  EPtot      =     -2654.6280
 BOND   =       229.7047  ANGLE   =       345.0486  DIHED      =       518.5293
 1-4 NB =       159.2806  1-4 EEL =      -343.4456  VDWAALS    =      -336.8706
 EELEC  =     -1202.6218  EGB     =     -2024.2531  RESTRAINT  =         0.0000
 ------------------------------------------------------------------------------


 NSTEP =    43900   TIME(PS) =      43.900  TEMP(K) =   291.41  PRESS =     0.0
 Etot   =     -2110.4004  EKtot   =       554.1850  EPtot      =     -2664.5854
 BOND   =       235.6698  ANGLE   =       323.7392  DIHED      =       517.8972
 1-4 NB =       166.1244  1-4 EEL =      -350.2476  VDWAALS    =      -335.0443
 EELEC  =     -1068.7658  EGB     =     -2153.9584  RESTRAINT  =         0.0000
 ------------------------------------------------------------------------------

| RE_POSITION Moving by   0.033293 -0.178874  0.139240

 NSTEP =    44000   TIME(PS) =      44.000  TEMP(K) =   298.13  PRESS =     0.0
 Etot   =     -2110.8804  EKtot   =       566.9668  EPtot      =     -2677.8472
 BOND   =       226.9568  ANGLE   =       331.6346  DIHED      =       515.6096
 1-4 NB =       156.7120  1-4 EEL =      -349.4630  VDWAALS    =      -324.8804
 EELEC  =      -847.9182  EGB     =     -2386.4984  RESTRAINT  =         0.0000
 ------------------------------------------------------------------------------


 NSTEP =    44100   TIME(PS) =      44.100  TEMP(K) =   305.03  PRESS =     0.0
 Etot   =     -2094.1123  EKtot   =       580.0953  EPtot      =     -2674.2076
 BOND   =       208.0376  ANGLE   =       361.1693  DIHED      =       493.8868
 1-4 NB =       166.9475  1-4 EEL =      -347.6477  VDWAALS    =      -328.3201
 EELEC  =      -609.7798  EGB     =     -2618.5011  RESTRAINT  =         0.0000
 ------------------------------------------------------------------------------


 NSTEP =    44200   TIME(PS) =      44.200  TEMP(K) =   298.79  PRESS =     0.0
 Etot   =     -2082.7332  EKtot   =       568.2310  EPtot      =     -2650.9642
 BOND   =       223.9313  ANGLE   =       381.8223  DIHED      =       493.4848
 1-4 NB =       153.1158  1-4 EEL =      -356.6486  VDWAALS    =      -325.4086
 EELEC  =      -563.9891  EGB     =     -2657.2721  RESTRAINT  =         0.0000
 ------------------------------------------------------------------------------


 NSTEP =    44300   TIME(PS) =      44.300  TEMP(K) =   291.94  PRESS =     0.0
 Etot   =     -2089.5101  EKtot   =       555.2041  EPtot      =     -2644.7143
 BOND   =       226.8147  ANGLE   =       355.5423  DIHED      =       509.2297
 1-4 NB =       160.9465  1-4 EEL =      -331.8954  VDWAALS    =      -334.4480
 EELEC  =      -443.9320  EGB     =     -2786.9721  RESTRAINT  =         0.0000
 ------------------------------------------------------------------------------


 NSTEP =    44400   TIME(PS) =      44.400  TEMP(K) =   298.91  PRESS =     0.0
 Etot   =     -2087.8535  EKtot   =       568.4551  EPtot      =     -2656.3086
 BOND   =       212.5517  ANGLE   =       368.1969  DIHED      =       508.7147
 1-4 NB =       157.3797  1-4 EEL =      -347.0486  VDWAALS    =      -334.6669
 EELEC  =      -475.9843  EGB     =     -2745.4517  RESTRAINT  =         0.0000
 ------------------------------------------------------------------------------


 NSTEP =    44500   TIME(PS) =      44.500  TEMP(K) =   292.13  PRESS =     0.0
 Etot   =     -2096.4585  EKtot   =       555.5627  EPtot      =     -2652.0211
 BOND   =       234.4737  ANGLE   =       348.9022  DIHED      =       492.3548
 1-4 NB =       160.1386  1-4 EEL =      -342.8852  VDWAALS    =      -317.5060
 EELEC  =      -811.0156  EGB     =     -2416.4836  RESTRAINT  =         0.0000
 ------------------------------------------------------------------------------


 NSTEP =    44600   TIME(PS) =      44.600  TEMP(K) =   295.40  PRESS =     0.0
 Etot   =     -2107.3859  EKtot   =       561.7662  EPtot      =     -2669.1521
 BOND   =       222.1102  ANGLE   =       360.5887  DIHED      =       497.8558
 1-4 NB =       152.5371  1-4 EEL =      -368.5725  VDWAALS    =      -322.3009
 EELEC  =      -700.2089  EGB     =     -2511.1616  RESTRAINT  =         0.0000
 ------------------------------------------------------------------------------


 NSTEP =    44700   TIME(PS) =      44.700  TEMP(K) =   301.09  PRESS =     0.0
 Etot   =     -2109.4352  EKtot   =       572.5966  EPtot      =     -2682.0317
 BOND   =       228.7228  ANGLE   =       337.4147  DIHED      =       491.0748
 1-4 NB =       158.0955  1-4 EEL =      -335.1199  VDWAALS    =      -334.3238
 EELEC  =      -933.9237  EGB     =     -2293.9722  RESTRAINT  =         0.0000
 ------------------------------------------------------------------------------


 NSTEP =    44800   TIME(PS) =      44.800  TEMP(K) =   299.60  PRESS =     0.0
 Etot   =     -2115.3666  EKtot   =       569.7558  EPtot      =     -2685.1224
 BOND   =       213.6976  ANGLE   =       351.2821  DIHED      =       503.8191
 1-4 NB =       155.2040  1-4 EEL =      -347.7113  VDWAALS    =      -330.2082
 EELEC  =      -851.3807  EGB     =     -2379.8250  RESTRAINT  =         0.0000
 ------------------------------------------------------------------------------


 NSTEP =    44900   TIME(PS) =      44.900  TEMP(K) =   299.84  PRESS =     0.0
 Etot   =     -2110.5685  EKtot   =       570.2205  EPtot      =     -2680.7891
 BOND   =       215.8488  ANGLE   =       326.5435  DIHED      =       513.5468
 1-4 NB =       157.9904  1-4 EEL =      -342.3651  VDWAALS    =      -321.5803
 EELEC  =      -837.4633  EGB     =     -2393.3099  RESTRAINT  =         0.0000
 ------------------------------------------------------------------------------

| RE_POSITION Moving by   0.051972  0.465629 -0.654155

 NSTEP =    45000   TIME(PS) =      45.000  TEMP(K) =   294.92  PRESS =     0.0
 Etot   =     -2115.1763  EKtot   =       560.8679  EPtot      =     -2676.0443
 BOND   =       235.8593  ANGLE   =       335.9834  DIHED      =       497.6853
 1-4 NB =       147.4002  1-4 EEL =      -351.3537  VDWAALS    =      -326.2118
 EELEC  =      -565.0329  EGB     =     -2650.3740  RESTRAINT  =         0.0000
 ------------------------------------------------------------------------------


 NSTEP =    45100   TIME(PS) =      45.100  TEMP(K) =   288.12  PRESS =     0.0
 Etot   =     -2132.8692  EKtot   =       547.9212  EPtot      =     -2680.7904
 BOND   =       217.9117  ANGLE   =       359.7759  DIHED      =       481.5612
 1-4 NB =       161.6619  1-4 EEL =      -353.5804  VDWAALS    =      -325.1774
 EELEC  =     -1045.8531  EGB     =     -2177.0901  RESTRAINT  =         0.0000
 ------------------------------------------------------------------------------


 NSTEP =    45200   TIME(PS) =      45.200  TEMP(K) =   294.09  PRESS =     0.0
 Etot   =     -2139.2707  EKtot   =       559.2896  EPtot      =     -2698.5604
 BOND   =       226.9710  ANGLE   =       314.7399  DIHED      =       494.0745
 1-4 NB =       159.1900  1-4 EEL =      -354.7268  VDWAALS    =      -313.7121
 EELEC  =      -819.0851  EGB     =     -2406.0117  RESTRAINT  =         0.0000
 ------------------------------------------------------------------------------


 NSTEP =    45300   TIME(PS) =      45.300  TEMP(K) =   286.30  PRESS =     0.0
 Etot   =     -2138.8907  EKtot   =       544.4779  EPtot      =     -2683.3686
 BOND   =       224.9649  ANGLE   =       334.7260  DIHED      =       503.8166
 1-4 NB =       151.9649  1-4 EEL =      -354.8709  VDWAALS    =      -315.0687
 EELEC  =      -936.0679  EGB     =     -2292.8335  RESTRAINT  =         0.0000
 ------------------------------------------------------------------------------


 NSTEP =    45400   TIME(PS) =      45.400  TEMP(K) =   293.77  PRESS =     0.0
 Etot   =     -2131.2122  EKtot   =       558.6741  EPtot      =     -2689.8863
 BOND   =       210.7686  ANGLE   =       353.6650  DIHED      =       497.5787
 1-4 NB =       157.2594  1-4 EEL =      -352.1374  VDWAALS    =      -328.8366
 EELEC  =      -700.6373  EGB     =     -2527.5467  RESTRAINT  =         0.0000
 ------------------------------------------------------------------------------


 NSTEP =    45500   TIME(PS) =      45.500  TEMP(K) =   305.94  PRESS =     0.0
 Etot   =     -2110.6634  EKtot   =       581.8145  EPtot      =     -2692.4778
 BOND   =       213.6005  ANGLE   =       349.6217  DIHED      =       498.6885
 1-4 NB =       153.0009  1-4 EEL =      -345.1994  VDWAALS    =      -326.8271
 EELEC  =      -951.7125  EGB     =     -2283.6504  RESTRAINT  =         0.0000
 ------------------------------------------------------------------------------


 NSTEP =    45600   TIME(PS) =      45.600  TEMP(K) =   291.22  PRESS =     0.0
 Etot   =     -2111.8212  EKtot   =       553.8188  EPtot      =     -2665.6400
 BOND   =       225.9445  ANGLE   =       356.0742  DIHED      =       502.0674
 1-4 NB =       159.3068  1-4 EEL =      -352.6045  VDWAALS    =      -317.3513
 EELEC  =     -1069.0998  EGB     =     -2169.9774  RESTRAINT  =         0.0000
 ------------------------------------------------------------------------------


 NSTEP =    45700   TIME(PS) =      45.700  TEMP(K) =   295.76  PRESS =     0.0
 Etot   =     -2114.2840  EKtot   =       562.4658  EPtot      =     -2676.7498
 BOND   =       215.3678  ANGLE   =       356.0348  DIHED      =       501.4080
 1-4 NB =       155.2939  1-4 EEL =      -322.2688  VDWAALS    =      -313.4868
 EELEC  =     -1157.8105  EGB     =     -2111.2882  RESTRAINT  =         0.0000
 ------------------------------------------------------------------------------


 NSTEP =    45800   TIME(PS) =      45.800  TEMP(K) =   305.87  PRESS =     0.0
 Etot   =     -2113.6777  EKtot   =       581.6849  EPtot      =     -2695.3627
 BOND   =       207.2310  ANGLE   =       339.0828  DIHED      =       508.4905
 1-4 NB =       156.6924  1-4 EEL =      -345.0285  VDWAALS    =      -315.6050
 EELEC  =      -879.3007  EGB     =     -2366.9252  RESTRAINT  =         0.0000
 ------------------------------------------------------------------------------


 NSTEP =    45900   TIME(PS) =      45.900  TEMP(K) =   301.84  PRESS =     0.0
 Etot   =     -2110.6423  EKtot   =       574.0223  EPtot      =     -2684.6646
 BOND   =       227.7514  ANGLE   =       340.2398  DIHED      =       499.5565
 1-4 NB =       157.7462  1-4 EEL =      -352.2156  VDWAALS    =      -318.1680
 EELEC  =     -1171.0706  EGB     =     -2068.5042  RESTRAINT  =         0.0000
 ------------------------------------------------------------------------------

| RE_POSITION Moving by  -0.405165 -0.585628  0.098396

 NSTEP =    46000   TIME(PS) =      46.000  TEMP(K) =   295.58  PRESS =     0.0
 Etot   =     -2124.0292  EKtot   =       562.1203  EPtot      =     -2686.1495
 BOND   =       205.9749  ANGLE   =       334.2004  DIHED      =       514.2389
 1-4 NB =       158.3508  1-4 EEL =      -306.1365  VDWAALS    =      -321.6371
 EELEC  =     -1173.2055  EGB     =     -2097.9355  RESTRAINT  =         0.0000
 ------------------------------------------------------------------------------


 NSTEP =    46100   TIME(PS) =      46.100  TEMP(K) =   301.56  PRESS =     0.0
 Etot   =     -2120.7019  EKtot   =       573.4951  EPtot      =     -2694.1970
 BOND   =       188.9477  ANGLE   =       327.9564  DIHED      =       518.7386
 1-4 NB =       163.9565  1-4 EEL =      -331.6600  VDWAALS    =      -321.3900
 EELEC  =      -807.2501  EGB     =     -2433.4961  RESTRAINT  =         0.0000
 ------------------------------------------------------------------------------


 NSTEP =    46200   TIME(PS) =      46.200  TEMP(K) =   289.02  PRESS =     0.0
 Etot   =     -2124.8609  EKtot   =       549.6498  EPtot      =     -2674.5108
 BOND   =       213.0168  ANGLE   =       339.2420  DIHED      =       500.6117
 1-4 NB =       159.0066  1-4 EEL =      -333.0803  VDWAALS    =      -321.3530
 EELEC  =     -1057.2722  EGB     =     -2174.6824  RESTRAINT  =         0.0000
 ------------------------------------------------------------------------------


 NSTEP =    46300   TIME(PS) =      46.300  TEMP(K) =   304.95  PRESS =     0.0
 Etot   =     -2126.3957  EKtot   =       579.9302  EPtot      =     -2706.3259
 BOND   =       215.9029  ANGLE   =       337.0685  DIHED      =       505.0723
 1-4 NB =       155.3918  1-4 EEL =      -348.0637  VDWAALS    =      -329.1188
 EELEC  =     -1116.7022  EGB     =     -2125.8767  RESTRAINT  =         0.0000
 ------------------------------------------------------------------------------


 NSTEP =    46400   TIME(PS) =      46.400  TEMP(K) =   310.33  PRESS =     0.0
 Etot   =     -2130.9293  EKtot   =       590.1696  EPtot      =     -2721.0989
 BOND   =       209.4342  ANGLE   =       333.7265  DIHED      =       489.3055
 1-4 NB =       158.7941  1-4 EEL =      -332.4820  VDWAALS    =      -316.9391
 EELEC  =     -1292.1060  EGB     =     -1970.8321  RESTRAINT  =         0.0000
 ------------------------------------------------------------------------------


 NSTEP =    46500   TIME(PS) =      46.500  TEMP(K) =   296.86  PRESS =     0.0
 Etot   =     -2117.5940  EKtot   =       564.5423  EPtot      =     -2682.1363
 BOND   =       219.6712  ANGLE   =       345.8205  DIHED      =       502.0181
 1-4 NB =       158.6765  1-4 EEL =      -340.2124  VDWAALS    =      -321.3484
 EELEC  =     -1521.8487  EGB     =     -1724.9131  RESTRAINT  =         0.0000
 ------------------------------------------------------------------------------


 NSTEP =    46600   TIME(PS) =      46.600  TEMP(K) =   308.53  PRESS =     0.0
 Etot   =     -2107.4224  EKtot   =       586.7432  EPtot      =     -2694.1656
 BOND   =       231.9588  ANGLE   =       340.7378  DIHED      =       492.4812
 1-4 NB =       148.0263  1-4 EEL =      -347.7267  VDWAALS    =      -324.5080
 EELEC  =     -1082.8706  EGB     =     -2152.2644  RESTRAINT  =         0.0000
 ------------------------------------------------------------------------------


 NSTEP =    46700   TIME(PS) =      46.700  TEMP(K) =   299.43  PRESS =     0.0
 Etot   =     -2125.7280  EKtot   =       569.4337  EPtot      =     -2695.1618
 BOND   =       220.6310  ANGLE   =       333.7406  DIHED      =       500.7347
 1-4 NB =       154.7333  1-4 EEL =      -346.1644  VDWAALS    =      -335.4381
 EELEC  =      -997.3331  EGB     =     -2226.0659  RESTRAINT  =         0.0000
 ------------------------------------------------------------------------------


 NSTEP =    46800   TIME(PS) =      46.800  TEMP(K) =   314.93  PRESS =     0.0
 Etot   =     -2103.7044  EKtot   =       598.9251  EPtot      =     -2702.6295
 BOND   =       214.9389  ANGLE   =       340.4684  DIHED      =       500.9275
 1-4 NB =       154.1825  1-4 EEL =      -361.6675  VDWAALS    =      -320.3622
 EELEC  =     -1035.4950  EGB     =     -2195.6221  RESTRAINT  =         0.0000
 ------------------------------------------------------------------------------


 NSTEP =    46900   TIME(PS) =      46.900  TEMP(K) =   299.61  PRESS =     0.0
 Etot   =     -2105.4265  EKtot   =       569.7720  EPtot      =     -2675.1985
 BOND   =       219.3022  ANGLE   =       339.7867  DIHED      =       496.3130
 1-4 NB =       167.0774  1-4 EEL =      -328.8835  VDWAALS    =      -314.5839
 EELEC  =     -1207.1013  EGB     =     -2047.1092  RESTRAINT  =         0.0000
 ------------------------------------------------------------------------------

| RE_POSITION Moving by  -0.131102 -0.481434 -0.641163

 NSTEP =    47000   TIME(PS) =      47.000  TEMP(K) =   309.53  PRESS =     0.0
 Etot   =     -2104.6486  EKtot   =       588.6382  EPtot      =     -2693.2867
 BOND   =       221.8427  ANGLE   =       343.4090  DIHED      =       507.1112
 1-4 NB =       157.1452  1-4 EEL =      -357.7117  VDWAALS    =      -321.1502
 EELEC  =     -1289.5054  EGB     =     -1954.4275  RESTRAINT  =         0.0000
 ------------------------------------------------------------------------------


 NSTEP =    47100   TIME(PS) =      47.100  TEMP(K) =   299.19  PRESS =     0.0
 Etot   =     -2104.2532  EKtot   =       568.9786  EPtot      =     -2673.2317
 BOND   =       236.8931  ANGLE   =       341.7204  DIHED      =       505.8253
 1-4 NB =       153.8526  1-4 EEL =      -342.8276  VDWAALS    =      -320.0317
 EELEC  =     -1071.2179  EGB     =     -2177.4459  RESTRAINT  =         0.0000
 ------------------------------------------------------------------------------


 NSTEP =    47200   TIME(PS) =      47.200  TEMP(K) =   290.12  PRESS =     0.0
 Etot   =     -2112.7046  EKtot   =       551.7325  EPtot      =     -2664.4371
 BOND   =       229.9898  ANGLE   =       336.4029  DIHED      =       525.1097
 1-4 NB =       154.7791  1-4 EEL =      -334.9700  VDWAALS    =      -319.2511
 EELEC  =     -1240.3159  EGB     =     -2016.1815  RESTRAINT  =         0.0000
 ------------------------------------------------------------------------------


 NSTEP =    47300   TIME(PS) =      47.300  TEMP(K) =   301.44  PRESS =     0.0
 Etot   =     -2107.9123  EKtot   =       573.2620  EPtot      =     -2681.1743
 BOND   =       229.9843  ANGLE   =       336.2258  DIHED      =       519.4175
 1-4 NB =       152.7466  1-4 EEL =      -365.8243  VDWAALS    =      -325.2297
 EELEC  =      -949.0373  EGB     =     -2279.4572  RESTRAINT  =         0.0000
 ------------------------------------------------------------------------------


 NSTEP =    47400   TIME(PS) =      47.400  TEMP(K) =   306.44  PRESS =     0.0
 Etot   =     -2104.2071  EKtot   =       582.7611  EPtot      =     -2686.9681
 BOND   =       208.4001  ANGLE   =       350.5524  DIHED      =       504.4574
 1-4 NB =       160.7325  1-4 EEL =      -350.8972  VDWAALS    =      -333.8664
 EELEC  =      -767.4480  EGB     =     -2458.8989  RESTRAINT  =         0.0000
 ------------------------------------------------------------------------------


 NSTEP =    47500   TIME(PS) =      47.500  TEMP(K) =   310.77  PRESS =     0.0
 Etot   =     -2102.8895  EKtot   =       591.0031  EPtot      =     -2693.8926
 BOND   =       222.0439  ANGLE   =       333.3525  DIHED      =       509.6003
 1-4 NB =       157.5909  1-4 EEL =      -351.8392  VDWAALS    =      -327.8964
 EELEC  =     -1296.8311  EGB     =     -1939.9133  RESTRAINT  =         0.0000
 ------------------------------------------------------------------------------


 NSTEP =    47600   TIME(PS) =      47.600  TEMP(K) =   305.55  PRESS =     0.0
 Etot   =     -2082.1545  EKtot   =       581.0682  EPtot      =     -2663.2227
 BOND   =       246.2982  ANGLE   =       342.6178  DIHED      =       510.1967
 1-4 NB =       161.0619  1-4 EEL =      -336.7583  VDWAALS    =      -328.8853
 EELEC  =     -1086.0883  EGB     =     -2171.6653  RESTRAINT  =         0.0000
 ------------------------------------------------------------------------------


 NSTEP =    47700   TIME(PS) =      47.700  TEMP(K) =   312.54  PRESS =     0.0
 Etot   =     -2066.9852  EKtot   =       594.3666  EPtot      =     -2661.3518
 BOND   =       215.4116  ANGLE   =       356.2239  DIHED      =       511.5051
 1-4 NB =       156.4899  1-4 EEL =      -349.6774  VDWAALS    =      -318.1707
 EELEC  =     -1102.0225  EGB     =     -2131.1116  RESTRAINT  =         0.0000
 ------------------------------------------------------------------------------


 NSTEP =    47800   TIME(PS) =      47.800  TEMP(K) =   310.60  PRESS =     0.0
 Etot   =     -2040.8102  EKtot   =       590.6796  EPtot      =     -2631.4898
 BOND   =       229.7781  ANGLE   =       370.4570  DIHED      =       511.8101
 1-4 NB =       160.4314  1-4 EEL =      -350.4407  VDWAALS    =      -328.3827
 EELEC  =     -1062.9293  EGB     =     -2162.2138  RESTRAINT  =         0.0000
 ------------------------------------------------------------------------------


 NSTEP =    47900   TIME(PS) =      47.900  TEMP(K) =   300.57  PRESS =     0.0
 Etot   =     -2034.1479  EKtot   =       571.5977  EPtot      =     -2605.7456
 BOND   =       229.3096  ANGLE   =       363.4489  DIHED      =       540.3258
 1-4 NB =       162.9476  1-4 EEL =      -330.7579  VDWAALS    =      -329.9345
 EELEC  =      -774.8325  EGB     =     -2466.2526  RESTRAINT  =         0.0000
 ------------------------------------------------------------------------------

| RE_POSITION Moving by   0.244724 -0.355865 -0.025154

 NSTEP =    48000   TIME(PS) =      48.000  TEMP(K) =   325.43  PRESS =     0.0
 Etot   =     -2063.1388  EKtot   =       618.8922  EPtot      =     -2682.0310
 BOND   =       223.1685  ANGLE   =       344.2067  DIHED      =       519.7544
 1-4 NB =       152.0995  1-4 EEL =      -351.1845  VDWAALS    =      -334.7326
 EELEC  =      -918.8838  EGB     =     -2316.4593  RESTRAINT  =         0.0000
 ------------------------------------------------------------------------------


 NSTEP =    48100   TIME(PS) =      48.100  TEMP(K) =   320.88  PRESS =     0.0
 Etot   =     -2057.1421  EKtot   =       610.2261  EPtot      =     -2667.3682
 BOND   =       245.6488  ANGLE   =       321.9318  DIHED      =       522.2807
 1-4 NB =       155.5436  1-4 EEL =      -359.5387  VDWAALS    =      -329.1426
 EELEC  =      -937.2323  EGB     =     -2286.8595  RESTRAINT  =         0.0000
 ------------------------------------------------------------------------------


 NSTEP =    48200   TIME(PS) =      48.200  TEMP(K) =   304.87  PRESS =     0.0
 Etot   =     -2049.1722  EKtot   =       579.7850  EPtot      =     -2628.9571
 BOND   =       257.5929  ANGLE   =       337.1173  DIHED      =       532.4936
 1-4 NB =       169.2057  1-4 EEL =      -372.8963  VDWAALS    =      -336.7809
 EELEC  =     -1046.8687  EGB     =     -2168.8207  RESTRAINT  =         0.0000
 ------------------------------------------------------------------------------


 NSTEP =    48300   TIME(PS) =      48.300  TEMP(K) =   314.71  PRESS =     0.0
 Etot   =     -2062.4255  EKtot   =       598.4938  EPtot      =     -2660.9193
 BOND   =       252.0637  ANGLE   =       337.1447  DIHED      =       510.5158
 1-4 NB =       159.5441  1-4 EEL =      -356.8420  VDWAALS    =      -340.2477
 EELEC  =      -970.2480  EGB     =     -2252.8498  RESTRAINT  =         0.0000
 ------------------------------------------------------------------------------


 NSTEP =    48400   TIME(PS) =      48.400  TEMP(K) =   314.62  PRESS =     0.0
 Etot   =     -2065.0268  EKtot   =       598.3199  EPtot      =     -2663.3467
 BOND   =       244.4087  ANGLE   =       343.4927  DIHED      =       527.6763
 1-4 NB =       149.7515  1-4 EEL =      -353.8713  VDWAALS    =      -341.5730
 EELEC  =     -1024.0278  EGB     =     -2209.2038  RESTRAINT  =         0.0000
 ------------------------------------------------------------------------------


 NSTEP =    48500   TIME(PS) =      48.500  TEMP(K) =   320.19  PRESS =     0.0
 Etot   =     -2066.9474  EKtot   =       608.9195  EPtot      =     -2675.8669
 BOND   =       224.6518  ANGLE   =       319.3454  DIHED      =       530.2222
 1-4 NB =       158.2357  1-4 EEL =      -330.3915  VDWAALS    =      -334.5853
 EELEC  =      -858.4180  EGB     =     -2384.9271  RESTRAINT  =         0.0000
 ------------------------------------------------------------------------------


 NSTEP =    48600   TIME(PS) =      48.600  TEMP(K) =   294.15  PRESS =     0.0
 Etot   =     -2072.6925  EKtot   =       559.4021  EPtot      =     -2632.0946
 BOND   =       245.9487  ANGLE   =       351.8573  DIHED      =       521.6975
 1-4 NB =       160.6982  1-4 EEL =      -331.8043  VDWAALS    =      -330.4018
 EELEC  =     -1171.4045  EGB     =     -2078.6857  RESTRAINT  =         0.0000
 ------------------------------------------------------------------------------


 NSTEP =    48700   TIME(PS) =      48.700  TEMP(K) =   307.56  PRESS =     0.0
 Etot   =     -2083.4619  EKtot   =       584.9062  EPtot      =     -2668.3681
 BOND   =       227.6360  ANGLE   =       348.4713  DIHED      =       512.1157
 1-4 NB =       159.5546  1-4 EEL =      -367.6244  VDWAALS    =      -332.6930
 EELEC  =     -1061.0014  EGB     =     -2154.8269  RESTRAINT  =         0.0000
 ------------------------------------------------------------------------------


 NSTEP =    48800   TIME(PS) =      48.800  TEMP(K) =   310.59  PRESS =     0.0
 Etot   =     -2091.5886  EKtot   =       590.6684  EPtot      =     -2682.2569
 BOND   =       239.9880  ANGLE   =       325.2300  DIHED      =       513.6651
 1-4 NB =       157.3090  1-4 EEL =      -353.8084  VDWAALS    =      -336.8639
 EELEC  =     -1063.3917  EGB     =     -2164.3850  RESTRAINT  =         0.0000
 ------------------------------------------------------------------------------


 NSTEP =    48900   TIME(PS) =      48.900  TEMP(K) =   293.63  PRESS =     0.0
 Etot   =     -2099.9378  EKtot   =       558.4093  EPtot      =     -2658.3471
 BOND   =       238.6969  ANGLE   =       347.0652  DIHED      =       514.8072
 1-4 NB =       155.1901  1-4 EEL =      -352.5297  VDWAALS    =      -329.1380
 EELEC  =      -946.6081  EGB     =     -2285.8308  RESTRAINT  =         0.0000
 ------------------------------------------------------------------------------

| RE_POSITION Moving by   0.379472  0.276682  0.020102

 NSTEP =    49000   TIME(PS) =      49.000  TEMP(K) =   312.71  PRESS =     0.0
 Etot   =     -2093.3299  EKtot   =       594.6945  EPtot      =     -2688.0244
 BOND   =       229.0653  ANGLE   =       323.5882  DIHED      =       505.6585
 1-4 NB =       165.9043  1-4 EEL =      -359.1630  VDWAALS    =      -330.2687
 EELEC  =     -1185.2608  EGB     =     -2037.5484  RESTRAINT  =         0.0000
 ------------------------------------------------------------------------------


 NSTEP =    49100   TIME(PS) =      49.100  TEMP(K) =   297.84  PRESS =     0.0
 Etot   =     -2082.4087  EKtot   =       566.4225  EPtot      =     -2648.8312
 BOND   =       220.2910  ANGLE   =       383.7892  DIHED      =       495.5903
 1-4 NB =       156.8113  1-4 EEL =      -373.4259  VDWAALS    =      -324.5652
 EELEC  =      -899.7263  EGB     =     -2307.5955  RESTRAINT  =         0.0000
 ------------------------------------------------------------------------------


 NSTEP =    49200   TIME(PS) =      49.200  TEMP(K) =   298.81  PRESS =     0.0
 Etot   =     -2078.8548  EKtot   =       568.2670  EPtot      =     -2647.1218
 BOND   =       244.0464  ANGLE   =       367.9182  DIHED      =       498.8551
 1-4 NB =       157.4644  1-4 EEL =      -381.0189  VDWAALS    =      -326.8648
 EELEC  =     -1223.1534  EGB     =     -1984.3688  RESTRAINT  =         0.0000
 ------------------------------------------------------------------------------


 NSTEP =    49300   TIME(PS) =      49.300  TEMP(K) =   307.24  PRESS =     0.0
 Etot   =     -2072.7936  EKtot   =       584.2932  EPtot      =     -2657.0868
 BOND   =       247.4507  ANGLE   =       344.4418  DIHED      =       492.9979
 1-4 NB =       158.9028  1-4 EEL =      -352.1184  VDWAALS    =      -315.5412
 EELEC  =     -1011.3737  EGB     =     -2221.8466  RESTRAINT  =         0.0000
 ------------------------------------------------------------------------------


 NSTEP =    49400   TIME(PS) =      49.400  TEMP(K) =   305.10  PRESS =     0.0
 Etot   =     -2076.0822  EKtot   =       580.2173  EPtot      =     -2656.2995
 BOND   =       246.6687  ANGLE   =       356.7153  DIHED      =       501.3767
 1-4 NB =       149.3379  1-4 EEL =      -357.5052  VDWAALS    =      -316.2140
 EELEC  =     -1137.8923  EGB     =     -2098.7866  RESTRAINT  =         0.0000
 ------------------------------------------------------------------------------


 NSTEP =    49500   TIME(PS) =      49.500  TEMP(K) =   302.20  PRESS =     0.0
 Etot   =     -2095.1447  EKtot   =       574.6982  EPtot      =     -2669.8429
 BOND   =       231.7520  ANGLE   =       344.2330  DIHED      =       506.1598
 1-4 NB =       152.0480  1-4 EEL =      -350.6551  VDWAALS    =      -321.6681
 EELEC  =      -982.4562  EGB     =     -2249.2562  RESTRAINT  =         0.0000
 ------------------------------------------------------------------------------


 NSTEP =    49600   TIME(PS) =      49.600  TEMP(K) =   296.78  PRESS =     0.0
 Etot   =     -2068.3292  EKtot   =       564.3905  EPtot      =     -2632.7197
 BOND   =       257.7046  ANGLE   =       337.9573  DIHED      =       504.5270
 1-4 NB =       160.1761  1-4 EEL =      -316.8252  VDWAALS    =      -321.5631
 EELEC  =      -788.6308  EGB     =     -2466.0657  RESTRAINT  =         0.0000
 ------------------------------------------------------------------------------


 NSTEP =    49700   TIME(PS) =      49.700  TEMP(K) =   299.89  PRESS =     0.0
 Etot   =     -2086.2719  EKtot   =       570.3182  EPtot      =     -2656.5901
 BOND   =       229.2977  ANGLE   =       365.7435  DIHED      =       503.5590
 1-4 NB =       161.9104  1-4 EEL =      -351.5181  VDWAALS    =      -329.8288
 EELEC  =     -1184.6131  EGB     =     -2051.1407  RESTRAINT  =         0.0000
 ------------------------------------------------------------------------------


 NSTEP =    49800   TIME(PS) =      49.800  TEMP(K) =   308.05  PRESS =     0.0
 Etot   =     -2085.2399  EKtot   =       585.8228  EPtot      =     -2671.0627
 BOND   =       233.0114  ANGLE   =       337.4381  DIHED      =       503.3705
 1-4 NB =       157.1073  1-4 EEL =      -358.5239  VDWAALS    =      -318.1461
 EELEC  =     -1137.5625  EGB     =     -2087.7574  RESTRAINT  =         0.0000
 ------------------------------------------------------------------------------


 NSTEP =    49900   TIME(PS) =      49.900  TEMP(K) =   311.25  PRESS =     0.0
 Etot   =     -2076.9815  EKtot   =       591.9134  EPtot      =     -2668.8949
 BOND   =       222.0863  ANGLE   =       356.3944  DIHED      =       505.9561
 1-4 NB =       160.0005  1-4 EEL =      -354.4925  VDWAALS    =      -322.8723
 EELEC  =     -1325.1930  EGB     =     -1910.7744  RESTRAINT  =         0.0000
 ------------------------------------------------------------------------------

| RE_POSITION Moving by  -0.156433 -0.004639 -0.135616

 NSTEP =    50000   TIME(PS) =      50.000  TEMP(K) =   308.96  PRESS =     0.0
 Etot   =     -2067.1796  EKtot   =       587.5568  EPtot      =     -2654.7363
 BOND   =       219.4650  ANGLE   =       348.8752  DIHED      =       518.5667
 1-4 NB =       160.5882  1-4 EEL =      -340.1473  VDWAALS    =      -322.4161
 EELEC  =      -904.1537  EGB     =     -2335.5143  RESTRAINT  =         0.0000
 ------------------------------------------------------------------------------


 NSTEP =    50100   TIME(PS) =      50.100  TEMP(K) =   311.86  PRESS =     0.0
 Etot   =     -2060.7264  EKtot   =       593.0830  EPtot      =     -2653.8094
 BOND   =       238.2861  ANGLE   =       344.1578  DIHED      =       504.9946
 1-4 NB =       163.6554  1-4 EEL =      -338.4189  VDWAALS    =      -313.7708
 EELEC  =     -1198.6034  EGB     =     -2054.1102  RESTRAINT  =         0.0000
 ------------------------------------------------------------------------------


 NSTEP =    50200   TIME(PS) =      50.200  TEMP(K) =   316.29  PRESS =     0.0
 Etot   =     -2069.7783  EKtot   =       601.5001  EPtot      =     -2671.2784
 BOND   =       232.6544  ANGLE   =       350.2302  DIHED      =       502.9343
 1-4 NB =       159.6079  1-4 EEL =      -341.9608  VDWAALS    =      -315.2227
 EELEC  =     -1110.6120  EGB     =     -2148.9096  RESTRAINT  =         0.0000
 ------------------------------------------------------------------------------


 NSTEP =    50300   TIME(PS) =      50.300  TEMP(K) =   310.75  PRESS =     0.0
 Etot   =     -2064.1833  EKtot   =       590.9738  EPtot      =     -2655.1571
 BOND   =       242.9265  ANGLE   =       347.8932  DIHED      =       487.0568
 1-4 NB =       163.9999  1-4 EEL =      -330.7847  VDWAALS    =      -315.9584
 EELEC  =     -1086.7365  EGB     =     -2163.5539  RESTRAINT  =         0.0000
 ------------------------------------------------------------------------------


 NSTEP =    50400   TIME(PS) =      50.400  TEMP(K) =   306.44  PRESS =     0.0
 Etot   =     -2066.2373  EKtot   =       582.7634  EPtot      =     -2649.0007
 BOND   =       235.1948  ANGLE   =       367.1596  DIHED      =       491.3328
 1-4 NB =       151.5312  1-4 EEL =      -341.3921  VDWAALS    =      -312.6242
 EELEC  =      -994.2186  EGB     =     -2245.9842  RESTRAINT  =         0.0000
 ------------------------------------------------------------------------------


 NSTEP =    50500   TIME(PS) =      50.500  TEMP(K) =   297.97  PRESS =     0.0
 Etot   =     -2071.9722  EKtot   =       566.6648  EPtot      =     -2638.6369
 BOND   =       235.6864  ANGLE   =       368.3693  DIHED      =       489.5995
 1-4 NB =       161.0279  1-4 EEL =      -344.7217  VDWAALS    =      -309.9698
 EELEC  =      -925.8622  EGB     =     -2312.7663  RESTRAINT  =         0.0000
 ------------------------------------------------------------------------------


 NSTEP =    50600   TIME(PS) =      50.600  TEMP(K) =   292.48  PRESS =     0.0
 Etot   =     -2090.9003  EKtot   =       556.2246  EPtot      =     -2647.1249
 BOND   =       229.5170  ANGLE   =       355.7667  DIHED      =       504.3082
 1-4 NB =       162.8237  1-4 EEL =      -342.3024  VDWAALS    =      -316.7343
 EELEC  =      -734.4553  EGB     =     -2506.0485  RESTRAINT  =         0.0000
 ------------------------------------------------------------------------------


 NSTEP =    50700   TIME(PS) =      50.700  TEMP(K) =   308.71  PRESS =     0.0
 Etot   =     -2092.1518  EKtot   =       587.0803  EPtot      =     -2679.2321
 BOND   =       232.1020  ANGLE   =       319.7554  DIHED      =       499.6272
 1-4 NB =       163.0397  1-4 EEL =      -332.7077  VDWAALS    =      -321.7651
 EELEC  =      -664.4251  EGB     =     -2574.8585  RESTRAINT  =         0.0000
 ------------------------------------------------------------------------------


 NSTEP =    50800   TIME(PS) =      50.800  TEMP(K) =   310.06  PRESS =     0.0
 Etot   =     -2098.6361  EKtot   =       589.6456  EPtot      =     -2688.2816
 BOND   =       241.7377  ANGLE   =       320.6362  DIHED      =       503.2622
 1-4 NB =       151.5210  1-4 EEL =      -327.6251  VDWAALS    =      -323.1236
 EELEC  =      -715.1577  EGB     =     -2539.5324  RESTRAINT  =         0.0000
 ------------------------------------------------------------------------------


 NSTEP =    50900   TIME(PS) =      50.900  TEMP(K) =   308.77  PRESS =     0.0
 Etot   =     -2108.2217  EKtot   =       587.2002  EPtot      =     -2695.4219
 BOND   =       211.7767  ANGLE   =       355.0513  DIHED      =       495.8011
 1-4 NB =       161.4518  1-4 EEL =      -340.4826  VDWAALS    =      -331.7295
 EELEC  =     -1194.9718  EGB     =     -2052.3190  RESTRAINT  =         0.0000
 ------------------------------------------------------------------------------

| RE_POSITION Moving by  -0.238848  0.277257 -0.305467

 NSTEP =    51000   TIME(PS) =      51.000  TEMP(K) =   294.06  PRESS =     0.0
 Etot   =     -2124.8259  EKtot   =       559.2281  EPtot      =     -2684.0540
 BOND   =       239.1447  ANGLE   =       355.3647  DIHED      =       501.5808
 1-4 NB =       149.3359  1-4 EEL =      -375.2754  VDWAALS    =      -326.9896
 EELEC  =      -979.5454  EGB     =     -2247.6697  RESTRAINT  =         0.0000
 ------------------------------------------------------------------------------


 NSTEP =    51100   TIME(PS) =      51.100  TEMP(K) =   298.28  PRESS =     0.0
 Etot   =     -2146.9080  EKtot   =       567.2526  EPtot      =     -2714.1605
 BOND   =       213.3118  ANGLE   =       320.5723  DIHED      =       506.7185
 1-4 NB =       160.2198  1-4 EEL =      -344.0645  VDWAALS    =      -326.2936
 EELEC  =     -1365.3053  EGB     =     -1879.3196  RESTRAINT  =         0.0000
 ------------------------------------------------------------------------------


 NSTEP =    51200   TIME(PS) =      51.200  TEMP(K) =   278.16  PRESS =     0.0
 Etot   =     -2144.9493  EKtot   =       528.9976  EPtot      =     -2673.9469
 BOND   =       244.7757  ANGLE   =       343.0536  DIHED      =       510.5732
 1-4 NB =       147.9339  1-4 EEL =      -350.6127  VDWAALS    =      -331.6714
 EELEC  =     -1082.6335  EGB     =     -2155.3657  RESTRAINT  =         0.0000
 ------------------------------------------------------------------------------


 NSTEP =    51300   TIME(PS) =      51.300  TEMP(K) =   298.06  PRESS =     0.0
 Etot   =     -2127.0813  EKtot   =       566.8341  EPtot      =     -2693.9154
 BOND   =       222.2574  ANGLE   =       327.7573  DIHED      =       499.4635
 1-4 NB =       161.4665  1-4 EEL =      -332.5349  VDWAALS    =      -320.4605
 EELEC  =     -1080.0815  EGB     =     -2171.7831  RESTRAINT  =         0.0000
 ------------------------------------------------------------------------------


 NSTEP =    51400   TIME(PS) =      51.400  TEMP(K) =   290.63  PRESS =     0.0
 Etot   =     -2114.6794  EKtot   =       552.6992  EPtot      =     -2667.3786
 BOND   =       244.7005  ANGLE   =       334.3130  DIHED      =       497.5022
 1-4 NB =       156.8667  1-4 EEL =      -361.3627  VDWAALS    =      -325.4034
 EELEC  =      -828.7150  EGB     =     -2385.2799  RESTRAINT  =         0.0000
 ------------------------------------------------------------------------------


 NSTEP =    51500   TIME(PS) =      51.500  TEMP(K) =   314.16  PRESS =     0.0
 Etot   =     -2128.0302  EKtot   =       597.4435  EPtot      =     -2725.4736
 BOND   =       203.7719  ANGLE   =       327.3134  DIHED      =       491.4364
 1-4 NB =       159.8249  1-4 EEL =      -348.7409  VDWAALS    =      -323.0434
 EELEC  =      -765.5247  EGB     =     -2470.5113  RESTRAINT  =         0.0000
 ------------------------------------------------------------------------------


 NSTEP =    51600   TIME(PS) =      51.600  TEMP(K) =   294.50  PRESS =     0.0
 Etot   =     -2122.9931  EKtot   =       560.0577  EPtot      =     -2683.0508
 BOND   =       233.0666  ANGLE   =       347.9070  DIHED      =       491.4158
 1-4 NB =       162.0832  1-4 EEL =      -376.9521  VDWAALS    =      -321.0870
 EELEC  =     -1044.2222  EGB     =     -2175.2621  RESTRAINT  =         0.0000
 ------------------------------------------------------------------------------


 NSTEP =    51700   TIME(PS) =      51.700  TEMP(K) =   299.36  PRESS =     0.0
 Etot   =     -2126.8962  EKtot   =       569.2993  EPtot      =     -2696.1955
 BOND   =       222.2597  ANGLE   =       323.7084  DIHED      =       504.3192
 1-4 NB =       158.2120  1-4 EEL =      -332.5811  VDWAALS    =      -323.6436
 EELEC  =     -1512.5192  EGB     =     -1735.9511  RESTRAINT  =         0.0000
 ------------------------------------------------------------------------------


 NSTEP =    51800   TIME(PS) =      51.800  TEMP(K) =   291.69  PRESS =     0.0
 Etot   =     -2128.9279  EKtot   =       554.7251  EPtot      =     -2683.6530
 BOND   =       230.0376  ANGLE   =       343.4964  DIHED      =       497.7324
 1-4 NB =       159.9213  1-4 EEL =      -342.0226  VDWAALS    =      -328.1559
 EELEC  =     -1142.3766  EGB     =     -2102.2855  RESTRAINT  =         0.0000
 ------------------------------------------------------------------------------


 NSTEP =    51900   TIME(PS) =      51.900  TEMP(K) =   293.13  PRESS =     0.0
 Etot   =     -2144.6876  EKtot   =       557.4635  EPtot      =     -2702.1511
 BOND   =       221.5080  ANGLE   =       326.7464  DIHED      =       504.3473
 1-4 NB =       158.0143  1-4 EEL =      -341.1863  VDWAALS    =      -331.0002
 EELEC  =      -922.2885  EGB     =     -2318.2920  RESTRAINT  =         0.0000
 ------------------------------------------------------------------------------

| RE_POSITION Moving by  -0.201085  0.106680  0.810815

 NSTEP =    52000   TIME(PS) =      52.000  TEMP(K) =   300.57  PRESS =     0.0
 Etot   =     -2123.6683  EKtot   =       571.6130  EPtot      =     -2695.2812
 BOND   =       219.4933  ANGLE   =       343.7502  DIHED      =       486.1273
 1-4 NB =       155.8649  1-4 EEL =      -337.7944  VDWAALS    =      -320.0931
 EELEC  =      -883.5135  EGB     =     -2359.1159  RESTRAINT  =         0.0000
 ------------------------------------------------------------------------------


 NSTEP =    52100   TIME(PS) =      52.100  TEMP(K) =   302.65  PRESS =     0.0
 Etot   =     -2110.7259  EKtot   =       575.5623  EPtot      =     -2686.2882
 BOND   =       218.3860  ANGLE   =       350.0538  DIHED      =       499.1728
 1-4 NB =       162.3817  1-4 EEL =      -357.2822  VDWAALS    =      -320.6322
 EELEC  =     -1153.0618  EGB     =     -2085.3061  RESTRAINT  =         0.0000
 ------------------------------------------------------------------------------


 NSTEP =    52200   TIME(PS) =      52.200  TEMP(K) =   293.11  PRESS =     0.0
 Etot   =     -2128.2474  EKtot   =       557.4261  EPtot      =     -2685.6735
 BOND   =       214.4637  ANGLE   =       330.6743  DIHED      =       511.3473
 1-4 NB =       155.4298  1-4 EEL =      -338.6846  VDWAALS    =      -326.4993
 EELEC  =     -1274.3099  EGB     =     -1958.0947  RESTRAINT  =         0.0000
 ------------------------------------------------------------------------------


 NSTEP =    52300   TIME(PS) =      52.300  TEMP(K) =   297.13  PRESS =     0.0
 Etot   =     -2106.8615  EKtot   =       565.0637  EPtot      =     -2671.9252
 BOND   =       232.0715  ANGLE   =       348.7220  DIHED      =       500.2913
 1-4 NB =       163.3973  1-4 EEL =      -362.2401  VDWAALS    =      -323.8305
 EELEC  =      -858.4255  EGB     =     -2371.9112  RESTRAINT  =         0.0000
 ------------------------------------------------------------------------------


 NSTEP =    52400   TIME(PS) =      52.400  TEMP(K) =   315.72  PRESS =     0.0
 Etot   =     -2104.2540  EKtot   =       600.4164  EPtot      =     -2704.6704
 BOND   =       224.1870  ANGLE   =       333.6432  DIHED      =       498.3240
 1-4 NB =       157.8575  1-4 EEL =      -361.9424  VDWAALS    =      -322.9312
 EELEC  =     -1135.9879  EGB     =     -2097.8206  RESTRAINT  =         0.0000
 ------------------------------------------------------------------------------


 NSTEP =    52500   TIME(PS) =      52.500  TEMP(K) =   302.35  PRESS =     0.0
 Etot   =     -2112.7847  EKtot   =       574.9956  EPtot      =     -2687.7803
 BOND   =       226.9473  ANGLE   =       354.0284  DIHED      =       505.6227
 1-4 NB =       157.9412  1-4 EEL =      -362.7706  VDWAALS    =      -320.4066
 EELEC  =     -1379.3241  EGB     =     -1869.8186  RESTRAINT  =         0.0000
 ------------------------------------------------------------------------------


 NSTEP =    52600   TIME(PS) =      52.600  TEMP(K) =   294.36  PRESS =     0.0
 Etot   =     -2111.4404  EKtot   =       559.7992  EPtot      =     -2671.2396
 BOND   =       236.4734  ANGLE   =       343.0225  DIHED      =       508.9774
 1-4 NB =       152.8994  1-4 EEL =      -337.9566  VDWAALS    =      -321.6908
 EELEC  =     -1574.7479  EGB     =     -1678.2171  RESTRAINT  =         0.0000
 ------------------------------------------------------------------------------


 NSTEP =    52700   TIME(PS) =      52.700  TEMP(K) =   302.55  PRESS =     0.0
 Etot   =     -2100.7702  EKtot   =       575.3784  EPtot      =     -2676.1485
 BOND   =       244.6389  ANGLE   =       335.5532  DIHED      =       506.1151
 1-4 NB =       156.5796  1-4 EEL =      -340.6560  VDWAALS    =      -323.9546
 EELEC  =     -1386.0848  EGB     =     -1868.3398  RESTRAINT  =         0.0000
 ------------------------------------------------------------------------------


 NSTEP =    52800   TIME(PS) =      52.800  TEMP(K) =   293.26  PRESS =     0.0
 Etot   =     -2093.9854  EKtot   =       557.7119  EPtot      =     -2651.6973
 BOND   =       238.0025  ANGLE   =       372.4139  DIHED      =       494.9119
 1-4 NB =       154.5189  1-4 EEL =      -343.5594  VDWAALS    =      -328.2374
 EELEC  =      -995.5145  EGB     =     -2244.2333  RESTRAINT  =         0.0000
 ------------------------------------------------------------------------------


 NSTEP =    52900   TIME(PS) =      52.900  TEMP(K) =   307.79  PRESS =     0.0
 Etot   =     -2080.3391  EKtot   =       585.3356  EPtot      =     -2665.6748
 BOND   =       243.6154  ANGLE   =       354.3436  DIHED      =       495.3455
 1-4 NB =       163.6199  1-4 EEL =      -342.7350  VDWAALS    =      -324.6986
 EELEC  =     -1059.1304  EGB     =     -2196.0352  RESTRAINT  =         0.0000
 ------------------------------------------------------------------------------

| RE_POSITION Moving by  -0.310297  0.348887  0.990667

 NSTEP =    53000   TIME(PS) =      53.000  TEMP(K) =   302.44  PRESS =     0.0
 Etot   =     -2094.5705  EKtot   =       575.1705  EPtot      =     -2669.7410
 BOND   =       224.9035  ANGLE   =       364.6749  DIHED      =       497.8371
 1-4 NB =       153.4371  1-4 EEL =      -362.7182  VDWAALS    =      -322.1809
 EELEC  =     -1156.9532  EGB     =     -2068.7413  RESTRAINT  =         0.0000
 ------------------------------------------------------------------------------


 NSTEP =    53100   TIME(PS) =      53.100  TEMP(K) =   294.52  PRESS =     0.0
 Etot   =     -2106.6642  EKtot   =       560.1044  EPtot      =     -2666.7686
 BOND   =       233.0913  ANGLE   =       348.0907  DIHED      =       505.7536
 1-4 NB =       159.3189  1-4 EEL =      -376.5059  VDWAALS    =      -322.3230
 EELEC  =     -1295.6588  EGB     =     -1918.5354  RESTRAINT  =         0.0000
 ------------------------------------------------------------------------------


 NSTEP =    53200   TIME(PS) =      53.200  TEMP(K) =   308.56  PRESS =     0.0
 Etot   =     -2111.1251  EKtot   =       586.8041  EPtot      =     -2697.9292
 BOND   =       229.3702  ANGLE   =       333.9551  DIHED      =       499.0627
 1-4 NB =       151.3696  1-4 EEL =      -361.5483  VDWAALS    =      -326.7849
 EELEC  =     -1362.5736  EGB     =     -1860.7801  RESTRAINT  =         0.0000
 ------------------------------------------------------------------------------


 NSTEP =    53300   TIME(PS) =      53.300  TEMP(K) =   291.63  PRESS =     0.0
 Etot   =     -2137.3463  EKtot   =       554.5988  EPtot      =     -2691.9451
 BOND   =       218.8461  ANGLE   =       339.8477  DIHED      =       497.0939
 1-4 NB =       166.3924  1-4 EEL =      -344.7960  VDWAALS    =      -327.0568
 EELEC  =     -1223.5511  EGB     =     -2018.7212  RESTRAINT  =         0.0000
 ------------------------------------------------------------------------------


 NSTEP =    53400   TIME(PS) =      53.400  TEMP(K) =   301.48  PRESS =     0.0
 Etot   =     -2129.2388  EKtot   =       573.3285  EPtot      =     -2702.5673
 BOND   =       215.1551  ANGLE   =       319.6008  DIHED      =       518.5959
 1-4 NB =       156.7595  1-4 EEL =      -340.1296  VDWAALS    =      -323.3957
 EELEC  =      -778.9178  EGB     =     -2470.2355  RESTRAINT  =         0.0000
 ------------------------------------------------------------------------------


 NSTEP =    53500   TIME(PS) =      53.500  TEMP(K) =   296.14  PRESS =     0.0
 Etot   =     -2139.7925  EKtot   =       563.1831  EPtot      =     -2702.9757
 BOND   =       214.9375  ANGLE   =       317.3628  DIHED      =       509.8165
 1-4 NB =       153.9977  1-4 EEL =      -321.8784  VDWAALS    =      -327.8748
 EELEC  =      -787.0823  EGB     =     -2462.2548  RESTRAINT  =         0.0000
 ------------------------------------------------------------------------------


 NSTEP =    53600   TIME(PS) =      53.600  TEMP(K) =   297.88  PRESS =     0.0
 Etot   =     -2129.0808  EKtot   =       566.4819  EPtot      =     -2695.5627
 BOND   =       215.1274  ANGLE   =       330.9445  DIHED      =       511.7669
 1-4 NB =       157.6045  1-4 EEL =      -351.4811  VDWAALS    =      -323.0973
 EELEC  =      -962.6892  EGB     =     -2273.7384  RESTRAINT  =         0.0000
 ------------------------------------------------------------------------------


 NSTEP =    53700   TIME(PS) =      53.700  TEMP(K) =   306.00  PRESS =     0.0
 Etot   =     -2124.4920  EKtot   =       581.9253  EPtot      =     -2706.4173
 BOND   =       214.4009  ANGLE   =       333.4401  DIHED      =       499.6804
 1-4 NB =       154.6052  1-4 EEL =      -355.7328  VDWAALS    =      -320.0966
 EELEC  =      -941.7357  EGB     =     -2290.9788  RESTRAINT  =         0.0000
 ------------------------------------------------------------------------------


 NSTEP =    53800   TIME(PS) =      53.800  TEMP(K) =   296.17  PRESS =     0.0
 Etot   =     -2107.8472  EKtot   =       563.2384  EPtot      =     -2671.0856
 BOND   =       231.1376  ANGLE   =       355.7385  DIHED      =       503.4528
 1-4 NB =       156.6349  1-4 EEL =      -354.5407  VDWAALS    =      -324.8386
 EELEC  =     -1017.0110  EGB     =     -2221.6590  RESTRAINT  =         0.0000
 ------------------------------------------------------------------------------


 NSTEP =    53900   TIME(PS) =      53.900  TEMP(K) =   278.38  PRESS =     0.0
 Etot   =     -2110.4679  EKtot   =       529.4104  EPtot      =     -2639.8783
 BOND   =       235.6119  ANGLE   =       369.7174  DIHED      =       510.8970
 1-4 NB =       157.8385  1-4 EEL =      -354.1506  VDWAALS    =      -308.5572
 EELEC  =     -1084.5036  EGB     =     -2166.7318  RESTRAINT  =         0.0000
 ------------------------------------------------------------------------------

| RE_POSITION Moving by   0.064722 -0.124660 -0.579607

 NSTEP =    54000   TIME(PS) =      54.000  TEMP(K) =   290.63  PRESS =     0.0
 Etot   =     -2133.1192  EKtot   =       552.7043  EPtot      =     -2685.8235
 BOND   =       215.8908  ANGLE   =       355.2073  DIHED      =       502.8291
 1-4 NB =       160.2644  1-4 EEL =      -355.3349  VDWAALS    =      -323.8965
 EELEC  =     -1342.3359  EGB     =     -1898.4477  RESTRAINT  =         0.0000
 ------------------------------------------------------------------------------


 NSTEP =    54100   TIME(PS) =      54.100  TEMP(K) =   296.75  PRESS =     0.0
 Etot   =     -2126.8949  EKtot   =       564.3430  EPtot      =     -2691.2379
 BOND   =       233.5372  ANGLE   =       344.4289  DIHED      =       503.7470
 1-4 NB =       149.3312  1-4 EEL =      -373.9557  VDWAALS    =      -321.9888
 EELEC  =     -1502.6879  EGB     =     -1723.6498  RESTRAINT  =         0.0000
 ------------------------------------------------------------------------------


 NSTEP =    54200   TIME(PS) =      54.200  TEMP(K) =   284.53  PRESS =     0.0
 Etot   =     -2134.4452  EKtot   =       541.0962  EPtot      =     -2675.5415
 BOND   =       220.0715  ANGLE   =       336.9916  DIHED      =       514.4171
 1-4 NB =       155.9980  1-4 EEL =      -331.2664  VDWAALS    =      -324.1647
 EELEC  =      -975.6004  EGB     =     -2271.9882  RESTRAINT  =         0.0000
 ------------------------------------------------------------------------------


 NSTEP =    54300   TIME(PS) =      54.300  TEMP(K) =   293.95  PRESS =     0.0
 Etot   =     -2138.3806  EKtot   =       559.0221  EPtot      =     -2697.4027
 BOND   =       231.7353  ANGLE   =       320.5418  DIHED      =       505.9987
 1-4 NB =       154.5900  1-4 EEL =      -357.3375  VDWAALS    =      -318.2502
 EELEC  =     -1200.4919  EGB     =     -2034.1887  RESTRAINT  =         0.0000
 ------------------------------------------------------------------------------


 NSTEP =    54400   TIME(PS) =      54.400  TEMP(K) =   308.96  PRESS =     0.0
 Etot   =     -2115.1302  EKtot   =       587.5638  EPtot      =     -2702.6939
 BOND   =       228.0788  ANGLE   =       307.6195  DIHED      =       506.1415
 1-4 NB =       159.1825  1-4 EEL =      -331.0521  VDWAALS    =      -320.7454
 EELEC  =     -1195.2379  EGB     =     -2056.6808  RESTRAINT  =         0.0000
 ------------------------------------------------------------------------------


 NSTEP =    54500   TIME(PS) =      54.500  TEMP(K) =   296.64  PRESS =     0.0
 Etot   =     -2119.8031  EKtot   =       564.1387  EPtot      =     -2683.9418
 BOND   =       221.9413  ANGLE   =       343.9372  DIHED      =       508.5305
 1-4 NB =       154.2656  1-4 EEL =      -349.1672  VDWAALS    =      -319.6699
 EELEC  =     -1175.2090  EGB     =     -2068.5702  RESTRAINT  =         0.0000
 ------------------------------------------------------------------------------


 NSTEP =    54600   TIME(PS) =      54.600  TEMP(K) =   297.69  PRESS =     0.0
 Etot   =     -2129.3537  EKtot   =       566.1361  EPtot      =     -2695.4897
 BOND   =       218.1927  ANGLE   =       332.2071  DIHED      =       494.9745
 1-4 NB =       159.1210  1-4 EEL =      -345.8606  VDWAALS    =      -312.3142
 EELEC  =      -829.7629  EGB     =     -2412.0474  RESTRAINT  =         0.0000
 ------------------------------------------------------------------------------


 NSTEP =    54700   TIME(PS) =      54.700  TEMP(K) =   290.94  PRESS =     0.0
 Etot   =     -2153.3053  EKtot   =       553.2874  EPtot      =     -2706.5926
 BOND   =       229.9712  ANGLE   =       324.3245  DIHED      =       498.6879
 1-4 NB =       152.9812  1-4 EEL =      -347.8286  VDWAALS    =      -324.3440
 EELEC  =     -1015.4917  EGB     =     -2224.8931  RESTRAINT  =         0.0000
 ------------------------------------------------------------------------------


 NSTEP =    54800   TIME(PS) =      54.800  TEMP(K) =   297.80  PRESS =     0.0
 Etot   =     -2143.9589  EKtot   =       566.3382  EPtot      =     -2710.2971
 BOND   =       232.7448  ANGLE   =       319.9011  DIHED      =       492.6189
 1-4 NB =       158.0273  1-4 EEL =      -338.5546  VDWAALS    =      -316.7613
 EELEC  =     -1031.6077  EGB     =     -2226.6655  RESTRAINT  =         0.0000
 ------------------------------------------------------------------------------


 NSTEP =    54900   TIME(PS) =      54.900  TEMP(K) =   280.81  PRESS =     0.0
 Etot   =     -2144.9450  EKtot   =       534.0334  EPtot      =     -2678.9784
 BOND   =       229.0346  ANGLE   =       352.3851  DIHED      =       502.1247
 1-4 NB =       159.3980  1-4 EEL =      -345.2272  VDWAALS    =      -317.0121
 EELEC  =     -1430.0844  EGB     =     -1829.5971  RESTRAINT  =         0.0000
 ------------------------------------------------------------------------------

| RE_POSITION Moving by   0.499150 -0.096618 -1.009229

 NSTEP =    55000   TIME(PS) =      55.000  TEMP(K) =   283.08  PRESS =     0.0
 Etot   =     -2137.9023  EKtot   =       538.3358  EPtot      =     -2676.2381
 BOND   =       234.5981  ANGLE   =       333.5546  DIHED      =       514.4977
 1-4 NB =       154.6368  1-4 EEL =      -349.3181  VDWAALS    =      -316.7483
 EELEC  =     -1144.8860  EGB     =     -2102.5729  RESTRAINT  =         0.0000
 ------------------------------------------------------------------------------


 NSTEP =    55100   TIME(PS) =      55.100  TEMP(K) =   291.65  PRESS =     0.0
 Etot   =     -2137.0082  EKtot   =       554.6495  EPtot      =     -2691.6577
 BOND   =       219.7128  ANGLE   =       333.2352  DIHED      =       511.1717
 1-4 NB =       154.4693  1-4 EEL =      -352.8537  VDWAALS    =      -322.9417
 EELEC  =      -836.7594  EGB     =     -2397.6919  RESTRAINT  =         0.0000
 ------------------------------------------------------------------------------


 NSTEP =    55200   TIME(PS) =      55.200  TEMP(K) =   286.46  PRESS =     0.0
 Etot   =     -2146.0091  EKtot   =       544.7647  EPtot      =     -2690.7738
 BOND   =       223.4245  ANGLE   =       336.2541  DIHED      =       511.2245
 1-4 NB =       154.8211  1-4 EEL =      -336.6670  VDWAALS    =      -317.9429
 EELEC  =      -992.7477  EGB     =     -2269.1404  RESTRAINT  =         0.0000
 ------------------------------------------------------------------------------


 NSTEP =    55300   TIME(PS) =      55.300  TEMP(K) =   285.98  PRESS =     0.0
 Etot   =     -2146.2072  EKtot   =       543.8670  EPtot      =     -2690.0742
 BOND   =       237.5300  ANGLE   =       323.6774  DIHED      =       503.0173
 1-4 NB =       161.5840  1-4 EEL =      -349.8671  VDWAALS    =      -319.2495
 EELEC  =      -872.6034  EGB     =     -2374.1629  RESTRAINT  =         0.0000
 ------------------------------------------------------------------------------


 NSTEP =    55400   TIME(PS) =      55.400  TEMP(K) =   303.16  PRESS =     0.0
 Etot   =     -2135.1411  EKtot   =       576.5277  EPtot      =     -2711.6688
 BOND   =       220.2788  ANGLE   =       309.9945  DIHED      =       510.4144
 1-4 NB =       154.2741  1-4 EEL =      -355.3332  VDWAALS    =      -324.1202
 EELEC  =      -771.8873  EGB     =     -2455.2899  RESTRAINT  =         0.0000
 ------------------------------------------------------------------------------


 NSTEP =    55500   TIME(PS) =      55.500  TEMP(K) =   293.84  PRESS =     0.0
 Etot   =     -2145.2472  EKtot   =       558.8152  EPtot      =     -2704.0624
 BOND   =       210.5726  ANGLE   =       323.4149  DIHED      =       502.4045
 1-4 NB =       160.9679  1-4 EEL =      -334.8028  VDWAALS    =      -318.6547
 EELEC  =     -1089.3683  EGB     =     -2158.5966  RESTRAINT  =         0.0000
 ------------------------------------------------------------------------------


 NSTEP =    55600   TIME(PS) =      55.600  TEMP(K) =   279.84  PRESS =     0.0
 Etot   =     -2134.0633  EKtot   =       532.1828  EPtot      =     -2666.2460
 BOND   =       255.9610  ANGLE   =       335.1396  DIHED      =       506.0801
 1-4 NB =       150.4353  1-4 EEL =      -340.9358  VDWAALS    =      -321.4785
 EELEC  =      -824.5276  EGB     =     -2426.9201  RESTRAINT  =         0.0000
 ------------------------------------------------------------------------------


 NSTEP =    55700   TIME(PS) =      55.700  TEMP(K) =   300.24  PRESS =     0.0
 Etot   =     -2131.0822  EKtot   =       570.9717  EPtot      =     -2702.0539
 BOND   =       210.3247  ANGLE   =       321.2665  DIHED      =       523.8791
 1-4 NB =       166.8228  1-4 EEL =      -349.1533  VDWAALS    =      -326.8824
 EELEC  =     -1083.3615  EGB     =     -2164.9498  RESTRAINT  =         0.0000
 ------------------------------------------------------------------------------


 NSTEP =    55800   TIME(PS) =      55.800  TEMP(K) =   289.33  PRESS =     0.0
 Etot   =     -2136.1695  EKtot   =       550.2264  EPtot      =     -2686.3960
 BOND   =       228.1040  ANGLE   =       351.7054  DIHED      =       501.2713
 1-4 NB =       155.7634  1-4 EEL =      -357.6650  VDWAALS    =      -319.2146
 EELEC  =     -1195.8384  EGB     =     -2050.5220  RESTRAINT  =         0.0000
 ------------------------------------------------------------------------------


 NSTEP =    55900   TIME(PS) =      55.900  TEMP(K) =   296.01  PRESS =     0.0
 Etot   =     -2112.1091  EKtot   =       562.9383  EPtot      =     -2675.0474
 BOND   =       236.3616  ANGLE   =       350.6986  DIHED      =       493.9584
 1-4 NB =       157.8802  1-4 EEL =      -354.4766  VDWAALS    =      -320.0449
 EELEC  =      -872.0670  EGB     =     -2367.3575  RESTRAINT  =         0.0000
 ------------------------------------------------------------------------------

| RE_POSITION Moving by  -0.194088 -0.058417 -0.050429

 NSTEP =    56000   TIME(PS) =      56.000  TEMP(K) =   297.09  PRESS =     0.0
 Etot   =     -2138.6174  EKtot   =       564.9945  EPtot      =     -2703.6119
 BOND   =       220.8952  ANGLE   =       345.7545  DIHED      =       501.5632
 1-4 NB =       158.4066  1-4 EEL =      -356.2301  VDWAALS    =      -323.3127
 EELEC  =     -1474.9639  EGB     =     -1775.7247  RESTRAINT  =         0.0000
 ------------------------------------------------------------------------------


 NSTEP =    56100   TIME(PS) =      56.100  TEMP(K) =   291.69  PRESS =     0.0
 Etot   =     -2147.8323  EKtot   =       554.7149  EPtot      =     -2702.5472
 BOND   =       216.1604  ANGLE   =       343.6313  DIHED      =       496.2661
 1-4 NB =       158.1576  1-4 EEL =      -329.5814  VDWAALS    =      -311.5299
 EELEC  =     -1752.8604  EGB     =     -1522.7908  RESTRAINT  =         0.0000
 ------------------------------------------------------------------------------


 NSTEP =    56200   TIME(PS) =      56.200  TEMP(K) =   294.44  PRESS =     0.0
 Etot   =     -2138.7454  EKtot   =       559.9413  EPtot      =     -2698.6868
 BOND   =       209.6278  ANGLE   =       338.7305  DIHED      =       498.6105
 1-4 NB =       160.3209  1-4 EEL =      -338.7714  VDWAALS    =      -317.9393
 EELEC  =     -1188.0746  EGB     =     -2061.1913  RESTRAINT  =         0.0000
 ------------------------------------------------------------------------------


 NSTEP =    56300   TIME(PS) =      56.300  TEMP(K) =   313.53  PRESS =     0.0
 Etot   =     -2119.5909  EKtot   =       596.2466  EPtot      =     -2715.8376
 BOND   =       218.9024  ANGLE   =       330.1338  DIHED      =       487.0610
 1-4 NB =       155.9307  1-4 EEL =      -343.4379  VDWAALS    =      -329.2080
 EELEC  =     -1296.9886  EGB     =     -1938.2309  RESTRAINT  =         0.0000
 ------------------------------------------------------------------------------


 NSTEP =    56400   TIME(PS) =      56.400  TEMP(K) =   294.87  PRESS =     0.0
 Etot   =     -2129.0350  EKtot   =       560.7639  EPtot      =     -2689.7989
 BOND   =       219.4544  ANGLE   =       351.7045  DIHED      =       502.2366
 1-4 NB =       154.5299  1-4 EEL =      -359.8046  VDWAALS    =      -322.3608
 EELEC  =     -1193.6966  EGB     =     -2041.8622  RESTRAINT  =         0.0000
 ------------------------------------------------------------------------------


 NSTEP =    56500   TIME(PS) =      56.500  TEMP(K) =   293.10  PRESS =     0.0
 Etot   =     -2123.4304  EKtot   =       557.4098  EPtot      =     -2680.8402
 BOND   =       237.7674  ANGLE   =       322.0431  DIHED      =       496.5641
 1-4 NB =       162.2250  1-4 EEL =      -318.2952  VDWAALS    =      -331.7852
 EELEC  =      -916.1045  EGB     =     -2333.2549  RESTRAINT  =         0.0000
 ------------------------------------------------------------------------------


 NSTEP =    56600   TIME(PS) =      56.600  TEMP(K) =   296.54  PRESS =     0.0
 Etot   =     -2137.5591  EKtot   =       563.9423  EPtot      =     -2701.5014
 BOND   =       220.0645  ANGLE   =       334.0709  DIHED      =       509.7836
 1-4 NB =       158.3939  1-4 EEL =      -335.8867  VDWAALS    =      -333.4939
 EELEC  =      -971.1418  EGB     =     -2283.2918  RESTRAINT  =         0.0000
 ------------------------------------------------------------------------------


 NSTEP =    56700   TIME(PS) =      56.700  TEMP(K) =   300.52  PRESS =     0.0
 Etot   =     -2142.2011  EKtot   =       571.5090  EPtot      =     -2713.7100
 BOND   =       211.2453  ANGLE   =       327.7645  DIHED      =       499.0255
 1-4 NB =       155.9966  1-4 EEL =      -332.0132  VDWAALS    =      -325.2850
 EELEC  =     -1107.1961  EGB     =     -2143.2476  RESTRAINT  =         0.0000
 ------------------------------------------------------------------------------


 NSTEP =    56800   TIME(PS) =      56.800  TEMP(K) =   292.81  PRESS =     0.0
 Etot   =     -2147.9573  EKtot   =       556.8549  EPtot      =     -2704.8122
 BOND   =       225.6455  ANGLE   =       312.4703  DIHED      =       501.9823
 1-4 NB =       157.0500  1-4 EEL =      -328.0214  VDWAALS    =      -323.7011
 EELEC  =     -1108.4925  EGB     =     -2141.7453  RESTRAINT  =         0.0000
 ------------------------------------------------------------------------------


 NSTEP =    56900   TIME(PS) =      56.900  TEMP(K) =   297.68  PRESS =     0.0
 Etot   =     -2141.6743  EKtot   =       566.1106  EPtot      =     -2707.7849
 BOND   =       222.1678  ANGLE   =       348.1792  DIHED      =       487.7460
 1-4 NB =       151.6906  1-4 EEL =      -350.9109  VDWAALS    =      -325.5138
 EELEC  =     -1006.5458  EGB     =     -2234.5979  RESTRAINT  =         0.0000
 ------------------------------------------------------------------------------

| RE_POSITION Moving by   0.419441  0.282688 -1.282639

 NSTEP =    57000   TIME(PS) =      57.000  TEMP(K) =   292.54  PRESS =     0.0
 Etot   =     -2133.1930  EKtot   =       556.3438  EPtot      =     -2689.5368
 BOND   =       225.6708  ANGLE   =       327.0251  DIHED      =       503.3001
 1-4 NB =       159.9005  1-4 EEL =      -349.3183  VDWAALS    =      -315.8664
 EELEC  =      -779.3377  EGB     =     -2460.9108  RESTRAINT  =         0.0000
 ------------------------------------------------------------------------------


 NSTEP =    57100   TIME(PS) =      57.100  TEMP(K) =   286.47  PRESS =     0.0
 Etot   =     -2137.5125  EKtot   =       544.7958  EPtot      =     -2682.3082
 BOND   =       221.0350  ANGLE   =       339.9855  DIHED      =       502.4244
 1-4 NB =       159.3326  1-4 EEL =      -329.3279  VDWAALS    =      -316.9192
 EELEC  =      -726.2612  EGB     =     -2532.5774  RESTRAINT  =         0.0000
 ------------------------------------------------------------------------------


 NSTEP =    57200   TIME(PS) =      57.200  TEMP(K) =   303.14  PRESS =     0.0
 Etot   =     -2134.9837  EKtot   =       576.4998  EPtot      =     -2711.4836
 BOND   =       224.4714  ANGLE   =       309.3082  DIHED      =       499.2736
 1-4 NB =       154.9052  1-4 EEL =      -331.6796  VDWAALS    =      -312.6818
 EELEC  =      -772.6215  EGB     =     -2482.4591  RESTRAINT  =         0.0000
 ------------------------------------------------------------------------------


 NSTEP =    57300   TIME(PS) =      57.300  TEMP(K) =   283.59  PRESS =     0.0
 Etot   =     -2140.4599  EKtot   =       539.3069  EPtot      =     -2679.7668
 BOND   =       222.4183  ANGLE   =       341.9552  DIHED      =       500.1503
 1-4 NB =       165.6375  1-4 EEL =      -347.1999  VDWAALS    =      -312.4766
 EELEC  =      -852.1220  EGB     =     -2398.1297  RESTRAINT  =         0.0000
 ------------------------------------------------------------------------------


 NSTEP =    57400   TIME(PS) =      57.400  TEMP(K) =   281.01  PRESS =     0.0
 Etot   =     -2138.1358  EKtot   =       534.4091  EPtot      =     -2672.5450
 BOND   =       238.8239  ANGLE   =       365.5584  DIHED      =       496.4538
 1-4 NB =       147.7718  1-4 EEL =      -345.0863  VDWAALS    =      -316.0917
 EELEC  =     -1237.6074  EGB     =     -2022.3676  RESTRAINT  =         0.0000
 ------------------------------------------------------------------------------


 NSTEP =    57500   TIME(PS) =      57.500  TEMP(K) =   282.99  PRESS =     0.0
 Etot   =     -2135.7012  EKtot   =       538.1659  EPtot      =     -2673.8672
 BOND   =       232.9259  ANGLE   =       339.4460  DIHED      =       500.0509
 1-4 NB =       166.1140  1-4 EEL =      -332.2177  VDWAALS    =      -315.7678
 EELEC  =     -1309.9485  EGB     =     -1954.4700  RESTRAINT  =         0.0000
 ------------------------------------------------------------------------------


 NSTEP =    57600   TIME(PS) =      57.600  TEMP(K) =   295.48  PRESS =     0.0
 Etot   =     -2133.6248  EKtot   =       561.9314  EPtot      =     -2695.5562
 BOND   =       215.6095  ANGLE   =       337.0677  DIHED      =       495.0478
 1-4 NB =       155.5539  1-4 EEL =      -323.3226  VDWAALS    =      -318.1960
 EELEC  =     -1232.5998  EGB     =     -2024.7167  RESTRAINT  =         0.0000
 ------------------------------------------------------------------------------


 NSTEP =    57700   TIME(PS) =      57.700  TEMP(K) =   293.63  PRESS =     0.0
 Etot   =     -2134.5241  EKtot   =       558.4104  EPtot      =     -2692.9345
 BOND   =       233.3670  ANGLE   =       328.6718  DIHED      =       499.9090
 1-4 NB =       155.7637  1-4 EEL =      -336.9696  VDWAALS    =      -319.1809
 EELEC  =     -1230.3060  EGB     =     -2024.1896  RESTRAINT  =         0.0000
 ------------------------------------------------------------------------------


 NSTEP =    57800   TIME(PS) =      57.800  TEMP(K) =   295.92  PRESS =     0.0
 Etot   =     -2122.1657  EKtot   =       562.7569  EPtot      =     -2684.9226
 BOND   =       219.3871  ANGLE   =       327.3852  DIHED      =       502.6710
 1-4 NB =       161.8439  1-4 EEL =      -311.4695  VDWAALS    =      -309.5342
 EELEC  =     -1127.6496  EGB     =     -2147.5566  RESTRAINT  =         0.0000
 ------------------------------------------------------------------------------


 NSTEP =    57900   TIME(PS) =      57.900  TEMP(K) =   288.28  PRESS =     0.0
 Etot   =     -2119.9269  EKtot   =       548.2298  EPtot      =     -2668.1568
 BOND   =       234.0955  ANGLE   =       338.3271  DIHED      =       501.2466
 1-4 NB =       151.3405  1-4 EEL =      -318.2964  VDWAALS    =      -314.0509
 EELEC  =     -1130.1994  EGB     =     -2130.6196  RESTRAINT  =         0.0000
 ------------------------------------------------------------------------------

| RE_POSITION Moving by   0.123818  0.327052 -0.421882

 NSTEP =    58000   TIME(PS) =      58.000  TEMP(K) =   285.05  PRESS =     0.0
 Etot   =     -2131.9533  EKtot   =       542.0945  EPtot      =     -2674.0478
 BOND   =       232.7915  ANGLE   =       330.2880  DIHED      =       506.3296
 1-4 NB =       159.3277  1-4 EEL =      -334.1568  VDWAALS    =      -317.1087
 EELEC  =      -998.9679  EGB     =     -2252.5512  RESTRAINT  =         0.0000
 ------------------------------------------------------------------------------


 NSTEP =    58100   TIME(PS) =      58.100  TEMP(K) =   301.90  PRESS =     0.0
 Etot   =     -2129.5904  EKtot   =       574.1334  EPtot      =     -2703.7237
 BOND   =       221.7628  ANGLE   =       319.0206  DIHED      =       500.9133
 1-4 NB =       159.7273  1-4 EEL =      -334.4082  VDWAALS    =      -321.5082
 EELEC  =      -900.1120  EGB     =     -2349.1193  RESTRAINT  =         0.0000
 ------------------------------------------------------------------------------


 NSTEP =    58200   TIME(PS) =      58.200  TEMP(K) =   279.69  PRESS =     0.0
 Etot   =     -2151.0452  EKtot   =       531.9034  EPtot      =     -2682.9486
 BOND   =       211.7194  ANGLE   =       358.1038  DIHED      =       493.0311
 1-4 NB =       158.1506  1-4 EEL =      -346.5908  VDWAALS    =      -310.7818
 EELEC  =     -1149.6022  EGB     =     -2096.9788  RESTRAINT  =         0.0000
 ------------------------------------------------------------------------------


 NSTEP =    58300   TIME(PS) =      58.300  TEMP(K) =   300.54  PRESS =     0.0
 Etot   =     -2155.5893  EKtot   =       571.5507  EPtot      =     -2727.1400
 BOND   =       214.9792  ANGLE   =       312.0313  DIHED      =       486.7530
 1-4 NB =       164.0159  1-4 EEL =      -332.8504  VDWAALS    =      -315.0015
 EELEC  =     -1398.6161  EGB     =     -1858.4514  RESTRAINT  =         0.0000
 ------------------------------------------------------------------------------


 NSTEP =    58400   TIME(PS) =      58.400  TEMP(K) =   279.96  PRESS =     0.0
 Etot   =     -2155.9380  EKtot   =       532.4114  EPtot      =     -2688.3494
 BOND   =       242.5359  ANGLE   =       333.5779  DIHED      =       491.6068
 1-4 NB =       158.2069  1-4 EEL =      -356.4253  VDWAALS    =      -307.2868
 EELEC  =     -1297.2411  EGB     =     -1953.3238  RESTRAINT  =         0.0000
 ------------------------------------------------------------------------------


 NSTEP =    58500   TIME(PS) =      58.500  TEMP(K) =   299.01  PRESS =     0.0
 Etot   =     -2124.1067  EKtot   =       568.6317  EPtot      =     -2692.7384
 BOND   =       215.2688  ANGLE   =       351.0375  DIHED      =       489.2048
 1-4 NB =       154.7517  1-4 EEL =      -333.2827  VDWAALS    =      -320.4473
 EELEC  =     -1204.4642  EGB     =     -2044.8070  RESTRAINT  =         0.0000
 ------------------------------------------------------------------------------


 NSTEP =    58600   TIME(PS) =      58.600  TEMP(K) =   299.99  PRESS =     0.0
 Etot   =     -2123.3476  EKtot   =       570.5052  EPtot      =     -2693.8528
 BOND   =       229.8645  ANGLE   =       347.9825  DIHED      =       492.7551
 1-4 NB =       148.0856  1-4 EEL =      -338.3928  VDWAALS    =      -316.1795
 EELEC  =     -1263.0702  EGB     =     -1994.8981  RESTRAINT  =         0.0000
 ------------------------------------------------------------------------------


 NSTEP =    58700   TIME(PS) =      58.700  TEMP(K) =   292.42  PRESS =     0.0
 Etot   =     -2097.2350  EKtot   =       556.1064  EPtot      =     -2653.3414
 BOND   =       227.5587  ANGLE   =       363.9697  DIHED      =       495.2444
 1-4 NB =       162.5786  1-4 EEL =      -334.0177  VDWAALS    =      -315.7562
 EELEC  =     -1059.3764  EGB     =     -2193.5426  RESTRAINT  =         0.0000
 ------------------------------------------------------------------------------


 NSTEP =    58800   TIME(PS) =      58.800  TEMP(K) =   311.51  PRESS =     0.0
 Etot   =     -2096.2736  EKtot   =       592.4124  EPtot      =     -2688.6860
 BOND   =       229.2170  ANGLE   =       347.1185  DIHED      =       498.3355
 1-4 NB =       153.8668  1-4 EEL =      -343.9827  VDWAALS    =      -325.9053
 EELEC  =     -1341.7211  EGB     =     -1905.6147  RESTRAINT  =         0.0000
 ------------------------------------------------------------------------------


 NSTEP =    58900   TIME(PS) =      58.900  TEMP(K) =   302.64  PRESS =     0.0
 Etot   =     -2104.2335  EKtot   =       575.5520  EPtot      =     -2679.7855
 BOND   =       227.6308  ANGLE   =       355.5359  DIHED      =       500.1114
 1-4 NB =       152.3329  1-4 EEL =      -357.0476  VDWAALS    =      -323.1890
 EELEC  =     -1241.7867  EGB     =     -1993.3732  RESTRAINT  =         0.0000
 ------------------------------------------------------------------------------

| RE_POSITION Moving by  -0.048544 -0.014818  0.715279

 NSTEP =    59000   TIME(PS) =      59.000  TEMP(K) =   305.15  PRESS =     0.0
 Etot   =     -2099.3206  EKtot   =       580.3185  EPtot      =     -2679.6391
 BOND   =       231.4867  ANGLE   =       343.1944  DIHED      =       500.2827
 1-4 NB =       157.0349  1-4 EEL =      -342.5717  VDWAALS    =      -321.8850
 EELEC  =     -1074.0326  EGB     =     -2173.1486  RESTRAINT  =         0.0000
 ------------------------------------------------------------------------------


 NSTEP =    59100   TIME(PS) =      59.100  TEMP(K) =   307.69  PRESS =     0.0
 Etot   =     -2099.1706  EKtot   =       585.1523  EPtot      =     -2684.3229
 BOND   =       221.8784  ANGLE   =       364.3294  DIHED      =       498.4537
 1-4 NB =       156.4580  1-4 EEL =      -361.4871  VDWAALS    =      -323.2815
 EELEC  =     -1173.3154  EGB     =     -2067.3584  RESTRAINT  =         0.0000
 ------------------------------------------------------------------------------


 NSTEP =    59200   TIME(PS) =      59.200  TEMP(K) =   315.41  PRESS =     0.0
 Etot   =     -2082.9380  EKtot   =       599.8329  EPtot      =     -2682.7709
 BOND   =       229.4206  ANGLE   =       335.0630  DIHED      =       489.6605
 1-4 NB =       167.8275  1-4 EEL =      -341.2092  VDWAALS    =      -325.3679
 EELEC  =     -1052.9777  EGB     =     -2185.1877  RESTRAINT  =         0.0000
 ------------------------------------------------------------------------------


 NSTEP =    59300   TIME(PS) =      59.300  TEMP(K) =   296.36  PRESS =     0.0
 Etot   =     -2068.7741  EKtot   =       563.5924  EPtot      =     -2632.3665
 BOND   =       248.2089  ANGLE   =       368.9389  DIHED      =       501.3649
 1-4 NB =       152.9388  1-4 EEL =      -367.7064  VDWAALS    =      -310.9603
 EELEC  =     -1048.5828  EGB     =     -2176.5685  RESTRAINT  =         0.0000
 ------------------------------------------------------------------------------


 NSTEP =    59400   TIME(PS) =      59.400  TEMP(K) =   310.21  PRESS =     0.0
 Etot   =     -2082.3532  EKtot   =       589.9457  EPtot      =     -2672.2989
 BOND   =       226.7319  ANGLE   =       330.0790  DIHED      =       492.5333
 1-4 NB =       160.4982  1-4 EEL =      -321.5493  VDWAALS    =      -312.6186
 EELEC  =      -719.1467  EGB     =     -2528.8266  RESTRAINT  =         0.0000
 ------------------------------------------------------------------------------


 NSTEP =    59500   TIME(PS) =      59.500  TEMP(K) =   292.54  PRESS =     0.0
 Etot   =     -2097.0575  EKtot   =       556.3390  EPtot      =     -2653.3965
 BOND   =       229.1696  ANGLE   =       367.0580  DIHED      =       492.7196
 1-4 NB =       158.0194  1-4 EEL =      -330.0876  VDWAALS    =      -316.0656
 EELEC  =      -986.2414  EGB     =     -2267.9685  RESTRAINT  =         0.0000
 ------------------------------------------------------------------------------


 NSTEP =    59600   TIME(PS) =      59.600  TEMP(K) =   301.05  PRESS =     0.0
 Etot   =     -2122.5429  EKtot   =       572.5107  EPtot      =     -2695.0535
 BOND   =       221.9492  ANGLE   =       342.2991  DIHED      =       489.6099
 1-4 NB =       161.7633  1-4 EEL =      -332.2516  VDWAALS    =      -315.2598
 EELEC  =     -1227.7570  EGB     =     -2035.4066  RESTRAINT  =         0.0000
 ------------------------------------------------------------------------------


 NSTEP =    59700   TIME(PS) =      59.700  TEMP(K) =   288.84  PRESS =     0.0
 Etot   =     -2129.9263  EKtot   =       549.3020  EPtot      =     -2679.2283
 BOND   =       245.2619  ANGLE   =       347.3467  DIHED      =       481.1781
 1-4 NB =       152.0752  1-4 EEL =      -324.8446  VDWAALS    =      -308.4559
 EELEC  =      -987.0220  EGB     =     -2284.7676  RESTRAINT  =         0.0000
 ------------------------------------------------------------------------------


 NSTEP =    59800   TIME(PS) =      59.800  TEMP(K) =   294.71  PRESS =     0.0
 Etot   =     -2134.5402  EKtot   =       560.4570  EPtot      =     -2694.9972
 BOND   =       229.9509  ANGLE   =       344.6913  DIHED      =       491.9625
 1-4 NB =       148.9297  1-4 EEL =      -351.2649  VDWAALS    =      -314.5634
 EELEC  =      -966.7523  EGB     =     -2277.9511  RESTRAINT  =         0.0000
 ------------------------------------------------------------------------------


 NSTEP =    59900   TIME(PS) =      59.900  TEMP(K) =   292.41  PRESS =     0.0
 Etot   =     -2160.8027  EKtot   =       556.0922  EPtot      =     -2716.8948
 BOND   =       220.0544  ANGLE   =       337.7967  DIHED      =       480.2626
 1-4 NB =       160.5920  1-4 EEL =      -347.2873  VDWAALS    =      -311.6887
 EELEC  =     -1205.3951  EGB     =     -2051.2294  RESTRAINT  =         0.0000
 ------------------------------------------------------------------------------

| RE_POSITION Moving by  -0.480808  0.157744  0.289414

 NSTEP =    60000   TIME(PS) =      60.000  TEMP(K) =   296.57  PRESS =     0.0
 Etot   =     -2144.2291  EKtot   =       564.0037  EPtot      =     -2708.2328
 BOND   =       223.1232  ANGLE   =       332.6833  DIHED      =       476.9250
 1-4 NB =       157.5386  1-4 EEL =      -341.3886  VDWAALS    =      -315.3226
 EELEC  =     -1048.5995  EGB     =     -2193.1922  RESTRAINT  =         0.0000
 ------------------------------------------------------------------------------


 NSTEP =    60100   TIME(PS) =      60.100  TEMP(K) =   299.34  PRESS =     0.0
 Etot   =     -2126.7532  EKtot   =       569.2617  EPtot      =     -2696.0149
 BOND   =       222.1577  ANGLE   =       325.3299  DIHED      =       489.4403
 1-4 NB =       159.5322  1-4 EEL =      -330.0658  VDWAALS    =      -315.7664
 EELEC  =      -843.1598  EGB     =     -2403.4831  RESTRAINT  =         0.0000
 ------------------------------------------------------------------------------


 NSTEP =    60200   TIME(PS) =      60.200  TEMP(K) =   310.82  PRESS =     0.0
 Etot   =     -2096.1841  EKtot   =       591.0928  EPtot      =     -2687.2769
 BOND   =       229.9597  ANGLE   =       324.4061  DIHED      =       507.3807
 1-4 NB =       158.9376  1-4 EEL =      -335.5904  VDWAALS    =      -317.8579
 EELEC  =      -822.0443  EGB     =     -2432.4683  RESTRAINT  =         0.0000
 ------------------------------------------------------------------------------


 NSTEP =    60300   TIME(PS) =      60.300  TEMP(K) =   288.19  PRESS =     0.0
 Etot   =     -2106.0714  EKtot   =       548.0705  EPtot      =     -2654.1419
 BOND   =       229.3994  ANGLE   =       381.7820  DIHED      =       490.4259
 1-4 NB =       154.8900  1-4 EEL =      -357.0152  VDWAALS    =      -322.9469
 EELEC  =      -561.0328  EGB     =     -2669.6443  RESTRAINT  =         0.0000
 ------------------------------------------------------------------------------


 NSTEP =    60400   TIME(PS) =      60.400  TEMP(K) =   298.13  PRESS =     0.0
 Etot   =     -2127.7293  EKtot   =       566.9728  EPtot      =     -2694.7021
 BOND   =       215.0045  ANGLE   =       345.0101  DIHED      =       496.2979
 1-4 NB =       158.0662  1-4 EEL =      -344.0510  VDWAALS    =      -316.4394
 EELEC  =      -935.0779  EGB     =     -2313.5125  RESTRAINT  =         0.0000
 ------------------------------------------------------------------------------


 NSTEP =    60500   TIME(PS) =      60.500  TEMP(K) =   282.68  PRESS =     0.0
 Etot   =     -2137.9393  EKtot   =       537.5886  EPtot      =     -2675.5279
 BOND   =       234.1567  ANGLE   =       342.8893  DIHED      =       498.9146
 1-4 NB =       151.8362  1-4 EEL =      -344.5198  VDWAALS    =      -315.9601
 EELEC  =      -910.5956  EGB     =     -2332.2491  RESTRAINT  =         0.0000
 ------------------------------------------------------------------------------


 NSTEP =    60600   TIME(PS) =      60.600  TEMP(K) =   291.41  PRESS =     0.0
 Etot   =     -2128.1285  EKtot   =       554.1790  EPtot      =     -2682.3075
 BOND   =       228.8120  ANGLE   =       357.1875  DIHED      =       494.6632
 1-4 NB =       156.5554  1-4 EEL =      -341.7981  VDWAALS    =      -330.7897
 EELEC  =     -1280.4567  EGB     =     -1966.4811  RESTRAINT  =         0.0000
 ------------------------------------------------------------------------------


 NSTEP =    60700   TIME(PS) =      60.700  TEMP(K) =   291.63  PRESS =     0.0
 Etot   =     -2150.2358  EKtot   =       554.5959  EPtot      =     -2704.8317
 BOND   =       218.8031  ANGLE   =       340.9788  DIHED      =       479.1525
 1-4 NB =       161.3227  1-4 EEL =      -332.6314  VDWAALS    =      -328.9823
 EELEC  =      -995.0701  EGB     =     -2248.4051  RESTRAINT  =         0.0000
 ------------------------------------------------------------------------------


 NSTEP =    60800   TIME(PS) =      60.800  TEMP(K) =   299.55  PRESS =     0.0
 Etot   =     -2151.7081  EKtot   =       569.6746  EPtot      =     -2721.3828
 BOND   =       228.8984  ANGLE   =       346.6121  DIHED      =       481.1177
 1-4 NB =       154.9577  1-4 EEL =      -366.7065  VDWAALS    =      -328.2389
 EELEC  =     -1271.1850  EGB     =     -1966.8383  RESTRAINT  =         0.0000
 ------------------------------------------------------------------------------


 NSTEP =    60900   TIME(PS) =      60.900  TEMP(K) =   287.07  PRESS =     0.0
 Etot   =     -2148.1425  EKtot   =       545.9406  EPtot      =     -2694.0832
 BOND   =       243.3688  ANGLE   =       340.5088  DIHED      =       480.8715
 1-4 NB =       159.4251  1-4 EEL =      -356.3983  VDWAALS    =      -315.5341
 EELEC  =     -1417.4755  EGB     =     -1828.8495  RESTRAINT  =         0.0000
 ------------------------------------------------------------------------------

| RE_POSITION Moving by  -0.060195  0.135583  0.853355

 NSTEP =    61000   TIME(PS) =      61.000  TEMP(K) =   288.95  PRESS =     0.0
 Etot   =     -2131.5517  EKtot   =       549.5145  EPtot      =     -2681.0662
 BOND   =       244.2770  ANGLE   =       353.1845  DIHED      =       491.7398
 1-4 NB =       159.0293  1-4 EEL =      -345.8412  VDWAALS    =      -325.3624
 EELEC  =     -1236.8612  EGB     =     -2021.2320  RESTRAINT  =         0.0000
 ------------------------------------------------------------------------------


 NSTEP =    61100   TIME(PS) =      61.100  TEMP(K) =   294.10  PRESS =     0.0
 Etot   =     -2122.2772  EKtot   =       559.2969  EPtot      =     -2681.5741
 BOND   =       232.6562  ANGLE   =       336.2365  DIHED      =       495.3768
 1-4 NB =       159.0397  1-4 EEL =      -329.5601  VDWAALS    =      -325.8431
 EELEC  =     -1048.7356  EGB     =     -2200.7445  RESTRAINT  =         0.0000
 ------------------------------------------------------------------------------


 NSTEP =    61200   TIME(PS) =      61.200  TEMP(K) =   306.37  PRESS =     0.0
 Etot   =     -2107.7863  EKtot   =       582.6432  EPtot      =     -2690.4296
 BOND   =       233.8869  ANGLE   =       354.8443  DIHED      =       484.6724
 1-4 NB =       155.3942  1-4 EEL =      -346.5775  VDWAALS    =      -323.1373
 EELEC  =      -872.3027  EGB     =     -2377.2098  RESTRAINT  =         0.0000
 ------------------------------------------------------------------------------


 NSTEP =    61300   TIME(PS) =      61.300  TEMP(K) =   298.73  PRESS =     0.0
 Etot   =     -2117.7717  EKtot   =       568.1159  EPtot      =     -2685.8876
 BOND   =       243.3219  ANGLE   =       338.3138  DIHED      =       487.8496
 1-4 NB =       153.6539  1-4 EEL =      -325.8034  VDWAALS    =      -324.6544
 EELEC  =     -1025.4877  EGB     =     -2233.0812  RESTRAINT  =         0.0000
 ------------------------------------------------------------------------------


 NSTEP =    61400   TIME(PS) =      61.400  TEMP(K) =   296.42  PRESS =     0.0
 Etot   =     -2106.5364  EKtot   =       563.7064  EPtot      =     -2670.2428
 BOND   =       222.8787  ANGLE   =       353.6649  DIHED      =       494.9554
 1-4 NB =       161.9933  1-4 EEL =      -355.1710  VDWAALS    =      -314.8960
 EELEC  =      -660.2117  EGB     =     -2573.4565  RESTRAINT  =         0.0000
 ------------------------------------------------------------------------------


 NSTEP =    61500   TIME(PS) =      61.500  TEMP(K) =   299.36  PRESS =     0.0
 Etot   =     -2109.0205  EKtot   =       569.3137  EPtot      =     -2678.3342
 BOND   =       236.6809  ANGLE   =       333.4749  DIHED      =       493.0713
 1-4 NB =       166.5855  1-4 EEL =      -364.9872  VDWAALS    =      -309.0381
 EELEC  =      -969.6986  EGB     =     -2264.4230  RESTRAINT  =         0.0000
 ------------------------------------------------------------------------------


 NSTEP =    61600   TIME(PS) =      61.600  TEMP(K) =   313.10  PRESS =     0.0
 Etot   =     -2111.7900  EKtot   =       595.4302  EPtot      =     -2707.2203
 BOND   =       234.5560  ANGLE   =       346.5336  DIHED      =       491.2666
 1-4 NB =       147.6425  1-4 EEL =      -364.6449  VDWAALS    =      -326.2046
 EELEC  =     -1127.0645  EGB     =     -2109.3050  RESTRAINT  =         0.0000
 ------------------------------------------------------------------------------


 NSTEP =    61700   TIME(PS) =      61.700  TEMP(K) =   287.09  PRESS =     0.0
 Etot   =     -2124.5709  EKtot   =       545.9741  EPtot      =     -2670.5450
 BOND   =       245.0647  ANGLE   =       328.8778  DIHED      =       498.7008
 1-4 NB =       159.5660  1-4 EEL =      -332.6602  VDWAALS    =      -318.8972
 EELEC  =     -1043.1415  EGB     =     -2208.0555  RESTRAINT  =         0.0000
 ------------------------------------------------------------------------------


 NSTEP =    61800   TIME(PS) =      61.800  TEMP(K) =   292.78  PRESS =     0.0
 Etot   =     -2112.5603  EKtot   =       556.7859  EPtot      =     -2669.3462
 BOND   =       242.5904  ANGLE   =       340.0468  DIHED      =       502.4718
 1-4 NB =       160.4973  1-4 EEL =      -339.6316  VDWAALS    =      -318.7975
 EELEC  =     -1364.9375  EGB     =     -1891.5860  RESTRAINT  =         0.0000
 ------------------------------------------------------------------------------


 NSTEP =    61900   TIME(PS) =      61.900  TEMP(K) =   302.40  PRESS =     0.0
 Etot   =     -2112.0166  EKtot   =       575.0842  EPtot      =     -2687.1007
 BOND   =       222.1479  ANGLE   =       348.1581  DIHED      =       502.1513
 1-4 NB =       160.9367  1-4 EEL =      -342.2031  VDWAALS    =      -328.7582
 EELEC  =      -979.6012  EGB     =     -2269.9323  RESTRAINT  =         0.0000
 ------------------------------------------------------------------------------

| RE_POSITION Moving by  -0.190693 -0.372542  0.053765

 NSTEP =    62000   TIME(PS) =      62.000  TEMP(K) =   307.59  PRESS =     0.0
 Etot   =     -2116.8791  EKtot   =       584.9491  EPtot      =     -2701.8282
 BOND   =       226.4110  ANGLE   =       353.4050  DIHED      =       485.0417
 1-4 NB =       156.6362  1-4 EEL =      -353.0253  VDWAALS    =      -324.7111
 EELEC  =     -1222.8665  EGB     =     -2022.7192  RESTRAINT  =         0.0000
 ------------------------------------------------------------------------------


 NSTEP =    62100   TIME(PS) =      62.100  TEMP(K) =   299.91  PRESS =     0.0
 Etot   =     -2131.4948  EKtot   =       570.3439  EPtot      =     -2701.8386
 BOND   =       228.9977  ANGLE   =       325.3568  DIHED      =       497.8894
 1-4 NB =       153.9062  1-4 EEL =      -345.1204  VDWAALS    =      -330.9274
 EELEC  =     -1138.2282  EGB     =     -2093.7128  RESTRAINT  =         0.0000
 ------------------------------------------------------------------------------


 NSTEP =    62200   TIME(PS) =      62.200  TEMP(K) =   294.17  PRESS =     0.0
 Etot   =     -2119.7241  EKtot   =       559.4326  EPtot      =     -2679.1568
 BOND   =       215.4480  ANGLE   =       353.3352  DIHED      =       520.1918
 1-4 NB =       151.5833  1-4 EEL =      -345.7497  VDWAALS    =      -329.5909
 EELEC  =     -1195.3894  EGB     =     -2048.9852  RESTRAINT  =         0.0000
 ------------------------------------------------------------------------------


 NSTEP =    62300   TIME(PS) =      62.300  TEMP(K) =   300.07  PRESS =     0.0
 Etot   =     -2112.1624  EKtot   =       570.6645  EPtot      =     -2682.8270
 BOND   =       202.8562  ANGLE   =       361.9343  DIHED      =       503.9045
 1-4 NB =       166.5640  1-4 EEL =      -348.7951  VDWAALS    =      -332.1839
 EELEC  =     -1028.9834  EGB     =     -2208.1236  RESTRAINT  =         0.0000
 ------------------------------------------------------------------------------


 NSTEP =    62400   TIME(PS) =      62.400  TEMP(K) =   301.21  PRESS =     0.0
 Etot   =     -2107.6958  EKtot   =       572.8272  EPtot      =     -2680.5231
 BOND   =       245.8046  ANGLE   =       350.3932  DIHED      =       502.7498
 1-4 NB =       146.1823  1-4 EEL =      -341.6677  VDWAALS    =      -335.4162
 EELEC  =     -1328.6842  EGB     =     -1919.8849  RESTRAINT  =         0.0000
 ------------------------------------------------------------------------------


 NSTEP =    62500   TIME(PS) =      62.500  TEMP(K) =   297.75  PRESS =     0.0
 Etot   =     -2123.4901  EKtot   =       566.2398  EPtot      =     -2689.7299
 BOND   =       226.6509  ANGLE   =       355.4715  DIHED      =       496.1633
 1-4 NB =       157.9035  1-4 EEL =      -358.7739  VDWAALS    =      -333.8115
 EELEC  =     -1279.7059  EGB     =     -1953.6278  RESTRAINT  =         0.0000
 ------------------------------------------------------------------------------


 NSTEP =    62600   TIME(PS) =      62.600  TEMP(K) =   306.72  PRESS =     0.0
 Etot   =     -2121.4510  EKtot   =       583.3087  EPtot      =     -2704.7597
 BOND   =       218.4633  ANGLE   =       313.4317  DIHED      =       522.3787
 1-4 NB =       160.9722  1-4 EEL =      -337.2438  VDWAALS    =      -337.0679
 EELEC  =     -1363.6432  EGB     =     -1882.0508  RESTRAINT  =         0.0000
 ------------------------------------------------------------------------------


 NSTEP =    62700   TIME(PS) =      62.700  TEMP(K) =   300.49  PRESS =     0.0
 Etot   =     -2105.8930  EKtot   =       571.4475  EPtot      =     -2677.3405
 BOND   =       211.6741  ANGLE   =       346.4606  DIHED      =       512.1139
 1-4 NB =       163.2563  1-4 EEL =      -340.3524  VDWAALS    =      -327.9589
 EELEC  =     -1041.0605  EGB     =     -2201.4737  RESTRAINT  =         0.0000
 ------------------------------------------------------------------------------


 NSTEP =    62800   TIME(PS) =      62.800  TEMP(K) =   313.33  PRESS =     0.0
 Etot   =     -2104.3186  EKtot   =       595.8757  EPtot      =     -2700.1943
 BOND   =       219.9095  ANGLE   =       319.2906  DIHED      =       513.5480
 1-4 NB =       157.2678  1-4 EEL =      -339.8188  VDWAALS    =      -329.7843
 EELEC  =     -1063.6022  EGB     =     -2177.0048  RESTRAINT  =         0.0000
 ------------------------------------------------------------------------------


 NSTEP =    62900   TIME(PS) =      62.900  TEMP(K) =   301.94  PRESS =     0.0
 Etot   =     -2091.3500  EKtot   =       574.2057  EPtot      =     -2665.5557
 BOND   =       233.6282  ANGLE   =       349.1555  DIHED      =       523.8275
 1-4 NB =       155.9054  1-4 EEL =      -343.0832  VDWAALS    =      -331.8083
 EELEC  =      -879.9670  EGB     =     -2373.2137  RESTRAINT  =         0.0000
 ------------------------------------------------------------------------------

| RE_POSITION Moving by  -0.383947  0.321649  1.392050

 NSTEP =    63000   TIME(PS) =      63.000  TEMP(K) =   296.30  PRESS =     0.0
 Etot   =     -2108.7235  EKtot   =       563.4862  EPtot      =     -2672.2096
 BOND   =       227.7897  ANGLE   =       358.5044  DIHED      =       514.9959
 1-4 NB =       154.7947  1-4 EEL =      -359.1976  VDWAALS    =      -332.3157
 EELEC  =      -964.6459  EGB     =     -2272.1352  RESTRAINT  =         0.0000
 ------------------------------------------------------------------------------


 NSTEP =    63100   TIME(PS) =      63.100  TEMP(K) =   307.08  PRESS =     0.0
 Etot   =     -2126.1451  EKtot   =       583.9850  EPtot      =     -2710.1301
 BOND   =       191.9954  ANGLE   =       355.1018  DIHED      =       499.8562
 1-4 NB =       159.5137  1-4 EEL =      -351.3521  VDWAALS    =      -333.5295
 EELEC  =     -1093.6612  EGB     =     -2138.0544  RESTRAINT  =         0.0000
 ------------------------------------------------------------------------------


 NSTEP =    63200   TIME(PS) =      63.200  TEMP(K) =   301.35  PRESS =     0.0
 Etot   =     -2121.7001  EKtot   =       573.0961  EPtot      =     -2694.7962
 BOND   =       211.7672  ANGLE   =       314.3489  DIHED      =       515.1006
 1-4 NB =       158.0016  1-4 EEL =      -333.7088  VDWAALS    =      -313.8865
 EELEC  =      -974.6873  EGB     =     -2271.7317  RESTRAINT  =         0.0000
 ------------------------------------------------------------------------------


 NSTEP =    63300   TIME(PS) =      63.300  TEMP(K) =   297.61  PRESS =     0.0
 Etot   =     -2122.8172  EKtot   =       565.9828  EPtot      =     -2688.8000
 BOND   =       243.4782  ANGLE   =       315.1292  DIHED      =       523.2882
 1-4 NB =       152.4602  1-4 EEL =      -346.4605  VDWAALS    =      -324.1288
 EELEC  =     -1248.6643  EGB     =     -2003.9022  RESTRAINT  =         0.0000
 ------------------------------------------------------------------------------


 NSTEP =    63400   TIME(PS) =      63.400  TEMP(K) =   293.59  PRESS =     0.0
 Etot   =     -2121.7556  EKtot   =       558.3270  EPtot      =     -2680.0826
 BOND   =       204.5825  ANGLE   =       347.6904  DIHED      =       516.7575
 1-4 NB =       164.6460  1-4 EEL =      -348.8293  VDWAALS    =      -332.5301
 EELEC  =     -1190.3822  EGB     =     -2042.0175  RESTRAINT  =         0.0000
 ------------------------------------------------------------------------------


 NSTEP =    63500   TIME(PS) =      63.500  TEMP(K) =   293.94  PRESS =     0.0
 Etot   =     -2109.6798  EKtot   =       559.0031  EPtot      =     -2668.6829
 BOND   =       240.2037  ANGLE   =       338.6152  DIHED      =       514.6247
 1-4 NB =       151.1869  1-4 EEL =      -345.9502  VDWAALS    =      -330.5658
 EELEC  =     -1013.7007  EGB     =     -2223.0966  RESTRAINT  =         0.0000
 ------------------------------------------------------------------------------


 NSTEP =    63600   TIME(PS) =      63.600  TEMP(K) =   304.47  PRESS =     0.0
 Etot   =     -2105.8969  EKtot   =       579.0320  EPtot      =     -2684.9290
 BOND   =       218.3087  ANGLE   =       341.2228  DIHED      =       512.1721
 1-4 NB =       152.2224  1-4 EEL =      -340.2214  VDWAALS    =      -320.8315
 EELEC  =     -1173.5100  EGB     =     -2074.2919  RESTRAINT  =         0.0000
 ------------------------------------------------------------------------------


 NSTEP =    63700   TIME(PS) =      63.700  TEMP(K) =   304.46  PRESS =     0.0
 Etot   =     -2107.8608  EKtot   =       579.0064  EPtot      =     -2686.8672
 BOND   =       204.1457  ANGLE   =       333.9771  DIHED      =       526.3465
 1-4 NB =       158.6426  1-4 EEL =      -329.9664  VDWAALS    =      -319.9842
 EELEC  =     -1155.6672  EGB     =     -2104.3613  RESTRAINT  =         0.0000
 ------------------------------------------------------------------------------


 NSTEP =    63800   TIME(PS) =      63.800  TEMP(K) =   302.72  PRESS =     0.0
 Etot   =     -2107.0313  EKtot   =       575.6907  EPtot      =     -2682.7220
 BOND   =       219.1679  ANGLE   =       345.1355  DIHED      =       524.9791
 1-4 NB =       145.6124  1-4 EEL =      -348.4653  VDWAALS    =      -323.0462
 EELEC  =     -1370.3693  EGB     =     -1875.7361  RESTRAINT  =         0.0000
 ------------------------------------------------------------------------------


 NSTEP =    63900   TIME(PS) =      63.900  TEMP(K) =   297.99  PRESS =     0.0
 Etot   =     -2094.0358  EKtot   =       566.7010  EPtot      =     -2660.7368
 BOND   =       241.4730  ANGLE   =       341.9464  DIHED      =       505.3556
 1-4 NB =       156.1096  1-4 EEL =      -329.6664  VDWAALS    =      -330.2858
 EELEC  =     -1079.2077  EGB     =     -2166.4616  RESTRAINT  =         0.0000
 ------------------------------------------------------------------------------

| RE_POSITION Moving by  -0.738015  0.359213  0.642402

 NSTEP =    64000   TIME(PS) =      64.000  TEMP(K) =   294.12  PRESS =     0.0
 Etot   =     -2119.1023  EKtot   =       559.3436  EPtot      =     -2678.4458
 BOND   =       220.1105  ANGLE   =       339.1883  DIHED      =       510.8027
 1-4 NB =       158.6085  1-4 EEL =      -336.0229  VDWAALS    =      -328.3102
 EELEC  =     -1220.5465  EGB     =     -2022.2763  RESTRAINT  =         0.0000
 ------------------------------------------------------------------------------


 NSTEP =    64100   TIME(PS) =      64.100  TEMP(K) =   302.77  PRESS =     0.0
 Etot   =     -2111.4887  EKtot   =       575.7891  EPtot      =     -2687.2778
 BOND   =       234.3164  ANGLE   =       330.3309  DIHED      =       491.9154
 1-4 NB =       155.2554  1-4 EEL =      -333.8484  VDWAALS    =      -330.1051
 EELEC  =     -1206.8573  EGB     =     -2028.2851  RESTRAINT  =         0.0000
 ------------------------------------------------------------------------------


 NSTEP =    64200   TIME(PS) =      64.200  TEMP(K) =   303.60  PRESS =     0.0
 Etot   =     -2104.0736  EKtot   =       577.3606  EPtot      =     -2681.4343
 BOND   =       231.2308  ANGLE   =       337.0869  DIHED      =       506.4421
 1-4 NB =       151.3857  1-4 EEL =      -332.4261  VDWAALS    =      -337.9968
 EELEC  =     -1165.3816  EGB     =     -2071.7751  RESTRAINT  =         0.0000
 ------------------------------------------------------------------------------


 NSTEP =    64300   TIME(PS) =      64.300  TEMP(K) =   306.64  PRESS =     0.0
 Etot   =     -2100.6419  EKtot   =       583.1535  EPtot      =     -2683.7955
 BOND   =       236.2447  ANGLE   =       326.0312  DIHED      =       518.1084
 1-4 NB =       160.7095  1-4 EEL =      -339.4745  VDWAALS    =      -336.0497
 EELEC  =      -975.7517  EGB     =     -2273.6134  RESTRAINT  =         0.0000
 ------------------------------------------------------------------------------


 NSTEP =    64400   TIME(PS) =      64.400  TEMP(K) =   303.51  PRESS =     0.0
 Etot   =     -2105.2650  EKtot   =       577.1998  EPtot      =     -2682.4648
 BOND   =       205.7456  ANGLE   =       361.9315  DIHED      =       504.0237
 1-4 NB =       166.4549  1-4 EEL =      -336.3986  VDWAALS    =      -327.5993
 EELEC  =     -1118.7837  EGB     =     -2137.8387  RESTRAINT  =         0.0000
 ------------------------------------------------------------------------------


 NSTEP =    64500   TIME(PS) =      64.500  TEMP(K) =   305.59  PRESS =     0.0
 Etot   =     -2093.2114  EKtot   =       581.1502  EPtot      =     -2674.3616
 BOND   =       232.2841  ANGLE   =       361.8237  DIHED      =       491.3021
 1-4 NB =       155.7537  1-4 EEL =      -353.4971  VDWAALS    =      -329.4713
 EELEC  =     -1120.4892  EGB     =     -2112.0677  RESTRAINT  =         0.0000
 ------------------------------------------------------------------------------


 NSTEP =    64600   TIME(PS) =      64.600  TEMP(K) =   300.18  PRESS =     0.0
 Etot   =     -2088.0641  EKtot   =       570.8663  EPtot      =     -2658.9305
 BOND   =       248.2565  ANGLE   =       346.6283  DIHED      =       505.2149
 1-4 NB =       159.6781  1-4 EEL =      -347.3938  VDWAALS    =      -329.6129
 EELEC  =     -1285.4786  EGB     =     -1956.2230  RESTRAINT  =         0.0000
 ------------------------------------------------------------------------------


 NSTEP =    64700   TIME(PS) =      64.700  TEMP(K) =   314.51  PRESS =     0.0
 Etot   =     -2081.4538  EKtot   =       598.1177  EPtot      =     -2679.5714
 BOND   =       222.0075  ANGLE   =       357.9586  DIHED      =       499.1253
 1-4 NB =       160.5771  1-4 EEL =      -328.4308  VDWAALS    =      -331.9522
 EELEC  =     -1494.5102  EGB     =     -1764.3467  RESTRAINT  =         0.0000
 ------------------------------------------------------------------------------


 NSTEP =    64800   TIME(PS) =      64.800  TEMP(K) =   315.46  PRESS =     0.0
 Etot   =     -2069.5288  EKtot   =       599.9318  EPtot      =     -2669.4606
 BOND   =       229.5849  ANGLE   =       366.3251  DIHED      =       505.0406
 1-4 NB =       159.6074  1-4 EEL =      -345.6132  VDWAALS    =      -330.8779
 EELEC  =     -1620.1718  EGB     =     -1633.3557  RESTRAINT  =         0.0000
 ------------------------------------------------------------------------------


 NSTEP =    64900   TIME(PS) =      64.900  TEMP(K) =   304.95  PRESS =     0.0
 Etot   =     -2069.7846  EKtot   =       579.9275  EPtot      =     -2649.7122
 BOND   =       232.3281  ANGLE   =       380.5581  DIHED      =       506.9496
 1-4 NB =       158.7258  1-4 EEL =      -346.2760  VDWAALS    =      -332.0606
 EELEC  =     -1214.3286  EGB     =     -2035.6084  RESTRAINT  =         0.0000
 ------------------------------------------------------------------------------

| RE_POSITION Moving by   0.222711  0.175443 -0.899576

 NSTEP =    65000   TIME(PS) =      65.000  TEMP(K) =   312.97  PRESS =     0.0
 Etot   =     -2084.1481  EKtot   =       595.1920  EPtot      =     -2679.3402
 BOND   =       242.9669  ANGLE   =       340.8971  DIHED      =       501.5403
 1-4 NB =       157.6521  1-4 EEL =      -346.9320  VDWAALS    =      -320.3030
 EELEC  =     -1039.3981  EGB     =     -2215.7634  RESTRAINT  =         0.0000
 ------------------------------------------------------------------------------


 NSTEP =    65100   TIME(PS) =      65.100  TEMP(K) =   316.13  PRESS =     0.0
 Etot   =     -2088.9755  EKtot   =       601.1910  EPtot      =     -2690.1665
 BOND   =       227.0671  ANGLE   =       339.8687  DIHED      =       499.9801
 1-4 NB =       158.5319  1-4 EEL =      -332.0884  VDWAALS    =      -320.1540
 EELEC  =     -1370.6269  EGB     =     -1892.7450  RESTRAINT  =         0.0000
 ------------------------------------------------------------------------------


 NSTEP =    65200   TIME(PS) =      65.200  TEMP(K) =   328.59  PRESS =     0.0
 Etot   =     -2090.6840  EKtot   =       624.8888  EPtot      =     -2715.5728
 BOND   =       213.3790  ANGLE   =       334.7761  DIHED      =       511.2780
 1-4 NB =       161.1699  1-4 EEL =      -363.8429  VDWAALS    =      -330.2955
 EELEC  =     -1268.2683  EGB     =     -1973.7691  RESTRAINT  =         0.0000
 ------------------------------------------------------------------------------


 NSTEP =    65300   TIME(PS) =      65.300  TEMP(K) =   300.81  PRESS =     0.0
 Etot   =     -2077.8802  EKtot   =       572.0673  EPtot      =     -2649.9474
 BOND   =       241.3964  ANGLE   =       378.4461  DIHED      =       508.8867
 1-4 NB =       156.7706  1-4 EEL =      -366.4217  VDWAALS    =      -328.3401
 EELEC  =     -1188.1873  EGB     =     -2052.4980  RESTRAINT  =         0.0000
 ------------------------------------------------------------------------------


 NSTEP =    65400   TIME(PS) =      65.400  TEMP(K) =   305.09  PRESS =     0.0
 Etot   =     -2083.4927  EKtot   =       580.2113  EPtot      =     -2663.7040
 BOND   =       240.3301  ANGLE   =       387.7435  DIHED      =       490.4786
 1-4 NB =       152.2727  1-4 EEL =      -372.5126  VDWAALS    =      -329.6032
 EELEC  =     -1089.7147  EGB     =     -2142.6984  RESTRAINT  =         0.0000
 ------------------------------------------------------------------------------


 NSTEP =    65500   TIME(PS) =      65.500  TEMP(K) =   313.56  PRESS =     0.0
 Etot   =     -2080.5605  EKtot   =       596.3041  EPtot      =     -2676.8647
 BOND   =       217.5586  ANGLE   =       349.3628  DIHED      =       501.5529
 1-4 NB =       165.2267  1-4 EEL =      -345.0034  VDWAALS    =      -325.0879
 EELEC  =      -764.9335  EGB     =     -2475.5407  RESTRAINT  =         0.0000
 ------------------------------------------------------------------------------


 NSTEP =    65600   TIME(PS) =      65.600  TEMP(K) =   311.88  PRESS =     0.0
 Etot   =     -2066.1827  EKtot   =       593.1156  EPtot      =     -2659.2982
 BOND   =       246.6975  ANGLE   =       363.4057  DIHED      =       502.7541
 1-4 NB =       154.6404  1-4 EEL =      -358.7716  VDWAALS    =      -323.8908
 EELEC  =     -1123.7329  EGB     =     -2120.4007  RESTRAINT  =         0.0000
 ------------------------------------------------------------------------------


 NSTEP =    65700   TIME(PS) =      65.700  TEMP(K) =   310.38  PRESS =     0.0
 Etot   =     -2061.2148  EKtot   =       590.2598  EPtot      =     -2651.4745
 BOND   =       233.4555  ANGLE   =       360.6006  DIHED      =       499.5123
 1-4 NB =       161.7112  1-4 EEL =      -333.7612  VDWAALS    =      -323.3813
 EELEC  =     -1152.7865  EGB     =     -2096.8252  RESTRAINT  =         0.0000
 ------------------------------------------------------------------------------


 NSTEP =    65800   TIME(PS) =      65.800  TEMP(K) =   304.80  PRESS =     0.0
 Etot   =     -2067.1398  EKtot   =       579.6510  EPtot      =     -2646.7908
 BOND   =       236.3695  ANGLE   =       373.3639  DIHED      =       504.9636
 1-4 NB =       152.8174  1-4 EEL =      -361.4215  VDWAALS    =      -321.2377
 EELEC  =      -859.8906  EGB     =     -2371.7553  RESTRAINT  =         0.0000
 ------------------------------------------------------------------------------


 NSTEP =    65900   TIME(PS) =      65.900  TEMP(K) =   308.16  PRESS =     0.0
 Etot   =     -2070.4722  EKtot   =       586.0328  EPtot      =     -2656.5050
 BOND   =       241.3549  ANGLE   =       341.7962  DIHED      =       502.5805
 1-4 NB =       166.4808  1-4 EEL =      -343.1940  VDWAALS    =      -314.9461
 EELEC  =     -1311.1402  EGB     =     -1939.4372  RESTRAINT  =         0.0000
 ------------------------------------------------------------------------------

| RE_POSITION Moving by   0.692282 -0.101139 -0.535389

 NSTEP =    66000   TIME(PS) =      66.000  TEMP(K) =   306.98  PRESS =     0.0
 Etot   =     -2060.8651  EKtot   =       583.7943  EPtot      =     -2644.6594
 BOND   =       239.9460  ANGLE   =       390.7194  DIHED      =       502.3217
 1-4 NB =       152.4854  1-4 EEL =      -365.9611  VDWAALS    =      -329.0688
 EELEC  =     -1095.7251  EGB     =     -2139.3769  RESTRAINT  =         0.0000
 ------------------------------------------------------------------------------


 NSTEP =    66100   TIME(PS) =      66.100  TEMP(K) =   315.69  PRESS =     0.0
 Etot   =     -2065.9456  EKtot   =       600.3704  EPtot      =     -2666.3160
 BOND   =       227.4289  ANGLE   =       335.2830  DIHED      =       504.2536
 1-4 NB =       158.6838  1-4 EEL =      -325.7548  VDWAALS    =      -314.9679
 EELEC  =     -1053.6936  EGB     =     -2197.5490  RESTRAINT  =         0.0000
 ------------------------------------------------------------------------------


 NSTEP =    66200   TIME(PS) =      66.200  TEMP(K) =   327.04  PRESS =     0.0
 Etot   =     -2044.6273  EKtot   =       621.9469  EPtot      =     -2666.5742
 BOND   =       226.1572  ANGLE   =       359.6180  DIHED      =       506.3038
 1-4 NB =       154.1065  1-4 EEL =      -359.8364  VDWAALS    =      -321.4513
 EELEC  =     -1038.6157  EGB     =     -2192.8563  RESTRAINT  =         0.0000
 ------------------------------------------------------------------------------


 NSTEP =    66300   TIME(PS) =      66.300  TEMP(K) =   315.11  PRESS =     0.0
 Etot   =     -2049.4255  EKtot   =       599.2594  EPtot      =     -2648.6849
 BOND   =       251.6457  ANGLE   =       356.6150  DIHED      =       496.8478
 1-4 NB =       160.2624  1-4 EEL =      -359.1389  VDWAALS    =      -312.6592
 EELEC  =     -1149.9564  EGB     =     -2092.3014  RESTRAINT  =         0.0000
 ------------------------------------------------------------------------------


 NSTEP =    66400   TIME(PS) =      66.400  TEMP(K) =   332.43  PRESS =     0.0
 Etot   =     -2021.0379  EKtot   =       632.1911  EPtot      =     -2653.2290
 BOND   =       230.1018  ANGLE   =       385.5325  DIHED      =       482.4899
 1-4 NB =       153.5860  1-4 EEL =      -342.0545  VDWAALS    =      -322.4735
 EELEC  =      -999.1223  EGB     =     -2241.2889  RESTRAINT  =         0.0000
 ------------------------------------------------------------------------------


 NSTEP =    66500   TIME(PS) =      66.500  TEMP(K) =   316.39  PRESS =     0.0
 Etot   =     -2039.6281  EKtot   =       601.6920  EPtot      =     -2641.3201
 BOND   =       254.8520  ANGLE   =       369.9671  DIHED      =       490.3710
 1-4 NB =       157.3797  1-4 EEL =      -346.3641  VDWAALS    =      -330.6297
 EELEC  =     -1011.7025  EGB     =     -2225.1936  RESTRAINT  =         0.0000
 ------------------------------------------------------------------------------


 NSTEP =    66600   TIME(PS) =      66.600  TEMP(K) =   316.97  PRESS =     0.0
 Etot   =     -2037.8855  EKtot   =       602.7914  EPtot      =     -2640.6769
 BOND   =       250.5215  ANGLE   =       360.5378  DIHED      =       501.7682
 1-4 NB =       151.7747  1-4 EEL =      -324.0973  VDWAALS    =      -320.3189
 EELEC  =     -1011.3467  EGB     =     -2249.5162  RESTRAINT  =         0.0000
 ------------------------------------------------------------------------------


 NSTEP =    66700   TIME(PS) =      66.700  TEMP(K) =   313.33  PRESS =     0.0
 Etot   =     -2038.2685  EKtot   =       595.8637  EPtot      =     -2634.1322
 BOND   =       242.9911  ANGLE   =       351.5234  DIHED      =       505.9827
 1-4 NB =       161.5647  1-4 EEL =      -326.9201  VDWAALS    =      -311.4701
 EELEC  =     -1390.8918  EGB     =     -1866.9121  RESTRAINT  =         0.0000
 ------------------------------------------------------------------------------


 NSTEP =    66800   TIME(PS) =      66.800  TEMP(K) =   316.92  PRESS =     0.0
 Etot   =     -2041.4946  EKtot   =       602.6908  EPtot      =     -2644.1854
 BOND   =       251.4919  ANGLE   =       350.3932  DIHED      =       496.9522
 1-4 NB =       157.1185  1-4 EEL =      -343.5999  VDWAALS    =      -319.2830
 EELEC  =      -932.1294  EGB     =     -2305.1289  RESTRAINT  =         0.0000
 ------------------------------------------------------------------------------


 NSTEP =    66900   TIME(PS) =      66.900  TEMP(K) =   309.46  PRESS =     0.0
 Etot   =     -2044.0174  EKtot   =       588.5116  EPtot      =     -2632.5289
 BOND   =       271.0885  ANGLE   =       355.2127  DIHED      =       497.0174
 1-4 NB =       152.7624  1-4 EEL =      -339.4123  VDWAALS    =      -320.6754
 EELEC  =     -1176.7421  EGB     =     -2071.7802  RESTRAINT  =         0.0000
 ------------------------------------------------------------------------------

| RE_POSITION Moving by  -1.169578 -0.252927 -0.091691

 NSTEP =    67000   TIME(PS) =      67.000  TEMP(K) =   317.87  PRESS =     0.0
 Etot   =     -2070.1919  EKtot   =       604.5046  EPtot      =     -2674.6965
 BOND   =       231.4935  ANGLE   =       340.9044  DIHED      =       502.6806
 1-4 NB =       161.5534  1-4 EEL =      -335.0339  VDWAALS    =      -315.3829
 EELEC  =     -1001.8176  EGB     =     -2259.0940  RESTRAINT  =         0.0000
 ------------------------------------------------------------------------------


 NSTEP =    67100   TIME(PS) =      67.100  TEMP(K) =   318.27  PRESS =     0.0
 Etot   =     -2082.1521  EKtot   =       605.2716  EPtot      =     -2687.4236
 BOND   =       234.9277  ANGLE   =       335.7808  DIHED      =       502.3772
 1-4 NB =       155.1920  1-4 EEL =      -339.2157  VDWAALS    =      -321.6196
 EELEC  =      -967.8399  EGB     =     -2287.0261  RESTRAINT  =         0.0000
 ------------------------------------------------------------------------------


 NSTEP =    67200   TIME(PS) =      67.200  TEMP(K) =   302.19  PRESS =     0.0
 Etot   =     -2092.5277  EKtot   =       574.6784  EPtot      =     -2667.2061
 BOND   =       225.5433  ANGLE   =       344.3389  DIHED      =       499.6896
 1-4 NB =       163.4368  1-4 EEL =      -335.5761  VDWAALS    =      -322.5039
 EELEC  =      -697.7072  EGB     =     -2544.4276  RESTRAINT  =         0.0000
 ------------------------------------------------------------------------------


 NSTEP =    67300   TIME(PS) =      67.300  TEMP(K) =   295.98  PRESS =     0.0
 Etot   =     -2108.4823  EKtot   =       562.8721  EPtot      =     -2671.3544
 BOND   =       248.2275  ANGLE   =       344.3120  DIHED      =       498.7800
 1-4 NB =       149.1420  1-4 EEL =      -330.9844  VDWAALS    =      -316.9351
 EELEC  =     -1053.9746  EGB     =     -2209.9217  RESTRAINT  =         0.0000
 ------------------------------------------------------------------------------


 NSTEP =    67400   TIME(PS) =      67.400  TEMP(K) =   307.39  PRESS =     0.0
 Etot   =     -2112.5716  EKtot   =       584.5775  EPtot      =     -2697.1491
 BOND   =       235.4383  ANGLE   =       314.0807  DIHED      =       500.3856
 1-4 NB =       161.0334  1-4 EEL =      -335.7883  VDWAALS    =      -317.9711
 EELEC  =     -1183.7264  EGB     =     -2070.6013  RESTRAINT  =         0.0000
 ------------------------------------------------------------------------------


 NSTEP =    67500   TIME(PS) =      67.500  TEMP(K) =   291.71  PRESS =     0.0
 Etot   =     -2110.9449  EKtot   =       554.7524  EPtot      =     -2665.6973
 BOND   =       234.5918  ANGLE   =       332.9887  DIHED      =       508.2914
 1-4 NB =       161.7307  1-4 EEL =      -336.9296  VDWAALS    =      -316.6595
 EELEC  =     -1292.2698  EGB     =     -1957.4411  RESTRAINT  =         0.0000
 ------------------------------------------------------------------------------


 NSTEP =    67600   TIME(PS) =      67.600  TEMP(K) =   294.99  PRESS =     0.0
 Etot   =     -2112.3522  EKtot   =       561.0045  EPtot      =     -2673.3567
 BOND   =       224.8992  ANGLE   =       356.7490  DIHED      =       505.2398
 1-4 NB =       152.9961  1-4 EEL =      -358.1542  VDWAALS    =      -322.9822
 EELEC  =      -961.5356  EGB     =     -2270.5690  RESTRAINT  =         0.0000
 ------------------------------------------------------------------------------


 NSTEP =    67700   TIME(PS) =      67.700  TEMP(K) =   286.60  PRESS =     0.0
 Etot   =     -2117.9578  EKtot   =       545.0480  EPtot      =     -2663.0059
 BOND   =       241.3360  ANGLE   =       355.4765  DIHED      =       500.7519
 1-4 NB =       154.7102  1-4 EEL =      -354.9365  VDWAALS    =      -317.6880
 EELEC  =     -1102.9459  EGB     =     -2139.7101  RESTRAINT  =         0.0000
 ------------------------------------------------------------------------------


 NSTEP =    67800   TIME(PS) =      67.800  TEMP(K) =   289.16  PRESS =     0.0
 Etot   =     -2120.4017  EKtot   =       549.9057  EPtot      =     -2670.3074
 BOND   =       226.0328  ANGLE   =       359.1856  DIHED      =       510.4031
 1-4 NB =       153.1070  1-4 EEL =      -340.1711  VDWAALS    =      -322.7858
 EELEC  =     -1128.2449  EGB     =     -2127.8341  RESTRAINT  =         0.0000
 ------------------------------------------------------------------------------


 NSTEP =    67900   TIME(PS) =      67.900  TEMP(K) =   293.54  PRESS =     0.0
 Etot   =     -2118.3779  EKtot   =       558.2298  EPtot      =     -2676.6077
 BOND   =       238.1823  ANGLE   =       347.3060  DIHED      =       495.7735
 1-4 NB =       155.5490  1-4 EEL =      -333.8558  VDWAALS    =      -319.4434
 EELEC  =     -1065.6195  EGB     =     -2194.4997  RESTRAINT  =         0.0000
 ------------------------------------------------------------------------------

| RE_POSITION Moving by  -1.177423 -0.300541 -0.681143

 NSTEP =    68000   TIME(PS) =      68.000  TEMP(K) =   298.15  PRESS =     0.0
 Etot   =     -2120.0626  EKtot   =       566.9951  EPtot      =     -2687.0577
 BOND   =       204.0104  ANGLE   =       348.5427  DIHED      =       504.1526
 1-4 NB =       158.4807  1-4 EEL =      -342.9013  VDWAALS    =      -320.0973
 EELEC  =      -715.9522  EGB     =     -2523.2932  RESTRAINT  =         0.0000
 ------------------------------------------------------------------------------


 NSTEP =    68100   TIME(PS) =      68.100  TEMP(K) =   301.89  PRESS =     0.0
 Etot   =     -2098.1067  EKtot   =       574.1195  EPtot      =     -2672.2262
 BOND   =       219.1481  ANGLE   =       360.3755  DIHED      =       491.2914
 1-4 NB =       153.7068  1-4 EEL =      -333.9263  VDWAALS    =      -316.8714
 EELEC  =      -539.1716  EGB     =     -2706.7788  RESTRAINT  =         0.0000
 ------------------------------------------------------------------------------


 NSTEP =    68200   TIME(PS) =      68.200  TEMP(K) =   295.87  PRESS =     0.0
 Etot   =     -2113.0512  EKtot   =       562.6769  EPtot      =     -2675.7281
 BOND   =       216.9229  ANGLE   =       342.4262  DIHED      =       501.5251
 1-4 NB =       158.1538  1-4 EEL =      -338.7914  VDWAALS    =      -322.3616
 EELEC  =      -914.7119  EGB     =     -2318.8912  RESTRAINT  =         0.0000
 ------------------------------------------------------------------------------


 NSTEP =    68300   TIME(PS) =      68.300  TEMP(K) =   290.94  PRESS =     0.0
 Etot   =     -2112.7222  EKtot   =       553.2923  EPtot      =     -2666.0145
 BOND   =       236.6636  ANGLE   =       355.6005  DIHED      =       502.3548
 1-4 NB =       156.8649  1-4 EEL =      -359.6113  VDWAALS    =      -325.0873
 EELEC  =     -1024.7762  EGB     =     -2208.0234  RESTRAINT  =         0.0000
 ------------------------------------------------------------------------------


 NSTEP =    68400   TIME(PS) =      68.400  TEMP(K) =   305.48  PRESS =     0.0
 Etot   =     -2117.7540  EKtot   =       580.9407  EPtot      =     -2698.6947
 BOND   =       208.3666  ANGLE   =       353.7496  DIHED      =       498.1395
 1-4 NB =       153.9338  1-4 EEL =      -335.5492  VDWAALS    =      -328.5362
 EELEC  =     -1316.5116  EGB     =     -1932.2873  RESTRAINT  =         0.0000
 ------------------------------------------------------------------------------


 NSTEP =    68500   TIME(PS) =      68.500  TEMP(K) =   305.85  PRESS =     0.0
 Etot   =     -2110.7625  EKtot   =       581.6448  EPtot      =     -2692.4073
 BOND   =       222.9517  ANGLE   =       351.3105  DIHED      =       494.9518
 1-4 NB =       149.7259  1-4 EEL =      -338.1581  VDWAALS    =      -325.8613
 EELEC  =     -1187.5055  EGB     =     -2059.8223  RESTRAINT  =         0.0000
 ------------------------------------------------------------------------------


 NSTEP =    68600   TIME(PS) =      68.600  TEMP(K) =   302.59  PRESS =     0.0
 Etot   =     -2106.5909  EKtot   =       575.4555  EPtot      =     -2682.0464
 BOND   =       222.5766  ANGLE   =       336.9074  DIHED      =       497.6346
 1-4 NB =       157.0232  1-4 EEL =      -335.3607  VDWAALS    =      -315.8515
 EELEC  =     -1090.2732  EGB     =     -2154.7029  RESTRAINT  =         0.0000
 ------------------------------------------------------------------------------


 NSTEP =    68700   TIME(PS) =      68.700  TEMP(K) =   307.91  PRESS =     0.0
 Etot   =     -2100.0448  EKtot   =       585.5669  EPtot      =     -2685.6117
 BOND   =       211.2110  ANGLE   =       335.8673  DIHED      =       506.5838
 1-4 NB =       163.2856  1-4 EEL =      -348.4526  VDWAALS    =      -322.4212
 EELEC  =     -1245.1873  EGB     =     -1986.4983  RESTRAINT  =         0.0000
 ------------------------------------------------------------------------------


 NSTEP =    68800   TIME(PS) =      68.800  TEMP(K) =   300.01  PRESS =     0.0
 Etot   =     -2089.0269  EKtot   =       570.5338  EPtot      =     -2659.5606
 BOND   =       239.8156  ANGLE   =       359.6625  DIHED      =       509.0379
 1-4 NB =       154.4287  1-4 EEL =      -353.6189  VDWAALS    =      -328.5991
 EELEC  =     -1256.0671  EGB     =     -1984.2204  RESTRAINT  =         0.0000
 ------------------------------------------------------------------------------


 NSTEP =    68900   TIME(PS) =      68.900  TEMP(K) =   307.15  PRESS =     0.0
 Etot   =     -2076.9093  EKtot   =       584.1114  EPtot      =     -2661.0207
 BOND   =       260.0318  ANGLE   =       337.0693  DIHED      =       504.7330
 1-4 NB =       151.7870  1-4 EEL =      -342.7677  VDWAALS    =      -318.4156
 EELEC  =     -1094.8337  EGB     =     -2158.6246  RESTRAINT  =         0.0000
 ------------------------------------------------------------------------------

| RE_POSITION Moving by  -1.128875  0.341877 -1.561273

 NSTEP =    69000   TIME(PS) =      69.000  TEMP(K) =   315.46  PRESS =     0.0
 Etot   =     -2076.4107  EKtot   =       599.9217  EPtot      =     -2676.3324
 BOND   =       232.1361  ANGLE   =       339.1490  DIHED      =       507.1932
 1-4 NB =       153.2950  1-4 EEL =      -340.6403  VDWAALS    =      -313.3078
 EELEC  =     -1090.8417  EGB     =     -2163.3159  RESTRAINT  =         0.0000
 ------------------------------------------------------------------------------


 NSTEP =    69100   TIME(PS) =      69.100  TEMP(K) =   303.88  PRESS =     0.0
 Etot   =     -2082.5381  EKtot   =       577.9075  EPtot      =     -2660.4456
 BOND   =       219.6005  ANGLE   =       352.8689  DIHED      =       515.8540
 1-4 NB =       165.8444  1-4 EEL =      -359.5151  VDWAALS    =      -316.1244
 EELEC  =     -1188.8183  EGB     =     -2050.1556  RESTRAINT  =         0.0000
 ------------------------------------------------------------------------------


 NSTEP =    69200   TIME(PS) =      69.200  TEMP(K) =   297.30  PRESS =     0.0
 Etot   =     -2080.2091  EKtot   =       565.3833  EPtot      =     -2645.5923
 BOND   =       236.9094  ANGLE   =       368.5603  DIHED      =       495.1736
 1-4 NB =       158.5925  1-4 EEL =      -350.9727  VDWAALS    =      -317.0048
 EELEC  =     -1104.5607  EGB     =     -2132.2899  RESTRAINT  =         0.0000
 ------------------------------------------------------------------------------


 NSTEP =    69300   TIME(PS) =      69.300  TEMP(K) =   317.12  PRESS =     0.0
 Etot   =     -2076.6906  EKtot   =       603.0743  EPtot      =     -2679.7648
 BOND   =       240.0016  ANGLE   =       332.6197  DIHED      =       505.8520
 1-4 NB =       152.7776  1-4 EEL =      -354.2381  VDWAALS    =      -315.1041
 EELEC  =     -1006.3552  EGB     =     -2235.3183  RESTRAINT  =         0.0000
 ------------------------------------------------------------------------------


 NSTEP =    69400   TIME(PS) =      69.400  TEMP(K) =   324.98  PRESS =     0.0
 Etot   =     -2070.5692  EKtot   =       618.0329  EPtot      =     -2688.6021
 BOND   =       204.4394  ANGLE   =       334.8143  DIHED      =       514.6931
 1-4 NB =       158.5118  1-4 EEL =      -340.7071  VDWAALS    =      -321.9979
 EELEC  =      -978.1081  EGB     =     -2260.2477  RESTRAINT  =         0.0000
 ------------------------------------------------------------------------------


 NSTEP =    69500   TIME(PS) =      69.500  TEMP(K) =   311.62  PRESS =     0.0
 Etot   =     -2084.6718  EKtot   =       592.6304  EPtot      =     -2677.3022
 BOND   =       235.1248  ANGLE   =       330.4380  DIHED      =       501.7585
 1-4 NB =       169.6109  1-4 EEL =      -344.7034  VDWAALS    =      -318.9666
 EELEC  =     -1158.7812  EGB     =     -2091.7832  RESTRAINT  =         0.0000
 ------------------------------------------------------------------------------


 NSTEP =    69600   TIME(PS) =      69.600  TEMP(K) =   303.23  PRESS =     0.0
 Etot   =     -2074.9655  EKtot   =       576.6727  EPtot      =     -2651.6382
 BOND   =       230.7487  ANGLE   =       359.6646  DIHED      =       503.4122
 1-4 NB =       156.7353  1-4 EEL =      -321.2379  VDWAALS    =      -332.3111
 EELEC  =     -1068.2958  EGB     =     -2180.3541  RESTRAINT  =         0.0000
 ------------------------------------------------------------------------------


 NSTEP =    69700   TIME(PS) =      69.700  TEMP(K) =   311.98  PRESS =     0.0
 Etot   =     -2080.0493  EKtot   =       593.3099  EPtot      =     -2673.3592
 BOND   =       226.5559  ANGLE   =       348.7804  DIHED      =       506.7159
 1-4 NB =       156.0063  1-4 EEL =      -346.0865  VDWAALS    =      -326.8191
 EELEC  =      -678.5444  EGB     =     -2559.9677  RESTRAINT  =         0.0000
 ------------------------------------------------------------------------------


 NSTEP =    69800   TIME(PS) =      69.800  TEMP(K) =   323.00  PRESS =     0.0
 Etot   =     -2075.8520  EKtot   =       614.2579  EPtot      =     -2690.1099
 BOND   =       221.1218  ANGLE   =       349.4458  DIHED      =       503.6703
 1-4 NB =       154.2317  1-4 EEL =      -352.2367  VDWAALS    =      -331.0544
 EELEC  =      -833.5559  EGB     =     -2401.7324  RESTRAINT  =         0.0000
 ------------------------------------------------------------------------------


 NSTEP =    69900   TIME(PS) =      69.900  TEMP(K) =   309.09  PRESS =     0.0
 Etot   =     -2090.7538  EKtot   =       587.8015  EPtot      =     -2678.5553
 BOND   =       228.5461  ANGLE   =       357.9519  DIHED      =       500.6847
 1-4 NB =       155.7464  1-4 EEL =      -363.1191  VDWAALS    =      -330.2070
 EELEC  =      -959.4992  EGB     =     -2268.6591  RESTRAINT  =         0.0000
 ------------------------------------------------------------------------------

| RE_POSITION Moving by   0.379871  0.231113 -0.252429

 NSTEP =    70000   TIME(PS) =      70.000  TEMP(K) =   295.82  PRESS =     0.0
 Etot   =     -2098.1676  EKtot   =       562.5660  EPtot      =     -2660.7337
 BOND   =       240.8427  ANGLE   =       355.5436  DIHED      =       494.5514
 1-4 NB =       163.6903  1-4 EEL =      -356.8263  VDWAALS    =      -325.3702
 EELEC  =     -1027.5675  EGB     =     -2205.5976  RESTRAINT  =         0.0000
 ------------------------------------------------------------------------------


 NSTEP =    70100   TIME(PS) =      70.100  TEMP(K) =   307.39  PRESS =     0.0
 Etot   =     -2112.7650  EKtot   =       584.5687  EPtot      =     -2697.3337
 BOND   =       234.2147  ANGLE   =       343.3811  DIHED      =       495.5599
 1-4 NB =       151.1239  1-4 EEL =      -357.6792  VDWAALS    =      -325.0508
 EELEC  =     -1182.3845  EGB     =     -2056.4988  RESTRAINT  =         0.0000
 ------------------------------------------------------------------------------


 NSTEP =    70200   TIME(PS) =      70.200  TEMP(K) =   300.39  PRESS =     0.0
 Etot   =     -2104.2789  EKtot   =       571.2665  EPtot      =     -2675.5454
 BOND   =       232.2020  ANGLE   =       350.1837  DIHED      =       496.3178
 1-4 NB =       161.0353  1-4 EEL =      -346.7152  VDWAALS    =      -334.6510
 EELEC  =     -1186.5230  EGB     =     -2047.3951  RESTRAINT  =         0.0000
 ------------------------------------------------------------------------------


 NSTEP =    70300   TIME(PS) =      70.300  TEMP(K) =   315.17  PRESS =     0.0
 Etot   =     -2106.9024  EKtot   =       599.3749  EPtot      =     -2706.2773
 BOND   =       213.9383  ANGLE   =       335.9158  DIHED      =       506.2848
 1-4 NB =       159.2290  1-4 EEL =      -349.8077  VDWAALS    =      -330.1870
 EELEC  =     -1556.7721  EGB     =     -1684.8784  RESTRAINT  =         0.0000
 ------------------------------------------------------------------------------


 NSTEP =    70400   TIME(PS) =      70.400  TEMP(K) =   296.03  PRESS =     0.0
 Etot   =     -2099.7447  EKtot   =       562.9672  EPtot      =     -2662.7119
 BOND   =       235.7459  ANGLE   =       350.6788  DIHED      =       511.8519
 1-4 NB =       165.5690  1-4 EEL =      -346.1123  VDWAALS    =      -330.2980
 EELEC  =     -1282.5194  EGB     =     -1967.6278  RESTRAINT  =         0.0000
 ------------------------------------------------------------------------------


 NSTEP =    70500   TIME(PS) =      70.500  TEMP(K) =   307.39  PRESS =     0.0
 Etot   =     -2102.3599  EKtot   =       584.5695  EPtot      =     -2686.9294
 BOND   =       233.2659  ANGLE   =       342.0593  DIHED      =       500.4763
 1-4 NB =       168.5612  1-4 EEL =      -352.2276  VDWAALS    =      -333.3173
 EELEC  =     -1255.4271  EGB     =     -1990.3200  RESTRAINT  =         0.0000
 ------------------------------------------------------------------------------


 NSTEP =    70600   TIME(PS) =      70.600  TEMP(K) =   297.88  PRESS =     0.0
 Etot   =     -2081.2361  EKtot   =       566.4869  EPtot      =     -2647.7230
 BOND   =       244.6116  ANGLE   =       366.3527  DIHED      =       505.5255
 1-4 NB =       147.1892  1-4 EEL =      -342.9326  VDWAALS    =      -327.3739
 EELEC  =      -822.1251  EGB     =     -2418.9703  RESTRAINT  =         0.0000
 ------------------------------------------------------------------------------


 NSTEP =    70700   TIME(PS) =      70.700  TEMP(K) =   296.75  PRESS =     0.0
 Etot   =     -2089.3856  EKtot   =       564.3379  EPtot      =     -2653.7235
 BOND   =       229.9341  ANGLE   =       350.5225  DIHED      =       505.3351
 1-4 NB =       165.5749  1-4 EEL =      -336.6140  VDWAALS    =      -325.2427
 EELEC  =      -971.2207  EGB     =     -2272.0128  RESTRAINT  =         0.0000
 ------------------------------------------------------------------------------


 NSTEP =    70800   TIME(PS) =      70.800  TEMP(K) =   296.04  PRESS =     0.0
 Etot   =     -2082.7216  EKtot   =       562.9889  EPtot      =     -2645.7105
 BOND   =       244.9695  ANGLE   =       353.0846  DIHED      =       493.5474
 1-4 NB =       163.9745  1-4 EEL =      -349.0237  VDWAALS    =      -331.4865
 EELEC  =      -484.8024  EGB     =     -2735.9739  RESTRAINT  =         0.0000
 ------------------------------------------------------------------------------


 NSTEP =    70900   TIME(PS) =      70.900  TEMP(K) =   297.15  PRESS =     0.0
 Etot   =     -2110.5403  EKtot   =       565.1058  EPtot      =     -2675.6462
 BOND   =       232.4910  ANGLE   =       328.5891  DIHED      =       486.9206
 1-4 NB =       167.0593  1-4 EEL =      -333.0370  VDWAALS    =      -315.6077
 EELEC  =      -733.3091  EGB     =     -2508.7523  RESTRAINT  =         0.0000
 ------------------------------------------------------------------------------

| RE_POSITION Moving by  -0.093741  0.156084  0.607735

 NSTEP =    71000   TIME(PS) =      71.000  TEMP(K) =   304.10  PRESS =     0.0
 Etot   =     -2108.0075  EKtot   =       578.3271  EPtot      =     -2686.3345
 BOND   =       227.2525  ANGLE   =       343.2854  DIHED      =       499.2329
 1-4 NB =       151.7578  1-4 EEL =      -341.0170  VDWAALS    =      -324.6342
 EELEC  =      -917.7231  EGB     =     -2324.4887  RESTRAINT  =         0.0000
 ------------------------------------------------------------------------------


 NSTEP =    71100   TIME(PS) =      71.100  TEMP(K) =   307.42  PRESS =     0.0
 Etot   =     -2117.7549  EKtot   =       584.6334  EPtot      =     -2702.3883
 BOND   =       243.7048  ANGLE   =       343.5843  DIHED      =       481.8853
 1-4 NB =       153.6272  1-4 EEL =      -358.0610  VDWAALS    =      -328.4960
 EELEC  =     -1369.7184  EGB     =     -1868.9146  RESTRAINT  =         0.0000
 ------------------------------------------------------------------------------


 NSTEP =    71200   TIME(PS) =      71.200  TEMP(K) =   291.46  PRESS =     0.0
 Etot   =     -2124.1802  EKtot   =       554.2755  EPtot      =     -2678.4557
 BOND   =       213.1872  ANGLE   =       356.1559  DIHED      =       490.9778
 1-4 NB =       164.2781  1-4 EEL =      -342.4769  VDWAALS    =      -315.3280
 EELEC  =     -1032.1734  EGB     =     -2213.0764  RESTRAINT  =         0.0000
 ------------------------------------------------------------------------------


 NSTEP =    71300   TIME(PS) =      71.300  TEMP(K) =   306.66  PRESS =     0.0
 Etot   =     -2096.7388  EKtot   =       583.1959  EPtot      =     -2679.9347
 BOND   =       232.2760  ANGLE   =       341.1431  DIHED      =       488.8908
 1-4 NB =       159.1316  1-4 EEL =      -332.5580  VDWAALS    =      -312.1360
 EELEC  =      -917.2937  EGB     =     -2339.3885  RESTRAINT  =         0.0000
 ------------------------------------------------------------------------------


 NSTEP =    71400   TIME(PS) =      71.400  TEMP(K) =   311.71  PRESS =     0.0
 Etot   =     -2094.6135  EKtot   =       592.7879  EPtot      =     -2687.4014
 BOND   =       230.9647  ANGLE   =       334.4236  DIHED      =       500.8439
 1-4 NB =       162.1654  1-4 EEL =      -351.0100  VDWAALS    =      -313.7229
 EELEC  =      -816.8621  EGB     =     -2434.2040  RESTRAINT  =         0.0000
 ------------------------------------------------------------------------------


 NSTEP =    71500   TIME(PS) =      71.500  TEMP(K) =   298.08  PRESS =     0.0
 Etot   =     -2083.0182  EKtot   =       566.8634  EPtot      =     -2649.8816
 BOND   =       252.1719  ANGLE   =       327.6286  DIHED      =       504.5831
 1-4 NB =       162.0616  1-4 EEL =      -325.3353  VDWAALS    =      -317.0977
 EELEC  =      -929.6960  EGB     =     -2324.1978  RESTRAINT  =         0.0000
 ------------------------------------------------------------------------------


 NSTEP =    71600   TIME(PS) =      71.600  TEMP(K) =   305.46  PRESS =     0.0
 Etot   =     -2075.2097  EKtot   =       580.9026  EPtot      =     -2656.1123
 BOND   =       246.0142  ANGLE   =       357.7520  DIHED      =       494.9416
 1-4 NB =       154.2676  1-4 EEL =      -335.8090  VDWAALS    =      -321.3609
 EELEC  =      -927.0147  EGB     =     -2324.9031  RESTRAINT  =         0.0000
 ------------------------------------------------------------------------------


 NSTEP =    71700   TIME(PS) =      71.700  TEMP(K) =   297.10  PRESS =     0.0
 Etot   =     -2097.3828  EKtot   =       565.0037  EPtot      =     -2662.3865
 BOND   =       256.1194  ANGLE   =       326.8313  DIHED      =       511.7031
 1-4 NB =       154.7032  1-4 EEL =      -350.1970  VDWAALS    =      -316.9577
 EELEC  =      -868.9174  EGB     =     -2375.6714  RESTRAINT  =         0.0000
 ------------------------------------------------------------------------------


 NSTEP =    71800   TIME(PS) =      71.800  TEMP(K) =   296.26  PRESS =     0.0
 Etot   =     -2101.4817  EKtot   =       563.4186  EPtot      =     -2664.9003
 BOND   =       234.2797  ANGLE   =       355.9324  DIHED      =       495.1341
 1-4 NB =       158.9154  1-4 EEL =      -349.5905  VDWAALS    =      -315.5707
 EELEC  =      -896.7837  EGB     =     -2347.2170  RESTRAINT  =         0.0000
 ------------------------------------------------------------------------------


 NSTEP =    71900   TIME(PS) =      71.900  TEMP(K) =   298.71  PRESS =     0.0
 Etot   =     -2120.3138  EKtot   =       568.0661  EPtot      =     -2688.3799
 BOND   =       225.3666  ANGLE   =       329.7645  DIHED      =       501.2569
 1-4 NB =       160.5299  1-4 EEL =      -320.0445  VDWAALS    =      -317.5974
 EELEC  =     -1367.0326  EGB     =     -1900.6233  RESTRAINT  =         0.0000
 ------------------------------------------------------------------------------

| RE_POSITION Moving by   0.312394  0.562607  0.011762

 NSTEP =    72000   TIME(PS) =      72.000  TEMP(K) =   298.55  PRESS =     0.0
 Etot   =     -2098.7504  EKtot   =       567.7679  EPtot      =     -2666.5183
 BOND   =       240.0122  ANGLE   =       353.0996  DIHED      =       500.0150
 1-4 NB =       161.3924  1-4 EEL =      -335.4443  VDWAALS    =      -308.8397
 EELEC  =     -1055.9461  EGB     =     -2220.8074  RESTRAINT  =         0.0000
 ------------------------------------------------------------------------------


 NSTEP =    72100   TIME(PS) =      72.100  TEMP(K) =   307.64  PRESS =     0.0
 Etot   =     -2116.3764  EKtot   =       585.0593  EPtot      =     -2701.4357
 BOND   =       216.4762  ANGLE   =       340.4481  DIHED      =       502.7513
 1-4 NB =       157.7837  1-4 EEL =      -347.9849  VDWAALS    =      -318.9566
 EELEC  =      -639.4451  EGB     =     -2612.5084  RESTRAINT  =         0.0000
 ------------------------------------------------------------------------------


 NSTEP =    72200   TIME(PS) =      72.200  TEMP(K) =   289.12  PRESS =     0.0
 Etot   =     -2137.8188  EKtot   =       549.8403  EPtot      =     -2687.6591
 BOND   =       225.1696  ANGLE   =       332.2404  DIHED      =       505.4760
 1-4 NB =       156.0424  1-4 EEL =      -350.8285  VDWAALS    =      -318.3247
 EELEC  =      -977.0173  EGB     =     -2260.4170  RESTRAINT  =         0.0000
 ------------------------------------------------------------------------------


 NSTEP =    72300   TIME(PS) =      72.300  TEMP(K) =   290.52  PRESS =     0.0
 Etot   =     -2135.5963  EKtot   =       552.4960  EPtot      =     -2688.0923
 BOND   =       231.6341  ANGLE   =       342.1155  DIHED      =       503.1339
 1-4 NB =       150.1256  1-4 EEL =      -348.4081  VDWAALS    =      -316.2774
 EELEC  =     -1115.1930  EGB     =     -2135.2229  RESTRAINT  =         0.0000
 ------------------------------------------------------------------------------


 NSTEP =    72400   TIME(PS) =      72.400  TEMP(K) =   307.41  PRESS =     0.0
 Etot   =     -2119.8759  EKtot   =       584.6163  EPtot      =     -2704.4923
 BOND   =       225.1870  ANGLE   =       315.7189  DIHED      =       506.9531
 1-4 NB =       162.2258  1-4 EEL =      -346.5456  VDWAALS    =      -316.4153
 EELEC  =      -891.1146  EGB     =     -2360.5017  RESTRAINT  =         0.0000
 ------------------------------------------------------------------------------


 NSTEP =    72500   TIME(PS) =      72.500  TEMP(K) =   296.96  PRESS =     0.0
 Etot   =     -2123.5668  EKtot   =       564.7371  EPtot      =     -2688.3039
 BOND   =       223.5790  ANGLE   =       349.5897  DIHED      =       502.2373
 1-4 NB =       153.0999  1-4 EEL =      -343.0842  VDWAALS    =      -325.7452
 EELEC  =      -932.2265  EGB     =     -2315.7538  RESTRAINT  =         0.0000
 ------------------------------------------------------------------------------


 NSTEP =    72600   TIME(PS) =      72.600  TEMP(K) =   287.39  PRESS =     0.0
 Etot   =     -2130.2751  EKtot   =       546.5418  EPtot      =     -2676.8168
 BOND   =       221.5554  ANGLE   =       344.0419  DIHED      =       509.4148
 1-4 NB =       158.3882  1-4 EEL =      -328.6600  VDWAALS    =      -314.3823
 EELEC  =      -930.7850  EGB     =     -2336.3898  RESTRAINT  =         0.0000
 ------------------------------------------------------------------------------


 NSTEP =    72700   TIME(PS) =      72.700  TEMP(K) =   288.20  PRESS =     0.0
 Etot   =     -2122.5383  EKtot   =       548.0815  EPtot      =     -2670.6198
 BOND   =       241.7676  ANGLE   =       332.1625  DIHED      =       511.2506
 1-4 NB =       158.6249  1-4 EEL =      -331.3813  VDWAALS    =      -324.7875
 EELEC  =      -987.8553  EGB     =     -2270.4014  RESTRAINT  =         0.0000
 ------------------------------------------------------------------------------


 NSTEP =    72800   TIME(PS) =      72.800  TEMP(K) =   299.77  PRESS =     0.0
 Etot   =     -2126.7000  EKtot   =       570.0828  EPtot      =     -2696.7828
 BOND   =       203.9973  ANGLE   =       342.7393  DIHED      =       506.9478
 1-4 NB =       152.8745  1-4 EEL =      -324.7321  VDWAALS    =      -323.2276
 EELEC  =      -788.8652  EGB     =     -2466.5168  RESTRAINT  =         0.0000
 ------------------------------------------------------------------------------


 NSTEP =    72900   TIME(PS) =      72.900  TEMP(K) =   298.90  PRESS =     0.0
 Etot   =     -2131.0528  EKtot   =       568.4276  EPtot      =     -2699.4804
 BOND   =       224.1815  ANGLE   =       332.5729  DIHED      =       510.5429
 1-4 NB =       157.8857  1-4 EEL =      -338.6460  VDWAALS    =      -324.0753
 EELEC  =      -803.5458  EGB     =     -2458.3964  RESTRAINT  =         0.0000
 ------------------------------------------------------------------------------

| RE_POSITION Moving by  -0.012563  0.167817 -0.373357

 NSTEP =    73000   TIME(PS) =      73.000  TEMP(K) =   295.68  PRESS =     0.0
 Etot   =     -2125.9681  EKtot   =       562.3067  EPtot      =     -2688.2748
 BOND   =       231.5812  ANGLE   =       340.5511  DIHED      =       504.7133
 1-4 NB =       157.7316  1-4 EEL =      -332.8816  VDWAALS    =      -326.6153
 EELEC  =     -1022.2926  EGB     =     -2241.0626  RESTRAINT  =         0.0000
 ------------------------------------------------------------------------------


 NSTEP =    73100   TIME(PS) =      73.100  TEMP(K) =   305.48  PRESS =     0.0
 Etot   =     -2106.4442  EKtot   =       580.9348  EPtot      =     -2687.3791
 BOND   =       234.9668  ANGLE   =       340.5050  DIHED      =       498.7131
 1-4 NB =       150.2842  1-4 EEL =      -350.8185  VDWAALS    =      -318.5313
 EELEC  =      -621.8432  EGB     =     -2620.6552  RESTRAINT  =         0.0000
 ------------------------------------------------------------------------------


 NSTEP =    73200   TIME(PS) =      73.200  TEMP(K) =   286.39  PRESS =     0.0
 Etot   =     -2121.7565  EKtot   =       544.6310  EPtot      =     -2666.3875
 BOND   =       239.7611  ANGLE   =       349.5255  DIHED      =       501.1565
 1-4 NB =       151.0934  1-4 EEL =      -350.3853  VDWAALS    =      -316.4121
 EELEC  =      -944.9794  EGB     =     -2296.1472  RESTRAINT  =         0.0000
 ------------------------------------------------------------------------------


 NSTEP =    73300   TIME(PS) =      73.300  TEMP(K) =   300.39  PRESS =     0.0
 Etot   =     -2124.7515  EKtot   =       571.2606  EPtot      =     -2696.0121
 BOND   =       221.2139  ANGLE   =       320.0041  DIHED      =       497.9063
 1-4 NB =       160.3910  1-4 EEL =      -319.6500  VDWAALS    =      -320.3884
 EELEC  =     -1129.9133  EGB     =     -2125.5758  RESTRAINT  =         0.0000
 ------------------------------------------------------------------------------


 NSTEP =    73400   TIME(PS) =      73.400  TEMP(K) =   293.02  PRESS =     0.0
 Etot   =     -2115.2940  EKtot   =       557.2499  EPtot      =     -2672.5439
 BOND   =       223.9509  ANGLE   =       366.9232  DIHED      =       513.6296
 1-4 NB =       146.7046  1-4 EEL =      -346.7828  VDWAALS    =      -326.1612
 EELEC  =     -1059.3284  EGB     =     -2191.4798  RESTRAINT  =         0.0000
 ------------------------------------------------------------------------------


 NSTEP =    73500   TIME(PS) =      73.500  TEMP(K) =   292.37  PRESS =     0.0
 Etot   =     -2108.4841  EKtot   =       556.0062  EPtot      =     -2664.4903
 BOND   =       250.7679  ANGLE   =       333.8172  DIHED      =       503.7713
 1-4 NB =       160.1039  1-4 EEL =      -340.7455  VDWAALS    =      -325.9125
 EELEC  =     -1330.8638  EGB     =     -1915.4286  RESTRAINT  =         0.0000
 ------------------------------------------------------------------------------


 NSTEP =    73600   TIME(PS) =      73.600  TEMP(K) =   292.64  PRESS =     0.0
 Etot   =     -2127.7553  EKtot   =       556.5304  EPtot      =     -2684.2857
 BOND   =       247.9868  ANGLE   =       340.0527  DIHED      =       498.1751
 1-4 NB =       153.2377  1-4 EEL =      -367.1425  VDWAALS    =      -318.4913
 EELEC  =     -1126.9063  EGB     =     -2111.1979  RESTRAINT  =         0.0000
 ------------------------------------------------------------------------------


 NSTEP =    73700   TIME(PS) =      73.700  TEMP(K) =   281.04  PRESS =     0.0
 Etot   =     -2128.8153  EKtot   =       534.4652  EPtot      =     -2663.2805
 BOND   =       234.2668  ANGLE   =       354.7205  DIHED      =       500.5414
 1-4 NB =       156.4115  1-4 EEL =      -357.6720  VDWAALS    =      -320.1605
 EELEC  =     -1035.4966  EGB     =     -2195.8916  RESTRAINT  =         0.0000
 ------------------------------------------------------------------------------


 NSTEP =    73800   TIME(PS) =      73.800  TEMP(K) =   294.07  PRESS =     0.0
 Etot   =     -2109.1767  EKtot   =       559.2438  EPtot      =     -2668.4205
 BOND   =       249.6229  ANGLE   =       344.1836  DIHED      =       486.5297
 1-4 NB =       157.6234  1-4 EEL =      -339.5377  VDWAALS    =      -318.1496
 EELEC  =     -1065.9620  EGB     =     -2182.7309  RESTRAINT  =         0.0000
 ------------------------------------------------------------------------------


 NSTEP =    73900   TIME(PS) =      73.900  TEMP(K) =   307.46  PRESS =     0.0
 Etot   =     -2101.7081  EKtot   =       584.7100  EPtot      =     -2686.4181
 BOND   =       233.8730  ANGLE   =       335.8893  DIHED      =       501.6687
 1-4 NB =       156.0929  1-4 EEL =      -346.3370  VDWAALS    =      -324.7189
 EELEC  =      -984.8555  EGB     =     -2258.0305  RESTRAINT  =         0.0000
 ------------------------------------------------------------------------------

| RE_POSITION Moving by  -0.058800 -0.126898  0.967734

 NSTEP =    74000   TIME(PS) =      74.000  TEMP(K) =   309.37  PRESS =     0.0
 Etot   =     -2103.7161  EKtot   =       588.3373  EPtot      =     -2692.0535
 BOND   =       238.8360  ANGLE   =       324.7686  DIHED      =       493.1833
 1-4 NB =       154.4179  1-4 EEL =      -338.4275  VDWAALS    =      -322.6106
 EELEC  =      -903.1783  EGB     =     -2339.0430  RESTRAINT  =         0.0000
 ------------------------------------------------------------------------------


 NSTEP =    74100   TIME(PS) =      74.100  TEMP(K) =   306.32  PRESS =     0.0
 Etot   =     -2094.9912  EKtot   =       582.5378  EPtot      =     -2677.5290
 BOND   =       235.3087  ANGLE   =       345.8243  DIHED      =       493.7551
 1-4 NB =       153.8150  1-4 EEL =      -331.9618  VDWAALS    =      -326.5757
 EELEC  =     -1321.7889  EGB     =     -1925.9057  RESTRAINT  =         0.0000
 ------------------------------------------------------------------------------


 NSTEP =    74200   TIME(PS) =      74.200  TEMP(K) =   301.82  PRESS =     0.0
 Etot   =     -2090.4930  EKtot   =       573.9860  EPtot      =     -2664.4790
 BOND   =       226.3435  ANGLE   =       355.8241  DIHED      =       504.6712
 1-4 NB =       159.1059  1-4 EEL =      -346.1562  VDWAALS    =      -334.7683
 EELEC  =     -1089.4482  EGB     =     -2140.0510  RESTRAINT  =         0.0000
 ------------------------------------------------------------------------------


 NSTEP =    74300   TIME(PS) =      74.300  TEMP(K) =   305.48  PRESS =     0.0
 Etot   =     -2090.3369  EKtot   =       580.9529  EPtot      =     -2671.2898
 BOND   =       229.7233  ANGLE   =       348.7644  DIHED      =       497.8718
 1-4 NB =       159.3352  1-4 EEL =      -356.8707  VDWAALS    =      -317.2952
 EELEC  =      -991.0077  EGB     =     -2241.8108  RESTRAINT  =         0.0000
 ------------------------------------------------------------------------------


 NSTEP =    74400   TIME(PS) =      74.400  TEMP(K) =   304.64  PRESS =     0.0
 Etot   =     -2105.6150  EKtot   =       579.3495  EPtot      =     -2684.9644
 BOND   =       228.7502  ANGLE   =       340.6467  DIHED      =       501.6433
 1-4 NB =       155.0646  1-4 EEL =      -338.0897  VDWAALS    =      -317.2169
 EELEC  =     -1335.7739  EGB     =     -1919.9885  RESTRAINT  =         0.0000
 ------------------------------------------------------------------------------


 NSTEP =    74500   TIME(PS) =      74.500  TEMP(K) =   307.89  PRESS =     0.0
 Etot   =     -2089.0275  EKtot   =       585.5237  EPtot      =     -2674.5512
 BOND   =       227.4790  ANGLE   =       335.0035  DIHED      =       499.3897
 1-4 NB =       156.5758  1-4 EEL =      -328.4675  VDWAALS    =      -323.3239
 EELEC  =     -1310.0273  EGB     =     -1931.1804  RESTRAINT  =         0.0000
 ------------------------------------------------------------------------------


 NSTEP =    74600   TIME(PS) =      74.600  TEMP(K) =   313.18  PRESS =     0.0
 Etot   =     -2077.7356  EKtot   =       595.5889  EPtot      =     -2673.3245
 BOND   =       225.4789  ANGLE   =       339.5572  DIHED      =       504.2611
 1-4 NB =       162.5668  1-4 EEL =      -335.8278  VDWAALS    =      -322.9955
 EELEC  =     -1205.0093  EGB     =     -2041.3558  RESTRAINT  =         0.0000
 ------------------------------------------------------------------------------


 NSTEP =    74700   TIME(PS) =      74.700  TEMP(K) =   307.96  PRESS =     0.0
 Etot   =     -2065.8285  EKtot   =       585.6644  EPtot      =     -2651.4930
 BOND   =       257.5643  ANGLE   =       360.4565  DIHED      =       496.5995
 1-4 NB =       154.8982  1-4 EEL =      -358.3931  VDWAALS    =      -327.4876
 EELEC  =     -1024.0057  EGB     =     -2211.1251  RESTRAINT  =         0.0000
 ------------------------------------------------------------------------------


 NSTEP =    74800   TIME(PS) =      74.800  TEMP(K) =   314.46  PRESS =     0.0
 Etot   =     -2057.7980  EKtot   =       598.0287  EPtot      =     -2655.8267
 BOND   =       252.9442  ANGLE   =       346.2069  DIHED      =       492.7272
 1-4 NB =       158.5295  1-4 EEL =      -338.0602  VDWAALS    =      -317.8105
 EELEC  =     -1028.0618  EGB     =     -2222.3020  RESTRAINT  =         0.0000
 ------------------------------------------------------------------------------


 NSTEP =    74900   TIME(PS) =      74.900  TEMP(K) =   319.68  PRESS =     0.0
 Etot   =     -2042.0966  EKtot   =       607.9466  EPtot      =     -2650.0432
 BOND   =       260.2500  ANGLE   =       355.1326  DIHED      =       493.6188
 1-4 NB =       159.1825  1-4 EEL =      -350.2891  VDWAALS    =      -320.3556
 EELEC  =     -1004.0545  EGB     =     -2243.5281  RESTRAINT  =         0.0000
 ------------------------------------------------------------------------------

| RE_POSITION Moving by   0.601014  0.178658  0.042752

 NSTEP =    75000   TIME(PS) =      75.000  TEMP(K) =   298.93  PRESS =     0.0
 Etot   =     -2077.4209  EKtot   =       568.4941  EPtot      =     -2645.9150
 BOND   =       237.6974  ANGLE   =       354.0432  DIHED      =       502.7176
 1-4 NB =       166.8788  1-4 EEL =      -349.6982  VDWAALS    =      -317.7000
 EELEC  =      -799.6426  EGB     =     -2440.2112  RESTRAINT  =         0.0000
 ------------------------------------------------------------------------------


 NSTEP =    75100   TIME(PS) =      75.100  TEMP(K) =   305.67  PRESS =     0.0
 Etot   =     -2082.0011  EKtot   =       581.3137  EPtot      =     -2663.3148
 BOND   =       231.2265  ANGLE   =       355.7443  DIHED      =       501.8040
 1-4 NB =       154.5838  1-4 EEL =      -340.7131  VDWAALS    =      -325.9286
 EELEC  =      -898.2019  EGB     =     -2341.8297  RESTRAINT  =         0.0000
 ------------------------------------------------------------------------------


 NSTEP =    75200   TIME(PS) =      75.200  TEMP(K) =   319.69  PRESS =     0.0
 Etot   =     -2069.8905  EKtot   =       607.9706  EPtot      =     -2677.8611
 BOND   =       227.1151  ANGLE   =       345.8347  DIHED      =       510.3944
 1-4 NB =       154.2404  1-4 EEL =      -368.2207  VDWAALS    =      -321.9263
 EELEC  =      -696.2765  EGB     =     -2529.0221  RESTRAINT  =         0.0000
 ------------------------------------------------------------------------------


 NSTEP =    75300   TIME(PS) =      75.300  TEMP(K) =   304.31  PRESS =     0.0
 Etot   =     -2053.8173  EKtot   =       578.7251  EPtot      =     -2632.5425
 BOND   =       250.3821  ANGLE   =       353.9476  DIHED      =       507.5388
 1-4 NB =       163.8534  1-4 EEL =      -340.3634  VDWAALS    =      -332.4066
 EELEC  =      -761.5574  EGB     =     -2473.9368  RESTRAINT  =         0.0000
 ------------------------------------------------------------------------------


 NSTEP =    75400   TIME(PS) =      75.400  TEMP(K) =   311.18  PRESS =     0.0
 Etot   =     -2069.3283  EKtot   =       591.7929  EPtot      =     -2661.1212
 BOND   =       248.4011  ANGLE   =       354.4114  DIHED      =       496.2459
 1-4 NB =       156.1934  1-4 EEL =      -345.5446  VDWAALS    =      -339.1711
 EELEC  =     -1109.6571  EGB     =     -2122.0001  RESTRAINT  =         0.0000
 ------------------------------------------------------------------------------


 NSTEP =    75500   TIME(PS) =      75.500  TEMP(K) =   305.17  PRESS =     0.0
 Etot   =     -2081.5904  EKtot   =       580.3477  EPtot      =     -2661.9381
 BOND   =       221.0180  ANGLE   =       352.9262  DIHED      =       494.5163
 1-4 NB =       168.2751  1-4 EEL =      -332.9332  VDWAALS    =      -333.9561
 EELEC  =      -896.5226  EGB     =     -2335.2618  RESTRAINT  =         0.0000
 ------------------------------------------------------------------------------


 NSTEP =    75600   TIME(PS) =      75.600  TEMP(K) =   305.75  PRESS =     0.0
 Etot   =     -2088.0555  EKtot   =       581.4510  EPtot      =     -2669.5064
 BOND   =       239.1537  ANGLE   =       321.8850  DIHED      =       518.7438
 1-4 NB =       156.1032  1-4 EEL =      -327.9987  VDWAALS    =      -335.6525
 EELEC  =     -1164.3024  EGB     =     -2077.4387  RESTRAINT  =         0.0000
 ------------------------------------------------------------------------------


 NSTEP =    75700   TIME(PS) =      75.700  TEMP(K) =   302.62  PRESS =     0.0
 Etot   =     -2080.7778  EKtot   =       575.5054  EPtot      =     -2656.2832
 BOND   =       223.8149  ANGLE   =       364.4430  DIHED      =       510.9391
 1-4 NB =       163.0732  1-4 EEL =      -338.6483  VDWAALS    =      -328.4718
 EELEC  =      -850.1103  EGB     =     -2401.3229  RESTRAINT  =         0.0000
 ------------------------------------------------------------------------------


 NSTEP =    75800   TIME(PS) =      75.800  TEMP(K) =   315.20  PRESS =     0.0
 Etot   =     -2084.0101  EKtot   =       599.4331  EPtot      =     -2683.4432
 BOND   =       244.4410  ANGLE   =       335.4834  DIHED      =       499.6841
 1-4 NB =       154.0545  1-4 EEL =      -337.6287  VDWAALS    =      -333.8421
 EELEC  =     -1281.3613  EGB     =     -1964.2741  RESTRAINT  =         0.0000
 ------------------------------------------------------------------------------


 NSTEP =    75900   TIME(PS) =      75.900  TEMP(K) =   292.52  PRESS =     0.0
 Etot   =     -2090.2465  EKtot   =       556.3022  EPtot      =     -2646.5487
 BOND   =       230.9512  ANGLE   =       366.9587  DIHED      =       506.3403
 1-4 NB =       161.4670  1-4 EEL =      -360.9507  VDWAALS    =      -320.5074
 EELEC  =      -966.9796  EGB     =     -2263.8282  RESTRAINT  =         0.0000
 ------------------------------------------------------------------------------

| RE_POSITION Moving by   1.390837 -0.235848  1.047395

 NSTEP =    76000   TIME(PS) =      76.000  TEMP(K) =   305.30  PRESS =     0.0
 Etot   =     -2083.0946  EKtot   =       580.5962  EPtot      =     -2663.6908
 BOND   =       237.2039  ANGLE   =       344.6341  DIHED      =       497.1677
 1-4 NB =       162.1189  1-4 EEL =      -337.2055  VDWAALS    =      -320.9749
 EELEC  =      -836.8338  EGB     =     -2409.8011  RESTRAINT  =         0.0000
 ------------------------------------------------------------------------------


 NSTEP =    76100   TIME(PS) =      76.100  TEMP(K) =   297.71  PRESS =     0.0
 Etot   =     -2106.7083  EKtot   =       566.1676  EPtot      =     -2672.8760
 BOND   =       232.2970  ANGLE   =       349.0749  DIHED      =       503.0291
 1-4 NB =       149.2798  1-4 EEL =      -354.7717  VDWAALS    =      -334.3871
 EELEC  =      -916.5118  EGB     =     -2300.8861  RESTRAINT  =         0.0000
 ------------------------------------------------------------------------------


 NSTEP =    76200   TIME(PS) =      76.200  TEMP(K) =   303.51  PRESS =     0.0
 Etot   =     -2125.3027  EKtot   =       577.2031  EPtot      =     -2702.5058
 BOND   =       215.1108  ANGLE   =       330.1223  DIHED      =       505.3082
 1-4 NB =       148.9988  1-4 EEL =      -327.0406  VDWAALS    =      -333.3226
 EELEC  =      -760.6024  EGB     =     -2481.0803  RESTRAINT  =         0.0000
 ------------------------------------------------------------------------------


 NSTEP =    76300   TIME(PS) =      76.300  TEMP(K) =   301.33  PRESS =     0.0
 Etot   =     -2118.5523  EKtot   =       573.0526  EPtot      =     -2691.6049
 BOND   =       229.3404  ANGLE   =       327.5831  DIHED      =       499.5372
 1-4 NB =       161.2933  1-4 EEL =      -333.6442  VDWAALS    =      -321.0792
 EELEC  =     -1021.4388  EGB     =     -2233.1967  RESTRAINT  =         0.0000
 ------------------------------------------------------------------------------


 NSTEP =    76400   TIME(PS) =      76.400  TEMP(K) =   290.69  PRESS =     0.0
 Etot   =     -2124.2560  EKtot   =       552.8094  EPtot      =     -2677.0655
 BOND   =       210.7389  ANGLE   =       349.2174  DIHED      =       504.2846
 1-4 NB =       156.6058  1-4 EEL =      -333.7800  VDWAALS    =      -320.6482
 EELEC  =      -793.7654  EGB     =     -2449.7185  RESTRAINT  =         0.0000
 ------------------------------------------------------------------------------


 NSTEP =    76500   TIME(PS) =      76.500  TEMP(K) =   291.60  PRESS =     0.0
 Etot   =     -2110.7351  EKtot   =       554.5475  EPtot      =     -2665.2826
 BOND   =       241.2177  ANGLE   =       367.2069  DIHED      =       481.2875
 1-4 NB =       159.3602  1-4 EEL =      -349.8189  VDWAALS    =      -333.7271
 EELEC  =      -919.6072  EGB     =     -2311.2016  RESTRAINT  =         0.0000
 ------------------------------------------------------------------------------


 NSTEP =    76600   TIME(PS) =      76.600  TEMP(K) =   301.81  PRESS =     0.0
 Etot   =     -2113.6998  EKtot   =       573.9738  EPtot      =     -2687.6735
 BOND   =       234.2877  ANGLE   =       348.9532  DIHED      =       491.0867
 1-4 NB =       158.7138  1-4 EEL =      -330.6933  VDWAALS    =      -332.2346
 EELEC  =     -1597.8099  EGB     =     -1659.9772  RESTRAINT  =         0.0000
 ------------------------------------------------------------------------------


 NSTEP =    76700   TIME(PS) =      76.700  TEMP(K) =   297.51  PRESS =     0.0
 Etot   =     -2124.4055  EKtot   =       565.7919  EPtot      =     -2690.1975
 BOND   =       213.9415  ANGLE   =       350.5793  DIHED      =       515.9566
 1-4 NB =       156.3818  1-4 EEL =      -359.3097  VDWAALS    =      -327.5784
 EELEC  =     -1657.7350  EGB     =     -1582.4336  RESTRAINT  =         0.0000
 ------------------------------------------------------------------------------


 NSTEP =    76800   TIME(PS) =      76.800  TEMP(K) =   306.59  PRESS =     0.0
 Etot   =     -2108.2218  EKtot   =       583.0589  EPtot      =     -2691.2808
 BOND   =       221.0852  ANGLE   =       333.0530  DIHED      =       510.8125
 1-4 NB =       158.7738  1-4 EEL =      -340.6143  VDWAALS    =      -328.1282
 EELEC  =     -1503.5754  EGB     =     -1742.6873  RESTRAINT  =         0.0000
 ------------------------------------------------------------------------------


 NSTEP =    76900   TIME(PS) =      76.900  TEMP(K) =   306.64  PRESS =     0.0
 Etot   =     -2099.3323  EKtot   =       583.1467  EPtot      =     -2682.4790
 BOND   =       237.4184  ANGLE   =       325.2229  DIHED      =       499.8196
 1-4 NB =       158.1775  1-4 EEL =      -349.1679  VDWAALS    =      -322.0536
 EELEC  =     -1048.4671  EGB     =     -2183.4288  RESTRAINT  =         0.0000
 ------------------------------------------------------------------------------

| RE_POSITION Moving by   0.061154  0.349159 -0.087306

 NSTEP =    77000   TIME(PS) =      77.000  TEMP(K) =   300.70  PRESS =     0.0
 Etot   =     -2107.0533  EKtot   =       571.8606  EPtot      =     -2678.9139
 BOND   =       234.7355  ANGLE   =       341.8655  DIHED      =       492.5387
 1-4 NB =       153.7299  1-4 EEL =      -338.6308  VDWAALS    =      -330.6754
 EELEC  =     -1004.2611  EGB     =     -2228.2162  RESTRAINT  =         0.0000
 ------------------------------------------------------------------------------


 NSTEP =    77100   TIME(PS) =      77.100  TEMP(K) =   292.17  PRESS =     0.0
 Etot   =     -2110.0730  EKtot   =       555.6227  EPtot      =     -2665.6957
 BOND   =       251.4342  ANGLE   =       345.2013  DIHED      =       493.3150
 1-4 NB =       158.0737  1-4 EEL =      -352.0736  VDWAALS    =      -322.9158
 EELEC  =      -946.4647  EGB     =     -2292.2658  RESTRAINT  =         0.0000
 ------------------------------------------------------------------------------


 NSTEP =    77200   TIME(PS) =      77.200  TEMP(K) =   299.75  PRESS =     0.0
 Etot   =     -2135.9822  EKtot   =       570.0565  EPtot      =     -2706.0387
 BOND   =       213.5105  ANGLE   =       330.9882  DIHED      =       496.9448
 1-4 NB =       156.0385  1-4 EEL =      -326.5594  VDWAALS    =      -332.3197
 EELEC  =     -1328.6978  EGB     =     -1915.9438  RESTRAINT  =         0.0000
 ------------------------------------------------------------------------------


 NSTEP =    77300   TIME(PS) =      77.300  TEMP(K) =   290.37  PRESS =     0.0
 Etot   =     -2134.4195  EKtot   =       552.2137  EPtot      =     -2686.6331
 BOND   =       210.6681  ANGLE   =       348.2965  DIHED      =       506.5870
 1-4 NB =       159.1790  1-4 EEL =      -347.0606  VDWAALS    =      -327.5173
 EELEC  =      -900.6030  EGB     =     -2336.1827  RESTRAINT  =         0.0000
 ------------------------------------------------------------------------------


 NSTEP =    77400   TIME(PS) =      77.400  TEMP(K) =   299.72  PRESS =     0.0
 Etot   =     -2130.2206  EKtot   =       569.9965  EPtot      =     -2700.2171
 BOND   =       216.6842  ANGLE   =       312.0942  DIHED      =       510.9044
 1-4 NB =       161.6270  1-4 EEL =      -317.7979  VDWAALS    =      -326.4885
 EELEC  =      -920.5552  EGB     =     -2336.6855  RESTRAINT  =         0.0000
 ------------------------------------------------------------------------------


 NSTEP =    77500   TIME(PS) =      77.500  TEMP(K) =   293.79  PRESS =     0.0
 Etot   =     -2152.1550  EKtot   =       558.7132  EPtot      =     -2710.8682
 BOND   =       220.0239  ANGLE   =       334.6284  DIHED      =       493.5261
 1-4 NB =       148.6689  1-4 EEL =      -345.7469  VDWAALS    =      -328.6921
 EELEC  =     -1051.5029  EGB     =     -2181.7735  RESTRAINT  =         0.0000
 ------------------------------------------------------------------------------


 NSTEP =    77600   TIME(PS) =      77.600  TEMP(K) =   293.93  PRESS =     0.0
 Etot   =     -2156.5735  EKtot   =       558.9849  EPtot      =     -2715.5584
 BOND   =       213.1707  ANGLE   =       312.3960  DIHED      =       502.2094
 1-4 NB =       157.8305  1-4 EEL =      -327.2902  VDWAALS    =      -333.0574
 EELEC  =     -1265.0023  EGB     =     -1975.8151  RESTRAINT  =         0.0000
 ------------------------------------------------------------------------------


 NSTEP =    77700   TIME(PS) =      77.700  TEMP(K) =   295.30  PRESS =     0.0
 Etot   =     -2138.6046  EKtot   =       561.5935  EPtot      =     -2700.1981
 BOND   =       218.2477  ANGLE   =       348.1961  DIHED      =       495.5865
 1-4 NB =       155.1032  1-4 EEL =      -339.9211  VDWAALS    =      -333.1681
 EELEC  =     -1410.2483  EGB     =     -1833.9941  RESTRAINT  =         0.0000
 ------------------------------------------------------------------------------


 NSTEP =    77800   TIME(PS) =      77.800  TEMP(K) =   296.02  PRESS =     0.0
 Etot   =     -2134.9298  EKtot   =       562.9596  EPtot      =     -2697.8894
 BOND   =       230.0974  ANGLE   =       332.5145  DIHED      =       493.7497
 1-4 NB =       156.4964  1-4 EEL =      -336.3760  VDWAALS    =      -329.6842
 EELEC  =     -1262.2553  EGB     =     -1982.4319  RESTRAINT  =         0.0000
 ------------------------------------------------------------------------------


 NSTEP =    77900   TIME(PS) =      77.900  TEMP(K) =   301.37  PRESS =     0.0
 Etot   =     -2137.0465  EKtot   =       573.1223  EPtot      =     -2710.1688
 BOND   =       222.3545  ANGLE   =       347.5074  DIHED      =       493.9576
 1-4 NB =       145.1162  1-4 EEL =      -344.9990  VDWAALS    =      -327.9703
 EELEC  =     -1121.5282  EGB     =     -2124.6070  RESTRAINT  =         0.0000
 ------------------------------------------------------------------------------

| RE_POSITION Moving by   0.081560  0.066022 -1.350572

 NSTEP =    78000   TIME(PS) =      78.000  TEMP(K) =   285.58  PRESS =     0.0
 Etot   =     -2129.3094  EKtot   =       543.0976  EPtot      =     -2672.4071
 BOND   =       233.5763  ANGLE   =       338.3116  DIHED      =       506.4454
 1-4 NB =       168.3835  1-4 EEL =      -338.7757  VDWAALS    =      -323.4811
 EELEC  =     -1004.0798  EGB     =     -2252.7873  RESTRAINT  =         0.0000
 ------------------------------------------------------------------------------


 NSTEP =    78100   TIME(PS) =      78.100  TEMP(K) =   292.42  PRESS =     0.0
 Etot   =     -2117.2623  EKtot   =       556.1116  EPtot      =     -2673.3739
 BOND   =       242.3372  ANGLE   =       357.2532  DIHED      =       494.8530
 1-4 NB =       158.6535  1-4 EEL =      -337.1867  VDWAALS    =      -327.3599
 EELEC  =      -877.9015  EGB     =     -2384.0227  RESTRAINT  =         0.0000
 ------------------------------------------------------------------------------


 NSTEP =    78200   TIME(PS) =      78.200  TEMP(K) =   309.75  PRESS =     0.0
 Etot   =     -2088.7401  EKtot   =       589.0678  EPtot      =     -2677.8080
 BOND   =       228.1473  ANGLE   =       343.1413  DIHED      =       508.8944
 1-4 NB =       154.4246  1-4 EEL =      -342.4795  VDWAALS    =      -329.8439
 EELEC  =      -717.1643  EGB     =     -2522.9277  RESTRAINT  =         0.0000
 ------------------------------------------------------------------------------


 NSTEP =    78300   TIME(PS) =      78.300  TEMP(K) =   296.64  PRESS =     0.0
 Etot   =     -2077.4023  EKtot   =       564.1280  EPtot      =     -2641.5303
 BOND   =       243.7041  ANGLE   =       363.7121  DIHED      =       502.7000
 1-4 NB =       156.9209  1-4 EEL =      -354.6481  VDWAALS    =      -329.9289
 EELEC  =      -669.8733  EGB     =     -2554.1172  RESTRAINT  =         0.0000
 ------------------------------------------------------------------------------


 NSTEP =    78400   TIME(PS) =      78.400  TEMP(K) =   302.05  PRESS =     0.0
 Etot   =     -2083.0448  EKtot   =       574.4119  EPtot      =     -2657.4567
 BOND   =       240.6073  ANGLE   =       340.4061  DIHED      =       503.3583
 1-4 NB =       155.3111  1-4 EEL =      -338.7489  VDWAALS    =      -325.9888
 EELEC  =      -764.9764  EGB     =     -2467.4254  RESTRAINT  =         0.0000
 ------------------------------------------------------------------------------


 NSTEP =    78500   TIME(PS) =      78.500  TEMP(K) =   298.65  PRESS =     0.0
 Etot   =     -2091.6195  EKtot   =       567.9481  EPtot      =     -2659.5676
 BOND   =       241.9948  ANGLE   =       329.3240  DIHED      =       515.9366
 1-4 NB =       163.5551  1-4 EEL =      -327.7801  VDWAALS    =      -326.7312
 EELEC  =      -862.3862  EGB     =     -2393.4806  RESTRAINT  =         0.0000
 ------------------------------------------------------------------------------


 NSTEP =    78600   TIME(PS) =      78.600  TEMP(K) =   309.59  PRESS =     0.0
 Etot   =     -2079.2838  EKtot   =       588.7626  EPtot      =     -2668.0464
 BOND   =       245.7838  ANGLE   =       344.0521  DIHED      =       504.1661
 1-4 NB =       156.4470  1-4 EEL =      -348.7635  VDWAALS    =      -331.0819
 EELEC  =      -913.6850  EGB     =     -2324.9651  RESTRAINT  =         0.0000
 ------------------------------------------------------------------------------


 NSTEP =    78700   TIME(PS) =      78.700  TEMP(K) =   295.61  PRESS =     0.0
 Etot   =     -2091.5725  EKtot   =       562.1699  EPtot      =     -2653.7423
 BOND   =       262.8383  ANGLE   =       329.5859  DIHED      =       513.8039
 1-4 NB =       153.9765  1-4 EEL =      -353.1537  VDWAALS    =      -327.0536
 EELEC  =      -949.3359  EGB     =     -2284.4036  RESTRAINT  =         0.0000
 ------------------------------------------------------------------------------


 NSTEP =    78800   TIME(PS) =      78.800  TEMP(K) =   303.69  PRESS =     0.0
 Etot   =     -2082.7552  EKtot   =       577.5478  EPtot      =     -2660.3031
 BOND   =       227.1274  ANGLE   =       358.5414  DIHED      =       511.3564
 1-4 NB =       160.6885  1-4 EEL =      -350.2154  VDWAALS    =      -327.9409
 EELEC  =      -673.7736  EGB     =     -2566.0868  RESTRAINT  =         0.0000
 ------------------------------------------------------------------------------


 NSTEP =    78900   TIME(PS) =      78.900  TEMP(K) =   302.17  PRESS =     0.0
 Etot   =     -2064.6282  EKtot   =       574.6571  EPtot      =     -2639.2854
 BOND   =       259.5149  ANGLE   =       337.8443  DIHED      =       505.0942
 1-4 NB =       159.7449  1-4 EEL =      -317.3820  VDWAALS    =      -324.0879
 EELEC  =      -613.6434  EGB     =     -2646.3703  RESTRAINT  =         0.0000
 ------------------------------------------------------------------------------

| RE_POSITION Moving by   0.080012 -0.502954 -0.158926

 NSTEP =    79000   TIME(PS) =      79.000  TEMP(K) =   311.21  PRESS =     0.0
 Etot   =     -2064.9774  EKtot   =       591.8402  EPtot      =     -2656.8176
 BOND   =       244.8306  ANGLE   =       339.6137  DIHED      =       512.6347
 1-4 NB =       165.8424  1-4 EEL =      -343.4278  VDWAALS    =      -323.5329
 EELEC  =      -813.7781  EGB     =     -2439.0002  RESTRAINT  =         0.0000
 ------------------------------------------------------------------------------


 NSTEP =    79100   TIME(PS) =      79.100  TEMP(K) =   297.26  PRESS =     0.0
 Etot   =     -2087.4221  EKtot   =       565.3191  EPtot      =     -2652.7411
 BOND   =       237.5553  ANGLE   =       365.7274  DIHED      =       503.5141
 1-4 NB =       154.5069  1-4 EEL =      -342.0046  VDWAALS    =      -322.6969
 EELEC  =      -863.4073  EGB     =     -2385.9360  RESTRAINT  =         0.0000
 ------------------------------------------------------------------------------


 NSTEP =    79200   TIME(PS) =      79.200  TEMP(K) =   302.89  PRESS =     0.0
 Etot   =     -2087.7361  EKtot   =       576.0155  EPtot      =     -2663.7515
 BOND   =       246.2834  ANGLE   =       325.6411  DIHED      =       508.6522
 1-4 NB =       161.3566  1-4 EEL =      -336.9140  VDWAALS    =      -319.5004
 EELEC  =      -689.0553  EGB     =     -2560.2152  RESTRAINT  =         0.0000
 ------------------------------------------------------------------------------


 NSTEP =    79300   TIME(PS) =      79.300  TEMP(K) =   302.57  PRESS =     0.0
 Etot   =     -2091.6295  EKtot   =       575.4028  EPtot      =     -2667.0323
 BOND   =       226.6248  ANGLE   =       337.4341  DIHED      =       515.5007
 1-4 NB =       157.2371  1-4 EEL =      -335.1402  VDWAALS    =      -319.8016
 EELEC  =      -754.3185  EGB     =     -2494.5687  RESTRAINT  =         0.0000
 ------------------------------------------------------------------------------


 NSTEP =    79400   TIME(PS) =      79.400  TEMP(K) =   288.36  PRESS =     0.0
 Etot   =     -2113.4985  EKtot   =       548.3894  EPtot      =     -2661.8879
 BOND   =       225.5511  ANGLE   =       347.7028  DIHED      =       507.8497
 1-4 NB =       165.9065  1-4 EEL =      -323.7323  VDWAALS    =      -325.8600
 EELEC  =      -952.2203  EGB     =     -2307.0853  RESTRAINT  =         0.0000
 ------------------------------------------------------------------------------


 NSTEP =    79500   TIME(PS) =      79.500  TEMP(K) =   294.80  PRESS =     0.0
 Etot   =     -2136.4456  EKtot   =       560.6329  EPtot      =     -2697.0785
 BOND   =       226.7366  ANGLE   =       328.4976  DIHED      =       500.7967
 1-4 NB =       150.1696  1-4 EEL =      -325.9605  VDWAALS    =      -319.6519
 EELEC  =      -895.3150  EGB     =     -2362.3516  RESTRAINT  =         0.0000
 ------------------------------------------------------------------------------


 NSTEP =    79600   TIME(PS) =      79.600  TEMP(K) =   286.97  PRESS =     0.0
 Etot   =     -2122.9985  EKtot   =       545.7388  EPtot      =     -2668.7373
 BOND   =       228.0483  ANGLE   =       342.9136  DIHED      =       504.6092
 1-4 NB =       160.1758  1-4 EEL =      -333.9175  VDWAALS    =      -320.7840
 EELEC  =      -841.1911  EGB     =     -2408.5915  RESTRAINT  =         0.0000
 ------------------------------------------------------------------------------


 NSTEP =    79700   TIME(PS) =      79.700  TEMP(K) =   304.81  PRESS =     0.0
 Etot   =     -2133.5621  EKtot   =       579.6776  EPtot      =     -2713.2397
 BOND   =       223.1131  ANGLE   =       310.0109  DIHED      =       502.3378
 1-4 NB =       155.6416  1-4 EEL =      -329.4150  VDWAALS    =      -325.2385
 EELEC  =     -1153.3582  EGB     =     -2096.3313  RESTRAINT  =         0.0000
 ------------------------------------------------------------------------------


 NSTEP =    79800   TIME(PS) =      79.800  TEMP(K) =   292.09  PRESS =     0.0
 Etot   =     -2124.3289  EKtot   =       555.4754  EPtot      =     -2679.8044
 BOND   =       239.6619  ANGLE   =       326.9739  DIHED      =       509.6791
 1-4 NB =       156.6632  1-4 EEL =      -334.6383  VDWAALS    =      -324.7171
 EELEC  =     -1263.3116  EGB     =     -1990.1156  RESTRAINT  =         0.0000
 ------------------------------------------------------------------------------


 NSTEP =    79900   TIME(PS) =      79.900  TEMP(K) =   291.79  PRESS =     0.0
 Etot   =     -2116.1708  EKtot   =       554.9168  EPtot      =     -2671.0875
 BOND   =       223.7476  ANGLE   =       335.1240  DIHED      =       508.0297
 1-4 NB =       159.4065  1-4 EEL =      -328.1318  VDWAALS    =      -313.0160
 EELEC  =     -1049.0010  EGB     =     -2207.2465  RESTRAINT  =         0.0000
 ------------------------------------------------------------------------------

| RE_POSITION Moving by  -0.205648  0.080915  0.323105

 NSTEP =    80000   TIME(PS) =      80.000  TEMP(K) =   276.40  PRESS =     0.0
 Etot   =     -2141.1120  EKtot   =       525.6421  EPtot      =     -2666.7541
 BOND   =       253.8542  ANGLE   =       325.9893  DIHED      =       518.3476
 1-4 NB =       148.7078  1-4 EEL =      -352.0909  VDWAALS    =      -317.4750
 EELEC  =      -902.5938  EGB     =     -2341.4933  RESTRAINT  =         0.0000
 ------------------------------------------------------------------------------


 NSTEP =    80100   TIME(PS) =      80.100  TEMP(K) =   295.07  PRESS =     0.0
 Etot   =     -2151.4690  EKtot   =       561.1382  EPtot      =     -2712.6072
 BOND   =       217.8164  ANGLE   =       318.5418  DIHED      =       503.3768
 1-4 NB =       160.6437  1-4 EEL =      -340.9933  VDWAALS    =      -318.5672
 EELEC  =     -1289.0942  EGB     =     -1964.3312  RESTRAINT  =         0.0000
 ------------------------------------------------------------------------------


 NSTEP =    80200   TIME(PS) =      80.200  TEMP(K) =   294.44  PRESS =     0.0
 Etot   =     -2132.3346  EKtot   =       559.9469  EPtot      =     -2692.2815
 BOND   =       218.5480  ANGLE   =       325.4392  DIHED      =       505.8865
 1-4 NB =       162.3816  1-4 EEL =      -331.5714  VDWAALS    =      -325.3381
 EELEC  =      -712.6006  EGB     =     -2535.0267  RESTRAINT  =         0.0000
 ------------------------------------------------------------------------------


 NSTEP =    80300   TIME(PS) =      80.300  TEMP(K) =   287.61  PRESS =     0.0
 Etot   =     -2128.8886  EKtot   =       546.9658  EPtot      =     -2675.8543
 BOND   =       232.9017  ANGLE   =       341.7559  DIHED      =       506.7800
 1-4 NB =       157.0078  1-4 EEL =      -325.0080  VDWAALS    =      -324.5938
 EELEC  =      -981.3741  EGB     =     -2283.3239  RESTRAINT  =         0.0000
 ------------------------------------------------------------------------------


 NSTEP =    80400   TIME(PS) =      80.400  TEMP(K) =   297.44  PRESS =     0.0
 Etot   =     -2119.3028  EKtot   =       565.6576  EPtot      =     -2684.9604
 BOND   =       218.1766  ANGLE   =       345.2727  DIHED      =       499.6275
 1-4 NB =       155.5899  1-4 EEL =      -323.0994  VDWAALS    =      -329.9212
 EELEC  =      -611.1986  EGB     =     -2639.4078  RESTRAINT  =         0.0000
 ------------------------------------------------------------------------------


 NSTEP =    80500   TIME(PS) =      80.500  TEMP(K) =   296.22  PRESS =     0.0
 Etot   =     -2117.0879  EKtot   =       563.3326  EPtot      =     -2680.4204
 BOND   =       235.3857  ANGLE   =       344.9245  DIHED      =       494.0049
 1-4 NB =       159.3161  1-4 EEL =      -352.8518  VDWAALS    =      -324.3423
 EELEC  =      -470.9903  EGB     =     -2765.8674  RESTRAINT  =         0.0000
 ------------------------------------------------------------------------------


 NSTEP =    80600   TIME(PS) =      80.600  TEMP(K) =   305.75  PRESS =     0.0
 Etot   =     -2114.8459  EKtot   =       581.4556  EPtot      =     -2696.3015
 BOND   =       223.4480  ANGLE   =       334.0518  DIHED      =       494.9596
 1-4 NB =       160.8256  1-4 EEL =      -361.3832  VDWAALS    =      -321.2872
 EELEC  =      -654.2180  EGB     =     -2572.6980  RESTRAINT  =         0.0000
 ------------------------------------------------------------------------------


 NSTEP =    80700   TIME(PS) =      80.700  TEMP(K) =   306.88  PRESS =     0.0
 Etot   =     -2097.0546  EKtot   =       583.6088  EPtot      =     -2680.6634
 BOND   =       249.4966  ANGLE   =       335.0392  DIHED      =       506.0269
 1-4 NB =       155.9874  1-4 EEL =      -360.0517  VDWAALS    =      -325.7251
 EELEC  =      -864.4210  EGB     =     -2377.0156  RESTRAINT  =         0.0000
 ------------------------------------------------------------------------------


 NSTEP =    80800   TIME(PS) =      80.800  TEMP(K) =   302.33  PRESS =     0.0
 Etot   =     -2112.7248  EKtot   =       574.9507  EPtot      =     -2687.6755
 BOND   =       199.6300  ANGLE   =       357.6392  DIHED      =       507.8035
 1-4 NB =       164.0602  1-4 EEL =      -355.7975  VDWAALS    =      -328.8736
 EELEC  =      -751.7333  EGB     =     -2480.4040  RESTRAINT  =         0.0000
 ------------------------------------------------------------------------------


 NSTEP =    80900   TIME(PS) =      80.900  TEMP(K) =   310.52  PRESS =     0.0
 Etot   =     -2105.8771  EKtot   =       590.5326  EPtot      =     -2696.4097
 BOND   =       212.8111  ANGLE   =       329.2071  DIHED      =       501.6898
 1-4 NB =       163.8124  1-4 EEL =      -334.3743  VDWAALS    =      -315.6030
 EELEC  =      -785.0791  EGB     =     -2468.8738  RESTRAINT  =         0.0000
 ------------------------------------------------------------------------------

| RE_POSITION Moving by  -0.893569 -0.084728 -0.100258

 NSTEP =    81000   TIME(PS) =      81.000  TEMP(K) =   289.88  PRESS =     0.0
 Etot   =     -2119.2855  EKtot   =       551.2827  EPtot      =     -2670.5683
 BOND   =       220.4748  ANGLE   =       359.7127  DIHED      =       506.3244
 1-4 NB =       160.2334  1-4 EEL =      -374.2345  VDWAALS    =      -322.6884
 EELEC  =      -527.3184  EGB     =     -2693.0722  RESTRAINT  =         0.0000
 ------------------------------------------------------------------------------


 NSTEP =    81100   TIME(PS) =      81.100  TEMP(K) =   304.00  PRESS =     0.0
 Etot   =     -2115.2014  EKtot   =       578.1280  EPtot      =     -2693.3294
 BOND   =       217.9281  ANGLE   =       339.6564  DIHED      =       500.7124
 1-4 NB =       159.8147  1-4 EEL =      -366.1471  VDWAALS    =      -323.6483
 EELEC  =      -622.7606  EGB     =     -2598.8851  RESTRAINT  =         0.0000
 ------------------------------------------------------------------------------


 NSTEP =    81200   TIME(PS) =      81.200  TEMP(K) =   297.04  PRESS =     0.0
 Etot   =     -2114.6394  EKtot   =       564.8857  EPtot      =     -2679.5251
 BOND   =       214.4249  ANGLE   =       354.9193  DIHED      =       507.3613
 1-4 NB =       162.5087  1-4 EEL =      -344.6185  VDWAALS    =      -321.7673
 EELEC  =     -1094.1988  EGB     =     -2158.1547  RESTRAINT  =         0.0000
 ------------------------------------------------------------------------------


 NSTEP =    81300   TIME(PS) =      81.300  TEMP(K) =   309.50  PRESS =     0.0
 Etot   =     -2098.2114  EKtot   =       588.5892  EPtot      =     -2686.8006
 BOND   =       211.3809  ANGLE   =       351.3610  DIHED      =       518.6010
 1-4 NB =       154.0302  1-4 EEL =      -349.4607  VDWAALS    =      -327.9988
 EELEC  =      -832.7634  EGB     =     -2411.9508  RESTRAINT  =         0.0000
 ------------------------------------------------------------------------------


 NSTEP =    81400   TIME(PS) =      81.400  TEMP(K) =   299.28  PRESS =     0.0
 Etot   =     -2101.8072  EKtot   =       569.1452  EPtot      =     -2670.9524
 BOND   =       227.3864  ANGLE   =       369.6896  DIHED      =       495.5172
 1-4 NB =       156.7133  1-4 EEL =      -344.3282  VDWAALS    =      -325.0876
 EELEC  =     -1094.1743  EGB     =     -2156.6689  RESTRAINT  =         0.0000
 ------------------------------------------------------------------------------


 NSTEP =    81500   TIME(PS) =      81.500  TEMP(K) =   322.80  PRESS =     0.0
 Etot   =     -2085.6942  EKtot   =       613.8856  EPtot      =     -2699.5799
 BOND   =       192.7776  ANGLE   =       350.1089  DIHED      =       500.0925
 1-4 NB =       163.7656  1-4 EEL =      -347.3492  VDWAALS    =      -315.7484
 EELEC  =     -1151.5418  EGB     =     -2091.6850  RESTRAINT  =         0.0000
 ------------------------------------------------------------------------------


 NSTEP =    81600   TIME(PS) =      81.600  TEMP(K) =   297.02  PRESS =     0.0
 Etot   =     -2085.1510  EKtot   =       564.8574  EPtot      =     -2650.0084
 BOND   =       219.5685  ANGLE   =       354.7622  DIHED      =       515.1652
 1-4 NB =       158.0912  1-4 EEL =      -344.5048  VDWAALS    =      -318.3220
 EELEC  =      -959.3360  EGB     =     -2275.4326  RESTRAINT  =         0.0000
 ------------------------------------------------------------------------------


 NSTEP =    81700   TIME(PS) =      81.700  TEMP(K) =   311.53  PRESS =     0.0
 Etot   =     -2070.2058  EKtot   =       592.4476  EPtot      =     -2662.6534
 BOND   =       220.7854  ANGLE   =       341.6748  DIHED      =       517.8088
 1-4 NB =       157.8972  1-4 EEL =      -321.0864  VDWAALS    =      -329.1648
 EELEC  =      -863.2234  EGB     =     -2387.3449  RESTRAINT  =         0.0000
 ------------------------------------------------------------------------------


 NSTEP =    81800   TIME(PS) =      81.800  TEMP(K) =   312.85  PRESS =     0.0
 Etot   =     -2085.6346  EKtot   =       594.9516  EPtot      =     -2680.5861
 BOND   =       211.0881  ANGLE   =       364.5384  DIHED      =       500.0201
 1-4 NB =       152.2721  1-4 EEL =      -351.2448  VDWAALS    =      -331.7244
 EELEC  =      -618.4582  EGB     =     -2607.0774  RESTRAINT  =         0.0000
 ------------------------------------------------------------------------------


 NSTEP =    81900   TIME(PS) =      81.900  TEMP(K) =   308.12  PRESS =     0.0
 Etot   =     -2080.7226  EKtot   =       585.9569  EPtot      =     -2666.6794
 BOND   =       239.4295  ANGLE   =       331.0390  DIHED      =       497.1301
 1-4 NB =       167.7682  1-4 EEL =      -310.3282  VDWAALS    =      -328.9771
 EELEC  =     -1043.1230  EGB     =     -2219.6180  RESTRAINT  =         0.0000
 ------------------------------------------------------------------------------

| RE_POSITION Moving by   0.728098  0.465934  0.763172

 NSTEP =    82000   TIME(PS) =      82.000  TEMP(K) =   298.19  PRESS =     0.0
 Etot   =     -2088.6349  EKtot   =       567.0886  EPtot      =     -2655.7235
 BOND   =       230.8922  ANGLE   =       372.6301  DIHED      =       493.1235
 1-4 NB =       157.3081  1-4 EEL =      -353.7767  VDWAALS    =      -327.2250
 EELEC  =     -1016.6109  EGB     =     -2212.0647  RESTRAINT  =         0.0000
 ------------------------------------------------------------------------------


 NSTEP =    82100   TIME(PS) =      82.100  TEMP(K) =   308.52  PRESS =     0.0
 Etot   =     -2093.5663  EKtot   =       586.7234  EPtot      =     -2680.2897
 BOND   =       231.1726  ANGLE   =       344.2516  DIHED      =       507.8922
 1-4 NB =       146.3948  1-4 EEL =      -325.4609  VDWAALS    =      -328.0498
 EELEC  =     -1371.1736  EGB     =     -1885.3167  RESTRAINT  =         0.0000
 ------------------------------------------------------------------------------


 NSTEP =    82200   TIME(PS) =      82.200  TEMP(K) =   302.20  PRESS =     0.0
 Etot   =     -2098.5951  EKtot   =       574.6980  EPtot      =     -2673.2931
 BOND   =       237.7611  ANGLE   =       349.8116  DIHED      =       499.3336
 1-4 NB =       151.4530  1-4 EEL =      -339.2861  VDWAALS    =      -335.7805
 EELEC  =     -1207.5386  EGB     =     -2029.0472  RESTRAINT  =         0.0000
 ------------------------------------------------------------------------------


 NSTEP =    82300   TIME(PS) =      82.300  TEMP(K) =   299.11  PRESS =     0.0
 Etot   =     -2108.0331  EKtot   =       568.8367  EPtot      =     -2676.8698
 BOND   =       226.4297  ANGLE   =       347.6788  DIHED      =       492.3026
 1-4 NB =       160.0865  1-4 EEL =      -351.6053  VDWAALS    =      -332.5591
 EELEC  =     -1023.0569  EGB     =     -2196.1461  RESTRAINT  =         0.0000
 ------------------------------------------------------------------------------


 NSTEP =    82400   TIME(PS) =      82.400  TEMP(K) =   313.98  PRESS =     0.0
 Etot   =     -2108.4006  EKtot   =       597.1006  EPtot      =     -2705.5012
 BOND   =       212.4242  ANGLE   =       335.8888  DIHED      =       493.9865
 1-4 NB =       160.4026  1-4 EEL =      -312.2402  VDWAALS    =      -333.9329
 EELEC  =     -1251.9870  EGB     =     -2010.0433  RESTRAINT  =         0.0000
 ------------------------------------------------------------------------------


 NSTEP =    82500   TIME(PS) =      82.500  TEMP(K) =   301.81  PRESS =     0.0
 Etot   =     -2094.7724  EKtot   =       573.9660  EPtot      =     -2668.7384
 BOND   =       235.6084  ANGLE   =       362.1945  DIHED      =       496.1159
 1-4 NB =       154.1569  1-4 EEL =      -337.0678  VDWAALS    =      -326.6684
 EELEC  =      -980.9865  EGB     =     -2272.0913  RESTRAINT  =         0.0000
 ------------------------------------------------------------------------------


 NSTEP =    82600   TIME(PS) =      82.600  TEMP(K) =   306.62  PRESS =     0.0
 Etot   =     -2108.4679  EKtot   =       583.1119  EPtot      =     -2691.5798
 BOND   =       223.3338  ANGLE   =       342.5801  DIHED      =       490.8841
 1-4 NB =       154.5424  1-4 EEL =      -323.4306  VDWAALS    =      -336.8271
 EELEC  =      -983.5814  EGB     =     -2259.0810  RESTRAINT  =         0.0000
 ------------------------------------------------------------------------------


 NSTEP =    82700   TIME(PS) =      82.700  TEMP(K) =   288.52  PRESS =     0.0
 Etot   =     -2129.3206  EKtot   =       548.6860  EPtot      =     -2678.0067
 BOND   =       224.6827  ANGLE   =       342.2944  DIHED      =       500.5010
 1-4 NB =       161.0637  1-4 EEL =      -313.2722  VDWAALS    =      -332.6502
 EELEC  =     -1448.5416  EGB     =     -1812.0845  RESTRAINT  =         0.0000
 ------------------------------------------------------------------------------


 NSTEP =    82800   TIME(PS) =      82.800  TEMP(K) =   289.48  PRESS =     0.0
 Etot   =     -2118.8098  EKtot   =       550.5183  EPtot      =     -2669.3281
 BOND   =       236.3659  ANGLE   =       361.4155  DIHED      =       498.6831
 1-4 NB =       156.4366  1-4 EEL =      -320.8549  VDWAALS    =      -335.4484
 EELEC  =     -1375.1978  EGB     =     -1890.7280  RESTRAINT  =         0.0000
 ------------------------------------------------------------------------------


 NSTEP =    82900   TIME(PS) =      82.900  TEMP(K) =   290.02  PRESS =     0.0
 Etot   =     -2111.7706  EKtot   =       551.5504  EPtot      =     -2663.3210
 BOND   =       236.3662  ANGLE   =       367.8817  DIHED      =       494.4304
 1-4 NB =       152.8819  1-4 EEL =      -334.5136  VDWAALS    =      -330.1886
 EELEC  =      -925.6681  EGB     =     -2324.5109  RESTRAINT  =         0.0000
 ------------------------------------------------------------------------------

| RE_POSITION Moving by   1.138196 -0.028649  1.997933

 NSTEP =    83000   TIME(PS) =      83.000  TEMP(K) =   301.55  PRESS =     0.0
 Etot   =     -2084.0257  EKtot   =       573.4778  EPtot      =     -2657.5035
 BOND   =       248.2533  ANGLE   =       351.5998  DIHED      =       486.8287
 1-4 NB =       152.7538  1-4 EEL =      -333.7931  VDWAALS    =      -328.5714
 EELEC  =     -1007.2953  EGB     =     -2227.2793  RESTRAINT  =         0.0000
 ------------------------------------------------------------------------------


 NSTEP =    83100   TIME(PS) =      83.100  TEMP(K) =   316.86  PRESS =     0.0
 Etot   =     -2089.0580  EKtot   =       602.5942  EPtot      =     -2691.6522
 BOND   =       213.3206  ANGLE   =       349.7774  DIHED      =       497.1156
 1-4 NB =       164.6927  1-4 EEL =      -360.0868  VDWAALS    =      -325.0798
 EELEC  =      -902.4328  EGB     =     -2328.9589  RESTRAINT  =         0.0000
 ------------------------------------------------------------------------------


 NSTEP =    83200   TIME(PS) =      83.200  TEMP(K) =   300.27  PRESS =     0.0
 Etot   =     -2084.2287  EKtot   =       571.0303  EPtot      =     -2655.2590
 BOND   =       250.9943  ANGLE   =       352.2607  DIHED      =       493.0398
 1-4 NB =       156.4644  1-4 EEL =      -345.6422  VDWAALS    =      -322.1285
 EELEC  =      -901.9725  EGB     =     -2338.2750  RESTRAINT  =         0.0000
 ------------------------------------------------------------------------------


 NSTEP =    83300   TIME(PS) =      83.300  TEMP(K) =   313.86  PRESS =     0.0
 Etot   =     -2074.2277  EKtot   =       596.8770  EPtot      =     -2671.1048
 BOND   =       260.4041  ANGLE   =       345.2091  DIHED      =       493.0796
 1-4 NB =       155.9178  1-4 EEL =      -354.9050  VDWAALS    =      -332.0268
 EELEC  =     -1089.0085  EGB     =     -2149.7750  RESTRAINT  =         0.0000
 ------------------------------------------------------------------------------


 NSTEP =    83400   TIME(PS) =      83.400  TEMP(K) =   301.22  PRESS =     0.0
 Etot   =     -2066.7746  EKtot   =       572.8482  EPtot      =     -2639.6228
 BOND   =       252.2265  ANGLE   =       351.1400  DIHED      =       498.0006
 1-4 NB =       159.1842  1-4 EEL =      -348.1144  VDWAALS    =      -329.0228
 EELEC  =      -794.0831  EGB     =     -2428.9539  RESTRAINT  =         0.0000
 ------------------------------------------------------------------------------


 NSTEP =    83500   TIME(PS) =      83.500  TEMP(K) =   311.92  PRESS =     0.0
 Etot   =     -2056.3963  EKtot   =       593.1857  EPtot      =     -2649.5819
 BOND   =       244.7296  ANGLE   =       351.0541  DIHED      =       493.8389
 1-4 NB =       166.4456  1-4 EEL =      -349.9918  VDWAALS    =      -318.0437
 EELEC  =      -698.6650  EGB     =     -2538.9497  RESTRAINT  =         0.0000
 ------------------------------------------------------------------------------


 NSTEP =    83600   TIME(PS) =      83.600  TEMP(K) =   311.70  PRESS =     0.0
 Etot   =     -2066.0753  EKtot   =       592.7675  EPtot      =     -2658.8427
 BOND   =       236.3896  ANGLE   =       361.3722  DIHED      =       497.2270
 1-4 NB =       148.1318  1-4 EEL =      -340.4620  VDWAALS    =      -316.6690
 EELEC  =      -828.0400  EGB     =     -2416.7923  RESTRAINT  =         0.0000
 ------------------------------------------------------------------------------


 NSTEP =    83700   TIME(PS) =      83.700  TEMP(K) =   304.03  PRESS =     0.0
 Etot   =     -2055.5157  EKtot   =       578.1775  EPtot      =     -2633.6932
 BOND   =       242.9168  ANGLE   =       389.6384  DIHED      =       487.6442
 1-4 NB =       154.4186  1-4 EEL =      -345.0973  VDWAALS    =      -317.4586
 EELEC  =      -628.6052  EGB     =     -2617.1501  RESTRAINT  =         0.0000
 ------------------------------------------------------------------------------


 NSTEP =    83800   TIME(PS) =      83.800  TEMP(K) =   307.01  PRESS =     0.0
 Etot   =     -2077.4707  EKtot   =       583.8596  EPtot      =     -2661.3303
 BOND   =       218.6701  ANGLE   =       369.0874  DIHED      =       500.4593
 1-4 NB =       165.0795  1-4 EEL =      -346.2496  VDWAALS    =      -322.4712
 EELEC  =      -647.4515  EGB     =     -2598.4543  RESTRAINT  =         0.0000
 ------------------------------------------------------------------------------


 NSTEP =    83900   TIME(PS) =      83.900  TEMP(K) =   301.74  PRESS =     0.0
 Etot   =     -2084.6752  EKtot   =       573.8334  EPtot      =     -2658.5086
 BOND   =       252.4869  ANGLE   =       341.4804  DIHED      =       497.1198
 1-4 NB =       157.1703  1-4 EEL =      -324.8710  VDWAALS    =      -313.7979
 EELEC  =      -822.4381  EGB     =     -2445.6591  RESTRAINT  =         0.0000
 ------------------------------------------------------------------------------

| RE_POSITION Moving by  -0.182028 -0.538574  0.532511

 NSTEP =    84000   TIME(PS) =      84.000  TEMP(K) =   305.64  PRESS =     0.0
 Etot   =     -2081.1551  EKtot   =       581.2408  EPtot      =     -2662.3959
 BOND   =       240.0975  ANGLE   =       333.4672  DIHED      =       507.5311
 1-4 NB =       153.5516  1-4 EEL =      -332.7925  VDWAALS    =      -308.6951
 EELEC  =      -873.0753  EGB     =     -2382.4803  RESTRAINT  =         0.0000
 ------------------------------------------------------------------------------


 NSTEP =    84100   TIME(PS) =      84.100  TEMP(K) =   291.79  PRESS =     0.0
 Etot   =     -2074.6443  EKtot   =       554.9023  EPtot      =     -2629.5466
 BOND   =       246.6833  ANGLE   =       365.2193  DIHED      =       510.1913
 1-4 NB =       156.3233  1-4 EEL =      -343.7413  VDWAALS    =      -320.6797
 EELEC  =     -1178.0630  EGB     =     -2065.4799  RESTRAINT  =         0.0000
 ------------------------------------------------------------------------------


 NSTEP =    84200   TIME(PS) =      84.200  TEMP(K) =   302.00  PRESS =     0.0
 Etot   =     -2091.0017  EKtot   =       574.3190  EPtot      =     -2665.3207
 BOND   =       252.2005  ANGLE   =       351.8114  DIHED      =       487.6926
 1-4 NB =       148.8964  1-4 EEL =      -340.7779  VDWAALS    =      -327.6375
 EELEC  =      -536.0328  EGB     =     -2701.4734  RESTRAINT  =         0.0000
 ------------------------------------------------------------------------------


 NSTEP =    84300   TIME(PS) =      84.300  TEMP(K) =   303.39  PRESS =     0.0
 Etot   =     -2084.4122  EKtot   =       576.9711  EPtot      =     -2661.3833
 BOND   =       245.4301  ANGLE   =       352.9564  DIHED      =       492.9755
 1-4 NB =       160.5120  1-4 EEL =      -361.3710  VDWAALS    =      -323.9971
 EELEC  =      -303.8744  EGB     =     -2924.0148  RESTRAINT  =         0.0000
 ------------------------------------------------------------------------------


 NSTEP =    84400   TIME(PS) =      84.400  TEMP(K) =   308.16  PRESS =     0.0
 Etot   =     -2097.5439  EKtot   =       586.0423  EPtot      =     -2683.5862
 BOND   =       233.3379  ANGLE   =       327.2254  DIHED      =       508.9284
 1-4 NB =       156.4886  1-4 EEL =      -343.9470  VDWAALS    =      -321.9811
 EELEC  =      -637.9130  EGB     =     -2605.7255  RESTRAINT  =         0.0000
 ------------------------------------------------------------------------------


 NSTEP =    84500   TIME(PS) =      84.500  TEMP(K) =   322.69  PRESS =     0.0
 Etot   =     -2076.1403  EKtot   =       613.6713  EPtot      =     -2689.8116
 BOND   =       216.0796  ANGLE   =       343.9424  DIHED      =       504.0999
 1-4 NB =       160.8353  1-4 EEL =      -335.6426  VDWAALS    =      -326.9552
 EELEC  =      -719.2449  EGB     =     -2532.9262  RESTRAINT  =         0.0000
 ------------------------------------------------------------------------------


 NSTEP =    84600   TIME(PS) =      84.600  TEMP(K) =   319.27  PRESS =     0.0
 Etot   =     -2074.9519  EKtot   =       607.1748  EPtot      =     -2682.1267
 BOND   =       227.1891  ANGLE   =       344.0868  DIHED      =       496.5941
 1-4 NB =       159.5398  1-4 EEL =      -329.4484  VDWAALS    =      -327.1191
 EELEC  =      -718.4930  EGB     =     -2534.4759  RESTRAINT  =         0.0000
 ------------------------------------------------------------------------------


 NSTEP =    84700   TIME(PS) =      84.700  TEMP(K) =   307.30  PRESS =     0.0
 Etot   =     -2077.5163  EKtot   =       584.4012  EPtot      =     -2661.9175
 BOND   =       244.9457  ANGLE   =       352.9019  DIHED      =       495.7161
 1-4 NB =       154.7307  1-4 EEL =      -351.9604  VDWAALS    =      -332.1544
 EELEC  =     -1065.0702  EGB     =     -2161.0270  RESTRAINT  =         0.0000
 ------------------------------------------------------------------------------


 NSTEP =    84800   TIME(PS) =      84.800  TEMP(K) =   307.46  PRESS =     0.0
 Etot   =     -2062.2858  EKtot   =       584.7121  EPtot      =     -2646.9979
 BOND   =       252.8012  ANGLE   =       354.9386  DIHED      =       500.3994
 1-4 NB =       162.9851  1-4 EEL =      -348.0167  VDWAALS    =      -337.6423
 EELEC  =      -994.8166  EGB     =     -2237.6466  RESTRAINT  =         0.0000
 ------------------------------------------------------------------------------


 NSTEP =    84900   TIME(PS) =      84.900  TEMP(K) =   292.70  PRESS =     0.0
 Etot   =     -2094.6043  EKtot   =       556.6378  EPtot      =     -2651.2421
 BOND   =       245.1270  ANGLE   =       353.6314  DIHED      =       503.6199
 1-4 NB =       150.2291  1-4 EEL =      -352.7663  VDWAALS    =      -331.5642
 EELEC  =      -942.7848  EGB     =     -2276.7341  RESTRAINT  =         0.0000
 ------------------------------------------------------------------------------

| RE_POSITION Moving by  -0.279647  0.700150 -1.215082

 NSTEP =    85000   TIME(PS) =      85.000  TEMP(K) =   306.80  PRESS =     0.0
 Etot   =     -2096.4811  EKtot   =       583.4542  EPtot      =     -2679.9353
 BOND   =       233.0242  ANGLE   =       324.1091  DIHED      =       510.7681
 1-4 NB =       161.5206  1-4 EEL =      -332.9550  VDWAALS    =      -327.3642
 EELEC  =      -935.1729  EGB     =     -2313.8654  RESTRAINT  =         0.0000
 ------------------------------------------------------------------------------


 NSTEP =    85100   TIME(PS) =      85.100  TEMP(K) =   295.46  PRESS =     0.0
 Etot   =     -2096.4990  EKtot   =       561.8979  EPtot      =     -2658.3968
 BOND   =       248.3984  ANGLE   =       348.5199  DIHED      =       499.9317
 1-4 NB =       157.9502  1-4 EEL =      -336.2030  VDWAALS    =      -334.9731
 EELEC  =      -851.3445  EGB     =     -2390.6764  RESTRAINT  =         0.0000
 ------------------------------------------------------------------------------


 NSTEP =    85200   TIME(PS) =      85.200  TEMP(K) =   300.13  PRESS =     0.0
 Etot   =     -2080.8409  EKtot   =       570.7684  EPtot      =     -2651.6094
 BOND   =       243.7058  ANGLE   =       338.5391  DIHED      =       515.7058
 1-4 NB =       160.9350  1-4 EEL =      -333.3896  VDWAALS    =      -343.9839
 EELEC  =      -738.6725  EGB     =     -2494.4490  RESTRAINT  =         0.0000
 ------------------------------------------------------------------------------


 NSTEP =    85300   TIME(PS) =      85.300  TEMP(K) =   308.03  PRESS =     0.0
 Etot   =     -2088.0784  EKtot   =       585.7929  EPtot      =     -2673.8713
 BOND   =       230.8418  ANGLE   =       337.8296  DIHED      =       502.1443
 1-4 NB =       155.5756  1-4 EEL =      -339.6679  VDWAALS    =      -331.4784
 EELEC  =      -806.8206  EGB     =     -2422.2957  RESTRAINT  =         0.0000
 ------------------------------------------------------------------------------


 NSTEP =    85400   TIME(PS) =      85.400  TEMP(K) =   298.98  PRESS =     0.0
 Etot   =     -2087.5751  EKtot   =       568.5845  EPtot      =     -2656.1596
 BOND   =       249.6943  ANGLE   =       346.8316  DIHED      =       504.2885
 1-4 NB =       163.8945  1-4 EEL =      -362.4777  VDWAALS    =      -331.2283
 EELEC  =      -751.1618  EGB     =     -2476.0007  RESTRAINT  =         0.0000
 ------------------------------------------------------------------------------


 NSTEP =    85500   TIME(PS) =      85.500  TEMP(K) =   308.40  PRESS =     0.0
 Etot   =     -2100.3164  EKtot   =       586.5058  EPtot      =     -2686.8222
 BOND   =       232.4026  ANGLE   =       341.4169  DIHED      =       497.4370
 1-4 NB =       165.2414  1-4 EEL =      -338.5982  VDWAALS    =      -327.9563
 EELEC  =      -969.1008  EGB     =     -2287.6649  RESTRAINT  =         0.0000
 ------------------------------------------------------------------------------


 NSTEP =    85600   TIME(PS) =      85.600  TEMP(K) =   305.85  PRESS =     0.0
 Etot   =     -2091.7974  EKtot   =       581.6523  EPtot      =     -2673.4496
 BOND   =       241.4542  ANGLE   =       348.3451  DIHED      =       492.2420
 1-4 NB =       158.7570  1-4 EEL =      -340.4241  VDWAALS    =      -332.5355
 EELEC  =     -1125.9288  EGB     =     -2115.3596  RESTRAINT  =         0.0000
 ------------------------------------------------------------------------------


 NSTEP =    85700   TIME(PS) =      85.700  TEMP(K) =   292.51  PRESS =     0.0
 Etot   =     -2122.5777  EKtot   =       556.2749  EPtot      =     -2678.8526
 BOND   =       226.9279  ANGLE   =       330.1636  DIHED      =       488.6849
 1-4 NB =       163.0406  1-4 EEL =      -317.2048  VDWAALS    =      -327.1534
 EELEC  =     -1104.3780  EGB     =     -2138.9333  RESTRAINT  =         0.0000
 ------------------------------------------------------------------------------


 NSTEP =    85800   TIME(PS) =      85.800  TEMP(K) =   307.15  PRESS =     0.0
 Etot   =     -2107.4556  EKtot   =       584.1194  EPtot      =     -2691.5750
 BOND   =       215.3738  ANGLE   =       341.6454  DIHED      =       497.8805
 1-4 NB =       157.6642  1-4 EEL =      -336.3797  VDWAALS    =      -328.7581
 EELEC  =     -1072.1428  EGB     =     -2166.8583  RESTRAINT  =         0.0000
 ------------------------------------------------------------------------------


 NSTEP =    85900   TIME(PS) =      85.900  TEMP(K) =   305.88  PRESS =     0.0
 Etot   =     -2103.1275  EKtot   =       581.6971  EPtot      =     -2684.8246
 BOND   =       203.1997  ANGLE   =       358.6330  DIHED      =       506.5571
 1-4 NB =       151.5255  1-4 EEL =      -325.9065  VDWAALS    =      -330.4447
 EELEC  =      -728.1470  EGB     =     -2520.2419  RESTRAINT  =         0.0000
 ------------------------------------------------------------------------------

| RE_POSITION Moving by   0.551861 -0.172096 -0.462972

 NSTEP =    86000   TIME(PS) =      86.000  TEMP(K) =   297.64  PRESS =     0.0
 Etot   =     -2110.9764  EKtot   =       566.0361  EPtot      =     -2677.0125
 BOND   =       218.7251  ANGLE   =       343.4368  DIHED      =       497.2625
 1-4 NB =       156.8195  1-4 EEL =      -312.5958  VDWAALS    =      -326.3908
 EELEC  =      -762.8622  EGB     =     -2491.4078  RESTRAINT  =         0.0000
 ------------------------------------------------------------------------------


 NSTEP =    86100   TIME(PS) =      86.100  TEMP(K) =   302.36  PRESS =     0.0
 Etot   =     -2114.5271  EKtot   =       575.0030  EPtot      =     -2689.5301
 BOND   =       238.9965  ANGLE   =       351.5456  DIHED      =       484.1891
 1-4 NB =       149.3338  1-4 EEL =      -333.2927  VDWAALS    =      -323.0076
 EELEC  =      -979.7477  EGB     =     -2277.5471  RESTRAINT  =         0.0000
 ------------------------------------------------------------------------------


 NSTEP =    86200   TIME(PS) =      86.200  TEMP(K) =   306.30  PRESS =     0.0
 Etot   =     -2108.6922  EKtot   =       582.4999  EPtot      =     -2691.1921
 BOND   =       211.1950  ANGLE   =       343.9231  DIHED      =       509.2830
 1-4 NB =       158.1448  1-4 EEL =      -352.5776  VDWAALS    =      -330.2779
 EELEC  =      -753.6339  EGB     =     -2477.2486  RESTRAINT  =         0.0000
 ------------------------------------------------------------------------------


 NSTEP =    86300   TIME(PS) =      86.300  TEMP(K) =   292.48  PRESS =     0.0
 Etot   =     -2121.4605  EKtot   =       556.2158  EPtot      =     -2677.6762
 BOND   =       229.2372  ANGLE   =       346.5744  DIHED      =       498.1037
 1-4 NB =       148.5336  1-4 EEL =      -329.4063  VDWAALS    =      -325.0409
 EELEC  =      -757.2520  EGB     =     -2488.4259  RESTRAINT  =         0.0000
 ------------------------------------------------------------------------------


 NSTEP =    86400   TIME(PS) =      86.400  TEMP(K) =   291.89  PRESS =     0.0
 Etot   =     -2123.7391  EKtot   =       555.1016  EPtot      =     -2678.8407
 BOND   =       219.4380  ANGLE   =       358.6386  DIHED      =       496.4225
 1-4 NB =       159.7370  1-4 EEL =      -349.0373  VDWAALS    =      -318.7920
 EELEC  =      -667.1827  EGB     =     -2578.0649  RESTRAINT  =         0.0000
 ------------------------------------------------------------------------------


 NSTEP =    86500   TIME(PS) =      86.500  TEMP(K) =   295.29  PRESS =     0.0
 Etot   =     -2128.2592  EKtot   =       561.5576  EPtot      =     -2689.8168
 BOND   =       218.2604  ANGLE   =       324.9732  DIHED      =       505.4195
 1-4 NB =       169.0898  1-4 EEL =      -326.3740  VDWAALS    =      -315.8403
 EELEC  =     -1089.4177  EGB     =     -2175.9277  RESTRAINT  =         0.0000
 ------------------------------------------------------------------------------


 NSTEP =    86600   TIME(PS) =      86.600  TEMP(K) =   299.37  PRESS =     0.0
 Etot   =     -2119.7548  EKtot   =       569.3318  EPtot      =     -2689.0866
 BOND   =       227.6928  ANGLE   =       341.4865  DIHED      =       496.7408
 1-4 NB =       154.4789  1-4 EEL =      -329.9162  VDWAALS    =      -313.1140
 EELEC  =     -1261.2046  EGB     =     -2005.2507  RESTRAINT  =         0.0000
 ------------------------------------------------------------------------------


 NSTEP =    86700   TIME(PS) =      86.700  TEMP(K) =   308.08  PRESS =     0.0
 Etot   =     -2110.9949  EKtot   =       585.8793  EPtot      =     -2696.8742
 BOND   =       232.7953  ANGLE   =       325.4482  DIHED      =       507.9696
 1-4 NB =       152.7999  1-4 EEL =      -329.3788  VDWAALS    =      -321.3983
 EELEC  =     -1081.2051  EGB     =     -2183.9051  RESTRAINT  =         0.0000
 ------------------------------------------------------------------------------


 NSTEP =    86800   TIME(PS) =      86.800  TEMP(K) =   306.80  PRESS =     0.0
 Etot   =     -2116.8783  EKtot   =       583.4478  EPtot      =     -2700.3261
 BOND   =       219.3451  ANGLE   =       311.6416  DIHED      =       510.7571
 1-4 NB =       165.5726  1-4 EEL =      -326.3275  VDWAALS    =      -321.1939
 EELEC  =     -1216.2816  EGB     =     -2043.8396  RESTRAINT  =         0.0000
 ------------------------------------------------------------------------------


 NSTEP =    86900   TIME(PS) =      86.900  TEMP(K) =   288.64  PRESS =     0.0
 Etot   =     -2124.1636  EKtot   =       548.9260  EPtot      =     -2673.0896
 BOND   =       216.2769  ANGLE   =       352.6657  DIHED      =       514.7062
 1-4 NB =       157.3383  1-4 EEL =      -336.8865  VDWAALS    =      -313.6833
 EELEC  =      -920.1054  EGB     =     -2343.4014  RESTRAINT  =         0.0000
 ------------------------------------------------------------------------------

| RE_POSITION Moving by  -0.449828  0.792795  0.820755

 NSTEP =    87000   TIME(PS) =      87.000  TEMP(K) =   301.06  PRESS =     0.0
 Etot   =     -2125.4156  EKtot   =       572.5330  EPtot      =     -2697.9486
 BOND   =       219.1198  ANGLE   =       339.3757  DIHED      =       499.0508
 1-4 NB =       158.5257  1-4 EEL =      -342.7126  VDWAALS    =      -324.7677
 EELEC  =      -510.2864  EGB     =     -2736.2539  RESTRAINT  =         0.0000
 ------------------------------------------------------------------------------


 NSTEP =    87100   TIME(PS) =      87.100  TEMP(K) =   301.29  PRESS =     0.0
 Etot   =     -2110.9406  EKtot   =       572.9756  EPtot      =     -2683.9162
 BOND   =       228.9629  ANGLE   =       341.6800  DIHED      =       499.2220
 1-4 NB =       158.3697  1-4 EEL =      -348.3737  VDWAALS    =      -325.6051
 EELEC  =      -780.7877  EGB     =     -2457.3841  RESTRAINT  =         0.0000
 ------------------------------------------------------------------------------


 NSTEP =    87200   TIME(PS) =      87.200  TEMP(K) =   302.04  PRESS =     0.0
 Etot   =     -2115.4999  EKtot   =       574.4052  EPtot      =     -2689.9051
 BOND   =       214.5743  ANGLE   =       351.6646  DIHED      =       498.3151
 1-4 NB =       152.3974  1-4 EEL =      -341.6281  VDWAALS    =      -322.0601
 EELEC  =      -869.1961  EGB     =     -2373.9721  RESTRAINT  =         0.0000
 ------------------------------------------------------------------------------


 NSTEP =    87300   TIME(PS) =      87.300  TEMP(K) =   302.89  PRESS =     0.0
 Etot   =     -2124.4662  EKtot   =       576.0273  EPtot      =     -2700.4936
 BOND   =       220.8877  ANGLE   =       346.0036  DIHED      =       495.0352
 1-4 NB =       157.6176  1-4 EEL =      -348.9722  VDWAALS    =      -321.8750
 EELEC  =      -893.3160  EGB     =     -2355.8745  RESTRAINT  =         0.0000
 ------------------------------------------------------------------------------


 NSTEP =    87400   TIME(PS) =      87.400  TEMP(K) =   300.91  PRESS =     0.0
 Etot   =     -2098.3042  EKtot   =       572.2551  EPtot      =     -2670.5593
 BOND   =       229.2023  ANGLE   =       347.3357  DIHED      =       509.0848
 1-4 NB =       154.5690  1-4 EEL =      -339.6423  VDWAALS    =      -320.8440
 EELEC  =      -763.6382  EGB     =     -2486.6267  RESTRAINT  =         0.0000
 ------------------------------------------------------------------------------


 NSTEP =    87500   TIME(PS) =      87.500  TEMP(K) =   301.91  PRESS =     0.0
 Etot   =     -2085.3956  EKtot   =       574.1502  EPtot      =     -2659.5458
 BOND   =       239.8299  ANGLE   =       350.0428  DIHED      =       504.0060
 1-4 NB =       149.6685  1-4 EEL =      -343.3590  VDWAALS    =      -318.3959
 EELEC  =      -704.0471  EGB     =     -2537.2911  RESTRAINT  =         0.0000
 ------------------------------------------------------------------------------


 NSTEP =    87600   TIME(PS) =      87.600  TEMP(K) =   311.20  PRESS =     0.0
 Etot   =     -2103.6240  EKtot   =       591.8278  EPtot      =     -2695.4518
 BOND   =       206.1868  ANGLE   =       347.1607  DIHED      =       497.7204
 1-4 NB =       150.2051  1-4 EEL =      -328.4996  VDWAALS    =      -315.3300
 EELEC  =      -578.0406  EGB     =     -2674.8546  RESTRAINT  =         0.0000
 ------------------------------------------------------------------------------


 NSTEP =    87700   TIME(PS) =      87.700  TEMP(K) =   294.54  PRESS =     0.0
 Etot   =     -2107.1111  EKtot   =       560.1473  EPtot      =     -2667.2583
 BOND   =       215.0244  ANGLE   =       346.4342  DIHED      =       494.2786
 1-4 NB =       163.9551  1-4 EEL =      -305.8314  VDWAALS    =      -312.1371
 EELEC  =      -728.5667  EGB     =     -2540.4156  RESTRAINT  =         0.0000
 ------------------------------------------------------------------------------


 NSTEP =    87800   TIME(PS) =      87.800  TEMP(K) =   301.43  PRESS =     0.0
 Etot   =     -2092.0663  EKtot   =       573.2374  EPtot      =     -2665.3037
 BOND   =       234.1169  ANGLE   =       343.3608  DIHED      =       501.6261
 1-4 NB =       153.4415  1-4 EEL =      -350.2373  VDWAALS    =      -312.2768
 EELEC  =      -570.2099  EGB     =     -2665.1252  RESTRAINT  =         0.0000
 ------------------------------------------------------------------------------


 NSTEP =    87900   TIME(PS) =      87.900  TEMP(K) =   294.24  PRESS =     0.0
 Etot   =     -2097.4366  EKtot   =       559.5618  EPtot      =     -2656.9984
 BOND   =       216.8155  ANGLE   =       367.3171  DIHED      =       490.7956
 1-4 NB =       163.4504  1-4 EEL =      -348.3082  VDWAALS    =      -313.9705
 EELEC  =      -744.8702  EGB     =     -2488.2282  RESTRAINT  =         0.0000
 ------------------------------------------------------------------------------

| RE_POSITION Moving by  -0.466717  0.488586  0.116122

 NSTEP =    88000   TIME(PS) =      88.000  TEMP(K) =   308.27  PRESS =     0.0
 Etot   =     -2092.6901  EKtot   =       586.2496  EPtot      =     -2678.9397
 BOND   =       235.9149  ANGLE   =       358.3579  DIHED      =       493.7196
 1-4 NB =       153.8017  1-4 EEL =      -364.2621  VDWAALS    =      -318.0516
 EELEC  =      -810.3399  EGB     =     -2428.0802  RESTRAINT  =         0.0000
 ------------------------------------------------------------------------------


 NSTEP =    88100   TIME(PS) =      88.100  TEMP(K) =   302.29  PRESS =     0.0
 Etot   =     -2101.5567  EKtot   =       574.8735  EPtot      =     -2676.4302
 BOND   =       233.8977  ANGLE   =       334.0291  DIHED      =       495.4153
 1-4 NB =       159.8088  1-4 EEL =      -322.6258  VDWAALS    =      -322.8130
 EELEC  =      -671.2444  EGB     =     -2582.8978  RESTRAINT  =         0.0000
 ------------------------------------------------------------------------------


 NSTEP =    88200   TIME(PS) =      88.200  TEMP(K) =   296.96  PRESS =     0.0
 Etot   =     -2113.8032  EKtot   =       564.7433  EPtot      =     -2678.5464
 BOND   =       224.8230  ANGLE   =       354.5097  DIHED      =       509.5710
 1-4 NB =       150.3500  1-4 EEL =      -347.9792  VDWAALS    =      -324.2806
 EELEC  =      -761.2706  EGB     =     -2484.2698  RESTRAINT  =         0.0000
 ------------------------------------------------------------------------------


 NSTEP =    88300   TIME(PS) =      88.300  TEMP(K) =   300.00  PRESS =     0.0
 Etot   =     -2100.0154  EKtot   =       570.5135  EPtot      =     -2670.5289
 BOND   =       222.4360  ANGLE   =       362.1390  DIHED      =       495.8768
 1-4 NB =       155.0579  1-4 EEL =      -337.0630  VDWAALS    =      -329.2039
 EELEC  =      -729.6619  EGB     =     -2510.1098  RESTRAINT  =         0.0000
 ------------------------------------------------------------------------------


 NSTEP =    88400   TIME(PS) =      88.400  TEMP(K) =   308.87  PRESS =     0.0
 Etot   =     -2085.9216  EKtot   =       587.3856  EPtot      =     -2673.3072
 BOND   =       221.2355  ANGLE   =       358.6803  DIHED      =       494.9850
 1-4 NB =       160.4204  1-4 EEL =      -331.8653  VDWAALS    =      -330.6453
 EELEC  =      -679.3521  EGB     =     -2566.7656  RESTRAINT  =         0.0000
 ------------------------------------------------------------------------------


 NSTEP =    88500   TIME(PS) =      88.500  TEMP(K) =   296.27  PRESS =     0.0
 Etot   =     -2091.1871  EKtot   =       563.4353  EPtot      =     -2654.6224
 BOND   =       231.6309  ANGLE   =       339.7462  DIHED      =       505.7814
 1-4 NB =       165.2965  1-4 EEL =      -334.6603  VDWAALS    =      -324.8032
 EELEC  =      -787.4814  EGB     =     -2450.1325  RESTRAINT  =         0.0000
 ------------------------------------------------------------------------------


 NSTEP =    88600   TIME(PS) =      88.600  TEMP(K) =   297.18  PRESS =     0.0
 Etot   =     -2098.2020  EKtot   =       565.1693  EPtot      =     -2663.3713
 BOND   =       236.0492  ANGLE   =       363.7863  DIHED      =       501.3565
 1-4 NB =       157.7222  1-4 EEL =      -352.8191  VDWAALS    =      -333.4667
 EELEC  =      -749.2528  EGB     =     -2486.7469  RESTRAINT  =         0.0000
 ------------------------------------------------------------------------------


 NSTEP =    88700   TIME(PS) =      88.700  TEMP(K) =   297.85  PRESS =     0.0
 Etot   =     -2101.4699  EKtot   =       566.4314  EPtot      =     -2667.9013
 BOND   =       245.8846  ANGLE   =       339.6657  DIHED      =       502.2344
 1-4 NB =       154.8910  1-4 EEL =      -345.6820  VDWAALS    =      -337.7671
 EELEC  =      -514.2680  EGB     =     -2712.8598  RESTRAINT  =         0.0000
 ------------------------------------------------------------------------------


 NSTEP =    88800   TIME(PS) =      88.800  TEMP(K) =   305.61  PRESS =     0.0
 Etot   =     -2088.5294  EKtot   =       581.1919  EPtot      =     -2669.7213
 BOND   =       227.3785  ANGLE   =       350.3075  DIHED      =       506.6406
 1-4 NB =       159.9079  1-4 EEL =      -326.3335  VDWAALS    =      -344.0108
 EELEC  =      -541.6605  EGB     =     -2701.9510  RESTRAINT  =         0.0000
 ------------------------------------------------------------------------------


 NSTEP =    88900   TIME(PS) =      88.900  TEMP(K) =   315.32  PRESS =     0.0
 Etot   =     -2097.4837  EKtot   =       599.6518  EPtot      =     -2697.1355
 BOND   =       212.5801  ANGLE   =       325.4272  DIHED      =       507.4559
 1-4 NB =       157.7477  1-4 EEL =      -321.9080  VDWAALS    =      -333.3865
 EELEC  =      -695.6195  EGB     =     -2549.4324  RESTRAINT  =         0.0000
 ------------------------------------------------------------------------------

| RE_POSITION Moving by   0.112173  0.044607  0.167599

 NSTEP =    89000   TIME(PS) =      89.000  TEMP(K) =   293.08  PRESS =     0.0
 Etot   =     -2126.8436  EKtot   =       557.3557  EPtot      =     -2684.1994
 BOND   =       223.0763  ANGLE   =       346.1647  DIHED      =       508.4688
 1-4 NB =       159.4651  1-4 EEL =      -349.5265  VDWAALS    =      -343.1475
 EELEC  =     -1007.6747  EGB     =     -2221.0256  RESTRAINT  =         0.0000
 ------------------------------------------------------------------------------


 NSTEP =    89100   TIME(PS) =      89.100  TEMP(K) =   286.34  PRESS =     0.0
 Etot   =     -2117.3132  EKtot   =       544.5504  EPtot      =     -2661.8636
 BOND   =       229.0960  ANGLE   =       376.9616  DIHED      =       504.3125
 1-4 NB =       153.3248  1-4 EEL =      -345.0975  VDWAALS    =      -331.8574
 EELEC  =     -1247.8439  EGB     =     -2000.7597  RESTRAINT  =         0.0000
 ------------------------------------------------------------------------------


 NSTEP =    89200   TIME(PS) =      89.200  TEMP(K) =   308.78  PRESS =     0.0
 Etot   =     -2118.1973  EKtot   =       587.2265  EPtot      =     -2705.4238
 BOND   =       215.3158  ANGLE   =       337.8838  DIHED      =       498.1664
 1-4 NB =       161.4760  1-4 EEL =      -326.9378  VDWAALS    =      -332.3091
 EELEC  =     -1306.9728  EGB     =     -1952.0461  RESTRAINT  =         0.0000
 ------------------------------------------------------------------------------


 NSTEP =    89300   TIME(PS) =      89.300  TEMP(K) =   291.07  PRESS =     0.0
 Etot   =     -2137.5545  EKtot   =       553.5495  EPtot      =     -2691.1040
 BOND   =       201.3606  ANGLE   =       374.1634  DIHED      =       512.0240
 1-4 NB =       154.4175  1-4 EEL =      -342.7505  VDWAALS    =      -340.4507
 EELEC  =     -1530.4505  EGB     =     -1719.4178  RESTRAINT  =         0.0000
 ------------------------------------------------------------------------------


 NSTEP =    89400   TIME(PS) =      89.400  TEMP(K) =   302.79  PRESS =     0.0
 Etot   =     -2115.4748  EKtot   =       575.8291  EPtot      =     -2691.3040
 BOND   =       221.7997  ANGLE   =       361.4379  DIHED      =       503.6920
 1-4 NB =       156.2335  1-4 EEL =      -357.8782  VDWAALS    =      -340.3229
 EELEC  =     -1214.3877  EGB     =     -2021.8783  RESTRAINT  =         0.0000
 ------------------------------------------------------------------------------


 NSTEP =    89500   TIME(PS) =      89.500  TEMP(K) =   292.15  PRESS =     0.0
 Etot   =     -2100.8838  EKtot   =       555.5858  EPtot      =     -2656.4696
 BOND   =       240.7174  ANGLE   =       348.8329  DIHED      =       506.5918
 1-4 NB =       156.2910  1-4 EEL =      -326.8293  VDWAALS    =      -332.4182
 EELEC  =     -1371.5216  EGB     =     -1878.1336  RESTRAINT  =         0.0000
 ------------------------------------------------------------------------------


 NSTEP =    89600   TIME(PS) =      89.600  TEMP(K) =   298.40  PRESS =     0.0
 Etot   =     -2101.9555  EKtot   =       567.4815  EPtot      =     -2669.4370
 BOND   =       218.5447  ANGLE   =       364.7687  DIHED      =       508.3414
 1-4 NB =       159.9771  1-4 EEL =      -335.4872  VDWAALS    =      -343.3851
 EELEC  =      -984.9326  EGB     =     -2257.2640  RESTRAINT  =         0.0000
 ------------------------------------------------------------------------------


 NSTEP =    89700   TIME(PS) =      89.700  TEMP(K) =   293.55  PRESS =     0.0
 Etot   =     -2100.9487  EKtot   =       558.2489  EPtot      =     -2659.1976
 BOND   =       229.4292  ANGLE   =       348.5610  DIHED      =       503.7361
 1-4 NB =       163.1131  1-4 EEL =      -321.8663  VDWAALS    =      -328.8828
 EELEC  =      -961.0401  EGB     =     -2292.2477  RESTRAINT  =         0.0000
 ------------------------------------------------------------------------------


 NSTEP =    89800   TIME(PS) =      89.800  TEMP(K) =   299.79  PRESS =     0.0
 Etot   =     -2087.0007  EKtot   =       570.1307  EPtot      =     -2657.1313
 BOND   =       236.2919  ANGLE   =       362.9467  DIHED      =       494.2289
 1-4 NB =       164.9037  1-4 EEL =      -339.7992  VDWAALS    =      -334.4552
 EELEC  =      -758.7680  EGB     =     -2482.4801  RESTRAINT  =         0.0000
 ------------------------------------------------------------------------------


 NSTEP =    89900   TIME(PS) =      89.900  TEMP(K) =   293.18  PRESS =     0.0
 Etot   =     -2079.4202  EKtot   =       557.5461  EPtot      =     -2636.9663
 BOND   =       248.6916  ANGLE   =       360.4375  DIHED      =       516.4409
 1-4 NB =       156.8946  1-4 EEL =      -335.4692  VDWAALS    =      -337.8265
 EELEC  =     -1118.1440  EGB     =     -2127.9912  RESTRAINT  =         0.0000
 ------------------------------------------------------------------------------

| RE_POSITION Moving by   0.111815 -0.038045  0.453839

 NSTEP =    90000   TIME(PS) =      90.000  TEMP(K) =   311.58  PRESS =     0.0
 Etot   =     -2088.3507  EKtot   =       592.5535  EPtot      =     -2680.9042
 BOND   =       223.2427  ANGLE   =       329.1481  DIHED      =       508.6422
 1-4 NB =       156.5869  1-4 EEL =      -324.6929  VDWAALS    =      -334.1816
 EELEC  =      -759.5595  EGB     =     -2480.0902  RESTRAINT  =         0.0000
 ------------------------------------------------------------------------------


 NSTEP =    90100   TIME(PS) =      90.100  TEMP(K) =   301.48  PRESS =     0.0
 Etot   =     -2096.1342  EKtot   =       573.3459  EPtot      =     -2669.4800
 BOND   =       223.8168  ANGLE   =       340.7442  DIHED      =       502.9669
 1-4 NB =       159.9214  1-4 EEL =      -335.4967  VDWAALS    =      -326.0920
 EELEC  =      -920.9376  EGB     =     -2314.4030  RESTRAINT  =         0.0000
 ------------------------------------------------------------------------------


 NSTEP =    90200   TIME(PS) =      90.200  TEMP(K) =   303.72  PRESS =     0.0
 Etot   =     -2089.5220  EKtot   =       577.5899  EPtot      =     -2667.1119
 BOND   =       253.2604  ANGLE   =       342.1962  DIHED      =       498.9248
 1-4 NB =       157.3969  1-4 EEL =      -350.0168  VDWAALS    =      -333.2981
 EELEC  =     -1097.0265  EGB     =     -2138.5489  RESTRAINT  =         0.0000
 ------------------------------------------------------------------------------


 NSTEP =    90300   TIME(PS) =      90.300  TEMP(K) =   314.05  PRESS =     0.0
 Etot   =     -2075.1098  EKtot   =       597.2383  EPtot      =     -2672.3481
 BOND   =       241.6741  ANGLE   =       358.5987  DIHED      =       493.8545
 1-4 NB =       148.4486  1-4 EEL =      -357.6972  VDWAALS    =      -330.9181
 EELEC  =      -872.4348  EGB     =     -2353.8740  RESTRAINT  =         0.0000
 ------------------------------------------------------------------------------


 NSTEP =    90400   TIME(PS) =      90.400  TEMP(K) =   309.43  PRESS =     0.0
 Etot   =     -2098.6089  EKtot   =       588.4652  EPtot      =     -2687.0741
 BOND   =       215.5279  ANGLE   =       351.8272  DIHED      =       499.1414
 1-4 NB =       161.6389  1-4 EEL =      -335.6896  VDWAALS    =      -332.6347
 EELEC  =     -1143.2363  EGB     =     -2103.6489  RESTRAINT  =         0.0000
 ------------------------------------------------------------------------------


 NSTEP =    90500   TIME(PS) =      90.500  TEMP(K) =   293.78  PRESS =     0.0
 Etot   =     -2105.1384  EKtot   =       558.6875  EPtot      =     -2663.8259
 BOND   =       228.9583  ANGLE   =       341.7105  DIHED      =       518.2104
 1-4 NB =       158.8810  1-4 EEL =      -332.6814  VDWAALS    =      -328.4033
 EELEC  =      -872.6548  EGB     =     -2377.8466  RESTRAINT  =         0.0000
 ------------------------------------------------------------------------------


 NSTEP =    90600   TIME(PS) =      90.600  TEMP(K) =   300.90  PRESS =     0.0
 Etot   =     -2123.2231  EKtot   =       572.2300  EPtot      =     -2695.4531
 BOND   =       220.4505  ANGLE   =       327.4102  DIHED      =       495.3943
 1-4 NB =       164.7423  1-4 EEL =      -320.5303  VDWAALS    =      -328.4842
 EELEC  =     -1207.7398  EGB     =     -2046.6962  RESTRAINT  =         0.0000
 ------------------------------------------------------------------------------


 NSTEP =    90700   TIME(PS) =      90.700  TEMP(K) =   288.00  PRESS =     0.0
 Etot   =     -2115.0115  EKtot   =       547.7014  EPtot      =     -2662.7129
 BOND   =       253.0276  ANGLE   =       352.4794  DIHED      =       499.2621
 1-4 NB =       149.8413  1-4 EEL =      -361.3472  VDWAALS    =      -328.6229
 EELEC  =     -1052.8217  EGB     =     -2174.5317  RESTRAINT  =         0.0000
 ------------------------------------------------------------------------------


 NSTEP =    90800   TIME(PS) =      90.800  TEMP(K) =   294.19  PRESS =     0.0
 Etot   =     -2109.9346  EKtot   =       559.4795  EPtot      =     -2669.4140
 BOND   =       231.7658  ANGLE   =       344.4628  DIHED      =       498.1456
 1-4 NB =       156.1203  1-4 EEL =      -325.4470  VDWAALS    =      -320.0386
 EELEC  =     -1020.7093  EGB     =     -2233.7137  RESTRAINT  =         0.0000
 ------------------------------------------------------------------------------


 NSTEP =    90900   TIME(PS) =      90.900  TEMP(K) =   287.26  PRESS =     0.0
 Etot   =     -2121.4710  EKtot   =       546.2853  EPtot      =     -2667.7563
 BOND   =       233.2795  ANGLE   =       340.5391  DIHED      =       504.9902
 1-4 NB =       155.0512  1-4 EEL =      -327.4923  VDWAALS    =      -323.5105
 EELEC  =      -897.6680  EGB     =     -2352.9455  RESTRAINT  =         0.0000
 ------------------------------------------------------------------------------

| RE_POSITION Moving by   0.362335 -0.220355 -0.201470

 NSTEP =    91000   TIME(PS) =      91.000  TEMP(K) =   299.56  PRESS =     0.0
 Etot   =     -2123.4859  EKtot   =       569.6794  EPtot      =     -2693.1653
 BOND   =       228.4624  ANGLE   =       321.9244  DIHED      =       499.5508
 1-4 NB =       160.1276  1-4 EEL =      -337.3668  VDWAALS    =      -329.1857
 EELEC  =      -898.6263  EGB     =     -2338.0517  RESTRAINT  =         0.0000
 ------------------------------------------------------------------------------


 NSTEP =    91100   TIME(PS) =      91.100  TEMP(K) =   299.50  PRESS =     0.0
 Etot   =     -2136.1578  EKtot   =       569.5741  EPtot      =     -2705.7318
 BOND   =       221.6383  ANGLE   =       324.5291  DIHED      =       506.7992
 1-4 NB =       154.3722  1-4 EEL =      -322.3403  VDWAALS    =      -336.9055
 EELEC  =     -1156.6322  EGB     =     -2097.1926  RESTRAINT  =         0.0000
 ------------------------------------------------------------------------------


 NSTEP =    91200   TIME(PS) =      91.200  TEMP(K) =   307.21  PRESS =     0.0
 Etot   =     -2121.2339  EKtot   =       584.2352  EPtot      =     -2705.4690
 BOND   =       225.4517  ANGLE   =       328.4124  DIHED      =       511.0620
 1-4 NB =       156.5539  1-4 EEL =      -325.4846  VDWAALS    =      -337.3312
 EELEC  =     -1046.3639  EGB     =     -2217.7693  RESTRAINT  =         0.0000
 ------------------------------------------------------------------------------


 NSTEP =    91300   TIME(PS) =      91.300  TEMP(K) =   300.75  PRESS =     0.0
 Etot   =     -2112.3623  EKtot   =       571.9456  EPtot      =     -2684.3079
 BOND   =       221.9637  ANGLE   =       352.5088  DIHED      =       496.2195
 1-4 NB =       159.6450  1-4 EEL =      -325.0949  VDWAALS    =      -330.1150
 EELEC  =     -1177.6406  EGB     =     -2081.7944  RESTRAINT  =         0.0000
 ------------------------------------------------------------------------------


 NSTEP =    91400   TIME(PS) =      91.400  TEMP(K) =   295.11  PRESS =     0.0
 Etot   =     -2114.8228  EKtot   =       561.2181  EPtot      =     -2676.0409
 BOND   =       222.8359  ANGLE   =       367.2550  DIHED      =       499.0579
 1-4 NB =       157.6584  1-4 EEL =      -331.5725  VDWAALS    =      -327.0920
 EELEC  =     -1411.1835  EGB     =     -1853.0003  RESTRAINT  =         0.0000
 ------------------------------------------------------------------------------


 NSTEP =    91500   TIME(PS) =      91.500  TEMP(K) =   290.93  PRESS =     0.0
 Etot   =     -2105.6978  EKtot   =       553.2667  EPtot      =     -2658.9645
 BOND   =       249.4783  ANGLE   =       336.9493  DIHED      =       499.9860
 1-4 NB =       160.1959  1-4 EEL =      -326.3893  VDWAALS    =      -325.0107
 EELEC  =     -1003.9958  EGB     =     -2250.1783  RESTRAINT  =         0.0000
 ------------------------------------------------------------------------------


 NSTEP =    91600   TIME(PS) =      91.600  TEMP(K) =   294.64  PRESS =     0.0
 Etot   =     -2105.5784  EKtot   =       560.3308  EPtot      =     -2665.9092
 BOND   =       241.9871  ANGLE   =       334.2469  DIHED      =       505.6204
 1-4 NB =       154.7773  1-4 EEL =      -329.9121  VDWAALS    =      -322.9369
 EELEC  =     -1212.1657  EGB     =     -2037.5262  RESTRAINT  =         0.0000
 ------------------------------------------------------------------------------


 NSTEP =    91700   TIME(PS) =      91.700  TEMP(K) =   304.64  PRESS =     0.0
 Etot   =     -2117.6828  EKtot   =       579.3523  EPtot      =     -2697.0352
 BOND   =       231.4564  ANGLE   =       330.8873  DIHED      =       497.4898
 1-4 NB =       157.4080  1-4 EEL =      -320.3735  VDWAALS    =      -324.6110
 EELEC  =     -1256.8904  EGB     =     -2012.4018  RESTRAINT  =         0.0000
 ------------------------------------------------------------------------------


 NSTEP =    91800   TIME(PS) =      91.800  TEMP(K) =   288.93  PRESS =     0.0
 Etot   =     -2113.8528  EKtot   =       549.4723  EPtot      =     -2663.3252
 BOND   =       237.3707  ANGLE   =       358.4790  DIHED      =       498.6562
 1-4 NB =       157.3279  1-4 EEL =      -323.6558  VDWAALS    =      -324.8609
 EELEC  =     -1338.8935  EGB     =     -1927.7489  RESTRAINT  =         0.0000
 ------------------------------------------------------------------------------


 NSTEP =    91900   TIME(PS) =      91.900  TEMP(K) =   288.86  PRESS =     0.0
 Etot   =     -2110.7514  EKtot   =       549.3309  EPtot      =     -2660.0823
 BOND   =       256.2666  ANGLE   =       335.5134  DIHED      =       499.6740
 1-4 NB =       157.0245  1-4 EEL =      -314.8291  VDWAALS    =      -326.3036
 EELEC  =     -1328.9210  EGB     =     -1938.5070  RESTRAINT  =         0.0000
 ------------------------------------------------------------------------------

| RE_POSITION Moving by  -0.264176 -0.387665 -0.370014

 NSTEP =    92000   TIME(PS) =      92.000  TEMP(K) =   302.08  PRESS =     0.0
 Etot   =     -2118.7723  EKtot   =       574.4850  EPtot      =     -2693.2573
 BOND   =       236.9037  ANGLE   =       320.9324  DIHED      =       500.4474
 1-4 NB =       152.9521  1-4 EEL =      -328.1605  VDWAALS    =      -323.5542
 EELEC  =     -1030.3703  EGB     =     -2222.4080  RESTRAINT  =         0.0000
 ------------------------------------------------------------------------------


 NSTEP =    92100   TIME(PS) =      92.100  TEMP(K) =   304.64  PRESS =     0.0
 Etot   =     -2102.0428  EKtot   =       579.3448  EPtot      =     -2681.3876
 BOND   =       243.3503  ANGLE   =       341.5126  DIHED      =       499.9822
 1-4 NB =       157.2834  1-4 EEL =      -335.7866  VDWAALS    =      -328.4697
 EELEC  =     -1137.5665  EGB     =     -2121.6933  RESTRAINT  =         0.0000
 ------------------------------------------------------------------------------


 NSTEP =    92200   TIME(PS) =      92.200  TEMP(K) =   302.81  PRESS =     0.0
 Etot   =     -2113.5457  EKtot   =       575.8747  EPtot      =     -2689.4203
 BOND   =       217.4146  ANGLE   =       339.8735  DIHED      =       511.9780
 1-4 NB =       154.2166  1-4 EEL =      -332.7174  VDWAALS    =      -325.7188
 EELEC  =     -1033.6679  EGB     =     -2220.7989  RESTRAINT  =         0.0000
 ------------------------------------------------------------------------------


 NSTEP =    92300   TIME(PS) =      92.300  TEMP(K) =   293.63  PRESS =     0.0
 Etot   =     -2126.1093  EKtot   =       558.4035  EPtot      =     -2684.5128
 BOND   =       223.0128  ANGLE   =       330.6041  DIHED      =       504.4752
 1-4 NB =       159.4638  1-4 EEL =      -332.8980  VDWAALS    =      -322.1141
 EELEC  =      -886.9683  EGB     =     -2360.0884  RESTRAINT  =         0.0000
 ------------------------------------------------------------------------------


 NSTEP =    92400   TIME(PS) =      92.400  TEMP(K) =   290.49  PRESS =     0.0
 Etot   =     -2133.5181  EKtot   =       552.4425  EPtot      =     -2685.9606
 BOND   =       230.5364  ANGLE   =       334.0713  DIHED      =       499.7580
 1-4 NB =       162.9419  1-4 EEL =      -343.9147  VDWAALS    =      -333.8337
 EELEC  =     -1153.8907  EGB     =     -2081.6291  RESTRAINT  =         0.0000
 ------------------------------------------------------------------------------


 NSTEP =    92500   TIME(PS) =      92.500  TEMP(K) =   304.68  PRESS =     0.0
 Etot   =     -2138.4692  EKtot   =       579.4263  EPtot      =     -2717.8955
 BOND   =       211.8329  ANGLE   =       343.3657  DIHED      =       494.9074
 1-4 NB =       153.3506  1-4 EEL =      -328.5851  VDWAALS    =      -336.2093
 EELEC  =     -1186.7702  EGB     =     -2069.7874  RESTRAINT  =         0.0000
 ------------------------------------------------------------------------------


 NSTEP =    92600   TIME(PS) =      92.600  TEMP(K) =   290.87  PRESS =     0.0
 Etot   =     -2121.9549  EKtot   =       553.1619  EPtot      =     -2675.1168
 BOND   =       232.1094  ANGLE   =       348.5171  DIHED      =       502.0821
 1-4 NB =       152.2934  1-4 EEL =      -325.7339  VDWAALS    =      -327.8646
 EELEC  =     -1107.2961  EGB     =     -2149.2243  RESTRAINT  =         0.0000
 ------------------------------------------------------------------------------


 NSTEP =    92700   TIME(PS) =      92.700  TEMP(K) =   296.78  PRESS =     0.0
 Etot   =     -2130.9672  EKtot   =       564.3928  EPtot      =     -2695.3600
 BOND   =       221.5766  ANGLE   =       328.3374  DIHED      =       490.8197
 1-4 NB =       157.6579  1-4 EEL =      -314.2478  VDWAALS    =      -332.7438
 EELEC  =      -684.0386  EGB     =     -2562.7214  RESTRAINT  =         0.0000
 ------------------------------------------------------------------------------


 NSTEP =    92800   TIME(PS) =      92.800  TEMP(K) =   282.72  PRESS =     0.0
 Etot   =     -2129.1140  EKtot   =       537.6612  EPtot      =     -2666.7752
 BOND   =       220.6927  ANGLE   =       355.3595  DIHED      =       499.4144
 1-4 NB =       161.4316  1-4 EEL =      -351.8846  VDWAALS    =      -329.2635
 EELEC  =      -532.9257  EGB     =     -2689.5995  RESTRAINT  =         0.0000
 ------------------------------------------------------------------------------


 NSTEP =    92900   TIME(PS) =      92.900  TEMP(K) =   296.91  PRESS =     0.0
 Etot   =     -2120.0081  EKtot   =       564.6474  EPtot      =     -2684.6555
 BOND   =       209.6987  ANGLE   =       343.5726  DIHED      =       502.5646
 1-4 NB =       160.1265  1-4 EEL =      -343.5255  VDWAALS    =      -330.1961
 EELEC  =      -715.4979  EGB     =     -2511.3984  RESTRAINT  =         0.0000
 ------------------------------------------------------------------------------

| RE_POSITION Moving by   0.013081 -0.599495 -0.346938

 NSTEP =    93000   TIME(PS) =      93.000  TEMP(K) =   297.79  PRESS =     0.0
 Etot   =     -2126.4324  EKtot   =       566.3118  EPtot      =     -2692.7441
 BOND   =       225.6873  ANGLE   =       363.0269  DIHED      =       482.5869
 1-4 NB =       155.4628  1-4 EEL =      -345.5530  VDWAALS    =      -333.8406
 EELEC  =     -1160.5451  EGB     =     -2079.5693  RESTRAINT  =         0.0000
 ------------------------------------------------------------------------------


 NSTEP =    93100   TIME(PS) =      93.100  TEMP(K) =   298.57  PRESS =     0.0
 Etot   =     -2123.3096  EKtot   =       567.8122  EPtot      =     -2691.1218
 BOND   =       226.1995  ANGLE   =       344.6877  DIHED      =       492.3175
 1-4 NB =       164.1774  1-4 EEL =      -358.3160  VDWAALS    =      -330.9184
 EELEC  =     -1000.7024  EGB     =     -2228.5671  RESTRAINT  =         0.0000
 ------------------------------------------------------------------------------


 NSTEP =    93200   TIME(PS) =      93.200  TEMP(K) =   292.95  PRESS =     0.0
 Etot   =     -2130.6929  EKtot   =       557.1186  EPtot      =     -2687.8115
 BOND   =       218.1637  ANGLE   =       352.3088  DIHED      =       503.0591
 1-4 NB =       158.8053  1-4 EEL =      -358.9442  VDWAALS    =      -333.2177
 EELEC  =      -917.9413  EGB     =     -2310.0452  RESTRAINT  =         0.0000
 ------------------------------------------------------------------------------


 NSTEP =    93300   TIME(PS) =      93.300  TEMP(K) =   286.19  PRESS =     0.0
 Etot   =     -2121.6211  EKtot   =       544.2546  EPtot      =     -2665.8757
 BOND   =       231.3992  ANGLE   =       342.1657  DIHED      =       503.8488
 1-4 NB =       158.5960  1-4 EEL =      -326.9491  VDWAALS    =      -336.1680
 EELEC  =     -1032.3303  EGB     =     -2206.4379  RESTRAINT  =         0.0000
 ------------------------------------------------------------------------------


 NSTEP =    93400   TIME(PS) =      93.400  TEMP(K) =   288.78  PRESS =     0.0
 Etot   =     -2121.6092  EKtot   =       549.1826  EPtot      =     -2670.7918
 BOND   =       221.8154  ANGLE   =       365.8489  DIHED      =       484.3606
 1-4 NB =       157.9087  1-4 EEL =      -345.8963  VDWAALS    =      -331.2900
 EELEC  =      -945.7771  EGB     =     -2277.7620  RESTRAINT  =         0.0000
 ------------------------------------------------------------------------------


 NSTEP =    93500   TIME(PS) =      93.500  TEMP(K) =   307.88  PRESS =     0.0
 Etot   =     -2127.5539  EKtot   =       585.5009  EPtot      =     -2713.0547
 BOND   =       208.0148  ANGLE   =       328.3880  DIHED      =       502.7494
 1-4 NB =       154.0761  1-4 EEL =      -341.8578  VDWAALS    =      -328.8531
 EELEC  =      -910.6574  EGB     =     -2324.9147  RESTRAINT  =         0.0000
 ------------------------------------------------------------------------------


 NSTEP =    93600   TIME(PS) =      93.600  TEMP(K) =   296.33  PRESS =     0.0
 Etot   =     -2146.4988  EKtot   =       563.5492  EPtot      =     -2710.0480
 BOND   =       206.7608  ANGLE   =       346.5973  DIHED      =       499.5041
 1-4 NB =       151.7910  1-4 EEL =      -340.2606  VDWAALS    =      -340.2992
 EELEC  =      -916.5701  EGB     =     -2317.5714  RESTRAINT  =         0.0000
 ------------------------------------------------------------------------------


 NSTEP =    93700   TIME(PS) =      93.700  TEMP(K) =   292.39  PRESS =     0.0
 Etot   =     -2142.6817  EKtot   =       556.0443  EPtot      =     -2698.7260
 BOND   =       221.6350  ANGLE   =       340.7294  DIHED      =       500.7839
 1-4 NB =       152.5971  1-4 EEL =      -344.2196  VDWAALS    =      -333.9696
 EELEC  =      -935.7031  EGB     =     -2300.5792  RESTRAINT  =         0.0000
 ------------------------------------------------------------------------------


 NSTEP =    93800   TIME(PS) =      93.800  TEMP(K) =   280.50  PRESS =     0.0
 Etot   =     -2157.8662  EKtot   =       533.4472  EPtot      =     -2691.3134
 BOND   =       222.6578  ANGLE   =       339.0372  DIHED      =       489.3775
 1-4 NB =       165.9393  1-4 EEL =      -333.1947  VDWAALS    =      -339.1324
 EELEC  =      -734.3230  EGB     =     -2501.6751  RESTRAINT  =         0.0000
 ------------------------------------------------------------------------------


 NSTEP =    93900   TIME(PS) =      93.900  TEMP(K) =   285.33  PRESS =     0.0
 Etot   =     -2131.2590  EKtot   =       542.6263  EPtot      =     -2673.8853
 BOND   =       232.4201  ANGLE   =       342.6395  DIHED      =       492.7982
 1-4 NB =       160.7544  1-4 EEL =      -325.6031  VDWAALS    =      -328.0741
 EELEC  =      -741.7915  EGB     =     -2507.0287  RESTRAINT  =         0.0000
 ------------------------------------------------------------------------------

| RE_POSITION Moving by  -0.607403  0.040918 -0.602768

 NSTEP =    94000   TIME(PS) =      94.000  TEMP(K) =   280.52  PRESS =     0.0
 Etot   =     -2131.9609  EKtot   =       533.4750  EPtot      =     -2665.4358
 BOND   =       236.8680  ANGLE   =       376.4984  DIHED      =       484.0391
 1-4 NB =       152.1662  1-4 EEL =      -355.3537  VDWAALS    =      -335.4522
 EELEC  =      -667.9613  EGB     =     -2556.2404  RESTRAINT  =         0.0000
 ------------------------------------------------------------------------------


 NSTEP =    94100   TIME(PS) =      94.100  TEMP(K) =   306.50  PRESS =     0.0
 Etot   =     -2132.8229  EKtot   =       582.8844  EPtot      =     -2715.7072
 BOND   =       219.2324  ANGLE   =       334.1804  DIHED      =       479.2136
 1-4 NB =       151.8933  1-4 EEL =      -335.0027  VDWAALS    =      -333.7862
 EELEC  =      -785.7086  EGB     =     -2445.7295  RESTRAINT  =         0.0000
 ------------------------------------------------------------------------------


 NSTEP =    94200   TIME(PS) =      94.200  TEMP(K) =   288.58  PRESS =     0.0
 Etot   =     -2116.9037  EKtot   =       548.7982  EPtot      =     -2665.7019
 BOND   =       240.7659  ANGLE   =       363.6557  DIHED      =       492.1313
 1-4 NB =       150.6005  1-4 EEL =      -368.5353  VDWAALS    =      -329.3608
 EELEC  =      -421.7501  EGB     =     -2793.2091  RESTRAINT  =         0.0000
 ------------------------------------------------------------------------------


 NSTEP =    94300   TIME(PS) =      94.300  TEMP(K) =   298.33  PRESS =     0.0
 Etot   =     -2120.1738  EKtot   =       567.3408  EPtot      =     -2687.5145
 BOND   =       232.1419  ANGLE   =       332.8933  DIHED      =       490.2139
 1-4 NB =       159.8082  1-4 EEL =      -332.9763  VDWAALS    =      -335.5759
 EELEC  =      -827.4653  EGB     =     -2406.5545  RESTRAINT  =         0.0000
 ------------------------------------------------------------------------------


 NSTEP =    94400   TIME(PS) =      94.400  TEMP(K) =   291.93  PRESS =     0.0
 Etot   =     -2117.6305  EKtot   =       555.1677  EPtot      =     -2672.7982
 BOND   =       215.8869  ANGLE   =       379.5869  DIHED      =       487.7587
 1-4 NB =       158.2354  1-4 EEL =      -339.6415  VDWAALS    =      -335.4670
 EELEC  =      -842.9893  EGB     =     -2396.1684  RESTRAINT  =         0.0000
 ------------------------------------------------------------------------------


 NSTEP =    94500   TIME(PS) =      94.500  TEMP(K) =   289.04  PRESS =     0.0
 Etot   =     -2130.9256  EKtot   =       549.6816  EPtot      =     -2680.6073
 BOND   =       237.2003  ANGLE   =       329.7238  DIHED      =       501.4686
 1-4 NB =       158.3528  1-4 EEL =      -334.1147  VDWAALS    =      -339.6481
 EELEC  =      -867.9564  EGB     =     -2365.6336  RESTRAINT  =         0.0000
 ------------------------------------------------------------------------------


 NSTEP =    94600   TIME(PS) =      94.600  TEMP(K) =   297.48  PRESS =     0.0
 Etot   =     -2129.2353  EKtot   =       565.7391  EPtot      =     -2694.9744
 BOND   =       226.0119  ANGLE   =       318.2756  DIHED      =       509.0360
 1-4 NB =       156.8319  1-4 EEL =      -319.2415  VDWAALS    =      -338.9003
 EELEC  =      -896.1723  EGB     =     -2350.8158  RESTRAINT  =         0.0000
 ------------------------------------------------------------------------------


 NSTEP =    94700   TIME(PS) =      94.700  TEMP(K) =   303.36  PRESS =     0.0
 Etot   =     -2113.1085  EKtot   =       576.9218  EPtot      =     -2690.0302
 BOND   =       223.8861  ANGLE   =       330.0281  DIHED      =       507.7515
 1-4 NB =       158.4744  1-4 EEL =      -330.2143  VDWAALS    =      -331.3798
 EELEC  =     -1027.7423  EGB     =     -2220.8339  RESTRAINT  =         0.0000
 ------------------------------------------------------------------------------


 NSTEP =    94800   TIME(PS) =      94.800  TEMP(K) =   303.38  PRESS =     0.0
 Etot   =     -2106.4574  EKtot   =       576.9465  EPtot      =     -2683.4039
 BOND   =       224.2222  ANGLE   =       338.6659  DIHED      =       489.6931
 1-4 NB =       159.3581  1-4 EEL =      -334.1900  VDWAALS    =      -341.3051
 EELEC  =      -576.4289  EGB     =     -2643.4192  RESTRAINT  =         0.0000
 ------------------------------------------------------------------------------


 NSTEP =    94900   TIME(PS) =      94.900  TEMP(K) =   300.60  PRESS =     0.0
 Etot   =     -2117.6551  EKtot   =       571.6586  EPtot      =     -2689.3137
 BOND   =       225.6947  ANGLE   =       334.8833  DIHED      =       490.1100
 1-4 NB =       166.7942  1-4 EEL =      -344.8024  VDWAALS    =      -339.5657
 EELEC  =      -478.3724  EGB     =     -2744.0554  RESTRAINT  =         0.0000
 ------------------------------------------------------------------------------

| RE_POSITION Moving by   0.244889  0.291799 -0.083731

 NSTEP =    95000   TIME(PS) =      95.000  TEMP(K) =   300.30  PRESS =     0.0
 Etot   =     -2112.6444  EKtot   =       571.0842  EPtot      =     -2683.7286
 BOND   =       227.9684  ANGLE   =       360.5084  DIHED      =       491.9551
 1-4 NB =       158.8867  1-4 EEL =      -355.1790  VDWAALS    =      -336.0186
 EELEC  =     -1017.5486  EGB     =     -2214.3009  RESTRAINT  =         0.0000
 ------------------------------------------------------------------------------


 NSTEP =    95100   TIME(PS) =      95.100  TEMP(K) =   297.92  PRESS =     0.0
 Etot   =     -2113.9787  EKtot   =       566.5636  EPtot      =     -2680.5423
 BOND   =       216.7409  ANGLE   =       358.8679  DIHED      =       496.8986
 1-4 NB =       158.0804  1-4 EEL =      -351.2711  VDWAALS    =      -333.3685
 EELEC  =     -1006.4700  EGB     =     -2220.0205  RESTRAINT  =         0.0000
 ------------------------------------------------------------------------------


 NSTEP =    95200   TIME(PS) =      95.200  TEMP(K) =   301.09  PRESS =     0.0
 Etot   =     -2097.2016  EKtot   =       572.5952  EPtot      =     -2669.7968
 BOND   =       245.0046  ANGLE   =       338.2173  DIHED      =       497.1900
 1-4 NB =       157.8547  1-4 EEL =      -348.1177  VDWAALS    =      -335.3329
 EELEC  =      -933.6630  EGB     =     -2290.9497  RESTRAINT  =         0.0000
 ------------------------------------------------------------------------------


 NSTEP =    95300   TIME(PS) =      95.300  TEMP(K) =   302.94  PRESS =     0.0
 Etot   =     -2110.9634  EKtot   =       576.1094  EPtot      =     -2687.0728
 BOND   =       239.8128  ANGLE   =       342.7505  DIHED      =       504.5163
 1-4 NB =       149.3797  1-4 EEL =      -354.1150  VDWAALS    =      -334.3283
 EELEC  =      -997.6517  EGB     =     -2237.4370  RESTRAINT  =         0.0000
 ------------------------------------------------------------------------------


 NSTEP =    95400   TIME(PS) =      95.400  TEMP(K) =   295.37  PRESS =     0.0
 Etot   =     -2120.7913  EKtot   =       561.7213  EPtot      =     -2682.5126
 BOND   =       232.7951  ANGLE   =       323.4045  DIHED      =       494.1252
 1-4 NB =       166.3209  1-4 EEL =      -328.3452  VDWAALS    =      -328.2945
 EELEC  =     -1111.2882  EGB     =     -2131.2304  RESTRAINT  =         0.0000
 ------------------------------------------------------------------------------


 NSTEP =    95500   TIME(PS) =      95.500  TEMP(K) =   291.10  PRESS =     0.0
 Etot   =     -2120.4453  EKtot   =       553.6033  EPtot      =     -2674.0486
 BOND   =       220.1404  ANGLE   =       355.8410  DIHED      =       511.2090
 1-4 NB =       153.7498  1-4 EEL =      -363.0620  VDWAALS    =      -326.1761
 EELEC  =      -937.0308  EGB     =     -2288.7200  RESTRAINT  =         0.0000
 ------------------------------------------------------------------------------


 NSTEP =    95600   TIME(PS) =      95.600  TEMP(K) =   294.36  PRESS =     0.0
 Etot   =     -2109.0868  EKtot   =       559.7885  EPtot      =     -2668.8752
 BOND   =       221.4341  ANGLE   =       339.0161  DIHED      =       501.0533
 1-4 NB =       163.8153  1-4 EEL =      -318.3171  VDWAALS    =      -330.2921
 EELEC  =      -812.2825  EGB     =     -2433.3023  RESTRAINT  =         0.0000
 ------------------------------------------------------------------------------


 NSTEP =    95700   TIME(PS) =      95.700  TEMP(K) =   293.75  PRESS =     0.0
 Etot   =     -2124.6353  EKtot   =       558.6319  EPtot      =     -2683.2672
 BOND   =       226.6842  ANGLE   =       335.8144  DIHED      =       502.3448
 1-4 NB =       154.8921  1-4 EEL =      -356.3390  VDWAALS    =      -321.5668
 EELEC  =      -803.1774  EGB     =     -2421.9194  RESTRAINT  =         0.0000
 ------------------------------------------------------------------------------


 NSTEP =    95800   TIME(PS) =      95.800  TEMP(K) =   289.28  PRESS =     0.0
 Etot   =     -2129.7240  EKtot   =       550.1390  EPtot      =     -2679.8630
 BOND   =       216.8536  ANGLE   =       331.1938  DIHED      =       512.1427
 1-4 NB =       162.2015  1-4 EEL =      -320.8387  VDWAALS    =      -326.2238
 EELEC  =      -903.3440  EGB     =     -2351.8481  RESTRAINT  =         0.0000
 ------------------------------------------------------------------------------


 NSTEP =    95900   TIME(PS) =      95.900  TEMP(K) =   298.88  PRESS =     0.0
 Etot   =     -2123.0210  EKtot   =       568.3987  EPtot      =     -2691.4197
 BOND   =       217.5770  ANGLE   =       327.4274  DIHED      =       506.6957
 1-4 NB =       153.3283  1-4 EEL =      -332.9121  VDWAALS    =      -325.8890
 EELEC  =      -634.7875  EGB     =     -2602.8597  RESTRAINT  =         0.0000
 ------------------------------------------------------------------------------

| RE_POSITION Moving by   0.254119 -0.485645 -0.648352

 NSTEP =    96000   TIME(PS) =      96.000  TEMP(K) =   288.88  PRESS =     0.0
 Etot   =     -2132.6434  EKtot   =       549.3751  EPtot      =     -2682.0185
 BOND   =       225.3388  ANGLE   =       332.9340  DIHED      =       501.6854
 1-4 NB =       153.7832  1-4 EEL =      -313.5358  VDWAALS    =      -327.7773
 EELEC  =     -1070.9582  EGB     =     -2183.4887  RESTRAINT  =         0.0000
 ------------------------------------------------------------------------------


 NSTEP =    96100   TIME(PS) =      96.100  TEMP(K) =   303.50  PRESS =     0.0
 Etot   =     -2112.9886  EKtot   =       577.1816  EPtot      =     -2690.1702
 BOND   =       201.9340  ANGLE   =       337.8672  DIHED      =       499.0511
 1-4 NB =       161.5100  1-4 EEL =      -312.2988  VDWAALS    =      -325.1112
 EELEC  =     -1220.1820  EGB     =     -2032.9405  RESTRAINT  =         0.0000
 ------------------------------------------------------------------------------


 NSTEP =    96200   TIME(PS) =      96.200  TEMP(K) =   289.19  PRESS =     0.0
 Etot   =     -2111.2587  EKtot   =       549.9596  EPtot      =     -2661.2183
 BOND   =       225.0979  ANGLE   =       370.7514  DIHED      =       498.9001
 1-4 NB =       156.4688  1-4 EEL =      -350.4370  VDWAALS    =      -322.1113
 EELEC  =     -1460.0279  EGB     =     -1779.8603  RESTRAINT  =         0.0000
 ------------------------------------------------------------------------------


 NSTEP =    96300   TIME(PS) =      96.300  TEMP(K) =   304.38  PRESS =     0.0
 Etot   =     -2110.4966  EKtot   =       578.8441  EPtot      =     -2689.3408
 BOND   =       224.6750  ANGLE   =       332.5950  DIHED      =       507.0382
 1-4 NB =       150.6449  1-4 EEL =      -325.6464  VDWAALS    =      -327.5087
 EELEC  =      -840.2018  EGB     =     -2410.9370  RESTRAINT  =         0.0000
 ------------------------------------------------------------------------------


 NSTEP =    96400   TIME(PS) =      96.400  TEMP(K) =   294.51  PRESS =     0.0
 Etot   =     -2115.2968  EKtot   =       560.0909  EPtot      =     -2675.3876
 BOND   =       220.0162  ANGLE   =       345.3675  DIHED      =       500.1024
 1-4 NB =       159.7645  1-4 EEL =      -328.6019  VDWAALS    =      -332.0977
 EELEC  =      -844.6673  EGB     =     -2395.2713  RESTRAINT  =         0.0000
 ------------------------------------------------------------------------------


 NSTEP =    96500   TIME(PS) =      96.500  TEMP(K) =   295.47  PRESS =     0.0
 Etot   =     -2117.7342  EKtot   =       561.9023  EPtot      =     -2679.6365
 BOND   =       234.7553  ANGLE   =       334.4453  DIHED      =       508.9791
 1-4 NB =       151.1814  1-4 EEL =      -326.3453  VDWAALS    =      -333.9772
 EELEC  =     -1168.5321  EGB     =     -2080.1429  RESTRAINT  =         0.0000
 ------------------------------------------------------------------------------


 NSTEP =    96600   TIME(PS) =      96.600  TEMP(K) =   292.89  PRESS =     0.0
 Etot   =     -2138.3292  EKtot   =       557.0071  EPtot      =     -2695.3363
 BOND   =       224.4082  ANGLE   =       309.7789  DIHED      =       513.0897
 1-4 NB =       159.9118  1-4 EEL =      -314.6245  VDWAALS    =      -339.3237
 EELEC  =      -885.0296  EGB     =     -2363.5470  RESTRAINT  =         0.0000
 ------------------------------------------------------------------------------


 NSTEP =    96700   TIME(PS) =      96.700  TEMP(K) =   299.09  PRESS =     0.0
 Etot   =     -2110.5064  EKtot   =       568.7944  EPtot      =     -2679.3008
 BOND   =       238.6076  ANGLE   =       337.1553  DIHED      =       499.8309
 1-4 NB =       144.1579  1-4 EEL =      -324.8367  VDWAALS    =      -339.8070
 EELEC  =      -631.3790  EGB     =     -2603.0298  RESTRAINT  =         0.0000
 ------------------------------------------------------------------------------


 NSTEP =    96800   TIME(PS) =      96.800  TEMP(K) =   302.45  PRESS =     0.0
 Etot   =     -2108.8305  EKtot   =       575.1898  EPtot      =     -2684.0203
 BOND   =       223.1369  ANGLE   =       340.2183  DIHED      =       489.9599
 1-4 NB =       166.4391  1-4 EEL =      -313.4868  VDWAALS    =      -336.4022
 EELEC  =      -859.4254  EGB     =     -2394.4602  RESTRAINT  =         0.0000
 ------------------------------------------------------------------------------


 NSTEP =    96900   TIME(PS) =      96.900  TEMP(K) =   306.96  PRESS =     0.0
 Etot   =     -2099.5181  EKtot   =       583.7629  EPtot      =     -2683.2811
 BOND   =       225.7198  ANGLE   =       333.2998  DIHED      =       510.2785
 1-4 NB =       154.6321  1-4 EEL =      -328.7731  VDWAALS    =      -337.8676
 EELEC  =      -517.8174  EGB     =     -2722.7530  RESTRAINT  =         0.0000
 ------------------------------------------------------------------------------

| RE_POSITION Moving by  -0.956719  0.228274 -0.055491

 NSTEP =    97000   TIME(PS) =      97.000  TEMP(K) =   285.17  PRESS =     0.0
 Etot   =     -2119.0811  EKtot   =       542.3185  EPtot      =     -2661.3997
 BOND   =       219.6148  ANGLE   =       362.6597  DIHED      =       513.4783
 1-4 NB =       156.3082  1-4 EEL =      -358.1523  VDWAALS    =      -334.8606
 EELEC  =      -769.7545  EGB     =     -2450.6933  RESTRAINT  =         0.0000
 ------------------------------------------------------------------------------


 NSTEP =    97100   TIME(PS) =      97.100  TEMP(K) =   280.84  PRESS =     0.0
 Etot   =     -2109.9401  EKtot   =       534.0777  EPtot      =     -2644.0178
 BOND   =       239.8585  ANGLE   =       369.1458  DIHED      =       498.2073
 1-4 NB =       152.0922  1-4 EEL =      -348.4563  VDWAALS    =      -332.3346
 EELEC  =      -938.2151  EGB     =     -2284.3155  RESTRAINT  =         0.0000
 ------------------------------------------------------------------------------


 NSTEP =    97200   TIME(PS) =      97.200  TEMP(K) =   302.36  PRESS =     0.0
 Etot   =     -2070.8846  EKtot   =       575.0093  EPtot      =     -2645.8939
 BOND   =       255.0502  ANGLE   =       361.3001  DIHED      =       489.5993
 1-4 NB =       154.6529  1-4 EEL =      -345.6572  VDWAALS    =      -327.6450
 EELEC  =      -701.3789  EGB     =     -2531.8152  RESTRAINT  =         0.0000
 ------------------------------------------------------------------------------


 NSTEP =    97300   TIME(PS) =      97.300  TEMP(K) =   295.59  PRESS =     0.0
 Etot   =     -2065.2075  EKtot   =       562.1435  EPtot      =     -2627.3509
 BOND   =       233.0296  ANGLE   =       363.8721  DIHED      =       499.0795
 1-4 NB =       163.9142  1-4 EEL =      -315.8403  VDWAALS    =      -333.0545
 EELEC  =      -521.0478  EGB     =     -2717.3037  RESTRAINT  =         0.0000
 ------------------------------------------------------------------------------


 NSTEP =    97400   TIME(PS) =      97.400  TEMP(K) =   310.14  PRESS =     0.0
 Etot   =     -2070.9745  EKtot   =       589.7990  EPtot      =     -2660.7735
 BOND   =       241.3316  ANGLE   =       342.2792  DIHED      =       496.9945
 1-4 NB =       166.9824  1-4 EEL =      -332.2921  VDWAALS    =      -325.2118
 EELEC  =     -1015.9499  EGB     =     -2234.9074  RESTRAINT  =         0.0000
 ------------------------------------------------------------------------------


 NSTEP =    97500   TIME(PS) =      97.500  TEMP(K) =   299.77  PRESS =     0.0
 Etot   =     -2043.2507  EKtot   =       570.0899  EPtot      =     -2613.3406
 BOND   =       251.4659  ANGLE   =       365.0792  DIHED      =       508.1168
 1-4 NB =       158.7788  1-4 EEL =      -337.6052  VDWAALS    =      -321.4450
 EELEC  =      -510.9205  EGB     =     -2726.8107  RESTRAINT  =         0.0000
 ------------------------------------------------------------------------------


 NSTEP =    97600   TIME(PS) =      97.600  TEMP(K) =   318.37  PRESS =     0.0
 Etot   =     -2048.6695  EKtot   =       605.4509  EPtot      =     -2654.1204
 BOND   =       217.6846  ANGLE   =       356.1626  DIHED      =       502.4902
 1-4 NB =       161.6086  1-4 EEL =      -348.9756  VDWAALS    =      -317.0913
 EELEC  =      -598.8400  EGB     =     -2627.1594  RESTRAINT  =         0.0000
 ------------------------------------------------------------------------------


 NSTEP =    97700   TIME(PS) =      97.700  TEMP(K) =   311.62  PRESS =     0.0
 Etot   =     -2055.5294  EKtot   =       592.6145  EPtot      =     -2648.1438
 BOND   =       225.0464  ANGLE   =       360.0743  DIHED      =       502.3914
 1-4 NB =       157.9618  1-4 EEL =      -324.9036  VDWAALS    =      -318.7044
 EELEC  =      -898.6774  EGB     =     -2351.3324  RESTRAINT  =         0.0000
 ------------------------------------------------------------------------------


 NSTEP =    97800   TIME(PS) =      97.800  TEMP(K) =   300.52  PRESS =     0.0
 Etot   =     -2067.7063  EKtot   =       571.5027  EPtot      =     -2639.2091
 BOND   =       230.3400  ANGLE   =       335.1432  DIHED      =       524.1051
 1-4 NB =       170.1032  1-4 EEL =      -319.8358  VDWAALS    =      -327.9031
 EELEC  =     -1019.7386  EGB     =     -2231.4231  RESTRAINT  =         0.0000
 ------------------------------------------------------------------------------


 NSTEP =    97900   TIME(PS) =      97.900  TEMP(K) =   313.08  PRESS =     0.0
 Etot   =     -2069.9990  EKtot   =       595.4011  EPtot      =     -2665.4001
 BOND   =       230.2159  ANGLE   =       326.2297  DIHED      =       530.9395
 1-4 NB =       155.5903  1-4 EEL =      -336.9736  VDWAALS    =      -328.6277
 EELEC  =     -1026.2400  EGB     =     -2216.5342  RESTRAINT  =         0.0000
 ------------------------------------------------------------------------------

| RE_POSITION Moving by   0.819820 -0.079858 -0.916845

 NSTEP =    98000   TIME(PS) =      98.000  TEMP(K) =   318.07  PRESS =     0.0
 Etot   =     -2058.3033  EKtot   =       604.8919  EPtot      =     -2663.1952
 BOND   =       230.7631  ANGLE   =       338.4700  DIHED      =       504.5298
 1-4 NB =       162.2305  1-4 EEL =      -336.3124  VDWAALS    =      -326.6687
 EELEC  =      -687.4938  EGB     =     -2548.7136  RESTRAINT  =         0.0000
 ------------------------------------------------------------------------------


 NSTEP =    98100   TIME(PS) =      98.100  TEMP(K) =   307.28  PRESS =     0.0
 Etot   =     -2062.7877  EKtot   =       584.3633  EPtot      =     -2647.1510
 BOND   =       224.9144  ANGLE   =       351.0218  DIHED      =       517.5858
 1-4 NB =       163.1743  1-4 EEL =      -331.9033  VDWAALS    =      -318.1980
 EELEC  =      -788.4778  EGB     =     -2465.2682  RESTRAINT  =         0.0000
 ------------------------------------------------------------------------------


 NSTEP =    98200   TIME(PS) =      98.200  TEMP(K) =   301.16  PRESS =     0.0
 Etot   =     -2054.6921  EKtot   =       572.7282  EPtot      =     -2627.4203
 BOND   =       249.3463  ANGLE   =       347.3732  DIHED      =       519.9321
 1-4 NB =       150.9769  1-4 EEL =      -332.7771  VDWAALS    =      -320.3829
 EELEC  =      -667.6993  EGB     =     -2574.1895  RESTRAINT  =         0.0000
 ------------------------------------------------------------------------------


 NSTEP =    98300   TIME(PS) =      98.300  TEMP(K) =   321.95  PRESS =     0.0
 Etot   =     -2041.5293  EKtot   =       612.2661  EPtot      =     -2653.7954
 BOND   =       234.0321  ANGLE   =       327.9672  DIHED      =       503.3365
 1-4 NB =       168.1780  1-4 EEL =      -335.6121  VDWAALS    =      -318.8103
 EELEC  =      -544.3988  EGB     =     -2688.4880  RESTRAINT  =         0.0000
 ------------------------------------------------------------------------------


 NSTEP =    98400   TIME(PS) =      98.400  TEMP(K) =   315.27  PRESS =     0.0
 Etot   =     -2034.7359  EKtot   =       599.5553  EPtot      =     -2634.2912
 BOND   =       221.9729  ANGLE   =       373.9932  DIHED      =       506.6241
 1-4 NB =       159.2642  1-4 EEL =      -330.4245  VDWAALS    =      -325.7471
 EELEC  =      -720.1354  EGB     =     -2519.8386  RESTRAINT  =         0.0000
 ------------------------------------------------------------------------------


 NSTEP =    98500   TIME(PS) =      98.500  TEMP(K) =   318.01  PRESS =     0.0
 Etot   =     -2033.5689  EKtot   =       604.7738  EPtot      =     -2638.3427
 BOND   =       239.4255  ANGLE   =       351.5443  DIHED      =       505.3646
 1-4 NB =       157.4112  1-4 EEL =      -328.8247  VDWAALS    =      -323.1584
 EELEC  =      -867.9867  EGB     =     -2372.1185  RESTRAINT  =         0.0000
 ------------------------------------------------------------------------------


 NSTEP =    98600   TIME(PS) =      98.600  TEMP(K) =   316.14  PRESS =     0.0
 Etot   =     -2054.6298  EKtot   =       601.2100  EPtot      =     -2655.8398
 BOND   =       245.9127  ANGLE   =       345.0993  DIHED      =       497.7595
 1-4 NB =       159.8743  1-4 EEL =      -332.5389  VDWAALS    =      -326.7435
 EELEC  =      -806.8301  EGB     =     -2438.3730  RESTRAINT  =         0.0000
 ------------------------------------------------------------------------------


 NSTEP =    98700   TIME(PS) =      98.700  TEMP(K) =   301.02  PRESS =     0.0
 Etot   =     -2061.3519  EKtot   =       572.4663  EPtot      =     -2633.8182
 BOND   =       228.3502  ANGLE   =       355.3743  DIHED      =       510.5604
 1-4 NB =       159.2255  1-4 EEL =      -321.4870  VDWAALS    =      -317.5054
 EELEC  =      -679.0981  EGB     =     -2569.2381  RESTRAINT  =         0.0000
 ------------------------------------------------------------------------------


 NSTEP =    98800   TIME(PS) =      98.800  TEMP(K) =   311.08  PRESS =     0.0
 Etot   =     -2052.7462  EKtot   =       591.6021  EPtot      =     -2644.3483
 BOND   =       233.1617  ANGLE   =       363.3569  DIHED      =       502.0713
 1-4 NB =       160.3073  1-4 EEL =      -356.7847  VDWAALS    =      -320.6602
 EELEC  =      -566.8862  EGB     =     -2658.9145  RESTRAINT  =         0.0000
 ------------------------------------------------------------------------------


 NSTEP =    98900   TIME(PS) =      98.900  TEMP(K) =   307.54  PRESS =     0.0
 Etot   =     -2058.1427  EKtot   =       584.8577  EPtot      =     -2643.0004
 BOND   =       236.7600  ANGLE   =       369.5691  DIHED      =       492.9009
 1-4 NB =       155.8270  1-4 EEL =      -350.2145  VDWAALS    =      -313.3158
 EELEC  =     -1146.6242  EGB     =     -2087.9028  RESTRAINT  =         0.0000
 ------------------------------------------------------------------------------

| RE_POSITION Moving by   0.412609  0.243522  1.512681

 NSTEP =    99000   TIME(PS) =      99.000  TEMP(K) =   299.28  PRESS =     0.0
 Etot   =     -2065.5067  EKtot   =       569.1485  EPtot      =     -2634.6552
 BOND   =       229.5697  ANGLE   =       373.3416  DIHED      =       503.8911
 1-4 NB =       154.5754  1-4 EEL =      -341.8995  VDWAALS    =      -311.8822
 EELEC  =     -1137.7448  EGB     =     -2104.5064  RESTRAINT  =         0.0000
 ------------------------------------------------------------------------------


 NSTEP =    99100   TIME(PS) =      99.100  TEMP(K) =   307.21  PRESS =     0.0
 Etot   =     -2044.7331  EKtot   =       584.2430  EPtot      =     -2628.9761
 BOND   =       239.2324  ANGLE   =       364.9285  DIHED      =       499.5358
 1-4 NB =       158.4646  1-4 EEL =      -333.5028  VDWAALS    =      -303.3615
 EELEC  =     -1205.1708  EGB     =     -2049.1022  RESTRAINT  =         0.0000
 ------------------------------------------------------------------------------


 NSTEP =    99200   TIME(PS) =      99.200  TEMP(K) =   304.59  PRESS =     0.0
 Etot   =     -2039.0971  EKtot   =       579.2516  EPtot      =     -2618.3487
 BOND   =       254.7478  ANGLE   =       358.3368  DIHED      =       504.7027
 1-4 NB =       155.9974  1-4 EEL =      -330.5144  VDWAALS    =      -317.9715
 EELEC  =     -1089.2433  EGB     =     -2154.4042  RESTRAINT  =         0.0000
 ------------------------------------------------------------------------------


 NSTEP =    99300   TIME(PS) =      99.300  TEMP(K) =   318.74  PRESS =     0.0
 Etot   =     -2033.4176  EKtot   =       606.1687  EPtot      =     -2639.5863
 BOND   =       231.6793  ANGLE   =       354.3024  DIHED      =       506.8779
 1-4 NB =       158.0280  1-4 EEL =      -346.2881  VDWAALS    =      -319.6060
 EELEC  =     -1072.3732  EGB     =     -2152.2067  RESTRAINT  =         0.0000
 ------------------------------------------------------------------------------


 NSTEP =    99400   TIME(PS) =      99.400  TEMP(K) =   312.37  PRESS =     0.0
 Etot   =     -2033.0575  EKtot   =       594.0556  EPtot      =     -2627.1131
 BOND   =       248.5231  ANGLE   =       367.4550  DIHED      =       498.3664
 1-4 NB =       147.9379  1-4 EEL =      -359.8436  VDWAALS    =      -311.8863
 EELEC  =     -1037.1906  EGB     =     -2180.4749  RESTRAINT  =         0.0000
 ------------------------------------------------------------------------------


 NSTEP =    99500   TIME(PS) =      99.500  TEMP(K) =   317.27  PRESS =     0.0
 Etot   =     -2043.7811  EKtot   =       603.3680  EPtot      =     -2647.1491
 BOND   =       216.4173  ANGLE   =       370.3956  DIHED      =       499.6140
 1-4 NB =       156.8887  1-4 EEL =      -335.0168  VDWAALS    =      -318.4035
 EELEC  =     -1205.6295  EGB     =     -2031.4148  RESTRAINT  =         0.0000
 ------------------------------------------------------------------------------


 NSTEP =    99600   TIME(PS) =      99.600  TEMP(K) =   320.81  PRESS =     0.0
 Etot   =     -2042.5774  EKtot   =       610.1074  EPtot      =     -2652.6848
 BOND   =       238.6668  ANGLE   =       356.8532  DIHED      =       501.5143
 1-4 NB =       157.3626  1-4 EEL =      -357.0969  VDWAALS    =      -318.9590
 EELEC  =     -1025.7210  EGB     =     -2205.3049  RESTRAINT  =         0.0000
 ------------------------------------------------------------------------------


 NSTEP =    99700   TIME(PS) =      99.700  TEMP(K) =   310.84  PRESS =     0.0
 Etot   =     -2061.7093  EKtot   =       591.1443  EPtot      =     -2652.8536
 BOND   =       235.8336  ANGLE   =       338.5820  DIHED      =       502.3066
 1-4 NB =       155.5905  1-4 EEL =      -326.2446  VDWAALS    =      -312.3546
 EELEC  =      -959.9627  EGB     =     -2286.6044  RESTRAINT  =         0.0000
 ------------------------------------------------------------------------------


 NSTEP =    99800   TIME(PS) =      99.800  TEMP(K) =   302.22  PRESS =     0.0
 Etot   =     -2059.9886  EKtot   =       574.7461  EPtot      =     -2634.7347
 BOND   =       239.2986  ANGLE   =       356.6277  DIHED      =       508.0717
 1-4 NB =       157.5638  1-4 EEL =      -336.0795  VDWAALS    =      -313.6821
 EELEC  =     -1293.9092  EGB     =     -1952.6256  RESTRAINT  =         0.0000
 ------------------------------------------------------------------------------


 NSTEP =    99900   TIME(PS) =      99.900  TEMP(K) =   314.05  PRESS =     0.0
 Etot   =     -2047.9488  EKtot   =       597.2354  EPtot      =     -2645.1843
 BOND   =       233.0184  ANGLE   =       357.7246  DIHED      =       498.5885
 1-4 NB =       158.9188  1-4 EEL =      -330.0176  VDWAALS    =      -317.8441
 EELEC  =      -732.2955  EGB     =     -2513.2773  RESTRAINT  =         0.0000
 ------------------------------------------------------------------------------

| RE_POSITION Moving by   0.717816 -0.620856  0.035599

 NSTEP =   100000   TIME(PS) =     100.000  TEMP(K) =   307.70  PRESS =     0.0
 Etot   =     -2040.9157  EKtot   =       585.1655  EPtot      =     -2626.0812
 BOND   =       250.6756  ANGLE   =       346.9537  DIHED      =       506.2194
 1-4 NB =       159.6232  1-4 EEL =      -350.3731  VDWAALS    =      -310.8172
 EELEC  =      -757.1441  EGB     =     -2471.2187  RESTRAINT  =         0.0000
 ------------------------------------------------------------------------------


      A V E R A G E S   O V E R  100000 S T E P S


 NSTEP =   100000   TIME(PS) =     100.000  TEMP(K) =   299.60  PRESS =     0.0
 Etot   =     -2110.5208  EKtot   =       569.7564  EPtot      =     -2680.2771
 BOND   =       230.1622  ANGLE   =       344.4266  DIHED      =       500.6802
 1-4 NB =       157.6048  1-4 EEL =      -344.3968  VDWAALS    =      -327.1208
 EELEC  =     -1034.8968  EGB     =     -2206.7366  RESTRAINT  =         0.0000
 ------------------------------------------------------------------------------


      R M S  F L U C T U A T I O N S


 NSTEP =   100000   TIME(PS) =     100.000  TEMP(K) =    13.82  PRESS =     0.0
 Etot   =        47.6850  EKtot   =        26.2898  EPtot      =        28.8612
 BOND   =        14.2027  ANGLE   =        16.9911  DIHED      =         9.1952
 1-4 NB =         4.5297  1-4 EEL =        12.9519  VDWAALS    =         8.6162
 EELEC  =       235.4595  EGB     =       232.5992  RESTRAINT  =         0.0000
 ------------------------------------------------------------------------------


--------------------------------------------------------------------------------
   5.  TIMINGS
--------------------------------------------------------------------------------

|                Calc gb radii            421.62 (26.02% of Gen B)
|                Calc gb diag             811.40 (50.08% of Gen B)
|                Calc gb off-diag         387.08 (23.89% of Gen B)
|             Gen Born time           1620.15 (100.0% of Nonbo)
|          Nonbond force           1620.16 (96.33% of Force)
|          Bond/Angle/Dihedral       61.70 ( 3.67% of Force)
|       Force time              1681.93 (99.17% of Runmd)
|       Verlet update time        13.96 ( 0.82% of Runmd)
|       Other                      0.09 ( 0.01% of Runmd)
|    Runmd Time              1695.99 (100.0% of Total)
| Total time              1696.01 (100.0% of ALL  )

| Number of list builds   :          0

| Highest rstack allocated:          0
| Highest istack allocated:          0

| Final Performance Info:
| -----------------------------------------------------
| Average timings for all steps:
|     Elapsed(s) =    1695.99 Per Step(ms) =      16.96
|         ns/day =       5.09   seconds/ns =   16959.89
| -----------------------------------------------------

|           Job began  at 18:25:34.280  on 05/13/2026
|           Setup done at 18:25:34.300  on 05/13/2026
|           Run   done at 18:53:50.289  on 05/13/2026
|     wallclock() was called 2201031 times

|3D-RISM memory allocation summary
|Type          Maximum        Current   
|Integer       0.00000 GB     0.00000 GB
|Real          0.00000 GB     0.00000 GB
|Logical       0.00000 GB     0.00000 GB
|Character     0.00000 GB     0.00000 GB
|---------------------------------------
|Total         0.00000 GB     0.00000 GB
