
          -------------------------------------------------------
          Amber 18 SANDER                              2018
          -------------------------------------------------------

| Run on 05/13/2026 at 18:53:50

|   Executable path: /home/ando/amber/amber18/bin/sander
| Working directory: /home/test/yazawa/tutorial2
|          Hostname: Unknown
  [-O]verwriting output

File Assignments:
|  MDIN: polyAT_gb_md1_nocut.in                                                
| MDOUT: polyAT_gb_md1_nocut.out                                               
|INPCRD: polyAT_gb_init_min.ncrst                                              
|  PARM: polyAT_vac.prmtop                                                     
|RESTRT: polyAT_gb_md1_nocut.ncrst                                             
|  REFC: refc                                                                  
| MDVEL: mdvel                                                                 
| MDFRC: mdfrc                                                                 
|  MDEN: mden                                                                  
| MDCRD: polyAT_gb_md1_nocut.nc                                                
|MDINFO: mdinfo                                                                
|  MTMD: mtmd                                                                  
|INPDIP: inpdip                                                                
|RSTDIP: rstdip                                                                
|INPTRA: inptraj                                                               


 Here is the input file:

10-mer DNA MD Generalized Born, infinite cut off                               
 &cntrl                                                                        
  imin = 0, ntb = 0,                                                           
  igb = 1, ntpr = 100, ntwx = 100,                                             
  ntt = 3, gamma_ln = 1.0,                                                     
  tempi = 300.0, temp0 = 300.0,                                                
  nstlim = 100000, dt = 0.001,                                                 
  cut = 999                                                                    
 /                                                                             

--------------------------------------------------------------------------------
   1.  RESOURCE   USE: 
--------------------------------------------------------------------------------

| Flags:                                                                        
| New format PARM file being parsed.
| Version =    1.000 Date = 05/13/26 Time = 17:14:44
 NATOM  =     638 NTYPES =      14 NBONH =     234 MBONA  =     452
 NTHETH =     554 MTHETA =     694 NPHIH =    1084 MPHIA  =    1326
 NHPARM =       0 NPARM  =       0 NNB   =    3544 NRES   =      20
 NBONA  =     452 NTHETA =     694 NPHIA =    1326 NUMBND =      39
 NUMANG =      75 NPTRA  =      56 NATYP =      26 NPHB   =       0
 IFBOX  =       0 NMXRS  =      33 IFCAP =       0 NEXTRA =       0
 NCOPY  =       0

 Implicit solvent radii are modified Bondi radii (mbondi)                                                   

|     Memory Use     Allocated
|     Real               49976
|     Hollerith           1936
|     Integer            54181
|     Max Pairs              1
|     nblistReal             0
|     nblist Int             0
|       Total              609 kbytes

| Note: 1-4 EEL scale factors are being read from the topology file.

| Note: 1-4 VDW scale factors are being read from the topology file.
| Duplicated    0 dihedrals
| Duplicated    0 dihedrals

--------------------------------------------------------------------------------
   2.  CONTROL  DATA  FOR  THE  RUN
--------------------------------------------------------------------------------

default_name                                                                    

General flags:
     imin    =       0, nmropt  =       0

Nature and format of input:
     ntx     =       1, irest   =       0, ntrx    =       1

Nature and format of output:
     ntxo    =       2, ntpr    =     100, ntrx    =       1, ntwr    =  100000
     iwrap   =       0, ntwx    =     100, ntwv    =       0, ntwe    =       0
     ioutfm  =       1, ntwprt  =       0, idecomp =       0, rbornstat=      0

Potential function:
     ntf     =       1, ntb     =       0, igb     =       1, nsnb    =      25
     ipol    =       0, gbsa    =       0, iesp    =       0
     dielc   =   1.00000, cut     = 999.00000, intdiel =   1.00000
     saltcon =   0.00000, offset  =   0.09000, gbalpha=    1.00000
     gbbeta  =   0.00000, gbgamma =   0.00000, surften =   0.00500
     rdt     =   0.00000, rgbmax  =  25.00000  extdiel =  78.50000
     alpb  =        0

Frozen or restrained atoms:
     ibelly  =       0, ntr     =       0

Molecular dynamics:
     nstlim  =    100000, nscm    =      1000, nrespa  =         1
     t       =   0.00000, dt      =   0.00100, vlimit  =  20.00000

Langevin dynamics temperature regulation:
     ig      =   71277
     temp0   = 300.00000, tempi   = 300.00000, gamma_ln=   1.00000
|  INFO: Old style inpcrd file read


--------------------------------------------------------------------------------
   3.  ATOMIC COORDINATES AND VELOCITIES
--------------------------------------------------------------------------------

default_name                                                                    
 begin time read from input coords =     0.000 ps

 Number of triangulated 3-point waters found:        0

--------------------------------------------------------------------------------
   4.  RESULTS
--------------------------------------------------------------------------------

|  # of SOLUTE  degrees of freedom (RNDFP):    1914.
|  # of SOLVENT degrees of freedom (RNDFS):       0.
|  NDFMIN =    1914.     NUM_NOSHAKE =      0     CORRECTED RNDFP =    1914.
|  TOTAL # of degrees of freedom (RNDF) =    1914.

 NSTEP =        0   TIME(PS) =       0.000  TEMP(K) =   297.60  PRESS =     0.0
 Etot   =     -2643.3727  EKtot   =       565.9592  EPtot      =     -3209.3319
 BOND   =        20.6525  ANGLE   =       104.4848  DIHED      =       438.8110
 1-4 NB =       146.2492  1-4 EEL =      -357.1156  VDWAALS    =      -364.6787
 EELEC  =      1400.9671  EGB     =     -4598.7022  RESTRAINT  =         0.0000
 ------------------------------------------------------------------------------


 NSTEP =      100   TIME(PS) =       0.100  TEMP(K) =   167.88  PRESS =     0.0
 Etot   =     -2569.3137  EKtot   =       319.2646  EPtot      =     -2888.5783
 BOND   =       140.3935  ANGLE   =       240.9876  DIHED      =       477.5589
 1-4 NB =       155.9014  1-4 EEL =      -359.7093  VDWAALS    =      -356.1399
 EELEC  =      1400.5708  EGB     =     -4588.1414  RESTRAINT  =         0.0000
 ------------------------------------------------------------------------------


 NSTEP =      200   TIME(PS) =       0.200  TEMP(K) =   184.05  PRESS =     0.0
 Etot   =     -2520.1627  EKtot   =       350.0118  EPtot      =     -2870.1745
 BOND   =       160.4953  ANGLE   =       220.1582  DIHED      =       505.5361
 1-4 NB =       152.1700  1-4 EEL =      -340.2778  VDWAALS    =      -353.5131
 EELEC  =      1374.3344  EGB     =     -4589.0778  RESTRAINT  =         0.0000
 ------------------------------------------------------------------------------


 NSTEP =      300   TIME(PS) =       0.300  TEMP(K) =   205.27  PRESS =     0.0
 Etot   =     -2469.9568  EKtot   =       390.3629  EPtot      =     -2860.3197
 BOND   =       162.4269  ANGLE   =       234.2664  DIHED      =       506.4835
 1-4 NB =       149.3017  1-4 EEL =      -325.9155  VDWAALS    =      -358.8141
 EELEC  =      1346.5479  EGB     =     -4574.6165  RESTRAINT  =         0.0000
 ------------------------------------------------------------------------------


 NSTEP =      400   TIME(PS) =       0.400  TEMP(K) =   223.36  PRESS =     0.0
 Etot   =     -2431.4933  EKtot   =       424.7639  EPtot      =     -2856.2572
 BOND   =       145.0608  ANGLE   =       266.5887  DIHED      =       491.3107
 1-4 NB =       146.8032  1-4 EEL =      -326.7699  VDWAALS    =      -356.3516
 EELEC  =      1335.6677  EGB     =     -4558.5667  RESTRAINT  =         0.0000
 ------------------------------------------------------------------------------


 NSTEP =      500   TIME(PS) =       0.500  TEMP(K) =   215.46  PRESS =     0.0
 Etot   =     -2401.2953  EKtot   =       409.7438  EPtot      =     -2811.0391
 BOND   =       166.0435  ANGLE   =       277.4231  DIHED      =       475.3876
 1-4 NB =       158.2397  1-4 EEL =      -345.9682  VDWAALS    =      -350.9492
 EELEC  =      1394.8842  EGB     =     -4586.0999  RESTRAINT  =         0.0000
 ------------------------------------------------------------------------------


 NSTEP =      600   TIME(PS) =       0.600  TEMP(K) =   221.36  PRESS =     0.0
 Etot   =     -2379.2120  EKtot   =       420.9640  EPtot      =     -2800.1760
 BOND   =       175.9466  ANGLE   =       280.5116  DIHED      =       474.9280
 1-4 NB =       152.3810  1-4 EEL =      -341.3085  VDWAALS    =      -345.2860
 EELEC  =      1395.3644  EGB     =     -4592.7131  RESTRAINT  =         0.0000
 ------------------------------------------------------------------------------


 NSTEP =      700   TIME(PS) =       0.700  TEMP(K) =   227.67  PRESS =     0.0
 Etot   =     -2360.4670  EKtot   =       432.9690  EPtot      =     -2793.4360
 BOND   =       177.3493  ANGLE   =       296.2338  DIHED      =       474.5361
 1-4 NB =       151.2959  1-4 EEL =      -335.7807  VDWAALS    =      -342.1220
 EELEC  =      1392.4197  EGB     =     -4607.3680  RESTRAINT  =         0.0000
 ------------------------------------------------------------------------------


 NSTEP =      800   TIME(PS) =       0.800  TEMP(K) =   233.14  PRESS =     0.0
 Etot   =     -2351.7537  EKtot   =       443.3634  EPtot      =     -2795.1170
 BOND   =       174.7665  ANGLE   =       299.4807  DIHED      =       476.1291
 1-4 NB =       147.1989  1-4 EEL =      -322.1359  VDWAALS    =      -346.2567
 EELEC  =      1374.5433  EGB     =     -4598.8428  RESTRAINT  =         0.0000
 ------------------------------------------------------------------------------


 NSTEP =      900   TIME(PS) =       0.900  TEMP(K) =   239.10  PRESS =     0.0
 Etot   =     -2327.9067  EKtot   =       454.7060  EPtot      =     -2782.6127
 BOND   =       180.8786  ANGLE   =       291.1605  DIHED      =       483.7984
 1-4 NB =       157.2657  1-4 EEL =      -326.1256  VDWAALS    =      -354.0632
 EELEC  =      1376.1034  EGB     =     -4591.6306  RESTRAINT  =         0.0000
 ------------------------------------------------------------------------------

| RE_POSITION Moving by   0.686767 -0.435257 -0.734304

 NSTEP =     1000   TIME(PS) =       1.000  TEMP(K) =   245.00  PRESS =     0.0
 Etot   =     -2302.7716  EKtot   =       465.9254  EPtot      =     -2768.6970
 BOND   =       184.5433  ANGLE   =       298.9081  DIHED      =       493.7306
 1-4 NB =       151.9208  1-4 EEL =      -345.9868  VDWAALS    =      -349.5883
 EELEC  =      1409.7583  EGB     =     -4611.9830  RESTRAINT  =         0.0000
 ------------------------------------------------------------------------------


 NSTEP =     1100   TIME(PS) =       1.100  TEMP(K) =   249.99  PRESS =     0.0
 Etot   =     -2272.4562  EKtot   =       475.4106  EPtot      =     -2747.8668
 BOND   =       196.4035  ANGLE   =       313.1937  DIHED      =       490.1160
 1-4 NB =       153.1356  1-4 EEL =      -332.0469  VDWAALS    =      -345.8675
 EELEC  =      1379.5877  EGB     =     -4602.3889  RESTRAINT  =         0.0000
 ------------------------------------------------------------------------------


 NSTEP =     1200   TIME(PS) =       1.200  TEMP(K) =   246.99  PRESS =     0.0
 Etot   =     -2254.8928  EKtot   =       469.7019  EPtot      =     -2724.5947
 BOND   =       212.0306  ANGLE   =       311.2112  DIHED      =       482.7476
 1-4 NB =       164.5750  1-4 EEL =      -345.1254  VDWAALS    =      -350.2190
 EELEC  =      1406.0026  EGB     =     -4605.8173  RESTRAINT  =         0.0000
 ------------------------------------------------------------------------------


 NSTEP =     1300   TIME(PS) =       1.300  TEMP(K) =   261.71  PRESS =     0.0
 Etot   =     -2243.0985  EKtot   =       497.7130  EPtot      =     -2740.8115
 BOND   =       217.3191  ANGLE   =       302.8674  DIHED      =       494.1629
 1-4 NB =       148.2982  1-4 EEL =      -342.7130  VDWAALS    =      -354.5061
 EELEC  =      1416.4818  EGB     =     -4622.7218  RESTRAINT  =         0.0000
 ------------------------------------------------------------------------------


 NSTEP =     1400   TIME(PS) =       1.400  TEMP(K) =   257.54  PRESS =     0.0
 Etot   =     -2237.3883  EKtot   =       489.7674  EPtot      =     -2727.1558
 BOND   =       216.4739  ANGLE   =       306.9884  DIHED      =       492.5464
 1-4 NB =       154.4669  1-4 EEL =      -337.2098  VDWAALS    =      -358.0975
 EELEC  =      1417.8263  EGB     =     -4620.1503  RESTRAINT  =         0.0000
 ------------------------------------------------------------------------------


 NSTEP =     1500   TIME(PS) =       1.500  TEMP(K) =   269.16  PRESS =     0.0
 Etot   =     -2248.6116  EKtot   =       511.8678  EPtot      =     -2760.4793
 BOND   =       200.1843  ANGLE   =       314.5130  DIHED      =       476.6550
 1-4 NB =       156.0804  1-4 EEL =      -363.7722  VDWAALS    =      -352.4478
 EELEC  =      1432.5338  EGB     =     -4624.2258  RESTRAINT  =         0.0000
 ------------------------------------------------------------------------------


 NSTEP =     1600   TIME(PS) =       1.600  TEMP(K) =   242.38  PRESS =     0.0
 Etot   =     -2259.2508  EKtot   =       460.9449  EPtot      =     -2720.1957
 BOND   =       201.4496  ANGLE   =       350.2818  DIHED      =       477.3669
 1-4 NB =       157.6408  1-4 EEL =      -358.7454  VDWAALS    =      -336.3695
 EELEC  =      1420.2832  EGB     =     -4632.1031  RESTRAINT  =         0.0000
 ------------------------------------------------------------------------------


 NSTEP =     1700   TIME(PS) =       1.700  TEMP(K) =   261.22  PRESS =     0.0
 Etot   =     -2227.1565  EKtot   =       496.7656  EPtot      =     -2723.9222
 BOND   =       206.7107  ANGLE   =       328.6233  DIHED      =       484.0647
 1-4 NB =       159.5133  1-4 EEL =      -353.3916  VDWAALS    =      -345.1725
 EELEC  =      1417.1936  EGB     =     -4621.4636  RESTRAINT  =         0.0000
 ------------------------------------------------------------------------------


 NSTEP =     1800   TIME(PS) =       1.800  TEMP(K) =   265.06  PRESS =     0.0
 Etot   =     -2229.0586  EKtot   =       504.0850  EPtot      =     -2733.1436
 BOND   =       218.0469  ANGLE   =       307.5569  DIHED      =       496.5759
 1-4 NB =       151.4632  1-4 EEL =      -345.8902  VDWAALS    =      -343.6742
 EELEC  =      1392.4752  EGB     =     -4609.6972  RESTRAINT  =         0.0000
 ------------------------------------------------------------------------------


 NSTEP =     1900   TIME(PS) =       1.900  TEMP(K) =   260.08  PRESS =     0.0
 Etot   =     -2214.3128  EKtot   =       494.6084  EPtot      =     -2708.9211
 BOND   =       215.0334  ANGLE   =       325.2908  DIHED      =       494.1770
 1-4 NB =       161.9715  1-4 EEL =      -360.5920  VDWAALS    =      -343.4399
 EELEC  =      1414.4800  EGB     =     -4615.8420  RESTRAINT  =         0.0000
 ------------------------------------------------------------------------------

| RE_POSITION Moving by   0.157128 -0.405503  0.293233

 NSTEP =     2000   TIME(PS) =       2.000  TEMP(K) =   270.31  PRESS =     0.0
 Etot   =     -2201.1791  EKtot   =       514.0559  EPtot      =     -2715.2350
 BOND   =       199.5566  ANGLE   =       334.5718  DIHED      =       492.2743
 1-4 NB =       151.9241  1-4 EEL =      -344.9097  VDWAALS    =      -346.7208
 EELEC  =      1401.3959  EGB     =     -4603.3272  RESTRAINT  =         0.0000
 ------------------------------------------------------------------------------


 NSTEP =     2100   TIME(PS) =       2.100  TEMP(K) =   262.77  PRESS =     0.0
 Etot   =     -2176.2821  EKtot   =       499.7259  EPtot      =     -2676.0081
 BOND   =       224.6944  ANGLE   =       341.3345  DIHED      =       473.1988
 1-4 NB =       161.3933  1-4 EEL =      -322.6586  VDWAALS    =      -334.8969
 EELEC  =      1400.0253  EGB     =     -4619.0989  RESTRAINT  =         0.0000
 ------------------------------------------------------------------------------


 NSTEP =     2200   TIME(PS) =       2.200  TEMP(K) =   276.14  PRESS =     0.0
 Etot   =     -2168.2740  EKtot   =       525.1419  EPtot      =     -2693.4158
 BOND   =       222.2090  ANGLE   =       319.5907  DIHED      =       481.7737
 1-4 NB =       162.2490  1-4 EEL =      -334.0680  VDWAALS    =      -330.4599
 EELEC  =      1415.0350  EGB     =     -4629.7454  RESTRAINT  =         0.0000
 ------------------------------------------------------------------------------


 NSTEP =     2300   TIME(PS) =       2.300  TEMP(K) =   282.02  PRESS =     0.0
 Etot   =     -2166.4280  EKtot   =       536.3352  EPtot      =     -2702.7632
 BOND   =       227.5777  ANGLE   =       326.6366  DIHED      =       489.7848
 1-4 NB =       154.5902  1-4 EEL =      -353.1539  VDWAALS    =      -341.3887
 EELEC  =      1414.8977  EGB     =     -4621.7075  RESTRAINT  =         0.0000
 ------------------------------------------------------------------------------


 NSTEP =     2400   TIME(PS) =       2.400  TEMP(K) =   295.96  PRESS =     0.0
 Etot   =     -2147.3562  EKtot   =       562.8468  EPtot      =     -2710.2030
 BOND   =       203.6001  ANGLE   =       309.9441  DIHED      =       517.9200
 1-4 NB =       147.4458  1-4 EEL =      -346.1859  VDWAALS    =      -336.3844
 EELEC  =      1418.2918  EGB     =     -4624.8346  RESTRAINT  =         0.0000
 ------------------------------------------------------------------------------


 NSTEP =     2500   TIME(PS) =       2.500  TEMP(K) =   284.79  PRESS =     0.0
 Etot   =     -2151.1304  EKtot   =       541.5953  EPtot      =     -2692.7257
 BOND   =       207.9065  ANGLE   =       324.9178  DIHED      =       507.1467
 1-4 NB =       157.6384  1-4 EEL =      -337.9772  VDWAALS    =      -341.9049
 EELEC  =      1427.8944  EGB     =     -4638.3473  RESTRAINT  =         0.0000
 ------------------------------------------------------------------------------


 NSTEP =     2600   TIME(PS) =       2.600  TEMP(K) =   284.84  PRESS =     0.0
 Etot   =     -2142.5105  EKtot   =       541.6873  EPtot      =     -2684.1978
 BOND   =       219.3707  ANGLE   =       352.8879  DIHED      =       487.8329
 1-4 NB =       160.1022  1-4 EEL =      -356.8345  VDWAALS    =      -348.6350
 EELEC  =      1459.6456  EGB     =     -4658.5676  RESTRAINT  =         0.0000
 ------------------------------------------------------------------------------


 NSTEP =     2700   TIME(PS) =       2.700  TEMP(K) =   287.65  PRESS =     0.0
 Etot   =     -2137.0012  EKtot   =       547.0380  EPtot      =     -2684.0392
 BOND   =       199.8115  ANGLE   =       351.8800  DIHED      =       497.0147
 1-4 NB =       156.0378  1-4 EEL =      -360.9203  VDWAALS    =      -346.5704
 EELEC  =      1478.8279  EGB     =     -4660.1204  RESTRAINT  =         0.0000
 ------------------------------------------------------------------------------


 NSTEP =     2800   TIME(PS) =       2.800  TEMP(K) =   295.85  PRESS =     0.0
 Etot   =     -2103.9283  EKtot   =       562.6220  EPtot      =     -2666.5503
 BOND   =       235.0063  ANGLE   =       332.9783  DIHED      =       503.3158
 1-4 NB =       153.1323  1-4 EEL =      -376.8721  VDWAALS    =      -345.2474
 EELEC  =      1499.9801  EGB     =     -4668.8436  RESTRAINT  =         0.0000
 ------------------------------------------------------------------------------


 NSTEP =     2900   TIME(PS) =       2.900  TEMP(K) =   288.39  PRESS =     0.0
 Etot   =     -2125.5257  EKtot   =       548.4400  EPtot      =     -2673.9656
 BOND   =       233.5275  ANGLE   =       339.3923  DIHED      =       485.6891
 1-4 NB =       160.6147  1-4 EEL =      -345.6488  VDWAALS    =      -343.3852
 EELEC  =      1471.6894  EGB     =     -4675.8447  RESTRAINT  =         0.0000
 ------------------------------------------------------------------------------

| RE_POSITION Moving by   0.294668  0.504297  0.798784

 NSTEP =     3000   TIME(PS) =       3.000  TEMP(K) =   292.93  PRESS =     0.0
 Etot   =     -2119.0044  EKtot   =       557.0686  EPtot      =     -2676.0730
 BOND   =       223.9253  ANGLE   =       349.3079  DIHED      =       489.1379
 1-4 NB =       158.7155  1-4 EEL =      -355.1621  VDWAALS    =      -349.3226
 EELEC  =      1477.8576  EGB     =     -4670.5324  RESTRAINT  =         0.0000
 ------------------------------------------------------------------------------


 NSTEP =     3100   TIME(PS) =       3.100  TEMP(K) =   286.78  PRESS =     0.0
 Etot   =     -2107.6406  EKtot   =       545.3907  EPtot      =     -2653.0313
 BOND   =       245.0084  ANGLE   =       338.3228  DIHED      =       502.3463
 1-4 NB =       154.8443  1-4 EEL =      -348.5632  VDWAALS    =      -344.4724
 EELEC  =      1456.6907  EGB     =     -4657.2081  RESTRAINT  =         0.0000
 ------------------------------------------------------------------------------


 NSTEP =     3200   TIME(PS) =       3.200  TEMP(K) =   297.38  PRESS =     0.0
 Etot   =     -2124.3996  EKtot   =       565.5468  EPtot      =     -2689.9464
 BOND   =       226.1783  ANGLE   =       320.2907  DIHED      =       494.3092
 1-4 NB =       153.8214  1-4 EEL =      -328.8018  VDWAALS    =      -338.8341
 EELEC  =      1452.9337  EGB     =     -4669.8438  RESTRAINT  =         0.0000
 ------------------------------------------------------------------------------


 NSTEP =     3300   TIME(PS) =       3.300  TEMP(K) =   297.25  PRESS =     0.0
 Etot   =     -2127.8716  EKtot   =       565.2853  EPtot      =     -2693.1569
 BOND   =       227.6489  ANGLE   =       332.1023  DIHED      =       485.2161
 1-4 NB =       157.7209  1-4 EEL =      -352.2599  VDWAALS    =      -340.2530
 EELEC  =      1463.6891  EGB     =     -4667.0213  RESTRAINT  =         0.0000
 ------------------------------------------------------------------------------


 NSTEP =     3400   TIME(PS) =       3.400  TEMP(K) =   291.48  PRESS =     0.0
 Etot   =     -2136.6055  EKtot   =       554.3211  EPtot      =     -2690.9266
 BOND   =       212.3761  ANGLE   =       323.0670  DIHED      =       482.8426
 1-4 NB =       161.0510  1-4 EEL =      -333.7614  VDWAALS    =      -345.6903
 EELEC  =      1439.8112  EGB     =     -4630.6227  RESTRAINT  =         0.0000
 ------------------------------------------------------------------------------


 NSTEP =     3500   TIME(PS) =       3.500  TEMP(K) =   298.58  PRESS =     0.0
 Etot   =     -2116.3089  EKtot   =       567.8293  EPtot      =     -2684.1381
 BOND   =       240.4743  ANGLE   =       346.9568  DIHED      =       485.5244
 1-4 NB =       149.7193  1-4 EEL =      -356.1532  VDWAALS    =      -347.7237
 EELEC  =      1418.8205  EGB     =     -4621.7566  RESTRAINT  =         0.0000
 ------------------------------------------------------------------------------


 NSTEP =     3600   TIME(PS) =       3.600  TEMP(K) =   278.59  PRESS =     0.0
 Etot   =     -2130.3482  EKtot   =       529.8136  EPtot      =     -2660.1618
 BOND   =       231.7499  ANGLE   =       340.8687  DIHED      =       496.0493
 1-4 NB =       161.2561  1-4 EEL =      -341.1394  VDWAALS    =      -338.9681
 EELEC  =      1403.3092  EGB     =     -4613.2875  RESTRAINT  =         0.0000
 ------------------------------------------------------------------------------


 NSTEP =     3700   TIME(PS) =       3.700  TEMP(K) =   284.03  PRESS =     0.0
 Etot   =     -2129.2141  EKtot   =       540.1506  EPtot      =     -2669.3647
 BOND   =       237.5156  ANGLE   =       344.8191  DIHED      =       502.4930
 1-4 NB =       153.4393  1-4 EEL =      -356.6053  VDWAALS    =      -352.8653
 EELEC  =      1432.2491  EGB     =     -4630.4101  RESTRAINT  =         0.0000
 ------------------------------------------------------------------------------


 NSTEP =     3800   TIME(PS) =       3.800  TEMP(K) =   277.47  PRESS =     0.0
 Etot   =     -2131.6102  EKtot   =       527.6760  EPtot      =     -2659.2861
 BOND   =       237.0303  ANGLE   =       338.8040  DIHED      =       491.7324
 1-4 NB =       160.0374  1-4 EEL =      -323.2077  VDWAALS    =      -342.6066
 EELEC  =      1374.2285  EGB     =     -4595.3045  RESTRAINT  =         0.0000
 ------------------------------------------------------------------------------


 NSTEP =     3900   TIME(PS) =       3.900  TEMP(K) =   290.74  PRESS =     0.0
 Etot   =     -2152.9788  EKtot   =       552.9201  EPtot      =     -2705.8989
 BOND   =       217.4258  ANGLE   =       331.0736  DIHED      =       485.3323
 1-4 NB =       159.0300  1-4 EEL =      -333.2389  VDWAALS    =      -352.6176
 EELEC  =      1379.3317  EGB     =     -4592.2359  RESTRAINT  =         0.0000
 ------------------------------------------------------------------------------

| RE_POSITION Moving by   0.194712 -0.008395 -0.095221

 NSTEP =     4000   TIME(PS) =       4.000  TEMP(K) =   293.74  PRESS =     0.0
 Etot   =     -2145.7462  EKtot   =       558.6217  EPtot      =     -2704.3679
 BOND   =       214.6256  ANGLE   =       329.4685  DIHED      =       496.5547
 1-4 NB =       150.4710  1-4 EEL =      -347.1149  VDWAALS    =      -351.0634
 EELEC  =      1399.6602  EGB     =     -4596.9695  RESTRAINT  =         0.0000
 ------------------------------------------------------------------------------


 NSTEP =     4100   TIME(PS) =       4.100  TEMP(K) =   280.36  PRESS =     0.0
 Etot   =     -2141.9768  EKtot   =       533.1737  EPtot      =     -2675.1506
 BOND   =       229.5544  ANGLE   =       333.0607  DIHED      =       497.6239
 1-4 NB =       156.5378  1-4 EEL =      -343.7142  VDWAALS    =      -343.6945
 EELEC  =      1383.0002  EGB     =     -4587.5189  RESTRAINT  =         0.0000
 ------------------------------------------------------------------------------


 NSTEP =     4200   TIME(PS) =       4.200  TEMP(K) =   294.66  PRESS =     0.0
 Etot   =     -2144.4222  EKtot   =       560.3670  EPtot      =     -2704.7892
 BOND   =       226.4341  ANGLE   =       300.9879  DIHED      =       501.6086
 1-4 NB =       154.5037  1-4 EEL =      -328.8612  VDWAALS    =      -351.8213
 EELEC  =      1386.7145  EGB     =     -4594.3555  RESTRAINT  =         0.0000
 ------------------------------------------------------------------------------


 NSTEP =     4300   TIME(PS) =       4.300  TEMP(K) =   285.23  PRESS =     0.0
 Etot   =     -2139.6052  EKtot   =       542.4255  EPtot      =     -2682.0307
 BOND   =       233.8653  ANGLE   =       323.2814  DIHED      =       495.0469
 1-4 NB =       158.4349  1-4 EEL =      -338.2084  VDWAALS    =      -341.0391
 EELEC  =      1345.2649  EGB     =     -4558.6767  RESTRAINT  =         0.0000
 ------------------------------------------------------------------------------


 NSTEP =     4400   TIME(PS) =       4.400  TEMP(K) =   302.21  PRESS =     0.0
 Etot   =     -2125.8834  EKtot   =       574.7185  EPtot      =     -2700.6018
 BOND   =       218.7571  ANGLE   =       314.1256  DIHED      =       492.4138
 1-4 NB =       158.7533  1-4 EEL =      -314.2936  VDWAALS    =      -341.2319
 EELEC  =      1377.2786  EGB     =     -4606.4047  RESTRAINT  =         0.0000
 ------------------------------------------------------------------------------


 NSTEP =     4500   TIME(PS) =       4.500  TEMP(K) =   293.56  PRESS =     0.0
 Etot   =     -2109.9453  EKtot   =       558.2808  EPtot      =     -2668.2260
 BOND   =       220.2212  ANGLE   =       367.6199  DIHED      =       491.5952
 1-4 NB =       148.6471  1-4 EEL =      -346.8180  VDWAALS    =      -341.2354
 EELEC  =      1380.9308  EGB     =     -4589.1868  RESTRAINT  =         0.0000
 ------------------------------------------------------------------------------


 NSTEP =     4600   TIME(PS) =       4.600  TEMP(K) =   305.03  PRESS =     0.0
 Etot   =     -2107.6883  EKtot   =       580.0880  EPtot      =     -2687.7763
 BOND   =       229.0537  ANGLE   =       308.6309  DIHED      =       506.0924
 1-4 NB =       155.7181  1-4 EEL =      -345.2522  VDWAALS    =      -339.6951
 EELEC  =      1388.4141  EGB     =     -4590.7382  RESTRAINT  =         0.0000
 ------------------------------------------------------------------------------


 NSTEP =     4700   TIME(PS) =       4.700  TEMP(K) =   286.46  PRESS =     0.0
 Etot   =     -2104.3882  EKtot   =       544.7799  EPtot      =     -2649.1681
 BOND   =       225.8002  ANGLE   =       349.9215  DIHED      =       511.5070
 1-4 NB =       156.9469  1-4 EEL =      -349.7855  VDWAALS    =      -332.9984
 EELEC  =      1370.4611  EGB     =     -4581.0209  RESTRAINT  =         0.0000
 ------------------------------------------------------------------------------


 NSTEP =     4800   TIME(PS) =       4.800  TEMP(K) =   291.64  PRESS =     0.0
 Etot   =     -2084.4619  EKtot   =       554.6207  EPtot      =     -2639.0827
 BOND   =       236.2081  ANGLE   =       358.6893  DIHED      =       502.9603
 1-4 NB =       155.1930  1-4 EEL =      -335.2879  VDWAALS    =      -339.9163
 EELEC  =      1375.9317  EGB     =     -4592.8608  RESTRAINT  =         0.0000
 ------------------------------------------------------------------------------


 NSTEP =     4900   TIME(PS) =       4.900  TEMP(K) =   294.49  PRESS =     0.0
 Etot   =     -2088.7212  EKtot   =       560.0346  EPtot      =     -2648.7558
 BOND   =       223.1672  ANGLE   =       370.7814  DIHED      =       507.5868
 1-4 NB =       153.1679  1-4 EEL =      -353.7549  VDWAALS    =      -335.8516
 EELEC  =      1379.3817  EGB     =     -4593.2343  RESTRAINT  =         0.0000
 ------------------------------------------------------------------------------

| RE_POSITION Moving by  -0.111581 -0.386073 -0.277718

 NSTEP =     5000   TIME(PS) =       5.000  TEMP(K) =   296.44  PRESS =     0.0
 Etot   =     -2091.4326  EKtot   =       563.7569  EPtot      =     -2655.1894
 BOND   =       237.4544  ANGLE   =       348.6433  DIHED      =       499.4830
 1-4 NB =       154.7989  1-4 EEL =      -354.3599  VDWAALS    =      -341.2343
 EELEC  =      1368.7173  EGB     =     -4568.6922  RESTRAINT  =         0.0000
 ------------------------------------------------------------------------------


 NSTEP =     5100   TIME(PS) =       5.100  TEMP(K) =   302.07  PRESS =     0.0
 Etot   =     -2092.9214  EKtot   =       574.4543  EPtot      =     -2667.3757
 BOND   =       216.3545  ANGLE   =       326.4868  DIHED      =       517.8794
 1-4 NB =       163.3840  1-4 EEL =      -334.6839  VDWAALS    =      -341.1754
 EELEC  =      1344.2936  EGB     =     -4559.9147  RESTRAINT  =         0.0000
 ------------------------------------------------------------------------------


 NSTEP =     5200   TIME(PS) =       5.200  TEMP(K) =   303.96  PRESS =     0.0
 Etot   =     -2102.5390  EKtot   =       578.0561  EPtot      =     -2680.5951
 BOND   =       216.7927  ANGLE   =       322.9122  DIHED      =       518.1437
 1-4 NB =       157.7485  1-4 EEL =      -345.3361  VDWAALS    =      -337.3050
 EELEC  =      1341.7049  EGB     =     -4555.2560  RESTRAINT  =         0.0000
 ------------------------------------------------------------------------------


 NSTEP =     5300   TIME(PS) =       5.300  TEMP(K) =   298.02  PRESS =     0.0
 Etot   =     -2103.9583  EKtot   =       566.7533  EPtot      =     -2670.7116
 BOND   =       239.3826  ANGLE   =       311.4610  DIHED      =       507.5776
 1-4 NB =       160.0743  1-4 EEL =      -344.0141  VDWAALS    =      -324.1914
 EELEC  =      1330.6760  EGB     =     -4551.6777  RESTRAINT  =         0.0000
 ------------------------------------------------------------------------------


 NSTEP =     5400   TIME(PS) =       5.400  TEMP(K) =   301.16  PRESS =     0.0
 Etot   =     -2097.4276  EKtot   =       572.7279  EPtot      =     -2670.1554
 BOND   =       220.9130  ANGLE   =       356.3033  DIHED      =       499.3093
 1-4 NB =       149.6513  1-4 EEL =      -349.1243  VDWAALS    =      -341.8302
 EELEC  =      1353.8466  EGB     =     -4559.2244  RESTRAINT  =         0.0000
 ------------------------------------------------------------------------------


 NSTEP =     5500   TIME(PS) =       5.500  TEMP(K) =   296.96  PRESS =     0.0
 Etot   =     -2085.9959  EKtot   =       564.7384  EPtot      =     -2650.7343
 BOND   =       249.3800  ANGLE   =       350.6359  DIHED      =       493.4245
 1-4 NB =       160.8732  1-4 EEL =      -362.6461  VDWAALS    =      -341.2247
 EELEC  =      1355.2475  EGB     =     -4556.4245  RESTRAINT  =         0.0000
 ------------------------------------------------------------------------------


 NSTEP =     5600   TIME(PS) =       5.600  TEMP(K) =   289.85  PRESS =     0.0
 Etot   =     -2094.5830  EKtot   =       551.2246  EPtot      =     -2645.8076
 BOND   =       239.9239  ANGLE   =       349.7103  DIHED      =       499.1519
 1-4 NB =       148.8276  1-4 EEL =      -352.5259  VDWAALS    =      -335.8164
 EELEC  =      1342.6118  EGB     =     -4537.6907  RESTRAINT  =         0.0000
 ------------------------------------------------------------------------------


 NSTEP =     5700   TIME(PS) =       5.700  TEMP(K) =   292.10  PRESS =     0.0
 Etot   =     -2085.4553  EKtot   =       555.4978  EPtot      =     -2640.9531
 BOND   =       226.7468  ANGLE   =       352.9036  DIHED      =       511.3852
 1-4 NB =       160.2352  1-4 EEL =      -351.2544  VDWAALS    =      -341.1368
 EELEC  =      1357.0232  EGB     =     -4556.8558  RESTRAINT  =         0.0000
 ------------------------------------------------------------------------------


 NSTEP =     5800   TIME(PS) =       5.800  TEMP(K) =   299.56  PRESS =     0.0
 Etot   =     -2091.3449  EKtot   =       569.6867  EPtot      =     -2661.0316
 BOND   =       217.6004  ANGLE   =       364.4755  DIHED      =       491.6802
 1-4 NB =       158.8579  1-4 EEL =      -344.9350  VDWAALS    =      -328.8555
 EELEC  =      1329.6963  EGB     =     -4549.5513  RESTRAINT  =         0.0000
 ------------------------------------------------------------------------------


 NSTEP =     5900   TIME(PS) =       5.900  TEMP(K) =   302.75  PRESS =     0.0
 Etot   =     -2096.3396  EKtot   =       575.7598  EPtot      =     -2672.0994
 BOND   =       235.0658  ANGLE   =       330.7042  DIHED      =       490.1262
 1-4 NB =       161.4229  1-4 EEL =      -348.6762  VDWAALS    =      -340.4669
 EELEC  =      1365.1650  EGB     =     -4565.4403  RESTRAINT  =         0.0000
 ------------------------------------------------------------------------------

| RE_POSITION Moving by  -0.191852  0.308543  0.290196

 NSTEP =     6000   TIME(PS) =       6.000  TEMP(K) =   301.63  PRESS =     0.0
 Etot   =     -2095.7257  EKtot   =       573.6182  EPtot      =     -2669.3440
 BOND   =       242.0919  ANGLE   =       322.6782  DIHED      =       501.1321
 1-4 NB =       155.7782  1-4 EEL =      -358.9184  VDWAALS    =      -345.7450
 EELEC  =      1389.9888  EGB     =     -4576.3498  RESTRAINT  =         0.0000
 ------------------------------------------------------------------------------


 NSTEP =     6100   TIME(PS) =       6.100  TEMP(K) =   309.36  PRESS =     0.0
 Etot   =     -2092.9420  EKtot   =       588.3252  EPtot      =     -2681.2672
 BOND   =       216.4307  ANGLE   =       342.5059  DIHED      =       489.1540
 1-4 NB =       154.0312  1-4 EEL =      -341.8612  VDWAALS    =      -340.4241
 EELEC  =      1390.3410  EGB     =     -4591.4447  RESTRAINT  =         0.0000
 ------------------------------------------------------------------------------


 NSTEP =     6200   TIME(PS) =       6.200  TEMP(K) =   289.87  PRESS =     0.0
 Etot   =     -2098.6314  EKtot   =       551.2656  EPtot      =     -2649.8970
 BOND   =       236.9452  ANGLE   =       357.9938  DIHED      =       505.0960
 1-4 NB =       156.5639  1-4 EEL =      -362.7976  VDWAALS    =      -339.6152
 EELEC  =      1371.7932  EGB     =     -4575.8762  RESTRAINT  =         0.0000
 ------------------------------------------------------------------------------


 NSTEP =     6300   TIME(PS) =       6.300  TEMP(K) =   297.53  PRESS =     0.0
 Etot   =     -2090.7225  EKtot   =       565.8311  EPtot      =     -2656.5536
 BOND   =       222.3883  ANGLE   =       353.4101  DIHED      =       495.8638
 1-4 NB =       170.2584  1-4 EEL =      -353.9825  VDWAALS    =      -339.5047
 EELEC  =      1377.2755  EGB     =     -4582.2625  RESTRAINT  =         0.0000
 ------------------------------------------------------------------------------


 NSTEP =     6400   TIME(PS) =       6.400  TEMP(K) =   298.26  PRESS =     0.0
 Etot   =     -2105.6457  EKtot   =       567.2118  EPtot      =     -2672.8575
 BOND   =       240.5293  ANGLE   =       328.5928  DIHED      =       503.7786
 1-4 NB =       152.0428  1-4 EEL =      -372.0845  VDWAALS    =      -348.8875
 EELEC  =      1403.5953  EGB     =     -4580.4244  RESTRAINT  =         0.0000
 ------------------------------------------------------------------------------


 NSTEP =     6500   TIME(PS) =       6.500  TEMP(K) =   299.71  PRESS =     0.0
 Etot   =     -2099.9343  EKtot   =       569.9661  EPtot      =     -2669.9004
 BOND   =       234.8242  ANGLE   =       331.7950  DIHED      =       496.9529
 1-4 NB =       157.1492  1-4 EEL =      -361.9702  VDWAALS    =      -336.6773
 EELEC  =      1375.3976  EGB     =     -4567.3716  RESTRAINT  =         0.0000
 ------------------------------------------------------------------------------


 NSTEP =     6600   TIME(PS) =       6.600  TEMP(K) =   289.81  PRESS =     0.0
 Etot   =     -2094.4316  EKtot   =       551.1398  EPtot      =     -2645.5714
 BOND   =       221.5956  ANGLE   =       357.4658  DIHED      =       508.4024
 1-4 NB =       153.9465  1-4 EEL =      -333.0663  VDWAALS    =      -346.6952
 EELEC  =      1368.5579  EGB     =     -4575.7782  RESTRAINT  =         0.0000
 ------------------------------------------------------------------------------


 NSTEP =     6700   TIME(PS) =       6.700  TEMP(K) =   298.49  PRESS =     0.0
 Etot   =     -2097.4133  EKtot   =       567.6494  EPtot      =     -2665.0627
 BOND   =       228.6432  ANGLE   =       352.5110  DIHED      =       493.0985
 1-4 NB =       161.7057  1-4 EEL =      -352.0746  VDWAALS    =      -340.0733
 EELEC  =      1362.0823  EGB     =     -4570.9554  RESTRAINT  =         0.0000
 ------------------------------------------------------------------------------


 NSTEP =     6800   TIME(PS) =       6.800  TEMP(K) =   309.82  PRESS =     0.0
 Etot   =     -2094.5500  EKtot   =       589.2073  EPtot      =     -2683.7573
 BOND   =       222.0186  ANGLE   =       345.8350  DIHED      =       492.2726
 1-4 NB =       152.5509  1-4 EEL =      -365.9377  VDWAALS    =      -335.7404
 EELEC  =      1385.4666  EGB     =     -4580.2229  RESTRAINT  =         0.0000
 ------------------------------------------------------------------------------


 NSTEP =     6900   TIME(PS) =       6.900  TEMP(K) =   296.40  PRESS =     0.0
 Etot   =     -2098.8097  EKtot   =       563.6833  EPtot      =     -2662.4930
 BOND   =       230.0220  ANGLE   =       337.5571  DIHED      =       491.4869
 1-4 NB =       161.2664  1-4 EEL =      -338.1954  VDWAALS    =      -332.5316
 EELEC  =      1374.2346  EGB     =     -4586.3330  RESTRAINT  =         0.0000
 ------------------------------------------------------------------------------

| RE_POSITION Moving by  -0.416930  0.023512 -0.787917

 NSTEP =     7000   TIME(PS) =       7.000  TEMP(K) =   290.15  PRESS =     0.0
 Etot   =     -2095.1929  EKtot   =       551.7956  EPtot      =     -2646.9885
 BOND   =       242.7266  ANGLE   =       359.6366  DIHED      =       488.9989
 1-4 NB =       160.5036  1-4 EEL =      -351.2204  VDWAALS    =      -339.1896
 EELEC  =      1369.2169  EGB     =     -4577.6611  RESTRAINT  =         0.0000
 ------------------------------------------------------------------------------


 NSTEP =     7100   TIME(PS) =       7.100  TEMP(K) =   288.57  PRESS =     0.0
 Etot   =     -2114.2731  EKtot   =       548.7870  EPtot      =     -2663.0601
 BOND   =       219.6788  ANGLE   =       347.1276  DIHED      =       500.0545
 1-4 NB =       164.6517  1-4 EEL =      -349.9987  VDWAALS    =      -344.8893
 EELEC  =      1362.7729  EGB     =     -4562.4577  RESTRAINT  =         0.0000
 ------------------------------------------------------------------------------


 NSTEP =     7200   TIME(PS) =       7.200  TEMP(K) =   296.45  PRESS =     0.0
 Etot   =     -2090.2698  EKtot   =       563.7749  EPtot      =     -2654.0447
 BOND   =       244.0487  ANGLE   =       362.6294  DIHED      =       479.8526
 1-4 NB =       150.0977  1-4 EEL =      -344.5134  VDWAALS    =      -339.1015
 EELEC  =      1372.1378  EGB     =     -4579.1962  RESTRAINT  =         0.0000
 ------------------------------------------------------------------------------


 NSTEP =     7300   TIME(PS) =       7.300  TEMP(K) =   303.65  PRESS =     0.0
 Etot   =     -2086.0826  EKtot   =       577.4595  EPtot      =     -2663.5421
 BOND   =       230.0254  ANGLE   =       342.3333  DIHED      =       498.3345
 1-4 NB =       156.5395  1-4 EEL =      -335.7849  VDWAALS    =      -336.8182
 EELEC  =      1364.7331  EGB     =     -4582.9049  RESTRAINT  =         0.0000
 ------------------------------------------------------------------------------


 NSTEP =     7400   TIME(PS) =       7.400  TEMP(K) =   314.35  PRESS =     0.0
 Etot   =     -2075.2365  EKtot   =       597.8135  EPtot      =     -2673.0500
 BOND   =       224.3769  ANGLE   =       339.9615  DIHED      =       487.1729
 1-4 NB =       157.0297  1-4 EEL =      -333.2209  VDWAALS    =      -352.3866
 EELEC  =      1370.4644  EGB     =     -4566.4480  RESTRAINT  =         0.0000
 ------------------------------------------------------------------------------


 NSTEP =     7500   TIME(PS) =       7.500  TEMP(K) =   315.74  PRESS =     0.0
 Etot   =     -2055.6358  EKtot   =       600.4599  EPtot      =     -2656.0958
 BOND   =       243.0499  ANGLE   =       349.6837  DIHED      =       489.8778
 1-4 NB =       157.8526  1-4 EEL =      -339.9465  VDWAALS    =      -351.5699
 EELEC  =      1367.8807  EGB     =     -4572.9240  RESTRAINT  =         0.0000
 ------------------------------------------------------------------------------


 NSTEP =     7600   TIME(PS) =       7.600  TEMP(K) =   312.39  PRESS =     0.0
 Etot   =     -2050.7630  EKtot   =       594.0903  EPtot      =     -2644.8534
 BOND   =       242.3842  ANGLE   =       359.5885  DIHED      =       500.3120
 1-4 NB =       150.3910  1-4 EEL =      -351.3109  VDWAALS    =      -347.9048
 EELEC  =      1383.5176  EGB     =     -4581.8310  RESTRAINT  =         0.0000
 ------------------------------------------------------------------------------


 NSTEP =     7700   TIME(PS) =       7.700  TEMP(K) =   319.82  PRESS =     0.0
 Etot   =     -2052.5957  EKtot   =       608.2123  EPtot      =     -2660.8080
 BOND   =       237.0298  ANGLE   =       352.7704  DIHED      =       501.7102
 1-4 NB =       153.8055  1-4 EEL =      -356.0576  VDWAALS    =      -343.7188
 EELEC  =      1353.2634  EGB     =     -4559.6109  RESTRAINT  =         0.0000
 ------------------------------------------------------------------------------


 NSTEP =     7800   TIME(PS) =       7.800  TEMP(K) =   318.24  PRESS =     0.0
 Etot   =     -2035.9120  EKtot   =       605.2166  EPtot      =     -2641.1286
 BOND   =       226.9945  ANGLE   =       388.1224  DIHED      =       489.3037
 1-4 NB =       157.9701  1-4 EEL =      -347.1093  VDWAALS    =      -344.1638
 EELEC  =      1362.6833  EGB     =     -4574.9295  RESTRAINT  =         0.0000
 ------------------------------------------------------------------------------


 NSTEP =     7900   TIME(PS) =       7.900  TEMP(K) =   315.64  PRESS =     0.0
 Etot   =     -2040.4756  EKtot   =       600.2699  EPtot      =     -2640.7455
 BOND   =       242.4193  ANGLE   =       346.2957  DIHED      =       499.5465
 1-4 NB =       161.8158  1-4 EEL =      -344.2023  VDWAALS    =      -341.2841
 EELEC  =      1358.5768  EGB     =     -4563.9131  RESTRAINT  =         0.0000
 ------------------------------------------------------------------------------

| RE_POSITION Moving by  -0.330651 -0.057575 -0.448799

 NSTEP =     8000   TIME(PS) =       8.000  TEMP(K) =   308.06  PRESS =     0.0
 Etot   =     -2043.8457  EKtot   =       585.8515  EPtot      =     -2629.6972
 BOND   =       240.0648  ANGLE   =       356.2731  DIHED      =       515.1708
 1-4 NB =       157.3617  1-4 EEL =      -358.8192  VDWAALS    =      -343.2810
 EELEC  =      1341.5922  EGB     =     -4538.0596  RESTRAINT  =         0.0000
 ------------------------------------------------------------------------------


 NSTEP =     8100   TIME(PS) =       8.100  TEMP(K) =   309.34  PRESS =     0.0
 Etot   =     -2054.7711  EKtot   =       588.2798  EPtot      =     -2643.0508
 BOND   =       236.9560  ANGLE   =       336.6726  DIHED      =       514.1538
 1-4 NB =       160.9234  1-4 EEL =      -337.7429  VDWAALS    =      -341.5014
 EELEC  =      1347.8732  EGB     =     -4560.3854  RESTRAINT  =         0.0000
 ------------------------------------------------------------------------------


 NSTEP =     8200   TIME(PS) =       8.200  TEMP(K) =   318.80  PRESS =     0.0
 Etot   =     -2068.0873  EKtot   =       606.2769  EPtot      =     -2674.3642
 BOND   =       230.4768  ANGLE   =       345.2397  DIHED      =       505.3604
 1-4 NB =       156.3230  1-4 EEL =      -366.3597  VDWAALS    =      -343.0959
 EELEC  =      1345.4833  EGB     =     -4547.7917  RESTRAINT  =         0.0000
 ------------------------------------------------------------------------------


 NSTEP =     8300   TIME(PS) =       8.300  TEMP(K) =   303.16  PRESS =     0.0
 Etot   =     -2070.6857  EKtot   =       576.5398  EPtot      =     -2647.2255
 BOND   =       234.9656  ANGLE   =       333.0203  DIHED      =       509.6259
 1-4 NB =       160.0083  1-4 EEL =      -346.3830  VDWAALS    =      -332.0310
 EELEC  =      1354.4449  EGB     =     -4560.8766  RESTRAINT  =         0.0000
 ------------------------------------------------------------------------------


 NSTEP =     8400   TIME(PS) =       8.400  TEMP(K) =   305.65  PRESS =     0.0
 Etot   =     -2067.2412  EKtot   =       581.2671  EPtot      =     -2648.5083
 BOND   =       220.0598  ANGLE   =       355.8835  DIHED      =       509.4672
 1-4 NB =       156.5125  1-4 EEL =      -339.2030  VDWAALS    =      -337.9139
 EELEC  =      1361.5495  EGB     =     -4574.8640  RESTRAINT  =         0.0000
 ------------------------------------------------------------------------------


 NSTEP =     8500   TIME(PS) =       8.500  TEMP(K) =   309.19  PRESS =     0.0
 Etot   =     -2053.3463  EKtot   =       588.0062  EPtot      =     -2641.3525
 BOND   =       218.5698  ANGLE   =       368.5794  DIHED      =       500.5057
 1-4 NB =       157.2774  1-4 EEL =      -340.3861  VDWAALS    =      -338.3938
 EELEC  =      1364.7927  EGB     =     -4572.2977  RESTRAINT  =         0.0000
 ------------------------------------------------------------------------------


 NSTEP =     8600   TIME(PS) =       8.600  TEMP(K) =   331.23  PRESS =     0.0
 Etot   =     -2045.8950  EKtot   =       629.9155  EPtot      =     -2675.8105
 BOND   =       205.7758  ANGLE   =       336.7544  DIHED      =       506.2196
 1-4 NB =       161.1424  1-4 EEL =      -335.6126  VDWAALS    =      -338.6134
 EELEC  =      1372.6805  EGB     =     -4584.1572  RESTRAINT  =         0.0000
 ------------------------------------------------------------------------------


 NSTEP =     8700   TIME(PS) =       8.700  TEMP(K) =   314.91  PRESS =     0.0
 Etot   =     -2063.7317  EKtot   =       598.8852  EPtot      =     -2662.6168
 BOND   =       232.3305  ANGLE   =       337.3284  DIHED      =       493.3477
 1-4 NB =       157.1902  1-4 EEL =      -346.0870  VDWAALS    =      -335.5862
 EELEC  =      1376.9857  EGB     =     -4578.1262  RESTRAINT  =         0.0000
 ------------------------------------------------------------------------------


 NSTEP =     8800   TIME(PS) =       8.800  TEMP(K) =   314.87  PRESS =     0.0
 Etot   =     -2066.6953  EKtot   =       598.7945  EPtot      =     -2665.4898
 BOND   =       222.7164  ANGLE   =       323.4994  DIHED      =       497.2222
 1-4 NB =       169.2104  1-4 EEL =      -337.7676  VDWAALS    =      -335.8612
 EELEC  =      1355.8911  EGB     =     -4560.4004  RESTRAINT  =         0.0000
 ------------------------------------------------------------------------------


 NSTEP =     8900   TIME(PS) =       8.900  TEMP(K) =   313.88  PRESS =     0.0
 Etot   =     -2055.6049  EKtot   =       596.9181  EPtot      =     -2652.5230
 BOND   =       232.5986  ANGLE   =       341.9742  DIHED      =       503.9283
 1-4 NB =       150.9570  1-4 EEL =      -327.7386  VDWAALS    =      -345.2748
 EELEC  =      1347.7327  EGB     =     -4556.7005  RESTRAINT  =         0.0000
 ------------------------------------------------------------------------------

| RE_POSITION Moving by   0.299130  0.093676  1.482979

 NSTEP =     9000   TIME(PS) =       9.000  TEMP(K) =   305.20  PRESS =     0.0
 Etot   =     -2068.2152  EKtot   =       580.4056  EPtot      =     -2648.6208
 BOND   =       237.4477  ANGLE   =       337.1628  DIHED      =       509.8609
 1-4 NB =       154.6864  1-4 EEL =      -316.0379  VDWAALS    =      -341.8997
 EELEC  =      1319.3355  EGB     =     -4549.1765  RESTRAINT  =         0.0000
 ------------------------------------------------------------------------------


 NSTEP =     9100   TIME(PS) =       9.100  TEMP(K) =   302.52  PRESS =     0.0
 Etot   =     -2070.9343  EKtot   =       575.3066  EPtot      =     -2646.2409
 BOND   =       212.8843  ANGLE   =       371.0301  DIHED      =       502.4537
 1-4 NB =       155.7128  1-4 EEL =      -316.3003  VDWAALS    =      -332.2376
 EELEC  =      1304.8506  EGB     =     -4544.6345  RESTRAINT  =         0.0000
 ------------------------------------------------------------------------------


 NSTEP =     9200   TIME(PS) =       9.200  TEMP(K) =   301.26  PRESS =     0.0
 Etot   =     -2075.5843  EKtot   =       572.9153  EPtot      =     -2648.4996
 BOND   =       230.0416  ANGLE   =       369.1292  DIHED      =       496.2098
 1-4 NB =       156.3790  1-4 EEL =      -343.8256  VDWAALS    =      -333.8876
 EELEC  =      1320.7628  EGB     =     -4543.3086  RESTRAINT  =         0.0000
 ------------------------------------------------------------------------------


 NSTEP =     9300   TIME(PS) =       9.300  TEMP(K) =   294.18  PRESS =     0.0
 Etot   =     -2062.3694  EKtot   =       559.4463  EPtot      =     -2621.8157
 BOND   =       236.1797  ANGLE   =       382.6022  DIHED      =       503.0731
 1-4 NB =       156.5530  1-4 EEL =      -367.6721  VDWAALS    =      -332.8017
 EELEC  =      1323.8609  EGB     =     -4523.6106  RESTRAINT  =         0.0000
 ------------------------------------------------------------------------------


 NSTEP =     9400   TIME(PS) =       9.400  TEMP(K) =   302.31  PRESS =     0.0
 Etot   =     -2054.1631  EKtot   =       574.9118  EPtot      =     -2629.0749
 BOND   =       227.9034  ANGLE   =       368.7594  DIHED      =       497.6946
 1-4 NB =       163.0457  1-4 EEL =      -335.0633  VDWAALS    =      -336.0323
 EELEC  =      1313.8585  EGB     =     -4529.2410  RESTRAINT  =         0.0000
 ------------------------------------------------------------------------------


 NSTEP =     9500   TIME(PS) =       9.500  TEMP(K) =   307.79  PRESS =     0.0
 Etot   =     -2054.5407  EKtot   =       585.3390  EPtot      =     -2639.8797
 BOND   =       225.7596  ANGLE   =       369.2103  DIHED      =       510.7396
 1-4 NB =       155.1805  1-4 EEL =      -344.0633  VDWAALS    =      -329.0647
 EELEC  =      1287.4843  EGB     =     -4515.1260  RESTRAINT  =         0.0000
 ------------------------------------------------------------------------------


 NSTEP =     9600   TIME(PS) =       9.600  TEMP(K) =   314.74  PRESS =     0.0
 Etot   =     -2062.6815  EKtot   =       598.5585  EPtot      =     -2661.2400
 BOND   =       223.9140  ANGLE   =       334.9823  DIHED      =       513.3936
 1-4 NB =       161.2549  1-4 EEL =      -337.7828  VDWAALS    =      -326.3119
 EELEC  =      1287.5223  EGB     =     -4518.2123  RESTRAINT  =         0.0000
 ------------------------------------------------------------------------------


 NSTEP =     9700   TIME(PS) =       9.700  TEMP(K) =   307.62  PRESS =     0.0
 Etot   =     -2068.0174  EKtot   =       585.0116  EPtot      =     -2653.0289
 BOND   =       233.8840  ANGLE   =       334.6870  DIHED      =       510.1170
 1-4 NB =       155.9161  1-4 EEL =      -331.6157  VDWAALS    =      -328.1866
 EELEC  =      1288.7073  EGB     =     -4516.5380  RESTRAINT  =         0.0000
 ------------------------------------------------------------------------------


 NSTEP =     9800   TIME(PS) =       9.800  TEMP(K) =   300.35  PRESS =     0.0
 Etot   =     -2078.0746  EKtot   =       571.1819  EPtot      =     -2649.2565
 BOND   =       240.9959  ANGLE   =       346.7144  DIHED      =       493.5243
 1-4 NB =       160.5792  1-4 EEL =      -342.6792  VDWAALS    =      -341.2801
 EELEC  =      1319.0958  EGB     =     -4526.2067  RESTRAINT  =         0.0000
 ------------------------------------------------------------------------------


 NSTEP =     9900   TIME(PS) =       9.900  TEMP(K) =   296.65  PRESS =     0.0
 Etot   =     -2076.7984  EKtot   =       564.1433  EPtot      =     -2640.9417
 BOND   =       244.5674  ANGLE   =       356.2424  DIHED      =       484.1023
 1-4 NB =       157.2020  1-4 EEL =      -320.2512  VDWAALS    =      -328.6205
 EELEC  =      1285.9490  EGB     =     -4520.1332  RESTRAINT  =         0.0000
 ------------------------------------------------------------------------------

| RE_POSITION Moving by   0.100846  0.667005 -0.436437

 NSTEP =    10000   TIME(PS) =      10.000  TEMP(K) =   304.04  PRESS =     0.0
 Etot   =     -2058.9952  EKtot   =       578.2065  EPtot      =     -2637.2017
 BOND   =       241.5251  ANGLE   =       358.9910  DIHED      =       494.2599
 1-4 NB =       163.1215  1-4 EEL =      -342.1239  VDWAALS    =      -334.1408
 EELEC  =      1309.6529  EGB     =     -4528.4874  RESTRAINT  =         0.0000
 ------------------------------------------------------------------------------


 NSTEP =    10100   TIME(PS) =      10.100  TEMP(K) =   319.08  PRESS =     0.0
 Etot   =     -2066.4009  EKtot   =       606.8159  EPtot      =     -2673.2169
 BOND   =       225.8513  ANGLE   =       341.8130  DIHED      =       491.1325
 1-4 NB =       156.9315  1-4 EEL =      -367.4539  VDWAALS    =      -337.5491
 EELEC  =      1333.9592  EGB     =     -4517.9014  RESTRAINT  =         0.0000
 ------------------------------------------------------------------------------


 NSTEP =    10200   TIME(PS) =      10.200  TEMP(K) =   312.62  PRESS =     0.0
 Etot   =     -2059.9732  EKtot   =       594.5141  EPtot      =     -2654.4874
 BOND   =       230.1194  ANGLE   =       336.5918  DIHED      =       501.6597
 1-4 NB =       159.9353  1-4 EEL =      -342.0937  VDWAALS    =      -329.8225
 EELEC  =      1278.7145  EGB     =     -4489.5920  RESTRAINT  =         0.0000
 ------------------------------------------------------------------------------


 NSTEP =    10300   TIME(PS) =      10.300  TEMP(K) =   297.59  PRESS =     0.0
 Etot   =     -2073.8495  EKtot   =       565.9336  EPtot      =     -2639.7830
 BOND   =       247.2211  ANGLE   =       340.7676  DIHED      =       494.6547
 1-4 NB =       159.7856  1-4 EEL =      -362.9260  VDWAALS    =      -327.5518
 EELEC  =      1301.1521  EGB     =     -4492.8862  RESTRAINT  =         0.0000
 ------------------------------------------------------------------------------


 NSTEP =    10400   TIME(PS) =      10.400  TEMP(K) =   310.84  PRESS =     0.0
 Etot   =     -2062.8778  EKtot   =       591.1299  EPtot      =     -2654.0076
 BOND   =       238.3163  ANGLE   =       344.5026  DIHED      =       487.4356
 1-4 NB =       150.0357  1-4 EEL =      -330.0332  VDWAALS    =      -327.9588
 EELEC  =      1289.1326  EGB     =     -4505.4384  RESTRAINT  =         0.0000
 ------------------------------------------------------------------------------


 NSTEP =    10500   TIME(PS) =      10.500  TEMP(K) =   303.77  PRESS =     0.0
 Etot   =     -2077.6932  EKtot   =       577.6998  EPtot      =     -2655.3930
 BOND   =       220.2766  ANGLE   =       372.2533  DIHED      =       494.0377
 1-4 NB =       164.3057  1-4 EEL =      -376.6550  VDWAALS    =      -326.0601
 EELEC  =      1305.8388  EGB     =     -4509.3900  RESTRAINT  =         0.0000
 ------------------------------------------------------------------------------


 NSTEP =    10600   TIME(PS) =      10.600  TEMP(K) =   296.12  PRESS =     0.0
 Etot   =     -2073.8196  EKtot   =       563.1459  EPtot      =     -2636.9655
 BOND   =       237.2644  ANGLE   =       358.7053  DIHED      =       494.9448
 1-4 NB =       158.1190  1-4 EEL =      -346.6821  VDWAALS    =      -332.7600
 EELEC  =      1305.9209  EGB     =     -4512.4777  RESTRAINT  =         0.0000
 ------------------------------------------------------------------------------


 NSTEP =    10700   TIME(PS) =      10.700  TEMP(K) =   295.53  PRESS =     0.0
 Etot   =     -2082.1559  EKtot   =       562.0305  EPtot      =     -2644.1864
 BOND   =       238.1412  ANGLE   =       370.6213  DIHED      =       487.2706
 1-4 NB =       158.4089  1-4 EEL =      -352.1197  VDWAALS    =      -336.5622
 EELEC  =      1293.9320  EGB     =     -4503.8785  RESTRAINT  =         0.0000
 ------------------------------------------------------------------------------


 NSTEP =    10800   TIME(PS) =      10.800  TEMP(K) =   310.23  PRESS =     0.0
 Etot   =     -2081.6523  EKtot   =       589.9838  EPtot      =     -2671.6361
 BOND   =       239.1072  ANGLE   =       336.8463  DIHED      =       485.1581
 1-4 NB =       159.0472  1-4 EEL =      -337.3933  VDWAALS    =      -329.1854
 EELEC  =      1275.0882  EGB     =     -4500.3045  RESTRAINT  =         0.0000
 ------------------------------------------------------------------------------


 NSTEP =    10900   TIME(PS) =      10.900  TEMP(K) =   310.45  PRESS =     0.0
 Etot   =     -2072.2248  EKtot   =       590.4026  EPtot      =     -2662.6274
 BOND   =       225.0719  ANGLE   =       356.0141  DIHED      =       500.2524
 1-4 NB =       154.5398  1-4 EEL =      -360.3856  VDWAALS    =      -337.4828
 EELEC  =      1305.8159  EGB     =     -4506.4530  RESTRAINT  =         0.0000
 ------------------------------------------------------------------------------

| RE_POSITION Moving by  -0.312372 -0.451596 -0.434772

 NSTEP =    11000   TIME(PS) =      11.000  TEMP(K) =   305.82  PRESS =     0.0
 Etot   =     -2079.5771  EKtot   =       581.5994  EPtot      =     -2661.1765
 BOND   =       220.3134  ANGLE   =       330.0851  DIHED      =       511.5693
 1-4 NB =       164.7383  1-4 EEL =      -337.4351  VDWAALS    =      -332.1775
 EELEC  =      1295.8013  EGB     =     -4514.0712  RESTRAINT  =         0.0000
 ------------------------------------------------------------------------------


 NSTEP =    11100   TIME(PS) =      11.100  TEMP(K) =   308.97  PRESS =     0.0
 Etot   =     -2092.7193  EKtot   =       587.5789  EPtot      =     -2680.2982
 BOND   =       217.4710  ANGLE   =       339.0855  DIHED      =       495.6833
 1-4 NB =       154.9578  1-4 EEL =      -342.5142  VDWAALS    =      -321.4254
 EELEC  =      1268.8865  EGB     =     -4492.4429  RESTRAINT  =         0.0000
 ------------------------------------------------------------------------------


 NSTEP =    11200   TIME(PS) =      11.200  TEMP(K) =   319.48  PRESS =     0.0
 Etot   =     -2076.4128  EKtot   =       607.5752  EPtot      =     -2683.9880
 BOND   =       229.6956  ANGLE   =       321.0974  DIHED      =       504.1596
 1-4 NB =       148.7967  1-4 EEL =      -357.6158  VDWAALS    =      -330.8671
 EELEC  =      1309.6269  EGB     =     -4508.8811  RESTRAINT  =         0.0000
 ------------------------------------------------------------------------------


 NSTEP =    11300   TIME(PS) =      11.300  TEMP(K) =   296.87  PRESS =     0.0
 Etot   =     -2091.9452  EKtot   =       564.5783  EPtot      =     -2656.5235
 BOND   =       222.3331  ANGLE   =       345.4561  DIHED      =       492.1208
 1-4 NB =       158.9199  1-4 EEL =      -337.3652  VDWAALS    =      -327.5729
 EELEC  =      1314.0344  EGB     =     -4524.4497  RESTRAINT  =         0.0000
 ------------------------------------------------------------------------------


 NSTEP =    11400   TIME(PS) =      11.400  TEMP(K) =   289.18  PRESS =     0.0
 Etot   =     -2108.8247  EKtot   =       549.9496  EPtot      =     -2658.7743
 BOND   =       227.4408  ANGLE   =       355.4276  DIHED      =       496.0816
 1-4 NB =       152.6008  1-4 EEL =      -352.5851  VDWAALS    =      -324.0123
 EELEC  =      1305.3064  EGB     =     -4519.0340  RESTRAINT  =         0.0000
 ------------------------------------------------------------------------------


 NSTEP =    11500   TIME(PS) =      11.500  TEMP(K) =   287.82  PRESS =     0.0
 Etot   =     -2119.3776  EKtot   =       547.3558  EPtot      =     -2666.7333
 BOND   =       211.7459  ANGLE   =       335.5279  DIHED      =       502.0208
 1-4 NB =       157.8059  1-4 EEL =      -327.7116  VDWAALS    =      -321.4887
 EELEC  =      1282.8152  EGB     =     -4507.4488  RESTRAINT  =         0.0000
 ------------------------------------------------------------------------------


 NSTEP =    11600   TIME(PS) =      11.600  TEMP(K) =   284.32  PRESS =     0.0
 Etot   =     -2116.1907  EKtot   =       540.6957  EPtot      =     -2656.8864
 BOND   =       225.3502  ANGLE   =       332.7191  DIHED      =       505.2635
 1-4 NB =       160.8181  1-4 EEL =      -337.2398  VDWAALS    =      -324.8842
 EELEC  =      1273.2968  EGB     =     -4492.2101  RESTRAINT  =         0.0000
 ------------------------------------------------------------------------------


 NSTEP =    11700   TIME(PS) =      11.700  TEMP(K) =   286.09  PRESS =     0.0
 Etot   =     -2120.9461  EKtot   =       544.0714  EPtot      =     -2665.0175
 BOND   =       232.7533  ANGLE   =       325.9405  DIHED      =       507.2557
 1-4 NB =       154.5799  1-4 EEL =      -347.5881  VDWAALS    =      -325.8631
 EELEC  =      1291.2836  EGB     =     -4503.3792  RESTRAINT  =         0.0000
 ------------------------------------------------------------------------------


 NSTEP =    11800   TIME(PS) =      11.800  TEMP(K) =   299.16  PRESS =     0.0
 Etot   =     -2123.4180  EKtot   =       568.9292  EPtot      =     -2692.3472
 BOND   =       198.4860  ANGLE   =       337.5124  DIHED      =       497.4008
 1-4 NB =       161.0187  1-4 EEL =      -339.2008  VDWAALS    =      -325.1704
 EELEC  =      1271.2622  EGB     =     -4493.6561  RESTRAINT  =         0.0000
 ------------------------------------------------------------------------------


 NSTEP =    11900   TIME(PS) =      11.900  TEMP(K) =   293.14  PRESS =     0.0
 Etot   =     -2128.4441  EKtot   =       557.4675  EPtot      =     -2685.9116
 BOND   =       208.3623  ANGLE   =       328.7982  DIHED      =       504.2017
 1-4 NB =       155.3275  1-4 EEL =      -327.6466  VDWAALS    =      -326.2955
 EELEC  =      1279.7442  EGB     =     -4508.4036  RESTRAINT  =         0.0000
 ------------------------------------------------------------------------------

| RE_POSITION Moving by  -0.640736 -0.541011  0.482564

 NSTEP =    12000   TIME(PS) =      12.000  TEMP(K) =   283.66  PRESS =     0.0
 Etot   =     -2114.6959  EKtot   =       539.4567  EPtot      =     -2654.1526
 BOND   =       230.6473  ANGLE   =       339.6186  DIHED      =       508.2794
 1-4 NB =       157.9774  1-4 EEL =      -352.9778  VDWAALS    =      -330.3828
 EELEC  =      1298.8973  EGB     =     -4506.2120  RESTRAINT  =         0.0000
 ------------------------------------------------------------------------------


 NSTEP =    12100   TIME(PS) =      12.100  TEMP(K) =   297.52  PRESS =     0.0
 Etot   =     -2108.3007  EKtot   =       565.8019  EPtot      =     -2674.1026
 BOND   =       229.0250  ANGLE   =       322.4576  DIHED      =       500.2237
 1-4 NB =       151.7127  1-4 EEL =      -339.3078  VDWAALS    =      -331.4767
 EELEC  =      1297.7763  EGB     =     -4504.5134  RESTRAINT  =         0.0000
 ------------------------------------------------------------------------------


 NSTEP =    12200   TIME(PS) =      12.200  TEMP(K) =   286.87  PRESS =     0.0
 Etot   =     -2101.1896  EKtot   =       545.5498  EPtot      =     -2646.7394
 BOND   =       232.2597  ANGLE   =       354.4783  DIHED      =       498.8923
 1-4 NB =       155.6614  1-4 EEL =      -340.5425  VDWAALS    =      -325.5629
 EELEC  =      1294.9641  EGB     =     -4516.8896  RESTRAINT  =         0.0000
 ------------------------------------------------------------------------------


 NSTEP =    12300   TIME(PS) =      12.300  TEMP(K) =   299.77  PRESS =     0.0
 Etot   =     -2121.0251  EKtot   =       570.0764  EPtot      =     -2691.1015
 BOND   =       203.0133  ANGLE   =       321.2422  DIHED      =       505.6179
 1-4 NB =       163.9431  1-4 EEL =      -329.0001  VDWAALS    =      -329.4597
 EELEC  =      1272.6313  EGB     =     -4499.0894  RESTRAINT  =         0.0000
 ------------------------------------------------------------------------------


 NSTEP =    12400   TIME(PS) =      12.400  TEMP(K) =   292.93  PRESS =     0.0
 Etot   =     -2114.7643  EKtot   =       557.0728  EPtot      =     -2671.8371
 BOND   =       222.0779  ANGLE   =       312.0179  DIHED      =       504.9572
 1-4 NB =       165.7744  1-4 EEL =      -355.5821  VDWAALS    =      -328.3699
 EELEC  =      1300.9805  EGB     =     -4493.6932  RESTRAINT  =         0.0000
 ------------------------------------------------------------------------------


 NSTEP =    12500   TIME(PS) =      12.500  TEMP(K) =   307.93  PRESS =     0.0
 Etot   =     -2112.5015  EKtot   =       585.5944  EPtot      =     -2698.0960
 BOND   =       222.1565  ANGLE   =       310.9227  DIHED      =       490.4187
 1-4 NB =       154.9057  1-4 EEL =      -342.3530  VDWAALS    =      -333.0084
 EELEC  =      1311.6014  EGB     =     -4512.7396  RESTRAINT  =         0.0000
 ------------------------------------------------------------------------------


 NSTEP =    12600   TIME(PS) =      12.600  TEMP(K) =   292.01  PRESS =     0.0
 Etot   =     -2109.1213  EKtot   =       555.3239  EPtot      =     -2664.4451
 BOND   =       221.0256  ANGLE   =       348.8243  DIHED      =       492.0614
 1-4 NB =       160.6374  1-4 EEL =      -359.2673  VDWAALS    =      -334.8853
 EELEC  =      1317.1347  EGB     =     -4509.9758  RESTRAINT  =         0.0000
 ------------------------------------------------------------------------------


 NSTEP =    12700   TIME(PS) =      12.700  TEMP(K) =   314.75  PRESS =     0.0
 Etot   =     -2090.5682  EKtot   =       598.5736  EPtot      =     -2689.1418
 BOND   =       227.9457  ANGLE   =       328.4458  DIHED      =       484.7100
 1-4 NB =       154.4121  1-4 EEL =      -344.3150  VDWAALS    =      -330.3262
 EELEC  =      1282.4516  EGB     =     -4492.4658  RESTRAINT  =         0.0000
 ------------------------------------------------------------------------------


 NSTEP =    12800   TIME(PS) =      12.800  TEMP(K) =   293.49  PRESS =     0.0
 Etot   =     -2085.8185  EKtot   =       558.1457  EPtot      =     -2643.9641
 BOND   =       224.0992  ANGLE   =       360.0607  DIHED      =       506.6293
 1-4 NB =       153.6784  1-4 EEL =      -363.4752  VDWAALS    =      -328.8028
 EELEC  =      1286.9692  EGB     =     -4483.1228  RESTRAINT  =         0.0000
 ------------------------------------------------------------------------------


 NSTEP =    12900   TIME(PS) =      12.900  TEMP(K) =   303.79  PRESS =     0.0
 Etot   =     -2084.2738  EKtot   =       577.7290  EPtot      =     -2662.0028
 BOND   =       219.7559  ANGLE   =       347.4550  DIHED      =       491.5883
 1-4 NB =       163.1861  1-4 EEL =      -347.8580  VDWAALS    =      -336.4949
 EELEC  =      1285.4186  EGB     =     -4485.0538  RESTRAINT  =         0.0000
 ------------------------------------------------------------------------------

| RE_POSITION Moving by  -0.076525 -0.702716  0.496158

 NSTEP =    13000   TIME(PS) =      13.000  TEMP(K) =   300.47  PRESS =     0.0
 Etot   =     -2077.3251  EKtot   =       571.4243  EPtot      =     -2648.7495
 BOND   =       221.2139  ANGLE   =       344.9514  DIHED      =       507.9255
 1-4 NB =       156.3129  1-4 EEL =      -335.8802  VDWAALS    =      -328.3748
 EELEC  =      1289.1440  EGB     =     -4504.0421  RESTRAINT  =         0.0000
 ------------------------------------------------------------------------------


 NSTEP =    13100   TIME(PS) =      13.100  TEMP(K) =   304.77  PRESS =     0.0
 Etot   =     -2070.9738  EKtot   =       579.5901  EPtot      =     -2650.5639
 BOND   =       217.3169  ANGLE   =       352.2942  DIHED      =       514.9008
 1-4 NB =       159.2201  1-4 EEL =      -343.6837  VDWAALS    =      -334.8525
 EELEC  =      1278.7398  EGB     =     -4494.4996  RESTRAINT  =         0.0000
 ------------------------------------------------------------------------------


 NSTEP =    13200   TIME(PS) =      13.200  TEMP(K) =   300.17  PRESS =     0.0
 Etot   =     -2089.6994  EKtot   =       570.8477  EPtot      =     -2660.5472
 BOND   =       230.4149  ANGLE   =       339.0816  DIHED      =       502.4950
 1-4 NB =       149.9709  1-4 EEL =      -324.3517  VDWAALS    =      -335.9328
 EELEC  =      1279.8636  EGB     =     -4502.0886  RESTRAINT  =         0.0000
 ------------------------------------------------------------------------------


 NSTEP =    13300   TIME(PS) =      13.300  TEMP(K) =   286.77  PRESS =     0.0
 Etot   =     -2080.5457  EKtot   =       545.3656  EPtot      =     -2625.9113
 BOND   =       235.3989  ANGLE   =       352.5208  DIHED      =       513.8890
 1-4 NB =       162.1581  1-4 EEL =      -327.4576  VDWAALS    =      -325.8809
 EELEC  =      1274.3800  EGB     =     -4510.9195  RESTRAINT  =         0.0000
 ------------------------------------------------------------------------------


 NSTEP =    13400   TIME(PS) =      13.400  TEMP(K) =   309.37  PRESS =     0.0
 Etot   =     -2082.7224  EKtot   =       588.3477  EPtot      =     -2671.0701
 BOND   =       212.9800  ANGLE   =       356.7818  DIHED      =       487.8934
 1-4 NB =       162.7228  1-4 EEL =      -328.6931  VDWAALS    =      -342.3179
 EELEC  =      1305.2487  EGB     =     -4525.6858  RESTRAINT  =         0.0000
 ------------------------------------------------------------------------------


 NSTEP =    13500   TIME(PS) =      13.500  TEMP(K) =   298.68  PRESS =     0.0
 Etot   =     -2099.8008  EKtot   =       568.0183  EPtot      =     -2667.8192
 BOND   =       222.0447  ANGLE   =       356.6837  DIHED      =       508.7134
 1-4 NB =       152.3651  1-4 EEL =      -367.4432  VDWAALS    =      -341.4923
 EELEC  =      1320.9788  EGB     =     -4519.6693  RESTRAINT  =         0.0000
 ------------------------------------------------------------------------------


 NSTEP =    13600   TIME(PS) =      13.600  TEMP(K) =   289.52  PRESS =     0.0
 Etot   =     -2107.4693  EKtot   =       550.6009  EPtot      =     -2658.0702
 BOND   =       212.9434  ANGLE   =       363.4165  DIHED      =       502.7199
 1-4 NB =       162.0464  1-4 EEL =      -359.6999  VDWAALS    =      -338.0244
 EELEC  =      1307.7668  EGB     =     -4509.2390  RESTRAINT  =         0.0000
 ------------------------------------------------------------------------------


 NSTEP =    13700   TIME(PS) =      13.700  TEMP(K) =   289.46  PRESS =     0.0
 Etot   =     -2103.7867  EKtot   =       550.4850  EPtot      =     -2654.2717
 BOND   =       217.7080  ANGLE   =       343.3857  DIHED      =       525.7777
 1-4 NB =       156.8035  1-4 EEL =      -345.6106  VDWAALS    =      -339.8766
 EELEC  =      1318.2576  EGB     =     -4530.7170  RESTRAINT  =         0.0000
 ------------------------------------------------------------------------------


 NSTEP =    13800   TIME(PS) =      13.800  TEMP(K) =   303.26  PRESS =     0.0
 Etot   =     -2095.2595  EKtot   =       576.7260  EPtot      =     -2671.9854
 BOND   =       212.2563  ANGLE   =       327.6550  DIHED      =       513.7469
 1-4 NB =       167.4183  1-4 EEL =      -343.7512  VDWAALS    =      -337.9899
 EELEC  =      1296.7061  EGB     =     -4508.0269  RESTRAINT  =         0.0000
 ------------------------------------------------------------------------------


 NSTEP =    13900   TIME(PS) =      13.900  TEMP(K) =   303.95  PRESS =     0.0
 Etot   =     -2086.0724  EKtot   =       578.0289  EPtot      =     -2664.1013
 BOND   =       221.9020  ANGLE   =       334.5291  DIHED      =       506.4480
 1-4 NB =       159.3688  1-4 EEL =      -325.4402  VDWAALS    =      -339.8511
 EELEC  =      1300.4715  EGB     =     -4521.5295  RESTRAINT  =         0.0000
 ------------------------------------------------------------------------------

| RE_POSITION Moving by   0.286856  0.743142  0.183530

 NSTEP =    14000   TIME(PS) =      14.000  TEMP(K) =   295.09  PRESS =     0.0
 Etot   =     -2086.5473  EKtot   =       561.1791  EPtot      =     -2647.7264
 BOND   =       241.1796  ANGLE   =       355.7298  DIHED      =       506.1778
 1-4 NB =       158.8313  1-4 EEL =      -347.8638  VDWAALS    =      -340.6611
 EELEC  =      1302.2810  EGB     =     -4523.4010  RESTRAINT  =         0.0000
 ------------------------------------------------------------------------------


 NSTEP =    14100   TIME(PS) =      14.100  TEMP(K) =   297.41  PRESS =     0.0
 Etot   =     -2075.1029  EKtot   =       565.6019  EPtot      =     -2640.7048
 BOND   =       226.4529  ANGLE   =       359.3605  DIHED      =       509.6882
 1-4 NB =       151.2508  1-4 EEL =      -352.4057  VDWAALS    =      -330.8759
 EELEC  =      1324.4180  EGB     =     -4528.5935  RESTRAINT  =         0.0000
 ------------------------------------------------------------------------------


 NSTEP =    14200   TIME(PS) =      14.200  TEMP(K) =   308.53  PRESS =     0.0
 Etot   =     -2069.1340  EKtot   =       586.7534  EPtot      =     -2655.8873
 BOND   =       235.0936  ANGLE   =       346.1868  DIHED      =       493.1386
 1-4 NB =       165.8936  1-4 EEL =      -349.9161  VDWAALS    =      -334.4404
 EELEC  =      1306.2227  EGB     =     -4518.0661  RESTRAINT  =         0.0000
 ------------------------------------------------------------------------------


 NSTEP =    14300   TIME(PS) =      14.300  TEMP(K) =   300.36  PRESS =     0.0
 Etot   =     -2075.8011  EKtot   =       571.2126  EPtot      =     -2647.0137
 BOND   =       246.0463  ANGLE   =       357.2560  DIHED      =       496.3916
 1-4 NB =       154.3437  1-4 EEL =      -330.9029  VDWAALS    =      -328.1876
 EELEC  =      1286.4979  EGB     =     -4528.4587  RESTRAINT  =         0.0000
 ------------------------------------------------------------------------------


 NSTEP =    14400   TIME(PS) =      14.400  TEMP(K) =   302.57  PRESS =     0.0
 Etot   =     -2075.7828  EKtot   =       575.4068  EPtot      =     -2651.1897
 BOND   =       231.0213  ANGLE   =       357.2071  DIHED      =       498.2219
 1-4 NB =       156.6599  1-4 EEL =      -333.9013  VDWAALS    =      -326.5494
 EELEC  =      1263.2987  EGB     =     -4497.1478  RESTRAINT  =         0.0000
 ------------------------------------------------------------------------------


 NSTEP =    14500   TIME(PS) =      14.500  TEMP(K) =   298.17  PRESS =     0.0
 Etot   =     -2082.2999  EKtot   =       567.0404  EPtot      =     -2649.3403
 BOND   =       239.1871  ANGLE   =       350.4374  DIHED      =       504.2592
 1-4 NB =       150.9431  1-4 EEL =      -351.9680  VDWAALS    =      -323.5720
 EELEC  =      1276.5364  EGB     =     -4495.1633  RESTRAINT  =         0.0000
 ------------------------------------------------------------------------------


 NSTEP =    14600   TIME(PS) =      14.600  TEMP(K) =   295.60  PRESS =     0.0
 Etot   =     -2085.8824  EKtot   =       562.1517  EPtot      =     -2648.0340
 BOND   =       236.9111  ANGLE   =       362.0135  DIHED      =       489.7463
 1-4 NB =       164.4752  1-4 EEL =      -350.6710  VDWAALS    =      -330.6502
 EELEC  =      1275.7030  EGB     =     -4495.5618  RESTRAINT  =         0.0000
 ------------------------------------------------------------------------------


 NSTEP =    14700   TIME(PS) =      14.700  TEMP(K) =   303.15  PRESS =     0.0
 Etot   =     -2076.9400  EKtot   =       576.5111  EPtot      =     -2653.4511
 BOND   =       232.1188  ANGLE   =       365.6106  DIHED      =       502.5085
 1-4 NB =       158.6426  1-4 EEL =      -354.7450  VDWAALS    =      -333.4332
 EELEC  =      1266.7868  EGB     =     -4490.9401  RESTRAINT  =         0.0000
 ------------------------------------------------------------------------------


 NSTEP =    14800   TIME(PS) =      14.800  TEMP(K) =   285.58  PRESS =     0.0
 Etot   =     -2096.7223  EKtot   =       543.1038  EPtot      =     -2639.8262
 BOND   =       231.4096  ANGLE   =       348.9308  DIHED      =       524.3893
 1-4 NB =       158.4461  1-4 EEL =      -355.2505  VDWAALS    =      -329.2251
 EELEC  =      1275.5067  EGB     =     -4494.0331  RESTRAINT  =         0.0000
 ------------------------------------------------------------------------------


 NSTEP =    14900   TIME(PS) =      14.900  TEMP(K) =   300.50  PRESS =     0.0
 Etot   =     -2088.6573  EKtot   =       571.4761  EPtot      =     -2660.1334
 BOND   =       237.5351  ANGLE   =       337.9633  DIHED      =       501.8728
 1-4 NB =       158.5349  1-4 EEL =      -354.7839  VDWAALS    =      -333.1235
 EELEC  =      1294.1486  EGB     =     -4502.2807  RESTRAINT  =         0.0000
 ------------------------------------------------------------------------------

| RE_POSITION Moving by   0.143888 -0.537725 -0.383877

 NSTEP =    15000   TIME(PS) =      15.000  TEMP(K) =   303.12  PRESS =     0.0
 Etot   =     -2104.6541  EKtot   =       576.4515  EPtot      =     -2681.1056
 BOND   =       212.8801  ANGLE   =       349.6796  DIHED      =       502.6132
 1-4 NB =       156.1542  1-4 EEL =      -372.8004  VDWAALS    =      -337.3778
 EELEC  =      1329.7364  EGB     =     -4521.9908  RESTRAINT  =         0.0000
 ------------------------------------------------------------------------------


 NSTEP =    15100   TIME(PS) =      15.100  TEMP(K) =   307.68  PRESS =     0.0
 Etot   =     -2107.0903  EKtot   =       585.1360  EPtot      =     -2692.2263
 BOND   =       223.3537  ANGLE   =       321.3277  DIHED      =       501.6832
 1-4 NB =       155.7254  1-4 EEL =      -343.3368  VDWAALS    =      -329.3351
 EELEC  =      1284.3411  EGB     =     -4505.9855  RESTRAINT  =         0.0000
 ------------------------------------------------------------------------------


 NSTEP =    15200   TIME(PS) =      15.200  TEMP(K) =   293.13  PRESS =     0.0
 Etot   =     -2128.9535  EKtot   =       557.4487  EPtot      =     -2686.4022
 BOND   =       212.9119  ANGLE   =       342.2150  DIHED      =       493.7653
 1-4 NB =       157.8792  1-4 EEL =      -346.7220  VDWAALS    =      -331.9707
 EELEC  =      1292.6466  EGB     =     -4507.1274  RESTRAINT  =         0.0000
 ------------------------------------------------------------------------------


 NSTEP =    15300   TIME(PS) =      15.300  TEMP(K) =   282.57  PRESS =     0.0
 Etot   =     -2115.4279  EKtot   =       537.3679  EPtot      =     -2652.7958
 BOND   =       239.0750  ANGLE   =       358.8187  DIHED      =       487.9519
 1-4 NB =       158.5094  1-4 EEL =      -351.8893  VDWAALS    =      -336.7200
 EELEC  =      1308.1886  EGB     =     -4516.7301  RESTRAINT  =         0.0000
 ------------------------------------------------------------------------------


 NSTEP =    15400   TIME(PS) =      15.400  TEMP(K) =   291.36  PRESS =     0.0
 Etot   =     -2114.9383  EKtot   =       554.0851  EPtot      =     -2669.0234
 BOND   =       225.1647  ANGLE   =       351.7779  DIHED      =       487.1407
 1-4 NB =       161.0948  1-4 EEL =      -345.3041  VDWAALS    =      -338.1237
 EELEC  =      1305.7843  EGB     =     -4516.5580  RESTRAINT  =         0.0000
 ------------------------------------------------------------------------------


 NSTEP =    15500   TIME(PS) =      15.500  TEMP(K) =   291.42  PRESS =     0.0
 Etot   =     -2120.3579  EKtot   =       554.2077  EPtot      =     -2674.5656
 BOND   =       217.6134  ANGLE   =       341.6203  DIHED      =       494.3237
 1-4 NB =       163.5372  1-4 EEL =      -342.7927  VDWAALS    =      -340.0521
 EELEC  =      1313.7870  EGB     =     -4522.6024  RESTRAINT  =         0.0000
 ------------------------------------------------------------------------------


 NSTEP =    15600   TIME(PS) =      15.600  TEMP(K) =   298.11  PRESS =     0.0
 Etot   =     -2111.1289  EKtot   =       566.9350  EPtot      =     -2678.0640
 BOND   =       223.0930  ANGLE   =       347.8682  DIHED      =       486.2622
 1-4 NB =       164.3532  1-4 EEL =      -364.8070  VDWAALS    =      -336.3326
 EELEC  =      1316.2538  EGB     =     -4514.7548  RESTRAINT  =         0.0000
 ------------------------------------------------------------------------------


 NSTEP =    15700   TIME(PS) =      15.700  TEMP(K) =   296.60  PRESS =     0.0
 Etot   =     -2098.2555  EKtot   =       564.0591  EPtot      =     -2662.3146
 BOND   =       247.2689  ANGLE   =       345.7852  DIHED      =       495.2314
 1-4 NB =       151.9563  1-4 EEL =      -358.6200  VDWAALS    =      -342.5952
 EELEC  =      1328.1345  EGB     =     -4529.4756  RESTRAINT  =         0.0000
 ------------------------------------------------------------------------------


 NSTEP =    15800   TIME(PS) =      15.800  TEMP(K) =   301.21  PRESS =     0.0
 Etot   =     -2069.8540  EKtot   =       572.8290  EPtot      =     -2642.6831
 BOND   =       230.2628  ANGLE   =       349.8734  DIHED      =       502.9043
 1-4 NB =       160.5575  1-4 EEL =      -351.2344  VDWAALS    =      -330.9599
 EELEC  =      1303.9481  EGB     =     -4508.0349  RESTRAINT  =         0.0000
 ------------------------------------------------------------------------------


 NSTEP =    15900   TIME(PS) =      15.900  TEMP(K) =   299.64  PRESS =     0.0
 Etot   =     -2083.9739  EKtot   =       569.8346  EPtot      =     -2653.8085
 BOND   =       231.4656  ANGLE   =       349.7317  DIHED      =       506.5937
 1-4 NB =       152.3697  1-4 EEL =      -340.6700  VDWAALS    =      -342.2628
 EELEC  =      1309.1878  EGB     =     -4520.2242  RESTRAINT  =         0.0000
 ------------------------------------------------------------------------------

| RE_POSITION Moving by   0.286082 -0.756148  0.942171

 NSTEP =    16000   TIME(PS) =      16.000  TEMP(K) =   310.44  PRESS =     0.0
 Etot   =     -2077.2719  EKtot   =       590.3734  EPtot      =     -2667.6454
 BOND   =       209.5195  ANGLE   =       348.7827  DIHED      =       501.5448
 1-4 NB =       162.7331  1-4 EEL =      -337.7283  VDWAALS    =      -333.8100
 EELEC  =      1308.2322  EGB     =     -4526.9193  RESTRAINT  =         0.0000
 ------------------------------------------------------------------------------


 NSTEP =    16100   TIME(PS) =      16.100  TEMP(K) =   304.86  PRESS =     0.0
 Etot   =     -2067.7489  EKtot   =       579.7683  EPtot      =     -2647.5172
 BOND   =       221.3050  ANGLE   =       344.3745  DIHED      =       500.4617
 1-4 NB =       160.1543  1-4 EEL =      -342.0345  VDWAALS    =      -331.0497
 EELEC  =      1336.6867  EGB     =     -4537.4152  RESTRAINT  =         0.0000
 ------------------------------------------------------------------------------


 NSTEP =    16200   TIME(PS) =      16.200  TEMP(K) =   312.99  PRESS =     0.0
 Etot   =     -2061.2044  EKtot   =       595.2321  EPtot      =     -2656.4365
 BOND   =       222.3286  ANGLE   =       338.6476  DIHED      =       496.5785
 1-4 NB =       163.8660  1-4 EEL =      -323.0298  VDWAALS    =      -336.8268
 EELEC  =      1333.1776  EGB     =     -4551.1782  RESTRAINT  =         0.0000
 ------------------------------------------------------------------------------


 NSTEP =    16300   TIME(PS) =      16.300  TEMP(K) =   297.24  PRESS =     0.0
 Etot   =     -2093.4412  EKtot   =       565.2690  EPtot      =     -2658.7102
 BOND   =       245.8898  ANGLE   =       317.2682  DIHED      =       498.4480
 1-4 NB =       160.3429  1-4 EEL =      -326.7309  VDWAALS    =      -331.0803
 EELEC  =      1313.4000  EGB     =     -4536.2479  RESTRAINT  =         0.0000
 ------------------------------------------------------------------------------


 NSTEP =    16400   TIME(PS) =      16.400  TEMP(K) =   292.07  PRESS =     0.0
 Etot   =     -2091.5497  EKtot   =       555.4351  EPtot      =     -2646.9848
 BOND   =       238.0341  ANGLE   =       363.5990  DIHED      =       492.6754
 1-4 NB =       152.9728  1-4 EEL =      -343.1880  VDWAALS    =      -330.9087
 EELEC  =      1292.8287  EGB     =     -4512.9982  RESTRAINT  =         0.0000
 ------------------------------------------------------------------------------


 NSTEP =    16500   TIME(PS) =      16.500  TEMP(K) =   317.49  PRESS =     0.0
 Etot   =     -2074.6862  EKtot   =       603.7849  EPtot      =     -2678.4711
 BOND   =       218.6446  ANGLE   =       343.9776  DIHED      =       486.2947
 1-4 NB =       165.6958  1-4 EEL =      -343.4873  VDWAALS    =      -337.6805
 EELEC  =      1286.9774  EGB     =     -4498.8933  RESTRAINT  =         0.0000
 ------------------------------------------------------------------------------


 NSTEP =    16600   TIME(PS) =      16.600  TEMP(K) =   315.75  PRESS =     0.0
 Etot   =     -2063.5091  EKtot   =       600.4816  EPtot      =     -2663.9907
 BOND   =       228.6593  ANGLE   =       356.5119  DIHED      =       496.5595
 1-4 NB =       149.9434  1-4 EEL =      -344.5822  VDWAALS    =      -337.1455
 EELEC  =      1273.4623  EGB     =     -4487.3995  RESTRAINT  =         0.0000
 ------------------------------------------------------------------------------


 NSTEP =    16700   TIME(PS) =      16.700  TEMP(K) =   294.75  PRESS =     0.0
 Etot   =     -2082.5847  EKtot   =       560.5473  EPtot      =     -2643.1320
 BOND   =       225.2047  ANGLE   =       361.7825  DIHED      =       496.2098
 1-4 NB =       159.7057  1-4 EEL =      -346.8675  VDWAALS    =      -331.6277
 EELEC  =      1293.4099  EGB     =     -4500.9493  RESTRAINT  =         0.0000
 ------------------------------------------------------------------------------


 NSTEP =    16800   TIME(PS) =      16.800  TEMP(K) =   292.53  PRESS =     0.0
 Etot   =     -2075.1173  EKtot   =       556.3092  EPtot      =     -2631.4266
 BOND   =       250.2637  ANGLE   =       336.0203  DIHED      =       498.1474
 1-4 NB =       158.9446  1-4 EEL =      -330.9906  VDWAALS    =      -326.4750
 EELEC  =      1281.7708  EGB     =     -4499.1077  RESTRAINT  =         0.0000
 ------------------------------------------------------------------------------


 NSTEP =    16900   TIME(PS) =      16.900  TEMP(K) =   294.61  PRESS =     0.0
 Etot   =     -2088.4320  EKtot   =       560.2755  EPtot      =     -2648.7075
 BOND   =       230.6484  ANGLE   =       343.3351  DIHED      =       496.4031
 1-4 NB =       163.9374  1-4 EEL =      -325.2319  VDWAALS    =      -326.6781
 EELEC  =      1269.1873  EGB     =     -4500.3089  RESTRAINT  =         0.0000
 ------------------------------------------------------------------------------

| RE_POSITION Moving by  -0.210895 -0.473977  0.299873

 NSTEP =    17000   TIME(PS) =      17.000  TEMP(K) =   300.80  PRESS =     0.0
 Etot   =     -2080.9269  EKtot   =       572.0534  EPtot      =     -2652.9802
 BOND   =       260.7105  ANGLE   =       321.0749  DIHED      =       504.1322
 1-4 NB =       158.0049  1-4 EEL =      -336.1201  VDWAALS    =      -328.7485
 EELEC  =      1261.2219  EGB     =     -4493.2561  RESTRAINT  =         0.0000
 ------------------------------------------------------------------------------


 NSTEP =    17100   TIME(PS) =      17.100  TEMP(K) =   313.47  PRESS =     0.0
 Etot   =     -2055.7429  EKtot   =       596.1472  EPtot      =     -2651.8902
 BOND   =       239.6466  ANGLE   =       342.1712  DIHED      =       507.5418
 1-4 NB =       153.8533  1-4 EEL =      -344.7350  VDWAALS    =      -338.2653
 EELEC  =      1274.1790  EGB     =     -4486.2817  RESTRAINT  =         0.0000
 ------------------------------------------------------------------------------


 NSTEP =    17200   TIME(PS) =      17.200  TEMP(K) =   305.79  PRESS =     0.0
 Etot   =     -2059.3359  EKtot   =       581.5265  EPtot      =     -2640.8624
 BOND   =       234.1970  ANGLE   =       355.1806  DIHED      =       499.4897
 1-4 NB =       151.9621  1-4 EEL =      -328.8998  VDWAALS    =      -327.2633
 EELEC  =      1259.6389  EGB     =     -4485.1676  RESTRAINT  =         0.0000
 ------------------------------------------------------------------------------


 NSTEP =    17300   TIME(PS) =      17.300  TEMP(K) =   302.47  PRESS =     0.0
 Etot   =     -2064.0914  EKtot   =       575.2240  EPtot      =     -2639.3154
 BOND   =       221.7372  ANGLE   =       366.6254  DIHED      =       492.0334
 1-4 NB =       162.9741  1-4 EEL =      -337.7134  VDWAALS    =      -330.5921
 EELEC  =      1301.6396  EGB     =     -4516.0196  RESTRAINT  =         0.0000
 ------------------------------------------------------------------------------


 NSTEP =    17400   TIME(PS) =      17.400  TEMP(K) =   291.05  PRESS =     0.0
 Etot   =     -2084.8098  EKtot   =       553.5076  EPtot      =     -2638.3174
 BOND   =       267.0945  ANGLE   =       331.7809  DIHED      =       486.6853
 1-4 NB =       156.4261  1-4 EEL =      -348.1053  VDWAALS    =      -316.0816
 EELEC  =      1291.0289  EGB     =     -4507.1460  RESTRAINT  =         0.0000
 ------------------------------------------------------------------------------


 NSTEP =    17500   TIME(PS) =      17.500  TEMP(K) =   295.25  PRESS =     0.0
 Etot   =     -2100.8986  EKtot   =       561.4873  EPtot      =     -2662.3859
 BOND   =       238.7860  ANGLE   =       349.0690  DIHED      =       483.9790
 1-4 NB =       163.1284  1-4 EEL =      -365.3043  VDWAALS    =      -325.8247
 EELEC  =      1314.0959  EGB     =     -4520.3153  RESTRAINT  =         0.0000
 ------------------------------------------------------------------------------


 NSTEP =    17600   TIME(PS) =      17.600  TEMP(K) =   302.07  PRESS =     0.0
 Etot   =     -2109.0834  EKtot   =       574.4525  EPtot      =     -2683.5359
 BOND   =       229.5409  ANGLE   =       336.6824  DIHED      =       488.0084
 1-4 NB =       156.3159  1-4 EEL =      -339.2523  VDWAALS    =      -334.9329
 EELEC  =      1275.9890  EGB     =     -4495.8871  RESTRAINT  =         0.0000
 ------------------------------------------------------------------------------


 NSTEP =    17700   TIME(PS) =      17.700  TEMP(K) =   289.42  PRESS =     0.0
 Etot   =     -2126.5300  EKtot   =       550.4015  EPtot      =     -2676.9315
 BOND   =       231.5101  ANGLE   =       354.8579  DIHED      =       492.3459
 1-4 NB =       153.8389  1-4 EEL =      -362.0693  VDWAALS    =      -334.7585
 EELEC  =      1279.6867  EGB     =     -4492.3432  RESTRAINT  =         0.0000
 ------------------------------------------------------------------------------


 NSTEP =    17800   TIME(PS) =      17.800  TEMP(K) =   275.29  PRESS =     0.0
 Etot   =     -2127.5024  EKtot   =       523.5373  EPtot      =     -2651.0397
 BOND   =       244.2101  ANGLE   =       335.4589  DIHED      =       499.3257
 1-4 NB =       161.9855  1-4 EEL =      -341.6087  VDWAALS    =      -330.5561
 EELEC  =      1259.4934  EGB     =     -4479.3485  RESTRAINT  =         0.0000
 ------------------------------------------------------------------------------


 NSTEP =    17900   TIME(PS) =      17.900  TEMP(K) =   290.27  PRESS =     0.0
 Etot   =     -2126.6866  EKtot   =       552.0227  EPtot      =     -2678.7093
 BOND   =       213.9816  ANGLE   =       356.8056  DIHED      =       492.4650
 1-4 NB =       159.2128  1-4 EEL =      -343.3806  VDWAALS    =      -339.0561
 EELEC  =      1279.1323  EGB     =     -4497.8699  RESTRAINT  =         0.0000
 ------------------------------------------------------------------------------

| RE_POSITION Moving by   0.296827  0.210535 -0.083976

 NSTEP =    18000   TIME(PS) =      18.000  TEMP(K) =   290.83  PRESS =     0.0
 Etot   =     -2124.5182  EKtot   =       553.0768  EPtot      =     -2677.5950
 BOND   =       240.9496  ANGLE   =       334.9962  DIHED      =       488.6008
 1-4 NB =       153.3757  1-4 EEL =      -341.8582  VDWAALS    =      -327.2083
 EELEC  =      1275.4941  EGB     =     -4501.9448  RESTRAINT  =         0.0000
 ------------------------------------------------------------------------------


 NSTEP =    18100   TIME(PS) =      18.100  TEMP(K) =   286.52  PRESS =     0.0
 Etot   =     -2115.6607  EKtot   =       544.8874  EPtot      =     -2660.5481
 BOND   =       216.2245  ANGLE   =       348.4098  DIHED      =       501.4848
 1-4 NB =       164.8938  1-4 EEL =      -352.2915  VDWAALS    =      -339.3436
 EELEC  =      1299.3913  EGB     =     -4499.3172  RESTRAINT  =         0.0000
 ------------------------------------------------------------------------------


 NSTEP =    18200   TIME(PS) =      18.200  TEMP(K) =   297.90  PRESS =     0.0
 Etot   =     -2106.5661  EKtot   =       566.5241  EPtot      =     -2673.0902
 BOND   =       225.4740  ANGLE   =       352.6758  DIHED      =       509.1581
 1-4 NB =       153.6685  1-4 EEL =      -363.6456  VDWAALS    =      -343.9152
 EELEC  =      1302.5386  EGB     =     -4509.0444  RESTRAINT  =         0.0000
 ------------------------------------------------------------------------------


 NSTEP =    18300   TIME(PS) =      18.300  TEMP(K) =   291.31  PRESS =     0.0
 Etot   =     -2113.0430  EKtot   =       553.9871  EPtot      =     -2667.0302
 BOND   =       222.6445  ANGLE   =       333.1525  DIHED      =       520.6174
 1-4 NB =       153.6072  1-4 EEL =      -341.1506  VDWAALS    =      -330.1863
 EELEC  =      1268.7372  EGB     =     -4494.4521  RESTRAINT  =         0.0000
 ------------------------------------------------------------------------------


 NSTEP =    18400   TIME(PS) =      18.400  TEMP(K) =   300.34  PRESS =     0.0
 Etot   =     -2104.3700  EKtot   =       571.1722  EPtot      =     -2675.5422
 BOND   =       232.6998  ANGLE   =       330.6373  DIHED      =       509.5144
 1-4 NB =       150.3090  1-4 EEL =      -348.0237  VDWAALS    =      -335.9489
 EELEC  =      1293.0614  EGB     =     -4507.7915  RESTRAINT  =         0.0000
 ------------------------------------------------------------------------------


 NSTEP =    18500   TIME(PS) =      18.500  TEMP(K) =   287.59  PRESS =     0.0
 Etot   =     -2098.7492  EKtot   =       546.9258  EPtot      =     -2645.6751
 BOND   =       222.2225  ANGLE   =       349.7420  DIHED      =       501.6087
 1-4 NB =       168.0241  1-4 EEL =      -339.1958  VDWAALS    =      -335.6649
 EELEC  =      1297.8347  EGB     =     -4510.2464  RESTRAINT  =         0.0000
 ------------------------------------------------------------------------------


 NSTEP =    18600   TIME(PS) =      18.600  TEMP(K) =   307.12  PRESS =     0.0
 Etot   =     -2090.1436  EKtot   =       584.0709  EPtot      =     -2674.2145
 BOND   =       240.1324  ANGLE   =       319.8184  DIHED      =       510.0421
 1-4 NB =       155.9917  1-4 EEL =      -349.8797  VDWAALS    =      -337.5699
 EELEC  =      1295.0962  EGB     =     -4507.8457  RESTRAINT  =         0.0000
 ------------------------------------------------------------------------------


 NSTEP =    18700   TIME(PS) =      18.700  TEMP(K) =   305.04  PRESS =     0.0
 Etot   =     -2113.8095  EKtot   =       580.1005  EPtot      =     -2693.9100
 BOND   =       219.1108  ANGLE   =       333.7579  DIHED      =       499.1930
 1-4 NB =       157.6705  1-4 EEL =      -348.5041  VDWAALS    =      -331.4749
 EELEC  =      1290.3457  EGB     =     -4514.0087  RESTRAINT  =         0.0000
 ------------------------------------------------------------------------------


 NSTEP =    18800   TIME(PS) =      18.800  TEMP(K) =   292.24  PRESS =     0.0
 Etot   =     -2123.0442  EKtot   =       555.7625  EPtot      =     -2678.8067
 BOND   =       217.5820  ANGLE   =       340.3484  DIHED      =       497.7455
 1-4 NB =       153.7804  1-4 EEL =      -339.4967  VDWAALS    =      -331.8261
 EELEC  =      1292.8047  EGB     =     -4509.7449  RESTRAINT  =         0.0000
 ------------------------------------------------------------------------------


 NSTEP =    18900   TIME(PS) =      18.900  TEMP(K) =   286.95  PRESS =     0.0
 Etot   =     -2121.9941  EKtot   =       545.7118  EPtot      =     -2667.7059
 BOND   =       216.0495  ANGLE   =       351.6956  DIHED      =       507.4001
 1-4 NB =       161.8752  1-4 EEL =      -375.3304  VDWAALS    =      -335.5638
 EELEC  =      1302.4077  EGB     =     -4496.2398  RESTRAINT  =         0.0000
 ------------------------------------------------------------------------------

| RE_POSITION Moving by   0.235736 -0.344824 -0.427903

 NSTEP =    19000   TIME(PS) =      19.000  TEMP(K) =   288.58  PRESS =     0.0
 Etot   =     -2128.9733  EKtot   =       548.8035  EPtot      =     -2677.7768
 BOND   =       210.9045  ANGLE   =       351.5930  DIHED      =       493.9322
 1-4 NB =       153.9959  1-4 EEL =      -343.8211  VDWAALS    =      -335.9069
 EELEC  =      1271.3646  EGB     =     -4479.8390  RESTRAINT  =         0.0000
 ------------------------------------------------------------------------------


 NSTEP =    19100   TIME(PS) =      19.100  TEMP(K) =   273.52  PRESS =     0.0
 Etot   =     -2123.2130  EKtot   =       520.1704  EPtot      =     -2643.3834
 BOND   =       239.8110  ANGLE   =       352.3049  DIHED      =       501.8643
 1-4 NB =       152.8586  1-4 EEL =      -339.4999  VDWAALS    =      -336.0766
 EELEC  =      1274.3442  EGB     =     -4488.9899  RESTRAINT  =         0.0000
 ------------------------------------------------------------------------------


 NSTEP =    19200   TIME(PS) =      19.200  TEMP(K) =   299.48  PRESS =     0.0
 Etot   =     -2119.6163  EKtot   =       569.5257  EPtot      =     -2689.1421
 BOND   =       216.2326  ANGLE   =       351.7773  DIHED      =       494.5078
 1-4 NB =       154.8545  1-4 EEL =      -364.8177  VDWAALS    =      -343.1160
 EELEC  =      1293.4121  EGB     =     -4491.9927  RESTRAINT  =         0.0000
 ------------------------------------------------------------------------------


 NSTEP =    19300   TIME(PS) =      19.300  TEMP(K) =   310.77  PRESS =     0.0
 Etot   =     -2116.3365  EKtot   =       590.9966  EPtot      =     -2707.3330
 BOND   =       203.4314  ANGLE   =       337.3713  DIHED      =       481.9353
 1-4 NB =       165.0898  1-4 EEL =      -360.6710  VDWAALS    =      -333.3469
 EELEC  =      1295.8545  EGB     =     -4496.9974  RESTRAINT  =         0.0000
 ------------------------------------------------------------------------------


 NSTEP =    19400   TIME(PS) =      19.400  TEMP(K) =   272.22  PRESS =     0.0
 Etot   =     -2115.6724  EKtot   =       517.6962  EPtot      =     -2633.3686
 BOND   =       261.3331  ANGLE   =       332.2579  DIHED      =       509.2127
 1-4 NB =       152.9146  1-4 EEL =      -340.7345  VDWAALS    =      -339.3879
 EELEC  =      1274.9296  EGB     =     -4483.8942  RESTRAINT  =         0.0000
 ------------------------------------------------------------------------------


 NSTEP =    19500   TIME(PS) =      19.500  TEMP(K) =   288.87  PRESS =     0.0
 Etot   =     -2117.7826  EKtot   =       549.3597  EPtot      =     -2667.1423
 BOND   =       224.1474  ANGLE   =       320.8961  DIHED      =       507.1624
 1-4 NB =       159.0648  1-4 EEL =      -336.0662  VDWAALS    =      -337.0084
 EELEC  =      1277.6253  EGB     =     -4482.9637  RESTRAINT  =         0.0000
 ------------------------------------------------------------------------------


 NSTEP =    19600   TIME(PS) =      19.600  TEMP(K) =   279.68  PRESS =     0.0
 Etot   =     -2113.8874  EKtot   =       531.8881  EPtot      =     -2645.7755
 BOND   =       242.5547  ANGLE   =       351.8611  DIHED      =       508.2121
 1-4 NB =       145.5117  1-4 EEL =      -360.3637  VDWAALS    =      -344.2205
 EELEC  =      1306.1794  EGB     =     -4495.5105  RESTRAINT  =         0.0000
 ------------------------------------------------------------------------------


 NSTEP =    19700   TIME(PS) =      19.700  TEMP(K) =   306.50  PRESS =     0.0
 Etot   =     -2115.0947  EKtot   =       582.8858  EPtot      =     -2697.9805
 BOND   =       226.5422  ANGLE   =       301.1967  DIHED      =       493.4414
 1-4 NB =       158.6726  1-4 EEL =      -337.7353  VDWAALS    =      -328.8569
 EELEC  =      1289.2531  EGB     =     -4500.4945  RESTRAINT  =         0.0000
 ------------------------------------------------------------------------------


 NSTEP =    19800   TIME(PS) =      19.800  TEMP(K) =   294.41  PRESS =     0.0
 Etot   =     -2100.1920  EKtot   =       559.8963  EPtot      =     -2660.0883
 BOND   =       220.8039  ANGLE   =       348.3063  DIHED      =       500.7903
 1-4 NB =       157.4792  1-4 EEL =      -349.3594  VDWAALS    =      -330.6106
 EELEC  =      1272.5896  EGB     =     -4480.0877  RESTRAINT  =         0.0000
 ------------------------------------------------------------------------------


 NSTEP =    19900   TIME(PS) =      19.900  TEMP(K) =   301.31  PRESS =     0.0
 Etot   =     -2091.3666  EKtot   =       573.0154  EPtot      =     -2664.3820
 BOND   =       234.7789  ANGLE   =       342.1519  DIHED      =       503.3854
 1-4 NB =       155.6052  1-4 EEL =      -353.2508  VDWAALS    =      -343.4783
 EELEC  =      1276.5956  EGB     =     -4480.1698  RESTRAINT  =         0.0000
 ------------------------------------------------------------------------------

| RE_POSITION Moving by  -0.258332  0.097079 -0.021730

 NSTEP =    20000   TIME(PS) =      20.000  TEMP(K) =   295.54  PRESS =     0.0
 Etot   =     -2108.7100  EKtot   =       562.0395  EPtot      =     -2670.7495
 BOND   =       223.5589  ANGLE   =       343.4289  DIHED      =       497.5226
 1-4 NB =       150.7196  1-4 EEL =      -342.8907  VDWAALS    =      -334.1448
 EELEC  =      1262.1479  EGB     =     -4471.0919  RESTRAINT  =         0.0000
 ------------------------------------------------------------------------------


 NSTEP =    20100   TIME(PS) =      20.100  TEMP(K) =   295.89  PRESS =     0.0
 Etot   =     -2105.9954  EKtot   =       562.6979  EPtot      =     -2668.6933
 BOND   =       234.4515  ANGLE   =       328.2571  DIHED      =       507.3933
 1-4 NB =       151.0369  1-4 EEL =      -326.1223  VDWAALS    =      -334.9291
 EELEC  =      1235.1914  EGB     =     -4463.9721  RESTRAINT  =         0.0000
 ------------------------------------------------------------------------------


 NSTEP =    20200   TIME(PS) =      20.200  TEMP(K) =   291.72  PRESS =     0.0
 Etot   =     -2108.2444  EKtot   =       554.7731  EPtot      =     -2663.0175
 BOND   =       215.3823  ANGLE   =       335.7830  DIHED      =       510.4013
 1-4 NB =       159.8460  1-4 EEL =      -343.6322  VDWAALS    =      -333.1561
 EELEC  =      1263.1575  EGB     =     -4470.7995  RESTRAINT  =         0.0000
 ------------------------------------------------------------------------------


 NSTEP =    20300   TIME(PS) =      20.300  TEMP(K) =   306.07  PRESS =     0.0
 Etot   =     -2099.7532  EKtot   =       582.0753  EPtot      =     -2681.8286
 BOND   =       227.7350  ANGLE   =       329.3680  DIHED      =       492.3305
 1-4 NB =       155.3128  1-4 EEL =      -357.3293  VDWAALS    =      -333.7063
 EELEC  =      1276.1409  EGB     =     -4471.6801  RESTRAINT  =         0.0000
 ------------------------------------------------------------------------------


 NSTEP =    20400   TIME(PS) =      20.400  TEMP(K) =   314.71  PRESS =     0.0
 Etot   =     -2076.4304  EKtot   =       598.4942  EPtot      =     -2674.9247
 BOND   =       226.3476  ANGLE   =       317.9744  DIHED      =       507.9876
 1-4 NB =       153.5427  1-4 EEL =      -339.5162  VDWAALS    =      -332.7846
 EELEC  =      1274.3401  EGB     =     -4482.8162  RESTRAINT  =         0.0000
 ------------------------------------------------------------------------------


 NSTEP =    20500   TIME(PS) =      20.500  TEMP(K) =   290.10  PRESS =     0.0
 Etot   =     -2085.2886  EKtot   =       551.6868  EPtot      =     -2636.9754
 BOND   =       238.0859  ANGLE   =       334.2572  DIHED      =       512.3727
 1-4 NB =       158.6236  1-4 EEL =      -347.9693  VDWAALS    =      -323.6739
 EELEC  =      1288.0715  EGB     =     -4496.7431  RESTRAINT  =         0.0000
 ------------------------------------------------------------------------------


 NSTEP =    20600   TIME(PS) =      20.600  TEMP(K) =   301.64  PRESS =     0.0
 Etot   =     -2093.9391  EKtot   =       573.6399  EPtot      =     -2667.5790
 BOND   =       213.9244  ANGLE   =       344.1015  DIHED      =       505.7505
 1-4 NB =       153.8416  1-4 EEL =      -357.5695  VDWAALS    =      -327.1868
 EELEC  =      1276.9170  EGB     =     -4477.3577  RESTRAINT  =         0.0000
 ------------------------------------------------------------------------------


 NSTEP =    20700   TIME(PS) =      20.700  TEMP(K) =   286.92  PRESS =     0.0
 Etot   =     -2076.2101  EKtot   =       545.6413  EPtot      =     -2621.8513
 BOND   =       243.3615  ANGLE   =       350.5522  DIHED      =       524.0084
 1-4 NB =       159.4887  1-4 EEL =      -372.7515  VDWAALS    =      -325.1210
 EELEC  =      1279.0471  EGB     =     -4480.4368  RESTRAINT  =         0.0000
 ------------------------------------------------------------------------------


 NSTEP =    20800   TIME(PS) =      20.800  TEMP(K) =   296.67  PRESS =     0.0
 Etot   =     -2072.2787  EKtot   =       564.1831  EPtot      =     -2636.4618
 BOND   =       226.4374  ANGLE   =       374.4657  DIHED      =       506.9836
 1-4 NB =       159.2266  1-4 EEL =      -342.5452  VDWAALS    =      -330.3456
 EELEC  =      1250.1783  EGB     =     -4480.8626  RESTRAINT  =         0.0000
 ------------------------------------------------------------------------------


 NSTEP =    20900   TIME(PS) =      20.900  TEMP(K) =   304.49  PRESS =     0.0
 Etot   =     -2087.2998  EKtot   =       579.0703  EPtot      =     -2666.3701
 BOND   =       232.8128  ANGLE   =       342.3009  DIHED      =       498.7822
 1-4 NB =       156.4249  1-4 EEL =      -357.8447  VDWAALS    =      -334.1142
 EELEC  =      1278.1979  EGB     =     -4482.9299  RESTRAINT  =         0.0000
 ------------------------------------------------------------------------------

| RE_POSITION Moving by  -0.490722 -0.121859 -0.009860

 NSTEP =    21000   TIME(PS) =      21.000  TEMP(K) =   302.10  PRESS =     0.0
 Etot   =     -2087.5997  EKtot   =       574.5118  EPtot      =     -2662.1115
 BOND   =       221.9205  ANGLE   =       341.5398  DIHED      =       508.4732
 1-4 NB =       159.1626  1-4 EEL =      -350.5021  VDWAALS    =      -339.4808
 EELEC  =      1282.7927  EGB     =     -4486.0174  RESTRAINT  =         0.0000
 ------------------------------------------------------------------------------


 NSTEP =    21100   TIME(PS) =      21.100  TEMP(K) =   303.01  PRESS =     0.0
 Etot   =     -2080.5622  EKtot   =       576.2480  EPtot      =     -2656.8102
 BOND   =       233.9057  ANGLE   =       330.9880  DIHED      =       511.5111
 1-4 NB =       154.4629  1-4 EEL =      -341.6503  VDWAALS    =      -324.5254
 EELEC  =      1271.2437  EGB     =     -4492.7460  RESTRAINT  =         0.0000
 ------------------------------------------------------------------------------


 NSTEP =    21200   TIME(PS) =      21.200  TEMP(K) =   287.31  PRESS =     0.0
 Etot   =     -2106.3612  EKtot   =       546.3859  EPtot      =     -2652.7471
 BOND   =       236.4043  ANGLE   =       321.0360  DIHED      =       513.6499
 1-4 NB =       162.8217  1-4 EEL =      -343.2408  VDWAALS    =      -333.4637
 EELEC  =      1297.7888  EGB     =     -4507.7434  RESTRAINT  =         0.0000
 ------------------------------------------------------------------------------


 NSTEP =    21300   TIME(PS) =      21.300  TEMP(K) =   298.60  PRESS =     0.0
 Etot   =     -2104.4892  EKtot   =       567.8625  EPtot      =     -2672.3517
 BOND   =       229.2981  ANGLE   =       347.3231  DIHED      =       504.5723
 1-4 NB =       151.4729  1-4 EEL =      -369.7635  VDWAALS    =      -338.2147
 EELEC  =      1300.4098  EGB     =     -4497.4496  RESTRAINT  =         0.0000
 ------------------------------------------------------------------------------


 NSTEP =    21400   TIME(PS) =      21.400  TEMP(K) =   300.51  PRESS =     0.0
 Etot   =     -2104.6257  EKtot   =       571.4999  EPtot      =     -2676.1256
 BOND   =       233.4319  ANGLE   =       328.7066  DIHED      =       510.1319
 1-4 NB =       158.8556  1-4 EEL =      -365.6670  VDWAALS    =      -343.6438
 EELEC  =      1296.6479  EGB     =     -4494.5886  RESTRAINT  =         0.0000
 ------------------------------------------------------------------------------


 NSTEP =    21500   TIME(PS) =      21.500  TEMP(K) =   284.32  PRESS =     0.0
 Etot   =     -2096.2794  EKtot   =       540.7062  EPtot      =     -2636.9856
 BOND   =       238.0374  ANGLE   =       376.5829  DIHED      =       502.2109
 1-4 NB =       149.2673  1-4 EEL =      -369.2134  VDWAALS    =      -327.6855
 EELEC  =      1284.4420  EGB     =     -4490.6274  RESTRAINT  =         0.0000
 ------------------------------------------------------------------------------


 NSTEP =    21600   TIME(PS) =      21.600  TEMP(K) =   292.71  PRESS =     0.0
 Etot   =     -2106.0424  EKtot   =       556.6568  EPtot      =     -2662.6992
 BOND   =       235.6462  ANGLE   =       337.8169  DIHED      =       491.9657
 1-4 NB =       158.7300  1-4 EEL =      -325.5585  VDWAALS    =      -331.3195
 EELEC  =      1254.6864  EGB     =     -4484.6665  RESTRAINT  =         0.0000
 ------------------------------------------------------------------------------


 NSTEP =    21700   TIME(PS) =      21.700  TEMP(K) =   298.05  PRESS =     0.0
 Etot   =     -2094.7387  EKtot   =       566.8159  EPtot      =     -2661.5546
 BOND   =       231.3476  ANGLE   =       332.7565  DIHED      =       511.5361
 1-4 NB =       156.3386  1-4 EEL =      -354.6824  VDWAALS    =      -337.3880
 EELEC  =      1298.3053  EGB     =     -4499.7683  RESTRAINT  =         0.0000
 ------------------------------------------------------------------------------


 NSTEP =    21800   TIME(PS) =      21.800  TEMP(K) =   300.68  PRESS =     0.0
 Etot   =     -2092.6550  EKtot   =       571.8168  EPtot      =     -2664.4718
 BOND   =       237.5236  ANGLE   =       322.0926  DIHED      =       500.0168
 1-4 NB =       157.4084  1-4 EEL =      -332.4364  VDWAALS    =      -336.1330
 EELEC  =      1299.3389  EGB     =     -4512.2828  RESTRAINT  =         0.0000
 ------------------------------------------------------------------------------


 NSTEP =    21900   TIME(PS) =      21.900  TEMP(K) =   300.64  PRESS =     0.0
 Etot   =     -2078.0786  EKtot   =       571.7393  EPtot      =     -2649.8179
 BOND   =       234.3049  ANGLE   =       328.5715  DIHED      =       507.9792
 1-4 NB =       161.4617  1-4 EEL =      -334.1145  VDWAALS    =      -322.2759
 EELEC  =      1259.4109  EGB     =     -4485.1557  RESTRAINT  =         0.0000
 ------------------------------------------------------------------------------

| RE_POSITION Moving by   0.528258  0.324583 -0.784314

 NSTEP =    22000   TIME(PS) =      22.000  TEMP(K) =   312.19  PRESS =     0.0
 Etot   =     -2075.2412  EKtot   =       593.7091  EPtot      =     -2668.9503
 BOND   =       235.9589  ANGLE   =       306.5424  DIHED      =       501.9881
 1-4 NB =       161.5934  1-4 EEL =      -337.2516  VDWAALS    =      -329.6874
 EELEC  =      1298.7948  EGB     =     -4506.8890  RESTRAINT  =         0.0000
 ------------------------------------------------------------------------------


 NSTEP =    22100   TIME(PS) =      22.100  TEMP(K) =   309.55  PRESS =     0.0
 Etot   =     -2067.2634  EKtot   =       588.6805  EPtot      =     -2655.9438
 BOND   =       231.8876  ANGLE   =       355.4260  DIHED      =       495.6534
 1-4 NB =       156.9451  1-4 EEL =      -356.7095  VDWAALS    =      -336.6043
 EELEC  =      1284.0931  EGB     =     -4486.6353  RESTRAINT  =         0.0000
 ------------------------------------------------------------------------------


 NSTEP =    22200   TIME(PS) =      22.200  TEMP(K) =   298.37  PRESS =     0.0
 Etot   =     -2051.1752  EKtot   =       567.4297  EPtot      =     -2618.6050
 BOND   =       241.1677  ANGLE   =       367.1493  DIHED      =       506.6107
 1-4 NB =       159.1160  1-4 EEL =      -373.1115  VDWAALS    =      -339.3644
 EELEC  =      1294.1921  EGB     =     -4474.3648  RESTRAINT  =         0.0000
 ------------------------------------------------------------------------------


 NSTEP =    22300   TIME(PS) =      22.300  TEMP(K) =   323.75  PRESS =     0.0
 Etot   =     -2063.6182  EKtot   =       615.6945  EPtot      =     -2679.3127
 BOND   =       212.7593  ANGLE   =       334.8502  DIHED      =       510.6789
 1-4 NB =       158.3651  1-4 EEL =      -340.1619  VDWAALS    =      -329.8207
 EELEC  =      1239.6951  EGB     =     -4465.6787  RESTRAINT  =         0.0000
 ------------------------------------------------------------------------------


 NSTEP =    22400   TIME(PS) =      22.400  TEMP(K) =   311.64  PRESS =     0.0
 Etot   =     -2066.2418  EKtot   =       592.6636  EPtot      =     -2658.9054
 BOND   =       216.7127  ANGLE   =       329.4602  DIHED      =       517.2178
 1-4 NB =       160.6113  1-4 EEL =      -337.0485  VDWAALS    =      -320.8833
 EELEC  =      1251.4089  EGB     =     -4476.3845  RESTRAINT  =         0.0000
 ------------------------------------------------------------------------------


 NSTEP =    22500   TIME(PS) =      22.500  TEMP(K) =   301.34  PRESS =     0.0
 Etot   =     -2081.1878  EKtot   =       573.0794  EPtot      =     -2654.2672
 BOND   =       213.3506  ANGLE   =       358.8815  DIHED      =       498.8447
 1-4 NB =       159.0161  1-4 EEL =      -351.7265  VDWAALS    =      -321.9669
 EELEC  =      1267.4599  EGB     =     -4478.1266  RESTRAINT  =         0.0000
 ------------------------------------------------------------------------------


 NSTEP =    22600   TIME(PS) =      22.600  TEMP(K) =   314.20  PRESS =     0.0
 Etot   =     -2073.6969  EKtot   =       597.5317  EPtot      =     -2671.2286
 BOND   =       236.6032  ANGLE   =       332.2644  DIHED      =       501.9522
 1-4 NB =       152.5813  1-4 EEL =      -354.4224  VDWAALS    =      -329.9165
 EELEC  =      1261.0378  EGB     =     -4471.3287  RESTRAINT  =         0.0000
 ------------------------------------------------------------------------------


 NSTEP =    22700   TIME(PS) =      22.700  TEMP(K) =   313.22  PRESS =     0.0
 Etot   =     -2065.0807  EKtot   =       595.6672  EPtot      =     -2660.7479
 BOND   =       220.5257  ANGLE   =       341.6290  DIHED      =       497.9786
 1-4 NB =       157.5118  1-4 EEL =      -348.3065  VDWAALS    =      -323.8238
 EELEC  =      1280.2989  EGB     =     -4486.5616  RESTRAINT  =         0.0000
 ------------------------------------------------------------------------------


 NSTEP =    22800   TIME(PS) =      22.800  TEMP(K) =   298.72  PRESS =     0.0
 Etot   =     -2078.0451  EKtot   =       568.0816  EPtot      =     -2646.1267
 BOND   =       237.2999  ANGLE   =       345.0054  DIHED      =       514.9783
 1-4 NB =       147.4428  1-4 EEL =      -348.4477  VDWAALS    =      -322.3118
 EELEC  =      1254.5356  EGB     =     -4474.6291  RESTRAINT  =         0.0000
 ------------------------------------------------------------------------------


 NSTEP =    22900   TIME(PS) =      22.900  TEMP(K) =   306.48  PRESS =     0.0
 Etot   =     -2068.2666  EKtot   =       582.8456  EPtot      =     -2651.1123
 BOND   =       221.1381  ANGLE   =       349.3930  DIHED      =       508.3332
 1-4 NB =       161.3414  1-4 EEL =      -353.5243  VDWAALS    =      -322.8470
 EELEC  =      1270.5709  EGB     =     -4485.5174  RESTRAINT  =         0.0000
 ------------------------------------------------------------------------------

| RE_POSITION Moving by   0.017747 -0.376184  0.200245

 NSTEP =    23000   TIME(PS) =      23.000  TEMP(K) =   307.12  PRESS =     0.0
 Etot   =     -2066.7683  EKtot   =       584.0637  EPtot      =     -2650.8320
 BOND   =       220.5782  ANGLE   =       353.9703  DIHED      =       502.0362
 1-4 NB =       154.3481  1-4 EEL =      -366.7788  VDWAALS    =      -322.5109
 EELEC  =      1308.4066  EGB     =     -4500.8817  RESTRAINT  =         0.0000
 ------------------------------------------------------------------------------


 NSTEP =    23100   TIME(PS) =      23.100  TEMP(K) =   310.72  PRESS =     0.0
 Etot   =     -2060.2101  EKtot   =       590.9078  EPtot      =     -2651.1179
 BOND   =       230.9078  ANGLE   =       356.3908  DIHED      =       491.7624
 1-4 NB =       162.0634  1-4 EEL =      -377.2137  VDWAALS    =      -314.7573
 EELEC  =      1295.3358  EGB     =     -4495.6071  RESTRAINT  =         0.0000
 ------------------------------------------------------------------------------


 NSTEP =    23200   TIME(PS) =      23.200  TEMP(K) =   310.19  PRESS =     0.0
 Etot   =     -2061.6564  EKtot   =       589.8969  EPtot      =     -2651.5533
 BOND   =       223.2585  ANGLE   =       355.0593  DIHED      =       496.7237
 1-4 NB =       164.8550  1-4 EEL =      -363.1946  VDWAALS    =      -328.4505
 EELEC  =      1310.8341  EGB     =     -4510.6386  RESTRAINT  =         0.0000
 ------------------------------------------------------------------------------


 NSTEP =    23300   TIME(PS) =      23.300  TEMP(K) =   300.22  PRESS =     0.0
 Etot   =     -2064.9030  EKtot   =       570.9383  EPtot      =     -2635.8413
 BOND   =       247.8278  ANGLE   =       360.7098  DIHED      =       494.8781
 1-4 NB =       153.0944  1-4 EEL =      -353.4894  VDWAALS    =      -332.4483
 EELEC  =      1292.2970  EGB     =     -4498.7106  RESTRAINT  =         0.0000
 ------------------------------------------------------------------------------


 NSTEP =    23400   TIME(PS) =      23.400  TEMP(K) =   299.07  PRESS =     0.0
 Etot   =     -2066.8922  EKtot   =       568.7621  EPtot      =     -2635.6543
 BOND   =       245.6906  ANGLE   =       350.3873  DIHED      =       494.6476
 1-4 NB =       160.2345  1-4 EEL =      -348.6499  VDWAALS    =      -320.6525
 EELEC  =      1268.3399  EGB     =     -4485.6517  RESTRAINT  =         0.0000
 ------------------------------------------------------------------------------


 NSTEP =    23500   TIME(PS) =      23.500  TEMP(K) =   306.24  PRESS =     0.0
 Etot   =     -2082.5690  EKtot   =       582.3916  EPtot      =     -2664.9605
 BOND   =       215.8040  ANGLE   =       366.3463  DIHED      =       495.1828
 1-4 NB =       163.0234  1-4 EEL =      -367.0780  VDWAALS    =      -321.7897
 EELEC  =      1254.6830  EGB     =     -4471.1324  RESTRAINT  =         0.0000
 ------------------------------------------------------------------------------


 NSTEP =    23600   TIME(PS) =      23.600  TEMP(K) =   304.06  PRESS =     0.0
 Etot   =     -2093.6545  EKtot   =       578.2367  EPtot      =     -2671.8912
 BOND   =       221.3848  ANGLE   =       338.2412  DIHED      =       500.1002
 1-4 NB =       157.7449  1-4 EEL =      -352.7297  VDWAALS    =      -326.1617
 EELEC  =      1276.3406  EGB     =     -4486.8115  RESTRAINT  =         0.0000
 ------------------------------------------------------------------------------


 NSTEP =    23700   TIME(PS) =      23.700  TEMP(K) =   293.36  PRESS =     0.0
 Etot   =     -2088.9909  EKtot   =       557.8904  EPtot      =     -2646.8813
 BOND   =       241.2701  ANGLE   =       343.6799  DIHED      =       497.4891
 1-4 NB =       157.2239  1-4 EEL =      -342.5551  VDWAALS    =      -332.5443
 EELEC  =      1276.6855  EGB     =     -4488.1305  RESTRAINT  =         0.0000
 ------------------------------------------------------------------------------


 NSTEP =    23800   TIME(PS) =      23.800  TEMP(K) =   294.25  PRESS =     0.0
 Etot   =     -2103.0690  EKtot   =       559.5968  EPtot      =     -2662.6658
 BOND   =       244.7633  ANGLE   =       338.6543  DIHED      =       500.3523
 1-4 NB =       146.2871  1-4 EEL =      -338.3884  VDWAALS    =      -326.0414
 EELEC  =      1256.1221  EGB     =     -4484.4150  RESTRAINT  =         0.0000
 ------------------------------------------------------------------------------


 NSTEP =    23900   TIME(PS) =      23.900  TEMP(K) =   300.19  PRESS =     0.0
 Etot   =     -2110.2550  EKtot   =       570.8799  EPtot      =     -2681.1349
 BOND   =       225.6115  ANGLE   =       314.1015  DIHED      =       501.6652
 1-4 NB =       167.3512  1-4 EEL =      -338.0402  VDWAALS    =      -328.7195
 EELEC  =      1264.6363  EGB     =     -4487.7409  RESTRAINT  =         0.0000
 ------------------------------------------------------------------------------

| RE_POSITION Moving by   0.185585 -0.199561  0.276602

 NSTEP =    24000   TIME(PS) =      24.000  TEMP(K) =   284.74  PRESS =     0.0
 Etot   =     -2114.1171  EKtot   =       541.5042  EPtot      =     -2655.6213
 BOND   =       244.2339  ANGLE   =       341.2038  DIHED      =       498.8604
 1-4 NB =       146.7619  1-4 EEL =      -346.3192  VDWAALS    =      -331.2254
 EELEC  =      1288.7214  EGB     =     -4497.8581  RESTRAINT  =         0.0000
 ------------------------------------------------------------------------------


 NSTEP =    24100   TIME(PS) =      24.100  TEMP(K) =   293.07  PRESS =     0.0
 Etot   =     -2112.6401  EKtot   =       557.3491  EPtot      =     -2669.9892
 BOND   =       229.5931  ANGLE   =       327.8293  DIHED      =       500.3410
 1-4 NB =       161.1060  1-4 EEL =      -335.0088  VDWAALS    =      -331.5743
 EELEC  =      1268.4102  EGB     =     -4490.6857  RESTRAINT  =         0.0000
 ------------------------------------------------------------------------------


 NSTEP =    24200   TIME(PS) =      24.200  TEMP(K) =   300.40  PRESS =     0.0
 Etot   =     -2114.4523  EKtot   =       571.2862  EPtot      =     -2685.7385
 BOND   =       224.2021  ANGLE   =       314.4202  DIHED      =       502.4722
 1-4 NB =       156.4624  1-4 EEL =      -335.4570  VDWAALS    =      -330.7265
 EELEC  =      1274.4767  EGB     =     -4491.5887  RESTRAINT  =         0.0000
 ------------------------------------------------------------------------------


 NSTEP =    24300   TIME(PS) =      24.300  TEMP(K) =   290.67  PRESS =     0.0
 Etot   =     -2134.9831  EKtot   =       552.7721  EPtot      =     -2687.7552
 BOND   =       231.7039  ANGLE   =       331.1480  DIHED      =       493.4556
 1-4 NB =       152.0788  1-4 EEL =      -350.3766  VDWAALS    =      -340.1693
 EELEC  =      1281.9307  EGB     =     -4487.5262  RESTRAINT  =         0.0000
 ------------------------------------------------------------------------------


 NSTEP =    24400   TIME(PS) =      24.400  TEMP(K) =   298.05  PRESS =     0.0
 Etot   =     -2122.2422  EKtot   =       566.8176  EPtot      =     -2689.0598
 BOND   =       227.5024  ANGLE   =       336.5799  DIHED      =       498.0798
 1-4 NB =       157.3697  1-4 EEL =      -374.5881  VDWAALS    =      -335.2157
 EELEC  =      1285.2829  EGB     =     -4484.0708  RESTRAINT  =         0.0000
 ------------------------------------------------------------------------------


 NSTEP =    24500   TIME(PS) =      24.500  TEMP(K) =   289.78  PRESS =     0.0
 Etot   =     -2112.9583  EKtot   =       551.0920  EPtot      =     -2664.0503
 BOND   =       215.5972  ANGLE   =       339.4981  DIHED      =       510.7550
 1-4 NB =       156.4708  1-4 EEL =      -342.4197  VDWAALS    =      -329.8328
 EELEC  =      1271.9684  EGB     =     -4486.0874  RESTRAINT  =         0.0000
 ------------------------------------------------------------------------------


 NSTEP =    24600   TIME(PS) =      24.600  TEMP(K) =   287.01  PRESS =     0.0
 Etot   =     -2106.9739  EKtot   =       545.8184  EPtot      =     -2652.7923
 BOND   =       233.6237  ANGLE   =       346.9546  DIHED      =       515.2984
 1-4 NB =       147.8954  1-4 EEL =      -358.8077  VDWAALS    =      -336.2325
 EELEC  =      1288.1255  EGB     =     -4489.6498  RESTRAINT  =         0.0000
 ------------------------------------------------------------------------------


 NSTEP =    24700   TIME(PS) =      24.700  TEMP(K) =   303.52  PRESS =     0.0
 Etot   =     -2102.5734  EKtot   =       577.2091  EPtot      =     -2679.7825
 BOND   =       209.6412  ANGLE   =       327.1283  DIHED      =       505.2640
 1-4 NB =       160.2297  1-4 EEL =      -327.1633  VDWAALS    =      -338.2536
 EELEC  =      1290.8991  EGB     =     -4507.5278  RESTRAINT  =         0.0000
 ------------------------------------------------------------------------------


 NSTEP =    24800   TIME(PS) =      24.800  TEMP(K) =   289.48  PRESS =     0.0
 Etot   =     -2103.8612  EKtot   =       550.5123  EPtot      =     -2654.3736
 BOND   =       239.6364  ANGLE   =       360.9633  DIHED      =       495.6068
 1-4 NB =       155.2592  1-4 EEL =      -345.5389  VDWAALS    =      -342.8042
 EELEC  =      1285.5830  EGB     =     -4503.0793  RESTRAINT  =         0.0000
 ------------------------------------------------------------------------------


 NSTEP =    24900   TIME(PS) =      24.900  TEMP(K) =   303.54  PRESS =     0.0
 Etot   =     -2097.3039  EKtot   =       577.2461  EPtot      =     -2674.5500
 BOND   =       201.8805  ANGLE   =       358.5271  DIHED      =       491.8490
 1-4 NB =       158.8639  1-4 EEL =      -344.9289  VDWAALS    =      -332.3755
 EELEC  =      1291.0634  EGB     =     -4499.4296  RESTRAINT  =         0.0000
 ------------------------------------------------------------------------------

| RE_POSITION Moving by  -0.074555 -0.270818  0.148415

 NSTEP =    25000   TIME(PS) =      25.000  TEMP(K) =   302.27  PRESS =     0.0
 Etot   =     -2090.3479  EKtot   =       574.8374  EPtot      =     -2665.1853
 BOND   =       230.0061  ANGLE   =       364.5399  DIHED      =       484.4015
 1-4 NB =       154.8339  1-4 EEL =      -360.8938  VDWAALS    =      -339.2479
 EELEC  =      1307.1988  EGB     =     -4506.0237  RESTRAINT  =         0.0000
 ------------------------------------------------------------------------------


 NSTEP =    25100   TIME(PS) =      25.100  TEMP(K) =   305.93  PRESS =     0.0
 Etot   =     -2095.4372  EKtot   =       581.8040  EPtot      =     -2677.2412
 BOND   =       230.2957  ANGLE   =       356.9394  DIHED      =       484.0029
 1-4 NB =       155.0253  1-4 EEL =      -356.4807  VDWAALS    =      -337.2915
 EELEC  =      1285.7756  EGB     =     -4495.5078  RESTRAINT  =         0.0000
 ------------------------------------------------------------------------------


 NSTEP =    25200   TIME(PS) =      25.200  TEMP(K) =   297.08  PRESS =     0.0
 Etot   =     -2100.8436  EKtot   =       564.9648  EPtot      =     -2665.8083
 BOND   =       228.6067  ANGLE   =       347.0800  DIHED      =       495.1115
 1-4 NB =       154.3692  1-4 EEL =      -355.5299  VDWAALS    =      -325.1144
 EELEC  =      1297.5670  EGB     =     -4507.8985  RESTRAINT  =         0.0000
 ------------------------------------------------------------------------------


 NSTEP =    25300   TIME(PS) =      25.300  TEMP(K) =   300.44  PRESS =     0.0
 Etot   =     -2108.3070  EKtot   =       571.3628  EPtot      =     -2679.6698
 BOND   =       225.5917  ANGLE   =       338.9347  DIHED      =       492.5962
 1-4 NB =       149.9082  1-4 EEL =      -335.5774  VDWAALS    =      -332.3501
 EELEC  =      1282.3409  EGB     =     -4501.1141  RESTRAINT  =         0.0000
 ------------------------------------------------------------------------------


 NSTEP =    25400   TIME(PS) =      25.400  TEMP(K) =   299.60  PRESS =     0.0
 Etot   =     -2112.0510  EKtot   =       569.7707  EPtot      =     -2681.8217
 BOND   =       210.4830  ANGLE   =       338.5822  DIHED      =       505.3900
 1-4 NB =       159.5341  1-4 EEL =      -355.0613  VDWAALS    =      -329.6023
 EELEC  =      1290.3850  EGB     =     -4501.5324  RESTRAINT  =         0.0000
 ------------------------------------------------------------------------------


 NSTEP =    25500   TIME(PS) =      25.500  TEMP(K) =   287.99  PRESS =     0.0
 Etot   =     -2127.7968  EKtot   =       547.6883  EPtot      =     -2675.4851
 BOND   =       207.9139  ANGLE   =       341.0729  DIHED      =       499.9994
 1-4 NB =       156.0101  1-4 EEL =      -346.0646  VDWAALS    =      -327.1768
 EELEC  =      1279.1365  EGB     =     -4486.3765  RESTRAINT  =         0.0000
 ------------------------------------------------------------------------------


 NSTEP =    25600   TIME(PS) =      25.600  TEMP(K) =   307.67  PRESS =     0.0
 Etot   =     -2092.8874  EKtot   =       585.1107  EPtot      =     -2677.9980
 BOND   =       218.8748  ANGLE   =       353.2004  DIHED      =       488.1546
 1-4 NB =       156.1819  1-4 EEL =      -348.4178  VDWAALS    =      -331.0776
 EELEC  =      1282.1386  EGB     =     -4497.0529  RESTRAINT  =         0.0000
 ------------------------------------------------------------------------------


 NSTEP =    25700   TIME(PS) =      25.700  TEMP(K) =   302.75  PRESS =     0.0
 Etot   =     -2082.8327  EKtot   =       575.7489  EPtot      =     -2658.5816
 BOND   =       235.0490  ANGLE   =       354.7576  DIHED      =       491.7207
 1-4 NB =       151.3205  1-4 EEL =      -348.2497  VDWAALS    =      -321.8005
 EELEC  =      1293.0435  EGB     =     -4514.4226  RESTRAINT  =         0.0000
 ------------------------------------------------------------------------------


 NSTEP =    25800   TIME(PS) =      25.800  TEMP(K) =   298.42  PRESS =     0.0
 Etot   =     -2092.2515  EKtot   =       567.5107  EPtot      =     -2659.7622
 BOND   =       225.2868  ANGLE   =       349.1159  DIHED      =       498.0498
 1-4 NB =       161.1166  1-4 EEL =      -349.7518  VDWAALS    =      -329.4720
 EELEC  =      1304.2479  EGB     =     -4518.3555  RESTRAINT  =         0.0000
 ------------------------------------------------------------------------------


 NSTEP =    25900   TIME(PS) =      25.900  TEMP(K) =   286.59  PRESS =     0.0
 Etot   =     -2105.3147  EKtot   =       545.0110  EPtot      =     -2650.3258
 BOND   =       252.9984  ANGLE   =       327.9615  DIHED      =       490.6851
 1-4 NB =       153.2566  1-4 EEL =      -356.4615  VDWAALS    =      -326.9952
 EELEC  =      1327.3562  EGB     =     -4519.1268  RESTRAINT  =         0.0000
 ------------------------------------------------------------------------------

| RE_POSITION Moving by  -0.249217 -0.007298 -0.479935

 NSTEP =    26000   TIME(PS) =      26.000  TEMP(K) =   296.67  PRESS =     0.0
 Etot   =     -2075.4421  EKtot   =       564.1931  EPtot      =     -2639.6352
 BOND   =       245.4117  ANGLE   =       347.6546  DIHED      =       495.2462
 1-4 NB =       157.8549  1-4 EEL =      -350.6433  VDWAALS    =      -334.0550
 EELEC  =      1311.7915  EGB     =     -4512.8959  RESTRAINT  =         0.0000
 ------------------------------------------------------------------------------


 NSTEP =    26100   TIME(PS) =      26.100  TEMP(K) =   308.46  PRESS =     0.0
 Etot   =     -2075.7365  EKtot   =       586.6108  EPtot      =     -2662.3474
 BOND   =       245.8169  ANGLE   =       343.6276  DIHED      =       497.1114
 1-4 NB =       152.2650  1-4 EEL =      -368.6841  VDWAALS    =      -335.7248
 EELEC  =      1314.5452  EGB     =     -4511.3047  RESTRAINT  =         0.0000
 ------------------------------------------------------------------------------


 NSTEP =    26200   TIME(PS) =      26.200  TEMP(K) =   297.50  PRESS =     0.0
 Etot   =     -2104.6703  EKtot   =       565.7618  EPtot      =     -2670.4321
 BOND   =       232.7172  ANGLE   =       331.9696  DIHED      =       493.9932
 1-4 NB =       163.0086  1-4 EEL =      -330.6679  VDWAALS    =      -338.6293
 EELEC  =      1283.5089  EGB     =     -4506.3324  RESTRAINT  =         0.0000
 ------------------------------------------------------------------------------


 NSTEP =    26300   TIME(PS) =      26.300  TEMP(K) =   288.86  PRESS =     0.0
 Etot   =     -2096.8767  EKtot   =       549.3415  EPtot      =     -2646.2182
 BOND   =       233.8377  ANGLE   =       367.9137  DIHED      =       489.7994
 1-4 NB =       151.1824  1-4 EEL =      -369.9106  VDWAALS    =      -331.6802
 EELEC  =      1319.6113  EGB     =     -4506.9720  RESTRAINT  =         0.0000
 ------------------------------------------------------------------------------


 NSTEP =    26400   TIME(PS) =      26.400  TEMP(K) =   291.96  PRESS =     0.0
 Etot   =     -2108.1375  EKtot   =       555.2340  EPtot      =     -2663.3715
 BOND   =       233.9217  ANGLE   =       335.5338  DIHED      =       481.7829
 1-4 NB =       165.0497  1-4 EEL =      -342.6994  VDWAALS    =      -333.0775
 EELEC  =      1302.4100  EGB     =     -4506.2926  RESTRAINT  =         0.0000
 ------------------------------------------------------------------------------


 NSTEP =    26500   TIME(PS) =      26.500  TEMP(K) =   309.98  PRESS =     0.0
 Etot   =     -2091.8764  EKtot   =       589.5076  EPtot      =     -2681.3840
 BOND   =       229.1446  ANGLE   =       333.4641  DIHED      =       491.2852
 1-4 NB =       154.6328  1-4 EEL =      -362.5644  VDWAALS    =      -326.1056
 EELEC  =      1307.4160  EGB     =     -4508.6568  RESTRAINT  =         0.0000
 ------------------------------------------------------------------------------


 NSTEP =    26600   TIME(PS) =      26.600  TEMP(K) =   301.29  PRESS =     0.0
 Etot   =     -2083.6569  EKtot   =       572.9733  EPtot      =     -2656.6302
 BOND   =       235.6208  ANGLE   =       338.3972  DIHED      =       493.1441
 1-4 NB =       153.4455  1-4 EEL =      -362.3240  VDWAALS    =      -330.0997
 EELEC  =      1314.4365  EGB     =     -4499.2506  RESTRAINT  =         0.0000
 ------------------------------------------------------------------------------


 NSTEP =    26700   TIME(PS) =      26.700  TEMP(K) =   303.22  PRESS =     0.0
 Etot   =     -2101.9807  EKtot   =       576.6468  EPtot      =     -2678.6275
 BOND   =       219.7782  ANGLE   =       356.4450  DIHED      =       484.9630
 1-4 NB =       153.8398  1-4 EEL =      -359.8163  VDWAALS    =      -333.5358
 EELEC  =      1296.2652  EGB     =     -4496.5665  RESTRAINT  =         0.0000
 ------------------------------------------------------------------------------


 NSTEP =    26800   TIME(PS) =      26.800  TEMP(K) =   298.96  PRESS =     0.0
 Etot   =     -2087.6658  EKtot   =       568.5502  EPtot      =     -2656.2160
 BOND   =       239.3542  ANGLE   =       350.5803  DIHED      =       498.3904
 1-4 NB =       156.8691  1-4 EEL =      -366.9979  VDWAALS    =      -338.7141
 EELEC  =      1300.8519  EGB     =     -4496.5499  RESTRAINT  =         0.0000
 ------------------------------------------------------------------------------


 NSTEP =    26900   TIME(PS) =      26.900  TEMP(K) =   285.43  PRESS =     0.0
 Etot   =     -2095.7696  EKtot   =       542.8126  EPtot      =     -2638.5822
 BOND   =       215.6110  ANGLE   =       376.8192  DIHED      =       494.8968
 1-4 NB =       155.7606  1-4 EEL =      -346.7663  VDWAALS    =      -323.8504
 EELEC  =      1273.9515  EGB     =     -4485.0046  RESTRAINT  =         0.0000
 ------------------------------------------------------------------------------

| RE_POSITION Moving by  -0.123286  0.208510  0.088647

 NSTEP =    27000   TIME(PS) =      27.000  TEMP(K) =   296.74  PRESS =     0.0
 Etot   =     -2123.5392  EKtot   =       564.3302  EPtot      =     -2687.8693
 BOND   =       218.6259  ANGLE   =       336.6097  DIHED      =       484.5641
 1-4 NB =       154.7930  1-4 EEL =      -354.3622  VDWAALS    =      -328.3461
 EELEC  =      1295.5001  EGB     =     -4495.2538  RESTRAINT  =         0.0000
 ------------------------------------------------------------------------------


 NSTEP =    27100   TIME(PS) =      27.100  TEMP(K) =   282.16  PRESS =     0.0
 Etot   =     -2129.7628  EKtot   =       536.6017  EPtot      =     -2666.3645
 BOND   =       237.2752  ANGLE   =       332.6418  DIHED      =       500.5880
 1-4 NB =       157.3010  1-4 EEL =      -360.0721  VDWAALS    =      -330.0633
 EELEC  =      1286.3813  EGB     =     -4490.4164  RESTRAINT  =         0.0000
 ------------------------------------------------------------------------------


 NSTEP =    27200   TIME(PS) =      27.200  TEMP(K) =   291.73  PRESS =     0.0
 Etot   =     -2140.3253  EKtot   =       554.7903  EPtot      =     -2695.1155
 BOND   =       213.5694  ANGLE   =       320.2658  DIHED      =       499.0107
 1-4 NB =       157.4742  1-4 EEL =      -342.8391  VDWAALS    =      -330.5038
 EELEC  =      1283.7411  EGB     =     -4495.8339  RESTRAINT  =         0.0000
 ------------------------------------------------------------------------------


 NSTEP =    27300   TIME(PS) =      27.300  TEMP(K) =   290.55  PRESS =     0.0
 Etot   =     -2140.7072  EKtot   =       552.5562  EPtot      =     -2693.2635
 BOND   =       210.0756  ANGLE   =       342.8102  DIHED      =       492.8453
 1-4 NB =       158.9585  1-4 EEL =      -347.7081  VDWAALS    =      -336.9297
 EELEC  =      1277.4525  EGB     =     -4490.7679  RESTRAINT  =         0.0000
 ------------------------------------------------------------------------------


 NSTEP =    27400   TIME(PS) =      27.400  TEMP(K) =   287.55  PRESS =     0.0
 Etot   =     -2128.9153  EKtot   =       546.8516  EPtot      =     -2675.7669
 BOND   =       223.2450  ANGLE   =       334.0679  DIHED      =       495.0735
 1-4 NB =       154.9793  1-4 EEL =      -343.1633  VDWAALS    =      -332.4760
 EELEC  =      1296.7516  EGB     =     -4504.2451  RESTRAINT  =         0.0000
 ------------------------------------------------------------------------------


 NSTEP =    27500   TIME(PS) =      27.500  TEMP(K) =   294.40  PRESS =     0.0
 Etot   =     -2123.7214  EKtot   =       559.8727  EPtot      =     -2683.5941
 BOND   =       223.7251  ANGLE   =       348.2569  DIHED      =       483.9234
 1-4 NB =       157.1982  1-4 EEL =      -361.9860  VDWAALS    =      -334.5907
 EELEC  =      1282.7117  EGB     =     -4482.8326  RESTRAINT  =         0.0000
 ------------------------------------------------------------------------------


 NSTEP =    27600   TIME(PS) =      27.600  TEMP(K) =   291.88  PRESS =     0.0
 Etot   =     -2108.2246  EKtot   =       555.0858  EPtot      =     -2663.3105
 BOND   =       223.2656  ANGLE   =       337.8917  DIHED      =       495.9260
 1-4 NB =       160.8226  1-4 EEL =      -356.2986  VDWAALS    =      -324.9459
 EELEC  =      1281.3992  EGB     =     -4481.3710  RESTRAINT  =         0.0000
 ------------------------------------------------------------------------------


 NSTEP =    27700   TIME(PS) =      27.700  TEMP(K) =   297.98  PRESS =     0.0
 Etot   =     -2123.7046  EKtot   =       566.6905  EPtot      =     -2690.3951
 BOND   =       234.9479  ANGLE   =       328.3930  DIHED      =       484.3732
 1-4 NB =       161.7696  1-4 EEL =      -359.8913  VDWAALS    =      -333.7807
 EELEC  =      1264.6465  EGB     =     -4470.8534  RESTRAINT  =         0.0000
 ------------------------------------------------------------------------------


 NSTEP =    27800   TIME(PS) =      27.800  TEMP(K) =   286.52  PRESS =     0.0
 Etot   =     -2132.8551  EKtot   =       544.8818  EPtot      =     -2677.7370
 BOND   =       234.5481  ANGLE   =       333.3334  DIHED      =       482.7261
 1-4 NB =       157.0498  1-4 EEL =      -352.0894  VDWAALS    =      -327.8036
 EELEC  =      1250.6735  EGB     =     -4456.1748  RESTRAINT  =         0.0000
 ------------------------------------------------------------------------------


 NSTEP =    27900   TIME(PS) =      27.900  TEMP(K) =   289.52  PRESS =     0.0
 Etot   =     -2120.8108  EKtot   =       550.5969  EPtot      =     -2671.4077
 BOND   =       237.7234  ANGLE   =       343.1966  DIHED      =       486.6404
 1-4 NB =       152.7538  1-4 EEL =      -355.3758  VDWAALS    =      -332.7366
 EELEC  =      1255.8015  EGB     =     -4459.4110  RESTRAINT  =         0.0000
 ------------------------------------------------------------------------------

| RE_POSITION Moving by  -0.433170  0.056380  0.481439

 NSTEP =    28000   TIME(PS) =      28.000  TEMP(K) =   300.95  PRESS =     0.0
 Etot   =     -2103.3526  EKtot   =       572.3376  EPtot      =     -2675.6901
 BOND   =       226.1692  ANGLE   =       346.1156  DIHED      =       483.5780
 1-4 NB =       160.8116  1-4 EEL =      -345.3394  VDWAALS    =      -329.3284
 EELEC  =      1241.7866  EGB     =     -4459.4833  RESTRAINT  =         0.0000
 ------------------------------------------------------------------------------


 NSTEP =    28100   TIME(PS) =      28.100  TEMP(K) =   298.82  PRESS =     0.0
 Etot   =     -2094.4376  EKtot   =       568.2804  EPtot      =     -2662.7181
 BOND   =       221.6258  ANGLE   =       348.6237  DIHED      =       499.9878
 1-4 NB =       159.4351  1-4 EEL =      -350.9906  VDWAALS    =      -336.0989
 EELEC  =      1250.8204  EGB     =     -4456.1212  RESTRAINT  =         0.0000
 ------------------------------------------------------------------------------


 NSTEP =    28200   TIME(PS) =      28.200  TEMP(K) =   307.42  PRESS =     0.0
 Etot   =     -2101.3948  EKtot   =       584.6422  EPtot      =     -2686.0370
 BOND   =       221.4301  ANGLE   =       330.9032  DIHED      =       501.0349
 1-4 NB =       154.6102  1-4 EEL =      -357.4507  VDWAALS    =      -332.8414
 EELEC  =      1260.3658  EGB     =     -4464.0892  RESTRAINT  =         0.0000
 ------------------------------------------------------------------------------


 NSTEP =    28300   TIME(PS) =      28.300  TEMP(K) =   296.63  PRESS =     0.0
 Etot   =     -2085.6140  EKtot   =       564.1097  EPtot      =     -2649.7237
 BOND   =       227.3150  ANGLE   =       346.7283  DIHED      =       497.8952
 1-4 NB =       157.1946  1-4 EEL =      -364.2461  VDWAALS    =      -328.9017
 EELEC  =      1286.8516  EGB     =     -4472.5606  RESTRAINT  =         0.0000
 ------------------------------------------------------------------------------


 NSTEP =    28400   TIME(PS) =      28.400  TEMP(K) =   305.03  PRESS =     0.0
 Etot   =     -2075.2662  EKtot   =       580.0871  EPtot      =     -2655.3532
 BOND   =       231.0522  ANGLE   =       340.6612  DIHED      =       492.1739
 1-4 NB =       155.5397  1-4 EEL =      -347.4339  VDWAALS    =      -316.7877
 EELEC  =      1259.6876  EGB     =     -4470.2462  RESTRAINT  =         0.0000
 ------------------------------------------------------------------------------


 NSTEP =    28500   TIME(PS) =      28.500  TEMP(K) =   291.17  PRESS =     0.0
 Etot   =     -2103.1992  EKtot   =       553.7308  EPtot      =     -2656.9300
 BOND   =       222.5248  ANGLE   =       327.4755  DIHED      =       506.5294
 1-4 NB =       161.8969  1-4 EEL =      -346.7120  VDWAALS    =      -325.2807
 EELEC  =      1285.3965  EGB     =     -4488.7604  RESTRAINT  =         0.0000
 ------------------------------------------------------------------------------


 NSTEP =    28600   TIME(PS) =      28.600  TEMP(K) =   295.40  PRESS =     0.0
 Etot   =     -2107.0554  EKtot   =       561.7763  EPtot      =     -2668.8317
 BOND   =       219.5468  ANGLE   =       344.6287  DIHED      =       498.5935
 1-4 NB =       154.2681  1-4 EEL =      -351.0781  VDWAALS    =      -337.0732
 EELEC  =      1283.9359  EGB     =     -4481.6536  RESTRAINT  =         0.0000
 ------------------------------------------------------------------------------


 NSTEP =    28700   TIME(PS) =      28.700  TEMP(K) =   290.28  PRESS =     0.0
 Etot   =     -2103.3653  EKtot   =       552.0413  EPtot      =     -2655.4066
 BOND   =       242.7852  ANGLE   =       347.6452  DIHED      =       494.0229
 1-4 NB =       159.1973  1-4 EEL =      -359.3454  VDWAALS    =      -326.4647
 EELEC  =      1238.1143  EGB     =     -4451.3615  RESTRAINT  =         0.0000
 ------------------------------------------------------------------------------


 NSTEP =    28800   TIME(PS) =      28.800  TEMP(K) =   300.70  PRESS =     0.0
 Etot   =     -2092.3586  EKtot   =       571.8522  EPtot      =     -2664.2108
 BOND   =       224.6217  ANGLE   =       348.5278  DIHED      =       502.6822
 1-4 NB =       150.3035  1-4 EEL =      -371.0617  VDWAALS    =      -325.2601
 EELEC  =      1268.2191  EGB     =     -4462.2432  RESTRAINT  =         0.0000
 ------------------------------------------------------------------------------


 NSTEP =    28900   TIME(PS) =      28.900  TEMP(K) =   306.67  PRESS =     0.0
 Etot   =     -2101.0617  EKtot   =       583.2155  EPtot      =     -2684.2771
 BOND   =       211.7866  ANGLE   =       332.8146  DIHED      =       491.2619
 1-4 NB =       160.1279  1-4 EEL =      -344.4275  VDWAALS    =      -326.9583
 EELEC  =      1240.1609  EGB     =     -4449.0432  RESTRAINT  =         0.0000
 ------------------------------------------------------------------------------

| RE_POSITION Moving by   0.294694  0.636789 -0.331567

 NSTEP =    29000   TIME(PS) =      29.000  TEMP(K) =   300.81  PRESS =     0.0
 Etot   =     -2108.9774  EKtot   =       572.0718  EPtot      =     -2681.0493
 BOND   =       219.6798  ANGLE   =       320.9622  DIHED      =       505.7527
 1-4 NB =       154.2574  1-4 EEL =      -337.1780  VDWAALS    =      -324.1359
 EELEC  =      1240.5343  EGB     =     -4460.9218  RESTRAINT  =         0.0000
 ------------------------------------------------------------------------------


 NSTEP =    29100   TIME(PS) =      29.100  TEMP(K) =   287.58  PRESS =     0.0
 Etot   =     -2105.6494  EKtot   =       546.9064  EPtot      =     -2652.5558
 BOND   =       209.2948  ANGLE   =       337.7093  DIHED      =       512.0430
 1-4 NB =       165.9324  1-4 EEL =      -334.7513  VDWAALS    =      -325.5789
 EELEC  =      1253.1416  EGB     =     -4470.3467  RESTRAINT  =         0.0000
 ------------------------------------------------------------------------------


 NSTEP =    29200   TIME(PS) =      29.200  TEMP(K) =   293.88  PRESS =     0.0
 Etot   =     -2095.1857  EKtot   =       558.8861  EPtot      =     -2654.0718
 BOND   =       233.6799  ANGLE   =       322.9864  DIHED      =       503.4789
 1-4 NB =       153.2677  1-4 EEL =      -325.8629  VDWAALS    =      -318.7898
 EELEC  =      1240.7351  EGB     =     -4463.5670  RESTRAINT  =         0.0000
 ------------------------------------------------------------------------------


 NSTEP =    29300   TIME(PS) =      29.300  TEMP(K) =   294.13  PRESS =     0.0
 Etot   =     -2104.6383  EKtot   =       559.3688  EPtot      =     -2664.0071
 BOND   =       240.9018  ANGLE   =       347.0908  DIHED      =       491.8712
 1-4 NB =       159.1031  1-4 EEL =      -374.0399  VDWAALS    =      -324.2352
 EELEC  =      1255.0064  EGB     =     -4459.7053  RESTRAINT  =         0.0000
 ------------------------------------------------------------------------------


 NSTEP =    29400   TIME(PS) =      29.400  TEMP(K) =   307.64  PRESS =     0.0
 Etot   =     -2093.4211  EKtot   =       585.0591  EPtot      =     -2678.4802
 BOND   =       217.6425  ANGLE   =       331.4318  DIHED      =       503.7862
 1-4 NB =       157.3412  1-4 EEL =      -348.3844  VDWAALS    =      -326.7035
 EELEC  =      1233.6200  EGB     =     -4447.2140  RESTRAINT  =         0.0000
 ------------------------------------------------------------------------------


 NSTEP =    29500   TIME(PS) =      29.500  TEMP(K) =   305.31  PRESS =     0.0
 Etot   =     -2078.3971  EKtot   =       580.6248  EPtot      =     -2659.0220
 BOND   =       221.1684  ANGLE   =       355.4063  DIHED      =       483.4838
 1-4 NB =       159.0425  1-4 EEL =      -333.6860  VDWAALS    =      -322.0240
 EELEC  =      1235.3818  EGB     =     -4457.7948  RESTRAINT  =         0.0000
 ------------------------------------------------------------------------------


 NSTEP =    29600   TIME(PS) =      29.600  TEMP(K) =   301.86  PRESS =     0.0
 Etot   =     -2093.1503  EKtot   =       574.0535  EPtot      =     -2667.2038
 BOND   =       229.6875  ANGLE   =       348.1984  DIHED      =       489.9229
 1-4 NB =       156.2930  1-4 EEL =      -351.3452  VDWAALS    =      -333.7533
 EELEC  =      1250.3477  EGB     =     -4456.5549  RESTRAINT  =         0.0000
 ------------------------------------------------------------------------------


 NSTEP =    29700   TIME(PS) =      29.700  TEMP(K) =   303.52  PRESS =     0.0
 Etot   =     -2078.9996  EKtot   =       577.2216  EPtot      =     -2656.2212
 BOND   =       236.6203  ANGLE   =       335.6874  DIHED      =       504.3816
 1-4 NB =       152.4408  1-4 EEL =      -358.8433  VDWAALS    =      -327.7795
 EELEC  =      1269.4308  EGB     =     -4468.1593  RESTRAINT  =         0.0000
 ------------------------------------------------------------------------------


 NSTEP =    29800   TIME(PS) =      29.800  TEMP(K) =   312.94  PRESS =     0.0
 Etot   =     -2071.8552  EKtot   =       595.1402  EPtot      =     -2666.9954
 BOND   =       228.2854  ANGLE   =       332.4057  DIHED      =       499.0262
 1-4 NB =       155.6629  1-4 EEL =      -335.9963  VDWAALS    =      -325.7179
 EELEC  =      1263.4206  EGB     =     -4484.0820  RESTRAINT  =         0.0000
 ------------------------------------------------------------------------------


 NSTEP =    29900   TIME(PS) =      29.900  TEMP(K) =   301.52  PRESS =     0.0
 Etot   =     -2096.7045  EKtot   =       573.4188  EPtot      =     -2670.1233
 BOND   =       215.2014  ANGLE   =       340.0727  DIHED      =       503.8590
 1-4 NB =       164.1203  1-4 EEL =      -353.8449  VDWAALS    =      -326.2046
 EELEC  =      1265.5817  EGB     =     -4478.9089  RESTRAINT  =         0.0000
 ------------------------------------------------------------------------------

| RE_POSITION Moving by   0.305165 -0.557776  0.133640

 NSTEP =    30000   TIME(PS) =      30.000  TEMP(K) =   287.20  PRESS =     0.0
 Etot   =     -2105.6198  EKtot   =       546.1772  EPtot      =     -2651.7970
 BOND   =       229.0641  ANGLE   =       344.2993  DIHED      =       502.5066
 1-4 NB =       155.8919  1-4 EEL =      -339.6382  VDWAALS    =      -321.5583
 EELEC  =      1260.1267  EGB     =     -4482.4892  RESTRAINT  =         0.0000
 ------------------------------------------------------------------------------


 NSTEP =    30100   TIME(PS) =      30.100  TEMP(K) =   301.09  PRESS =     0.0
 Etot   =     -2105.1473  EKtot   =       572.5893  EPtot      =     -2677.7366
 BOND   =       231.9583  ANGLE   =       327.9327  DIHED      =       506.0591
 1-4 NB =       154.3553  1-4 EEL =      -338.0959  VDWAALS    =      -326.0195
 EELEC  =      1253.2471  EGB     =     -4487.1737  RESTRAINT  =         0.0000
 ------------------------------------------------------------------------------


 NSTEP =    30200   TIME(PS) =      30.200  TEMP(K) =   296.53  PRESS =     0.0
 Etot   =     -2115.6605  EKtot   =       563.9209  EPtot      =     -2679.5814
 BOND   =       206.2311  ANGLE   =       342.0719  DIHED      =       502.5205
 1-4 NB =       164.0257  1-4 EEL =      -352.7641  VDWAALS    =      -329.9587
 EELEC  =      1256.1238  EGB     =     -4467.8316  RESTRAINT  =         0.0000
 ------------------------------------------------------------------------------


 NSTEP =    30300   TIME(PS) =      30.300  TEMP(K) =   298.92  PRESS =     0.0
 Etot   =     -2102.1457  EKtot   =       568.4627  EPtot      =     -2670.6084
 BOND   =       202.9369  ANGLE   =       349.4358  DIHED      =       502.3483
 1-4 NB =       162.0816  1-4 EEL =      -343.2063  VDWAALS    =      -328.2146
 EELEC  =      1264.5140  EGB     =     -4480.5041  RESTRAINT  =         0.0000
 ------------------------------------------------------------------------------


 NSTEP =    30400   TIME(PS) =      30.400  TEMP(K) =   296.54  PRESS =     0.0
 Etot   =     -2103.1251  EKtot   =       563.9386  EPtot      =     -2667.0637
 BOND   =       217.7679  ANGLE   =       348.3954  DIHED      =       496.0593
 1-4 NB =       154.3146  1-4 EEL =      -349.4412  VDWAALS    =      -324.2457
 EELEC  =      1277.2119  EGB     =     -4487.1257  RESTRAINT  =         0.0000
 ------------------------------------------------------------------------------


 NSTEP =    30500   TIME(PS) =      30.500  TEMP(K) =   297.75  PRESS =     0.0
 Etot   =     -2106.7119  EKtot   =       566.2434  EPtot      =     -2672.9553
 BOND   =       218.7766  ANGLE   =       331.8172  DIHED      =       503.2599
 1-4 NB =       160.4006  1-4 EEL =      -349.2627  VDWAALS    =      -321.4923
 EELEC  =      1263.5422  EGB     =     -4479.9968  RESTRAINT  =         0.0000
 ------------------------------------------------------------------------------


 NSTEP =    30600   TIME(PS) =      30.600  TEMP(K) =   301.31  PRESS =     0.0
 Etot   =     -2096.0747  EKtot   =       573.0058  EPtot      =     -2669.0806
 BOND   =       221.2977  ANGLE   =       343.2114  DIHED      =       498.7622
 1-4 NB =       158.0838  1-4 EEL =      -352.4213  VDWAALS    =      -333.2860
 EELEC  =      1278.1255  EGB     =     -4482.8540  RESTRAINT  =         0.0000
 ------------------------------------------------------------------------------


 NSTEP =    30700   TIME(PS) =      30.700  TEMP(K) =   297.20  PRESS =     0.0
 Etot   =     -2090.8074  EKtot   =       565.1954  EPtot      =     -2656.0028
 BOND   =       220.1287  ANGLE   =       345.9740  DIHED      =       516.0409
 1-4 NB =       151.3224  1-4 EEL =      -342.7201  VDWAALS    =      -332.7675
 EELEC  =      1276.8940  EGB     =     -4490.8751  RESTRAINT  =         0.0000
 ------------------------------------------------------------------------------


 NSTEP =    30800   TIME(PS) =      30.800  TEMP(K) =   296.74  PRESS =     0.0
 Etot   =     -2090.3063  EKtot   =       564.3274  EPtot      =     -2654.6337
 BOND   =       205.5611  ANGLE   =       357.0444  DIHED      =       500.6166
 1-4 NB =       159.6160  1-4 EEL =      -336.4607  VDWAALS    =      -328.9345
 EELEC  =      1274.0779  EGB     =     -4486.1545  RESTRAINT  =         0.0000
 ------------------------------------------------------------------------------


 NSTEP =    30900   TIME(PS) =      30.900  TEMP(K) =   304.15  PRESS =     0.0
 Etot   =     -2082.8566  EKtot   =       578.4089  EPtot      =     -2661.2655
 BOND   =       220.1049  ANGLE   =       330.8949  DIHED      =       516.1350
 1-4 NB =       159.6266  1-4 EEL =      -357.6353  VDWAALS    =      -327.9355
 EELEC  =      1287.7071  EGB     =     -4490.1631  RESTRAINT  =         0.0000
 ------------------------------------------------------------------------------

| RE_POSITION Moving by  -0.012113  0.631485 -1.068342

 NSTEP =    31000   TIME(PS) =      31.000  TEMP(K) =   299.52  PRESS =     0.0
 Etot   =     -2091.9691  EKtot   =       569.6170  EPtot      =     -2661.5861
 BOND   =       238.6728  ANGLE   =       328.1839  DIHED      =       499.0164
 1-4 NB =       157.3922  1-4 EEL =      -337.4331  VDWAALS    =      -320.8111
 EELEC  =      1276.2066  EGB     =     -4502.8138  RESTRAINT  =         0.0000
 ------------------------------------------------------------------------------


 NSTEP =    31100   TIME(PS) =      31.100  TEMP(K) =   295.75  PRESS =     0.0
 Etot   =     -2106.7137  EKtot   =       562.4309  EPtot      =     -2669.1445
 BOND   =       215.8975  ANGLE   =       350.4092  DIHED      =       503.0344
 1-4 NB =       159.9044  1-4 EEL =      -360.1033  VDWAALS    =      -333.2548
 EELEC  =      1260.1077  EGB     =     -4465.1397  RESTRAINT  =         0.0000
 ------------------------------------------------------------------------------


 NSTEP =    31200   TIME(PS) =      31.200  TEMP(K) =   287.20  PRESS =     0.0
 Etot   =     -2113.9982  EKtot   =       546.1844  EPtot      =     -2660.1826
 BOND   =       226.5929  ANGLE   =       316.7690  DIHED      =       521.7414
 1-4 NB =       157.8061  1-4 EEL =      -328.9920  VDWAALS    =      -328.0590
 EELEC  =      1261.6109  EGB     =     -4487.6521  RESTRAINT  =         0.0000
 ------------------------------------------------------------------------------


 NSTEP =    31300   TIME(PS) =      31.300  TEMP(K) =   288.65  PRESS =     0.0
 Etot   =     -2106.7719  EKtot   =       548.9306  EPtot      =     -2655.7026
 BOND   =       222.0448  ANGLE   =       344.7319  DIHED      =       513.1132
 1-4 NB =       158.4250  1-4 EEL =      -340.4478  VDWAALS    =      -328.4997
 EELEC  =      1271.1782  EGB     =     -4496.2482  RESTRAINT  =         0.0000
 ------------------------------------------------------------------------------


 NSTEP =    31400   TIME(PS) =      31.400  TEMP(K) =   284.02  PRESS =     0.0
 Etot   =     -2129.7983  EKtot   =       540.1242  EPtot      =     -2669.9225
 BOND   =       234.3468  ANGLE   =       314.7105  DIHED      =       514.4119
 1-4 NB =       155.9529  1-4 EEL =      -335.1137  VDWAALS    =      -325.2060
 EELEC  =      1274.8608  EGB     =     -4503.8858  RESTRAINT  =         0.0000
 ------------------------------------------------------------------------------


 NSTEP =    31500   TIME(PS) =      31.500  TEMP(K) =   288.05  PRESS =     0.0
 Etot   =     -2136.4936  EKtot   =       547.8019  EPtot      =     -2684.2955
 BOND   =       211.3314  ANGLE   =       334.9288  DIHED      =       505.1347
 1-4 NB =       158.3742  1-4 EEL =      -347.0316  VDWAALS    =      -323.5519
 EELEC  =      1282.7294  EGB     =     -4506.2104  RESTRAINT  =         0.0000
 ------------------------------------------------------------------------------


 NSTEP =    31600   TIME(PS) =      31.600  TEMP(K) =   299.11  PRESS =     0.0
 Etot   =     -2125.8770  EKtot   =       568.8293  EPtot      =     -2694.7063
 BOND   =       223.9423  ANGLE   =       333.7275  DIHED      =       482.1564
 1-4 NB =       158.1543  1-4 EEL =      -345.5259  VDWAALS    =      -329.7260
 EELEC  =      1289.5483  EGB     =     -4506.9833  RESTRAINT  =         0.0000
 ------------------------------------------------------------------------------


 NSTEP =    31700   TIME(PS) =      31.700  TEMP(K) =   301.79  PRESS =     0.0
 Etot   =     -2122.9680  EKtot   =       573.9197  EPtot      =     -2696.8877
 BOND   =       207.4327  ANGLE   =       336.0370  DIHED      =       500.6546
 1-4 NB =       157.4779  1-4 EEL =      -371.7551  VDWAALS    =      -332.1398
 EELEC  =      1311.3290  EGB     =     -4505.9240  RESTRAINT  =         0.0000
 ------------------------------------------------------------------------------


 NSTEP =    31800   TIME(PS) =      31.800  TEMP(K) =   291.32  PRESS =     0.0
 Etot   =     -2110.0477  EKtot   =       554.0216  EPtot      =     -2664.0693
 BOND   =       234.5287  ANGLE   =       340.9526  DIHED      =       502.2075
 1-4 NB =       153.2138  1-4 EEL =      -367.5764  VDWAALS    =      -330.1697
 EELEC  =      1316.3220  EGB     =     -4513.5478  RESTRAINT  =         0.0000
 ------------------------------------------------------------------------------


 NSTEP =    31900   TIME(PS) =      31.900  TEMP(K) =   298.61  PRESS =     0.0
 Etot   =     -2101.5678  EKtot   =       567.8707  EPtot      =     -2669.4384
 BOND   =       225.1703  ANGLE   =       329.2611  DIHED      =       512.1062
 1-4 NB =       158.6130  1-4 EEL =      -352.8336  VDWAALS    =      -332.7936
 EELEC  =      1301.6639  EGB     =     -4510.6258  RESTRAINT  =         0.0000
 ------------------------------------------------------------------------------

| RE_POSITION Moving by   0.119910 -0.231605  0.583793

 NSTEP =    32000   TIME(PS) =      32.000  TEMP(K) =   306.67  PRESS =     0.0
 Etot   =     -2108.1559  EKtot   =       583.2099  EPtot      =     -2691.3659
 BOND   =       201.9037  ANGLE   =       341.8478  DIHED      =       512.8759
 1-4 NB =       159.6184  1-4 EEL =      -366.5730  VDWAALS    =      -340.6042
 EELEC  =      1324.1838  EGB     =     -4524.6184  RESTRAINT  =         0.0000
 ------------------------------------------------------------------------------


 NSTEP =    32100   TIME(PS) =      32.100  TEMP(K) =   293.00  PRESS =     0.0
 Etot   =     -2085.0354  EKtot   =       557.2138  EPtot      =     -2642.2492
 BOND   =       228.7145  ANGLE   =       353.8810  DIHED      =       499.5869
 1-4 NB =       159.3283  1-4 EEL =      -349.4825  VDWAALS    =      -330.7089
 EELEC  =      1305.7297  EGB     =     -4509.2982  RESTRAINT  =         0.0000
 ------------------------------------------------------------------------------


 NSTEP =    32200   TIME(PS) =      32.200  TEMP(K) =   288.60  PRESS =     0.0
 Etot   =     -2108.7839  EKtot   =       548.8470  EPtot      =     -2657.6308
 BOND   =       252.3213  ANGLE   =       331.5534  DIHED      =       493.8779
 1-4 NB =       152.6500  1-4 EEL =      -347.1898  VDWAALS    =      -324.4739
 EELEC  =      1297.9467  EGB     =     -4514.3164  RESTRAINT  =         0.0000
 ------------------------------------------------------------------------------


 NSTEP =    32300   TIME(PS) =      32.300  TEMP(K) =   278.67  PRESS =     0.0
 Etot   =     -2110.7753  EKtot   =       529.9635  EPtot      =     -2640.7388
 BOND   =       248.5122  ANGLE   =       345.3752  DIHED      =       498.9310
 1-4 NB =       156.7737  1-4 EEL =      -351.6861  VDWAALS    =      -330.0032
 EELEC  =      1296.2881  EGB     =     -4504.9297  RESTRAINT  =         0.0000
 ------------------------------------------------------------------------------


 NSTEP =    32400   TIME(PS) =      32.400  TEMP(K) =   304.78  PRESS =     0.0
 Etot   =     -2106.3127  EKtot   =       579.6134  EPtot      =     -2685.9261
 BOND   =       220.7152  ANGLE   =       320.9229  DIHED      =       500.4644
 1-4 NB =       156.8642  1-4 EEL =      -363.6834  VDWAALS    =      -330.4929
 EELEC  =      1289.9699  EGB     =     -4480.6865  RESTRAINT  =         0.0000
 ------------------------------------------------------------------------------


 NSTEP =    32500   TIME(PS) =      32.500  TEMP(K) =   287.23  PRESS =     0.0
 Etot   =     -2101.8633  EKtot   =       546.2304  EPtot      =     -2648.0937
 BOND   =       253.9892  ANGLE   =       335.1212  DIHED      =       504.3987
 1-4 NB =       157.3629  1-4 EEL =      -339.7044  VDWAALS    =      -330.3138
 EELEC  =      1255.1194  EGB     =     -4484.0671  RESTRAINT  =         0.0000
 ------------------------------------------------------------------------------


 NSTEP =    32600   TIME(PS) =      32.600  TEMP(K) =   300.00  PRESS =     0.0
 Etot   =     -2094.6543  EKtot   =       570.5223  EPtot      =     -2665.1766
 BOND   =       244.3572  ANGLE   =       348.2824  DIHED      =       490.9460
 1-4 NB =       153.1698  1-4 EEL =      -351.4107  VDWAALS    =      -328.4769
 EELEC  =      1255.7173  EGB     =     -4477.7619  RESTRAINT  =         0.0000
 ------------------------------------------------------------------------------


 NSTEP =    32700   TIME(PS) =      32.700  TEMP(K) =   300.10  PRESS =     0.0
 Etot   =     -2084.3773  EKtot   =       570.7189  EPtot      =     -2655.0962
 BOND   =       217.5024  ANGLE   =       350.1749  DIHED      =       507.0215
 1-4 NB =       161.5591  1-4 EEL =      -353.0325  VDWAALS    =      -334.3219
 EELEC  =      1287.0034  EGB     =     -4491.0031  RESTRAINT  =         0.0000
 ------------------------------------------------------------------------------


 NSTEP =    32800   TIME(PS) =      32.800  TEMP(K) =   305.20  PRESS =     0.0
 Etot   =     -2068.6889  EKtot   =       580.4193  EPtot      =     -2649.1083
 BOND   =       246.5696  ANGLE   =       331.8184  DIHED      =       504.5538
 1-4 NB =       156.9916  1-4 EEL =      -357.6135  VDWAALS    =      -334.0747
 EELEC  =      1293.3742  EGB     =     -4490.7276  RESTRAINT  =         0.0000
 ------------------------------------------------------------------------------


 NSTEP =    32900   TIME(PS) =      32.900  TEMP(K) =   295.00  PRESS =     0.0
 Etot   =     -2070.2102  EKtot   =       561.0121  EPtot      =     -2631.2222
 BOND   =       246.5623  ANGLE   =       355.5298  DIHED      =       493.9082
 1-4 NB =       154.3081  1-4 EEL =      -349.1000  VDWAALS    =      -324.4747
 EELEC  =      1289.1510  EGB     =     -4497.1070  RESTRAINT  =         0.0000
 ------------------------------------------------------------------------------

| RE_POSITION Moving by  -0.701041 -0.477876 -0.778281

 NSTEP =    33000   TIME(PS) =      33.000  TEMP(K) =   306.75  PRESS =     0.0
 Etot   =     -2057.5459  EKtot   =       583.3629  EPtot      =     -2640.9087
 BOND   =       225.5721  ANGLE   =       356.1576  DIHED      =       497.0711
 1-4 NB =       160.7199  1-4 EEL =      -358.9366  VDWAALS    =      -320.6139
 EELEC  =      1296.2207  EGB     =     -4497.0996  RESTRAINT  =         0.0000
 ------------------------------------------------------------------------------


 NSTEP =    33100   TIME(PS) =      33.100  TEMP(K) =   301.56  PRESS =     0.0
 Etot   =     -2057.6467  EKtot   =       573.4920  EPtot      =     -2631.1387
 BOND   =       244.6362  ANGLE   =       358.4413  DIHED      =       492.3555
 1-4 NB =       155.9789  1-4 EEL =      -345.4622  VDWAALS    =      -322.8277
 EELEC  =      1304.4173  EGB     =     -4518.6779  RESTRAINT  =         0.0000
 ------------------------------------------------------------------------------


 NSTEP =    33200   TIME(PS) =      33.200  TEMP(K) =   313.23  PRESS =     0.0
 Etot   =     -2065.2046  EKtot   =       595.6740  EPtot      =     -2660.8786
 BOND   =       236.5728  ANGLE   =       330.8767  DIHED      =       502.8532
 1-4 NB =       159.5209  1-4 EEL =      -344.1624  VDWAALS    =      -334.2455
 EELEC  =      1278.3742  EGB     =     -4490.6684  RESTRAINT  =         0.0000
 ------------------------------------------------------------------------------


 NSTEP =    33300   TIME(PS) =      33.300  TEMP(K) =   302.75  PRESS =     0.0
 Etot   =     -2077.8087  EKtot   =       575.7527  EPtot      =     -2653.5614
 BOND   =       240.8249  ANGLE   =       345.8992  DIHED      =       492.7678
 1-4 NB =       160.4826  1-4 EEL =      -344.3172  VDWAALS    =      -332.4733
 EELEC  =      1264.9194  EGB     =     -4481.6647  RESTRAINT  =         0.0000
 ------------------------------------------------------------------------------


 NSTEP =    33400   TIME(PS) =      33.400  TEMP(K) =   290.93  PRESS =     0.0
 Etot   =     -2082.9109  EKtot   =       553.2818  EPtot      =     -2636.1928
 BOND   =       239.2642  ANGLE   =       355.0570  DIHED      =       502.8453
 1-4 NB =       156.6324  1-4 EEL =      -337.8944  VDWAALS    =      -330.2001
 EELEC  =      1293.1181  EGB     =     -4515.0151  RESTRAINT  =         0.0000
 ------------------------------------------------------------------------------


 NSTEP =    33500   TIME(PS) =      33.500  TEMP(K) =   300.28  PRESS =     0.0
 Etot   =     -2100.9878  EKtot   =       571.0623  EPtot      =     -2672.0501
 BOND   =       215.3453  ANGLE   =       353.2612  DIHED      =       489.5237
 1-4 NB =       157.9789  1-4 EEL =      -335.3445  VDWAALS    =      -330.8322
 EELEC  =      1276.8978  EGB     =     -4498.8803  RESTRAINT  =         0.0000
 ------------------------------------------------------------------------------


 NSTEP =    33600   TIME(PS) =      33.600  TEMP(K) =   301.47  PRESS =     0.0
 Etot   =     -2092.8479  EKtot   =       573.3201  EPtot      =     -2666.1680
 BOND   =       236.2881  ANGLE   =       358.3623  DIHED      =       490.6704
 1-4 NB =       154.4731  1-4 EEL =      -374.7908  VDWAALS    =      -337.2506
 EELEC  =      1325.8456  EGB     =     -4519.7661  RESTRAINT  =         0.0000
 ------------------------------------------------------------------------------


 NSTEP =    33700   TIME(PS) =      33.700  TEMP(K) =   284.39  PRESS =     0.0
 Etot   =     -2098.3714  EKtot   =       540.8405  EPtot      =     -2639.2119
 BOND   =       233.8003  ANGLE   =       334.0630  DIHED      =       516.5305
 1-4 NB =       157.4510  1-4 EEL =      -347.1738  VDWAALS    =      -331.2035
 EELEC  =      1318.5624  EGB     =     -4521.2417  RESTRAINT  =         0.0000
 ------------------------------------------------------------------------------


 NSTEP =    33800   TIME(PS) =      33.800  TEMP(K) =   318.81  PRESS =     0.0
 Etot   =     -2075.5798  EKtot   =       606.2915  EPtot      =     -2681.8714
 BOND   =       219.0945  ANGLE   =       352.0954  DIHED      =       492.6387
 1-4 NB =       154.2970  1-4 EEL =      -358.9840  VDWAALS    =      -328.8872
 EELEC  =      1320.6963  EGB     =     -4532.8222  RESTRAINT  =         0.0000
 ------------------------------------------------------------------------------


 NSTEP =    33900   TIME(PS) =      33.900  TEMP(K) =   306.68  PRESS =     0.0
 Etot   =     -2081.5304  EKtot   =       583.2332  EPtot      =     -2664.7636
 BOND   =       226.5319  ANGLE   =       342.4980  DIHED      =       496.7289
 1-4 NB =       156.5284  1-4 EEL =      -338.4492  VDWAALS    =      -334.9223
 EELEC  =      1322.2370  EGB     =     -4535.9164  RESTRAINT  =         0.0000
 ------------------------------------------------------------------------------

| RE_POSITION Moving by   0.022754  0.297495  0.337597

 NSTEP =    34000   TIME(PS) =      34.000  TEMP(K) =   315.22  PRESS =     0.0
 Etot   =     -2058.3094  EKtot   =       599.4699  EPtot      =     -2657.7793
 BOND   =       238.2688  ANGLE   =       352.4029  DIHED      =       494.2525
 1-4 NB =       156.8318  1-4 EEL =      -363.6405  VDWAALS    =      -337.1699
 EELEC  =      1347.4700  EGB     =     -4546.1948  RESTRAINT  =         0.0000
 ------------------------------------------------------------------------------


 NSTEP =    34100   TIME(PS) =      34.100  TEMP(K) =   315.74  PRESS =     0.0
 Etot   =     -2049.4507  EKtot   =       600.4633  EPtot      =     -2649.9140
 BOND   =       220.9626  ANGLE   =       347.5898  DIHED      =       504.7345
 1-4 NB =       162.6498  1-4 EEL =      -340.9484  VDWAALS    =      -339.1961
 EELEC  =      1354.6352  EGB     =     -4560.3414  RESTRAINT  =         0.0000
 ------------------------------------------------------------------------------


 NSTEP =    34200   TIME(PS) =      34.200  TEMP(K) =   307.41  PRESS =     0.0
 Etot   =     -2048.0887  EKtot   =       584.6158  EPtot      =     -2632.7045
 BOND   =       233.4727  ANGLE   =       353.6244  DIHED      =       505.2603
 1-4 NB =       156.9368  1-4 EEL =      -339.7568  VDWAALS    =      -335.9655
 EELEC  =      1353.8736  EGB     =     -4560.1501  RESTRAINT  =         0.0000
 ------------------------------------------------------------------------------


 NSTEP =    34300   TIME(PS) =      34.300  TEMP(K) =   320.06  PRESS =     0.0
 Etot   =     -2045.4832  EKtot   =       608.6684  EPtot      =     -2654.1516
 BOND   =       233.2507  ANGLE   =       340.9508  DIHED      =       501.3309
 1-4 NB =       161.9706  1-4 EEL =      -347.5650  VDWAALS    =      -345.5919
 EELEC  =      1347.3111  EGB     =     -4545.8087  RESTRAINT  =         0.0000
 ------------------------------------------------------------------------------


 NSTEP =    34400   TIME(PS) =      34.400  TEMP(K) =   306.64  PRESS =     0.0
 Etot   =     -2067.0795  EKtot   =       583.1474  EPtot      =     -2650.2269
 BOND   =       224.7721  ANGLE   =       342.8941  DIHED      =       506.2868
 1-4 NB =       154.8363  1-4 EEL =      -332.9775  VDWAALS    =      -326.5428
 EELEC  =      1327.8527  EGB     =     -4547.3487  RESTRAINT  =         0.0000
 ------------------------------------------------------------------------------


 NSTEP =    34500   TIME(PS) =      34.500  TEMP(K) =   316.77  PRESS =     0.0
 Etot   =     -2054.0663  EKtot   =       602.4199  EPtot      =     -2656.4862
 BOND   =       236.3837  ANGLE   =       331.2891  DIHED      =       506.5171
 1-4 NB =       159.9991  1-4 EEL =      -347.9344  VDWAALS    =      -334.2777
 EELEC  =      1339.9457  EGB     =     -4548.4086  RESTRAINT  =         0.0000
 ------------------------------------------------------------------------------


 NSTEP =    34600   TIME(PS) =      34.600  TEMP(K) =   291.48  PRESS =     0.0
 Etot   =     -2048.3687  EKtot   =       554.3174  EPtot      =     -2602.6861
 BOND   =       230.3639  ANGLE   =       377.8182  DIHED      =       508.5589
 1-4 NB =       161.4692  1-4 EEL =      -332.0344  VDWAALS    =      -329.6477
 EELEC  =      1317.3934  EGB     =     -4536.6075  RESTRAINT  =         0.0000
 ------------------------------------------------------------------------------


 NSTEP =    34700   TIME(PS) =      34.700  TEMP(K) =   303.92  PRESS =     0.0
 Etot   =     -2064.1145  EKtot   =       577.9706  EPtot      =     -2642.0850
 BOND   =       235.2234  ANGLE   =       336.9574  DIHED      =       513.7230
 1-4 NB =       161.2328  1-4 EEL =      -323.3226  VDWAALS    =      -330.4465
 EELEC  =      1297.7335  EGB     =     -4533.1859  RESTRAINT  =         0.0000
 ------------------------------------------------------------------------------


 NSTEP =    34800   TIME(PS) =      34.800  TEMP(K) =   310.61  PRESS =     0.0
 Etot   =     -2057.3051  EKtot   =       590.7093  EPtot      =     -2648.0144
 BOND   =       244.7980  ANGLE   =       339.7201  DIHED      =       496.4206
 1-4 NB =       160.4358  1-4 EEL =      -316.5679  VDWAALS    =      -339.9071
 EELEC  =      1303.6435  EGB     =     -4536.5574  RESTRAINT  =         0.0000
 ------------------------------------------------------------------------------


 NSTEP =    34900   TIME(PS) =      34.900  TEMP(K) =   303.35  PRESS =     0.0
 Etot   =     -2059.2060  EKtot   =       576.8872  EPtot      =     -2636.0933
 BOND   =       241.8655  ANGLE   =       343.2552  DIHED      =       504.5937
 1-4 NB =       161.2121  1-4 EEL =      -332.8374  VDWAALS    =      -338.2725
 EELEC  =      1304.6055  EGB     =     -4520.5154  RESTRAINT  =         0.0000
 ------------------------------------------------------------------------------

| RE_POSITION Moving by   0.101237 -0.491583  0.010537

 NSTEP =    35000   TIME(PS) =      35.000  TEMP(K) =   307.25  PRESS =     0.0
 Etot   =     -2058.8437  EKtot   =       584.3112  EPtot      =     -2643.1549
 BOND   =       242.9705  ANGLE   =       335.6238  DIHED      =       510.0620
 1-4 NB =       155.3455  1-4 EEL =      -340.7556  VDWAALS    =      -340.1207
 EELEC  =      1317.5265  EGB     =     -4523.8068  RESTRAINT  =         0.0000
 ------------------------------------------------------------------------------


 NSTEP =    35100   TIME(PS) =      35.100  TEMP(K) =   302.45  PRESS =     0.0
 Etot   =     -2084.2913  EKtot   =       575.1899  EPtot      =     -2659.4812
 BOND   =       222.7675  ANGLE   =       346.1080  DIHED      =       487.9390
 1-4 NB =       168.4374  1-4 EEL =      -319.0467  VDWAALS    =      -342.7988
 EELEC  =      1304.0109  EGB     =     -4526.8986  RESTRAINT  =         0.0000
 ------------------------------------------------------------------------------


 NSTEP =    35200   TIME(PS) =      35.200  TEMP(K) =   302.60  PRESS =     0.0
 Etot   =     -2082.4536  EKtot   =       575.4628  EPtot      =     -2657.9164
 BOND   =       254.2517  ANGLE   =       340.4119  DIHED      =       494.5924
 1-4 NB =       155.1660  1-4 EEL =      -360.6565  VDWAALS    =      -339.8040
 EELEC  =      1322.1334  EGB     =     -4524.0113  RESTRAINT  =         0.0000
 ------------------------------------------------------------------------------


 NSTEP =    35300   TIME(PS) =      35.300  TEMP(K) =   294.35  PRESS =     0.0
 Etot   =     -2097.5411  EKtot   =       559.7874  EPtot      =     -2657.3285
 BOND   =       241.5225  ANGLE   =       337.9557  DIHED      =       496.2644
 1-4 NB =       160.2179  1-4 EEL =      -345.1828  VDWAALS    =      -343.3150
 EELEC  =      1306.2965  EGB     =     -4511.0877  RESTRAINT  =         0.0000
 ------------------------------------------------------------------------------


 NSTEP =    35400   TIME(PS) =      35.400  TEMP(K) =   302.30  PRESS =     0.0
 Etot   =     -2102.2654  EKtot   =       574.8893  EPtot      =     -2677.1547
 BOND   =       236.2112  ANGLE   =       326.8608  DIHED      =       485.9187
 1-4 NB =       153.9229  1-4 EEL =      -341.6134  VDWAALS    =      -330.9127
 EELEC  =      1304.0440  EGB     =     -4511.5861  RESTRAINT  =         0.0000
 ------------------------------------------------------------------------------


 NSTEP =    35500   TIME(PS) =      35.500  TEMP(K) =   303.48  PRESS =     0.0
 Etot   =     -2095.1233  EKtot   =       577.1349  EPtot      =     -2672.2582
 BOND   =       238.0736  ANGLE   =       337.2486  DIHED      =       486.6796
 1-4 NB =       168.1022  1-4 EEL =      -358.1539  VDWAALS    =      -339.5300
 EELEC  =      1307.8881  EGB     =     -4512.5663  RESTRAINT  =         0.0000
 ------------------------------------------------------------------------------


 NSTEP =    35600   TIME(PS) =      35.600  TEMP(K) =   302.73  PRESS =     0.0
 Etot   =     -2087.4661  EKtot   =       575.7155  EPtot      =     -2663.1816
 BOND   =       226.6442  ANGLE   =       358.5186  DIHED      =       479.3164
 1-4 NB =       158.4970  1-4 EEL =      -342.3210  VDWAALS    =      -334.2197
 EELEC  =      1283.8716  EGB     =     -4493.4887  RESTRAINT  =         0.0000
 ------------------------------------------------------------------------------


 NSTEP =    35700   TIME(PS) =      35.700  TEMP(K) =   301.09  PRESS =     0.0
 Etot   =     -2076.5586  EKtot   =       572.5918  EPtot      =     -2649.1504
 BOND   =       241.3573  ANGLE   =       360.2953  DIHED      =       484.5744
 1-4 NB =       156.3769  1-4 EEL =      -356.4312  VDWAALS    =      -334.8930
 EELEC  =      1309.9893  EGB     =     -4510.4193  RESTRAINT  =         0.0000
 ------------------------------------------------------------------------------


 NSTEP =    35800   TIME(PS) =      35.800  TEMP(K) =   299.70  PRESS =     0.0
 Etot   =     -2083.4839  EKtot   =       569.9492  EPtot      =     -2653.4330
 BOND   =       236.6458  ANGLE   =       339.5829  DIHED      =       491.2902
 1-4 NB =       156.0526  1-4 EEL =      -328.9369  VDWAALS    =      -335.2811
 EELEC  =      1276.0120  EGB     =     -4488.7986  RESTRAINT  =         0.0000
 ------------------------------------------------------------------------------


 NSTEP =    35900   TIME(PS) =      35.900  TEMP(K) =   295.59  PRESS =     0.0
 Etot   =     -2088.8938  EKtot   =       562.1283  EPtot      =     -2651.0222
 BOND   =       233.6501  ANGLE   =       338.6910  DIHED      =       488.3254
 1-4 NB =       162.5036  1-4 EEL =      -329.0615  VDWAALS    =      -331.3706
 EELEC  =      1283.8004  EGB     =     -4497.5605  RESTRAINT  =         0.0000
 ------------------------------------------------------------------------------

| RE_POSITION Moving by  -0.280168 -0.055018 -0.422081

 NSTEP =    36000   TIME(PS) =      36.000  TEMP(K) =   307.08  PRESS =     0.0
 Etot   =     -2075.8847  EKtot   =       583.9814  EPtot      =     -2659.8661
 BOND   =       231.1820  ANGLE   =       345.1224  DIHED      =       510.4549
 1-4 NB =       161.0413  1-4 EEL =      -358.0414  VDWAALS    =      -339.2574
 EELEC  =      1251.3284  EGB     =     -4461.6963  RESTRAINT  =         0.0000
 ------------------------------------------------------------------------------


 NSTEP =    36100   TIME(PS) =      36.100  TEMP(K) =   307.82  PRESS =     0.0
 Etot   =     -2078.0962  EKtot   =       585.3912  EPtot      =     -2663.4874
 BOND   =       237.8948  ANGLE   =       337.1573  DIHED      =       497.2078
 1-4 NB =       154.0426  1-4 EEL =      -346.6128  VDWAALS    =      -335.8415
 EELEC  =      1279.3859  EGB     =     -4486.7214  RESTRAINT  =         0.0000
 ------------------------------------------------------------------------------


 NSTEP =    36200   TIME(PS) =      36.200  TEMP(K) =   298.87  PRESS =     0.0
 Etot   =     -2088.4426  EKtot   =       568.3731  EPtot      =     -2656.8158
 BOND   =       240.0639  ANGLE   =       346.0169  DIHED      =       484.9686
 1-4 NB =       154.8359  1-4 EEL =      -361.0180  VDWAALS    =      -334.9176
 EELEC  =      1302.7248  EGB     =     -4489.4903  RESTRAINT  =         0.0000
 ------------------------------------------------------------------------------


 NSTEP =    36300   TIME(PS) =      36.300  TEMP(K) =   301.43  PRESS =     0.0
 Etot   =     -2101.5230  EKtot   =       573.2370  EPtot      =     -2674.7599
 BOND   =       220.4792  ANGLE   =       328.5887  DIHED      =       497.6298
 1-4 NB =       161.1600  1-4 EEL =      -346.1575  VDWAALS    =      -332.6081
 EELEC  =      1304.3713  EGB     =     -4508.2233  RESTRAINT  =         0.0000
 ------------------------------------------------------------------------------


 NSTEP =    36400   TIME(PS) =      36.400  TEMP(K) =   296.23  PRESS =     0.0
 Etot   =     -2114.6015  EKtot   =       563.3541  EPtot      =     -2677.9556
 BOND   =       232.4010  ANGLE   =       319.0323  DIHED      =       494.8653
 1-4 NB =       158.3533  1-4 EEL =      -341.8797  VDWAALS    =      -329.1264
 EELEC  =      1288.8480  EGB     =     -4500.4496  RESTRAINT  =         0.0000
 ------------------------------------------------------------------------------


 NSTEP =    36500   TIME(PS) =      36.500  TEMP(K) =   283.89  PRESS =     0.0
 Etot   =     -2095.7336  EKtot   =       539.8870  EPtot      =     -2635.6206
 BOND   =       269.4406  ANGLE   =       341.6493  DIHED      =       493.1990
 1-4 NB =       153.8094  1-4 EEL =      -347.7433  VDWAALS    =      -342.2039
 EELEC  =      1306.4260  EGB     =     -4510.1977  RESTRAINT  =         0.0000
 ------------------------------------------------------------------------------


 NSTEP =    36600   TIME(PS) =      36.600  TEMP(K) =   301.87  PRESS =     0.0
 Etot   =     -2095.3549  EKtot   =       574.0839  EPtot      =     -2669.4388
 BOND   =       220.6308  ANGLE   =       340.3197  DIHED      =       499.3643
 1-4 NB =       164.6119  1-4 EEL =      -354.5504  VDWAALS    =      -331.0625
 EELEC  =      1279.7013  EGB     =     -4488.4538  RESTRAINT  =         0.0000
 ------------------------------------------------------------------------------


 NSTEP =    36700   TIME(PS) =      36.700  TEMP(K) =   300.87  PRESS =     0.0
 Etot   =     -2102.2935  EKtot   =       572.1723  EPtot      =     -2674.4658
 BOND   =       207.0048  ANGLE   =       355.8293  DIHED      =       499.7598
 1-4 NB =       154.2943  1-4 EEL =      -345.1304  VDWAALS    =      -343.5018
 EELEC  =      1293.1854  EGB     =     -4495.9073  RESTRAINT  =         0.0000
 ------------------------------------------------------------------------------


 NSTEP =    36800   TIME(PS) =      36.800  TEMP(K) =   299.79  PRESS =     0.0
 Etot   =     -2095.3230  EKtot   =       570.1302  EPtot      =     -2665.4533
 BOND   =       229.1037  ANGLE   =       343.5240  DIHED      =       492.5495
 1-4 NB =       153.5783  1-4 EEL =      -353.0521  VDWAALS    =      -338.1898
 EELEC  =      1318.3916  EGB     =     -4511.3584  RESTRAINT  =         0.0000
 ------------------------------------------------------------------------------


 NSTEP =    36900   TIME(PS) =      36.900  TEMP(K) =   300.47  PRESS =     0.0
 Etot   =     -2106.8195  EKtot   =       571.4088  EPtot      =     -2678.2283
 BOND   =       242.0944  ANGLE   =       319.8552  DIHED      =       500.2181
 1-4 NB =       148.3326  1-4 EEL =      -363.5408  VDWAALS    =      -336.5887
 EELEC  =      1327.1322  EGB     =     -4515.7312  RESTRAINT  =         0.0000
 ------------------------------------------------------------------------------

| RE_POSITION Moving by   0.379190 -0.212521  0.014692

 NSTEP =    37000   TIME(PS) =      37.000  TEMP(K) =   301.63  PRESS =     0.0
 Etot   =     -2093.7032  EKtot   =       573.6147  EPtot      =     -2667.3180
 BOND   =       227.6547  ANGLE   =       329.0858  DIHED      =       499.5126
 1-4 NB =       162.3033  1-4 EEL =      -353.9319  VDWAALS    =      -334.5236
 EELEC  =      1306.7669  EGB     =     -4504.1857  RESTRAINT  =         0.0000
 ------------------------------------------------------------------------------


 NSTEP =    37100   TIME(PS) =      37.100  TEMP(K) =   286.42  PRESS =     0.0
 Etot   =     -2091.5427  EKtot   =       544.7044  EPtot      =     -2636.2471
 BOND   =       243.8013  ANGLE   =       357.0661  DIHED      =       488.6173
 1-4 NB =       162.8833  1-4 EEL =      -363.6436  VDWAALS    =      -321.0174
 EELEC  =      1320.2076  EGB     =     -4524.1617  RESTRAINT  =         0.0000
 ------------------------------------------------------------------------------


 NSTEP =    37200   TIME(PS) =      37.200  TEMP(K) =   304.02  PRESS =     0.0
 Etot   =     -2103.9132  EKtot   =       578.1735  EPtot      =     -2682.0867
 BOND   =       219.3792  ANGLE   =       341.0299  DIHED      =       490.7296
 1-4 NB =       155.2789  1-4 EEL =      -356.9652  VDWAALS    =      -333.6126
 EELEC  =      1341.1817  EGB     =     -4539.1081  RESTRAINT  =         0.0000
 ------------------------------------------------------------------------------


 NSTEP =    37300   TIME(PS) =      37.300  TEMP(K) =   297.65  PRESS =     0.0
 Etot   =     -2111.5541  EKtot   =       566.0563  EPtot      =     -2677.6104
 BOND   =       223.8488  ANGLE   =       331.8608  DIHED      =       510.3065
 1-4 NB =       154.0964  1-4 EEL =      -356.5346  VDWAALS    =      -334.8973
 EELEC  =      1335.6721  EGB     =     -4541.9632  RESTRAINT  =         0.0000
 ------------------------------------------------------------------------------


 NSTEP =    37400   TIME(PS) =      37.400  TEMP(K) =   296.63  PRESS =     0.0
 Etot   =     -2112.6829  EKtot   =       564.1182  EPtot      =     -2676.8011
 BOND   =       224.4670  ANGLE   =       342.8852  DIHED      =       499.2952
 1-4 NB =       152.8757  1-4 EEL =      -351.1923  VDWAALS    =      -332.3991
 EELEC  =      1335.6570  EGB     =     -4548.3900  RESTRAINT  =         0.0000
 ------------------------------------------------------------------------------


 NSTEP =    37500   TIME(PS) =      37.500  TEMP(K) =   298.88  PRESS =     0.0
 Etot   =     -2108.8163  EKtot   =       568.3885  EPtot      =     -2677.2048
 BOND   =       227.1099  ANGLE   =       342.7701  DIHED      =       482.5783
 1-4 NB =       157.5737  1-4 EEL =      -349.2917  VDWAALS    =      -332.7050
 EELEC  =      1340.5090  EGB     =     -4545.7491  RESTRAINT  =         0.0000
 ------------------------------------------------------------------------------


 NSTEP =    37600   TIME(PS) =      37.600  TEMP(K) =   293.86  PRESS =     0.0
 Etot   =     -2102.8934  EKtot   =       558.8408  EPtot      =     -2661.7342
 BOND   =       238.4255  ANGLE   =       326.1099  DIHED      =       494.4749
 1-4 NB =       158.9623  1-4 EEL =      -366.4454  VDWAALS    =      -325.3801
 EELEC  =      1354.9136  EGB     =     -4542.7950  RESTRAINT  =         0.0000
 ------------------------------------------------------------------------------


 NSTEP =    37700   TIME(PS) =      37.700  TEMP(K) =   304.50  PRESS =     0.0
 Etot   =     -2102.2267  EKtot   =       579.0798  EPtot      =     -2681.3065
 BOND   =       224.8162  ANGLE   =       322.7257  DIHED      =       487.5677
 1-4 NB =       158.8522  1-4 EEL =      -338.7839  VDWAALS    =      -315.4171
 EELEC  =      1317.8620  EGB     =     -4538.9292  RESTRAINT  =         0.0000
 ------------------------------------------------------------------------------


 NSTEP =    37800   TIME(PS) =      37.800  TEMP(K) =   287.29  PRESS =     0.0
 Etot   =     -2117.7314  EKtot   =       546.3480  EPtot      =     -2664.0794
 BOND   =       218.5931  ANGLE   =       343.2652  DIHED      =       499.8220
 1-4 NB =       156.6163  1-4 EEL =      -343.7822  VDWAALS    =      -331.8292
 EELEC  =      1311.6800  EGB     =     -4518.4447  RESTRAINT  =         0.0000
 ------------------------------------------------------------------------------


 NSTEP =    37900   TIME(PS) =      37.900  TEMP(K) =   297.87  PRESS =     0.0
 Etot   =     -2113.0135  EKtot   =       566.4660  EPtot      =     -2679.4795
 BOND   =       226.1239  ANGLE   =       328.9426  DIHED      =       502.9175
 1-4 NB =       157.9773  1-4 EEL =      -347.7403  VDWAALS    =      -338.4866
 EELEC  =      1303.9524  EGB     =     -4513.1662  RESTRAINT  =         0.0000
 ------------------------------------------------------------------------------

| RE_POSITION Moving by  -0.330577 -0.226363  0.074462

 NSTEP =    38000   TIME(PS) =      38.000  TEMP(K) =   299.56  PRESS =     0.0
 Etot   =     -2116.8338  EKtot   =       569.6766  EPtot      =     -2686.5104
 BOND   =       218.8112  ANGLE   =       331.6567  DIHED      =       495.0124
 1-4 NB =       162.0593  1-4 EEL =      -337.4612  VDWAALS    =      -329.1388
 EELEC  =      1268.0301  EGB     =     -4495.4801  RESTRAINT  =         0.0000
 ------------------------------------------------------------------------------


 NSTEP =    38100   TIME(PS) =      38.100  TEMP(K) =   296.45  PRESS =     0.0
 Etot   =     -2106.0751  EKtot   =       563.7732  EPtot      =     -2669.8483
 BOND   =       222.8324  ANGLE   =       340.2133  DIHED      =       496.2330
 1-4 NB =       162.0798  1-4 EEL =      -349.6259  VDWAALS    =      -325.6287
 EELEC  =      1280.5221  EGB     =     -4496.4742  RESTRAINT  =         0.0000
 ------------------------------------------------------------------------------


 NSTEP =    38200   TIME(PS) =      38.200  TEMP(K) =   287.94  PRESS =     0.0
 Etot   =     -2105.7352  EKtot   =       547.5907  EPtot      =     -2653.3259
 BOND   =       245.7796  ANGLE   =       336.2817  DIHED      =       505.1933
 1-4 NB =       146.3670  1-4 EEL =      -346.1872  VDWAALS    =      -328.8295
 EELEC  =      1311.9509  EGB     =     -4523.8819  RESTRAINT  =         0.0000
 ------------------------------------------------------------------------------


 NSTEP =    38300   TIME(PS) =      38.300  TEMP(K) =   285.18  PRESS =     0.0
 Etot   =     -2107.4803  EKtot   =       542.3338  EPtot      =     -2649.8141
 BOND   =       229.0724  ANGLE   =       332.8329  DIHED      =       496.1770
 1-4 NB =       165.4334  1-4 EEL =      -344.0598  VDWAALS    =      -320.0466
 EELEC  =      1307.2560  EGB     =     -4516.4793  RESTRAINT  =         0.0000
 ------------------------------------------------------------------------------


 NSTEP =    38400   TIME(PS) =      38.400  TEMP(K) =   289.59  PRESS =     0.0
 Etot   =     -2101.7167  EKtot   =       550.7189  EPtot      =     -2652.4356
 BOND   =       252.3798  ANGLE   =       335.0050  DIHED      =       512.0668
 1-4 NB =       153.0304  1-4 EEL =      -357.3084  VDWAALS    =      -330.1445
 EELEC  =      1299.4163  EGB     =     -4516.8809  RESTRAINT  =         0.0000
 ------------------------------------------------------------------------------


 NSTEP =    38500   TIME(PS) =      38.500  TEMP(K) =   306.59  PRESS =     0.0
 Etot   =     -2096.9540  EKtot   =       583.0499  EPtot      =     -2680.0039
 BOND   =       216.3577  ANGLE   =       315.9190  DIHED      =       502.8661
 1-4 NB =       160.7013  1-4 EEL =      -324.2191  VDWAALS    =      -327.9838
 EELEC  =      1268.3764  EGB     =     -4492.0215  RESTRAINT  =         0.0000
 ------------------------------------------------------------------------------


 NSTEP =    38600   TIME(PS) =      38.600  TEMP(K) =   299.69  PRESS =     0.0
 Etot   =     -2100.8919  EKtot   =       569.9341  EPtot      =     -2670.8260
 BOND   =       228.3455  ANGLE   =       340.5704  DIHED      =       498.2885
 1-4 NB =       153.6938  1-4 EEL =      -350.7964  VDWAALS    =      -332.0976
 EELEC  =      1291.5328  EGB     =     -4500.3629  RESTRAINT  =         0.0000
 ------------------------------------------------------------------------------


 NSTEP =    38700   TIME(PS) =      38.700  TEMP(K) =   298.19  PRESS =     0.0
 Etot   =     -2102.2306  EKtot   =       567.0870  EPtot      =     -2669.3176
 BOND   =       232.1079  ANGLE   =       319.7764  DIHED      =       508.7167
 1-4 NB =       153.5946  1-4 EEL =      -329.6742  VDWAALS    =      -331.6789
 EELEC  =      1272.7070  EGB     =     -4494.8672  RESTRAINT  =         0.0000
 ------------------------------------------------------------------------------


 NSTEP =    38800   TIME(PS) =      38.800  TEMP(K) =   287.25  PRESS =     0.0
 Etot   =     -2117.9755  EKtot   =       546.2717  EPtot      =     -2664.2472
 BOND   =       223.8432  ANGLE   =       329.8384  DIHED      =       495.3140
 1-4 NB =       156.2404  1-4 EEL =      -329.9419  VDWAALS    =      -323.3811
 EELEC  =      1274.9637  EGB     =     -4491.1239  RESTRAINT  =         0.0000
 ------------------------------------------------------------------------------


 NSTEP =    38900   TIME(PS) =      38.900  TEMP(K) =   284.18  PRESS =     0.0
 Etot   =     -2120.2709  EKtot   =       540.4279  EPtot      =     -2660.6988
 BOND   =       224.2790  ANGLE   =       338.4121  DIHED      =       505.0319
 1-4 NB =       163.9357  1-4 EEL =      -362.2355  VDWAALS    =      -327.7799
 EELEC  =      1297.1337  EGB     =     -4499.4759  RESTRAINT  =         0.0000
 ------------------------------------------------------------------------------

| RE_POSITION Moving by  -0.183064  0.487468 -0.118001

 NSTEP =    39000   TIME(PS) =      39.000  TEMP(K) =   279.09  PRESS =     0.0
 Etot   =     -2138.0805  EKtot   =       530.7641  EPtot      =     -2668.8446
 BOND   =       229.8145  ANGLE   =       357.0338  DIHED      =       487.9487
 1-4 NB =       154.6247  1-4 EEL =      -362.4067  VDWAALS    =      -330.2223
 EELEC  =      1279.8081  EGB     =     -4485.4455  RESTRAINT  =         0.0000
 ------------------------------------------------------------------------------


 NSTEP =    39100   TIME(PS) =      39.100  TEMP(K) =   282.58  PRESS =     0.0
 Etot   =     -2127.0830  EKtot   =       537.3906  EPtot      =     -2664.4737
 BOND   =       222.9961  ANGLE   =       347.8468  DIHED      =       491.7755
 1-4 NB =       158.6529  1-4 EEL =      -340.9946  VDWAALS    =      -325.5441
 EELEC  =      1279.9115  EGB     =     -4499.1177  RESTRAINT  =         0.0000
 ------------------------------------------------------------------------------


 NSTEP =    39200   TIME(PS) =      39.200  TEMP(K) =   276.59  PRESS =     0.0
 Etot   =     -2132.2168  EKtot   =       526.0038  EPtot      =     -2658.2207
 BOND   =       234.1428  ANGLE   =       339.1621  DIHED      =       502.4937
 1-4 NB =       163.1497  1-4 EEL =      -346.0503  VDWAALS    =      -324.8112
 EELEC  =      1244.8774  EGB     =     -4471.1849  RESTRAINT  =         0.0000
 ------------------------------------------------------------------------------


 NSTEP =    39300   TIME(PS) =      39.300  TEMP(K) =   301.95  PRESS =     0.0
 Etot   =     -2133.8866  EKtot   =       574.2263  EPtot      =     -2708.1129
 BOND   =       205.5235  ANGLE   =       307.2721  DIHED      =       501.1810
 1-4 NB =       155.4900  1-4 EEL =      -334.9871  VDWAALS    =      -327.9824
 EELEC  =      1276.0440  EGB     =     -4490.6539  RESTRAINT  =         0.0000
 ------------------------------------------------------------------------------


 NSTEP =    39400   TIME(PS) =      39.400  TEMP(K) =   291.54  PRESS =     0.0
 Etot   =     -2129.0496  EKtot   =       554.4410  EPtot      =     -2683.4906
 BOND   =       228.3665  ANGLE   =       327.4882  DIHED      =       493.2237
 1-4 NB =       149.9252  1-4 EEL =      -349.3726  VDWAALS    =      -324.1725
 EELEC  =      1282.4389  EGB     =     -4491.3880  RESTRAINT  =         0.0000
 ------------------------------------------------------------------------------


 NSTEP =    39500   TIME(PS) =      39.500  TEMP(K) =   286.50  PRESS =     0.0
 Etot   =     -2129.4077  EKtot   =       544.8533  EPtot      =     -2674.2610
 BOND   =       230.0862  ANGLE   =       314.5159  DIHED      =       509.3818
 1-4 NB =       159.1816  1-4 EEL =      -338.7219  VDWAALS    =      -331.5450
 EELEC  =      1290.7640  EGB     =     -4507.9236  RESTRAINT  =         0.0000
 ------------------------------------------------------------------------------


 NSTEP =    39600   TIME(PS) =      39.600  TEMP(K) =   292.01  PRESS =     0.0
 Etot   =     -2135.7044  EKtot   =       555.3273  EPtot      =     -2691.0317
 BOND   =       224.2654  ANGLE   =       318.7219  DIHED      =       506.5802
 1-4 NB =       158.8781  1-4 EEL =      -368.0587  VDWAALS    =      -326.7693
 EELEC  =      1305.4310  EGB     =     -4510.0804  RESTRAINT  =         0.0000
 ------------------------------------------------------------------------------


 NSTEP =    39700   TIME(PS) =      39.700  TEMP(K) =   286.25  PRESS =     0.0
 Etot   =     -2131.5706  EKtot   =       544.3793  EPtot      =     -2675.9499
 BOND   =       227.8588  ANGLE   =       315.1537  DIHED      =       511.8088
 1-4 NB =       158.9282  1-4 EEL =      -355.4022  VDWAALS    =      -319.5923
 EELEC  =      1281.1437  EGB     =     -4495.8485  RESTRAINT  =         0.0000
 ------------------------------------------------------------------------------


 NSTEP =    39800   TIME(PS) =      39.800  TEMP(K) =   282.04  PRESS =     0.0
 Etot   =     -2135.1085  EKtot   =       536.3767  EPtot      =     -2671.4852
 BOND   =       227.8874  ANGLE   =       337.7934  DIHED      =       498.9717
 1-4 NB =       153.9579  1-4 EEL =      -346.8898  VDWAALS    =      -332.6805
 EELEC  =      1321.7923  EGB     =     -4532.3177  RESTRAINT  =         0.0000
 ------------------------------------------------------------------------------


 NSTEP =    39900   TIME(PS) =      39.900  TEMP(K) =   295.22  PRESS =     0.0
 Etot   =     -2116.1157  EKtot   =       561.4324  EPtot      =     -2677.5482
 BOND   =       230.8098  ANGLE   =       328.7165  DIHED      =       501.8923
 1-4 NB =       159.0545  1-4 EEL =      -348.3347  VDWAALS    =      -334.9013
 EELEC  =      1297.0543  EGB     =     -4511.8396  RESTRAINT  =         0.0000
 ------------------------------------------------------------------------------

| RE_POSITION Moving by   0.449124  0.010775 -0.730884

 NSTEP =    40000   TIME(PS) =      40.000  TEMP(K) =   291.05  PRESS =     0.0
 Etot   =     -2095.2593  EKtot   =       553.5111  EPtot      =     -2648.7704
 BOND   =       235.5726  ANGLE   =       320.3528  DIHED      =       514.2292
 1-4 NB =       155.1946  1-4 EEL =      -329.3943  VDWAALS    =      -325.3342
 EELEC  =      1285.3875  EGB     =     -4504.7787  RESTRAINT  =         0.0000
 ------------------------------------------------------------------------------


 NSTEP =    40100   TIME(PS) =      40.100  TEMP(K) =   291.77  PRESS =     0.0
 Etot   =     -2110.5306  EKtot   =       554.8680  EPtot      =     -2665.3985
 BOND   =       223.4806  ANGLE   =       332.9947  DIHED      =       515.8156
 1-4 NB =       149.9179  1-4 EEL =      -355.4454  VDWAALS    =      -334.4607
 EELEC  =      1297.6650  EGB     =     -4495.3663  RESTRAINT  =         0.0000
 ------------------------------------------------------------------------------


 NSTEP =    40200   TIME(PS) =      40.200  TEMP(K) =   287.99  PRESS =     0.0
 Etot   =     -2099.8827  EKtot   =       547.6885  EPtot      =     -2647.5712
 BOND   =       241.2451  ANGLE   =       328.3763  DIHED      =       498.7927
 1-4 NB =       158.4823  1-4 EEL =      -346.0976  VDWAALS    =      -321.5036
 EELEC  =      1300.5141  EGB     =     -4507.3806  RESTRAINT  =         0.0000
 ------------------------------------------------------------------------------


 NSTEP =    40300   TIME(PS) =      40.300  TEMP(K) =   302.54  PRESS =     0.0
 Etot   =     -2074.9594  EKtot   =       575.3623  EPtot      =     -2650.3216
 BOND   =       229.2569  ANGLE   =       334.7911  DIHED      =       509.1505
 1-4 NB =       160.1253  1-4 EEL =      -337.1806  VDWAALS    =      -323.8403
 EELEC  =      1288.3667  EGB     =     -4510.9914  RESTRAINT  =         0.0000
 ------------------------------------------------------------------------------


 NSTEP =    40400   TIME(PS) =      40.400  TEMP(K) =   307.28  PRESS =     0.0
 Etot   =     -2063.3831  EKtot   =       584.3596  EPtot      =     -2647.7427
 BOND   =       208.7423  ANGLE   =       342.2732  DIHED      =       512.5486
 1-4 NB =       160.7836  1-4 EEL =      -330.4165  VDWAALS    =      -314.2139
 EELEC  =      1273.8328  EGB     =     -4501.2928  RESTRAINT  =         0.0000
 ------------------------------------------------------------------------------


 NSTEP =    40500   TIME(PS) =      40.500  TEMP(K) =   293.81  PRESS =     0.0
 Etot   =     -2064.4767  EKtot   =       558.7488  EPtot      =     -2623.2255
 BOND   =       243.6586  ANGLE   =       371.0995  DIHED      =       499.9520
 1-4 NB =       156.0348  1-4 EEL =      -358.9674  VDWAALS    =      -334.2327
 EELEC  =      1288.8495  EGB     =     -4489.6198  RESTRAINT  =         0.0000
 ------------------------------------------------------------------------------


 NSTEP =    40600   TIME(PS) =      40.600  TEMP(K) =   302.84  PRESS =     0.0
 Etot   =     -2088.8274  EKtot   =       575.9279  EPtot      =     -2664.7553
 BOND   =       235.4011  ANGLE   =       337.0479  DIHED      =       497.5743
 1-4 NB =       153.0036  1-4 EEL =      -337.3151  VDWAALS    =      -327.5839
 EELEC  =      1294.8776  EGB     =     -4517.7608  RESTRAINT  =         0.0000
 ------------------------------------------------------------------------------


 NSTEP =    40700   TIME(PS) =      40.700  TEMP(K) =   313.69  PRESS =     0.0
 Etot   =     -2097.9122  EKtot   =       596.5622  EPtot      =     -2694.4744
 BOND   =       218.8821  ANGLE   =       350.7491  DIHED      =       483.0471
 1-4 NB =       151.0592  1-4 EEL =      -344.5160  VDWAALS    =      -331.5666
 EELEC  =      1256.8500  EGB     =     -4478.9792  RESTRAINT  =         0.0000
 ------------------------------------------------------------------------------


 NSTEP =    40800   TIME(PS) =      40.800  TEMP(K) =   303.25  PRESS =     0.0
 Etot   =     -2125.7742  EKtot   =       576.7111  EPtot      =     -2702.4853
 BOND   =       212.2664  ANGLE   =       325.6692  DIHED      =       492.4316
 1-4 NB =       159.3229  1-4 EEL =      -341.3703  VDWAALS    =      -328.6828
 EELEC  =      1290.6116  EGB     =     -4512.7339  RESTRAINT  =         0.0000
 ------------------------------------------------------------------------------


 NSTEP =    40900   TIME(PS) =      40.900  TEMP(K) =   296.67  PRESS =     0.0
 Etot   =     -2121.7897  EKtot   =       564.1987  EPtot      =     -2685.9884
 BOND   =       217.0676  ANGLE   =       340.3828  DIHED      =       499.1762
 1-4 NB =       153.5425  1-4 EEL =      -363.1033  VDWAALS    =      -336.6080
 EELEC  =      1332.3768  EGB     =     -4528.8230  RESTRAINT  =         0.0000
 ------------------------------------------------------------------------------

| RE_POSITION Moving by  -0.020705 -0.588288  0.823091

 NSTEP =    41000   TIME(PS) =      41.000  TEMP(K) =   292.80  PRESS =     0.0
 Etot   =     -2125.2249  EKtot   =       556.8284  EPtot      =     -2682.0533
 BOND   =       227.5074  ANGLE   =       351.3020  DIHED      =       482.3266
 1-4 NB =       152.5972  1-4 EEL =      -362.4352  VDWAALS    =      -333.8883
 EELEC  =      1316.4453  EGB     =     -4515.9083  RESTRAINT  =         0.0000
 ------------------------------------------------------------------------------


 NSTEP =    41100   TIME(PS) =      41.100  TEMP(K) =   289.53  PRESS =     0.0
 Etot   =     -2115.4379  EKtot   =       550.6098  EPtot      =     -2666.0477
 BOND   =       232.3885  ANGLE   =       342.6674  DIHED      =       496.5464
 1-4 NB =       161.8253  1-4 EEL =      -357.8760  VDWAALS    =      -329.2961
 EELEC  =      1314.8829  EGB     =     -4527.1861  RESTRAINT  =         0.0000
 ------------------------------------------------------------------------------


 NSTEP =    41200   TIME(PS) =      41.200  TEMP(K) =   295.06  PRESS =     0.0
 Etot   =     -2108.2250  EKtot   =       561.1302  EPtot      =     -2669.3552
 BOND   =       217.7261  ANGLE   =       347.9797  DIHED      =       500.6211
 1-4 NB =       159.2322  1-4 EEL =      -364.9327  VDWAALS    =      -339.1712
 EELEC  =      1346.5729  EGB     =     -4537.3833  RESTRAINT  =         0.0000
 ------------------------------------------------------------------------------


 NSTEP =    41300   TIME(PS) =      41.300  TEMP(K) =   318.38  PRESS =     0.0
 Etot   =     -2084.5738  EKtot   =       605.4675  EPtot      =     -2690.0412
 BOND   =       215.5424  ANGLE   =       328.2527  DIHED      =       506.4612
 1-4 NB =       150.9994  1-4 EEL =      -341.1566  VDWAALS    =      -330.8266
 EELEC  =      1316.9745  EGB     =     -4536.2881  RESTRAINT  =         0.0000
 ------------------------------------------------------------------------------


 NSTEP =    41400   TIME(PS) =      41.400  TEMP(K) =   305.30  PRESS =     0.0
 Etot   =     -2089.7630  EKtot   =       580.5960  EPtot      =     -2670.3590
 BOND   =       231.0169  ANGLE   =       333.7128  DIHED      =       501.3763
 1-4 NB =       151.7356  1-4 EEL =      -332.7792  VDWAALS    =      -331.3822
 EELEC  =      1308.4428  EGB     =     -4532.4819  RESTRAINT  =         0.0000
 ------------------------------------------------------------------------------


 NSTEP =    41500   TIME(PS) =      41.500  TEMP(K) =   304.30  PRESS =     0.0
 Etot   =     -2088.7148  EKtot   =       578.7081  EPtot      =     -2667.4229
 BOND   =       231.9690  ANGLE   =       342.1656  DIHED      =       494.1452
 1-4 NB =       161.8634  1-4 EEL =      -359.4682  VDWAALS    =      -334.9936
 EELEC  =      1354.6824  EGB     =     -4557.7866  RESTRAINT  =         0.0000
 ------------------------------------------------------------------------------


 NSTEP =    41600   TIME(PS) =      41.600  TEMP(K) =   305.09  PRESS =     0.0
 Etot   =     -2093.0184  EKtot   =       580.2048  EPtot      =     -2673.2232
 BOND   =       227.8129  ANGLE   =       341.4462  DIHED      =       496.3534
 1-4 NB =       150.7799  1-4 EEL =      -349.0268  VDWAALS    =      -336.5753
 EELEC  =      1338.4746  EGB     =     -4542.4880  RESTRAINT  =         0.0000
 ------------------------------------------------------------------------------


 NSTEP =    41700   TIME(PS) =      41.700  TEMP(K) =   293.44  PRESS =     0.0
 Etot   =     -2097.5409  EKtot   =       558.0438  EPtot      =     -2655.5847
 BOND   =       230.2223  ANGLE   =       343.4516  DIHED      =       494.5784
 1-4 NB =       163.9864  1-4 EEL =      -345.5231  VDWAALS    =      -331.0403
 EELEC  =      1336.8696  EGB     =     -4548.1296  RESTRAINT  =         0.0000
 ------------------------------------------------------------------------------


 NSTEP =    41800   TIME(PS) =      41.800  TEMP(K) =   301.12  PRESS =     0.0
 Etot   =     -2091.2312  EKtot   =       572.6474  EPtot      =     -2663.8786
 BOND   =       243.0522  ANGLE   =       330.4924  DIHED      =       494.4459
 1-4 NB =       152.1994  1-4 EEL =      -337.4055  VDWAALS    =      -331.0408
 EELEC  =      1353.4183  EGB     =     -4569.0403  RESTRAINT  =         0.0000
 ------------------------------------------------------------------------------


 NSTEP =    41900   TIME(PS) =      41.900  TEMP(K) =   296.65  PRESS =     0.0
 Etot   =     -2087.3529  EKtot   =       564.1525  EPtot      =     -2651.5054
 BOND   =       231.8594  ANGLE   =       332.0883  DIHED      =       500.2856
 1-4 NB =       165.9531  1-4 EEL =      -328.2875  VDWAALS    =      -336.2117
 EELEC  =      1336.2937  EGB     =     -4553.4863  RESTRAINT  =         0.0000
 ------------------------------------------------------------------------------

| RE_POSITION Moving by  -0.275856  0.337933 -0.555059

 NSTEP =    42000   TIME(PS) =      42.000  TEMP(K) =   300.11  PRESS =     0.0
 Etot   =     -2101.1214  EKtot   =       570.7320  EPtot      =     -2671.8534
 BOND   =       241.1991  ANGLE   =       333.1602  DIHED      =       504.0475
 1-4 NB =       149.8693  1-4 EEL =      -359.6454  VDWAALS    =      -353.4134
 EELEC  =      1377.7428  EGB     =     -4564.8135  RESTRAINT  =         0.0000
 ------------------------------------------------------------------------------


 NSTEP =    42100   TIME(PS) =      42.100  TEMP(K) =   288.59  PRESS =     0.0
 Etot   =     -2102.9547  EKtot   =       548.8309  EPtot      =     -2651.7856
 BOND   =       237.9676  ANGLE   =       348.1239  DIHED      =       507.2483
 1-4 NB =       155.6594  1-4 EEL =      -348.3593  VDWAALS    =      -351.0772
 EELEC  =      1364.6016  EGB     =     -4565.9499  RESTRAINT  =         0.0000
 ------------------------------------------------------------------------------


 NSTEP =    42200   TIME(PS) =      42.200  TEMP(K) =   298.18  PRESS =     0.0
 Etot   =     -2098.8805  EKtot   =       567.0625  EPtot      =     -2665.9430
 BOND   =       238.8294  ANGLE   =       320.4406  DIHED      =       522.6504
 1-4 NB =       154.8952  1-4 EEL =      -359.3309  VDWAALS    =      -343.8039
 EELEC  =      1372.7052  EGB     =     -4572.3291  RESTRAINT  =         0.0000
 ------------------------------------------------------------------------------


 NSTEP =    42300   TIME(PS) =      42.300  TEMP(K) =   297.16  PRESS =     0.0
 Etot   =     -2096.6533  EKtot   =       565.1136  EPtot      =     -2661.7669
 BOND   =       238.5842  ANGLE   =       321.7725  DIHED      =       506.1994
 1-4 NB =       155.2302  1-4 EEL =      -323.2001  VDWAALS    =      -341.0196
 EELEC  =      1358.9459  EGB     =     -4578.2793  RESTRAINT  =         0.0000
 ------------------------------------------------------------------------------


 NSTEP =    42400   TIME(PS) =      42.400  TEMP(K) =   300.94  PRESS =     0.0
 Etot   =     -2107.9720  EKtot   =       572.3064  EPtot      =     -2680.2784
 BOND   =       228.6969  ANGLE   =       341.6356  DIHED      =       494.5818
 1-4 NB =       161.5155  1-4 EEL =      -369.1927  VDWAALS    =      -349.6412
 EELEC  =      1401.4489  EGB     =     -4589.3234  RESTRAINT  =         0.0000
 ------------------------------------------------------------------------------


 NSTEP =    42500   TIME(PS) =      42.500  TEMP(K) =   285.68  PRESS =     0.0
 Etot   =     -2088.3241  EKtot   =       543.2811  EPtot      =     -2631.6052
 BOND   =       245.3295  ANGLE   =       333.1714  DIHED      =       504.1340
 1-4 NB =       160.9056  1-4 EEL =      -326.9780  VDWAALS    =      -340.0955
 EELEC  =      1383.4341  EGB     =     -4591.5062  RESTRAINT  =         0.0000
 ------------------------------------------------------------------------------


 NSTEP =    42600   TIME(PS) =      42.600  TEMP(K) =   310.45  PRESS =     0.0
 Etot   =     -2088.7085  EKtot   =       590.4040  EPtot      =     -2679.1125
 BOND   =       244.6400  ANGLE   =       331.5571  DIHED      =       483.1138
 1-4 NB =       153.1997  1-4 EEL =      -351.5472  VDWAALS    =      -337.9688
 EELEC  =      1386.8233  EGB     =     -4588.9304  RESTRAINT  =         0.0000
 ------------------------------------------------------------------------------


 NSTEP =    42700   TIME(PS) =      42.700  TEMP(K) =   301.67  PRESS =     0.0
 Etot   =     -2091.9711  EKtot   =       573.7069  EPtot      =     -2665.6780
 BOND   =       232.7775  ANGLE   =       342.9419  DIHED      =       488.9235
 1-4 NB =       155.6481  1-4 EEL =      -335.8555  VDWAALS    =      -344.2170
 EELEC  =      1382.2219  EGB     =     -4588.1185  RESTRAINT  =         0.0000
 ------------------------------------------------------------------------------


 NSTEP =    42800   TIME(PS) =      42.800  TEMP(K) =   278.28  PRESS =     0.0
 Etot   =     -2109.1909  EKtot   =       529.2091  EPtot      =     -2638.4000
 BOND   =       243.1161  ANGLE   =       358.9379  DIHED      =       499.9580
 1-4 NB =       160.1566  1-4 EEL =      -358.2865  VDWAALS    =      -334.9845
 EELEC  =      1396.1874  EGB     =     -4603.4849  RESTRAINT  =         0.0000
 ------------------------------------------------------------------------------


 NSTEP =    42900   TIME(PS) =      42.900  TEMP(K) =   299.18  PRESS =     0.0
 Etot   =     -2100.4658  EKtot   =       568.9664  EPtot      =     -2669.4323
 BOND   =       238.8655  ANGLE   =       340.4769  DIHED      =       493.9245
 1-4 NB =       149.4564  1-4 EEL =      -341.0434  VDWAALS    =      -349.0434
 EELEC  =      1424.4973  EGB     =     -4626.5661  RESTRAINT  =         0.0000
 ------------------------------------------------------------------------------

| RE_POSITION Moving by   0.053700 -0.382587  0.212920

 NSTEP =    43000   TIME(PS) =      43.000  TEMP(K) =   308.63  PRESS =     0.0
 Etot   =     -2129.1448  EKtot   =       586.9266  EPtot      =     -2716.0713
 BOND   =       205.9761  ANGLE   =       322.7069  DIHED      =       491.0667
 1-4 NB =       163.2929  1-4 EEL =      -348.7957  VDWAALS    =      -347.1529
 EELEC  =      1422.8907  EGB     =     -4626.0561  RESTRAINT  =         0.0000
 ------------------------------------------------------------------------------


 NSTEP =    43100   TIME(PS) =      43.100  TEMP(K) =   286.44  PRESS =     0.0
 Etot   =     -2115.7914  EKtot   =       544.7371  EPtot      =     -2660.5285
 BOND   =       211.1016  ANGLE   =       371.0489  DIHED      =       494.8696
 1-4 NB =       164.9407  1-4 EEL =      -364.5272  VDWAALS    =      -343.2959
 EELEC  =      1436.7761  EGB     =     -4631.4422  RESTRAINT  =         0.0000
 ------------------------------------------------------------------------------


 NSTEP =    43200   TIME(PS) =      43.200  TEMP(K) =   287.50  PRESS =     0.0
 Etot   =     -2122.9243  EKtot   =       546.7463  EPtot      =     -2669.6706
 BOND   =       197.6367  ANGLE   =       352.8921  DIHED      =       514.3792
 1-4 NB =       159.6480  1-4 EEL =      -341.5713  VDWAALS    =      -345.5122
 EELEC  =      1394.9562  EGB     =     -4602.0993  RESTRAINT  =         0.0000
 ------------------------------------------------------------------------------


 NSTEP =    43300   TIME(PS) =      43.300  TEMP(K) =   296.65  PRESS =     0.0
 Etot   =     -2120.7096  EKtot   =       564.1568  EPtot      =     -2684.8664
 BOND   =       235.6211  ANGLE   =       322.6811  DIHED      =       498.4874
 1-4 NB =       156.7358  1-4 EEL =      -335.3494  VDWAALS    =      -352.3251
 EELEC  =      1368.2490  EGB     =     -4578.9664  RESTRAINT  =         0.0000
 ------------------------------------------------------------------------------


 NSTEP =    43400   TIME(PS) =      43.400  TEMP(K) =   296.20  PRESS =     0.0
 Etot   =     -2111.2350  EKtot   =       563.3018  EPtot      =     -2674.5368
 BOND   =       225.1287  ANGLE   =       327.0879  DIHED      =       506.4451
 1-4 NB =       170.6494  1-4 EEL =      -352.6887  VDWAALS    =      -355.3459
 EELEC  =      1389.0647  EGB     =     -4584.8780  RESTRAINT  =         0.0000
 ------------------------------------------------------------------------------


 NSTEP =    43500   TIME(PS) =      43.500  TEMP(K) =   297.86  PRESS =     0.0
 Etot   =     -2092.4826  EKtot   =       566.4546  EPtot      =     -2658.9372
 BOND   =       229.9438  ANGLE   =       332.7734  DIHED      =       504.6512
 1-4 NB =       153.1090  1-4 EEL =      -328.5036  VDWAALS    =      -343.8302
 EELEC  =      1408.4440  EGB     =     -4615.5247  RESTRAINT  =         0.0000
 ------------------------------------------------------------------------------


 NSTEP =    43600   TIME(PS) =      43.600  TEMP(K) =   306.56  PRESS =     0.0
 Etot   =     -2094.6633  EKtot   =       582.9968  EPtot      =     -2677.6602
 BOND   =       208.2243  ANGLE   =       337.6663  DIHED      =       507.4268
 1-4 NB =       160.3789  1-4 EEL =      -344.3459  VDWAALS    =      -346.0993
 EELEC  =      1419.9368  EGB     =     -4620.8481  RESTRAINT  =         0.0000
 ------------------------------------------------------------------------------


 NSTEP =    43700   TIME(PS) =      43.700  TEMP(K) =   288.05  PRESS =     0.0
 Etot   =     -2104.2982  EKtot   =       547.8027  EPtot      =     -2652.1010
 BOND   =       232.2567  ANGLE   =       341.9055  DIHED      =       510.3536
 1-4 NB =       156.5495  1-4 EEL =      -309.7726  VDWAALS    =      -349.7694
 EELEC  =      1390.1271  EGB     =     -4623.7514  RESTRAINT  =         0.0000
 ------------------------------------------------------------------------------


 NSTEP =    43800   TIME(PS) =      43.800  TEMP(K) =   289.84  PRESS =     0.0
 Etot   =     -2110.7839  EKtot   =       551.2040  EPtot      =     -2661.9879
 BOND   =       219.1835  ANGLE   =       358.2374  DIHED      =       511.6094
 1-4 NB =       155.0674  1-4 EEL =      -336.3258  VDWAALS    =      -346.0039
 EELEC  =      1370.9593  EGB     =     -4594.7152  RESTRAINT  =         0.0000
 ------------------------------------------------------------------------------


 NSTEP =    43900   TIME(PS) =      43.900  TEMP(K) =   296.66  PRESS =     0.0
 Etot   =     -2102.1145  EKtot   =       564.1615  EPtot      =     -2666.2760
 BOND   =       215.5830  ANGLE   =       346.1170  DIHED      =       508.0724
 1-4 NB =       151.1750  1-4 EEL =      -331.2919  VDWAALS    =      -346.6947
 EELEC  =      1394.7198  EGB     =     -4603.9564  RESTRAINT  =         0.0000
 ------------------------------------------------------------------------------

| RE_POSITION Moving by   0.494518 -0.266609 -0.138805

 NSTEP =    44000   TIME(PS) =      44.000  TEMP(K) =   294.58  PRESS =     0.0
 Etot   =     -2086.7655  EKtot   =       560.2145  EPtot      =     -2646.9800
 BOND   =       232.6724  ANGLE   =       331.2887  DIHED      =       508.9403
 1-4 NB =       163.5078  1-4 EEL =      -328.2540  VDWAALS    =      -340.8799
 EELEC  =      1385.1969  EGB     =     -4599.4522  RESTRAINT  =         0.0000
 ------------------------------------------------------------------------------


 NSTEP =    44100   TIME(PS) =      44.100  TEMP(K) =   297.27  PRESS =     0.0
 Etot   =     -2078.7680  EKtot   =       565.3338  EPtot      =     -2644.1018
 BOND   =       222.3978  ANGLE   =       350.4086  DIHED      =       506.7180
 1-4 NB =       161.4608  1-4 EEL =      -326.4310  VDWAALS    =      -339.7629
 EELEC  =      1389.8375  EGB     =     -4608.7305  RESTRAINT  =         0.0000
 ------------------------------------------------------------------------------


 NSTEP =    44200   TIME(PS) =      44.200  TEMP(K) =   306.66  PRESS =     0.0
 Etot   =     -2074.7970  EKtot   =       583.1969  EPtot      =     -2657.9938
 BOND   =       230.7943  ANGLE   =       343.7311  DIHED      =       498.8161
 1-4 NB =       161.0067  1-4 EEL =      -344.4776  VDWAALS    =      -341.2321
 EELEC  =      1391.4508  EGB     =     -4598.0831  RESTRAINT  =         0.0000
 ------------------------------------------------------------------------------


 NSTEP =    44300   TIME(PS) =      44.300  TEMP(K) =   301.42  PRESS =     0.0
 Etot   =     -2058.9786  EKtot   =       573.2232  EPtot      =     -2632.2018
 BOND   =       253.9437  ANGLE   =       337.1078  DIHED      =       502.6959
 1-4 NB =       159.4726  1-4 EEL =      -323.7870  VDWAALS    =      -343.8578
 EELEC  =      1389.1406  EGB     =     -4606.9175  RESTRAINT  =         0.0000
 ------------------------------------------------------------------------------


 NSTEP =    44400   TIME(PS) =      44.400  TEMP(K) =   313.00  PRESS =     0.0
 Etot   =     -2057.5381  EKtot   =       595.2430  EPtot      =     -2652.7811
 BOND   =       223.5557  ANGLE   =       366.0204  DIHED      =       499.7403
 1-4 NB =       154.2702  1-4 EEL =      -343.0926  VDWAALS    =      -343.0066
 EELEC  =      1398.5533  EGB     =     -4608.8219  RESTRAINT  =         0.0000
 ------------------------------------------------------------------------------


 NSTEP =    44500   TIME(PS) =      44.500  TEMP(K) =   300.86  PRESS =     0.0
 Etot   =     -2070.5509  EKtot   =       572.1582  EPtot      =     -2642.7091
 BOND   =       224.7244  ANGLE   =       356.7202  DIHED      =       490.6660
 1-4 NB =       162.8657  1-4 EEL =      -327.1901  VDWAALS    =      -328.4173
 EELEC  =      1378.6918  EGB     =     -4600.7698  RESTRAINT  =         0.0000
 ------------------------------------------------------------------------------


 NSTEP =    44600   TIME(PS) =      44.600  TEMP(K) =   296.38  PRESS =     0.0
 Etot   =     -2091.0591  EKtot   =       563.6428  EPtot      =     -2654.7019
 BOND   =       237.0570  ANGLE   =       349.9304  DIHED      =       494.5605
 1-4 NB =       154.5838  1-4 EEL =      -318.2812  VDWAALS    =      -342.8885
 EELEC  =      1384.6253  EGB     =     -4614.2891  RESTRAINT  =         0.0000
 ------------------------------------------------------------------------------


 NSTEP =    44700   TIME(PS) =      44.700  TEMP(K) =   312.29  PRESS =     0.0
 Etot   =     -2071.1961  EKtot   =       593.9012  EPtot      =     -2665.0973
 BOND   =       227.4292  ANGLE   =       343.2798  DIHED      =       492.5769
 1-4 NB =       151.9553  1-4 EEL =      -303.4303  VDWAALS    =      -343.5600
 EELEC  =      1376.1995  EGB     =     -4609.5478  RESTRAINT  =         0.0000
 ------------------------------------------------------------------------------


 NSTEP =    44800   TIME(PS) =      44.800  TEMP(K) =   304.79  PRESS =     0.0
 Etot   =     -2077.1256  EKtot   =       579.6245  EPtot      =     -2656.7501
 BOND   =       221.0985  ANGLE   =       341.9490  DIHED      =       511.0934
 1-4 NB =       156.6162  1-4 EEL =      -328.7537  VDWAALS    =      -337.0857
 EELEC  =      1384.0931  EGB     =     -4605.7609  RESTRAINT  =         0.0000
 ------------------------------------------------------------------------------


 NSTEP =    44900   TIME(PS) =      44.900  TEMP(K) =   300.49  PRESS =     0.0
 Etot   =     -2076.4473  EKtot   =       571.4639  EPtot      =     -2647.9112
 BOND   =       242.5896  ANGLE   =       327.7226  DIHED      =       508.2862
 1-4 NB =       153.7659  1-4 EEL =      -349.3269  VDWAALS    =      -329.9276
 EELEC  =      1419.1217  EGB     =     -4620.1427  RESTRAINT  =         0.0000
 ------------------------------------------------------------------------------

| RE_POSITION Moving by   0.295339  0.073918 -0.419205

 NSTEP =    45000   TIME(PS) =      45.000  TEMP(K) =   296.25  PRESS =     0.0
 Etot   =     -2078.7789  EKtot   =       563.3841  EPtot      =     -2642.1630
 BOND   =       243.3753  ANGLE   =       359.6584  DIHED      =       491.9687
 1-4 NB =       155.7978  1-4 EEL =      -369.5206  VDWAALS    =      -325.5465
 EELEC  =      1402.1587  EGB     =     -4600.0548  RESTRAINT  =         0.0000
 ------------------------------------------------------------------------------


 NSTEP =    45100   TIME(PS) =      45.100  TEMP(K) =   310.82  PRESS =     0.0
 Etot   =     -2077.1915  EKtot   =       591.0945  EPtot      =     -2668.2861
 BOND   =       237.1837  ANGLE   =       363.3432  DIHED      =       474.7725
 1-4 NB =       154.3223  1-4 EEL =      -353.8350  VDWAALS    =      -334.2333
 EELEC  =      1391.9923  EGB     =     -4601.8319  RESTRAINT  =         0.0000
 ------------------------------------------------------------------------------


 NSTEP =    45200   TIME(PS) =      45.200  TEMP(K) =   302.21  PRESS =     0.0
 Etot   =     -2086.6087  EKtot   =       574.7305  EPtot      =     -2661.3391
 BOND   =       233.7267  ANGLE   =       343.7868  DIHED      =       496.9593
 1-4 NB =       154.0560  1-4 EEL =      -341.5289  VDWAALS    =      -334.3514
 EELEC  =      1378.2845  EGB     =     -4592.2722  RESTRAINT  =         0.0000
 ------------------------------------------------------------------------------


 NSTEP =    45300   TIME(PS) =      45.300  TEMP(K) =   310.27  PRESS =     0.0
 Etot   =     -2094.3621  EKtot   =       590.0569  EPtot      =     -2684.4190
 BOND   =       220.8356  ANGLE   =       348.2133  DIHED      =       496.0407
 1-4 NB =       154.8752  1-4 EEL =      -360.1373  VDWAALS    =      -342.6063
 EELEC  =      1385.0235  EGB     =     -4586.6637  RESTRAINT  =         0.0000
 ------------------------------------------------------------------------------


 NSTEP =    45400   TIME(PS) =      45.400  TEMP(K) =   308.23  PRESS =     0.0
 Etot   =     -2095.7981  EKtot   =       586.1680  EPtot      =     -2681.9661
 BOND   =       230.9964  ANGLE   =       333.1970  DIHED      =       505.9598
 1-4 NB =       151.0741  1-4 EEL =      -355.1730  VDWAALS    =      -340.9332
 EELEC  =      1413.7659  EGB     =     -4620.8531  RESTRAINT  =         0.0000
 ------------------------------------------------------------------------------


 NSTEP =    45500   TIME(PS) =      45.500  TEMP(K) =   295.35  PRESS =     0.0
 Etot   =     -2104.3917  EKtot   =       561.6722  EPtot      =     -2666.0639
 BOND   =       231.6267  ANGLE   =       347.8237  DIHED      =       497.9523
 1-4 NB =       157.1843  1-4 EEL =      -336.1113  VDWAALS    =      -344.3200
 EELEC  =      1383.1385  EGB     =     -4603.3581  RESTRAINT  =         0.0000
 ------------------------------------------------------------------------------


 NSTEP =    45600   TIME(PS) =      45.600  TEMP(K) =   293.07  PRESS =     0.0
 Etot   =     -2117.3806  EKtot   =       557.3370  EPtot      =     -2674.7176
 BOND   =       229.5995  ANGLE   =       332.0194  DIHED      =       503.8682
 1-4 NB =       159.9903  1-4 EEL =      -339.2918  VDWAALS    =      -336.1354
 EELEC  =      1377.3210  EGB     =     -4602.0888  RESTRAINT  =         0.0000
 ------------------------------------------------------------------------------


 NSTEP =    45700   TIME(PS) =      45.700  TEMP(K) =   292.89  PRESS =     0.0
 Etot   =     -2102.0796  EKtot   =       557.0045  EPtot      =     -2659.0841
 BOND   =       235.1081  ANGLE   =       348.1669  DIHED      =       502.6795
 1-4 NB =       150.3911  1-4 EEL =      -343.5528  VDWAALS    =      -336.9017
 EELEC  =      1390.7322  EGB     =     -4605.7075  RESTRAINT  =         0.0000
 ------------------------------------------------------------------------------


 NSTEP =    45800   TIME(PS) =      45.800  TEMP(K) =   299.74  PRESS =     0.0
 Etot   =     -2090.2970  EKtot   =       570.0266  EPtot      =     -2660.3236
 BOND   =       219.2525  ANGLE   =       349.4681  DIHED      =       504.1259
 1-4 NB =       162.3758  1-4 EEL =      -345.0480  VDWAALS    =      -331.4251
 EELEC  =      1362.6434  EGB     =     -4581.7163  RESTRAINT  =         0.0000
 ------------------------------------------------------------------------------


 NSTEP =    45900   TIME(PS) =      45.900  TEMP(K) =   286.57  PRESS =     0.0
 Etot   =     -2091.2237  EKtot   =       544.9844  EPtot      =     -2636.2081
 BOND   =       245.4003  ANGLE   =       340.2267  DIHED      =       513.0861
 1-4 NB =       155.1804  1-4 EEL =      -357.0963  VDWAALS    =      -335.1965
 EELEC  =      1375.0351  EGB     =     -4572.8439  RESTRAINT  =         0.0000
 ------------------------------------------------------------------------------

| RE_POSITION Moving by  -1.193899  0.105565  0.722465

 NSTEP =    46000   TIME(PS) =      46.000  TEMP(K) =   297.17  PRESS =     0.0
 Etot   =     -2094.7770  EKtot   =       565.1360  EPtot      =     -2659.9131
 BOND   =       222.4070  ANGLE   =       337.7713  DIHED      =       506.9905
 1-4 NB =       159.1922  1-4 EEL =      -312.9384  VDWAALS    =      -343.8147
 EELEC  =      1353.2033  EGB     =     -4582.7242  RESTRAINT  =         0.0000
 ------------------------------------------------------------------------------


 NSTEP =    46100   TIME(PS) =      46.100  TEMP(K) =   302.85  PRESS =     0.0
 Etot   =     -2095.6941  EKtot   =       575.9494  EPtot      =     -2671.6435
 BOND   =       210.8392  ANGLE   =       334.7348  DIHED      =       513.0921
 1-4 NB =       162.9250  1-4 EEL =      -312.9773  VDWAALS    =      -339.2931
 EELEC  =      1325.6460  EGB     =     -4566.6101  RESTRAINT  =         0.0000
 ------------------------------------------------------------------------------


 NSTEP =    46200   TIME(PS) =      46.200  TEMP(K) =   304.25  PRESS =     0.0
 Etot   =     -2106.2798  EKtot   =       578.6140  EPtot      =     -2684.8938
 BOND   =       220.5948  ANGLE   =       339.7883  DIHED      =       501.8702
 1-4 NB =       154.9544  1-4 EEL =      -347.9063  VDWAALS    =      -335.5688
 EELEC  =      1340.4632  EGB     =     -4559.0896  RESTRAINT  =         0.0000
 ------------------------------------------------------------------------------


 NSTEP =    46300   TIME(PS) =      46.300  TEMP(K) =   290.09  PRESS =     0.0
 Etot   =     -2087.9447  EKtot   =       551.6812  EPtot      =     -2639.6259
 BOND   =       235.8313  ANGLE   =       357.8875  DIHED      =       498.8737
 1-4 NB =       159.4534  1-4 EEL =      -341.6681  VDWAALS    =      -334.3643
 EELEC  =      1357.5151  EGB     =     -4573.1545  RESTRAINT  =         0.0000
 ------------------------------------------------------------------------------


 NSTEP =    46400   TIME(PS) =      46.400  TEMP(K) =   303.67  PRESS =     0.0
 Etot   =     -2087.0912  EKtot   =       577.5102  EPtot      =     -2664.6014
 BOND   =       230.4564  ANGLE   =       352.0051  DIHED      =       496.2818
 1-4 NB =       160.9479  1-4 EEL =      -322.8188  VDWAALS    =      -338.1269
 EELEC  =      1322.0292  EGB     =     -4565.3760  RESTRAINT  =         0.0000
 ------------------------------------------------------------------------------


 NSTEP =    46500   TIME(PS) =      46.500  TEMP(K) =   304.52  PRESS =     0.0
 Etot   =     -2089.9128  EKtot   =       579.1279  EPtot      =     -2669.0407
 BOND   =       228.1184  ANGLE   =       335.8555  DIHED      =       505.1723
 1-4 NB =       160.7507  1-4 EEL =      -344.6627  VDWAALS    =      -338.0032
 EELEC  =      1343.9538  EGB     =     -4560.2255  RESTRAINT  =         0.0000
 ------------------------------------------------------------------------------


 NSTEP =    46600   TIME(PS) =      46.600  TEMP(K) =   307.35  PRESS =     0.0
 Etot   =     -2102.7612  EKtot   =       584.4929  EPtot      =     -2687.2540
 BOND   =       219.2045  ANGLE   =       338.9031  DIHED      =       501.4221
 1-4 NB =       150.3699  1-4 EEL =      -327.1383  VDWAALS    =      -341.2999
 EELEC  =      1327.8229  EGB     =     -4556.5383  RESTRAINT  =         0.0000
 ------------------------------------------------------------------------------


 NSTEP =    46700   TIME(PS) =      46.700  TEMP(K) =   296.54  PRESS =     0.0
 Etot   =     -2102.2220  EKtot   =       563.9449  EPtot      =     -2666.1669
 BOND   =       235.7991  ANGLE   =       347.2450  DIHED      =       493.3954
 1-4 NB =       158.0237  1-4 EEL =      -345.6499  VDWAALS    =      -344.2281
 EELEC  =      1365.2331  EGB     =     -4575.9852  RESTRAINT  =         0.0000
 ------------------------------------------------------------------------------


 NSTEP =    46800   TIME(PS) =      46.800  TEMP(K) =   298.10  PRESS =     0.0
 Etot   =     -2098.3236  EKtot   =       566.9189  EPtot      =     -2665.2425
 BOND   =       234.3156  ANGLE   =       336.1362  DIHED      =       501.1254
 1-4 NB =       159.3040  1-4 EEL =      -340.6229  VDWAALS    =      -336.4083
 EELEC  =      1359.0272  EGB     =     -4578.1198  RESTRAINT  =         0.0000
 ------------------------------------------------------------------------------


 NSTEP =    46900   TIME(PS) =      46.900  TEMP(K) =   296.70  PRESS =     0.0
 Etot   =     -2092.2552  EKtot   =       564.2449  EPtot      =     -2656.5000
 BOND   =       238.1006  ANGLE   =       348.5935  DIHED      =       496.5795
 1-4 NB =       152.0571  1-4 EEL =      -322.2830  VDWAALS    =      -342.1995
 EELEC  =      1349.2839  EGB     =     -4576.6323  RESTRAINT  =         0.0000
 ------------------------------------------------------------------------------

| RE_POSITION Moving by   0.061881 -0.341004 -0.759281

 NSTEP =    47000   TIME(PS) =      47.000  TEMP(K) =   296.22  PRESS =     0.0
 Etot   =     -2098.2058  EKtot   =       563.3426  EPtot      =     -2661.5484
 BOND   =       238.0692  ANGLE   =       331.3896  DIHED      =       510.6576
 1-4 NB =       164.1453  1-4 EEL =      -348.1455  VDWAALS    =      -345.6500
 EELEC  =      1340.4851  EGB     =     -4552.4998  RESTRAINT  =         0.0000
 ------------------------------------------------------------------------------


 NSTEP =    47100   TIME(PS) =      47.100  TEMP(K) =   291.36  PRESS =     0.0
 Etot   =     -2101.9946  EKtot   =       554.0873  EPtot      =     -2656.0819
 BOND   =       243.0651  ANGLE   =       331.8217  DIHED      =       507.1227
 1-4 NB =       154.9126  1-4 EEL =      -339.7390  VDWAALS    =      -334.9019
 EELEC  =      1326.6541  EGB     =     -4545.0171  RESTRAINT  =         0.0000
 ------------------------------------------------------------------------------


 NSTEP =    47200   TIME(PS) =      47.200  TEMP(K) =   288.41  PRESS =     0.0
 Etot   =     -2103.2884  EKtot   =       548.4783  EPtot      =     -2651.7667
 BOND   =       228.3304  ANGLE   =       345.7819  DIHED      =       504.5915
 1-4 NB =       161.9967  1-4 EEL =      -338.8767  VDWAALS    =      -337.2026
 EELEC  =      1327.3395  EGB     =     -4543.7275  RESTRAINT  =         0.0000
 ------------------------------------------------------------------------------


 NSTEP =    47300   TIME(PS) =      47.300  TEMP(K) =   290.07  PRESS =     0.0
 Etot   =     -2092.7773  EKtot   =       551.6425  EPtot      =     -2644.4198
 BOND   =       243.5250  ANGLE   =       331.2925  DIHED      =       512.9515
 1-4 NB =       162.3008  1-4 EEL =      -329.1698  VDWAALS    =      -348.0533
 EELEC  =      1330.2941  EGB     =     -4547.5605  RESTRAINT  =         0.0000
 ------------------------------------------------------------------------------


 NSTEP =    47400   TIME(PS) =      47.400  TEMP(K) =   308.01  PRESS =     0.0
 Etot   =     -2083.3612  EKtot   =       585.7642  EPtot      =     -2669.1254
 BOND   =       233.7122  ANGLE   =       344.4664  DIHED      =       502.8395
 1-4 NB =       155.9602  1-4 EEL =      -342.6176  VDWAALS    =      -339.6475
 EELEC  =      1328.6697  EGB     =     -4552.5085  RESTRAINT  =         0.0000
 ------------------------------------------------------------------------------


 NSTEP =    47500   TIME(PS) =      47.500  TEMP(K) =   297.84  PRESS =     0.0
 Etot   =     -2069.7802  EKtot   =       566.4114  EPtot      =     -2636.1916
 BOND   =       237.1239  ANGLE   =       345.0564  DIHED      =       514.7516
 1-4 NB =       160.1256  1-4 EEL =      -339.5185  VDWAALS    =      -333.2087
 EELEC  =      1336.7590  EGB     =     -4557.2810  RESTRAINT  =         0.0000
 ------------------------------------------------------------------------------


 NSTEP =    47600   TIME(PS) =      47.600  TEMP(K) =   306.53  PRESS =     0.0
 Etot   =     -2052.9515  EKtot   =       582.9355  EPtot      =     -2635.8870
 BOND   =       242.6111  ANGLE   =       366.4715  DIHED      =       505.4849
 1-4 NB =       156.3796  1-4 EEL =      -344.2297  VDWAALS    =      -337.9811
 EELEC  =      1328.8778  EGB     =     -4553.5011  RESTRAINT  =         0.0000
 ------------------------------------------------------------------------------


 NSTEP =    47700   TIME(PS) =      47.700  TEMP(K) =   302.00  PRESS =     0.0
 Etot   =     -2054.6232  EKtot   =       574.3172  EPtot      =     -2628.9404
 BOND   =       234.6150  ANGLE   =       347.0126  DIHED      =       516.7105
 1-4 NB =       159.5844  1-4 EEL =      -337.1523  VDWAALS    =      -332.6496
 EELEC  =      1323.4110  EGB     =     -4540.4721  RESTRAINT  =         0.0000
 ------------------------------------------------------------------------------


 NSTEP =    47800   TIME(PS) =      47.800  TEMP(K) =   310.21  PRESS =     0.0
 Etot   =     -2050.5204  EKtot   =       589.9488  EPtot      =     -2640.4692
 BOND   =       220.2687  ANGLE   =       349.1543  DIHED      =       513.5001
 1-4 NB =       158.3807  1-4 EEL =      -347.1104  VDWAALS    =      -329.9401
 EELEC  =      1329.6835  EGB     =     -4534.4061  RESTRAINT  =         0.0000
 ------------------------------------------------------------------------------


 NSTEP =    47900   TIME(PS) =      47.900  TEMP(K) =   289.91  PRESS =     0.0
 Etot   =     -2067.8076  EKtot   =       551.3286  EPtot      =     -2619.1362
 BOND   =       249.8564  ANGLE   =       344.1946  DIHED      =       522.3202
 1-4 NB =       164.2889  1-4 EEL =      -336.2463  VDWAALS    =      -341.7539
 EELEC  =      1332.5257  EGB     =     -4554.3218  RESTRAINT  =         0.0000
 ------------------------------------------------------------------------------

| RE_POSITION Moving by   0.299366 -0.177966 -0.136539

 NSTEP =    48000   TIME(PS) =      48.000  TEMP(K) =   289.93  PRESS =     0.0
 Etot   =     -2082.8357  EKtot   =       551.3709  EPtot      =     -2634.2066
 BOND   =       237.3248  ANGLE   =       352.3212  DIHED      =       528.1345
 1-4 NB =       154.6714  1-4 EEL =      -360.1420  VDWAALS    =      -338.3151
 EELEC  =      1325.0153  EGB     =     -4533.2168  RESTRAINT  =         0.0000
 ------------------------------------------------------------------------------


 NSTEP =    48100   TIME(PS) =      48.100  TEMP(K) =   298.92  PRESS =     0.0
 Etot   =     -2079.4123  EKtot   =       568.4600  EPtot      =     -2647.8723
 BOND   =       228.1054  ANGLE   =       355.8323  DIHED      =       517.9708
 1-4 NB =       153.8746  1-4 EEL =      -344.3508  VDWAALS    =      -337.1687
 EELEC  =      1324.7748  EGB     =     -4546.9108  RESTRAINT  =         0.0000
 ------------------------------------------------------------------------------


 NSTEP =    48200   TIME(PS) =      48.200  TEMP(K) =   300.08  PRESS =     0.0
 Etot   =     -2066.0560  EKtot   =       570.6730  EPtot      =     -2636.7290
 BOND   =       254.3402  ANGLE   =       334.2893  DIHED      =       507.2958
 1-4 NB =       156.3707  1-4 EEL =      -353.0698  VDWAALS    =      -332.9472
 EELEC  =      1355.5784  EGB     =     -4558.5863  RESTRAINT  =         0.0000
 ------------------------------------------------------------------------------


 NSTEP =    48300   TIME(PS) =      48.300  TEMP(K) =   294.35  PRESS =     0.0
 Etot   =     -2081.5554  EKtot   =       559.7865  EPtot      =     -2641.3420
 BOND   =       244.6011  ANGLE   =       334.1918  DIHED      =       498.4328
 1-4 NB =       158.5562  1-4 EEL =      -342.1217  VDWAALS    =      -327.0395
 EELEC  =      1354.0709  EGB     =     -4562.0335  RESTRAINT  =         0.0000
 ------------------------------------------------------------------------------


 NSTEP =    48400   TIME(PS) =      48.400  TEMP(K) =   302.25  PRESS =     0.0
 Etot   =     -2081.8963  EKtot   =       574.8076  EPtot      =     -2656.7039
 BOND   =       253.9117  ANGLE   =       327.8159  DIHED      =       500.0229
 1-4 NB =       153.8264  1-4 EEL =      -350.2765  VDWAALS    =      -332.0525
 EELEC  =      1342.6085  EGB     =     -4552.5603  RESTRAINT  =         0.0000
 ------------------------------------------------------------------------------


 NSTEP =    48500   TIME(PS) =      48.500  TEMP(K) =   296.52  PRESS =     0.0
 Etot   =     -2092.7877  EKtot   =       563.9022  EPtot      =     -2656.6898
 BOND   =       229.2486  ANGLE   =       316.7269  DIHED      =       518.5174
 1-4 NB =       161.0948  1-4 EEL =      -322.7140  VDWAALS    =      -333.1313
 EELEC  =      1319.8248  EGB     =     -4546.2570  RESTRAINT  =         0.0000
 ------------------------------------------------------------------------------


 NSTEP =    48600   TIME(PS) =      48.600  TEMP(K) =   289.80  PRESS =     0.0
 Etot   =     -2108.4197  EKtot   =       551.1250  EPtot      =     -2659.5447
 BOND   =       246.8381  ANGLE   =       339.2422  DIHED      =       501.7161
 1-4 NB =       152.1854  1-4 EEL =      -330.9081  VDWAALS    =      -334.7271
 EELEC  =      1336.2938  EGB     =     -4570.1851  RESTRAINT  =         0.0000
 ------------------------------------------------------------------------------


 NSTEP =    48700   TIME(PS) =      48.700  TEMP(K) =   274.74  PRESS =     0.0
 Etot   =     -2138.5204  EKtot   =       522.4790  EPtot      =     -2660.9994
 BOND   =       230.7277  ANGLE   =       327.4479  DIHED      =       498.3097
 1-4 NB =       161.7432  1-4 EEL =      -337.4396  VDWAALS    =      -333.5164
 EELEC  =      1373.4199  EGB     =     -4581.6918  RESTRAINT  =         0.0000
 ------------------------------------------------------------------------------


 NSTEP =    48800   TIME(PS) =      48.800  TEMP(K) =   296.55  PRESS =     0.0
 Etot   =     -2129.9395  EKtot   =       563.9677  EPtot      =     -2693.9072
 BOND   =       233.7748  ANGLE   =       322.8700  DIHED      =       493.4541
 1-4 NB =       154.2554  1-4 EEL =      -354.4619  VDWAALS    =      -340.8182
 EELEC  =      1355.5429  EGB     =     -4558.5242  RESTRAINT  =         0.0000
 ------------------------------------------------------------------------------


 NSTEP =    48900   TIME(PS) =      48.900  TEMP(K) =   292.19  PRESS =     0.0
 Etot   =     -2141.1299  EKtot   =       555.6766  EPtot      =     -2696.8065
 BOND   =       217.1449  ANGLE   =       333.5820  DIHED      =       497.1723
 1-4 NB =       151.5298  1-4 EEL =      -334.6823  VDWAALS    =      -331.2582
 EELEC  =      1313.7056  EGB     =     -4544.0005  RESTRAINT  =         0.0000
 ------------------------------------------------------------------------------

| RE_POSITION Moving by   0.249264 -0.407226  0.684200

 NSTEP =    49000   TIME(PS) =      49.000  TEMP(K) =   294.50  PRESS =     0.0
 Etot   =     -2119.2235  EKtot   =       560.0545  EPtot      =     -2679.2780
 BOND   =       223.7046  ANGLE   =       331.6149  DIHED      =       491.7436
 1-4 NB =       164.5639  1-4 EEL =      -329.7453  VDWAALS    =      -336.3807
 EELEC  =      1329.5458  EGB     =     -4554.3246  RESTRAINT  =         0.0000
 ------------------------------------------------------------------------------


 NSTEP =    49100   TIME(PS) =      49.100  TEMP(K) =   300.17  PRESS =     0.0
 Etot   =     -2107.8442  EKtot   =       570.8424  EPtot      =     -2678.6866
 BOND   =       233.7703  ANGLE   =       326.9063  DIHED      =       490.9587
 1-4 NB =       161.1563  1-4 EEL =      -344.6923  VDWAALS    =      -332.7402
 EELEC  =      1343.8797  EGB     =     -4557.9255  RESTRAINT  =         0.0000
 ------------------------------------------------------------------------------


 NSTEP =    49200   TIME(PS) =      49.200  TEMP(K) =   291.89  PRESS =     0.0
 Etot   =     -2104.2191  EKtot   =       555.0971  EPtot      =     -2659.3162
 BOND   =       234.0914  ANGLE   =       358.2931  DIHED      =       495.5060
 1-4 NB =       151.8096  1-4 EEL =      -364.7713  VDWAALS    =      -344.7241
 EELEC  =      1377.8654  EGB     =     -4567.3864  RESTRAINT  =         0.0000
 ------------------------------------------------------------------------------


 NSTEP =    49300   TIME(PS) =      49.300  TEMP(K) =   283.70  PRESS =     0.0
 Etot   =     -2098.3165  EKtot   =       539.5213  EPtot      =     -2637.8378
 BOND   =       245.1372  ANGLE   =       352.3319  DIHED      =       499.3510
 1-4 NB =       160.6888  1-4 EEL =      -350.6081  VDWAALS    =      -337.5794
 EELEC  =      1339.1542  EGB     =     -4546.3134  RESTRAINT  =         0.0000
 ------------------------------------------------------------------------------


 NSTEP =    49400   TIME(PS) =      49.400  TEMP(K) =   313.58  PRESS =     0.0
 Etot   =     -2086.3275  EKtot   =       596.3473  EPtot      =     -2682.6748
 BOND   =       217.5136  ANGLE   =       357.7886  DIHED      =       491.3518
 1-4 NB =       157.3328  1-4 EEL =      -349.7091  VDWAALS    =      -342.3926
 EELEC  =      1341.0065  EGB     =     -4555.5663  RESTRAINT  =         0.0000
 ------------------------------------------------------------------------------


 NSTEP =    49500   TIME(PS) =      49.500  TEMP(K) =   290.11  PRESS =     0.0
 Etot   =     -2093.1881  EKtot   =       551.7142  EPtot      =     -2644.9023
 BOND   =       239.6102  ANGLE   =       345.3897  DIHED      =       491.1762
 1-4 NB =       157.0142  1-4 EEL =      -338.4194  VDWAALS    =      -336.7360
 EELEC  =      1370.0923  EGB     =     -4573.0294  RESTRAINT  =         0.0000
 ------------------------------------------------------------------------------


 NSTEP =    49600   TIME(PS) =      49.600  TEMP(K) =   314.13  PRESS =     0.0
 Etot   =     -2066.2395  EKtot   =       597.3993  EPtot      =     -2663.6387
 BOND   =       227.7613  ANGLE   =       335.7584  DIHED      =       495.1203
 1-4 NB =       157.7796  1-4 EEL =      -337.0719  VDWAALS    =      -337.7525
 EELEC  =      1351.5228  EGB     =     -4556.7565  RESTRAINT  =         0.0000
 ------------------------------------------------------------------------------


 NSTEP =    49700   TIME(PS) =      49.700  TEMP(K) =   308.17  PRESS =     0.0
 Etot   =     -2055.1594  EKtot   =       586.0683  EPtot      =     -2641.2277
 BOND   =       240.0939  ANGLE   =       354.9888  DIHED      =       507.9917
 1-4 NB =       153.2149  1-4 EEL =      -349.0208  VDWAALS    =      -339.8335
 EELEC  =      1357.7126  EGB     =     -4566.3752  RESTRAINT  =         0.0000
 ------------------------------------------------------------------------------


 NSTEP =    49800   TIME(PS) =      49.800  TEMP(K) =   302.60  PRESS =     0.0
 Etot   =     -2051.7412  EKtot   =       575.4627  EPtot      =     -2627.2038
 BOND   =       251.4882  ANGLE   =       356.5614  DIHED      =       489.8128
 1-4 NB =       165.3956  1-4 EEL =      -342.1648  VDWAALS    =      -337.7880
 EELEC  =      1370.9899  EGB     =     -4581.4988  RESTRAINT  =         0.0000
 ------------------------------------------------------------------------------


 NSTEP =    49900   TIME(PS) =      49.900  TEMP(K) =   313.19  PRESS =     0.0
 Etot   =     -2062.7741  EKtot   =       595.6026  EPtot      =     -2658.3767
 BOND   =       228.8987  ANGLE   =       354.2769  DIHED      =       495.2128
 1-4 NB =       161.2835  1-4 EEL =      -367.2122  VDWAALS    =      -339.9585
 EELEC  =      1392.7871  EGB     =     -4583.6649  RESTRAINT  =         0.0000
 ------------------------------------------------------------------------------

| RE_POSITION Moving by   0.162631  0.177145 -0.193919

 NSTEP =    50000   TIME(PS) =      50.000  TEMP(K) =   288.81  PRESS =     0.0
 Etot   =     -2047.8240  EKtot   =       549.2456  EPtot      =     -2597.0696
 BOND   =       246.5175  ANGLE   =       377.6633  DIHED      =       492.8105
 1-4 NB =       164.6355  1-4 EEL =      -331.8088  VDWAALS    =      -330.7747
 EELEC  =      1376.4677  EGB     =     -4592.5806  RESTRAINT  =         0.0000
 ------------------------------------------------------------------------------


 NSTEP =    50100   TIME(PS) =      50.100  TEMP(K) =   313.11  PRESS =     0.0
 Etot   =     -2031.8666  EKtot   =       595.4529  EPtot      =     -2627.3195
 BOND   =       246.2757  ANGLE   =       362.9657  DIHED      =       486.3244
 1-4 NB =       157.4472  1-4 EEL =      -345.5428  VDWAALS    =      -326.8439
 EELEC  =      1391.7237  EGB     =     -4599.6695  RESTRAINT  =         0.0000
 ------------------------------------------------------------------------------


 NSTEP =    50200   TIME(PS) =      50.200  TEMP(K) =   310.64  PRESS =     0.0
 Etot   =     -2042.1926  EKtot   =       590.7518  EPtot      =     -2632.9445
 BOND   =       225.4823  ANGLE   =       359.7739  DIHED      =       501.5826
 1-4 NB =       165.1873  1-4 EEL =      -336.8973  VDWAALS    =      -329.6477
 EELEC  =      1374.9389  EGB     =     -4593.3645  RESTRAINT  =         0.0000
 ------------------------------------------------------------------------------


 NSTEP =    50300   TIME(PS) =      50.300  TEMP(K) =   308.93  PRESS =     0.0
 Etot   =     -2051.9264  EKtot   =       587.5129  EPtot      =     -2639.4393
 BOND   =       239.1954  ANGLE   =       372.4823  DIHED      =       496.8687
 1-4 NB =       159.2420  1-4 EEL =      -351.1366  VDWAALS    =      -344.8538
 EELEC  =      1344.8799  EGB     =     -4556.1173  RESTRAINT  =         0.0000
 ------------------------------------------------------------------------------


 NSTEP =    50400   TIME(PS) =      50.400  TEMP(K) =   299.39  PRESS =     0.0
 Etot   =     -2067.7145  EKtot   =       569.3584  EPtot      =     -2637.0729
 BOND   =       237.7643  ANGLE   =       361.9257  DIHED      =       521.7903
 1-4 NB =       153.0308  1-4 EEL =      -356.8134  VDWAALS    =      -347.1823
 EELEC  =      1337.8869  EGB     =     -4545.4752  RESTRAINT  =         0.0000
 ------------------------------------------------------------------------------


 NSTEP =    50500   TIME(PS) =      50.500  TEMP(K) =   301.00  PRESS =     0.0
 Etot   =     -2083.2542  EKtot   =       572.4176  EPtot      =     -2655.6718
 BOND   =       242.9320  ANGLE   =       345.0252  DIHED      =       494.0261
 1-4 NB =       161.7348  1-4 EEL =      -347.2966  VDWAALS    =      -343.0991
 EELEC  =      1362.0855  EGB     =     -4571.0797  RESTRAINT  =         0.0000
 ------------------------------------------------------------------------------


 NSTEP =    50600   TIME(PS) =      50.600  TEMP(K) =   302.69  PRESS =     0.0
 Etot   =     -2085.2968  EKtot   =       575.6363  EPtot      =     -2660.9330
 BOND   =       222.4753  ANGLE   =       362.6000  DIHED      =       483.5247
 1-4 NB =       157.9704  1-4 EEL =      -353.1714  VDWAALS    =      -343.7989
 EELEC  =      1379.8664  EGB     =     -4570.3995  RESTRAINT  =         0.0000
 ------------------------------------------------------------------------------


 NSTEP =    50700   TIME(PS) =      50.700  TEMP(K) =   300.97  PRESS =     0.0
 Etot   =     -2072.1390  EKtot   =       572.3759  EPtot      =     -2644.5149
 BOND   =       215.9435  ANGLE   =       350.0060  DIHED      =       499.6760
 1-4 NB =       167.4419  1-4 EEL =      -326.9599  VDWAALS    =      -344.1069
 EELEC  =      1358.4057  EGB     =     -4564.9213  RESTRAINT  =         0.0000
 ------------------------------------------------------------------------------


 NSTEP =    50800   TIME(PS) =      50.800  TEMP(K) =   304.26  PRESS =     0.0
 Etot   =     -2079.6741  EKtot   =       578.6293  EPtot      =     -2658.3034
 BOND   =       228.6406  ANGLE   =       364.1531  DIHED      =       499.7325
 1-4 NB =       151.7887  1-4 EEL =      -340.5636  VDWAALS    =      -343.4000
 EELEC  =      1340.3169  EGB     =     -4558.9715  RESTRAINT  =         0.0000
 ------------------------------------------------------------------------------


 NSTEP =    50900   TIME(PS) =      50.900  TEMP(K) =   292.81  PRESS =     0.0
 Etot   =     -2080.3668  EKtot   =       556.8541  EPtot      =     -2637.2208
 BOND   =       228.5835  ANGLE   =       355.8820  DIHED      =       513.6743
 1-4 NB =       161.1542  1-4 EEL =      -336.9345  VDWAALS    =      -351.8556
 EELEC  =      1341.4480  EGB     =     -4549.1727  RESTRAINT  =         0.0000
 ------------------------------------------------------------------------------

| RE_POSITION Moving by   0.367588 -0.082992  0.690056

 NSTEP =    51000   TIME(PS) =      51.000  TEMP(K) =   304.96  PRESS =     0.0
 Etot   =     -2085.3554  EKtot   =       579.9542  EPtot      =     -2665.3096
 BOND   =       244.2237  ANGLE   =       322.3477  DIHED      =       504.8038
 1-4 NB =       148.8236  1-4 EEL =      -331.5097  VDWAALS    =      -344.4499
 EELEC  =      1336.4506  EGB     =     -4545.9994  RESTRAINT  =         0.0000
 ------------------------------------------------------------------------------


 NSTEP =    51100   TIME(PS) =      51.100  TEMP(K) =   299.89  PRESS =     0.0
 Etot   =     -2085.5354  EKtot   =       570.3071  EPtot      =     -2655.8425
 BOND   =       227.8360  ANGLE   =       344.3132  DIHED      =       501.6939
 1-4 NB =       158.5680  1-4 EEL =      -332.6278  VDWAALS    =      -346.4537
 EELEC  =      1328.2620  EGB     =     -4537.4339  RESTRAINT  =         0.0000
 ------------------------------------------------------------------------------


 NSTEP =    51200   TIME(PS) =      51.200  TEMP(K) =   302.69  PRESS =     0.0
 Etot   =     -2078.3827  EKtot   =       575.6319  EPtot      =     -2654.0147
 BOND   =       234.0800  ANGLE   =       350.7937  DIHED      =       513.4444
 1-4 NB =       153.3936  1-4 EEL =      -357.2161  VDWAALS    =      -347.0145
 EELEC  =      1346.1889  EGB     =     -4547.6847  RESTRAINT  =         0.0000
 ------------------------------------------------------------------------------


 NSTEP =    51300   TIME(PS) =      51.300  TEMP(K) =   311.28  PRESS =     0.0
 Etot   =     -2077.7209  EKtot   =       591.9674  EPtot      =     -2669.6883
 BOND   =       224.6605  ANGLE   =       346.4798  DIHED      =       503.7982
 1-4 NB =       151.0143  1-4 EEL =      -356.4733  VDWAALS    =      -342.6561
 EELEC  =      1372.7354  EGB     =     -4569.2471  RESTRAINT  =         0.0000
 ------------------------------------------------------------------------------


 NSTEP =    51400   TIME(PS) =      51.400  TEMP(K) =   311.42  PRESS =     0.0
 Etot   =     -2064.2547  EKtot   =       592.2412  EPtot      =     -2656.4959
 BOND   =       222.3922  ANGLE   =       344.0044  DIHED      =       506.3461
 1-4 NB =       157.3352  1-4 EEL =      -339.8465  VDWAALS    =      -343.3115
 EELEC  =      1351.8830  EGB     =     -4555.2987  RESTRAINT  =         0.0000
 ------------------------------------------------------------------------------


 NSTEP =    51500   TIME(PS) =      51.500  TEMP(K) =   303.74  PRESS =     0.0
 Etot   =     -2067.8694  EKtot   =       577.6424  EPtot      =     -2645.5118
 BOND   =       236.3813  ANGLE   =       359.4168  DIHED      =       492.6977
 1-4 NB =       163.3828  1-4 EEL =      -340.8381  VDWAALS    =      -343.3465
 EELEC  =      1351.5262  EGB     =     -4564.7320  RESTRAINT  =         0.0000
 ------------------------------------------------------------------------------


 NSTEP =    51600   TIME(PS) =      51.600  TEMP(K) =   310.40  PRESS =     0.0
 Etot   =     -2053.8976  EKtot   =       590.3049  EPtot      =     -2644.2024
 BOND   =       238.5756  ANGLE   =       343.1711  DIHED      =       508.3302
 1-4 NB =       162.9487  1-4 EEL =      -353.3192  VDWAALS    =      -333.6327
 EELEC  =      1334.8362  EGB     =     -4545.1123  RESTRAINT  =         0.0000
 ------------------------------------------------------------------------------


 NSTEP =    51700   TIME(PS) =      51.700  TEMP(K) =   320.62  PRESS =     0.0
 Etot   =     -2040.0860  EKtot   =       609.7420  EPtot      =     -2649.8280
 BOND   =       224.0921  ANGLE   =       353.5556  DIHED      =       511.2175
 1-4 NB =       151.0504  1-4 EEL =      -348.6185  VDWAALS    =      -338.4723
 EELEC  =      1332.8427  EGB     =     -4535.4955  RESTRAINT  =         0.0000
 ------------------------------------------------------------------------------


 NSTEP =    51800   TIME(PS) =      51.800  TEMP(K) =   315.10  PRESS =     0.0
 Etot   =     -2052.7521  EKtot   =       599.2381  EPtot      =     -2651.9902
 BOND   =       236.3070  ANGLE   =       351.5873  DIHED      =       500.0969
 1-4 NB =       161.2250  1-4 EEL =      -346.8144  VDWAALS    =      -336.3144
 EELEC  =      1324.3517  EGB     =     -4542.4293  RESTRAINT  =         0.0000
 ------------------------------------------------------------------------------


 NSTEP =    51900   TIME(PS) =      51.900  TEMP(K) =   320.08  PRESS =     0.0
 Etot   =     -2050.2279  EKtot   =       608.7133  EPtot      =     -2658.9411
 BOND   =       231.5061  ANGLE   =       339.3602  DIHED      =       497.2999
 1-4 NB =       157.7401  1-4 EEL =      -328.3726  VDWAALS    =      -336.3351
 EELEC  =      1335.5850  EGB     =     -4555.7248  RESTRAINT  =         0.0000
 ------------------------------------------------------------------------------

| RE_POSITION Moving by  -0.140395  0.492818 -0.151967

 NSTEP =    52000   TIME(PS) =      52.000  TEMP(K) =   302.65  PRESS =     0.0
 Etot   =     -2054.8556  EKtot   =       575.5665  EPtot      =     -2630.4221
 BOND   =       231.1967  ANGLE   =       364.0752  DIHED      =       514.5432
 1-4 NB =       156.9539  1-4 EEL =      -360.3310  VDWAALS    =      -340.9278
 EELEC  =      1357.1590  EGB     =     -4553.0913  RESTRAINT  =         0.0000
 ------------------------------------------------------------------------------


 NSTEP =    52100   TIME(PS) =      52.100  TEMP(K) =   311.62  PRESS =     0.0
 Etot   =     -2068.7412  EKtot   =       592.6137  EPtot      =     -2661.3549
 BOND   =       236.3070  ANGLE   =       323.8122  DIHED      =       501.7112
 1-4 NB =       158.6005  1-4 EEL =      -337.4293  VDWAALS    =      -338.2128
 EELEC  =      1348.9718  EGB     =     -4555.1155  RESTRAINT  =         0.0000
 ------------------------------------------------------------------------------


 NSTEP =    52200   TIME(PS) =      52.200  TEMP(K) =   305.11  PRESS =     0.0
 Etot   =     -2062.8099  EKtot   =       580.2481  EPtot      =     -2643.0580
 BOND   =       239.3679  ANGLE   =       356.0620  DIHED      =       504.8779
 1-4 NB =       153.0835  1-4 EEL =      -369.9105  VDWAALS    =      -348.0305
 EELEC  =      1384.7480  EGB     =     -4563.2563  RESTRAINT  =         0.0000
 ------------------------------------------------------------------------------


 NSTEP =    52300   TIME(PS) =      52.300  TEMP(K) =   314.90  PRESS =     0.0
 Etot   =     -2038.3063  EKtot   =       598.8559  EPtot      =     -2637.1622
 BOND   =       217.3758  ANGLE   =       356.7550  DIHED      =       505.0968
 1-4 NB =       164.4439  1-4 EEL =      -348.4703  VDWAALS    =      -328.4378
 EELEC  =      1363.7780  EGB     =     -4567.7036  RESTRAINT  =         0.0000
 ------------------------------------------------------------------------------


 NSTEP =    52400   TIME(PS) =      52.400  TEMP(K) =   311.39  PRESS =     0.0
 Etot   =     -2046.3640  EKtot   =       592.1926  EPtot      =     -2638.5565
 BOND   =       220.3279  ANGLE   =       373.0450  DIHED      =       503.6012
 1-4 NB =       157.8071  1-4 EEL =      -355.7298  VDWAALS    =      -345.3991
 EELEC  =      1390.9870  EGB     =     -4583.1958  RESTRAINT  =         0.0000
 ------------------------------------------------------------------------------


 NSTEP =    52500   TIME(PS) =      52.500  TEMP(K) =   312.03  PRESS =     0.0
 Etot   =     -2037.2423  EKtot   =       593.3991  EPtot      =     -2630.6414
 BOND   =       235.6054  ANGLE   =       344.7311  DIHED      =       514.4369
 1-4 NB =       158.1476  1-4 EEL =      -328.9353  VDWAALS    =      -338.4667
 EELEC  =      1357.1289  EGB     =     -4573.2892  RESTRAINT  =         0.0000
 ------------------------------------------------------------------------------


 NSTEP =    52600   TIME(PS) =      52.600  TEMP(K) =   311.01  PRESS =     0.0
 Etot   =     -2044.3320  EKtot   =       591.4590  EPtot      =     -2635.7911
 BOND   =       250.1711  ANGLE   =       360.0341  DIHED      =       502.0671
 1-4 NB =       147.3309  1-4 EEL =      -359.5368  VDWAALS    =      -338.2025
 EELEC  =      1374.2093  EGB     =     -4571.8641  RESTRAINT  =         0.0000
 ------------------------------------------------------------------------------


 NSTEP =    52700   TIME(PS) =      52.700  TEMP(K) =   301.52  PRESS =     0.0
 Etot   =     -2052.9406  EKtot   =       573.4056  EPtot      =     -2626.3462
 BOND   =       227.9350  ANGLE   =       371.2861  DIHED      =       498.3067
 1-4 NB =       161.0283  1-4 EEL =      -344.9501  VDWAALS    =      -332.4879
 EELEC  =      1365.0329  EGB     =     -4572.4971  RESTRAINT  =         0.0000
 ------------------------------------------------------------------------------


 NSTEP =    52800   TIME(PS) =      52.800  TEMP(K) =   305.45  PRESS =     0.0
 Etot   =     -2076.3546  EKtot   =       580.8904  EPtot      =     -2657.2450
 BOND   =       228.5031  ANGLE   =       374.1476  DIHED      =       481.1714
 1-4 NB =       152.8954  1-4 EEL =      -360.9541  VDWAALS    =      -343.1167
 EELEC  =      1379.4985  EGB     =     -4569.3903  RESTRAINT  =         0.0000
 ------------------------------------------------------------------------------


 NSTEP =    52900   TIME(PS) =      52.900  TEMP(K) =   309.81  PRESS =     0.0
 Etot   =     -2069.8455  EKtot   =       589.1709  EPtot      =     -2659.0164
 BOND   =       228.6557  ANGLE   =       345.9227  DIHED      =       506.4568
 1-4 NB =       153.1896  1-4 EEL =      -343.0088  VDWAALS    =      -340.1176
 EELEC  =      1360.1699  EGB     =     -4570.2846  RESTRAINT  =         0.0000
 ------------------------------------------------------------------------------

| RE_POSITION Moving by  -0.368735  0.049468  0.417938

 NSTEP =    53000   TIME(PS) =      53.000  TEMP(K) =   306.50  PRESS =     0.0
 Etot   =     -2057.9988  EKtot   =       582.8884  EPtot      =     -2640.8872
 BOND   =       249.5189  ANGLE   =       340.2716  DIHED      =       493.3415
 1-4 NB =       160.4289  1-4 EEL =      -343.3039  VDWAALS    =      -338.5722
 EELEC  =      1343.5619  EGB     =     -4546.1337  RESTRAINT  =         0.0000
 ------------------------------------------------------------------------------


 NSTEP =    53100   TIME(PS) =      53.100  TEMP(K) =   310.57  PRESS =     0.0
 Etot   =     -2065.6132  EKtot   =       590.6233  EPtot      =     -2656.2365
 BOND   =       231.6252  ANGLE   =       336.1867  DIHED      =       506.1500
 1-4 NB =       158.3366  1-4 EEL =      -331.9404  VDWAALS    =      -347.0202
 EELEC  =      1351.3008  EGB     =     -4560.8752  RESTRAINT  =         0.0000
 ------------------------------------------------------------------------------


 NSTEP =    53200   TIME(PS) =      53.200  TEMP(K) =   306.66  PRESS =     0.0
 Etot   =     -2073.9083  EKtot   =       583.1928  EPtot      =     -2657.1011
 BOND   =       238.9618  ANGLE   =       332.4472  DIHED      =       512.7782
 1-4 NB =       157.6396  1-4 EEL =      -354.6783  VDWAALS    =      -345.7897
 EELEC  =      1326.5769  EGB     =     -4525.0368  RESTRAINT  =         0.0000
 ------------------------------------------------------------------------------


 NSTEP =    53300   TIME(PS) =      53.300  TEMP(K) =   309.56  PRESS =     0.0
 Etot   =     -2085.6659  EKtot   =       588.7004  EPtot      =     -2674.3663
 BOND   =       228.4489  ANGLE   =       328.1248  DIHED      =       515.8566
 1-4 NB =       155.0121  1-4 EEL =      -351.8782  VDWAALS    =      -344.4164
 EELEC  =      1355.3779  EGB     =     -4560.8921  RESTRAINT  =         0.0000
 ------------------------------------------------------------------------------


 NSTEP =    53400   TIME(PS) =      53.400  TEMP(K) =   306.57  PRESS =     0.0
 Etot   =     -2078.6250  EKtot   =       583.0155  EPtot      =     -2661.6405
 BOND   =       228.4518  ANGLE   =       328.0765  DIHED      =       512.3147
 1-4 NB =       162.6136  1-4 EEL =      -355.8880  VDWAALS    =      -346.6241
 EELEC  =      1365.4895  EGB     =     -4556.0745  RESTRAINT  =         0.0000
 ------------------------------------------------------------------------------


 NSTEP =    53500   TIME(PS) =      53.500  TEMP(K) =   296.80  PRESS =     0.0
 Etot   =     -2079.9751  EKtot   =       564.4339  EPtot      =     -2644.4090
 BOND   =       241.5804  ANGLE   =       336.0423  DIHED      =       518.4865
 1-4 NB =       150.1777  1-4 EEL =      -346.3557  VDWAALS    =      -344.5144
 EELEC  =      1374.8797  EGB     =     -4574.7054  RESTRAINT  =         0.0000
 ------------------------------------------------------------------------------


 NSTEP =    53600   TIME(PS) =      53.600  TEMP(K) =   305.11  PRESS =     0.0
 Etot   =     -2066.6770  EKtot   =       580.2402  EPtot      =     -2646.9172
 BOND   =       230.2035  ANGLE   =       334.6486  DIHED      =       516.7314
 1-4 NB =       162.4711  1-4 EEL =      -347.5423  VDWAALS    =      -334.5940
 EELEC  =      1336.1578  EGB     =     -4544.9932  RESTRAINT  =         0.0000
 ------------------------------------------------------------------------------


 NSTEP =    53700   TIME(PS) =      53.700  TEMP(K) =   299.77  PRESS =     0.0
 Etot   =     -2068.7091  EKtot   =       570.0843  EPtot      =     -2638.7934
 BOND   =       229.9044  ANGLE   =       349.7706  DIHED      =       507.7553
 1-4 NB =       160.8409  1-4 EEL =      -345.6864  VDWAALS    =      -334.6660
 EELEC  =      1344.9599  EGB     =     -4551.6721  RESTRAINT  =         0.0000
 ------------------------------------------------------------------------------


 NSTEP =    53800   TIME(PS) =      53.800  TEMP(K) =   302.23  PRESS =     0.0
 Etot   =     -2075.0957  EKtot   =       574.7671  EPtot      =     -2649.8629
 BOND   =       243.9424  ANGLE   =       332.0648  DIHED      =       508.0659
 1-4 NB =       160.4542  1-4 EEL =      -325.9616  VDWAALS    =      -341.4456
 EELEC  =      1319.4608  EGB     =     -4546.4438  RESTRAINT  =         0.0000
 ------------------------------------------------------------------------------


 NSTEP =    53900   TIME(PS) =      53.900  TEMP(K) =   299.29  PRESS =     0.0
 Etot   =     -2077.9727  EKtot   =       569.1753  EPtot      =     -2647.1480
 BOND   =       242.7810  ANGLE   =       336.8920  DIHED      =       505.9146
 1-4 NB =       157.6767  1-4 EEL =      -349.1392  VDWAALS    =      -338.2446
 EELEC  =      1337.8872  EGB     =     -4540.9157  RESTRAINT  =         0.0000
 ------------------------------------------------------------------------------

| RE_POSITION Moving by  -0.157807 -0.208853 -1.823796

 NSTEP =    54000   TIME(PS) =      54.000  TEMP(K) =   297.90  PRESS =     0.0
 Etot   =     -2094.7689  EKtot   =       566.5203  EPtot      =     -2661.2892
 BOND   =       238.1167  ANGLE   =       329.1854  DIHED      =       511.5077
 1-4 NB =       151.7560  1-4 EEL =      -356.2558  VDWAALS    =      -347.3865
 EELEC  =      1344.6456  EGB     =     -4532.8582  RESTRAINT  =         0.0000
 ------------------------------------------------------------------------------


 NSTEP =    54100   TIME(PS) =      54.100  TEMP(K) =   305.19  PRESS =     0.0
 Etot   =     -2086.4834  EKtot   =       580.3857  EPtot      =     -2666.8691
 BOND   =       240.7127  ANGLE   =       332.7542  DIHED      =       502.8615
 1-4 NB =       154.6381  1-4 EEL =      -363.5428  VDWAALS    =      -334.3385
 EELEC  =      1336.7219  EGB     =     -4536.6761  RESTRAINT  =         0.0000
 ------------------------------------------------------------------------------


 NSTEP =    54200   TIME(PS) =      54.200  TEMP(K) =   290.49  PRESS =     0.0
 Etot   =     -2113.7189  EKtot   =       552.4459  EPtot      =     -2666.1648
 BOND   =       216.0440  ANGLE   =       319.6559  DIHED      =       519.0831
 1-4 NB =       166.1006  1-4 EEL =      -328.5312  VDWAALS    =      -337.9606
 EELEC  =      1309.7941  EGB     =     -4530.3507  RESTRAINT  =         0.0000
 ------------------------------------------------------------------------------


 NSTEP =    54300   TIME(PS) =      54.300  TEMP(K) =   293.60  PRESS =     0.0
 Etot   =     -2121.7864  EKtot   =       558.3503  EPtot      =     -2680.1367
 BOND   =       232.1706  ANGLE   =       317.1895  DIHED      =       510.0938
 1-4 NB =       157.5843  1-4 EEL =      -354.5610  VDWAALS    =      -338.2369
 EELEC  =      1346.7668  EGB     =     -4551.1438  RESTRAINT  =         0.0000
 ------------------------------------------------------------------------------


 NSTEP =    54400   TIME(PS) =      54.400  TEMP(K) =   293.30  PRESS =     0.0
 Etot   =     -2114.6875  EKtot   =       557.7716  EPtot      =     -2672.4590
 BOND   =       223.2859  ANGLE   =       334.6470  DIHED      =       502.6245
 1-4 NB =       153.1117  1-4 EEL =      -341.5476  VDWAALS    =      -338.8110
 EELEC  =      1331.4072  EGB     =     -4537.1768  RESTRAINT  =         0.0000
 ------------------------------------------------------------------------------


 NSTEP =    54500   TIME(PS) =      54.500  TEMP(K) =   286.73  PRESS =     0.0
 Etot   =     -2131.2719  EKtot   =       545.2933  EPtot      =     -2676.5652
 BOND   =       228.6769  ANGLE   =       342.2024  DIHED      =       501.8875
 1-4 NB =       150.6464  1-4 EEL =      -351.2785  VDWAALS    =      -333.1372
 EELEC  =      1324.6944  EGB     =     -4540.2571  RESTRAINT  =         0.0000
 ------------------------------------------------------------------------------


 NSTEP =    54600   TIME(PS) =      54.600  TEMP(K) =   295.43  PRESS =     0.0
 Etot   =     -2133.8176  EKtot   =       561.8260  EPtot      =     -2695.6436
 BOND   =       224.0996  ANGLE   =       319.6660  DIHED      =       493.0697
 1-4 NB =       154.9659  1-4 EEL =      -342.9246  VDWAALS    =      -330.5602
 EELEC  =      1323.0555  EGB     =     -4537.0154  RESTRAINT  =         0.0000
 ------------------------------------------------------------------------------


 NSTEP =    54700   TIME(PS) =      54.700  TEMP(K) =   287.95  PRESS =     0.0
 Etot   =     -2135.0964  EKtot   =       547.6008  EPtot      =     -2682.6972
 BOND   =       208.8510  ANGLE   =       338.2252  DIHED      =       482.9360
 1-4 NB =       161.3006  1-4 EEL =      -332.9647  VDWAALS    =      -332.7690
 EELEC  =      1342.9724  EGB     =     -4551.2488  RESTRAINT  =         0.0000
 ------------------------------------------------------------------------------


 NSTEP =    54800   TIME(PS) =      54.800  TEMP(K) =   292.18  PRESS =     0.0
 Etot   =     -2125.5888  EKtot   =       555.6470  EPtot      =     -2681.2358
 BOND   =       227.9392  ANGLE   =       333.8311  DIHED      =       482.3954
 1-4 NB =       157.2112  1-4 EEL =      -338.3594  VDWAALS    =      -331.2669
 EELEC  =      1344.0962  EGB     =     -4557.0825  RESTRAINT  =         0.0000
 ------------------------------------------------------------------------------


 NSTEP =    54900   TIME(PS) =      54.900  TEMP(K) =   296.72  PRESS =     0.0
 Etot   =     -2106.1916  EKtot   =       564.2785  EPtot      =     -2670.4701
 BOND   =       222.6916  ANGLE   =       350.1515  DIHED      =       489.7780
 1-4 NB =       158.0495  1-4 EEL =      -345.6317  VDWAALS    =      -325.7860
 EELEC  =      1345.1249  EGB     =     -4564.8480  RESTRAINT  =         0.0000
 ------------------------------------------------------------------------------

| RE_POSITION Moving by   0.312963 -0.055899  0.286705

 NSTEP =    55000   TIME(PS) =      55.000  TEMP(K) =   294.61  PRESS =     0.0
 Etot   =     -2092.1313  EKtot   =       560.2797  EPtot      =     -2652.4110
 BOND   =       220.8717  ANGLE   =       358.6799  DIHED      =       510.2997
 1-4 NB =       151.0715  1-4 EEL =      -355.4614  VDWAALS    =      -341.5944
 EELEC  =      1360.1887  EGB     =     -4556.4667  RESTRAINT  =         0.0000
 ------------------------------------------------------------------------------


 NSTEP =    55100   TIME(PS) =      55.100  TEMP(K) =   292.34  PRESS =     0.0
 Etot   =     -2099.6820  EKtot   =       555.9583  EPtot      =     -2655.6403
 BOND   =       217.1756  ANGLE   =       366.1789  DIHED      =       500.2932
 1-4 NB =       162.2985  1-4 EEL =      -392.1733  VDWAALS    =      -335.5948
 EELEC  =      1405.2176  EGB     =     -4579.0361  RESTRAINT  =         0.0000
 ------------------------------------------------------------------------------


 NSTEP =    55200   TIME(PS) =      55.200  TEMP(K) =   295.35  PRESS =     0.0
 Etot   =     -2122.5564  EKtot   =       561.6824  EPtot      =     -2684.2387
 BOND   =       215.4325  ANGLE   =       337.2910  DIHED      =       492.3020
 1-4 NB =       153.1843  1-4 EEL =      -347.1245  VDWAALS    =      -330.7453
 EELEC  =      1357.9748  EGB     =     -4562.5536  RESTRAINT  =         0.0000
 ------------------------------------------------------------------------------


 NSTEP =    55300   TIME(PS) =      55.300  TEMP(K) =   287.21  PRESS =     0.0
 Etot   =     -2116.6644  EKtot   =       546.2068  EPtot      =     -2662.8712
 BOND   =       219.9003  ANGLE   =       333.6128  DIHED      =       507.9338
 1-4 NB =       164.7459  1-4 EEL =      -353.5298  VDWAALS    =      -334.6629
 EELEC  =      1374.6155  EGB     =     -4575.4867  RESTRAINT  =         0.0000
 ------------------------------------------------------------------------------


 NSTEP =    55400   TIME(PS) =      55.400  TEMP(K) =   295.97  PRESS =     0.0
 Etot   =     -2112.6402  EKtot   =       562.8606  EPtot      =     -2675.5008
 BOND   =       238.9996  ANGLE   =       317.8479  DIHED      =       496.7318
 1-4 NB =       157.6794  1-4 EEL =      -342.8367  VDWAALS    =      -339.0048
 EELEC  =      1380.0553  EGB     =     -4584.9733  RESTRAINT  =         0.0000
 ------------------------------------------------------------------------------


 NSTEP =    55500   TIME(PS) =      55.500  TEMP(K) =   302.55  PRESS =     0.0
 Etot   =     -2101.5581  EKtot   =       575.3669  EPtot      =     -2676.9250
 BOND   =       232.1922  ANGLE   =       312.3782  DIHED      =       497.7720
 1-4 NB =       154.2744  1-4 EEL =      -328.4943  VDWAALS    =      -336.7960
 EELEC  =      1358.6956  EGB     =     -4566.9471  RESTRAINT  =         0.0000
 ------------------------------------------------------------------------------


 NSTEP =    55600   TIME(PS) =      55.600  TEMP(K) =   299.30  PRESS =     0.0
 Etot   =     -2095.8333  EKtot   =       569.1988  EPtot      =     -2665.0321
 BOND   =       238.4193  ANGLE   =       317.7714  DIHED      =       513.1466
 1-4 NB =       162.1836  1-4 EEL =      -344.1659  VDWAALS    =      -341.0998
 EELEC  =      1350.4036  EGB     =     -4561.6909  RESTRAINT  =         0.0000
 ------------------------------------------------------------------------------


 NSTEP =    55700   TIME(PS) =      55.700  TEMP(K) =   294.69  PRESS =     0.0
 Etot   =     -2090.9725  EKtot   =       560.4153  EPtot      =     -2651.3877
 BOND   =       224.4580  ANGLE   =       340.8796  DIHED      =       516.1573
 1-4 NB =       158.7570  1-4 EEL =      -347.6875  VDWAALS    =      -331.5059
 EELEC  =      1363.6197  EGB     =     -4576.0659  RESTRAINT  =         0.0000
 ------------------------------------------------------------------------------


 NSTEP =    55800   TIME(PS) =      55.800  TEMP(K) =   307.27  PRESS =     0.0
 Etot   =     -2098.0074  EKtot   =       584.3558  EPtot      =     -2682.3632
 BOND   =       210.9783  ANGLE   =       345.6971  DIHED      =       492.2105
 1-4 NB =       155.0281  1-4 EEL =      -343.1831  VDWAALS    =      -335.1972
 EELEC  =      1364.7202  EGB     =     -4572.6172  RESTRAINT  =         0.0000
 ------------------------------------------------------------------------------


 NSTEP =    55900   TIME(PS) =      55.900  TEMP(K) =   294.98  PRESS =     0.0
 Etot   =     -2098.8544  EKtot   =       560.9758  EPtot      =     -2659.8302
 BOND   =       205.6831  ANGLE   =       352.6134  DIHED      =       506.0443
 1-4 NB =       159.1592  1-4 EEL =      -345.3682  VDWAALS    =      -334.7577
 EELEC  =      1385.7860  EGB     =     -4588.9902  RESTRAINT  =         0.0000
 ------------------------------------------------------------------------------

| RE_POSITION Moving by   0.237017 -0.023954 -0.884928

 NSTEP =    56000   TIME(PS) =      56.000  TEMP(K) =   298.56  PRESS =     0.0
 Etot   =     -2109.6065  EKtot   =       567.7802  EPtot      =     -2677.3867
 BOND   =       217.0160  ANGLE   =       344.5844  DIHED      =       492.7227
 1-4 NB =       158.7823  1-4 EEL =      -334.4144  VDWAALS    =      -338.0586
 EELEC  =      1357.9001  EGB     =     -4575.9191  RESTRAINT  =         0.0000
 ------------------------------------------------------------------------------


 NSTEP =    56100   TIME(PS) =      56.100  TEMP(K) =   278.86  PRESS =     0.0
 Etot   =     -2117.3674  EKtot   =       530.3237  EPtot      =     -2647.6911
 BOND   =       220.1584  ANGLE   =       364.5542  DIHED      =       508.4607
 1-4 NB =       158.1504  1-4 EEL =      -360.7380  VDWAALS    =      -335.5330
 EELEC  =      1376.0498  EGB     =     -4578.7936  RESTRAINT  =         0.0000
 ------------------------------------------------------------------------------


 NSTEP =    56200   TIME(PS) =      56.200  TEMP(K) =   292.48  PRESS =     0.0
 Etot   =     -2124.5046  EKtot   =       556.2133  EPtot      =     -2680.7179
 BOND   =       220.0670  ANGLE   =       329.3089  DIHED      =       498.7868
 1-4 NB =       157.1529  1-4 EEL =      -325.1124  VDWAALS    =      -344.7563
 EELEC  =      1374.1465  EGB     =     -4590.3113  RESTRAINT  =         0.0000
 ------------------------------------------------------------------------------


 NSTEP =    56300   TIME(PS) =      56.300  TEMP(K) =   302.65  PRESS =     0.0
 Etot   =     -2092.5015  EKtot   =       575.5600  EPtot      =     -2668.0615
 BOND   =       232.0070  ANGLE   =       339.7441  DIHED      =       496.2902
 1-4 NB =       153.4076  1-4 EEL =      -355.8814  VDWAALS    =      -333.7300
 EELEC  =      1373.3752  EGB     =     -4573.2743  RESTRAINT  =         0.0000
 ------------------------------------------------------------------------------


 NSTEP =    56400   TIME(PS) =      56.400  TEMP(K) =   306.88  PRESS =     0.0
 Etot   =     -2089.0802  EKtot   =       583.6142  EPtot      =     -2672.6944
 BOND   =       219.7074  ANGLE   =       329.6302  DIHED      =       499.5259
 1-4 NB =       166.9122  1-4 EEL =      -342.8644  VDWAALS    =      -340.2337
 EELEC  =      1353.1259  EGB     =     -4558.4978  RESTRAINT  =         0.0000
 ------------------------------------------------------------------------------


 NSTEP =    56500   TIME(PS) =      56.500  TEMP(K) =   287.35  PRESS =     0.0
 Etot   =     -2104.4312  EKtot   =       546.4727  EPtot      =     -2650.9039
 BOND   =       238.6578  ANGLE   =       329.6182  DIHED      =       507.9660
 1-4 NB =       157.5435  1-4 EEL =      -343.4475  VDWAALS    =      -345.7204
 EELEC  =      1369.1040  EGB     =     -4564.6254  RESTRAINT  =         0.0000
 ------------------------------------------------------------------------------


 NSTEP =    56600   TIME(PS) =      56.600  TEMP(K) =   286.72  PRESS =     0.0
 Etot   =     -2106.0033  EKtot   =       545.2675  EPtot      =     -2651.2708
 BOND   =       226.1778  ANGLE   =       357.8013  DIHED      =       506.6144
 1-4 NB =       151.8792  1-4 EEL =      -337.5832  VDWAALS    =      -347.0633
 EELEC  =      1375.1572  EGB     =     -4584.2542  RESTRAINT  =         0.0000
 ------------------------------------------------------------------------------


 NSTEP =    56700   TIME(PS) =      56.700  TEMP(K) =   300.37  PRESS =     0.0
 Etot   =     -2113.2984  EKtot   =       571.2346  EPtot      =     -2684.5329
 BOND   =       211.7950  ANGLE   =       333.1900  DIHED      =       498.7388
 1-4 NB =       156.9439  1-4 EEL =      -335.6707  VDWAALS    =      -344.4966
 EELEC  =      1374.6160  EGB     =     -4579.6491  RESTRAINT  =         0.0000
 ------------------------------------------------------------------------------


 NSTEP =    56800   TIME(PS) =      56.800  TEMP(K) =   287.86  PRESS =     0.0
 Etot   =     -2127.9100  EKtot   =       547.4319  EPtot      =     -2675.3419
 BOND   =       232.7100  ANGLE   =       322.6530  DIHED      =       495.6330
 1-4 NB =       159.3686  1-4 EEL =      -326.3861  VDWAALS    =      -336.7556
 EELEC  =      1355.3955  EGB     =     -4577.9601  RESTRAINT  =         0.0000
 ------------------------------------------------------------------------------


 NSTEP =    56900   TIME(PS) =      56.900  TEMP(K) =   298.24  PRESS =     0.0
 Etot   =     -2128.6825  EKtot   =       567.1846  EPtot      =     -2695.8671
 BOND   =       226.5794  ANGLE   =       321.4779  DIHED      =       506.9691
 1-4 NB =       149.6847  1-4 EEL =      -352.4897  VDWAALS    =      -336.7740
 EELEC  =      1361.3525  EGB     =     -4572.6670  RESTRAINT  =         0.0000
 ------------------------------------------------------------------------------

| RE_POSITION Moving by   0.104985  0.293475 -0.563608

 NSTEP =    57000   TIME(PS) =      57.000  TEMP(K) =   291.89  PRESS =     0.0
 Etot   =     -2119.1736  EKtot   =       555.0922  EPtot      =     -2674.2658
 BOND   =       222.1352  ANGLE   =       344.6450  DIHED      =       495.2255
 1-4 NB =       157.8739  1-4 EEL =      -332.0066  VDWAALS    =      -335.3647
 EELEC  =      1338.7317  EGB     =     -4565.5058  RESTRAINT  =         0.0000
 ------------------------------------------------------------------------------


 NSTEP =    57100   TIME(PS) =      57.100  TEMP(K) =   290.12  PRESS =     0.0
 Etot   =     -2137.9191  EKtot   =       551.7307  EPtot      =     -2689.6497
 BOND   =       233.4354  ANGLE   =       321.6152  DIHED      =       506.7642
 1-4 NB =       154.8026  1-4 EEL =      -364.1130  VDWAALS    =      -336.3211
 EELEC  =      1354.1242  EGB     =     -4559.9571  RESTRAINT  =         0.0000
 ------------------------------------------------------------------------------


 NSTEP =    57200   TIME(PS) =      57.200  TEMP(K) =   296.65  PRESS =     0.0
 Etot   =     -2117.2179  EKtot   =       564.1522  EPtot      =     -2681.3700
 BOND   =       235.5026  ANGLE   =       320.3106  DIHED      =       493.6997
 1-4 NB =       154.8467  1-4 EEL =      -351.3368  VDWAALS    =      -337.2730
 EELEC  =      1378.4123  EGB     =     -4575.5321  RESTRAINT  =         0.0000
 ------------------------------------------------------------------------------


 NSTEP =    57300   TIME(PS) =      57.300  TEMP(K) =   293.00  PRESS =     0.0
 Etot   =     -2107.7851  EKtot   =       557.2169  EPtot      =     -2665.0020
 BOND   =       228.6724  ANGLE   =       340.0971  DIHED      =       504.0442
 1-4 NB =       157.6100  1-4 EEL =      -341.0809  VDWAALS    =      -338.3858
 EELEC  =      1333.7034  EGB     =     -4549.6624  RESTRAINT  =         0.0000
 ------------------------------------------------------------------------------


 NSTEP =    57400   TIME(PS) =      57.400  TEMP(K) =   292.23  PRESS =     0.0
 Etot   =     -2094.4998  EKtot   =       555.7508  EPtot      =     -2650.2506
 BOND   =       237.6222  ANGLE   =       336.1474  DIHED      =       500.8228
 1-4 NB =       163.6935  1-4 EEL =      -328.5361  VDWAALS    =      -339.5072
 EELEC  =      1302.3255  EGB     =     -4522.8186  RESTRAINT  =         0.0000
 ------------------------------------------------------------------------------


 NSTEP =    57500   TIME(PS) =      57.500  TEMP(K) =   297.59  PRESS =     0.0
 Etot   =     -2086.9815  EKtot   =       565.9469  EPtot      =     -2652.9284
 BOND   =       227.2719  ANGLE   =       336.1153  DIHED      =       508.6762
 1-4 NB =       159.7681  1-4 EEL =      -341.5235  VDWAALS    =      -330.0041
 EELEC  =      1313.4789  EGB     =     -4526.7112  RESTRAINT  =         0.0000
 ------------------------------------------------------------------------------


 NSTEP =    57600   TIME(PS) =      57.600  TEMP(K) =   310.07  PRESS =     0.0
 Etot   =     -2089.2247  EKtot   =       589.6802  EPtot      =     -2678.9049
 BOND   =       212.2772  ANGLE   =       344.7767  DIHED      =       500.1752
 1-4 NB =       159.6211  1-4 EEL =      -357.4661  VDWAALS    =      -328.1014
 EELEC  =      1309.3959  EGB     =     -4519.5836  RESTRAINT  =         0.0000
 ------------------------------------------------------------------------------


 NSTEP =    57700   TIME(PS) =      57.700  TEMP(K) =   286.60  PRESS =     0.0
 Etot   =     -2096.2940  EKtot   =       545.0386  EPtot      =     -2641.3326
 BOND   =       243.9160  ANGLE   =       326.8275  DIHED      =       505.2130
 1-4 NB =       160.4750  1-4 EEL =      -335.2771  VDWAALS    =      -321.9565
 EELEC  =      1286.9650  EGB     =     -4507.4955  RESTRAINT  =         0.0000
 ------------------------------------------------------------------------------


 NSTEP =    57800   TIME(PS) =      57.800  TEMP(K) =   288.95  PRESS =     0.0
 Etot   =     -2102.9233  EKtot   =       549.5064  EPtot      =     -2652.4297
 BOND   =       216.7616  ANGLE   =       358.9355  DIHED      =       496.3129
 1-4 NB =       154.7470  1-4 EEL =      -316.2976  VDWAALS    =      -326.0211
 EELEC  =      1282.5862  EGB     =     -4519.4542  RESTRAINT  =         0.0000
 ------------------------------------------------------------------------------


 NSTEP =    57900   TIME(PS) =      57.900  TEMP(K) =   291.69  PRESS =     0.0
 Etot   =     -2101.7858  EKtot   =       554.7172  EPtot      =     -2656.5030
 BOND   =       233.6025  ANGLE   =       325.3454  DIHED      =       501.7791
 1-4 NB =       157.5191  1-4 EEL =      -320.1609  VDWAALS    =      -323.7224
 EELEC  =      1270.0605  EGB     =     -4500.9263  RESTRAINT  =         0.0000
 ------------------------------------------------------------------------------

| RE_POSITION Moving by  -0.099468  0.443013 -0.191043

 NSTEP =    58000   TIME(PS) =      58.000  TEMP(K) =   282.10  PRESS =     0.0
 Etot   =     -2107.6121  EKtot   =       536.4761  EPtot      =     -2644.0882
 BOND   =       240.2356  ANGLE   =       338.6763  DIHED      =       504.9293
 1-4 NB =       156.1680  1-4 EEL =      -325.6807  VDWAALS    =      -332.6514
 EELEC  =      1278.1445  EGB     =     -4503.9097  RESTRAINT  =         0.0000
 ------------------------------------------------------------------------------


 NSTEP =    58100   TIME(PS) =      58.100  TEMP(K) =   293.40  PRESS =     0.0
 Etot   =     -2115.8728  EKtot   =       557.9724  EPtot      =     -2673.8452
 BOND   =       216.8925  ANGLE   =       331.8494  DIHED      =       502.2879
 1-4 NB =       158.4357  1-4 EEL =      -335.5320  VDWAALS    =      -329.8469
 EELEC  =      1288.6553  EGB     =     -4506.5871  RESTRAINT  =         0.0000
 ------------------------------------------------------------------------------


 NSTEP =    58200   TIME(PS) =      58.200  TEMP(K) =   283.89  PRESS =     0.0
 Etot   =     -2132.4044  EKtot   =       539.8818  EPtot      =     -2672.2862
 BOND   =       206.8690  ANGLE   =       327.2547  DIHED      =       504.6219
 1-4 NB =       160.1610  1-4 EEL =      -330.1793  VDWAALS    =      -313.6035
 EELEC  =      1269.4117  EGB     =     -4496.8216  RESTRAINT  =         0.0000
 ------------------------------------------------------------------------------


 NSTEP =    58300   TIME(PS) =      58.300  TEMP(K) =   286.77  PRESS =     0.0
 Etot   =     -2133.6656  EKtot   =       545.3684  EPtot      =     -2679.0340
 BOND   =       214.9966  ANGLE   =       340.6427  DIHED      =       498.4130
 1-4 NB =       158.1441  1-4 EEL =      -354.7318  VDWAALS    =      -322.5151
 EELEC  =      1334.0091  EGB     =     -4547.9927  RESTRAINT  =         0.0000
 ------------------------------------------------------------------------------


 NSTEP =    58400   TIME(PS) =      58.400  TEMP(K) =   278.93  PRESS =     0.0
 Etot   =     -2122.7895  EKtot   =       530.4509  EPtot      =     -2653.2404
 BOND   =       225.9743  ANGLE   =       335.9077  DIHED      =       509.5479
 1-4 NB =       158.9818  1-4 EEL =      -360.5313  VDWAALS    =      -321.0773
 EELEC  =      1346.6991  EGB     =     -4548.7428  RESTRAINT  =         0.0000
 ------------------------------------------------------------------------------


 NSTEP =    58500   TIME(PS) =      58.500  TEMP(K) =   306.20  PRESS =     0.0
 Etot   =     -2102.7841  EKtot   =       582.3133  EPtot      =     -2685.0974
 BOND   =       190.3575  ANGLE   =       334.7002  DIHED      =       513.2085
 1-4 NB =       159.9409  1-4 EEL =      -357.2083  VDWAALS    =      -323.9879
 EELEC  =      1335.0679  EGB     =     -4537.1762  RESTRAINT  =         0.0000
 ------------------------------------------------------------------------------


 NSTEP =    58600   TIME(PS) =      58.600  TEMP(K) =   295.73  PRESS =     0.0
 Etot   =     -2092.2545  EKtot   =       562.4013  EPtot      =     -2654.6558
 BOND   =       239.5955  ANGLE   =       327.6892  DIHED      =       503.9948
 1-4 NB =       151.7856  1-4 EEL =      -348.5951  VDWAALS    =      -323.2994
 EELEC  =      1320.8516  EGB     =     -4526.6779  RESTRAINT  =         0.0000
 ------------------------------------------------------------------------------


 NSTEP =    58700   TIME(PS) =      58.700  TEMP(K) =   295.53  PRESS =     0.0
 Etot   =     -2089.0165  EKtot   =       562.0152  EPtot      =     -2651.0318
 BOND   =       231.2900  ANGLE   =       343.3484  DIHED      =       502.4650
 1-4 NB =       156.1937  1-4 EEL =      -331.2237  VDWAALS    =      -329.2966
 EELEC  =      1299.4407  EGB     =     -4523.2492  RESTRAINT  =         0.0000
 ------------------------------------------------------------------------------


 NSTEP =    58800   TIME(PS) =      58.800  TEMP(K) =   306.08  PRESS =     0.0
 Etot   =     -2069.6388  EKtot   =       582.0931  EPtot      =     -2651.7319
 BOND   =       221.4480  ANGLE   =       327.1422  DIHED      =       509.0961
 1-4 NB =       161.5202  1-4 EEL =      -330.6583  VDWAALS    =      -323.4512
 EELEC  =      1298.1318  EGB     =     -4514.9608  RESTRAINT  =         0.0000
 ------------------------------------------------------------------------------


 NSTEP =    58900   TIME(PS) =      58.900  TEMP(K) =   314.39  PRESS =     0.0
 Etot   =     -2069.0856  EKtot   =       597.8890  EPtot      =     -2666.9746
 BOND   =       241.7486  ANGLE   =       318.7978  DIHED      =       507.7011
 1-4 NB =       153.4185  1-4 EEL =      -354.5745  VDWAALS    =      -323.2145
 EELEC  =      1288.5793  EGB     =     -4499.4309  RESTRAINT  =         0.0000
 ------------------------------------------------------------------------------

| RE_POSITION Moving by  -0.103209  0.070079  1.092954

 NSTEP =    59000   TIME(PS) =      59.000  TEMP(K) =   310.65  PRESS =     0.0
 Etot   =     -2059.7752  EKtot   =       590.7676  EPtot      =     -2650.5429
 BOND   =       220.1317  ANGLE   =       341.9222  DIHED      =       511.4524
 1-4 NB =       156.1101  1-4 EEL =      -340.7424  VDWAALS    =      -318.4602
 EELEC  =      1280.6829  EGB     =     -4501.6395  RESTRAINT  =         0.0000
 ------------------------------------------------------------------------------


 NSTEP =    59100   TIME(PS) =      59.100  TEMP(K) =   307.66  PRESS =     0.0
 Etot   =     -2069.8884  EKtot   =       585.0932  EPtot      =     -2654.9816
 BOND   =       217.3244  ANGLE   =       348.6981  DIHED      =       504.1758
 1-4 NB =       151.6304  1-4 EEL =      -323.4282  VDWAALS    =      -322.5967
 EELEC  =      1280.3465  EGB     =     -4511.1319  RESTRAINT  =         0.0000
 ------------------------------------------------------------------------------


 NSTEP =    59200   TIME(PS) =      59.200  TEMP(K) =   299.42  PRESS =     0.0
 Etot   =     -2058.3491  EKtot   =       569.4276  EPtot      =     -2627.7767
 BOND   =       227.1295  ANGLE   =       346.1778  DIHED      =       498.3697
 1-4 NB =       166.7653  1-4 EEL =      -318.9806  VDWAALS    =      -317.0291
 EELEC  =      1288.0064  EGB     =     -4518.2156  RESTRAINT  =         0.0000
 ------------------------------------------------------------------------------


 NSTEP =    59300   TIME(PS) =      59.300  TEMP(K) =   301.57  PRESS =     0.0
 Etot   =     -2059.7090  EKtot   =       573.5164  EPtot      =     -2633.2254
 BOND   =       249.4467  ANGLE   =       337.4420  DIHED      =       508.6098
 1-4 NB =       148.9247  1-4 EEL =      -358.3940  VDWAALS    =      -305.2866
 EELEC  =      1308.4143  EGB     =     -4522.3823  RESTRAINT  =         0.0000
 ------------------------------------------------------------------------------


 NSTEP =    59400   TIME(PS) =      59.400  TEMP(K) =   301.12  PRESS =     0.0
 Etot   =     -2082.9384  EKtot   =       572.6555  EPtot      =     -2655.5938
 BOND   =       220.9017  ANGLE   =       317.0940  DIHED      =       508.8329
 1-4 NB =       158.8556  1-4 EEL =      -328.2897  VDWAALS    =      -313.1883
 EELEC  =      1319.7332  EGB     =     -4539.5332  RESTRAINT  =         0.0000
 ------------------------------------------------------------------------------


 NSTEP =    59500   TIME(PS) =      59.500  TEMP(K) =   283.18  PRESS =     0.0
 Etot   =     -2093.1834  EKtot   =       538.5333  EPtot      =     -2631.7166
 BOND   =       238.8725  ANGLE   =       360.1264  DIHED      =       496.6726
 1-4 NB =       155.3613  1-4 EEL =      -364.4257  VDWAALS    =      -319.1933
 EELEC  =      1328.3165  EGB     =     -4527.4470  RESTRAINT  =         0.0000
 ------------------------------------------------------------------------------


 NSTEP =    59600   TIME(PS) =      59.600  TEMP(K) =   300.85  PRESS =     0.0
 Etot   =     -2107.5848  EKtot   =       572.1374  EPtot      =     -2679.7222
 BOND   =       234.7523  ANGLE   =       302.8884  DIHED      =       492.2551
 1-4 NB =       160.3398  1-4 EEL =      -331.0358  VDWAALS    =      -317.0692
 EELEC  =      1306.0292  EGB     =     -4527.8821  RESTRAINT  =         0.0000
 ------------------------------------------------------------------------------


 NSTEP =    59700   TIME(PS) =      59.700  TEMP(K) =   279.51  PRESS =     0.0
 Etot   =     -2104.7544  EKtot   =       531.5564  EPtot      =     -2636.3108
 BOND   =       247.3843  ANGLE   =       336.2066  DIHED      =       493.6330
 1-4 NB =       155.7764  1-4 EEL =      -333.9854  VDWAALS    =      -320.7567
 EELEC  =      1298.6103  EGB     =     -4513.1792  RESTRAINT  =         0.0000
 ------------------------------------------------------------------------------


 NSTEP =    59800   TIME(PS) =      59.800  TEMP(K) =   292.23  PRESS =     0.0
 Etot   =     -2100.1410  EKtot   =       555.7477  EPtot      =     -2655.8887
 BOND   =       225.0113  ANGLE   =       339.3108  DIHED      =       498.2667
 1-4 NB =       154.6978  1-4 EEL =      -342.8535  VDWAALS    =      -316.6950
 EELEC  =      1308.8758  EGB     =     -4522.5027  RESTRAINT  =         0.0000
 ------------------------------------------------------------------------------


 NSTEP =    59900   TIME(PS) =      59.900  TEMP(K) =   294.21  PRESS =     0.0
 Etot   =     -2105.2275  EKtot   =       559.5182  EPtot      =     -2664.7457
 BOND   =       239.0343  ANGLE   =       332.6653  DIHED      =       491.7204
 1-4 NB =       159.6444  1-4 EEL =      -356.8550  VDWAALS    =      -318.4886
 EELEC  =      1314.5513  EGB     =     -4527.0179  RESTRAINT  =         0.0000
 ------------------------------------------------------------------------------

| RE_POSITION Moving by  -0.112912  0.515584  0.251094

 NSTEP =    60000   TIME(PS) =      60.000  TEMP(K) =   277.40  PRESS =     0.0
 Etot   =     -2104.0227  EKtot   =       527.5485  EPtot      =     -2631.5712
 BOND   =       240.1858  ANGLE   =       339.8669  DIHED      =       502.3570
 1-4 NB =       156.1684  1-4 EEL =      -336.0376  VDWAALS    =      -321.9067
 EELEC  =      1323.7446  EGB     =     -4535.9497  RESTRAINT  =         0.0000
 ------------------------------------------------------------------------------


 NSTEP =    60100   TIME(PS) =      60.100  TEMP(K) =   296.37  PRESS =     0.0
 Etot   =     -2097.1683  EKtot   =       563.6154  EPtot      =     -2660.7837
 BOND   =       217.3762  ANGLE   =       349.1178  DIHED      =       505.7350
 1-4 NB =       157.0586  1-4 EEL =      -364.8332  VDWAALS    =      -314.7083
 EELEC  =      1319.5422  EGB     =     -4530.0720  RESTRAINT  =         0.0000
 ------------------------------------------------------------------------------


 NSTEP =    60200   TIME(PS) =      60.200  TEMP(K) =   309.90  PRESS =     0.0
 Etot   =     -2091.1705  EKtot   =       589.3491  EPtot      =     -2680.5196
 BOND   =       225.0416  ANGLE   =       312.3780  DIHED      =       508.1169
 1-4 NB =       163.6379  1-4 EEL =      -334.4882  VDWAALS    =      -323.7273
 EELEC  =      1302.8176  EGB     =     -4534.2960  RESTRAINT  =         0.0000
 ------------------------------------------------------------------------------


 NSTEP =    60300   TIME(PS) =      60.300  TEMP(K) =   285.66  PRESS =     0.0
 Etot   =     -2088.8308  EKtot   =       543.2574  EPtot      =     -2632.0882
 BOND   =       239.6691  ANGLE   =       357.3592  DIHED      =       512.4490
 1-4 NB =       148.9293  1-4 EEL =      -372.6309  VDWAALS    =      -328.2411
 EELEC  =      1349.4478  EGB     =     -4539.0707  RESTRAINT  =         0.0000
 ------------------------------------------------------------------------------


 NSTEP =    60400   TIME(PS) =      60.400  TEMP(K) =   285.33  PRESS =     0.0
 Etot   =     -2099.9975  EKtot   =       542.6335  EPtot      =     -2642.6310
 BOND   =       220.2424  ANGLE   =       354.2450  DIHED      =       502.4461
 1-4 NB =       168.6753  1-4 EEL =      -354.7275  VDWAALS    =      -331.0321
 EELEC  =      1332.3276  EGB     =     -4534.8079  RESTRAINT  =         0.0000
 ------------------------------------------------------------------------------


 NSTEP =    60500   TIME(PS) =      60.500  TEMP(K) =   294.25  PRESS =     0.0
 Etot   =     -2141.4679  EKtot   =       559.5918  EPtot      =     -2701.0597
 BOND   =       218.3186  ANGLE   =       331.0383  DIHED      =       498.7545
 1-4 NB =       153.9882  1-4 EEL =      -343.8496  VDWAALS    =      -326.3810
 EELEC  =      1315.6658  EGB     =     -4548.5944  RESTRAINT  =         0.0000
 ------------------------------------------------------------------------------


 NSTEP =    60600   TIME(PS) =      60.600  TEMP(K) =   287.54  PRESS =     0.0
 Etot   =     -2132.3494  EKtot   =       546.8332  EPtot      =     -2679.1826
 BOND   =       217.3443  ANGLE   =       334.4051  DIHED      =       505.1904
 1-4 NB =       156.2846  1-4 EEL =      -353.1142  VDWAALS    =      -329.8680
 EELEC  =      1339.0863  EGB     =     -4548.5111  RESTRAINT  =         0.0000
 ------------------------------------------------------------------------------


 NSTEP =    60700   TIME(PS) =      60.700  TEMP(K) =   284.66  PRESS =     0.0
 Etot   =     -2137.1174  EKtot   =       541.3416  EPtot      =     -2678.4590
 BOND   =       223.8544  ANGLE   =       325.2713  DIHED      =       495.1481
 1-4 NB =       158.5112  1-4 EEL =      -347.6031  VDWAALS    =      -335.9367
 EELEC  =      1357.7085  EGB     =     -4555.4128  RESTRAINT  =         0.0000
 ------------------------------------------------------------------------------


 NSTEP =    60800   TIME(PS) =      60.800  TEMP(K) =   291.29  PRESS =     0.0
 Etot   =     -2135.3369  EKtot   =       553.9572  EPtot      =     -2689.2941
 BOND   =       219.0315  ANGLE   =       338.6343  DIHED      =       500.8538
 1-4 NB =       156.3351  1-4 EEL =      -365.2992  VDWAALS    =      -339.2195
 EELEC  =      1369.7733  EGB     =     -4569.4035  RESTRAINT  =         0.0000
 ------------------------------------------------------------------------------


 NSTEP =    60900   TIME(PS) =      60.900  TEMP(K) =   290.68  PRESS =     0.0
 Etot   =     -2132.8381  EKtot   =       552.8042  EPtot      =     -2685.6423
 BOND   =       241.3003  ANGLE   =       313.7711  DIHED      =       490.2973
 1-4 NB =       158.0974  1-4 EEL =      -338.8661  VDWAALS    =      -333.2814
 EELEC  =      1356.0212  EGB     =     -4572.9821  RESTRAINT  =         0.0000
 ------------------------------------------------------------------------------

| RE_POSITION Moving by  -0.262467 -0.752955 -0.564600

 NSTEP =    61000   TIME(PS) =      61.000  TEMP(K) =   278.69  PRESS =     0.0
 Etot   =     -2136.0692  EKtot   =       529.9928  EPtot      =     -2666.0620
 BOND   =       240.3289  ANGLE   =       342.3320  DIHED      =       489.2004
 1-4 NB =       148.2567  1-4 EEL =      -344.7409  VDWAALS    =      -335.6960
 EELEC  =      1364.8035  EGB     =     -4570.5466  RESTRAINT  =         0.0000
 ------------------------------------------------------------------------------


 NSTEP =    61100   TIME(PS) =      61.100  TEMP(K) =   283.71  PRESS =     0.0
 Etot   =     -2136.2136  EKtot   =       539.5516  EPtot      =     -2675.7652
 BOND   =       222.1641  ANGLE   =       322.8015  DIHED      =       508.0760
 1-4 NB =       162.1726  1-4 EEL =      -361.4331  VDWAALS    =      -338.7334
 EELEC  =      1378.8042  EGB     =     -4569.6172  RESTRAINT  =         0.0000
 ------------------------------------------------------------------------------


 NSTEP =    61200   TIME(PS) =      61.200  TEMP(K) =   287.62  PRESS =     0.0
 Etot   =     -2121.6117  EKtot   =       546.9807  EPtot      =     -2668.5924
 BOND   =       239.7827  ANGLE   =       347.6546  DIHED      =       490.5063
 1-4 NB =       162.1059  1-4 EEL =      -363.1777  VDWAALS    =      -335.6086
 EELEC  =      1356.2363  EGB     =     -4566.0920  RESTRAINT  =         0.0000
 ------------------------------------------------------------------------------


 NSTEP =    61300   TIME(PS) =      61.300  TEMP(K) =   276.21  PRESS =     0.0
 Etot   =     -2153.7055  EKtot   =       525.2726  EPtot      =     -2678.9782
 BOND   =       220.0450  ANGLE   =       336.5921  DIHED      =       495.3948
 1-4 NB =       155.5652  1-4 EEL =      -345.5419  VDWAALS    =      -331.9529
 EELEC  =      1370.3042  EGB     =     -4579.3847  RESTRAINT  =         0.0000
 ------------------------------------------------------------------------------


 NSTEP =    61400   TIME(PS) =      61.400  TEMP(K) =   289.32  PRESS =     0.0
 Etot   =     -2151.8423  EKtot   =       550.2063  EPtot      =     -2702.0486
 BOND   =       204.8768  ANGLE   =       333.9180  DIHED      =       491.8007
 1-4 NB =       156.0172  1-4 EEL =      -352.0680  VDWAALS    =      -339.0224
 EELEC  =      1353.9682  EGB     =     -4551.5391  RESTRAINT  =         0.0000
 ------------------------------------------------------------------------------


 NSTEP =    61500   TIME(PS) =      61.500  TEMP(K) =   299.01  PRESS =     0.0
 Etot   =     -2150.1528  EKtot   =       568.6324  EPtot      =     -2718.7853
 BOND   =       203.5356  ANGLE   =       337.5430  DIHED      =       486.3736
 1-4 NB =       158.7187  1-4 EEL =      -364.5097  VDWAALS    =      -340.1251
 EELEC  =      1368.6494  EGB     =     -4568.9706  RESTRAINT  =         0.0000
 ------------------------------------------------------------------------------


 NSTEP =    61600   TIME(PS) =      61.600  TEMP(K) =   294.15  PRESS =     0.0
 Etot   =     -2152.7094  EKtot   =       559.3907  EPtot      =     -2712.1001
 BOND   =       222.3274  ANGLE   =       345.3913  DIHED      =       486.6101
 1-4 NB =       145.7906  1-4 EEL =      -371.4503  VDWAALS    =      -346.2387
 EELEC  =      1356.4873  EGB     =     -4551.0177  RESTRAINT  =         0.0000
 ------------------------------------------------------------------------------


 NSTEP =    61700   TIME(PS) =      61.700  TEMP(K) =   282.58  PRESS =     0.0
 Etot   =     -2159.8053  EKtot   =       537.3973  EPtot      =     -2697.2027
 BOND   =       227.1222  ANGLE   =       332.2369  DIHED      =       486.6697
 1-4 NB =       158.0817  1-4 EEL =      -367.4053  VDWAALS    =      -331.5190
 EELEC  =      1357.2531  EGB     =     -4559.6419  RESTRAINT  =         0.0000
 ------------------------------------------------------------------------------


 NSTEP =    61800   TIME(PS) =      61.800  TEMP(K) =   288.92  PRESS =     0.0
 Etot   =     -2133.9060  EKtot   =       549.4601  EPtot      =     -2683.3660
 BOND   =       222.0849  ANGLE   =       349.7316  DIHED      =       492.6648
 1-4 NB =       153.9132  1-4 EEL =      -351.1223  VDWAALS    =      -337.3563
 EELEC  =      1355.7332  EGB     =     -4569.0150  RESTRAINT  =         0.0000
 ------------------------------------------------------------------------------


 NSTEP =    61900   TIME(PS) =      61.900  TEMP(K) =   293.63  PRESS =     0.0
 Etot   =     -2130.6659  EKtot   =       558.4074  EPtot      =     -2689.0733
 BOND   =       210.8512  ANGLE   =       319.1256  DIHED      =       510.5338
 1-4 NB =       165.0136  1-4 EEL =      -358.2245  VDWAALS    =      -335.9143
 EELEC  =      1381.0058  EGB     =     -4581.4646  RESTRAINT  =         0.0000
 ------------------------------------------------------------------------------

| RE_POSITION Moving by  -0.152854 -0.090786 -0.189879

 NSTEP =    62000   TIME(PS) =      62.000  TEMP(K) =   295.04  PRESS =     0.0
 Etot   =     -2141.7107  EKtot   =       561.0968  EPtot      =     -2702.8075
 BOND   =       221.0518  ANGLE   =       303.0372  DIHED      =       507.7145
 1-4 NB =       149.9350  1-4 EEL =      -343.8689  VDWAALS    =      -338.0287
 EELEC  =      1378.0018  EGB     =     -4580.6502  RESTRAINT  =         0.0000
 ------------------------------------------------------------------------------


 NSTEP =    62100   TIME(PS) =      62.100  TEMP(K) =   286.71  PRESS =     0.0
 Etot   =     -2161.1779  EKtot   =       545.2410  EPtot      =     -2706.4190
 BOND   =       225.2687  ANGLE   =       320.1095  DIHED      =       497.9522
 1-4 NB =       151.2383  1-4 EEL =      -356.9458  VDWAALS    =      -342.0753
 EELEC  =      1367.5002  EGB     =     -4569.4666  RESTRAINT  =         0.0000
 ------------------------------------------------------------------------------


 NSTEP =    62200   TIME(PS) =      62.200  TEMP(K) =   280.81  PRESS =     0.0
 Etot   =     -2149.3183  EKtot   =       534.0289  EPtot      =     -2683.3471
 BOND   =       222.4901  ANGLE   =       322.5813  DIHED      =       513.4909
 1-4 NB =       155.9895  1-4 EEL =      -348.1179  VDWAALS    =      -341.0704
 EELEC  =      1351.2430  EGB     =     -4559.9536  RESTRAINT  =         0.0000
 ------------------------------------------------------------------------------


 NSTEP =    62300   TIME(PS) =      62.300  TEMP(K) =   288.26  PRESS =     0.0
 Etot   =     -2156.9572  EKtot   =       548.1971  EPtot      =     -2705.1543
 BOND   =       217.4254  ANGLE   =       344.6454  DIHED      =       486.5994
 1-4 NB =       152.7433  1-4 EEL =      -365.7035  VDWAALS    =      -341.8344
 EELEC  =      1372.2966  EGB     =     -4571.3265  RESTRAINT  =         0.0000
 ------------------------------------------------------------------------------


 NSTEP =    62400   TIME(PS) =      62.400  TEMP(K) =   288.32  PRESS =     0.0
 Etot   =     -2147.5268  EKtot   =       548.3182  EPtot      =     -2695.8451
 BOND   =       220.5144  ANGLE   =       323.5295  DIHED      =       484.4020
 1-4 NB =       159.6487  1-4 EEL =      -337.4744  VDWAALS    =      -335.6558
 EELEC  =      1350.9775  EGB     =     -4561.7868  RESTRAINT  =         0.0000
 ------------------------------------------------------------------------------


 NSTEP =    62500   TIME(PS) =      62.500  TEMP(K) =   279.65  PRESS =     0.0
 Etot   =     -2139.5896  EKtot   =       531.8236  EPtot      =     -2671.4132
 BOND   =       228.0794  ANGLE   =       335.9992  DIHED      =       503.5857
 1-4 NB =       154.5359  1-4 EEL =      -339.9946  VDWAALS    =      -335.6119
 EELEC  =      1320.5637  EGB     =     -4538.5706  RESTRAINT  =         0.0000
 ------------------------------------------------------------------------------


 NSTEP =    62600   TIME(PS) =      62.600  TEMP(K) =   285.40  PRESS =     0.0
 Etot   =     -2140.6855  EKtot   =       542.7567  EPtot      =     -2683.4422
 BOND   =       232.6980  ANGLE   =       322.4945  DIHED      =       494.8307
 1-4 NB =       154.3483  1-4 EEL =      -346.0042  VDWAALS    =      -336.0308
 EELEC  =      1337.9439  EGB     =     -4543.7227  RESTRAINT  =         0.0000
 ------------------------------------------------------------------------------


 NSTEP =    62700   TIME(PS) =      62.700  TEMP(K) =   280.04  PRESS =     0.0
 Etot   =     -2114.1435  EKtot   =       532.5575  EPtot      =     -2646.7011
 BOND   =       246.5552  ANGLE   =       342.0787  DIHED      =       494.6537
 1-4 NB =       154.8525  1-4 EEL =      -359.7817  VDWAALS    =      -337.6133
 EELEC  =      1340.8711  EGB     =     -4528.3172  RESTRAINT  =         0.0000
 ------------------------------------------------------------------------------


 NSTEP =    62800   TIME(PS) =      62.800  TEMP(K) =   299.95  PRESS =     0.0
 Etot   =     -2122.5657  EKtot   =       570.4232  EPtot      =     -2692.9889
 BOND   =       209.8152  ANGLE   =       327.4624  DIHED      =       499.2085
 1-4 NB =       161.4654  1-4 EEL =      -336.7459  VDWAALS    =      -347.3622
 EELEC  =      1330.4535  EGB     =     -4537.2858  RESTRAINT  =         0.0000
 ------------------------------------------------------------------------------


 NSTEP =    62900   TIME(PS) =      62.900  TEMP(K) =   281.53  PRESS =     0.0
 Etot   =     -2130.5701  EKtot   =       535.3892  EPtot      =     -2665.9592
 BOND   =       238.0563  ANGLE   =       340.4110  DIHED      =       501.4515
 1-4 NB =       152.4073  1-4 EEL =      -350.8750  VDWAALS    =      -342.5291
 EELEC  =      1350.7390  EGB     =     -4555.6203  RESTRAINT  =         0.0000
 ------------------------------------------------------------------------------

| RE_POSITION Moving by  -0.085166  0.452384  0.328967

 NSTEP =    63000   TIME(PS) =      63.000  TEMP(K) =   279.83  PRESS =     0.0
 Etot   =     -2135.7455  EKtot   =       532.1577  EPtot      =     -2667.9032
 BOND   =       217.8055  ANGLE   =       321.4918  DIHED      =       508.7283
 1-4 NB =       162.1291  1-4 EEL =      -322.9892  VDWAALS    =      -346.9560
 EELEC  =      1346.6520  EGB     =     -4554.7648  RESTRAINT  =         0.0000
 ------------------------------------------------------------------------------


 NSTEP =    63100   TIME(PS) =      63.100  TEMP(K) =   296.26  PRESS =     0.0
 Etot   =     -2140.6487  EKtot   =       563.4181  EPtot      =     -2704.0668
 BOND   =       214.6458  ANGLE   =       330.9420  DIHED      =       495.4179
 1-4 NB =       154.1909  1-4 EEL =      -361.4811  VDWAALS    =      -343.4765
 EELEC  =      1336.0226  EGB     =     -4530.3284  RESTRAINT  =         0.0000
 ------------------------------------------------------------------------------


 NSTEP =    63200   TIME(PS) =      63.200  TEMP(K) =   298.15  PRESS =     0.0
 Etot   =     -2120.6059  EKtot   =       567.0042  EPtot      =     -2687.6101
 BOND   =       224.0662  ANGLE   =       306.5906  DIHED      =       510.7383
 1-4 NB =       157.2755  1-4 EEL =      -348.8478  VDWAALS    =      -331.1486
 EELEC  =      1333.7772  EGB     =     -4540.0614  RESTRAINT  =         0.0000
 ------------------------------------------------------------------------------


 NSTEP =    63300   TIME(PS) =      63.300  TEMP(K) =   289.08  PRESS =     0.0
 Etot   =     -2109.2985  EKtot   =       549.7519  EPtot      =     -2659.0504
 BOND   =       232.4005  ANGLE   =       319.5256  DIHED      =       522.1309
 1-4 NB =       155.5381  1-4 EEL =      -335.6930  VDWAALS    =      -329.9651
 EELEC  =      1286.6383  EGB     =     -4509.6257  RESTRAINT  =         0.0000
 ------------------------------------------------------------------------------


 NSTEP =    63400   TIME(PS) =      63.400  TEMP(K) =   298.16  PRESS =     0.0
 Etot   =     -2095.2059  EKtot   =       567.0244  EPtot      =     -2662.2302
 BOND   =       210.3123  ANGLE   =       331.9723  DIHED      =       510.2761
 1-4 NB =       162.3376  1-4 EEL =      -320.2244  VDWAALS    =      -338.8052
 EELEC  =      1309.7754  EGB     =     -4527.8742  RESTRAINT  =         0.0000
 ------------------------------------------------------------------------------


 NSTEP =    63500   TIME(PS) =      63.500  TEMP(K) =   300.84  PRESS =     0.0
 Etot   =     -2068.3324  EKtot   =       572.1254  EPtot      =     -2640.4578
 BOND   =       248.0419  ANGLE   =       337.4183  DIHED      =       510.1527
 1-4 NB =       155.1253  1-4 EEL =      -357.0973  VDWAALS    =      -343.1960
 EELEC  =      1335.9748  EGB     =     -4526.8775  RESTRAINT  =         0.0000
 ------------------------------------------------------------------------------


 NSTEP =    63600   TIME(PS) =      63.600  TEMP(K) =   304.81  PRESS =     0.0
 Etot   =     -2070.7319  EKtot   =       579.6653  EPtot      =     -2650.3972
 BOND   =       232.0514  ANGLE   =       340.8237  DIHED      =       504.5514
 1-4 NB =       156.8776  1-4 EEL =      -340.3417  VDWAALS    =      -332.5682
 EELEC  =      1335.9970  EGB     =     -4547.7883  RESTRAINT  =         0.0000
 ------------------------------------------------------------------------------


 NSTEP =    63700   TIME(PS) =      63.700  TEMP(K) =   299.59  PRESS =     0.0
 Etot   =     -2064.0443  EKtot   =       569.7352  EPtot      =     -2633.7795
 BOND   =       205.7228  ANGLE   =       347.9078  DIHED      =       533.7313
 1-4 NB =       166.6529  1-4 EEL =      -336.7579  VDWAALS    =      -334.3209
 EELEC  =      1322.6092  EGB     =     -4539.3247  RESTRAINT  =         0.0000
 ------------------------------------------------------------------------------


 NSTEP =    63800   TIME(PS) =      63.800  TEMP(K) =   298.88  PRESS =     0.0
 Etot   =     -2079.8337  EKtot   =       568.4008  EPtot      =     -2648.2345
 BOND   =       248.9940  ANGLE   =       338.9943  DIHED      =       512.8714
 1-4 NB =       145.5751  1-4 EEL =      -342.1989  VDWAALS    =      -334.5211
 EELEC  =      1335.2263  EGB     =     -4553.1758  RESTRAINT  =         0.0000
 ------------------------------------------------------------------------------


 NSTEP =    63900   TIME(PS) =      63.900  TEMP(K) =   306.20  PRESS =     0.0
 Etot   =     -2048.7583  EKtot   =       582.3188  EPtot      =     -2631.0771
 BOND   =       232.2413  ANGLE   =       353.4630  DIHED      =       512.6837
 1-4 NB =       159.8804  1-4 EEL =      -339.6083  VDWAALS    =      -340.4381
 EELEC  =      1333.0559  EGB     =     -4542.3550  RESTRAINT  =         0.0000
 ------------------------------------------------------------------------------

| RE_POSITION Moving by  -0.317381 -0.023369  0.115562

 NSTEP =    64000   TIME(PS) =      64.000  TEMP(K) =   309.89  PRESS =     0.0
 Etot   =     -2074.4893  EKtot   =       589.3228  EPtot      =     -2663.8121
 BOND   =       219.7981  ANGLE   =       329.5502  DIHED      =       518.3733
 1-4 NB =       161.0590  1-4 EEL =      -337.1980  VDWAALS    =      -344.3374
 EELEC  =      1308.6408  EGB     =     -4519.6982  RESTRAINT  =         0.0000
 ------------------------------------------------------------------------------


 NSTEP =    64100   TIME(PS) =      64.100  TEMP(K) =   307.46  PRESS =     0.0
 Etot   =     -2076.7278  EKtot   =       584.7063  EPtot      =     -2661.4341
 BOND   =       240.7510  ANGLE   =       334.0691  DIHED      =       503.5146
 1-4 NB =       156.9531  1-4 EEL =      -343.4707  VDWAALS    =      -344.4376
 EELEC  =      1311.1505  EGB     =     -4519.9641  RESTRAINT  =         0.0000
 ------------------------------------------------------------------------------


 NSTEP =    64200   TIME(PS) =      64.200  TEMP(K) =   303.58  PRESS =     0.0
 Etot   =     -2076.4022  EKtot   =       577.3278  EPtot      =     -2653.7300
 BOND   =       263.6055  ANGLE   =       323.1315  DIHED      =       506.8486
 1-4 NB =       144.7013  1-4 EEL =      -349.0397  VDWAALS    =      -339.5504
 EELEC  =      1338.4660  EGB     =     -4541.8929  RESTRAINT  =         0.0000
 ------------------------------------------------------------------------------


 NSTEP =    64300   TIME(PS) =      64.300  TEMP(K) =   295.77  PRESS =     0.0
 Etot   =     -2101.5699  EKtot   =       562.4704  EPtot      =     -2664.0403
 BOND   =       238.9450  ANGLE   =       331.4223  DIHED      =       502.5988
 1-4 NB =       162.5369  1-4 EEL =      -362.7030  VDWAALS    =      -333.9936
 EELEC  =      1363.8900  EGB     =     -4566.7367  RESTRAINT  =         0.0000
 ------------------------------------------------------------------------------


 NSTEP =    64400   TIME(PS) =      64.400  TEMP(K) =   300.75  PRESS =     0.0
 Etot   =     -2104.4528  EKtot   =       571.9500  EPtot      =     -2676.4028
 BOND   =       198.7080  ANGLE   =       347.0855  DIHED      =       493.1354
 1-4 NB =       163.7247  1-4 EEL =      -339.4762  VDWAALS    =      -333.3679
 EELEC  =      1355.2824  EGB     =     -4561.4947  RESTRAINT  =         0.0000
 ------------------------------------------------------------------------------


 NSTEP =    64500   TIME(PS) =      64.500  TEMP(K) =   292.82  PRESS =     0.0
 Etot   =     -2109.7469  EKtot   =       556.8728  EPtot      =     -2666.6196
 BOND   =       231.0033  ANGLE   =       332.8000  DIHED      =       486.5349
 1-4 NB =       162.8983  1-4 EEL =      -329.9653  VDWAALS    =      -325.4559
 EELEC  =      1322.6630  EGB     =     -4547.0978  RESTRAINT  =         0.0000
 ------------------------------------------------------------------------------


 NSTEP =    64600   TIME(PS) =      64.600  TEMP(K) =   282.10  PRESS =     0.0
 Etot   =     -2117.4948  EKtot   =       536.4726  EPtot      =     -2653.9674
 BOND   =       241.4861  ANGLE   =       352.9356  DIHED      =       493.1806
 1-4 NB =       152.7692  1-4 EEL =      -355.8669  VDWAALS    =      -339.7692
 EELEC  =      1343.6328  EGB     =     -4542.3356  RESTRAINT  =         0.0000
 ------------------------------------------------------------------------------


 NSTEP =    64700   TIME(PS) =      64.700  TEMP(K) =   304.57  PRESS =     0.0
 Etot   =     -2111.5880  EKtot   =       579.2074  EPtot      =     -2690.7954
 BOND   =       208.1957  ANGLE   =       339.0649  DIHED      =       491.2380
 1-4 NB =       161.1818  1-4 EEL =      -330.8838  VDWAALS    =      -340.8717
 EELEC  =      1297.6250  EGB     =     -4516.3453  RESTRAINT  =         0.0000
 ------------------------------------------------------------------------------


 NSTEP =    64800   TIME(PS) =      64.800  TEMP(K) =   295.71  PRESS =     0.0
 Etot   =     -2112.4818  EKtot   =       562.3606  EPtot      =     -2674.8424
 BOND   =       214.9354  ANGLE   =       346.0929  DIHED      =       502.4505
 1-4 NB =       156.7512  1-4 EEL =      -329.0812  VDWAALS    =      -332.2886
 EELEC  =      1286.0825  EGB     =     -4519.7852  RESTRAINT  =         0.0000
 ------------------------------------------------------------------------------


 NSTEP =    64900   TIME(PS) =      64.900  TEMP(K) =   284.65  PRESS =     0.0
 Etot   =     -2118.2893  EKtot   =       541.3405  EPtot      =     -2659.6298
 BOND   =       227.0761  ANGLE   =       348.5152  DIHED      =       496.5624
 1-4 NB =       162.5111  1-4 EEL =      -343.8430  VDWAALS    =      -329.8597
 EELEC  =      1336.4490  EGB     =     -4557.0409  RESTRAINT  =         0.0000
 ------------------------------------------------------------------------------

| RE_POSITION Moving by  -0.271465  0.073541 -0.172397

 NSTEP =    65000   TIME(PS) =      65.000  TEMP(K) =   294.83  PRESS =     0.0
 Etot   =     -2132.9505  EKtot   =       560.6859  EPtot      =     -2693.6364
 BOND   =       224.8996  ANGLE   =       334.6742  DIHED      =       488.6705
 1-4 NB =       152.8930  1-4 EEL =      -372.2289  VDWAALS    =      -341.3186
 EELEC  =      1360.3265  EGB     =     -4541.5527  RESTRAINT  =         0.0000
 ------------------------------------------------------------------------------


 NSTEP =    65100   TIME(PS) =      65.100  TEMP(K) =   286.73  PRESS =     0.0
 Etot   =     -2134.7200  EKtot   =       545.2791  EPtot      =     -2679.9991
 BOND   =       221.3354  ANGLE   =       330.8740  DIHED      =       485.5601
 1-4 NB =       162.0627  1-4 EEL =      -333.8937  VDWAALS    =      -327.9927
 EELEC  =      1343.6030  EGB     =     -4561.5479  RESTRAINT  =         0.0000
 ------------------------------------------------------------------------------


 NSTEP =    65200   TIME(PS) =      65.200  TEMP(K) =   308.46  PRESS =     0.0
 Etot   =     -2120.4257  EKtot   =       586.6186  EPtot      =     -2707.0443
 BOND   =       207.2628  ANGLE   =       339.1730  DIHED      =       492.7198
 1-4 NB =       158.1413  1-4 EEL =      -344.4451  VDWAALS    =      -334.0764
 EELEC  =      1301.4922  EGB     =     -4527.3119  RESTRAINT  =         0.0000
 ------------------------------------------------------------------------------


 NSTEP =    65300   TIME(PS) =      65.300  TEMP(K) =   309.17  PRESS =     0.0
 Etot   =     -2111.9754  EKtot   =       587.9550  EPtot      =     -2699.9304
 BOND   =       213.9983  ANGLE   =       329.0051  DIHED      =       501.3625
 1-4 NB =       163.5643  1-4 EEL =      -341.4543  VDWAALS    =      -344.2116
 EELEC  =      1298.2383  EGB     =     -4520.4330  RESTRAINT  =         0.0000
 ------------------------------------------------------------------------------


 NSTEP =    65400   TIME(PS) =      65.400  TEMP(K) =   300.45  PRESS =     0.0
 Etot   =     -2108.1719  EKtot   =       571.3788  EPtot      =     -2679.5507
 BOND   =       223.9024  ANGLE   =       361.4569  DIHED      =       493.8401
 1-4 NB =       147.7049  1-4 EEL =      -375.3245  VDWAALS    =      -340.0524
 EELEC  =      1334.2583  EGB     =     -4525.3364  RESTRAINT  =         0.0000
 ------------------------------------------------------------------------------


 NSTEP =    65500   TIME(PS) =      65.500  TEMP(K) =   305.71  PRESS =     0.0
 Etot   =     -2100.2302  EKtot   =       581.3851  EPtot      =     -2681.6153
 BOND   =       224.4096  ANGLE   =       334.9866  DIHED      =       483.5296
 1-4 NB =       162.7631  1-4 EEL =      -341.4280  VDWAALS    =      -338.9167
 EELEC  =      1341.7451  EGB     =     -4548.7046  RESTRAINT  =         0.0000
 ------------------------------------------------------------------------------


 NSTEP =    65600   TIME(PS) =      65.600  TEMP(K) =   298.78  PRESS =     0.0
 Etot   =     -2091.9937  EKtot   =       568.1968  EPtot      =     -2660.1904
 BOND   =       231.0178  ANGLE   =       362.8871  DIHED      =       491.9130
 1-4 NB =       162.5265  1-4 EEL =      -362.6876  VDWAALS    =      -336.3814
 EELEC  =      1323.6120  EGB     =     -4533.0779  RESTRAINT  =         0.0000
 ------------------------------------------------------------------------------


 NSTEP =    65700   TIME(PS) =      65.700  TEMP(K) =   306.51  PRESS =     0.0
 Etot   =     -2081.7906  EKtot   =       582.9026  EPtot      =     -2664.6932
 BOND   =       224.5173  ANGLE   =       349.8169  DIHED      =       487.9826
 1-4 NB =       158.5365  1-4 EEL =      -331.9875  VDWAALS    =      -332.3489
 EELEC  =      1304.5594  EGB     =     -4525.7695  RESTRAINT  =         0.0000
 ------------------------------------------------------------------------------


 NSTEP =    65800   TIME(PS) =      65.800  TEMP(K) =   292.33  PRESS =     0.0
 Etot   =     -2091.5922  EKtot   =       555.9371  EPtot      =     -2647.5293
 BOND   =       234.6831  ANGLE   =       342.6896  DIHED      =       498.6531
 1-4 NB =       156.4453  1-4 EEL =      -342.7132  VDWAALS    =      -339.1620
 EELEC  =      1339.5990  EGB     =     -4537.7242  RESTRAINT  =         0.0000
 ------------------------------------------------------------------------------


 NSTEP =    65900   TIME(PS) =      65.900  TEMP(K) =   303.33  PRESS =     0.0
 Etot   =     -2091.6189  EKtot   =       576.8552  EPtot      =     -2668.4741
 BOND   =       228.2861  ANGLE   =       319.9727  DIHED      =       502.4749
 1-4 NB =       163.3919  1-4 EEL =      -340.8440  VDWAALS    =      -335.1514
 EELEC  =      1345.0333  EGB     =     -4551.6377  RESTRAINT  =         0.0000
 ------------------------------------------------------------------------------

| RE_POSITION Moving by   0.642879  0.009787 -0.726271

 NSTEP =    66000   TIME(PS) =      66.000  TEMP(K) =   306.04  PRESS =     0.0
 Etot   =     -2093.1503  EKtot   =       582.0143  EPtot      =     -2675.1646
 BOND   =       239.7269  ANGLE   =       326.8464  DIHED      =       507.9678
 1-4 NB =       152.7506  1-4 EEL =      -360.2217  VDWAALS    =      -338.6128
 EELEC  =      1326.2666  EGB     =     -4529.8884  RESTRAINT  =         0.0000
 ------------------------------------------------------------------------------


 NSTEP =    66100   TIME(PS) =      66.100  TEMP(K) =   286.14  PRESS =     0.0
 Etot   =     -2112.9405  EKtot   =       544.1613  EPtot      =     -2657.1018
 BOND   =       226.1641  ANGLE   =       341.7821  DIHED      =       500.0814
 1-4 NB =       159.8748  1-4 EEL =      -333.6241  VDWAALS    =      -339.2996
 EELEC  =      1334.4930  EGB     =     -4546.5735  RESTRAINT  =         0.0000
 ------------------------------------------------------------------------------


 NSTEP =    66200   TIME(PS) =      66.200  TEMP(K) =   315.16  PRESS =     0.0
 Etot   =     -2113.1573  EKtot   =       599.3452  EPtot      =     -2712.5025
 BOND   =       209.2213  ANGLE   =       308.0758  DIHED      =       497.1473
 1-4 NB =       153.1516  1-4 EEL =      -345.0013  VDWAALS    =      -336.5114
 EELEC  =      1312.5251  EGB     =     -4511.1110  RESTRAINT  =         0.0000
 ------------------------------------------------------------------------------


 NSTEP =    66300   TIME(PS) =      66.300  TEMP(K) =   299.00  PRESS =     0.0
 Etot   =     -2094.4916  EKtot   =       568.6235  EPtot      =     -2663.1151
 BOND   =       241.1082  ANGLE   =       320.8570  DIHED      =       502.7495
 1-4 NB =       154.4589  1-4 EEL =      -346.0587  VDWAALS    =      -329.9160
 EELEC  =      1300.9841  EGB     =     -4507.2980  RESTRAINT  =         0.0000
 ------------------------------------------------------------------------------


 NSTEP =    66400   TIME(PS) =      66.400  TEMP(K) =   307.87  PRESS =     0.0
 Etot   =     -2074.8601  EKtot   =       585.4927  EPtot      =     -2660.3528
 BOND   =       217.1672  ANGLE   =       342.0111  DIHED      =       493.7366
 1-4 NB =       156.2353  1-4 EEL =      -320.4532  VDWAALS    =      -338.2594
 EELEC  =      1302.4953  EGB     =     -4513.2856  RESTRAINT  =         0.0000
 ------------------------------------------------------------------------------


 NSTEP =    66500   TIME(PS) =      66.500  TEMP(K) =   288.72  PRESS =     0.0
 Etot   =     -2077.2167  EKtot   =       549.0803  EPtot      =     -2626.2971
 BOND   =       254.3745  ANGLE   =       356.8055  DIHED      =       503.2482
 1-4 NB =       155.9691  1-4 EEL =      -358.2376  VDWAALS    =      -333.3311
 EELEC  =      1299.0318  EGB     =     -4504.1574  RESTRAINT  =         0.0000
 ------------------------------------------------------------------------------


 NSTEP =    66600   TIME(PS) =      66.600  TEMP(K) =   303.12  PRESS =     0.0
 Etot   =     -2079.7758  EKtot   =       576.4639  EPtot      =     -2656.2397
 BOND   =       225.6634  ANGLE   =       351.5178  DIHED      =       501.5713
 1-4 NB =       154.5299  1-4 EEL =      -336.4626  VDWAALS    =      -324.8728
 EELEC  =      1258.2501  EGB     =     -4486.4367  RESTRAINT  =         0.0000
 ------------------------------------------------------------------------------


 NSTEP =    66700   TIME(PS) =      66.700  TEMP(K) =   306.41  PRESS =     0.0
 Etot   =     -2065.0126  EKtot   =       582.7120  EPtot      =     -2647.7246
 BOND   =       231.1498  ANGLE   =       337.9088  DIHED      =       505.6458
 1-4 NB =       158.2819  1-4 EEL =      -341.8219  VDWAALS    =      -324.2831
 EELEC  =      1291.6600  EGB     =     -4506.2658  RESTRAINT  =         0.0000
 ------------------------------------------------------------------------------


 NSTEP =    66800   TIME(PS) =      66.800  TEMP(K) =   296.56  PRESS =     0.0
 Etot   =     -2088.2579  EKtot   =       563.9800  EPtot      =     -2652.2379
 BOND   =       214.3731  ANGLE   =       357.6884  DIHED      =       501.2371
 1-4 NB =       159.4687  1-4 EEL =      -339.4795  VDWAALS    =      -338.9873
 EELEC  =      1270.8397  EGB     =     -4477.3779  RESTRAINT  =         0.0000
 ------------------------------------------------------------------------------


 NSTEP =    66900   TIME(PS) =      66.900  TEMP(K) =   313.09  PRESS =     0.0
 Etot   =     -2067.2202  EKtot   =       595.4218  EPtot      =     -2662.6420
 BOND   =       237.8265  ANGLE   =       341.1126  DIHED      =       491.5036
 1-4 NB =       154.5086  1-4 EEL =      -339.3308  VDWAALS    =      -336.6765
 EELEC  =      1277.7963  EGB     =     -4489.3823  RESTRAINT  =         0.0000
 ------------------------------------------------------------------------------

| RE_POSITION Moving by  -0.348690  0.162534  0.638745

 NSTEP =    67000   TIME(PS) =      67.000  TEMP(K) =   298.00  PRESS =     0.0
 Etot   =     -2079.8893  EKtot   =       566.7174  EPtot      =     -2646.6067
 BOND   =       247.9080  ANGLE   =       343.7115  DIHED      =       491.6009
 1-4 NB =       160.1431  1-4 EEL =      -363.2636  VDWAALS    =      -334.7397
 EELEC  =      1306.7247  EGB     =     -4498.6917  RESTRAINT  =         0.0000
 ------------------------------------------------------------------------------


 NSTEP =    67100   TIME(PS) =      67.100  TEMP(K) =   304.58  PRESS =     0.0
 Etot   =     -2082.8580  EKtot   =       579.2310  EPtot      =     -2662.0891
 BOND   =       230.5621  ANGLE   =       347.2478  DIHED      =       494.3381
 1-4 NB =       159.9366  1-4 EEL =      -354.4992  VDWAALS    =      -332.9679
 EELEC  =      1292.8271  EGB     =     -4499.5336  RESTRAINT  =         0.0000
 ------------------------------------------------------------------------------


 NSTEP =    67200   TIME(PS) =      67.200  TEMP(K) =   292.46  PRESS =     0.0
 Etot   =     -2091.1257  EKtot   =       556.1838  EPtot      =     -2647.3095
 BOND   =       243.2470  ANGLE   =       360.8045  DIHED      =       490.8737
 1-4 NB =       162.7053  1-4 EEL =      -383.6735  VDWAALS    =      -330.9818
 EELEC  =      1315.1939  EGB     =     -4505.4785  RESTRAINT  =         0.0000
 ------------------------------------------------------------------------------


 NSTEP =    67300   TIME(PS) =      67.300  TEMP(K) =   297.40  PRESS =     0.0
 Etot   =     -2107.1931  EKtot   =       565.5794  EPtot      =     -2672.7725
 BOND   =       222.7055  ANGLE   =       358.5051  DIHED      =       477.7677
 1-4 NB =       159.7237  1-4 EEL =      -350.4779  VDWAALS    =      -329.7818
 EELEC  =      1307.1976  EGB     =     -4518.4125  RESTRAINT  =         0.0000
 ------------------------------------------------------------------------------


 NSTEP =    67400   TIME(PS) =      67.400  TEMP(K) =   297.96  PRESS =     0.0
 Etot   =     -2117.8742  EKtot   =       566.6447  EPtot      =     -2684.5190
 BOND   =       238.3366  ANGLE   =       331.9977  DIHED      =       486.4221
 1-4 NB =       161.6212  1-4 EEL =      -352.2589  VDWAALS    =      -331.4407
 EELEC  =      1274.8318  EGB     =     -4494.0288  RESTRAINT  =         0.0000
 ------------------------------------------------------------------------------


 NSTEP =    67500   TIME(PS) =      67.500  TEMP(K) =   289.39  PRESS =     0.0
 Etot   =     -2127.0122  EKtot   =       550.3408  EPtot      =     -2677.3530
 BOND   =       224.2526  ANGLE   =       334.7222  DIHED      =       496.9577
 1-4 NB =       161.4559  1-4 EEL =      -357.3834  VDWAALS    =      -327.7322
 EELEC  =      1271.0446  EGB     =     -4480.6704  RESTRAINT  =         0.0000
 ------------------------------------------------------------------------------


 NSTEP =    67600   TIME(PS) =      67.600  TEMP(K) =   291.25  PRESS =     0.0
 Etot   =     -2122.3304  EKtot   =       553.8814  EPtot      =     -2676.2119
 BOND   =       222.0048  ANGLE   =       357.6893  DIHED      =       484.6559
 1-4 NB =       153.9901  1-4 EEL =      -346.7750  VDWAALS    =      -338.0844
 EELEC  =      1269.9081  EGB     =     -4479.6006  RESTRAINT  =         0.0000
 ------------------------------------------------------------------------------


 NSTEP =    67700   TIME(PS) =      67.700  TEMP(K) =   279.75  PRESS =     0.0
 Etot   =     -2131.7862  EKtot   =       532.0196  EPtot      =     -2663.8058
 BOND   =       246.4445  ANGLE   =       348.4022  DIHED      =       481.6084
 1-4 NB =       154.7769  1-4 EEL =      -344.2385  VDWAALS    =      -329.2221
 EELEC  =      1250.2549  EGB     =     -4471.8320  RESTRAINT  =         0.0000
 ------------------------------------------------------------------------------


 NSTEP =    67800   TIME(PS) =      67.800  TEMP(K) =   286.04  PRESS =     0.0
 Etot   =     -2115.6407  EKtot   =       543.9683  EPtot      =     -2659.6090
 BOND   =       240.7409  ANGLE   =       332.0405  DIHED      =       486.6573
 1-4 NB =       166.5019  1-4 EEL =      -336.9468  VDWAALS    =      -327.5876
 EELEC  =      1261.4274  EGB     =     -4482.4425  RESTRAINT  =         0.0000
 ------------------------------------------------------------------------------


 NSTEP =    67900   TIME(PS) =      67.900  TEMP(K) =   295.68  PRESS =     0.0
 Etot   =     -2100.4990  EKtot   =       562.2983  EPtot      =     -2662.7973
 BOND   =       236.8028  ANGLE   =       344.4843  DIHED      =       485.5611
 1-4 NB =       159.8881  1-4 EEL =      -350.8269  VDWAALS    =      -328.6019
 EELEC  =      1278.5895  EGB     =     -4488.6943  RESTRAINT  =         0.0000
 ------------------------------------------------------------------------------

| RE_POSITION Moving by  -0.008193  0.300102 -0.216257

 NSTEP =    68000   TIME(PS) =      68.000  TEMP(K) =   301.80  PRESS =     0.0
 Etot   =     -2099.5020  EKtot   =       573.9457  EPtot      =     -2673.4478
 BOND   =       240.0527  ANGLE   =       327.7698  DIHED      =       496.3817
 1-4 NB =       153.8675  1-4 EEL =      -354.3929  VDWAALS    =      -326.9497
 EELEC  =      1270.8708  EGB     =     -4481.0477  RESTRAINT  =         0.0000
 ------------------------------------------------------------------------------


 NSTEP =    68100   TIME(PS) =      68.100  TEMP(K) =   288.60  PRESS =     0.0
 Etot   =     -2111.9426  EKtot   =       548.8338  EPtot      =     -2660.7764
 BOND   =       222.0002  ANGLE   =       343.3274  DIHED      =       495.9056
 1-4 NB =       159.0493  1-4 EEL =      -333.2970  VDWAALS    =      -327.6481
 EELEC  =      1267.2240  EGB     =     -4487.3378  RESTRAINT  =         0.0000
 ------------------------------------------------------------------------------


 NSTEP =    68200   TIME(PS) =      68.200  TEMP(K) =   300.56  PRESS =     0.0
 Etot   =     -2090.9915  EKtot   =       571.5913  EPtot      =     -2662.5828
 BOND   =       223.5620  ANGLE   =       341.0438  DIHED      =       498.8300
 1-4 NB =       156.0059  1-4 EEL =      -343.5279  VDWAALS    =      -333.5301
 EELEC  =      1279.8850  EGB     =     -4484.8516  RESTRAINT  =         0.0000
 ------------------------------------------------------------------------------


 NSTEP =    68300   TIME(PS) =      68.300  TEMP(K) =   296.80  PRESS =     0.0
 Etot   =     -2085.3660  EKtot   =       564.4446  EPtot      =     -2649.8106
 BOND   =       239.0669  ANGLE   =       349.0389  DIHED      =       506.1474
 1-4 NB =       157.5334  1-4 EEL =      -366.7369  VDWAALS    =      -338.9044
 EELEC  =      1269.8744  EGB     =     -4465.8303  RESTRAINT  =         0.0000
 ------------------------------------------------------------------------------


 NSTEP =    68400   TIME(PS) =      68.400  TEMP(K) =   290.25  PRESS =     0.0
 Etot   =     -2093.6772  EKtot   =       551.9823  EPtot      =     -2645.6595
 BOND   =       250.4314  ANGLE   =       351.6122  DIHED      =       500.0543
 1-4 NB =       151.6706  1-4 EEL =      -353.0177  VDWAALS    =      -338.1183
 EELEC  =      1270.7087  EGB     =     -4479.0008  RESTRAINT  =         0.0000
 ------------------------------------------------------------------------------


 NSTEP =    68500   TIME(PS) =      68.500  TEMP(K) =   300.08  PRESS =     0.0
 Etot   =     -2098.7165  EKtot   =       570.6831  EPtot      =     -2669.3996
 BOND   =       229.8022  ANGLE   =       332.9218  DIHED      =       504.3921
 1-4 NB =       153.5384  1-4 EEL =      -341.9932  VDWAALS    =      -332.8138
 EELEC  =      1251.7827  EGB     =     -4467.0298  RESTRAINT  =         0.0000
 ------------------------------------------------------------------------------


 NSTEP =    68600   TIME(PS) =      68.600  TEMP(K) =   298.55  PRESS =     0.0
 Etot   =     -2098.1555  EKtot   =       567.7615  EPtot      =     -2665.9170
 BOND   =       242.4955  ANGLE   =       318.1885  DIHED      =       503.4811
 1-4 NB =       152.2871  1-4 EEL =      -352.7382  VDWAALS    =      -331.7940
 EELEC  =      1265.8374  EGB     =     -4463.6744  RESTRAINT  =         0.0000
 ------------------------------------------------------------------------------


 NSTEP =    68700   TIME(PS) =      68.700  TEMP(K) =   289.68  PRESS =     0.0
 Etot   =     -2122.5743  EKtot   =       550.8929  EPtot      =     -2673.4672
 BOND   =       236.4945  ANGLE   =       322.0749  DIHED      =       485.8129
 1-4 NB =       163.8669  1-4 EEL =      -342.7857  VDWAALS    =      -333.8371
 EELEC  =      1265.9252  EGB     =     -4471.0188  RESTRAINT  =         0.0000
 ------------------------------------------------------------------------------


 NSTEP =    68800   TIME(PS) =      68.800  TEMP(K) =   300.48  PRESS =     0.0
 Etot   =     -2117.1165  EKtot   =       571.4298  EPtot      =     -2688.5463
 BOND   =       231.1097  ANGLE   =       326.1792  DIHED      =       493.6173
 1-4 NB =       151.2735  1-4 EEL =      -343.6266  VDWAALS    =      -327.3048
 EELEC  =      1234.2130  EGB     =     -4454.0075  RESTRAINT  =         0.0000
 ------------------------------------------------------------------------------


 NSTEP =    68900   TIME(PS) =      68.900  TEMP(K) =   297.90  PRESS =     0.0
 Etot   =     -2116.0972  EKtot   =       566.5349  EPtot      =     -2682.6321
 BOND   =       235.1905  ANGLE   =       326.5500  DIHED      =       499.1823
 1-4 NB =       151.6725  1-4 EEL =      -337.1682  VDWAALS    =      -326.6004
 EELEC  =      1225.2323  EGB     =     -4456.6911  RESTRAINT  =         0.0000
 ------------------------------------------------------------------------------

| RE_POSITION Moving by  -0.280842 -0.368905  0.150868

 NSTEP =    69000   TIME(PS) =      69.000  TEMP(K) =   276.04  PRESS =     0.0
 Etot   =     -2120.8660  EKtot   =       524.9623  EPtot      =     -2645.8284
 BOND   =       228.0902  ANGLE   =       352.2673  DIHED      =       505.3629
 1-4 NB =       160.8805  1-4 EEL =      -349.1550  VDWAALS    =      -323.6421
 EELEC  =      1214.6327  EGB     =     -4434.2648  RESTRAINT  =         0.0000
 ------------------------------------------------------------------------------


 NSTEP =    69100   TIME(PS) =      69.100  TEMP(K) =   296.98  PRESS =     0.0
 Etot   =     -2119.0496  EKtot   =       564.7729  EPtot      =     -2683.8226
 BOND   =       223.7106  ANGLE   =       321.4204  DIHED      =       507.9017
 1-4 NB =       159.8404  1-4 EEL =      -346.4930  VDWAALS    =      -332.8046
 EELEC  =      1246.5890  EGB     =     -4463.9870  RESTRAINT  =         0.0000
 ------------------------------------------------------------------------------


 NSTEP =    69200   TIME(PS) =      69.200  TEMP(K) =   283.01  PRESS =     0.0
 Etot   =     -2124.5975  EKtot   =       538.2080  EPtot      =     -2662.8055
 BOND   =       236.7259  ANGLE   =       330.9195  DIHED      =       490.8795
 1-4 NB =       162.4286  1-4 EEL =      -335.7569  VDWAALS    =      -335.6572
 EELEC  =      1259.3248  EGB     =     -4471.6697  RESTRAINT  =         0.0000
 ------------------------------------------------------------------------------


 NSTEP =    69300   TIME(PS) =      69.300  TEMP(K) =   303.91  PRESS =     0.0
 Etot   =     -2125.3795  EKtot   =       577.9628  EPtot      =     -2703.3423
 BOND   =       224.0191  ANGLE   =       330.5551  DIHED      =       474.4731
 1-4 NB =       153.9399  1-4 EEL =      -346.2565  VDWAALS    =      -328.0940
 EELEC  =      1275.0158  EGB     =     -4486.9947  RESTRAINT  =         0.0000
 ------------------------------------------------------------------------------


 NSTEP =    69400   TIME(PS) =      69.400  TEMP(K) =   293.66  PRESS =     0.0
 Etot   =     -2128.0732  EKtot   =       558.4616  EPtot      =     -2686.5349
 BOND   =       216.4529  ANGLE   =       347.5318  DIHED      =       486.6476
 1-4 NB =       155.1524  1-4 EEL =      -355.2289  VDWAALS    =      -334.0270
 EELEC  =      1291.1978  EGB     =     -4494.2614  RESTRAINT  =         0.0000
 ------------------------------------------------------------------------------


 NSTEP =    69500   TIME(PS) =      69.500  TEMP(K) =   278.71  PRESS =     0.0
 Etot   =     -2146.3820  EKtot   =       530.0326  EPtot      =     -2676.4146
 BOND   =       238.0753  ANGLE   =       322.2506  DIHED      =       493.8421
 1-4 NB =       165.6005  1-4 EEL =      -375.3233  VDWAALS    =      -331.7188
 EELEC  =      1295.8130  EGB     =     -4484.9541  RESTRAINT  =         0.0000
 ------------------------------------------------------------------------------


 NSTEP =    69600   TIME(PS) =      69.600  TEMP(K) =   287.68  PRESS =     0.0
 Etot   =     -2128.2327  EKtot   =       547.0924  EPtot      =     -2675.3251
 BOND   =       242.3273  ANGLE   =       338.3082  DIHED      =       485.6499
 1-4 NB =       154.3940  1-4 EEL =      -333.7086  VDWAALS    =      -343.0462
 EELEC  =      1269.2876  EGB     =     -4488.5372  RESTRAINT  =         0.0000
 ------------------------------------------------------------------------------


 NSTEP =    69700   TIME(PS) =      69.700  TEMP(K) =   294.28  PRESS =     0.0
 Etot   =     -2126.4932  EKtot   =       559.6410  EPtot      =     -2686.1342
 BOND   =       214.8522  ANGLE   =       356.2426  DIHED      =       494.3391
 1-4 NB =       156.7451  1-4 EEL =      -355.3360  VDWAALS    =      -339.1607
 EELEC  =      1283.1414  EGB     =     -4496.9578  RESTRAINT  =         0.0000
 ------------------------------------------------------------------------------


 NSTEP =    69800   TIME(PS) =      69.800  TEMP(K) =   302.33  PRESS =     0.0
 Etot   =     -2109.3002  EKtot   =       574.9592  EPtot      =     -2684.2594
 BOND   =       227.3366  ANGLE   =       330.3344  DIHED      =       494.9749
 1-4 NB =       157.9365  1-4 EEL =      -340.7632  VDWAALS    =      -344.2763
 EELEC  =      1324.7108  EGB     =     -4534.5131  RESTRAINT  =         0.0000
 ------------------------------------------------------------------------------


 NSTEP =    69900   TIME(PS) =      69.900  TEMP(K) =   292.10  PRESS =     0.0
 Etot   =     -2105.4087  EKtot   =       555.4941  EPtot      =     -2660.9029
 BOND   =       242.9030  ANGLE   =       347.4222  DIHED      =       494.1471
 1-4 NB =       159.8215  1-4 EEL =      -354.2615  VDWAALS    =      -344.2167
 EELEC  =      1332.3403  EGB     =     -4539.0588  RESTRAINT  =         0.0000
 ------------------------------------------------------------------------------

| RE_POSITION Moving by   0.038901  0.023782 -0.233834

 NSTEP =    70000   TIME(PS) =      70.000  TEMP(K) =   301.02  PRESS =     0.0
 Etot   =     -2101.4333  EKtot   =       572.4675  EPtot      =     -2673.9008
 BOND   =       253.9291  ANGLE   =       314.1154  DIHED      =       492.2103
 1-4 NB =       156.1657  1-4 EEL =      -334.0692  VDWAALS    =      -346.1635
 EELEC  =      1342.0322  EGB     =     -4552.1207  RESTRAINT  =         0.0000
 ------------------------------------------------------------------------------


 NSTEP =    70100   TIME(PS) =      70.100  TEMP(K) =   310.75  PRESS =     0.0
 Etot   =     -2114.7579  EKtot   =       590.9697  EPtot      =     -2705.7276
 BOND   =       212.8061  ANGLE   =       328.9977  DIHED      =       492.9828
 1-4 NB =       155.6391  1-4 EEL =      -345.0520  VDWAALS    =      -336.3744
 EELEC  =      1351.0700  EGB     =     -4565.7969  RESTRAINT  =         0.0000
 ------------------------------------------------------------------------------


 NSTEP =    70200   TIME(PS) =      70.200  TEMP(K) =   304.29  PRESS =     0.0
 Etot   =     -2095.7156  EKtot   =       578.6861  EPtot      =     -2674.4017
 BOND   =       233.9750  ANGLE   =       332.2072  DIHED      =       487.1200
 1-4 NB =       163.0454  1-4 EEL =      -344.4466  VDWAALS    =      -340.4882
 EELEC  =      1369.3967  EGB     =     -4575.2112  RESTRAINT  =         0.0000
 ------------------------------------------------------------------------------


 NSTEP =    70300   TIME(PS) =      70.300  TEMP(K) =   291.28  PRESS =     0.0
 Etot   =     -2097.0820  EKtot   =       553.9371  EPtot      =     -2651.0191
 BOND   =       228.4004  ANGLE   =       346.5904  DIHED      =       499.8927
 1-4 NB =       160.3139  1-4 EEL =      -359.3458  VDWAALS    =      -339.0456
 EELEC  =      1389.3719  EGB     =     -4577.1969  RESTRAINT  =         0.0000
 ------------------------------------------------------------------------------


 NSTEP =    70400   TIME(PS) =      70.400  TEMP(K) =   310.46  PRESS =     0.0
 Etot   =     -2074.5990  EKtot   =       590.4063  EPtot      =     -2665.0053
 BOND   =       225.4808  ANGLE   =       318.2033  DIHED      =       517.5502
 1-4 NB =       165.8702  1-4 EEL =      -348.4545  VDWAALS    =      -343.2841
 EELEC  =      1372.9227  EGB     =     -4573.2940  RESTRAINT  =         0.0000
 ------------------------------------------------------------------------------


 NSTEP =    70500   TIME(PS) =      70.500  TEMP(K) =   291.82  PRESS =     0.0
 Etot   =     -2077.8474  EKtot   =       554.9581  EPtot      =     -2632.8055
 BOND   =       247.9972  ANGLE   =       338.5085  DIHED      =       509.3170
 1-4 NB =       165.9419  1-4 EEL =      -350.3221  VDWAALS    =      -333.9300
 EELEC  =      1366.4982  EGB     =     -4576.8162  RESTRAINT  =         0.0000
 ------------------------------------------------------------------------------


 NSTEP =    70600   TIME(PS) =      70.600  TEMP(K) =   302.33  PRESS =     0.0
 Etot   =     -2082.5535  EKtot   =       574.9509  EPtot      =     -2657.5044
 BOND   =       230.9005  ANGLE   =       331.4807  DIHED      =       509.4966
 1-4 NB =       154.3737  1-4 EEL =      -319.5201  VDWAALS    =      -340.8559
 EELEC  =      1341.8667  EGB     =     -4565.2467  RESTRAINT  =         0.0000
 ------------------------------------------------------------------------------


 NSTEP =    70700   TIME(PS) =      70.700  TEMP(K) =   302.62  PRESS =     0.0
 Etot   =     -2065.9356  EKtot   =       575.5106  EPtot      =     -2641.4461
 BOND   =       222.0936  ANGLE   =       346.7236  DIHED      =       512.2980
 1-4 NB =       172.0659  1-4 EEL =      -339.9832  VDWAALS    =      -345.4324
 EELEC  =      1362.6526  EGB     =     -4571.8643  RESTRAINT  =         0.0000
 ------------------------------------------------------------------------------


 NSTEP =    70800   TIME(PS) =      70.800  TEMP(K) =   294.79  PRESS =     0.0
 Etot   =     -2066.7413  EKtot   =       560.6206  EPtot      =     -2627.3620
 BOND   =       262.2270  ANGLE   =       322.3829  DIHED      =       502.5014
 1-4 NB =       150.8009  1-4 EEL =      -326.1552  VDWAALS    =      -336.6002
 EELEC  =      1350.1819  EGB     =     -4552.7006  RESTRAINT  =         0.0000
 ------------------------------------------------------------------------------


 NSTEP =    70900   TIME(PS) =      70.900  TEMP(K) =   297.74  PRESS =     0.0
 Etot   =     -2085.7617  EKtot   =       566.2320  EPtot      =     -2651.9937
 BOND   =       227.7373  ANGLE   =       337.3553  DIHED      =       508.7675
 1-4 NB =       156.7266  1-4 EEL =      -341.5456  VDWAALS    =      -338.5035
 EELEC  =      1328.0006  EGB     =     -4530.5318  RESTRAINT  =         0.0000
 ------------------------------------------------------------------------------

| RE_POSITION Moving by   0.310442  0.399316  0.170339

 NSTEP =    71000   TIME(PS) =      71.000  TEMP(K) =   299.84  PRESS =     0.0
 Etot   =     -2082.8445  EKtot   =       570.2249  EPtot      =     -2653.0695
 BOND   =       228.9261  ANGLE   =       329.0114  DIHED      =       506.9935
 1-4 NB =       155.7928  1-4 EEL =      -323.2106  VDWAALS    =      -328.4957
 EELEC  =      1320.4053  EGB     =     -4542.4922  RESTRAINT  =         0.0000
 ------------------------------------------------------------------------------


 NSTEP =    71100   TIME(PS) =      71.100  TEMP(K) =   299.05  PRESS =     0.0
 Etot   =     -2079.2265  EKtot   =       568.7213  EPtot      =     -2647.9478
 BOND   =       237.4817  ANGLE   =       335.7401  DIHED      =       503.0640
 1-4 NB =       162.2226  1-4 EEL =      -331.6234  VDWAALS    =      -337.7615
 EELEC  =      1307.8345  EGB     =     -4524.9058  RESTRAINT  =         0.0000
 ------------------------------------------------------------------------------


 NSTEP =    71200   TIME(PS) =      71.200  TEMP(K) =   301.85  PRESS =     0.0
 Etot   =     -2088.1217  EKtot   =       574.0486  EPtot      =     -2662.1704
 BOND   =       230.2794  ANGLE   =       341.9167  DIHED      =       495.6246
 1-4 NB =       156.0079  1-4 EEL =      -349.7215  VDWAALS    =      -332.1095
 EELEC  =      1283.9666  EGB     =     -4488.1345  RESTRAINT  =         0.0000
 ------------------------------------------------------------------------------


 NSTEP =    71300   TIME(PS) =      71.300  TEMP(K) =   302.57  PRESS =     0.0
 Etot   =     -2068.5409  EKtot   =       575.4102  EPtot      =     -2643.9511
 BOND   =       233.3892  ANGLE   =       345.3537  DIHED      =       505.0442
 1-4 NB =       158.7078  1-4 EEL =      -325.6304  VDWAALS    =      -334.4055
 EELEC  =      1269.4144  EGB     =     -4495.8244  RESTRAINT  =         0.0000
 ------------------------------------------------------------------------------


 NSTEP =    71400   TIME(PS) =      71.400  TEMP(K) =   303.72  PRESS =     0.0
 Etot   =     -2067.5580  EKtot   =       577.5947  EPtot      =     -2645.1527
 BOND   =       236.0104  ANGLE   =       352.8738  DIHED      =       495.2008
 1-4 NB =       165.6845  1-4 EEL =      -348.6983  VDWAALS    =      -325.6812
 EELEC  =      1260.1344  EGB     =     -4480.6771  RESTRAINT  =         0.0000
 ------------------------------------------------------------------------------


 NSTEP =    71500   TIME(PS) =      71.500  TEMP(K) =   316.92  PRESS =     0.0
 Etot   =     -2048.9513  EKtot   =       602.6926  EPtot      =     -2651.6439
 BOND   =       252.4322  ANGLE   =       334.7649  DIHED      =       493.7539
 1-4 NB =       158.8284  1-4 EEL =      -347.1300  VDWAALS    =      -327.6023
 EELEC  =      1264.8756  EGB     =     -4481.5665  RESTRAINT  =         0.0000
 ------------------------------------------------------------------------------


 NSTEP =    71600   TIME(PS) =      71.600  TEMP(K) =   311.12  PRESS =     0.0
 Etot   =     -2055.5403  EKtot   =       591.6718  EPtot      =     -2647.2121
 BOND   =       238.1424  ANGLE   =       343.1419  DIHED      =       496.9588
 1-4 NB =       159.6779  1-4 EEL =      -333.3080  VDWAALS    =      -329.9824
 EELEC  =      1261.7011  EGB     =     -4483.5438  RESTRAINT  =         0.0000
 ------------------------------------------------------------------------------


 NSTEP =    71700   TIME(PS) =      71.700  TEMP(K) =   290.19  PRESS =     0.0
 Etot   =     -2070.9375  EKtot   =       551.8604  EPtot      =     -2622.7979
 BOND   =       267.5622  ANGLE   =       350.5773  DIHED      =       502.6029
 1-4 NB =       150.2867  1-4 EEL =      -351.6915  VDWAALS    =      -326.4944
 EELEC  =      1276.2245  EGB     =     -4491.8657  RESTRAINT  =         0.0000
 ------------------------------------------------------------------------------


 NSTEP =    71800   TIME(PS) =      71.800  TEMP(K) =   299.97  PRESS =     0.0
 Etot   =     -2070.9524  EKtot   =       570.4676  EPtot      =     -2641.4201
 BOND   =       245.5273  ANGLE   =       337.2565  DIHED      =       503.7805
 1-4 NB =       160.2615  1-4 EEL =      -346.6636  VDWAALS    =      -327.7945
 EELEC  =      1256.1165  EGB     =     -4469.9043  RESTRAINT  =         0.0000
 ------------------------------------------------------------------------------


 NSTEP =    71900   TIME(PS) =      71.900  TEMP(K) =   311.40  PRESS =     0.0
 Etot   =     -2064.9315  EKtot   =       592.2118  EPtot      =     -2657.1433
 BOND   =       230.5834  ANGLE   =       334.3153  DIHED      =       505.0834
 1-4 NB =       160.5590  1-4 EEL =      -347.0255  VDWAALS    =      -322.2369
 EELEC  =      1254.7104  EGB     =     -4473.1325  RESTRAINT  =         0.0000
 ------------------------------------------------------------------------------

| RE_POSITION Moving by   0.328854  0.235499 -0.853966

 NSTEP =    72000   TIME(PS) =      72.000  TEMP(K) =   307.02  PRESS =     0.0
 Etot   =     -2064.9150  EKtot   =       583.8790  EPtot      =     -2648.7940
 BOND   =       247.0112  ANGLE   =       339.6656  DIHED      =       501.1322
 1-4 NB =       157.1618  1-4 EEL =      -327.0136  VDWAALS    =      -328.2128
 EELEC  =      1221.7023  EGB     =     -4460.2406  RESTRAINT  =         0.0000
 ------------------------------------------------------------------------------


 NSTEP =    72100   TIME(PS) =      72.100  TEMP(K) =   310.92  PRESS =     0.0
 Etot   =     -2089.2942  EKtot   =       591.2896  EPtot      =     -2680.5838
 BOND   =       220.8459  ANGLE   =       322.3034  DIHED      =       513.2304
 1-4 NB =       157.0229  1-4 EEL =      -335.9309  VDWAALS    =      -335.7781
 EELEC  =      1249.9211  EGB     =     -4472.1985  RESTRAINT  =         0.0000
 ------------------------------------------------------------------------------


 NSTEP =    72200   TIME(PS) =      72.200  TEMP(K) =   293.41  PRESS =     0.0
 Etot   =     -2094.4548  EKtot   =       557.9903  EPtot      =     -2652.4452
 BOND   =       229.5414  ANGLE   =       357.9564  DIHED      =       503.8098
 1-4 NB =       155.3535  1-4 EEL =      -366.3005  VDWAALS    =      -327.6391
 EELEC  =      1260.1204  EGB     =     -4465.2870  RESTRAINT  =         0.0000
 ------------------------------------------------------------------------------


 NSTEP =    72300   TIME(PS) =      72.300  TEMP(K) =   282.34  PRESS =     0.0
 Etot   =     -2115.7351  EKtot   =       536.9454  EPtot      =     -2652.6805
 BOND   =       235.2084  ANGLE   =       342.5433  DIHED      =       495.0062
 1-4 NB =       162.7841  1-4 EEL =      -341.3430  VDWAALS    =      -334.7325
 EELEC  =      1262.6195  EGB     =     -4474.7666  RESTRAINT  =         0.0000
 ------------------------------------------------------------------------------


 NSTEP =    72400   TIME(PS) =      72.400  TEMP(K) =   298.98  PRESS =     0.0
 Etot   =     -2109.0979  EKtot   =       568.5761  EPtot      =     -2677.6740
 BOND   =       233.6342  ANGLE   =       316.9477  DIHED      =       503.0599
 1-4 NB =       164.0380  1-4 EEL =      -348.9655  VDWAALS    =      -325.4266
 EELEC  =      1231.1255  EGB     =     -4452.0872  RESTRAINT  =         0.0000
 ------------------------------------------------------------------------------


 NSTEP =    72500   TIME(PS) =      72.500  TEMP(K) =   299.29  PRESS =     0.0
 Etot   =     -2110.8534  EKtot   =       569.1808  EPtot      =     -2680.0343
 BOND   =       211.4049  ANGLE   =       333.4452  DIHED      =       506.0938
 1-4 NB =       152.7999  1-4 EEL =      -325.9372  VDWAALS    =      -336.6770
 EELEC  =      1232.6358  EGB     =     -4453.7997  RESTRAINT  =         0.0000
 ------------------------------------------------------------------------------


 NSTEP =    72600   TIME(PS) =      72.600  TEMP(K) =   298.78  PRESS =     0.0
 Etot   =     -2101.0389  EKtot   =       568.2087  EPtot      =     -2669.2475
 BOND   =       238.7313  ANGLE   =       322.7382  DIHED      =       503.0042
 1-4 NB =       155.7955  1-4 EEL =      -329.9567  VDWAALS    =      -333.7321
 EELEC  =      1218.9951  EGB     =     -4444.8231  RESTRAINT  =         0.0000
 ------------------------------------------------------------------------------


 NSTEP =    72700   TIME(PS) =      72.700  TEMP(K) =   282.58  PRESS =     0.0
 Etot   =     -2115.7901  EKtot   =       537.3931  EPtot      =     -2653.1832
 BOND   =       246.4008  ANGLE   =       327.0113  DIHED      =       515.8735
 1-4 NB =       151.7394  1-4 EEL =      -338.4252  VDWAALS    =      -330.3995
 EELEC  =      1219.5963  EGB     =     -4444.9798  RESTRAINT  =         0.0000
 ------------------------------------------------------------------------------


 NSTEP =    72800   TIME(PS) =      72.800  TEMP(K) =   292.04  PRESS =     0.0
 Etot   =     -2112.4581  EKtot   =       555.3931  EPtot      =     -2667.8512
 BOND   =       215.8644  ANGLE   =       337.8056  DIHED      =       499.5323
 1-4 NB =       159.5670  1-4 EEL =      -331.0061  VDWAALS    =      -328.0801
 EELEC  =      1226.2361  EGB     =     -4447.7706  RESTRAINT  =         0.0000
 ------------------------------------------------------------------------------


 NSTEP =    72900   TIME(PS) =      72.900  TEMP(K) =   287.84  PRESS =     0.0
 Etot   =     -2105.6170  EKtot   =       547.4061  EPtot      =     -2653.0231
 BOND   =       234.2462  ANGLE   =       364.6470  DIHED      =       497.9932
 1-4 NB =       154.9216  1-4 EEL =      -355.9947  VDWAALS    =      -332.7050
 EELEC  =      1261.1819  EGB     =     -4477.3133  RESTRAINT  =         0.0000
 ------------------------------------------------------------------------------

| RE_POSITION Moving by   0.037023  0.253149  0.253295

 NSTEP =    73000   TIME(PS) =      73.000  TEMP(K) =   301.83  PRESS =     0.0
 Etot   =     -2090.7131  EKtot   =       574.0090  EPtot      =     -2664.7221
 BOND   =       236.1917  ANGLE   =       326.9247  DIHED      =       492.4610
 1-4 NB =       166.7143  1-4 EEL =      -350.7766  VDWAALS    =      -332.1307
 EELEC  =      1262.9826  EGB     =     -4467.0892  RESTRAINT  =         0.0000
 ------------------------------------------------------------------------------


 NSTEP =    73100   TIME(PS) =      73.100  TEMP(K) =   308.82  PRESS =     0.0
 Etot   =     -2070.8172  EKtot   =       587.2919  EPtot      =     -2658.1091
 BOND   =       244.6885  ANGLE   =       347.2968  DIHED      =       508.5935
 1-4 NB =       147.4065  1-4 EEL =      -361.8041  VDWAALS    =      -330.2389
 EELEC  =      1248.4791  EGB     =     -4462.5305  RESTRAINT  =         0.0000
 ------------------------------------------------------------------------------


 NSTEP =    73200   TIME(PS) =      73.200  TEMP(K) =   295.24  PRESS =     0.0
 Etot   =     -2085.5626  EKtot   =       561.4720  EPtot      =     -2647.0346
 BOND   =       225.9095  ANGLE   =       356.6618  DIHED      =       507.6445
 1-4 NB =       155.2948  1-4 EEL =      -340.7740  VDWAALS    =      -332.2412
 EELEC  =      1249.4085  EGB     =     -4468.9385  RESTRAINT  =         0.0000
 ------------------------------------------------------------------------------


 NSTEP =    73300   TIME(PS) =      73.300  TEMP(K) =   297.97  PRESS =     0.0
 Etot   =     -2081.8753  EKtot   =       566.6649  EPtot      =     -2648.5403
 BOND   =       241.2233  ANGLE   =       330.5647  DIHED      =       495.4391
 1-4 NB =       159.4327  1-4 EEL =      -333.2688  VDWAALS    =      -333.3617
 EELEC  =      1262.2211  EGB     =     -4470.7905  RESTRAINT  =         0.0000
 ------------------------------------------------------------------------------


 NSTEP =    73400   TIME(PS) =      73.400  TEMP(K) =   298.14  PRESS =     0.0
 Etot   =     -2083.5136  EKtot   =       566.9916  EPtot      =     -2650.5051
 BOND   =       245.2401  ANGLE   =       336.5756  DIHED      =       507.3915
 1-4 NB =       152.2374  1-4 EEL =      -340.1580  VDWAALS    =      -335.3827
 EELEC  =      1258.1511  EGB     =     -4474.5600  RESTRAINT  =         0.0000
 ------------------------------------------------------------------------------


 NSTEP =    73500   TIME(PS) =      73.500  TEMP(K) =   303.64  PRESS =     0.0
 Etot   =     -2070.1296  EKtot   =       577.4401  EPtot      =     -2647.5696
 BOND   =       231.2177  ANGLE   =       349.4110  DIHED      =       499.6842
 1-4 NB =       163.7109  1-4 EEL =      -346.9993  VDWAALS    =      -325.7923
 EELEC  =      1262.8327  EGB     =     -4481.6347  RESTRAINT  =         0.0000
 ------------------------------------------------------------------------------


 NSTEP =    73600   TIME(PS) =      73.600  TEMP(K) =   308.15  PRESS =     0.0
 Etot   =     -2084.4444  EKtot   =       586.0226  EPtot      =     -2670.4671
 BOND   =       227.0603  ANGLE   =       344.0946  DIHED      =       509.2411
 1-4 NB =       148.5264  1-4 EEL =      -377.6700  VDWAALS    =      -324.5959
 EELEC  =      1275.4192  EGB     =     -4472.5428  RESTRAINT  =         0.0000
 ------------------------------------------------------------------------------


 NSTEP =    73700   TIME(PS) =      73.700  TEMP(K) =   292.42  PRESS =     0.0
 Etot   =     -2092.8276  EKtot   =       556.1051  EPtot      =     -2648.9328
 BOND   =       234.6271  ANGLE   =       361.3889  DIHED      =       484.9820
 1-4 NB =       153.1572  1-4 EEL =      -351.8289  VDWAALS    =      -328.4245
 EELEC  =      1288.5511  EGB     =     -4491.3858  RESTRAINT  =         0.0000
 ------------------------------------------------------------------------------


 NSTEP =    73800   TIME(PS) =      73.800  TEMP(K) =   285.49  PRESS =     0.0
 Etot   =     -2088.3047  EKtot   =       542.9333  EPtot      =     -2631.2380
 BOND   =       244.5685  ANGLE   =       352.4623  DIHED      =       508.3164
 1-4 NB =       157.3053  1-4 EEL =      -353.7009  VDWAALS    =      -331.5562
 EELEC  =      1278.7915  EGB     =     -4487.4249  RESTRAINT  =         0.0000
 ------------------------------------------------------------------------------


 NSTEP =    73900   TIME(PS) =      73.900  TEMP(K) =   299.84  PRESS =     0.0
 Etot   =     -2089.1272  EKtot   =       570.2111  EPtot      =     -2659.3383
 BOND   =       218.4251  ANGLE   =       336.1743  DIHED      =       515.1034
 1-4 NB =       164.0006  1-4 EEL =      -333.3241  VDWAALS    =      -336.1153
 EELEC  =      1247.5547  EGB     =     -4471.1570  RESTRAINT  =         0.0000
 ------------------------------------------------------------------------------

| RE_POSITION Moving by  -0.094275  0.110813  1.047337

 NSTEP =    74000   TIME(PS) =      74.000  TEMP(K) =   306.85  PRESS =     0.0
 Etot   =     -2087.8941  EKtot   =       583.5583  EPtot      =     -2671.4524
 BOND   =       234.0110  ANGLE   =       320.4867  DIHED      =       498.7553
 1-4 NB =       158.4507  1-4 EEL =      -341.9289  VDWAALS    =      -330.7472
 EELEC  =      1279.7849  EGB     =     -4490.2648  RESTRAINT  =         0.0000
 ------------------------------------------------------------------------------


 NSTEP =    74100   TIME(PS) =      74.100  TEMP(K) =   301.09  PRESS =     0.0
 Etot   =     -2080.2067  EKtot   =       572.6030  EPtot      =     -2652.8097
 BOND   =       237.5782  ANGLE   =       348.1579  DIHED      =       494.8670
 1-4 NB =       157.1770  1-4 EEL =      -350.1359  VDWAALS    =      -324.9115
 EELEC  =      1274.3250  EGB     =     -4489.8673  RESTRAINT  =         0.0000
 ------------------------------------------------------------------------------


 NSTEP =    74200   TIME(PS) =      74.200  TEMP(K) =   303.42  PRESS =     0.0
 Etot   =     -2077.3408  EKtot   =       577.0325  EPtot      =     -2654.3733
 BOND   =       239.1968  ANGLE   =       354.5593  DIHED      =       498.7488
 1-4 NB =       165.2547  1-4 EEL =      -358.4260  VDWAALS    =      -347.9818
 EELEC  =      1301.9334  EGB     =     -4507.6585  RESTRAINT  =         0.0000
 ------------------------------------------------------------------------------


 NSTEP =    74300   TIME(PS) =      74.300  TEMP(K) =   308.40  PRESS =     0.0
 Etot   =     -2081.5102  EKtot   =       586.4927  EPtot      =     -2668.0029
 BOND   =       231.2423  ANGLE   =       337.0827  DIHED      =       496.7373
 1-4 NB =       162.8534  1-4 EEL =      -356.8808  VDWAALS    =      -341.1640
 EELEC  =      1326.8594  EGB     =     -4524.7330  RESTRAINT  =         0.0000
 ------------------------------------------------------------------------------


 NSTEP =    74400   TIME(PS) =      74.400  TEMP(K) =   300.74  PRESS =     0.0
 Etot   =     -2099.5126  EKtot   =       571.9285  EPtot      =     -2671.4411
 BOND   =       227.6186  ANGLE   =       352.8917  DIHED      =       500.6513
 1-4 NB =       155.0169  1-4 EEL =      -361.6653  VDWAALS    =      -340.4412
 EELEC  =      1327.6140  EGB     =     -4533.1272  RESTRAINT  =         0.0000
 ------------------------------------------------------------------------------


 NSTEP =    74500   TIME(PS) =      74.500  TEMP(K) =   292.06  PRESS =     0.0
 Etot   =     -2080.6216  EKtot   =       555.4267  EPtot      =     -2636.0484
 BOND   =       253.6290  ANGLE   =       334.6983  DIHED      =       505.8493
 1-4 NB =       162.1336  1-4 EEL =      -350.4842  VDWAALS    =      -348.4308
 EELEC  =      1335.7702  EGB     =     -4529.2138  RESTRAINT  =         0.0000
 ------------------------------------------------------------------------------


 NSTEP =    74600   TIME(PS) =      74.600  TEMP(K) =   319.67  PRESS =     0.0
 Etot   =     -2062.5765  EKtot   =       607.9302  EPtot      =     -2670.5066
 BOND   =       225.0728  ANGLE   =       346.3261  DIHED      =       495.1469
 1-4 NB =       155.3866  1-4 EEL =      -355.5090  VDWAALS    =      -340.3098
 EELEC  =      1340.8779  EGB     =     -4537.4982  RESTRAINT  =         0.0000
 ------------------------------------------------------------------------------


 NSTEP =    74700   TIME(PS) =      74.700  TEMP(K) =   310.65  PRESS =     0.0
 Etot   =     -2051.5245  EKtot   =       590.7758  EPtot      =     -2642.3004
 BOND   =       254.5896  ANGLE   =       353.0170  DIHED      =       491.8300
 1-4 NB =       156.5811  1-4 EEL =      -360.3342  VDWAALS    =      -342.3932
 EELEC  =      1351.0026  EGB     =     -4546.5932  RESTRAINT  =         0.0000
 ------------------------------------------------------------------------------


 NSTEP =    74800   TIME(PS) =      74.800  TEMP(K) =   324.06  PRESS =     0.0
 Etot   =     -2060.3987  EKtot   =       616.2830  EPtot      =     -2676.6817
 BOND   =       229.4779  ANGLE   =       340.1829  DIHED      =       491.0312
 1-4 NB =       157.7554  1-4 EEL =      -355.8141  VDWAALS    =      -337.7454
 EELEC  =      1357.3666  EGB     =     -4558.9361  RESTRAINT  =         0.0000
 ------------------------------------------------------------------------------


 NSTEP =    74900   TIME(PS) =      74.900  TEMP(K) =   306.00  PRESS =     0.0
 Etot   =     -2055.9630  EKtot   =       581.9345  EPtot      =     -2637.8975
 BOND   =       252.3008  ANGLE   =       364.1611  DIHED      =       500.6533
 1-4 NB =       154.4852  1-4 EEL =      -367.4381  VDWAALS    =      -339.5092
 EELEC  =      1347.6143  EGB     =     -4550.1648  RESTRAINT  =         0.0000
 ------------------------------------------------------------------------------

| RE_POSITION Moving by  -0.064327  0.114223  0.006756

 NSTEP =    75000   TIME(PS) =      75.000  TEMP(K) =   306.72  PRESS =     0.0
 Etot   =     -2068.5227  EKtot   =       583.2970  EPtot      =     -2651.8198
 BOND   =       215.4423  ANGLE   =       357.6080  DIHED      =       508.2125
 1-4 NB =       163.3688  1-4 EEL =      -334.1358  VDWAALS    =      -348.2998
 EELEC  =      1357.2097  EGB     =     -4571.2254  RESTRAINT  =         0.0000
 ------------------------------------------------------------------------------


 NSTEP =    75100   TIME(PS) =      75.100  TEMP(K) =   305.95  PRESS =     0.0
 Etot   =     -2068.4466  EKtot   =       581.8372  EPtot      =     -2650.2839
 BOND   =       228.1823  ANGLE   =       360.0194  DIHED      =       510.7504
 1-4 NB =       153.6164  1-4 EEL =      -369.2825  VDWAALS    =      -337.4720
 EELEC  =      1371.7975  EGB     =     -4567.8955  RESTRAINT  =         0.0000
 ------------------------------------------------------------------------------


 NSTEP =    75200   TIME(PS) =      75.200  TEMP(K) =   320.14  PRESS =     0.0
 Etot   =     -2059.2577  EKtot   =       608.8284  EPtot      =     -2668.0861
 BOND   =       224.6615  ANGLE   =       344.7395  DIHED      =       507.4272
 1-4 NB =       160.7938  1-4 EEL =      -358.4138  VDWAALS    =      -333.3819
 EELEC  =      1337.9740  EGB     =     -4551.8863  RESTRAINT  =         0.0000
 ------------------------------------------------------------------------------


 NSTEP =    75300   TIME(PS) =      75.300  TEMP(K) =   306.90  PRESS =     0.0
 Etot   =     -2050.6710  EKtot   =       583.6389  EPtot      =     -2634.3100
 BOND   =       247.6423  ANGLE   =       352.5243  DIHED      =       509.7440
 1-4 NB =       156.7451  1-4 EEL =      -342.5654  VDWAALS    =      -349.5907
 EELEC  =      1352.8717  EGB     =     -4561.6812  RESTRAINT  =         0.0000
 ------------------------------------------------------------------------------


 NSTEP =    75400   TIME(PS) =      75.400  TEMP(K) =   309.27  PRESS =     0.0
 Etot   =     -2049.7950  EKtot   =       588.1570  EPtot      =     -2637.9520
 BOND   =       223.8493  ANGLE   =       383.7513  DIHED      =       500.9519
 1-4 NB =       159.4713  1-4 EEL =      -356.4073  VDWAALS    =      -347.3779
 EELEC  =      1357.9818  EGB     =     -4560.1725  RESTRAINT  =         0.0000
 ------------------------------------------------------------------------------


 NSTEP =    75500   TIME(PS) =      75.500  TEMP(K) =   296.46  PRESS =     0.0
 Etot   =     -2072.1118  EKtot   =       563.7952  EPtot      =     -2635.9070
 BOND   =       237.8302  ANGLE   =       355.4526  DIHED      =       505.4984
 1-4 NB =       167.7024  1-4 EEL =      -349.0086  VDWAALS    =      -346.4122
 EELEC  =      1349.8172  EGB     =     -4556.7869  RESTRAINT  =         0.0000
 ------------------------------------------------------------------------------


 NSTEP =    75600   TIME(PS) =      75.600  TEMP(K) =   305.99  PRESS =     0.0
 Etot   =     -2053.6520  EKtot   =       581.9196  EPtot      =     -2635.5716
 BOND   =       234.4647  ANGLE   =       360.5951  DIHED      =       511.0235
 1-4 NB =       159.2753  1-4 EEL =      -359.0285  VDWAALS    =      -338.7442
 EELEC  =      1350.6446  EGB     =     -4553.8021  RESTRAINT  =         0.0000
 ------------------------------------------------------------------------------


 NSTEP =    75700   TIME(PS) =      75.700  TEMP(K) =   296.26  PRESS =     0.0
 Etot   =     -2065.6712  EKtot   =       563.4087  EPtot      =     -2629.0799
 BOND   =       232.8031  ANGLE   =       377.4133  DIHED      =       509.2090
 1-4 NB =       153.2095  1-4 EEL =      -363.4886  VDWAALS    =      -332.0311
 EELEC  =      1345.1392  EGB     =     -4551.3343  RESTRAINT  =         0.0000
 ------------------------------------------------------------------------------


 NSTEP =    75800   TIME(PS) =      75.800  TEMP(K) =   311.42  PRESS =     0.0
 Etot   =     -2063.3150  EKtot   =       592.2358  EPtot      =     -2655.5508
 BOND   =       234.4686  ANGLE   =       340.5804  DIHED      =       500.4256
 1-4 NB =       159.0168  1-4 EEL =      -364.3434  VDWAALS    =      -339.6076
 EELEC  =      1372.4302  EGB     =     -4558.5214  RESTRAINT  =         0.0000
 ------------------------------------------------------------------------------


 NSTEP =    75900   TIME(PS) =      75.900  TEMP(K) =   300.46  PRESS =     0.0
 Etot   =     -2068.0222  EKtot   =       571.3932  EPtot      =     -2639.4153
 BOND   =       217.8056  ANGLE   =       356.4711  DIHED      =       504.0772
 1-4 NB =       160.4662  1-4 EEL =      -339.9463  VDWAALS    =      -329.6238
 EELEC  =      1345.5839  EGB     =     -4554.2491  RESTRAINT  =         0.0000
 ------------------------------------------------------------------------------

| RE_POSITION Moving by   0.391315 -0.016119  0.315611

 NSTEP =    76000   TIME(PS) =      76.000  TEMP(K) =   301.01  PRESS =     0.0
 Etot   =     -2052.3397  EKtot   =       572.4471  EPtot      =     -2624.7868
 BOND   =       246.2103  ANGLE   =       361.6752  DIHED      =       515.7659
 1-4 NB =       159.4352  1-4 EEL =      -359.6199  VDWAALS    =      -341.0569
 EELEC  =      1341.4184  EGB     =     -4548.6150  RESTRAINT  =         0.0000
 ------------------------------------------------------------------------------


 NSTEP =    76100   TIME(PS) =      76.100  TEMP(K) =   313.10  PRESS =     0.0
 Etot   =     -2057.3448  EKtot   =       595.4384  EPtot      =     -2652.7832
 BOND   =       245.9324  ANGLE   =       340.8161  DIHED      =       508.7123
 1-4 NB =       156.0044  1-4 EEL =      -373.2255  VDWAALS    =      -337.2524
 EELEC  =      1349.0691  EGB     =     -4542.8396  RESTRAINT  =         0.0000
 ------------------------------------------------------------------------------


 NSTEP =    76200   TIME(PS) =      76.200  TEMP(K) =   311.73  PRESS =     0.0
 Etot   =     -2064.2811  EKtot   =       592.8212  EPtot      =     -2657.1023
 BOND   =       231.5727  ANGLE   =       349.6069  DIHED      =       501.7210
 1-4 NB =       150.6848  1-4 EEL =      -360.5501  VDWAALS    =      -328.6999
 EELEC  =      1342.9304  EGB     =     -4544.3681  RESTRAINT  =         0.0000
 ------------------------------------------------------------------------------


 NSTEP =    76300   TIME(PS) =      76.300  TEMP(K) =   297.34  PRESS =     0.0
 Etot   =     -2059.6560  EKtot   =       565.4568  EPtot      =     -2625.1128
 BOND   =       246.6956  ANGLE   =       338.1230  DIHED      =       501.7231
 1-4 NB =       161.3570  1-4 EEL =      -327.4650  VDWAALS    =      -330.5649
 EELEC  =      1334.9809  EGB     =     -4549.9626  RESTRAINT  =         0.0000
 ------------------------------------------------------------------------------


 NSTEP =    76400   TIME(PS) =      76.400  TEMP(K) =   289.92  PRESS =     0.0
 Etot   =     -2077.9867  EKtot   =       551.3515  EPtot      =     -2629.3383
 BOND   =       243.8039  ANGLE   =       363.9286  DIHED      =       491.6076
 1-4 NB =       155.7950  1-4 EEL =      -336.1627  VDWAALS    =      -328.2848
 EELEC  =      1310.3109  EGB     =     -4530.3368  RESTRAINT  =         0.0000
 ------------------------------------------------------------------------------


 NSTEP =    76500   TIME(PS) =      76.500  TEMP(K) =   305.91  PRESS =     0.0
 Etot   =     -2078.1836  EKtot   =       581.7609  EPtot      =     -2659.9445
 BOND   =       227.8241  ANGLE   =       343.9844  DIHED      =       478.1755
 1-4 NB =       164.6974  1-4 EEL =      -321.1413  VDWAALS    =      -321.1627
 EELEC  =      1298.5639  EGB     =     -4530.8858  RESTRAINT  =         0.0000
 ------------------------------------------------------------------------------


 NSTEP =    76600   TIME(PS) =      76.600  TEMP(K) =   300.05  PRESS =     0.0
 Etot   =     -2061.0811  EKtot   =       570.6101  EPtot      =     -2631.6912
 BOND   =       258.9137  ANGLE   =       340.2986  DIHED      =       504.5946
 1-4 NB =       151.4506  1-4 EEL =      -336.2260  VDWAALS    =      -325.9682
 EELEC  =      1312.5646  EGB     =     -4537.3193  RESTRAINT  =         0.0000
 ------------------------------------------------------------------------------


 NSTEP =    76700   TIME(PS) =      76.700  TEMP(K) =   310.42  PRESS =     0.0
 Etot   =     -2065.9970  EKtot   =       590.3318  EPtot      =     -2656.3288
 BOND   =       220.4922  ANGLE   =       339.0532  DIHED      =       512.7006
 1-4 NB =       159.2560  1-4 EEL =      -362.0557  VDWAALS    =      -328.6642
 EELEC  =      1337.2914  EGB     =     -4534.4022  RESTRAINT  =         0.0000
 ------------------------------------------------------------------------------


 NSTEP =    76800   TIME(PS) =      76.800  TEMP(K) =   297.11  PRESS =     0.0
 Etot   =     -2072.5062  EKtot   =       565.0343  EPtot      =     -2637.5405
 BOND   =       225.2863  ANGLE   =       357.6075  DIHED      =       502.4450
 1-4 NB =       155.7785  1-4 EEL =      -330.0132  VDWAALS    =      -319.2889
 EELEC  =      1306.4590  EGB     =     -4535.8146  RESTRAINT  =         0.0000
 ------------------------------------------------------------------------------


 NSTEP =    76900   TIME(PS) =      76.900  TEMP(K) =   308.37  PRESS =     0.0
 Etot   =     -2070.9441  EKtot   =       586.4482  EPtot      =     -2657.3923
 BOND   =       223.8668  ANGLE   =       354.9687  DIHED      =       488.9168
 1-4 NB =       159.2841  1-4 EEL =      -340.8183  VDWAALS    =      -321.5212
 EELEC  =      1301.0740  EGB     =     -4523.1633  RESTRAINT  =         0.0000
 ------------------------------------------------------------------------------

| RE_POSITION Moving by   0.886383  0.639256  0.603021

 NSTEP =    77000   TIME(PS) =      77.000  TEMP(K) =   305.24  PRESS =     0.0
 Etot   =     -2068.1576  EKtot   =       580.4921  EPtot      =     -2648.6497
 BOND   =       233.3050  ANGLE   =       356.7389  DIHED      =       493.9911
 1-4 NB =       155.4984  1-4 EEL =      -337.5563  VDWAALS    =      -330.1738
 EELEC  =      1309.4379  EGB     =     -4529.8908  RESTRAINT  =         0.0000
 ------------------------------------------------------------------------------


 NSTEP =    77100   TIME(PS) =      77.100  TEMP(K) =   302.36  PRESS =     0.0
 Etot   =     -2079.0090  EKtot   =       575.0027  EPtot      =     -2654.0118
 BOND   =       242.4551  ANGLE   =       345.3175  DIHED      =       483.7533
 1-4 NB =       154.9825  1-4 EEL =      -346.3500  VDWAALS    =      -321.6885
 EELEC  =      1315.2451  EGB     =     -4527.7269  RESTRAINT  =         0.0000
 ------------------------------------------------------------------------------


 NSTEP =    77200   TIME(PS) =      77.200  TEMP(K) =   298.79  PRESS =     0.0
 Etot   =     -2084.7096  EKtot   =       568.2138  EPtot      =     -2652.9234
 BOND   =       221.3589  ANGLE   =       348.7519  DIHED      =       495.6498
 1-4 NB =       161.1455  1-4 EEL =      -319.0738  VDWAALS    =      -325.2908
 EELEC  =      1305.3293  EGB     =     -4540.7943  RESTRAINT  =         0.0000
 ------------------------------------------------------------------------------


 NSTEP =    77300   TIME(PS) =      77.300  TEMP(K) =   297.16  PRESS =     0.0
 Etot   =     -2086.4515  EKtot   =       565.1204  EPtot      =     -2651.5719
 BOND   =       248.7388  ANGLE   =       333.8084  DIHED      =       494.4263
 1-4 NB =       158.9161  1-4 EEL =      -335.7566  VDWAALS    =      -320.9273
 EELEC  =      1305.5989  EGB     =     -4536.3767  RESTRAINT  =         0.0000
 ------------------------------------------------------------------------------


 NSTEP =    77400   TIME(PS) =      77.400  TEMP(K) =   303.46  PRESS =     0.0
 Etot   =     -2075.1763  EKtot   =       577.1034  EPtot      =     -2652.2797
 BOND   =       234.3532  ANGLE   =       328.3828  DIHED      =       502.4624
 1-4 NB =       158.9041  1-4 EEL =      -315.1521  VDWAALS    =      -322.8209
 EELEC  =      1315.3466  EGB     =     -4553.7557  RESTRAINT  =         0.0000
 ------------------------------------------------------------------------------


 NSTEP =    77500   TIME(PS) =      77.500  TEMP(K) =   285.75  PRESS =     0.0
 Etot   =     -2091.9652  EKtot   =       543.4149  EPtot      =     -2635.3801
 BOND   =       232.3302  ANGLE   =       352.8082  DIHED      =       501.4155
 1-4 NB =       157.6848  1-4 EEL =      -335.7620  VDWAALS    =      -320.4325
 EELEC  =      1300.5900  EGB     =     -4524.0143  RESTRAINT  =         0.0000
 ------------------------------------------------------------------------------


 NSTEP =    77600   TIME(PS) =      77.600  TEMP(K) =   299.25  PRESS =     0.0
 Etot   =     -2109.8829  EKtot   =       569.0961  EPtot      =     -2678.9790
 BOND   =       225.4612  ANGLE   =       317.3815  DIHED      =       491.3017
 1-4 NB =       160.5434  1-4 EEL =      -321.7675  VDWAALS    =      -330.7766
 EELEC  =      1330.5671  EGB     =     -4551.6897  RESTRAINT  =         0.0000
 ------------------------------------------------------------------------------


 NSTEP =    77700   TIME(PS) =      77.700  TEMP(K) =   292.16  PRESS =     0.0
 Etot   =     -2105.3209  EKtot   =       555.6183  EPtot      =     -2660.9392
 BOND   =       226.8274  ANGLE   =       349.4427  DIHED      =       490.5410
 1-4 NB =       154.1350  1-4 EEL =      -342.1170  VDWAALS    =      -319.5216
 EELEC  =      1343.7910  EGB     =     -4564.0378  RESTRAINT  =         0.0000
 ------------------------------------------------------------------------------


 NSTEP =    77800   TIME(PS) =      77.800  TEMP(K) =   304.83  PRESS =     0.0
 Etot   =     -2107.1229  EKtot   =       579.7083  EPtot      =     -2686.8313
 BOND   =       229.3431  ANGLE   =       318.5589  DIHED      =       496.3208
 1-4 NB =       156.0999  1-4 EEL =      -348.7125  VDWAALS    =      -323.6786
 EELEC  =      1340.7551  EGB     =     -4555.5180  RESTRAINT  =         0.0000
 ------------------------------------------------------------------------------


 NSTEP =    77900   TIME(PS) =      77.900  TEMP(K) =   284.71  PRESS =     0.0
 Etot   =     -2106.8140  EKtot   =       541.4489  EPtot      =     -2648.2629
 BOND   =       230.2733  ANGLE   =       363.4524  DIHED      =       486.4734
 1-4 NB =       157.4664  1-4 EEL =      -347.4066  VDWAALS    =      -325.7134
 EELEC  =      1353.6568  EGB     =     -4566.4652  RESTRAINT  =         0.0000
 ------------------------------------------------------------------------------

| RE_POSITION Moving by   0.849472  0.027092  0.496455

 NSTEP =    78000   TIME(PS) =      78.000  TEMP(K) =   303.80  PRESS =     0.0
 Etot   =     -2095.4290  EKtot   =       577.7463  EPtot      =     -2673.1753
 BOND   =       219.3043  ANGLE   =       350.8929  DIHED      =       499.8205
 1-4 NB =       155.2972  1-4 EEL =      -338.2217  VDWAALS    =      -337.2496
 EELEC  =      1352.1188  EGB     =     -4575.1377  RESTRAINT  =         0.0000
 ------------------------------------------------------------------------------


 NSTEP =    78100   TIME(PS) =      78.100  TEMP(K) =   307.18  PRESS =     0.0
 Etot   =     -2089.4885  EKtot   =       584.1696  EPtot      =     -2673.6581
 BOND   =       218.5705  ANGLE   =       344.8001  DIHED      =       488.8828
 1-4 NB =       154.6769  1-4 EEL =      -316.8523  VDWAALS    =      -331.7957
 EELEC  =      1331.2567  EGB     =     -4563.1972  RESTRAINT  =         0.0000
 ------------------------------------------------------------------------------


 NSTEP =    78200   TIME(PS) =      78.200  TEMP(K) =   300.14  PRESS =     0.0
 Etot   =     -2083.1333  EKtot   =       570.7807  EPtot      =     -2653.9140
 BOND   =       217.6568  ANGLE   =       336.4145  DIHED      =       511.3449
 1-4 NB =       163.5791  1-4 EEL =      -341.7853  VDWAALS    =      -335.3385
 EELEC  =      1378.8509  EGB     =     -4584.6364  RESTRAINT  =         0.0000
 ------------------------------------------------------------------------------


 NSTEP =    78300   TIME(PS) =      78.300  TEMP(K) =   297.62  PRESS =     0.0
 Etot   =     -2090.2927  EKtot   =       565.9879  EPtot      =     -2656.2807
 BOND   =       221.4033  ANGLE   =       351.1108  DIHED      =       504.8888
 1-4 NB =       154.4072  1-4 EEL =      -358.7813  VDWAALS    =      -328.5886
 EELEC  =      1397.9534  EGB     =     -4598.6742  RESTRAINT  =         0.0000
 ------------------------------------------------------------------------------


 NSTEP =    78400   TIME(PS) =      78.400  TEMP(K) =   305.49  PRESS =     0.0
 Etot   =     -2096.7442  EKtot   =       580.9572  EPtot      =     -2677.7014
 BOND   =       228.1535  ANGLE   =       322.5012  DIHED      =       511.9805
 1-4 NB =       157.8498  1-4 EEL =      -336.3867  VDWAALS    =      -337.5359
 EELEC  =      1358.2662  EGB     =     -4582.5301  RESTRAINT  =         0.0000
 ------------------------------------------------------------------------------


 NSTEP =    78500   TIME(PS) =      78.500  TEMP(K) =   292.27  PRESS =     0.0
 Etot   =     -2098.6974  EKtot   =       555.8316  EPtot      =     -2654.5290
 BOND   =       229.9180  ANGLE   =       347.6548  DIHED      =       496.9702
 1-4 NB =       160.7076  1-4 EEL =      -316.4470  VDWAALS    =      -344.1596
 EELEC  =      1352.2812  EGB     =     -4581.4542  RESTRAINT  =         0.0000
 ------------------------------------------------------------------------------


 NSTEP =    78600   TIME(PS) =      78.600  TEMP(K) =   307.28  PRESS =     0.0
 Etot   =     -2074.5496  EKtot   =       584.3596  EPtot      =     -2658.9092
 BOND   =       224.2666  ANGLE   =       355.1403  DIHED      =       504.9821
 1-4 NB =       155.2093  1-4 EEL =      -307.6942  VDWAALS    =      -351.2778
 EELEC  =      1370.6439  EGB     =     -4610.1794  RESTRAINT  =         0.0000
 ------------------------------------------------------------------------------


 NSTEP =    78700   TIME(PS) =      78.700  TEMP(K) =   311.09  PRESS =     0.0
 Etot   =     -2069.7224  EKtot   =       591.6139  EPtot      =     -2661.3363
 BOND   =       248.1810  ANGLE   =       343.4031  DIHED      =       497.6204
 1-4 NB =       154.9396  1-4 EEL =      -339.0891  VDWAALS    =      -356.0568
 EELEC  =      1405.9899  EGB     =     -4616.3243  RESTRAINT  =         0.0000
 ------------------------------------------------------------------------------


 NSTEP =    78800   TIME(PS) =      78.800  TEMP(K) =   305.34  PRESS =     0.0
 Etot   =     -2067.0911  EKtot   =       580.6798  EPtot      =     -2647.7709
 BOND   =       250.7918  ANGLE   =       342.2288  DIHED      =       502.2140
 1-4 NB =       157.0972  1-4 EEL =      -344.3822  VDWAALS    =      -349.6503
 EELEC  =      1407.1602  EGB     =     -4613.2305  RESTRAINT  =         0.0000
 ------------------------------------------------------------------------------


 NSTEP =    78900   TIME(PS) =      78.900  TEMP(K) =   297.11  PRESS =     0.0
 Etot   =     -2059.3910  EKtot   =       565.0248  EPtot      =     -2624.4158
 BOND   =       255.7086  ANGLE   =       350.2310  DIHED      =       498.6832
 1-4 NB =       158.8254  1-4 EEL =      -339.2854  VDWAALS    =      -336.5952
 EELEC  =      1390.8350  EGB     =     -4602.8185  RESTRAINT  =         0.0000
 ------------------------------------------------------------------------------

| RE_POSITION Moving by  -0.012678 -0.165474  0.462621

 NSTEP =    79000   TIME(PS) =      79.000  TEMP(K) =   317.66  PRESS =     0.0
 Etot   =     -2049.3089  EKtot   =       604.1132  EPtot      =     -2653.4221
 BOND   =       254.3772  ANGLE   =       361.2476  DIHED      =       491.2909
 1-4 NB =       158.3948  1-4 EEL =      -366.8557  VDWAALS    =      -339.7981
 EELEC  =      1393.2449  EGB     =     -4605.3237  RESTRAINT  =         0.0000
 ------------------------------------------------------------------------------


 NSTEP =    79100   TIME(PS) =      79.100  TEMP(K) =   315.85  PRESS =     0.0
 Etot   =     -2049.8377  EKtot   =       600.6665  EPtot      =     -2650.5042
 BOND   =       226.9285  ANGLE   =       369.9700  DIHED      =       495.2846
 1-4 NB =       158.5271  1-4 EEL =      -344.9734  VDWAALS    =      -349.7811
 EELEC  =      1394.9368  EGB     =     -4601.3967  RESTRAINT  =         0.0000
 ------------------------------------------------------------------------------


 NSTEP =    79200   TIME(PS) =      79.200  TEMP(K) =   310.41  PRESS =     0.0
 Etot   =     -2066.1502  EKtot   =       590.3287  EPtot      =     -2656.4789
 BOND   =       244.4183  ANGLE   =       334.8154  DIHED      =       495.3627
 1-4 NB =       151.2127  1-4 EEL =      -306.2113  VDWAALS    =      -345.9262
 EELEC  =      1365.5817  EGB     =     -4595.7322  RESTRAINT  =         0.0000
 ------------------------------------------------------------------------------


 NSTEP =    79300   TIME(PS) =      79.300  TEMP(K) =   304.31  PRESS =     0.0
 Etot   =     -2080.1180  EKtot   =       578.7126  EPtot      =     -2658.8307
 BOND   =       242.9705  ANGLE   =       325.4102  DIHED      =       493.3285
 1-4 NB =       158.6769  1-4 EEL =      -326.3878  VDWAALS    =      -337.0880
 EELEC  =      1385.1375  EGB     =     -4600.8786  RESTRAINT  =         0.0000
 ------------------------------------------------------------------------------


 NSTEP =    79400   TIME(PS) =      79.400  TEMP(K) =   300.92  PRESS =     0.0
 Etot   =     -2103.8049  EKtot   =       572.2763  EPtot      =     -2676.0813
 BOND   =       220.3777  ANGLE   =       339.7246  DIHED      =       488.7731
 1-4 NB =       153.7549  1-4 EEL =      -329.7908  VDWAALS    =      -333.3254
 EELEC  =      1407.0729  EGB     =     -4622.6683  RESTRAINT  =         0.0000
 ------------------------------------------------------------------------------


 NSTEP =    79500   TIME(PS) =      79.500  TEMP(K) =   286.60  PRESS =     0.0
 Etot   =     -2123.6322  EKtot   =       545.0375  EPtot      =     -2668.6697
 BOND   =       236.7069  ANGLE   =       330.2092  DIHED      =       493.5351
 1-4 NB =       154.4355  1-4 EEL =      -331.1616  VDWAALS    =      -323.0550
 EELEC  =      1397.5946  EGB     =     -4626.9345  RESTRAINT  =         0.0000
 ------------------------------------------------------------------------------


 NSTEP =    79600   TIME(PS) =      79.600  TEMP(K) =   305.73  PRESS =     0.0
 Etot   =     -2097.8501  EKtot   =       581.4247  EPtot      =     -2679.2747
 BOND   =       242.5744  ANGLE   =       324.8935  DIHED      =       501.1241
 1-4 NB =       157.0764  1-4 EEL =      -354.6324  VDWAALS    =      -342.7727
 EELEC  =      1400.4229  EGB     =     -4607.9609  RESTRAINT  =         0.0000
 ------------------------------------------------------------------------------


 NSTEP =    79700   TIME(PS) =      79.700  TEMP(K) =   294.42  PRESS =     0.0
 Etot   =     -2096.0618  EKtot   =       559.9034  EPtot      =     -2655.9652
 BOND   =       240.7768  ANGLE   =       340.3514  DIHED      =       510.4146
 1-4 NB =       151.3021  1-4 EEL =      -331.9671  VDWAALS    =      -343.2003
 EELEC  =      1365.1241  EGB     =     -4588.7668  RESTRAINT  =         0.0000
 ------------------------------------------------------------------------------


 NSTEP =    79800   TIME(PS) =      79.800  TEMP(K) =   306.93  PRESS =     0.0
 Etot   =     -2093.3118  EKtot   =       583.7029  EPtot      =     -2677.0148
 BOND   =       218.5558  ANGLE   =       343.3475  DIHED      =       508.7579
 1-4 NB =       154.6872  1-4 EEL =      -360.1833  VDWAALS    =      -345.4963
 EELEC  =      1393.6069  EGB     =     -4590.2905  RESTRAINT  =         0.0000
 ------------------------------------------------------------------------------


 NSTEP =    79900   TIME(PS) =      79.900  TEMP(K) =   295.95  PRESS =     0.0
 Etot   =     -2104.3601  EKtot   =       562.8123  EPtot      =     -2667.1724
 BOND   =       227.8087  ANGLE   =       332.4058  DIHED      =       505.8578
 1-4 NB =       154.2683  1-4 EEL =      -331.0650  VDWAALS    =      -339.5525
 EELEC  =      1363.3338  EGB     =     -4580.2293  RESTRAINT  =         0.0000
 ------------------------------------------------------------------------------

| RE_POSITION Moving by  -0.012070 -0.491525 -0.359687

 NSTEP =    80000   TIME(PS) =      80.000  TEMP(K) =   289.06  PRESS =     0.0
 Etot   =     -2103.2787  EKtot   =       549.7173  EPtot      =     -2652.9960
 BOND   =       234.2301  ANGLE   =       350.9687  DIHED      =       505.0250
 1-4 NB =       160.3925  1-4 EEL =      -356.6817  VDWAALS    =      -338.2673
 EELEC  =      1386.0515  EGB     =     -4594.7148  RESTRAINT  =         0.0000
 ------------------------------------------------------------------------------


 NSTEP =    80100   TIME(PS) =      80.100  TEMP(K) =   297.76  PRESS =     0.0
 Etot   =     -2106.3652  EKtot   =       566.2535  EPtot      =     -2672.6187
 BOND   =       223.7740  ANGLE   =       320.1881  DIHED      =       511.6217
 1-4 NB =       164.5618  1-4 EEL =      -344.0563  VDWAALS    =      -337.0799
 EELEC  =      1375.7238  EGB     =     -4587.3519  RESTRAINT  =         0.0000
 ------------------------------------------------------------------------------


 NSTEP =    80200   TIME(PS) =      80.200  TEMP(K) =   281.71  PRESS =     0.0
 Etot   =     -2106.8804  EKtot   =       535.7352  EPtot      =     -2642.6156
 BOND   =       227.8282  ANGLE   =       354.4957  DIHED      =       509.6678
 1-4 NB =       160.4046  1-4 EEL =      -347.5433  VDWAALS    =      -342.7550
 EELEC  =      1386.0478  EGB     =     -4590.7615  RESTRAINT  =         0.0000
 ------------------------------------------------------------------------------


 NSTEP =    80300   TIME(PS) =      80.300  TEMP(K) =   293.86  PRESS =     0.0
 Etot   =     -2119.8605  EKtot   =       558.8432  EPtot      =     -2678.7037
 BOND   =       216.1553  ANGLE   =       339.3921  DIHED      =       518.2029
 1-4 NB =       152.4783  1-4 EEL =      -323.0850  VDWAALS    =      -355.2000
 EELEC  =      1348.5872  EGB     =     -4575.2345  RESTRAINT  =         0.0000
 ------------------------------------------------------------------------------


 NSTEP =    80400   TIME(PS) =      80.400  TEMP(K) =   288.73  PRESS =     0.0
 Etot   =     -2121.7017  EKtot   =       549.0949  EPtot      =     -2670.7966
 BOND   =       225.2575  ANGLE   =       333.7568  DIHED      =       517.2616
 1-4 NB =       150.4391  1-4 EEL =      -333.9977  VDWAALS    =      -350.0649
 EELEC  =      1372.5817  EGB     =     -4586.0306  RESTRAINT  =         0.0000
 ------------------------------------------------------------------------------


 NSTEP =    80500   TIME(PS) =      80.500  TEMP(K) =   295.51  PRESS =     0.0
 Etot   =     -2125.4640  EKtot   =       561.9931  EPtot      =     -2687.4571
 BOND   =       229.5014  ANGLE   =       324.9778  DIHED      =       492.7259
 1-4 NB =       161.9036  1-4 EEL =      -340.6065  VDWAALS    =      -350.6156
 EELEC  =      1425.5378  EGB     =     -4630.8815  RESTRAINT  =         0.0000
 ------------------------------------------------------------------------------


 NSTEP =    80600   TIME(PS) =      80.600  TEMP(K) =   281.80  PRESS =     0.0
 Etot   =     -2114.1940  EKtot   =       535.9050  EPtot      =     -2650.0991
 BOND   =       236.0580  ANGLE   =       369.0824  DIHED      =       496.4012
 1-4 NB =       158.2431  1-4 EEL =      -349.9086  VDWAALS    =      -348.9488
 EELEC  =      1430.2358  EGB     =     -4641.2622  RESTRAINT  =         0.0000
 ------------------------------------------------------------------------------


 NSTEP =    80700   TIME(PS) =      80.700  TEMP(K) =   299.63  PRESS =     0.0
 Etot   =     -2107.3132  EKtot   =       569.8236  EPtot      =     -2677.1368
 BOND   =       228.2311  ANGLE   =       340.6887  DIHED      =       502.9708
 1-4 NB =       163.3667  1-4 EEL =      -358.9171  VDWAALS    =      -344.6373
 EELEC  =      1429.0756  EGB     =     -4637.9153  RESTRAINT  =         0.0000
 ------------------------------------------------------------------------------


 NSTEP =    80800   TIME(PS) =      80.800  TEMP(K) =   297.41  PRESS =     0.0
 Etot   =     -2131.4852  EKtot   =       565.6025  EPtot      =     -2697.0877
 BOND   =       226.9934  ANGLE   =       327.5104  DIHED      =       496.8712
 1-4 NB =       158.1983  1-4 EEL =      -344.6781  VDWAALS    =      -349.1659
 EELEC  =      1401.6103  EGB     =     -4614.4274  RESTRAINT  =         0.0000
 ------------------------------------------------------------------------------


 NSTEP =    80900   TIME(PS) =      80.900  TEMP(K) =   288.32  PRESS =     0.0
 Etot   =     -2138.0519  EKtot   =       548.3101  EPtot      =     -2686.3620
 BOND   =       210.1560  ANGLE   =       340.4147  DIHED      =       496.1957
 1-4 NB =       159.1234  1-4 EEL =      -323.6393  VDWAALS    =      -343.9408
 EELEC  =      1386.8139  EGB     =     -4611.4857  RESTRAINT  =         0.0000
 ------------------------------------------------------------------------------

| RE_POSITION Moving by   0.124005  0.357609  0.072722

 NSTEP =    81000   TIME(PS) =      81.000  TEMP(K) =   279.44  PRESS =     0.0
 Etot   =     -2131.0552  EKtot   =       531.4237  EPtot      =     -2662.4789
 BOND   =       212.9946  ANGLE   =       355.6915  DIHED      =       500.8922
 1-4 NB =       166.4270  1-4 EEL =      -330.5621  VDWAALS    =      -341.1076
 EELEC  =      1382.7489  EGB     =     -4609.5635  RESTRAINT  =         0.0000
 ------------------------------------------------------------------------------


 NSTEP =    81100   TIME(PS) =      81.100  TEMP(K) =   297.66  PRESS =     0.0
 Etot   =     -2125.8392  EKtot   =       566.0720  EPtot      =     -2691.9111
 BOND   =       232.5079  ANGLE   =       324.4328  DIHED      =       495.9401
 1-4 NB =       150.6925  1-4 EEL =      -334.6606  VDWAALS    =      -340.5997
 EELEC  =      1392.8374  EGB     =     -4613.0615  RESTRAINT  =         0.0000
 ------------------------------------------------------------------------------


 NSTEP =    81200   TIME(PS) =      81.200  TEMP(K) =   295.06  PRESS =     0.0
 Etot   =     -2115.1604  EKtot   =       561.1278  EPtot      =     -2676.2882
 BOND   =       223.9071  ANGLE   =       347.8889  DIHED      =       487.9772
 1-4 NB =       159.8156  1-4 EEL =      -323.2713  VDWAALS    =      -341.7654
 EELEC  =      1387.3723  EGB     =     -4618.2126  RESTRAINT  =         0.0000
 ------------------------------------------------------------------------------


 NSTEP =    81300   TIME(PS) =      81.300  TEMP(K) =   284.34  PRESS =     0.0
 Etot   =     -2114.8937  EKtot   =       540.7434  EPtot      =     -2655.6371
 BOND   =       237.8924  ANGLE   =       355.7510  DIHED      =       487.8581
 1-4 NB =       154.9188  1-4 EEL =      -340.4692  VDWAALS    =      -343.8497
 EELEC  =      1447.6589  EGB     =     -4655.3973  RESTRAINT  =         0.0000
 ------------------------------------------------------------------------------


 NSTEP =    81400   TIME(PS) =      81.400  TEMP(K) =   291.96  PRESS =     0.0
 Etot   =     -2111.8097  EKtot   =       555.2332  EPtot      =     -2667.0430
 BOND   =       229.5238  ANGLE   =       363.9046  DIHED      =       483.9187
 1-4 NB =       154.1574  1-4 EEL =      -353.8543  VDWAALS    =      -342.2690
 EELEC  =      1436.0120  EGB     =     -4638.4362  RESTRAINT  =         0.0000
 ------------------------------------------------------------------------------


 NSTEP =    81500   TIME(PS) =      81.500  TEMP(K) =   299.70  PRESS =     0.0
 Etot   =     -2097.2864  EKtot   =       569.9498  EPtot      =     -2667.2362
 BOND   =       229.3195  ANGLE   =       347.1028  DIHED      =       489.8851
 1-4 NB =       155.4345  1-4 EEL =      -332.0963  VDWAALS    =      -340.6304
 EELEC  =      1431.6546  EGB     =     -4647.9059  RESTRAINT  =         0.0000
 ------------------------------------------------------------------------------


 NSTEP =    81600   TIME(PS) =      81.600  TEMP(K) =   301.98  PRESS =     0.0
 Etot   =     -2091.5704  EKtot   =       574.2941  EPtot      =     -2665.8645
 BOND   =       223.0504  ANGLE   =       361.3488  DIHED      =       501.5976
 1-4 NB =       157.8246  1-4 EEL =      -354.1646  VDWAALS    =      -346.2148
 EELEC  =      1430.8881  EGB     =     -4640.1947  RESTRAINT  =         0.0000
 ------------------------------------------------------------------------------


 NSTEP =    81700   TIME(PS) =      81.700  TEMP(K) =   308.24  PRESS =     0.0
 Etot   =     -2066.1476  EKtot   =       586.1963  EPtot      =     -2652.3439
 BOND   =       238.1254  ANGLE   =       348.7069  DIHED      =       498.3836
 1-4 NB =       157.8499  1-4 EEL =      -327.3061  VDWAALS    =      -339.2259
 EELEC  =      1404.9349  EGB     =     -4633.8126  RESTRAINT  =         0.0000
 ------------------------------------------------------------------------------


 NSTEP =    81800   TIME(PS) =      81.800  TEMP(K) =   294.31  PRESS =     0.0
 Etot   =     -2091.0046  EKtot   =       559.6974  EPtot      =     -2650.7020
 BOND   =       221.9191  ANGLE   =       378.0698  DIHED      =       491.9886
 1-4 NB =       163.1846  1-4 EEL =      -344.9112  VDWAALS    =      -344.4825
 EELEC  =      1440.3888  EGB     =     -4656.8593  RESTRAINT  =         0.0000
 ------------------------------------------------------------------------------


 NSTEP =    81900   TIME(PS) =      81.900  TEMP(K) =   301.96  PRESS =     0.0
 Etot   =     -2086.8120  EKtot   =       574.2536  EPtot      =     -2661.0656
 BOND   =       222.5767  ANGLE   =       345.8112  DIHED      =       505.3798
 1-4 NB =       160.6810  1-4 EEL =      -316.2539  VDWAALS    =      -343.4225
 EELEC  =      1423.6995  EGB     =     -4659.5373  RESTRAINT  =         0.0000
 ------------------------------------------------------------------------------

| RE_POSITION Moving by  -0.551062 -0.495031 -0.188955

 NSTEP =    82000   TIME(PS) =      82.000  TEMP(K) =   298.43  PRESS =     0.0
 Etot   =     -2078.6553  EKtot   =       567.5286  EPtot      =     -2646.1840
 BOND   =       225.3179  ANGLE   =       361.6175  DIHED      =       504.6197
 1-4 NB =       159.8705  1-4 EEL =      -337.9432  VDWAALS    =      -348.7628
 EELEC  =      1460.0022  EGB     =     -4670.9056  RESTRAINT  =         0.0000
 ------------------------------------------------------------------------------


 NSTEP =    82100   TIME(PS) =      82.100  TEMP(K) =   295.70  PRESS =     0.0
 Etot   =     -2074.5909  EKtot   =       562.3462  EPtot      =     -2636.9371
 BOND   =       241.7950  ANGLE   =       364.4857  DIHED      =       507.0634
 1-4 NB =       146.7682  1-4 EEL =      -337.5188  VDWAALS    =      -345.3957
 EELEC  =      1454.3647  EGB     =     -4668.4995  RESTRAINT  =         0.0000
 ------------------------------------------------------------------------------


 NSTEP =    82200   TIME(PS) =      82.200  TEMP(K) =   292.57  PRESS =     0.0
 Etot   =     -2090.2724  EKtot   =       556.3945  EPtot      =     -2646.6668
 BOND   =       224.4251  ANGLE   =       366.0643  DIHED      =       508.6314
 1-4 NB =       162.5289  1-4 EEL =      -354.3360  VDWAALS    =      -342.2579
 EELEC  =      1449.2747  EGB     =     -4660.9972  RESTRAINT  =         0.0000
 ------------------------------------------------------------------------------


 NSTEP =    82300   TIME(PS) =      82.300  TEMP(K) =   302.85  PRESS =     0.0
 Etot   =     -2078.7307  EKtot   =       575.9419  EPtot      =     -2654.6727
 BOND   =       215.8496  ANGLE   =       380.3739  DIHED      =       485.3909
 1-4 NB =       158.7800  1-4 EEL =      -353.4097  VDWAALS    =      -340.7491
 EELEC  =      1463.4258  EGB     =     -4664.3342  RESTRAINT  =         0.0000
 ------------------------------------------------------------------------------


 NSTEP =    82400   TIME(PS) =      82.400  TEMP(K) =   310.82  PRESS =     0.0
 Etot   =     -2091.5091  EKtot   =       591.1058  EPtot      =     -2682.6149
 BOND   =       221.1568  ANGLE   =       360.8232  DIHED      =       490.4286
 1-4 NB =       159.5344  1-4 EEL =      -360.6458  VDWAALS    =      -338.1865
 EELEC  =      1445.6222  EGB     =     -4661.3478  RESTRAINT  =         0.0000
 ------------------------------------------------------------------------------


 NSTEP =    82500   TIME(PS) =      82.500  TEMP(K) =   293.01  PRESS =     0.0
 Etot   =     -2096.3988  EKtot   =       557.2204  EPtot      =     -2653.6192
 BOND   =       217.9242  ANGLE   =       380.8391  DIHED      =       496.7333
 1-4 NB =       162.9357  1-4 EEL =      -345.3469  VDWAALS    =      -350.9602
 EELEC  =      1461.3602  EGB     =     -4677.1045  RESTRAINT  =         0.0000
 ------------------------------------------------------------------------------


 NSTEP =    82600   TIME(PS) =      82.600  TEMP(K) =   308.75  PRESS =     0.0
 Etot   =     -2077.5580  EKtot   =       587.1584  EPtot      =     -2664.7165
 BOND   =       236.7235  ANGLE   =       345.9697  DIHED      =       494.9343
 1-4 NB =       147.2582  1-4 EEL =      -335.3232  VDWAALS    =      -343.7397
 EELEC  =      1452.6199  EGB     =     -4663.1592  RESTRAINT  =         0.0000
 ------------------------------------------------------------------------------


 NSTEP =    82700   TIME(PS) =      82.700  TEMP(K) =   288.77  PRESS =     0.0
 Etot   =     -2098.2258  EKtot   =       549.1569  EPtot      =     -2647.3827
 BOND   =       218.3368  ANGLE   =       357.4161  DIHED      =       499.5319
 1-4 NB =       164.2717  1-4 EEL =      -328.7601  VDWAALS    =      -335.4812
 EELEC  =      1444.5733  EGB     =     -4667.2712  RESTRAINT  =         0.0000
 ------------------------------------------------------------------------------


 NSTEP =    82800   TIME(PS) =      82.800  TEMP(K) =   311.94  PRESS =     0.0
 Etot   =     -2076.2238  EKtot   =       593.2336  EPtot      =     -2669.4573
 BOND   =       233.4992  ANGLE   =       344.4118  DIHED      =       501.4981
 1-4 NB =       151.2411  1-4 EEL =      -330.8357  VDWAALS    =      -337.1716
 EELEC  =      1424.1711  EGB     =     -4656.2714  RESTRAINT  =         0.0000
 ------------------------------------------------------------------------------


 NSTEP =    82900   TIME(PS) =      82.900  TEMP(K) =   294.34  PRESS =     0.0
 Etot   =     -2084.0373  EKtot   =       559.7665  EPtot      =     -2643.8038
 BOND   =       222.0748  ANGLE   =       382.9033  DIHED      =       495.7976
 1-4 NB =       153.4178  1-4 EEL =      -347.7208  VDWAALS    =      -339.8253
 EELEC  =      1460.6503  EGB     =     -4671.1016  RESTRAINT  =         0.0000
 ------------------------------------------------------------------------------

| RE_POSITION Moving by   0.196923  0.066683  0.414107

 NSTEP =    83000   TIME(PS) =      83.000  TEMP(K) =   309.52  PRESS =     0.0
 Etot   =     -2079.4131  EKtot   =       588.6251  EPtot      =     -2668.0382
 BOND   =       231.5610  ANGLE   =       339.1899  DIHED      =       491.5616
 1-4 NB =       151.3224  1-4 EEL =      -323.5152  VDWAALS    =      -345.6562
 EELEC  =      1478.9843  EGB     =     -4691.4859  RESTRAINT  =         0.0000
 ------------------------------------------------------------------------------


 NSTEP =    83100   TIME(PS) =      83.100  TEMP(K) =   303.84  PRESS =     0.0
 Etot   =     -2072.2349  EKtot   =       577.8301  EPtot      =     -2650.0650
 BOND   =       223.2400  ANGLE   =       359.6133  DIHED      =       495.9387
 1-4 NB =       166.1691  1-4 EEL =      -334.6217  VDWAALS    =      -341.7064
 EELEC  =      1458.2350  EGB     =     -4676.9329  RESTRAINT  =         0.0000
 ------------------------------------------------------------------------------


 NSTEP =    83200   TIME(PS) =      83.200  TEMP(K) =   307.83  PRESS =     0.0
 Etot   =     -2050.7446  EKtot   =       585.4087  EPtot      =     -2636.1534
 BOND   =       235.3836  ANGLE   =       358.9754  DIHED      =       509.7772
 1-4 NB =       162.4436  1-4 EEL =      -322.5075  VDWAALS    =      -335.9196
 EELEC  =      1414.8457  EGB     =     -4659.1517  RESTRAINT  =         0.0000
 ------------------------------------------------------------------------------


 NSTEP =    83300   TIME(PS) =      83.300  TEMP(K) =   309.93  PRESS =     0.0
 Etot   =     -2053.5394  EKtot   =       589.4103  EPtot      =     -2642.9498
 BOND   =       248.5692  ANGLE   =       351.5625  DIHED      =       498.9914
 1-4 NB =       154.3555  1-4 EEL =      -324.8972  VDWAALS    =      -342.6334
 EELEC  =      1439.5821  EGB     =     -4668.4798  RESTRAINT  =         0.0000
 ------------------------------------------------------------------------------


 NSTEP =    83400   TIME(PS) =      83.400  TEMP(K) =   316.75  PRESS =     0.0
 Etot   =     -2043.7605  EKtot   =       602.3734  EPtot      =     -2646.1339
 BOND   =       231.3248  ANGLE   =       347.6804  DIHED      =       516.0508
 1-4 NB =       156.2119  1-4 EEL =      -328.4071  VDWAALS    =      -343.8161
 EELEC  =      1439.5958  EGB     =     -4664.7743  RESTRAINT  =         0.0000
 ------------------------------------------------------------------------------


 NSTEP =    83500   TIME(PS) =      83.500  TEMP(K) =   300.37  PRESS =     0.0
 Etot   =     -2045.9578  EKtot   =       571.2277  EPtot      =     -2617.1855
 BOND   =       230.1489  ANGLE   =       375.6454  DIHED      =       503.7459
 1-4 NB =       162.5387  1-4 EEL =      -329.8800  VDWAALS    =      -333.2140
 EELEC  =      1444.4994  EGB     =     -4670.6697  RESTRAINT  =         0.0000
 ------------------------------------------------------------------------------


 NSTEP =    83600   TIME(PS) =      83.600  TEMP(K) =   318.08  PRESS =     0.0
 Etot   =     -2059.2252  EKtot   =       604.8997  EPtot      =     -2664.1249
 BOND   =       241.9679  ANGLE   =       349.0773  DIHED      =       494.7999
 1-4 NB =       152.1673  1-4 EEL =      -344.1001  VDWAALS    =      -333.3922
 EELEC  =      1448.3058  EGB     =     -4672.9508  RESTRAINT  =         0.0000
 ------------------------------------------------------------------------------


 NSTEP =    83700   TIME(PS) =      83.700  TEMP(K) =   300.86  PRESS =     0.0
 Etot   =     -2055.7966  EKtot   =       572.1531  EPtot      =     -2627.9498
 BOND   =       251.6536  ANGLE   =       361.7580  DIHED      =       503.7239
 1-4 NB =       158.1942  1-4 EEL =      -342.5977  VDWAALS    =      -342.7460
 EELEC  =      1460.0308  EGB     =     -4677.9665  RESTRAINT  =         0.0000
 ------------------------------------------------------------------------------


 NSTEP =    83800   TIME(PS) =      83.800  TEMP(K) =   303.59  PRESS =     0.0
 Etot   =     -2066.2232  EKtot   =       577.3424  EPtot      =     -2643.5656
 BOND   =       230.6671  ANGLE   =       339.0027  DIHED      =       515.8856
 1-4 NB =       158.8689  1-4 EEL =      -338.1330  VDWAALS    =      -336.9312
 EELEC  =      1467.8017  EGB     =     -4680.7273  RESTRAINT  =         0.0000
 ------------------------------------------------------------------------------


 NSTEP =    83900   TIME(PS) =      83.900  TEMP(K) =   300.07  PRESS =     0.0
 Etot   =     -2067.8285  EKtot   =       570.6502  EPtot      =     -2638.4786
 BOND   =       236.8367  ANGLE   =       351.2663  DIHED      =       513.7567
 1-4 NB =       159.2182  1-4 EEL =      -343.7244  VDWAALS    =      -338.8261
 EELEC  =      1443.3983  EGB     =     -4660.4043  RESTRAINT  =         0.0000
 ------------------------------------------------------------------------------

| RE_POSITION Moving by   0.114783  0.139956  0.571584

 NSTEP =    84000   TIME(PS) =      84.000  TEMP(K) =   299.16  PRESS =     0.0
 Etot   =     -2070.6055  EKtot   =       568.9291  EPtot      =     -2639.5346
 BOND   =       227.3259  ANGLE   =       338.3335  DIHED      =       522.1810
 1-4 NB =       152.5049  1-4 EEL =      -320.8072  VDWAALS    =      -336.8395
 EELEC  =      1463.3148  EGB     =     -4685.5480  RESTRAINT  =         0.0000
 ------------------------------------------------------------------------------


 NSTEP =    84100   TIME(PS) =      84.100  TEMP(K) =   313.49  PRESS =     0.0
 Etot   =     -2061.4416  EKtot   =       596.1811  EPtot      =     -2657.6227
 BOND   =       227.0152  ANGLE   =       338.7299  DIHED      =       505.6775
 1-4 NB =       159.5477  1-4 EEL =      -320.5011  VDWAALS    =      -338.7874
 EELEC  =      1451.5164  EGB     =     -4680.8210  RESTRAINT  =         0.0000
 ------------------------------------------------------------------------------


 NSTEP =    84200   TIME(PS) =      84.200  TEMP(K) =   295.31  PRESS =     0.0
 Etot   =     -2055.5047  EKtot   =       561.6054  EPtot      =     -2617.1100
 BOND   =       249.2812  ANGLE   =       370.5530  DIHED      =       513.8967
 1-4 NB =       150.9412  1-4 EEL =      -337.2368  VDWAALS    =      -344.0158
 EELEC  =      1478.5611  EGB     =     -4699.0905  RESTRAINT  =         0.0000
 ------------------------------------------------------------------------------


 NSTEP =    84300   TIME(PS) =      84.300  TEMP(K) =   309.95  PRESS =     0.0
 Etot   =     -2054.5942  EKtot   =       589.4505  EPtot      =     -2644.0447
 BOND   =       235.2855  ANGLE   =       360.0711  DIHED      =       496.1511
 1-4 NB =       166.2066  1-4 EEL =      -326.2720  VDWAALS    =      -344.7360
 EELEC  =      1478.1545  EGB     =     -4708.9056  RESTRAINT  =         0.0000
 ------------------------------------------------------------------------------


 NSTEP =    84400   TIME(PS) =      84.400  TEMP(K) =   303.06  PRESS =     0.0
 Etot   =     -2076.6828  EKtot   =       576.3329  EPtot      =     -2653.0158
 BOND   =       226.8503  ANGLE   =       353.2301  DIHED      =       514.4105
 1-4 NB =       157.9117  1-4 EEL =      -364.5551  VDWAALS    =      -323.9523
 EELEC  =      1460.4704  EGB     =     -4677.3814  RESTRAINT  =         0.0000
 ------------------------------------------------------------------------------


 NSTEP =    84500   TIME(PS) =      84.500  TEMP(K) =   288.83  PRESS =     0.0
 Etot   =     -2057.4544  EKtot   =       549.2769  EPtot      =     -2606.7314
 BOND   =       235.4249  ANGLE   =       356.3947  DIHED      =       531.0820
 1-4 NB =       161.1478  1-4 EEL =      -329.2151  VDWAALS    =      -345.8443
 EELEC  =      1460.1790  EGB     =     -4675.9004  RESTRAINT  =         0.0000
 ------------------------------------------------------------------------------


 NSTEP =    84600   TIME(PS) =      84.600  TEMP(K) =   302.61  PRESS =     0.0
 Etot   =     -2078.3226  EKtot   =       575.4901  EPtot      =     -2653.8126
 BOND   =       235.1857  ANGLE   =       340.6005  DIHED      =       519.2713
 1-4 NB =       152.5263  1-4 EEL =      -345.8071  VDWAALS    =      -353.7665
 EELEC  =      1480.9607  EGB     =     -4682.7836  RESTRAINT  =         0.0000
 ------------------------------------------------------------------------------


 NSTEP =    84700   TIME(PS) =      84.700  TEMP(K) =   291.56  PRESS =     0.0
 Etot   =     -2098.8619  EKtot   =       554.4761  EPtot      =     -2653.3380
 BOND   =       229.1185  ANGLE   =       342.9260  DIHED      =       501.3810
 1-4 NB =       158.3818  1-4 EEL =      -325.7493  VDWAALS    =      -346.0675
 EELEC  =      1490.4023  EGB     =     -4703.7308  RESTRAINT  =         0.0000
 ------------------------------------------------------------------------------


 NSTEP =    84800   TIME(PS) =      84.800  TEMP(K) =   293.83  PRESS =     0.0
 Etot   =     -2088.1078  EKtot   =       558.7828  EPtot      =     -2646.8905
 BOND   =       222.9813  ANGLE   =       353.3069  DIHED      =       512.4990
 1-4 NB =       164.4661  1-4 EEL =      -340.5004  VDWAALS    =      -348.0324
 EELEC  =      1493.6155  EGB     =     -4705.2264  RESTRAINT  =         0.0000
 ------------------------------------------------------------------------------


 NSTEP =    84900   TIME(PS) =      84.900  TEMP(K) =   298.58  PRESS =     0.0
 Etot   =     -2103.0119  EKtot   =       567.8278  EPtot      =     -2670.8397
 BOND   =       221.9170  ANGLE   =       338.8332  DIHED      =       503.8218
 1-4 NB =       160.9785  1-4 EEL =      -342.4854  VDWAALS    =      -352.6294
 EELEC  =      1505.0379  EGB     =     -4706.3133  RESTRAINT  =         0.0000
 ------------------------------------------------------------------------------

| RE_POSITION Moving by  -0.345531  0.813683 -0.089357

 NSTEP =    85000   TIME(PS) =      85.000  TEMP(K) =   307.31  PRESS =     0.0
 Etot   =     -2105.7954  EKtot   =       584.4271  EPtot      =     -2690.2225
 BOND   =       207.1789  ANGLE   =       334.9419  DIHED      =       514.2743
 1-4 NB =       150.8289  1-4 EEL =      -356.7376  VDWAALS    =      -348.3911
 EELEC  =      1481.1919  EGB     =     -4673.5098  RESTRAINT  =         0.0000
 ------------------------------------------------------------------------------


 NSTEP =    85100   TIME(PS) =      85.100  TEMP(K) =   298.99  PRESS =     0.0
 Etot   =     -2099.0031  EKtot   =       568.6027  EPtot      =     -2667.6059
 BOND   =       234.7997  ANGLE   =       330.0505  DIHED      =       516.9957
 1-4 NB =       156.4986  1-4 EEL =      -334.9310  VDWAALS    =      -354.4709
 EELEC  =      1464.6505  EGB     =     -4681.1989  RESTRAINT  =         0.0000
 ------------------------------------------------------------------------------


 NSTEP =    85200   TIME(PS) =      85.200  TEMP(K) =   296.44  PRESS =     0.0
 Etot   =     -2096.0502  EKtot   =       563.7557  EPtot      =     -2659.8059
 BOND   =       223.4502  ANGLE   =       332.9512  DIHED      =       525.7613
 1-4 NB =       160.7743  1-4 EEL =      -341.3917  VDWAALS    =      -350.5823
 EELEC  =      1471.0156  EGB     =     -4681.7846  RESTRAINT  =         0.0000
 ------------------------------------------------------------------------------


 NSTEP =    85300   TIME(PS) =      85.300  TEMP(K) =   310.77  PRESS =     0.0
 Etot   =     -2093.0792  EKtot   =       591.0089  EPtot      =     -2684.0881
 BOND   =       223.8324  ANGLE   =       339.0005  DIHED      =       497.6960
 1-4 NB =       161.3598  1-4 EEL =      -342.2582  VDWAALS    =      -351.8134
 EELEC  =      1455.2142  EGB     =     -4667.1195  RESTRAINT  =         0.0000
 ------------------------------------------------------------------------------


 NSTEP =    85400   TIME(PS) =      85.400  TEMP(K) =   289.85  PRESS =     0.0
 Etot   =     -2095.8648  EKtot   =       551.2156  EPtot      =     -2647.0804
 BOND   =       239.6322  ANGLE   =       342.5199  DIHED      =       503.1292
 1-4 NB =       158.9007  1-4 EEL =      -332.0831  VDWAALS    =      -348.8985
 EELEC  =      1468.3649  EGB     =     -4678.6456  RESTRAINT  =         0.0000
 ------------------------------------------------------------------------------


 NSTEP =    85500   TIME(PS) =      85.500  TEMP(K) =   294.97  PRESS =     0.0
 Etot   =     -2116.2680  EKtot   =       560.9639  EPtot      =     -2677.2319
 BOND   =       207.7823  ANGLE   =       343.3664  DIHED      =       501.6083
 1-4 NB =       162.7585  1-4 EEL =      -331.4672  VDWAALS    =      -356.1704
 EELEC  =      1449.7709  EGB     =     -4654.8807  RESTRAINT  =         0.0000
 ------------------------------------------------------------------------------


 NSTEP =    85600   TIME(PS) =      85.600  TEMP(K) =   294.25  PRESS =     0.0
 Etot   =     -2110.8023  EKtot   =       559.5814  EPtot      =     -2670.3837
 BOND   =       217.9794  ANGLE   =       334.5090  DIHED      =       506.1304
 1-4 NB =       154.5174  1-4 EEL =      -320.1106  VDWAALS    =      -343.4531
 EELEC  =      1412.2076  EGB     =     -4632.1638  RESTRAINT  =         0.0000
 ------------------------------------------------------------------------------


 NSTEP =    85700   TIME(PS) =      85.700  TEMP(K) =   295.06  PRESS =     0.0
 Etot   =     -2105.8101  EKtot   =       561.1310  EPtot      =     -2666.9411
 BOND   =       227.6781  ANGLE   =       318.4894  DIHED      =       505.0591
 1-4 NB =       159.3135  1-4 EEL =      -320.1212  VDWAALS    =      -347.9464
 EELEC  =      1438.7630  EGB     =     -4648.1768  RESTRAINT  =         0.0000
 ------------------------------------------------------------------------------


 NSTEP =    85800   TIME(PS) =      85.800  TEMP(K) =   301.52  PRESS =     0.0
 Etot   =     -2098.1691  EKtot   =       573.4072  EPtot      =     -2671.5763
 BOND   =       223.2746  ANGLE   =       330.8908  DIHED      =       500.7098
 1-4 NB =       160.3489  1-4 EEL =      -326.0520  VDWAALS    =      -351.5966
 EELEC  =      1457.6387  EGB     =     -4666.7904  RESTRAINT  =         0.0000
 ------------------------------------------------------------------------------


 NSTEP =    85900   TIME(PS) =      85.900  TEMP(K) =   300.01  PRESS =     0.0
 Etot   =     -2111.2044  EKtot   =       570.5382  EPtot      =     -2681.7426
 BOND   =       201.2449  ANGLE   =       354.9801  DIHED      =       507.6746
 1-4 NB =       148.1849  1-4 EEL =      -342.4684  VDWAALS    =      -346.8775
 EELEC  =      1440.5230  EGB     =     -4645.0042  RESTRAINT  =         0.0000
 ------------------------------------------------------------------------------

| RE_POSITION Moving by  -0.504565 -0.417092  0.094073

 NSTEP =    86000   TIME(PS) =      86.000  TEMP(K) =   288.92  PRESS =     0.0
 Etot   =     -2108.6036  EKtot   =       549.4598  EPtot      =     -2658.0634
 BOND   =       208.8695  ANGLE   =       344.6183  DIHED      =       510.9463
 1-4 NB =       159.8567  1-4 EEL =      -308.4050  VDWAALS    =      -347.6061
 EELEC  =      1405.5149  EGB     =     -4631.8580  RESTRAINT  =         0.0000
 ------------------------------------------------------------------------------


 NSTEP =    86100   TIME(PS) =      86.100  TEMP(K) =   297.06  PRESS =     0.0
 Etot   =     -2114.5996  EKtot   =       564.9328  EPtot      =     -2679.5325
 BOND   =       219.6907  ANGLE   =       338.5061  DIHED      =       503.9313
 1-4 NB =       160.3772  1-4 EEL =      -334.7207  VDWAALS    =      -357.9975
 EELEC  =      1433.2878  EGB     =     -4642.6073  RESTRAINT  =         0.0000
 ------------------------------------------------------------------------------


 NSTEP =    86200   TIME(PS) =      86.200  TEMP(K) =   301.72  PRESS =     0.0
 Etot   =     -2128.2564  EKtot   =       573.7913  EPtot      =     -2702.0477
 BOND   =       215.1757  ANGLE   =       322.8730  DIHED      =       500.6713
 1-4 NB =       155.1795  1-4 EEL =      -327.7612  VDWAALS    =      -346.3645
 EELEC  =      1422.9533  EGB     =     -4644.7747  RESTRAINT  =         0.0000
 ------------------------------------------------------------------------------


 NSTEP =    86300   TIME(PS) =      86.300  TEMP(K) =   293.63  PRESS =     0.0
 Etot   =     -2142.2122  EKtot   =       558.4174  EPtot      =     -2700.6295
 BOND   =       197.1544  ANGLE   =       339.6426  DIHED      =       495.7086
 1-4 NB =       154.0171  1-4 EEL =      -322.4635  VDWAALS    =      -346.4291
 EELEC  =      1416.0112  EGB     =     -4634.2709  RESTRAINT  =         0.0000
 ------------------------------------------------------------------------------


 NSTEP =    86400   TIME(PS) =      86.400  TEMP(K) =   283.61  PRESS =     0.0
 Etot   =     -2148.2154  EKtot   =       539.3459  EPtot      =     -2687.5613
 BOND   =       195.5313  ANGLE   =       355.8676  DIHED      =       490.8643
 1-4 NB =       162.0318  1-4 EEL =      -349.7610  VDWAALS    =      -343.3793
 EELEC  =      1417.8855  EGB     =     -4616.6016  RESTRAINT  =         0.0000
 ------------------------------------------------------------------------------


 NSTEP =    86500   TIME(PS) =      86.500  TEMP(K) =   285.95  PRESS =     0.0
 Etot   =     -2136.9078  EKtot   =       543.8043  EPtot      =     -2680.7120
 BOND   =       215.6144  ANGLE   =       322.0170  DIHED      =       505.3748
 1-4 NB =       157.8434  1-4 EEL =      -321.0236  VDWAALS    =      -341.9608
 EELEC  =      1415.5972  EGB     =     -4634.1746  RESTRAINT  =         0.0000
 ------------------------------------------------------------------------------


 NSTEP =    86600   TIME(PS) =      86.600  TEMP(K) =   291.17  PRESS =     0.0
 Etot   =     -2137.2164  EKtot   =       553.7393  EPtot      =     -2690.9557
 BOND   =       221.1852  ANGLE   =       321.5996  DIHED      =       494.2694
 1-4 NB =       154.3736  1-4 EEL =      -313.3189  VDWAALS    =      -329.6934
 EELEC  =      1352.0662  EGB     =     -4591.4374  RESTRAINT  =         0.0000
 ------------------------------------------------------------------------------


 NSTEP =    86700   TIME(PS) =      86.700  TEMP(K) =   286.87  PRESS =     0.0
 Etot   =     -2139.1274  EKtot   =       545.5512  EPtot      =     -2684.6786
 BOND   =       221.0489  ANGLE   =       339.9981  DIHED      =       488.4454
 1-4 NB =       157.2644  1-4 EEL =      -332.3675  VDWAALS    =      -343.5279
 EELEC  =      1405.6039  EGB     =     -4621.1438  RESTRAINT  =         0.0000
 ------------------------------------------------------------------------------


 NSTEP =    86800   TIME(PS) =      86.800  TEMP(K) =   304.70  PRESS =     0.0
 Etot   =     -2112.1563  EKtot   =       579.4560  EPtot      =     -2691.6123
 BOND   =       222.6682  ANGLE   =       330.3637  DIHED      =       479.6856
 1-4 NB =       161.2434  1-4 EEL =      -319.7474  VDWAALS    =      -349.0002
 EELEC  =      1411.3563  EGB     =     -4628.1820  RESTRAINT  =         0.0000
 ------------------------------------------------------------------------------


 NSTEP =    86900   TIME(PS) =      86.900  TEMP(K) =   292.29  PRESS =     0.0
 Etot   =     -2125.3329  EKtot   =       555.8605  EPtot      =     -2681.1933
 BOND   =       230.0788  ANGLE   =       326.1277  DIHED      =       496.8748
 1-4 NB =       158.1146  1-4 EEL =      -342.0234  VDWAALS    =      -330.3164
 EELEC  =      1404.2022  EGB     =     -4624.2516  RESTRAINT  =         0.0000
 ------------------------------------------------------------------------------

| RE_POSITION Moving by  -0.083394  0.808153  0.762800

 NSTEP =    87000   TIME(PS) =      87.000  TEMP(K) =   300.47  PRESS =     0.0
 Etot   =     -2113.8439  EKtot   =       571.4222  EPtot      =     -2685.2661
 BOND   =       218.0121  ANGLE   =       338.7362  DIHED      =       506.0042
 1-4 NB =       152.0259  1-4 EEL =      -351.5223  VDWAALS    =      -347.3116
 EELEC  =      1399.1219  EGB     =     -4600.3324  RESTRAINT  =         0.0000
 ------------------------------------------------------------------------------


 NSTEP =    87100   TIME(PS) =      87.100  TEMP(K) =   291.49  PRESS =     0.0
 Etot   =     -2109.1574  EKtot   =       554.3461  EPtot      =     -2663.5034
 BOND   =       232.4957  ANGLE   =       358.9695  DIHED      =       487.8991
 1-4 NB =       160.3687  1-4 EEL =      -350.6248  VDWAALS    =      -344.8452
 EELEC  =      1402.2522  EGB     =     -4610.0187  RESTRAINT  =         0.0000
 ------------------------------------------------------------------------------


 NSTEP =    87200   TIME(PS) =      87.200  TEMP(K) =   301.37  PRESS =     0.0
 Etot   =     -2110.6564  EKtot   =       573.1307  EPtot      =     -2683.7871
 BOND   =       227.8670  ANGLE   =       338.7311  DIHED      =       496.5599
 1-4 NB =       155.2515  1-4 EEL =      -351.7169  VDWAALS    =      -350.6271
 EELEC  =      1402.6667  EGB     =     -4602.5193  RESTRAINT  =         0.0000
 ------------------------------------------------------------------------------


 NSTEP =    87300   TIME(PS) =      87.300  TEMP(K) =   296.57  PRESS =     0.0
 Etot   =     -2104.8972  EKtot   =       564.0040  EPtot      =     -2668.9011
 BOND   =       222.4502  ANGLE   =       356.9968  DIHED      =       487.4222
 1-4 NB =       157.2605  1-4 EEL =      -349.0589  VDWAALS    =      -341.6759
 EELEC  =      1406.0163  EGB     =     -4608.3123  RESTRAINT  =         0.0000
 ------------------------------------------------------------------------------


 NSTEP =    87400   TIME(PS) =      87.400  TEMP(K) =   290.95  PRESS =     0.0
 Etot   =     -2089.9493  EKtot   =       553.3105  EPtot      =     -2643.2598
 BOND   =       219.0325  ANGLE   =       364.3436  DIHED      =       510.1008
 1-4 NB =       158.4671  1-4 EEL =      -334.5520  VDWAALS    =      -344.6378
 EELEC  =      1386.8331  EGB     =     -4602.8471  RESTRAINT  =         0.0000
 ------------------------------------------------------------------------------


 NSTEP =    87500   TIME(PS) =      87.500  TEMP(K) =   306.32  PRESS =     0.0
 Etot   =     -2075.3030  EKtot   =       582.5470  EPtot      =     -2657.8500
 BOND   =       238.7724  ANGLE   =       331.0230  DIHED      =       498.6300
 1-4 NB =       154.2545  1-4 EEL =      -330.8805  VDWAALS    =      -336.0936
 EELEC  =      1370.2120  EGB     =     -4583.7678  RESTRAINT  =         0.0000
 ------------------------------------------------------------------------------


 NSTEP =    87600   TIME(PS) =      87.600  TEMP(K) =   300.50  PRESS =     0.0
 Etot   =     -2089.6294  EKtot   =       571.4646  EPtot      =     -2661.0940
 BOND   =       210.3716  ANGLE   =       356.7789  DIHED      =       516.5479
 1-4 NB =       156.2482  1-4 EEL =      -340.7515  VDWAALS    =      -339.5037
 EELEC  =      1368.2250  EGB     =     -4589.0104  RESTRAINT  =         0.0000
 ------------------------------------------------------------------------------


 NSTEP =    87700   TIME(PS) =      87.700  TEMP(K) =   284.87  PRESS =     0.0
 Etot   =     -2095.2163  EKtot   =       541.7515  EPtot      =     -2636.9678
 BOND   =       219.4544  ANGLE   =       345.7607  DIHED      =       522.6319
 1-4 NB =       161.9793  1-4 EEL =      -323.3706  VDWAALS    =      -336.9095
 EELEC  =      1347.4108  EGB     =     -4573.9246  RESTRAINT  =         0.0000
 ------------------------------------------------------------------------------


 NSTEP =    87800   TIME(PS) =      87.800  TEMP(K) =   293.53  PRESS =     0.0
 Etot   =     -2109.3624  EKtot   =       558.2229  EPtot      =     -2667.5853
 BOND   =       223.5241  ANGLE   =       331.3924  DIHED      =       499.6070
 1-4 NB =       158.1539  1-4 EEL =      -336.8810  VDWAALS    =      -331.9780
 EELEC  =      1360.6401  EGB     =     -4572.0438  RESTRAINT  =         0.0000
 ------------------------------------------------------------------------------


 NSTEP =    87900   TIME(PS) =      87.900  TEMP(K) =   282.10  PRESS =     0.0
 Etot   =     -2113.2183  EKtot   =       536.4860  EPtot      =     -2649.7044
 BOND   =       223.9753  ANGLE   =       355.6260  DIHED      =       498.6925
 1-4 NB =       155.6355  1-4 EEL =      -338.3024  VDWAALS    =      -331.8772
 EELEC  =      1363.3744  EGB     =     -4576.8285  RESTRAINT  =         0.0000
 ------------------------------------------------------------------------------

| RE_POSITION Moving by  -0.065245  0.464382 -0.203829

 NSTEP =    88000   TIME(PS) =      88.000  TEMP(K) =   289.42  PRESS =     0.0
 Etot   =     -2115.3970  EKtot   =       550.3940  EPtot      =     -2665.7911
 BOND   =       235.1660  ANGLE   =       348.8239  DIHED      =       492.7598
 1-4 NB =       148.8930  1-4 EEL =      -328.0087  VDWAALS    =      -334.7044
 EELEC  =      1334.0839  EGB     =     -4562.8046  RESTRAINT  =         0.0000
 ------------------------------------------------------------------------------


 NSTEP =    88100   TIME(PS) =      88.100  TEMP(K) =   293.22  PRESS =     0.0
 Etot   =     -2113.3915  EKtot   =       557.6352  EPtot      =     -2671.0267
 BOND   =       223.1003  ANGLE   =       333.0306  DIHED      =       491.1705
 1-4 NB =       159.8701  1-4 EEL =      -318.5473  VDWAALS    =      -336.1659
 EELEC  =      1333.9599  EGB     =     -4557.4449  RESTRAINT  =         0.0000
 ------------------------------------------------------------------------------


 NSTEP =    88200   TIME(PS) =      88.200  TEMP(K) =   305.31  PRESS =     0.0
 Etot   =     -2116.6886  EKtot   =       580.6227  EPtot      =     -2697.3113
 BOND   =       214.4572  ANGLE   =       320.6196  DIHED      =       496.7762
 1-4 NB =       156.3145  1-4 EEL =      -341.5197  VDWAALS    =      -329.4069
 EELEC  =      1361.7349  EGB     =     -4576.2871  RESTRAINT  =         0.0000
 ------------------------------------------------------------------------------


 NSTEP =    88300   TIME(PS) =      88.300  TEMP(K) =   276.42  PRESS =     0.0
 Etot   =     -2100.4382  EKtot   =       525.6725  EPtot      =     -2626.1107
 BOND   =       224.6826  ANGLE   =       361.3461  DIHED      =       508.5377
 1-4 NB =       155.6762  1-4 EEL =      -325.5123  VDWAALS    =      -323.5578
 EELEC  =      1358.3366  EGB     =     -4585.6197  RESTRAINT  =         0.0000
 ------------------------------------------------------------------------------


 NSTEP =    88400   TIME(PS) =      88.400  TEMP(K) =   305.78  PRESS =     0.0
 Etot   =     -2085.3600  EKtot   =       581.5147  EPtot      =     -2666.8747
 BOND   =       221.9232  ANGLE   =       343.8561  DIHED      =       499.4019
 1-4 NB =       155.3516  1-4 EEL =      -324.3224  VDWAALS    =      -329.9932
 EELEC  =      1354.7725  EGB     =     -4587.8644  RESTRAINT  =         0.0000
 ------------------------------------------------------------------------------


 NSTEP =    88500   TIME(PS) =      88.500  TEMP(K) =   296.52  PRESS =     0.0
 Etot   =     -2075.5554  EKtot   =       563.9065  EPtot      =     -2639.4619
 BOND   =       217.3730  ANGLE   =       356.1537  DIHED      =       498.0446
 1-4 NB =       163.3169  1-4 EEL =      -331.1054  VDWAALS    =      -337.3574
 EELEC  =      1428.5118  EGB     =     -4634.3991  RESTRAINT  =         0.0000
 ------------------------------------------------------------------------------


 NSTEP =    88600   TIME(PS) =      88.600  TEMP(K) =   287.01  PRESS =     0.0
 Etot   =     -2081.7159  EKtot   =       545.8226  EPtot      =     -2627.5385
 BOND   =       245.0375  ANGLE   =       362.2258  DIHED      =       493.6665
 1-4 NB =       161.6688  1-4 EEL =      -359.6889  VDWAALS    =      -342.0661
 EELEC  =      1432.5751  EGB     =     -4620.9572  RESTRAINT  =         0.0000
 ------------------------------------------------------------------------------


 NSTEP =    88700   TIME(PS) =      88.700  TEMP(K) =   304.48  PRESS =     0.0
 Etot   =     -2092.8147  EKtot   =       579.0474  EPtot      =     -2671.8621
 BOND   =       234.4528  ANGLE   =       322.6930  DIHED      =       503.7887
 1-4 NB =       155.7941  1-4 EEL =      -327.5018  VDWAALS    =      -341.9623
 EELEC  =      1392.1866  EGB     =     -4611.3132  RESTRAINT  =         0.0000
 ------------------------------------------------------------------------------


 NSTEP =    88800   TIME(PS) =      88.800  TEMP(K) =   295.61  PRESS =     0.0
 Etot   =     -2083.2152  EKtot   =       562.1697  EPtot      =     -2645.3849
 BOND   =       228.6424  ANGLE   =       344.9174  DIHED      =       508.3111
 1-4 NB =       151.0657  1-4 EEL =      -325.7461  VDWAALS    =      -333.3880
 EELEC  =      1376.6506  EGB     =     -4595.8381  RESTRAINT  =         0.0000
 ------------------------------------------------------------------------------


 NSTEP =    88900   TIME(PS) =      88.900  TEMP(K) =   300.84  PRESS =     0.0
 Etot   =     -2088.2533  EKtot   =       572.1241  EPtot      =     -2660.3774
 BOND   =       219.7692  ANGLE   =       342.3745  DIHED      =       507.1996
 1-4 NB =       154.7167  1-4 EEL =      -345.8398  VDWAALS    =      -341.9006
 EELEC  =      1389.2043  EGB     =     -4585.9013  RESTRAINT  =         0.0000
 ------------------------------------------------------------------------------

| RE_POSITION Moving by   0.409931 -0.084954  0.295435

 NSTEP =    89000   TIME(PS) =      89.000  TEMP(K) =   296.60  PRESS =     0.0
 Etot   =     -2081.9330  EKtot   =       564.0524  EPtot      =     -2645.9854
 BOND   =       223.6043  ANGLE   =       369.0843  DIHED      =       501.1475
 1-4 NB =       157.9457  1-4 EEL =      -358.2317  VDWAALS    =      -349.7847
 EELEC  =      1409.0686  EGB     =     -4598.8194  RESTRAINT  =         0.0000
 ------------------------------------------------------------------------------


 NSTEP =    89100   TIME(PS) =      89.100  TEMP(K) =   296.57  PRESS =     0.0
 Etot   =     -2083.4696  EKtot   =       564.0050  EPtot      =     -2647.4746
 BOND   =       223.5545  ANGLE   =       377.5854  DIHED      =       497.5284
 1-4 NB =       149.5792  1-4 EEL =      -344.7889  VDWAALS    =      -341.8278
 EELEC  =      1376.0798  EGB     =     -4585.1852  RESTRAINT  =         0.0000
 ------------------------------------------------------------------------------


 NSTEP =    89200   TIME(PS) =      89.200  TEMP(K) =   310.99  PRESS =     0.0
 Etot   =     -2058.6587  EKtot   =       591.4258  EPtot      =     -2650.0845
 BOND   =       236.6083  ANGLE   =       353.1225  DIHED      =       486.9834
 1-4 NB =       160.2849  1-4 EEL =      -325.5953  VDWAALS    =      -346.9435
 EELEC  =      1392.1972  EGB     =     -4606.7420  RESTRAINT  =         0.0000
 ------------------------------------------------------------------------------


 NSTEP =    89300   TIME(PS) =      89.300  TEMP(K) =   310.16  PRESS =     0.0
 Etot   =     -2053.9475  EKtot   =       589.8408  EPtot      =     -2643.7883
 BOND   =       244.2529  ANGLE   =       350.5495  DIHED      =       501.7453
 1-4 NB =       158.4769  1-4 EEL =      -337.7653  VDWAALS    =      -344.2893
 EELEC  =      1372.9233  EGB     =     -4589.6816  RESTRAINT  =         0.0000
 ------------------------------------------------------------------------------


 NSTEP =    89400   TIME(PS) =      89.400  TEMP(K) =   312.47  PRESS =     0.0
 Etot   =     -2037.6311  EKtot   =       594.2428  EPtot      =     -2631.8739
 BOND   =       234.9789  ANGLE   =       365.7048  DIHED      =       505.8886
 1-4 NB =       160.2612  1-4 EEL =      -351.2984  VDWAALS    =      -347.3903
 EELEC  =      1410.0146  EGB     =     -4610.0332  RESTRAINT  =         0.0000
 ------------------------------------------------------------------------------


 NSTEP =    89500   TIME(PS) =      89.500  TEMP(K) =   319.11  PRESS =     0.0
 Etot   =     -2041.7470  EKtot   =       606.8649  EPtot      =     -2648.6120
 BOND   =       215.3311  ANGLE   =       376.2668  DIHED      =       495.5520
 1-4 NB =       158.5918  1-4 EEL =      -349.9150  VDWAALS    =      -344.5234
 EELEC  =      1418.3088  EGB     =     -4618.2240  RESTRAINT  =         0.0000
 ------------------------------------------------------------------------------


 NSTEP =    89600   TIME(PS) =      89.600  TEMP(K) =   302.33  PRESS =     0.0
 Etot   =     -2046.4740  EKtot   =       574.9611  EPtot      =     -2621.4351
 BOND   =       266.8172  ANGLE   =       337.3611  DIHED      =       516.1311
 1-4 NB =       155.8002  1-4 EEL =      -328.1279  VDWAALS    =      -347.6027
 EELEC  =      1389.6614  EGB     =     -4611.4755  RESTRAINT  =         0.0000
 ------------------------------------------------------------------------------


 NSTEP =    89700   TIME(PS) =      89.700  TEMP(K) =   314.88  PRESS =     0.0
 Etot   =     -2059.1922  EKtot   =       598.8292  EPtot      =     -2658.0214
 BOND   =       234.8520  ANGLE   =       340.9287  DIHED      =       507.3185
 1-4 NB =       162.1922  1-4 EEL =      -340.7709  VDWAALS    =      -352.6621
 EELEC  =      1428.5480  EGB     =     -4638.4279  RESTRAINT  =         0.0000
 ------------------------------------------------------------------------------


 NSTEP =    89800   TIME(PS) =      89.800  TEMP(K) =   308.35  PRESS =     0.0
 Etot   =     -2050.2993  EKtot   =       586.4080  EPtot      =     -2636.7073
 BOND   =       246.4442  ANGLE   =       342.8543  DIHED      =       509.9601
 1-4 NB =       163.3058  1-4 EEL =      -340.7795  VDWAALS    =      -356.5866
 EELEC  =      1457.9639  EGB     =     -4659.8694  RESTRAINT  =         0.0000
 ------------------------------------------------------------------------------


 NSTEP =    89900   TIME(PS) =      89.900  TEMP(K) =   287.58  PRESS =     0.0
 Etot   =     -2066.2070  EKtot   =       546.8999  EPtot      =     -2613.1068
 BOND   =       250.8435  ANGLE   =       355.4669  DIHED      =       521.2808
 1-4 NB =       160.1767  1-4 EEL =      -326.2994  VDWAALS    =      -353.4255
 EELEC  =      1433.6366  EGB     =     -4654.7865  RESTRAINT  =         0.0000
 ------------------------------------------------------------------------------

| RE_POSITION Moving by  -0.150216 -0.643307 -0.552995

 NSTEP =    90000   TIME(PS) =      90.000  TEMP(K) =   317.87  PRESS =     0.0
 Etot   =     -2055.9959  EKtot   =       604.5095  EPtot      =     -2660.5055
 BOND   =       214.4912  ANGLE   =       352.7751  DIHED      =       518.8687
 1-4 NB =       158.4457  1-4 EEL =      -339.6498  VDWAALS    =      -357.2406
 EELEC  =      1459.6583  EGB     =     -4667.8542  RESTRAINT  =         0.0000
 ------------------------------------------------------------------------------


 NSTEP =    90100   TIME(PS) =      90.100  TEMP(K) =   305.34  PRESS =     0.0
 Etot   =     -2079.6895  EKtot   =       580.6851  EPtot      =     -2660.3746
 BOND   =       201.9497  ANGLE   =       372.8007  DIHED      =       500.7397
 1-4 NB =       163.6683  1-4 EEL =      -329.9637  VDWAALS    =      -351.1886
 EELEC  =      1437.4844  EGB     =     -4655.8652  RESTRAINT  =         0.0000
 ------------------------------------------------------------------------------


 NSTEP =    90200   TIME(PS) =      90.200  TEMP(K) =   299.10  PRESS =     0.0
 Etot   =     -2093.6179  EKtot   =       568.8176  EPtot      =     -2662.4355
 BOND   =       235.9124  ANGLE   =       359.3942  DIHED      =       505.2653
 1-4 NB =       152.9181  1-4 EEL =      -338.4337  VDWAALS    =      -354.4780
 EELEC  =      1431.9925  EGB     =     -4655.0063  RESTRAINT  =         0.0000
 ------------------------------------------------------------------------------


 NSTEP =    90300   TIME(PS) =      90.300  TEMP(K) =   308.58  PRESS =     0.0
 Etot   =     -2087.8858  EKtot   =       586.8371  EPtot      =     -2674.7229
 BOND   =       226.4077  ANGLE   =       347.3233  DIHED      =       495.2369
 1-4 NB =       160.4210  1-4 EEL =      -338.0310  VDWAALS    =      -355.1585
 EELEC  =      1427.2311  EGB     =     -4638.1533  RESTRAINT  =         0.0000
 ------------------------------------------------------------------------------


 NSTEP =    90400   TIME(PS) =      90.400  TEMP(K) =   299.45  PRESS =     0.0
 Etot   =     -2083.7599  EKtot   =       569.4685  EPtot      =     -2653.2283
 BOND   =       223.1818  ANGLE   =       338.8005  DIHED      =       515.0019
 1-4 NB =       158.1658  1-4 EEL =      -326.8048  VDWAALS    =      -356.6914
 EELEC  =      1410.5118  EGB     =     -4615.3937  RESTRAINT  =         0.0000
 ------------------------------------------------------------------------------


 NSTEP =    90500   TIME(PS) =      90.500  TEMP(K) =   292.70  PRESS =     0.0
 Etot   =     -2098.2464  EKtot   =       556.6343  EPtot      =     -2654.8807
 BOND   =       225.3163  ANGLE   =       371.6035  DIHED      =       505.7591
 1-4 NB =       150.1610  1-4 EEL =      -349.0964  VDWAALS    =      -352.4884
 EELEC  =      1407.6510  EGB     =     -4613.7869  RESTRAINT  =         0.0000
 ------------------------------------------------------------------------------


 NSTEP =    90600   TIME(PS) =      90.600  TEMP(K) =   301.54  PRESS =     0.0
 Etot   =     -2092.3065  EKtot   =       573.4474  EPtot      =     -2665.7539
 BOND   =       214.4713  ANGLE   =       347.2402  DIHED      =       497.7252
 1-4 NB =       168.5039  1-4 EEL =      -320.8263  VDWAALS    =      -353.0662
 EELEC  =      1390.8200  EGB     =     -4610.6219  RESTRAINT  =         0.0000
 ------------------------------------------------------------------------------


 NSTEP =    90700   TIME(PS) =      90.700  TEMP(K) =   293.28  PRESS =     0.0
 Etot   =     -2105.6389  EKtot   =       557.7525  EPtot      =     -2663.3914
 BOND   =       225.6116  ANGLE   =       349.9125  DIHED      =       499.0718
 1-4 NB =       151.0266  1-4 EEL =      -331.3340  VDWAALS    =      -339.6428
 EELEC  =      1403.3155  EGB     =     -4621.3526  RESTRAINT  =         0.0000
 ------------------------------------------------------------------------------


 NSTEP =    90800   TIME(PS) =      90.800  TEMP(K) =   287.78  PRESS =     0.0
 Etot   =     -2093.5402  EKtot   =       547.2769  EPtot      =     -2640.8171
 BOND   =       238.3393  ANGLE   =       342.2687  DIHED      =       496.4833
 1-4 NB =       165.5144  1-4 EEL =      -336.9808  VDWAALS    =      -332.7078
 EELEC  =      1408.6363  EGB     =     -4622.3705  RESTRAINT  =         0.0000
 ------------------------------------------------------------------------------


 NSTEP =    90900   TIME(PS) =      90.900  TEMP(K) =   294.19  PRESS =     0.0
 Etot   =     -2095.3496  EKtot   =       559.4803  EPtot      =     -2654.8299
 BOND   =       236.2292  ANGLE   =       355.0457  DIHED      =       490.1998
 1-4 NB =       157.6845  1-4 EEL =      -347.9603  VDWAALS    =      -344.1909
 EELEC  =      1425.0164  EGB     =     -4626.8544  RESTRAINT  =         0.0000
 ------------------------------------------------------------------------------

| RE_POSITION Moving by   0.367180  0.061688 -0.181239

 NSTEP =    91000   TIME(PS) =      91.000  TEMP(K) =   307.29  PRESS =     0.0
 Etot   =     -2080.7916  EKtot   =       584.3939  EPtot      =     -2665.1855
 BOND   =       242.3548  ANGLE   =       344.8613  DIHED      =       491.2094
 1-4 NB =       156.3749  1-4 EEL =      -358.6527  VDWAALS    =      -346.6262
 EELEC  =      1419.7405  EGB     =     -4614.4474  RESTRAINT  =         0.0000
 ------------------------------------------------------------------------------


 NSTEP =    91100   TIME(PS) =      91.100  TEMP(K) =   289.63  PRESS =     0.0
 Etot   =     -2096.6316  EKtot   =       550.8059  EPtot      =     -2647.4375
 BOND   =       255.3223  ANGLE   =       346.0753  DIHED      =       500.2079
 1-4 NB =       153.0267  1-4 EEL =      -336.5171  VDWAALS    =      -352.2440
 EELEC  =      1410.6399  EGB     =     -4623.9486  RESTRAINT  =         0.0000
 ------------------------------------------------------------------------------


 NSTEP =    91200   TIME(PS) =      91.200  TEMP(K) =   294.90  PRESS =     0.0
 Etot   =     -2105.2869  EKtot   =       560.8313  EPtot      =     -2666.1182
 BOND   =       235.3801  ANGLE   =       332.5267  DIHED      =       489.5852
 1-4 NB =       164.4370  1-4 EEL =      -324.2744  VDWAALS    =      -351.8484
 EELEC  =      1433.9501  EGB     =     -4645.8745  RESTRAINT  =         0.0000
 ------------------------------------------------------------------------------


 NSTEP =    91300   TIME(PS) =      91.300  TEMP(K) =   306.71  PRESS =     0.0
 Etot   =     -2096.7113  EKtot   =       583.2826  EPtot      =     -2679.9939
 BOND   =       211.7589  ANGLE   =       337.7429  DIHED      =       489.9093
 1-4 NB =       162.0042  1-4 EEL =      -314.8182  VDWAALS    =      -354.0620
 EELEC  =      1444.6395  EGB     =     -4657.1684  RESTRAINT  =         0.0000
 ------------------------------------------------------------------------------


 NSTEP =    91400   TIME(PS) =      91.400  TEMP(K) =   311.23  PRESS =     0.0
 Etot   =     -2082.2647  EKtot   =       591.8707  EPtot      =     -2674.1354
 BOND   =       227.3926  ANGLE   =       344.9412  DIHED      =       495.7555
 1-4 NB =       151.6393  1-4 EEL =      -327.3389  VDWAALS    =      -353.6839
 EELEC  =      1437.4010  EGB     =     -4650.2422  RESTRAINT  =         0.0000
 ------------------------------------------------------------------------------


 NSTEP =    91500   TIME(PS) =      91.500  TEMP(K) =   303.25  PRESS =     0.0
 Etot   =     -2073.0020  EKtot   =       576.7042  EPtot      =     -2649.7062
 BOND   =       225.0418  ANGLE   =       349.6229  DIHED      =       499.9836
 1-4 NB =       158.9159  1-4 EEL =      -319.8390  VDWAALS    =      -354.7986
 EELEC  =      1451.2387  EGB     =     -4659.8715  RESTRAINT  =         0.0000
 ------------------------------------------------------------------------------


 NSTEP =    91600   TIME(PS) =      91.600  TEMP(K) =   301.13  PRESS =     0.0
 Etot   =     -2062.4786  EKtot   =       572.6786  EPtot      =     -2635.1573
 BOND   =       239.3211  ANGLE   =       360.4133  DIHED      =       501.9463
 1-4 NB =       157.7816  1-4 EEL =      -313.7442  VDWAALS    =      -353.7045
 EELEC  =      1404.1742  EGB     =     -4631.3452  RESTRAINT  =         0.0000
 ------------------------------------------------------------------------------


 NSTEP =    91700   TIME(PS) =      91.700  TEMP(K) =   311.77  PRESS =     0.0
 Etot   =     -2073.5304  EKtot   =       592.9052  EPtot      =     -2666.4356
 BOND   =       227.4922  ANGLE   =       343.0725  DIHED      =       496.0455
 1-4 NB =       160.1179  1-4 EEL =      -309.7667  VDWAALS    =      -344.5972
 EELEC  =      1394.1132  EGB     =     -4632.9130  RESTRAINT  =         0.0000
 ------------------------------------------------------------------------------


 NSTEP =    91800   TIME(PS) =      91.800  TEMP(K) =   300.12  PRESS =     0.0
 Etot   =     -2080.6555  EKtot   =       570.7583  EPtot      =     -2651.4138
 BOND   =       239.1709  ANGLE   =       356.1503  DIHED      =       494.2748
 1-4 NB =       158.2318  1-4 EEL =      -317.2186  VDWAALS    =      -351.9332
 EELEC  =      1388.5400  EGB     =     -4618.6298  RESTRAINT  =         0.0000
 ------------------------------------------------------------------------------


 NSTEP =    91900   TIME(PS) =      91.900  TEMP(K) =   309.05  PRESS =     0.0
 Etot   =     -2087.1604  EKtot   =       587.7292  EPtot      =     -2674.8897
 BOND   =       233.9072  ANGLE   =       352.1035  DIHED      =       489.6515
 1-4 NB =       155.1251  1-4 EEL =      -328.1434  VDWAALS    =      -356.2859
 EELEC  =      1403.8275  EGB     =     -4625.0751  RESTRAINT  =         0.0000
 ------------------------------------------------------------------------------

| RE_POSITION Moving by   0.256660  0.002035 -0.006893

 NSTEP =    92000   TIME(PS) =      92.000  TEMP(K) =   309.67  PRESS =     0.0
 Etot   =     -2076.5752  EKtot   =       588.9159  EPtot      =     -2665.4911
 BOND   =       222.4995  ANGLE   =       363.0484  DIHED      =       492.0424
 1-4 NB =       162.0200  1-4 EEL =      -341.8647  VDWAALS    =      -346.6448
 EELEC  =      1413.1260  EGB     =     -4629.7179  RESTRAINT  =         0.0000
 ------------------------------------------------------------------------------


 NSTEP =    92100   TIME(PS) =      92.100  TEMP(K) =   304.78  PRESS =     0.0
 Etot   =     -2077.9908  EKtot   =       579.6105  EPtot      =     -2657.6013
 BOND   =       247.4504  ANGLE   =       351.8248  DIHED      =       495.6307
 1-4 NB =       152.5946  1-4 EEL =      -353.0687  VDWAALS    =      -358.8345
 EELEC  =      1464.7786  EGB     =     -4657.9772  RESTRAINT  =         0.0000
 ------------------------------------------------------------------------------


 NSTEP =    92200   TIME(PS) =      92.200  TEMP(K) =   304.16  PRESS =     0.0
 Etot   =     -2094.4836  EKtot   =       578.4284  EPtot      =     -2672.9120
 BOND   =       235.0604  ANGLE   =       334.4086  DIHED      =       499.9276
 1-4 NB =       160.5049  1-4 EEL =      -342.1367  VDWAALS    =      -352.0217
 EELEC  =      1434.7423  EGB     =     -4643.3975  RESTRAINT  =         0.0000
 ------------------------------------------------------------------------------


 NSTEP =    92300   TIME(PS) =      92.300  TEMP(K) =   296.59  PRESS =     0.0
 Etot   =     -2110.0276  EKtot   =       564.0435  EPtot      =     -2674.0712
 BOND   =       222.1852  ANGLE   =       380.5207  DIHED      =       485.5711
 1-4 NB =       154.7634  1-4 EEL =      -347.6028  VDWAALS    =      -358.4287
 EELEC  =      1444.1225  EGB     =     -4655.2025  RESTRAINT  =         0.0000
 ------------------------------------------------------------------------------


 NSTEP =    92400   TIME(PS) =      92.400  TEMP(K) =   288.81  PRESS =     0.0
 Etot   =     -2109.2804  EKtot   =       549.2340  EPtot      =     -2658.5144
 BOND   =       237.7622  ANGLE   =       355.6096  DIHED      =       488.9618
 1-4 NB =       162.7331  1-4 EEL =      -328.2462  VDWAALS    =      -359.8610
 EELEC  =      1441.8889  EGB     =     -4657.3627  RESTRAINT  =         0.0000
 ------------------------------------------------------------------------------


 NSTEP =    92500   TIME(PS) =      92.500  TEMP(K) =   306.39  PRESS =     0.0
 Etot   =     -2121.3280  EKtot   =       582.6766  EPtot      =     -2704.0046
 BOND   =       212.6116  ANGLE   =       335.9589  DIHED      =       487.9407
 1-4 NB =       157.0905  1-4 EEL =      -335.6247  VDWAALS    =      -356.1409
 EELEC  =      1467.1802  EGB     =     -4673.0210  RESTRAINT  =         0.0000
 ------------------------------------------------------------------------------


 NSTEP =    92600   TIME(PS) =      92.600  TEMP(K) =   296.88  PRESS =     0.0
 Etot   =     -2117.4881  EKtot   =       564.5951  EPtot      =     -2682.0832
 BOND   =       225.0562  ANGLE   =       342.8348  DIHED      =       485.6587
 1-4 NB =       153.2730  1-4 EEL =      -333.1022  VDWAALS    =      -358.4980
 EELEC  =      1491.1570  EGB     =     -4688.4627  RESTRAINT  =         0.0000
 ------------------------------------------------------------------------------


 NSTEP =    92700   TIME(PS) =      92.700  TEMP(K) =   304.41  PRESS =     0.0
 Etot   =     -2105.3483  EKtot   =       578.9055  EPtot      =     -2684.2538
 BOND   =       232.5366  ANGLE   =       333.7384  DIHED      =       489.4958
 1-4 NB =       158.0451  1-4 EEL =      -329.4998  VDWAALS    =      -351.2996
 EELEC  =      1458.8675  EGB     =     -4676.1380  RESTRAINT  =         0.0000
 ------------------------------------------------------------------------------


 NSTEP =    92800   TIME(PS) =      92.800  TEMP(K) =   296.19  PRESS =     0.0
 Etot   =     -2102.7201  EKtot   =       563.2767  EPtot      =     -2665.9968
 BOND   =       217.1989  ANGLE   =       364.3147  DIHED      =       506.1201
 1-4 NB =       155.9148  1-4 EEL =      -352.1054  VDWAALS    =      -354.3336
 EELEC  =      1473.9304  EGB     =     -4677.0367  RESTRAINT  =         0.0000
 ------------------------------------------------------------------------------


 NSTEP =    92900   TIME(PS) =      92.900  TEMP(K) =   294.98  PRESS =     0.0
 Etot   =     -2091.9957  EKtot   =       560.9770  EPtot      =     -2652.9727
 BOND   =       232.0027  ANGLE   =       360.2609  DIHED      =       487.3301
 1-4 NB =       160.9939  1-4 EEL =      -334.5710  VDWAALS    =      -361.1870
 EELEC  =      1485.1124  EGB     =     -4682.9147  RESTRAINT  =         0.0000
 ------------------------------------------------------------------------------

| RE_POSITION Moving by   0.201377 -0.147802 -0.283581

 NSTEP =    93000   TIME(PS) =      93.000  TEMP(K) =   295.47  PRESS =     0.0
 Etot   =     -2092.9748  EKtot   =       561.9047  EPtot      =     -2654.8795
 BOND   =       236.2907  ANGLE   =       349.2265  DIHED      =       499.7175
 1-4 NB =       158.9496  1-4 EEL =      -331.2405  VDWAALS    =      -358.4567
 EELEC  =      1488.7529  EGB     =     -4698.1196  RESTRAINT  =         0.0000
 ------------------------------------------------------------------------------


 NSTEP =    93100   TIME(PS) =      93.100  TEMP(K) =   304.09  PRESS =     0.0
 Etot   =     -2085.3131  EKtot   =       578.2948  EPtot      =     -2663.6079
 BOND   =       221.3009  ANGLE   =       355.0245  DIHED      =       510.4452
 1-4 NB =       160.4448  1-4 EEL =      -359.2124  VDWAALS    =      -364.2690
 EELEC  =      1494.2919  EGB     =     -4681.6337  RESTRAINT  =         0.0000
 ------------------------------------------------------------------------------


 NSTEP =    93200   TIME(PS) =      93.200  TEMP(K) =   297.58  PRESS =     0.0
 Etot   =     -2079.4594  EKtot   =       565.9167  EPtot      =     -2645.3760
 BOND   =       234.1465  ANGLE   =       351.5117  DIHED      =       514.7115
 1-4 NB =       156.1647  1-4 EEL =      -346.1617  VDWAALS    =      -360.6164
 EELEC  =      1467.2629  EGB     =     -4662.3952  RESTRAINT  =         0.0000
 ------------------------------------------------------------------------------


 NSTEP =    93300   TIME(PS) =      93.300  TEMP(K) =   299.88  PRESS =     0.0
 Etot   =     -2080.0670  EKtot   =       570.2962  EPtot      =     -2650.3632
 BOND   =       231.7756  ANGLE   =       360.1397  DIHED      =       491.2743
 1-4 NB =       169.9158  1-4 EEL =      -327.9067  VDWAALS    =      -361.1380
 EELEC  =      1461.4842  EGB     =     -4675.9080  RESTRAINT  =         0.0000
 ------------------------------------------------------------------------------


 NSTEP =    93400   TIME(PS) =      93.400  TEMP(K) =   303.66  PRESS =     0.0
 Etot   =     -2088.1964  EKtot   =       577.4849  EPtot      =     -2665.6812
 BOND   =       223.9728  ANGLE   =       369.8700  DIHED      =       484.7659
 1-4 NB =       158.9486  1-4 EEL =      -348.7797  VDWAALS    =      -361.5025
 EELEC  =      1491.3133  EGB     =     -4684.2697  RESTRAINT  =         0.0000
 ------------------------------------------------------------------------------


 NSTEP =    93500   TIME(PS) =      93.500  TEMP(K) =   303.55  PRESS =     0.0
 Etot   =     -2090.1006  EKtot   =       577.2757  EPtot      =     -2667.3763
 BOND   =       234.7316  ANGLE   =       350.9151  DIHED      =       504.6293
 1-4 NB =       155.8568  1-4 EEL =      -351.6098  VDWAALS    =      -359.3086
 EELEC  =      1470.9770  EGB     =     -4673.5677  RESTRAINT  =         0.0000
 ------------------------------------------------------------------------------


 NSTEP =    93600   TIME(PS) =      93.600  TEMP(K) =   295.61  PRESS =     0.0
 Etot   =     -2105.1915  EKtot   =       562.1769  EPtot      =     -2667.3685
 BOND   =       230.0712  ANGLE   =       349.5444  DIHED      =       497.5899
 1-4 NB =       157.1227  1-4 EEL =      -341.6959  VDWAALS    =      -353.3186
 EELEC  =      1460.1301  EGB     =     -4666.8123  RESTRAINT  =         0.0000
 ------------------------------------------------------------------------------


 NSTEP =    93700   TIME(PS) =      93.700  TEMP(K) =   291.01  PRESS =     0.0
 Etot   =     -2123.8958  EKtot   =       553.4213  EPtot      =     -2677.3171
 BOND   =       216.4304  ANGLE   =       376.7253  DIHED      =       490.8555
 1-4 NB =       154.6100  1-4 EEL =      -354.8830  VDWAALS    =      -355.4615
 EELEC  =      1469.1389  EGB     =     -4674.7327  RESTRAINT  =         0.0000
 ------------------------------------------------------------------------------


 NSTEP =    93800   TIME(PS) =      93.800  TEMP(K) =   282.76  PRESS =     0.0
 Etot   =     -2134.4863  EKtot   =       537.7396  EPtot      =     -2672.2259
 BOND   =       238.0296  ANGLE   =       338.1192  DIHED      =       488.2624
 1-4 NB =       160.3547  1-4 EEL =      -344.8400  VDWAALS    =      -351.9053
 EELEC  =      1476.0276  EGB     =     -4676.2741  RESTRAINT  =         0.0000
 ------------------------------------------------------------------------------


 NSTEP =    93900   TIME(PS) =      93.900  TEMP(K) =   288.62  PRESS =     0.0
 Etot   =     -2123.3757  EKtot   =       548.8897  EPtot      =     -2672.2654
 BOND   =       227.4619  ANGLE   =       350.7087  DIHED      =       488.1244
 1-4 NB =       164.9145  1-4 EEL =      -356.2734  VDWAALS    =      -350.7293
 EELEC  =      1451.7626  EGB     =     -4648.2349  RESTRAINT  =         0.0000
 ------------------------------------------------------------------------------

| RE_POSITION Moving by  -0.445292 -0.635555  0.502737

 NSTEP =    94000   TIME(PS) =      94.000  TEMP(K) =   288.64  PRESS =     0.0
 Etot   =     -2105.2836  EKtot   =       548.9214  EPtot      =     -2654.2050
 BOND   =       243.0943  ANGLE   =       369.1114  DIHED      =       491.0226
 1-4 NB =       149.0952  1-4 EEL =      -352.0849  VDWAALS    =      -349.3572
 EELEC  =      1428.6580  EGB     =     -4633.7444  RESTRAINT  =         0.0000
 ------------------------------------------------------------------------------


 NSTEP =    94100   TIME(PS) =      94.100  TEMP(K) =   293.21  PRESS =     0.0
 Etot   =     -2098.2962  EKtot   =       557.6039  EPtot      =     -2655.9001
 BOND   =       234.7857  ANGLE   =       345.8529  DIHED      =       492.0215
 1-4 NB =       161.1917  1-4 EEL =      -342.0518  VDWAALS    =      -348.8209
 EELEC  =      1438.9273  EGB     =     -4637.8065  RESTRAINT  =         0.0000
 ------------------------------------------------------------------------------


 NSTEP =    94200   TIME(PS) =      94.200  TEMP(K) =   288.88  PRESS =     0.0
 Etot   =     -2107.5712  EKtot   =       549.3702  EPtot      =     -2656.9414
 BOND   =       241.4662  ANGLE   =       371.9221  DIHED      =       496.9081
 1-4 NB =       152.0297  1-4 EEL =      -370.2848  VDWAALS    =      -352.4434
 EELEC  =      1425.2955  EGB     =     -4621.8348  RESTRAINT  =         0.0000
 ------------------------------------------------------------------------------


 NSTEP =    94300   TIME(PS) =      94.300  TEMP(K) =   295.89  PRESS =     0.0
 Etot   =     -2115.9571  EKtot   =       562.7106  EPtot      =     -2678.6677
 BOND   =       243.4917  ANGLE   =       322.9958  DIHED      =       500.7904
 1-4 NB =       162.1707  1-4 EEL =      -335.1335  VDWAALS    =      -343.9828
 EELEC  =      1381.3887  EGB     =     -4610.3889  RESTRAINT  =         0.0000
 ------------------------------------------------------------------------------


 NSTEP =    94400   TIME(PS) =      94.400  TEMP(K) =   295.26  PRESS =     0.0
 Etot   =     -2116.4448  EKtot   =       561.5073  EPtot      =     -2677.9521
 BOND   =       235.2798  ANGLE   =       358.2731  DIHED      =       484.9854
 1-4 NB =       155.4143  1-4 EEL =      -343.4111  VDWAALS    =      -348.1679
 EELEC  =      1396.5208  EGB     =     -4616.8466  RESTRAINT  =         0.0000
 ------------------------------------------------------------------------------


 NSTEP =    94500   TIME(PS) =      94.500  TEMP(K) =   281.12  PRESS =     0.0
 Etot   =     -2107.8195  EKtot   =       534.6205  EPtot      =     -2642.4399
 BOND   =       251.8471  ANGLE   =       346.0085  DIHED      =       501.2282
 1-4 NB =       162.4537  1-4 EEL =      -351.1846  VDWAALS    =      -344.2465
 EELEC  =      1412.6113  EGB     =     -4621.1578  RESTRAINT  =         0.0000
 ------------------------------------------------------------------------------


 NSTEP =    94600   TIME(PS) =      94.600  TEMP(K) =   307.77  PRESS =     0.0
 Etot   =     -2104.4819  EKtot   =       585.3020  EPtot      =     -2689.7839
 BOND   =       214.0336  ANGLE   =       341.3455  DIHED      =       498.7014
 1-4 NB =       158.1618  1-4 EEL =      -334.8485  VDWAALS    =      -346.6622
 EELEC  =      1388.1021  EGB     =     -4608.6178  RESTRAINT  =         0.0000
 ------------------------------------------------------------------------------


 NSTEP =    94700   TIME(PS) =      94.700  TEMP(K) =   294.94  PRESS =     0.0
 Etot   =     -2097.9721  EKtot   =       560.8997  EPtot      =     -2658.8718
 BOND   =       224.2355  ANGLE   =       352.5701  DIHED      =       503.6427
 1-4 NB =       158.7225  1-4 EEL =      -329.2400  VDWAALS    =      -346.3063
 EELEC  =      1428.5187  EGB     =     -4651.0150  RESTRAINT  =         0.0000
 ------------------------------------------------------------------------------


 NSTEP =    94800   TIME(PS) =      94.800  TEMP(K) =   294.91  PRESS =     0.0
 Etot   =     -2089.0186  EKtot   =       560.8497  EPtot      =     -2649.8683
 BOND   =       249.8949  ANGLE   =       331.8957  DIHED      =       504.9694
 1-4 NB =       158.6011  1-4 EEL =      -338.1979  VDWAALS    =      -347.9144
 EELEC  =      1440.4740  EGB     =     -4649.5912  RESTRAINT  =         0.0000
 ------------------------------------------------------------------------------


 NSTEP =    94900   TIME(PS) =      94.900  TEMP(K) =   298.57  PRESS =     0.0
 Etot   =     -2096.5153  EKtot   =       567.7991  EPtot      =     -2664.3144
 BOND   =       228.0745  ANGLE   =       352.2902  DIHED      =       492.0220
 1-4 NB =       162.8362  1-4 EEL =      -338.8092  VDWAALS    =      -344.0496
 EELEC  =      1426.0853  EGB     =     -4642.7638  RESTRAINT  =         0.0000
 ------------------------------------------------------------------------------

| RE_POSITION Moving by   0.451808  0.394300 -0.306859

 NSTEP =    95000   TIME(PS) =      95.000  TEMP(K) =   295.99  PRESS =     0.0
 Etot   =     -2099.0362  EKtot   =       562.8880  EPtot      =     -2661.9242
 BOND   =       239.6996  ANGLE   =       339.5409  DIHED      =       499.3744
 1-4 NB =       159.9131  1-4 EEL =      -337.0488  VDWAALS    =      -350.0467
 EELEC  =      1445.9206  EGB     =     -4659.2771  RESTRAINT  =         0.0000
 ------------------------------------------------------------------------------


 NSTEP =    95100   TIME(PS) =      95.100  TEMP(K) =   300.74  PRESS =     0.0
 Etot   =     -2104.0004  EKtot   =       571.9353  EPtot      =     -2675.9357
 BOND   =       228.3412  ANGLE   =       350.2432  DIHED      =       490.8138
 1-4 NB =       159.8869  1-4 EEL =      -337.9654  VDWAALS    =      -352.3964
 EELEC  =      1429.9938  EGB     =     -4644.8528  RESTRAINT  =         0.0000
 ------------------------------------------------------------------------------


 NSTEP =    95200   TIME(PS) =      95.200  TEMP(K) =   299.10  PRESS =     0.0
 Etot   =     -2086.4053  EKtot   =       568.8141  EPtot      =     -2655.2194
 BOND   =       223.9550  ANGLE   =       364.6597  DIHED      =       494.2802
 1-4 NB =       153.1390  1-4 EEL =      -312.5318  VDWAALS    =      -343.5137
 EELEC  =      1418.8537  EGB     =     -4654.0616  RESTRAINT  =         0.0000
 ------------------------------------------------------------------------------


 NSTEP =    95300   TIME(PS) =      95.300  TEMP(K) =   300.07  PRESS =     0.0
 Etot   =     -2082.3577  EKtot   =       570.6521  EPtot      =     -2653.0098
 BOND   =       224.3209  ANGLE   =       365.9162  DIHED      =       493.2154
 1-4 NB =       160.9372  1-4 EEL =      -336.5683  VDWAALS    =      -334.4154
 EELEC  =      1423.8348  EGB     =     -4650.2507  RESTRAINT  =         0.0000
 ------------------------------------------------------------------------------


 NSTEP =    95400   TIME(PS) =      95.400  TEMP(K) =   303.60  PRESS =     0.0
 Etot   =     -2096.8485  EKtot   =       577.3740  EPtot      =     -2674.2225
 BOND   =       241.8305  ANGLE   =       324.2736  DIHED      =       493.1719
 1-4 NB =       154.4636  1-4 EEL =      -345.9350  VDWAALS    =      -339.7440
 EELEC  =      1457.9267  EGB     =     -4660.2097  RESTRAINT  =         0.0000
 ------------------------------------------------------------------------------


 NSTEP =    95500   TIME(PS) =      95.500  TEMP(K) =   284.42  PRESS =     0.0
 Etot   =     -2105.2704  EKtot   =       540.8924  EPtot      =     -2646.1628
 BOND   =       228.2039  ANGLE   =       351.4547  DIHED      =       502.8604
 1-4 NB =       157.5422  1-4 EEL =      -330.4700  VDWAALS    =      -337.7229
 EELEC  =      1427.4020  EGB     =     -4645.4331  RESTRAINT  =         0.0000
 ------------------------------------------------------------------------------


 NSTEP =    95600   TIME(PS) =      95.600  TEMP(K) =   288.34  PRESS =     0.0
 Etot   =     -2098.9677  EKtot   =       548.3397  EPtot      =     -2647.3073
 BOND   =       225.6060  ANGLE   =       346.3188  DIHED      =       504.6844
 1-4 NB =       162.0352  1-4 EEL =      -340.1740  VDWAALS    =      -339.7258
 EELEC  =      1428.3519  EGB     =     -4634.4038  RESTRAINT  =         0.0000
 ------------------------------------------------------------------------------


 NSTEP =    95700   TIME(PS) =      95.700  TEMP(K) =   315.25  PRESS =     0.0
 Etot   =     -2097.8925  EKtot   =       599.5201  EPtot      =     -2697.4126
 BOND   =       218.0550  ANGLE   =       328.6759  DIHED      =       494.5007
 1-4 NB =       158.6433  1-4 EEL =      -345.2659  VDWAALS    =      -342.0224
 EELEC  =      1419.5134  EGB     =     -4629.5126  RESTRAINT  =         0.0000
 ------------------------------------------------------------------------------


 NSTEP =    95800   TIME(PS) =      95.800  TEMP(K) =   297.82  PRESS =     0.0
 Etot   =     -2093.0086  EKtot   =       566.3709  EPtot      =     -2659.3796
 BOND   =       221.2170  ANGLE   =       353.7765  DIHED      =       502.0212
 1-4 NB =       160.5473  1-4 EEL =      -341.4761  VDWAALS    =      -334.9612
 EELEC  =      1377.1000  EGB     =     -4597.6043  RESTRAINT  =         0.0000
 ------------------------------------------------------------------------------


 NSTEP =    95900   TIME(PS) =      95.900  TEMP(K) =   301.88  PRESS =     0.0
 Etot   =     -2116.0848  EKtot   =       574.1016  EPtot      =     -2690.1864
 BOND   =       221.2846  ANGLE   =       334.3224  DIHED      =       497.8625
 1-4 NB =       153.2682  1-4 EEL =      -330.1475  VDWAALS    =      -343.8807
 EELEC  =      1375.1590  EGB     =     -4598.0549  RESTRAINT  =         0.0000
 ------------------------------------------------------------------------------

| RE_POSITION Moving by   0.497993  0.090653 -0.164506

 NSTEP =    96000   TIME(PS) =      96.000  TEMP(K) =   295.70  PRESS =     0.0
 Etot   =     -2103.0642  EKtot   =       562.3422  EPtot      =     -2665.4064
 BOND   =       239.6519  ANGLE   =       345.6498  DIHED      =       491.6348
 1-4 NB =       159.5145  1-4 EEL =      -345.1775  VDWAALS    =      -341.1454
 EELEC  =      1388.9316  EGB     =     -4604.4662  RESTRAINT  =         0.0000
 ------------------------------------------------------------------------------


 NSTEP =    96100   TIME(PS) =      96.100  TEMP(K) =   288.63  PRESS =     0.0
 Etot   =     -2097.7477  EKtot   =       548.8911  EPtot      =     -2646.6388
 BOND   =       215.6508  ANGLE   =       346.8827  DIHED      =       512.6472
 1-4 NB =       163.3764  1-4 EEL =      -323.8543  VDWAALS    =      -340.9667
 EELEC  =      1377.8510  EGB     =     -4598.2259  RESTRAINT  =         0.0000
 ------------------------------------------------------------------------------


 NSTEP =    96200   TIME(PS) =      96.200  TEMP(K) =   295.71  PRESS =     0.0
 Etot   =     -2100.5794  EKtot   =       562.3622  EPtot      =     -2662.9416
 BOND   =       229.8592  ANGLE   =       349.1995  DIHED      =       499.5108
 1-4 NB =       152.9397  1-4 EEL =      -353.3635  VDWAALS    =      -345.5039
 EELEC  =      1403.3277  EGB     =     -4598.9111  RESTRAINT  =         0.0000
 ------------------------------------------------------------------------------


 NSTEP =    96300   TIME(PS) =      96.300  TEMP(K) =   308.57  PRESS =     0.0
 Etot   =     -2091.7509  EKtot   =       586.8192  EPtot      =     -2678.5701
 BOND   =       216.3298  ANGLE   =       333.0783  DIHED      =       496.5674
 1-4 NB =       159.6402  1-4 EEL =      -335.9724  VDWAALS    =      -335.7366
 EELEC  =      1376.5792  EGB     =     -4589.0561  RESTRAINT  =         0.0000
 ------------------------------------------------------------------------------


 NSTEP =    96400   TIME(PS) =      96.400  TEMP(K) =   282.08  PRESS =     0.0
 Etot   =     -2094.6110  EKtot   =       536.4341  EPtot      =     -2631.0451
 BOND   =       242.3513  ANGLE   =       368.1905  DIHED      =       500.7178
 1-4 NB =       163.4256  1-4 EEL =      -362.8403  VDWAALS    =      -340.3468
 EELEC  =      1381.2420  EGB     =     -4583.7852  RESTRAINT  =         0.0000
 ------------------------------------------------------------------------------


 NSTEP =    96500   TIME(PS) =      96.500  TEMP(K) =   297.50  PRESS =     0.0
 Etot   =     -2093.3399  EKtot   =       565.7690  EPtot      =     -2659.1089
 BOND   =       222.1260  ANGLE   =       372.2241  DIHED      =       483.1045
 1-4 NB =       157.0372  1-4 EEL =      -344.6876  VDWAALS    =      -339.9573
 EELEC  =      1401.7388  EGB     =     -4610.6946  RESTRAINT  =         0.0000
 ------------------------------------------------------------------------------


 NSTEP =    96600   TIME(PS) =      96.600  TEMP(K) =   295.35  PRESS =     0.0
 Etot   =     -2080.6121  EKtot   =       561.6766  EPtot      =     -2642.2887
 BOND   =       247.6627  ANGLE   =       342.8705  DIHED      =       499.2170
 1-4 NB =       158.3673  1-4 EEL =      -325.9487  VDWAALS    =      -337.1961
 EELEC  =      1388.3902  EGB     =     -4615.6516  RESTRAINT  =         0.0000
 ------------------------------------------------------------------------------


 NSTEP =    96700   TIME(PS) =      96.700  TEMP(K) =   310.95  PRESS =     0.0
 Etot   =     -2087.8597  EKtot   =       591.3411  EPtot      =     -2679.2008
 BOND   =       223.1420  ANGLE   =       338.1649  DIHED      =       501.4000
 1-4 NB =       155.6815  1-4 EEL =      -345.7126  VDWAALS    =      -338.0156
 EELEC  =      1398.9771  EGB     =     -4612.8382  RESTRAINT  =         0.0000
 ------------------------------------------------------------------------------


 NSTEP =    96800   TIME(PS) =      96.800  TEMP(K) =   307.07  PRESS =     0.0
 Etot   =     -2079.9229  EKtot   =       583.9604  EPtot      =     -2663.8833
 BOND   =       220.8770  ANGLE   =       350.6795  DIHED      =       494.2440
 1-4 NB =       172.1357  1-4 EEL =      -346.5595  VDWAALS    =      -340.8958
 EELEC  =      1417.8523  EGB     =     -4632.2166  RESTRAINT  =         0.0000
 ------------------------------------------------------------------------------


 NSTEP =    96900   TIME(PS) =      96.900  TEMP(K) =   303.94  PRESS =     0.0
 Etot   =     -2060.2305  EKtot   =       578.0222  EPtot      =     -2638.2527
 BOND   =       232.1950  ANGLE   =       340.8064  DIHED      =       522.7147
 1-4 NB =       154.1373  1-4 EEL =      -335.5552  VDWAALS    =      -342.3820
 EELEC  =      1409.6268  EGB     =     -4619.7956  RESTRAINT  =         0.0000
 ------------------------------------------------------------------------------

| RE_POSITION Moving by  -0.358496  0.117977 -1.187329

 NSTEP =    97000   TIME(PS) =      97.000  TEMP(K) =   310.64  PRESS =     0.0
 Etot   =     -2064.9819  EKtot   =       590.7636  EPtot      =     -2655.7454
 BOND   =       225.6920  ANGLE   =       340.4978  DIHED      =       508.8292
 1-4 NB =       159.7872  1-4 EEL =      -327.6964  VDWAALS    =      -340.3394
 EELEC  =      1383.0245  EGB     =     -4605.5403  RESTRAINT  =         0.0000
 ------------------------------------------------------------------------------


 NSTEP =    97100   TIME(PS) =      97.100  TEMP(K) =   321.68  PRESS =     0.0
 Etot   =     -2050.9103  EKtot   =       611.7441  EPtot      =     -2662.6544
 BOND   =       216.6850  ANGLE   =       361.3939  DIHED      =       502.0589
 1-4 NB =       157.5421  1-4 EEL =      -340.2819  VDWAALS    =      -341.7027
 EELEC  =      1390.2655  EGB     =     -4608.6152  RESTRAINT  =         0.0000
 ------------------------------------------------------------------------------


 NSTEP =    97200   TIME(PS) =      97.200  TEMP(K) =   288.00  PRESS =     0.0
 Etot   =     -2056.5255  EKtot   =       547.6960  EPtot      =     -2604.2216
 BOND   =       238.1677  ANGLE   =       364.1497  DIHED      =       517.6244
 1-4 NB =       163.7910  1-4 EEL =      -338.7572  VDWAALS    =      -331.6676
 EELEC  =      1380.7766  EGB     =     -4598.3063  RESTRAINT  =         0.0000
 ------------------------------------------------------------------------------


 NSTEP =    97300   TIME(PS) =      97.300  TEMP(K) =   318.61  PRESS =     0.0
 Etot   =     -2059.7477  EKtot   =       605.9197  EPtot      =     -2665.6674
 BOND   =       219.9253  ANGLE   =       331.6599  DIHED      =       507.8384
 1-4 NB =       160.8187  1-4 EEL =      -323.3266  VDWAALS    =      -335.4700
 EELEC  =      1377.1911  EGB     =     -4604.3042  RESTRAINT  =         0.0000
 ------------------------------------------------------------------------------


 NSTEP =    97400   TIME(PS) =      97.400  TEMP(K) =   313.34  PRESS =     0.0
 Etot   =     -2054.8263  EKtot   =       595.8900  EPtot      =     -2650.7163
 BOND   =       237.0644  ANGLE   =       350.5026  DIHED      =       500.0955
 1-4 NB =       159.9757  1-4 EEL =      -358.9670  VDWAALS    =      -331.3037
 EELEC  =      1399.6239  EGB     =     -4607.7078  RESTRAINT  =         0.0000
 ------------------------------------------------------------------------------


 NSTEP =    97500   TIME(PS) =      97.500  TEMP(K) =   317.90  PRESS =     0.0
 Etot   =     -2045.9114  EKtot   =       604.5579  EPtot      =     -2650.4694
 BOND   =       229.4632  ANGLE   =       332.1935  DIHED      =       505.6626
 1-4 NB =       160.3625  1-4 EEL =      -333.9229  VDWAALS    =      -337.7195
 EELEC  =      1388.5110  EGB     =     -4595.0197  RESTRAINT  =         0.0000
 ------------------------------------------------------------------------------


 NSTEP =    97600   TIME(PS) =      97.600  TEMP(K) =   292.68  PRESS =     0.0
 Etot   =     -2068.1592  EKtot   =       556.6044  EPtot      =     -2624.7636
 BOND   =       242.4911  ANGLE   =       364.7307  DIHED      =       512.4532
 1-4 NB =       160.1727  1-4 EEL =      -367.6867  VDWAALS    =      -328.3892
 EELEC  =      1358.1491  EGB     =     -4566.6845  RESTRAINT  =         0.0000
 ------------------------------------------------------------------------------


 NSTEP =    97700   TIME(PS) =      97.700  TEMP(K) =   296.79  PRESS =     0.0
 Etot   =     -2067.1290  EKtot   =       564.4211  EPtot      =     -2631.5501
 BOND   =       237.4603  ANGLE   =       371.2114  DIHED      =       497.3995
 1-4 NB =       154.7850  1-4 EEL =      -336.2406  VDWAALS    =      -334.7521
 EELEC  =      1352.7408  EGB     =     -4574.1544  RESTRAINT  =         0.0000
 ------------------------------------------------------------------------------


 NSTEP =    97800   TIME(PS) =      97.800  TEMP(K) =   298.55  PRESS =     0.0
 Etot   =     -2068.0643  EKtot   =       567.7662  EPtot      =     -2635.8305
 BOND   =       218.7688  ANGLE   =       361.2620  DIHED      =       505.5207
 1-4 NB =       163.7859  1-4 EEL =      -332.9849  VDWAALS    =      -337.3484
 EELEC  =      1354.9215  EGB     =     -4569.7560  RESTRAINT  =         0.0000
 ------------------------------------------------------------------------------


 NSTEP =    97900   TIME(PS) =      97.900  TEMP(K) =   312.46  PRESS =     0.0
 Etot   =     -2077.0972  EKtot   =       594.2212  EPtot      =     -2671.3183
 BOND   =       239.0023  ANGLE   =       317.3029  DIHED      =       500.4531
 1-4 NB =       154.3315  1-4 EEL =      -326.9976  VDWAALS    =      -337.9689
 EELEC  =      1348.7623  EGB     =     -4566.2039  RESTRAINT  =         0.0000
 ------------------------------------------------------------------------------

| RE_POSITION Moving by   0.468302  0.070901  0.247377

 NSTEP =    98000   TIME(PS) =      98.000  TEMP(K) =   306.82  PRESS =     0.0
 Etot   =     -2070.4664  EKtot   =       583.4831  EPtot      =     -2653.9495
 BOND   =       247.8069  ANGLE   =       331.9786  DIHED      =       507.0941
 1-4 NB =       148.3475  1-4 EEL =      -321.4446  VDWAALS    =      -338.4027
 EELEC  =      1330.5816  EGB     =     -4559.9109  RESTRAINT  =         0.0000
 ------------------------------------------------------------------------------


 NSTEP =    98100   TIME(PS) =      98.100  TEMP(K) =   301.48  PRESS =     0.0
 Etot   =     -2078.0296  EKtot   =       573.3330  EPtot      =     -2651.3627
 BOND   =       232.4375  ANGLE   =       322.9050  DIHED      =       519.9375
 1-4 NB =       168.4834  1-4 EEL =      -323.0457  VDWAALS    =      -339.7926
 EELEC  =      1340.6364  EGB     =     -4572.9241  RESTRAINT  =         0.0000
 ------------------------------------------------------------------------------


 NSTEP =    98200   TIME(PS) =      98.200  TEMP(K) =   298.46  PRESS =     0.0
 Etot   =     -2083.4920  EKtot   =       567.5991  EPtot      =     -2651.0911
 BOND   =       227.8029  ANGLE   =       368.2193  DIHED      =       497.1966
 1-4 NB =       156.9828  1-4 EEL =      -338.3943  VDWAALS    =      -328.7635
 EELEC  =      1340.2336  EGB     =     -4574.3684  RESTRAINT  =         0.0000
 ------------------------------------------------------------------------------


 NSTEP =    98300   TIME(PS) =      98.300  TEMP(K) =   296.24  PRESS =     0.0
 Etot   =     -2108.4422  EKtot   =       563.3746  EPtot      =     -2671.8168
 BOND   =       227.0754  ANGLE   =       331.8029  DIHED      =       491.7312
 1-4 NB =       159.5264  1-4 EEL =      -330.2403  VDWAALS    =      -337.9683
 EELEC  =      1377.1338  EGB     =     -4590.8780  RESTRAINT  =         0.0000
 ------------------------------------------------------------------------------


 NSTEP =    98400   TIME(PS) =      98.400  TEMP(K) =   295.99  PRESS =     0.0
 Etot   =     -2094.5704  EKtot   =       562.8956  EPtot      =     -2657.4660
 BOND   =       235.7914  ANGLE   =       352.8724  DIHED      =       500.5627
 1-4 NB =       156.2313  1-4 EEL =      -354.1473  VDWAALS    =      -346.0871
 EELEC  =      1373.9524  EGB     =     -4576.6417  RESTRAINT  =         0.0000
 ------------------------------------------------------------------------------


 NSTEP =    98500   TIME(PS) =      98.500  TEMP(K) =   300.80  PRESS =     0.0
 Etot   =     -2087.9085  EKtot   =       572.0383  EPtot      =     -2659.9468
 BOND   =       224.3132  ANGLE   =       338.9002  DIHED      =       497.6829
 1-4 NB =       161.7353  1-4 EEL =      -322.1814  VDWAALS    =      -336.0029
 EELEC  =      1346.4335  EGB     =     -4570.8276  RESTRAINT  =         0.0000
 ------------------------------------------------------------------------------


 NSTEP =    98600   TIME(PS) =      98.600  TEMP(K) =   291.84  PRESS =     0.0
 Etot   =     -2102.2875  EKtot   =       554.9974  EPtot      =     -2657.2849
 BOND   =       222.0719  ANGLE   =       360.9243  DIHED      =       502.2828
 1-4 NB =       156.9222  1-4 EEL =      -322.3271  VDWAALS    =      -339.2411
 EELEC  =      1334.3221  EGB     =     -4572.2400  RESTRAINT  =         0.0000
 ------------------------------------------------------------------------------


 NSTEP =    98700   TIME(PS) =      98.700  TEMP(K) =   302.87  PRESS =     0.0
 Etot   =     -2092.0938  EKtot   =       575.9844  EPtot      =     -2668.0782
 BOND   =       224.9967  ANGLE   =       329.5182  DIHED      =       495.2555
 1-4 NB =       158.9520  1-4 EEL =      -306.1934  VDWAALS    =      -335.6083
 EELEC  =      1360.7735  EGB     =     -4595.7724  RESTRAINT  =         0.0000
 ------------------------------------------------------------------------------


 NSTEP =    98800   TIME(PS) =      98.800  TEMP(K) =   298.45  PRESS =     0.0
 Etot   =     -2102.9298  EKtot   =       567.5716  EPtot      =     -2670.5013
 BOND   =       225.3999  ANGLE   =       337.7407  DIHED      =       492.1597
 1-4 NB =       159.0081  1-4 EEL =      -345.2765  VDWAALS    =      -341.8746
 EELEC  =      1416.2896  EGB     =     -4613.9483  RESTRAINT  =         0.0000
 ------------------------------------------------------------------------------


 NSTEP =    98900   TIME(PS) =      98.900  TEMP(K) =   311.77  PRESS =     0.0
 Etot   =     -2075.8472  EKtot   =       592.9120  EPtot      =     -2668.7592
 BOND   =       225.5222  ANGLE   =       341.0436  DIHED      =       490.9588
 1-4 NB =       156.5235  1-4 EEL =      -342.4289  VDWAALS    =      -337.8446
 EELEC  =      1406.6813  EGB     =     -4609.2153  RESTRAINT  =         0.0000
 ------------------------------------------------------------------------------

| RE_POSITION Moving by  -0.226563 -0.060803  0.105847

 NSTEP =    99000   TIME(PS) =      99.000  TEMP(K) =   306.59  PRESS =     0.0
 Etot   =     -2083.3529  EKtot   =       583.0461  EPtot      =     -2666.3990
 BOND   =       232.0414  ANGLE   =       346.2202  DIHED      =       490.6725
 1-4 NB =       156.8135  1-4 EEL =      -329.3673  VDWAALS    =      -333.2417
 EELEC  =      1350.0689  EGB     =     -4579.6065  RESTRAINT  =         0.0000
 ------------------------------------------------------------------------------


 NSTEP =    99100   TIME(PS) =      99.100  TEMP(K) =   312.80  PRESS =     0.0
 Etot   =     -2082.8944  EKtot   =       594.8631  EPtot      =     -2677.7575
 BOND   =       214.2798  ANGLE   =       344.5528  DIHED      =       497.1084
 1-4 NB =       155.5458  1-4 EEL =      -332.9994  VDWAALS    =      -341.5322
 EELEC  =      1366.6494  EGB     =     -4581.3620  RESTRAINT  =         0.0000
 ------------------------------------------------------------------------------


 NSTEP =    99200   TIME(PS) =      99.200  TEMP(K) =   288.18  PRESS =     0.0
 Etot   =     -2098.4521  EKtot   =       548.0374  EPtot      =     -2646.4895
 BOND   =       244.3487  ANGLE   =       343.6568  DIHED      =       498.7417
 1-4 NB =       161.1115  1-4 EEL =      -353.2113  VDWAALS    =      -342.7479
 EELEC  =      1381.0276  EGB     =     -4579.4166  RESTRAINT  =         0.0000
 ------------------------------------------------------------------------------


 NSTEP =    99300   TIME(PS) =      99.300  TEMP(K) =   309.14  PRESS =     0.0
 Etot   =     -2100.9403  EKtot   =       587.9101  EPtot      =     -2688.8505
 BOND   =       225.4005  ANGLE   =       335.1544  DIHED      =       484.4623
 1-4 NB =       158.4320  1-4 EEL =      -346.7708  VDWAALS    =      -332.8997
 EELEC  =      1365.9404  EGB     =     -4578.5696  RESTRAINT  =         0.0000
 ------------------------------------------------------------------------------


 NSTEP =    99400   TIME(PS) =      99.400  TEMP(K) =   298.94  PRESS =     0.0
 Etot   =     -2096.3199  EKtot   =       568.4988  EPtot      =     -2664.8187
 BOND   =       215.6407  ANGLE   =       364.4697  DIHED      =       489.7944
 1-4 NB =       158.8011  1-4 EEL =      -345.4734  VDWAALS    =      -333.7526
 EELEC  =      1343.8776  EGB     =     -4558.1762  RESTRAINT  =         0.0000
 ------------------------------------------------------------------------------


 NSTEP =    99500   TIME(PS) =      99.500  TEMP(K) =   298.47  PRESS =     0.0
 Etot   =     -2105.6998  EKtot   =       567.6131  EPtot      =     -2673.3129
 BOND   =       234.1250  ANGLE   =       340.6997  DIHED      =       482.1572
 1-4 NB =       158.7773  1-4 EEL =      -336.6877  VDWAALS    =      -340.9745
 EELEC  =      1343.6144  EGB     =     -4555.0243  RESTRAINT  =         0.0000
 ------------------------------------------------------------------------------


 NSTEP =    99600   TIME(PS) =      99.600  TEMP(K) =   299.59  PRESS =     0.0
 Etot   =     -2103.5885  EKtot   =       569.7446  EPtot      =     -2673.3331
 BOND   =       225.8212  ANGLE   =       326.9223  DIHED      =       490.5920
 1-4 NB =       165.2456  1-4 EEL =      -341.1773  VDWAALS    =      -338.4337
 EELEC  =      1375.8981  EGB     =     -4578.2013  RESTRAINT  =         0.0000
 ------------------------------------------------------------------------------


 NSTEP =    99700   TIME(PS) =      99.700  TEMP(K) =   305.59  PRESS =     0.0
 Etot   =     -2092.3958  EKtot   =       581.1561  EPtot      =     -2673.5519
 BOND   =       225.7967  ANGLE   =       339.9924  DIHED      =       499.6148
 1-4 NB =       156.7524  1-4 EEL =      -359.3586  VDWAALS    =      -339.6795
 EELEC  =      1368.3274  EGB     =     -4564.9975  RESTRAINT  =         0.0000
 ------------------------------------------------------------------------------


 NSTEP =    99800   TIME(PS) =      99.800  TEMP(K) =   308.34  PRESS =     0.0
 Etot   =     -2078.2749  EKtot   =       586.3874  EPtot      =     -2664.6624
 BOND   =       212.8556  ANGLE   =       355.3859  DIHED      =       489.2087
 1-4 NB =       163.7672  1-4 EEL =      -344.3824  VDWAALS    =      -332.4426
 EELEC  =      1348.5030  EGB     =     -4557.5577  RESTRAINT  =         0.0000
 ------------------------------------------------------------------------------


 NSTEP =    99900   TIME(PS) =      99.900  TEMP(K) =   294.33  PRESS =     0.0
 Etot   =     -2069.7506  EKtot   =       559.7375  EPtot      =     -2629.4880
 BOND   =       259.9762  ANGLE   =       372.2572  DIHED      =       491.8346
 1-4 NB =       155.5795  1-4 EEL =      -379.5892  VDWAALS    =      -344.8623
 EELEC  =      1371.0197  EGB     =     -4555.7038  RESTRAINT  =         0.0000
 ------------------------------------------------------------------------------

| RE_POSITION Moving by   0.157962  0.524796 -0.219533

 NSTEP =   100000   TIME(PS) =     100.000  TEMP(K) =   303.07  PRESS =     0.0
 Etot   =     -2058.8503  EKtot   =       576.3686  EPtot      =     -2635.2189
 BOND   =       261.7035  ANGLE   =       352.9899  DIHED      =       488.7610
 1-4 NB =       155.9749  1-4 EEL =      -360.2970  VDWAALS    =      -339.5594
 EELEC  =      1360.9018  EGB     =     -4555.6935  RESTRAINT  =         0.0000
 ------------------------------------------------------------------------------


      A V E R A G E S   O V E R  100000 S T E P S


 NSTEP =   100000   TIME(PS) =     100.000  TEMP(K) =   297.11  PRESS =     0.0
 Etot   =     -2098.9247  EKtot   =       565.0198  EPtot      =     -2663.9446
 BOND   =       228.6609  ANGLE   =       342.3641  DIHED      =       499.8800
 1-4 NB =       157.4883  1-4 EEL =      -344.7506  VDWAALS    =      -336.7417
 EELEC  =      1341.3492  EGB     =     -4552.1947  RESTRAINT  =         0.0000
 ------------------------------------------------------------------------------


      R M S  F L U C T U A T I O N S


 NSTEP =   100000   TIME(PS) =     100.000  TEMP(K) =    13.27  PRESS =     0.0
 Etot   =        44.4797  EKtot   =        25.2367  EPtot      =        26.4012
 BOND   =        13.7359  ANGLE   =        16.9059  DIHED      =         9.3383
 1-4 NB =         4.5683  1-4 EEL =        13.5813  VDWAALS    =         9.0305
 EELEC  =        58.9718  EGB     =        57.7161  RESTRAINT  =         0.0000
 ------------------------------------------------------------------------------


--------------------------------------------------------------------------------
   5.  TIMINGS
--------------------------------------------------------------------------------

|                Calc gb radii            425.20 (19.47% of Gen B)
|                Calc gb diag             812.57 (37.20% of Gen B)
|                Calc gb off-diag         946.36 (43.33% of Gen B)
|             Gen Born time           2184.17 (100.0% of Nonbo)
|          Nonbond force           2184.17 (97.25% of Force)
|          Bond/Angle/Dihedral       61.63 ( 2.74% of Force)
|       Force time              2245.88 (99.38% of Runmd)
|       Verlet update time        13.92 ( 0.62% of Runmd)
|    Runmd Time              2259.89 (100.0% of Total)
| Total time              2259.91 (100.0% of ALL  )

| Number of list builds   :          0

| Highest rstack allocated:          0
| Highest istack allocated:          0

| Final Performance Info:
| -----------------------------------------------------
| Average timings for all steps:
|     Elapsed(s) =    2259.89 Per Step(ms) =      22.60
|         ns/day =       3.82   seconds/ns =   22598.90
| -----------------------------------------------------

|           Job began  at 18:53:50.295  on 05/13/2026
|           Setup done at 18:53:50.313  on 05/13/2026
|           Run   done at 19:31:30.203  on 05/13/2026
|     wallclock() was called 2201031 times

|3D-RISM memory allocation summary
|Type          Maximum        Current   
|Integer       0.00000 GB     0.00000 GB
|Real          0.00000 GB     0.00000 GB
|Logical       0.00000 GB     0.00000 GB
|Character     0.00000 GB     0.00000 GB
|---------------------------------------
|Total         0.00000 GB     0.00000 GB
