
          -------------------------------------------------------
          Amber 18 SANDER                              2018
          -------------------------------------------------------

| Run on 05/20/2026 at 16:06:43

|   Executable path: /home/ando/amber/amber18/bin/sander
| Working directory: /home/test/yazawa/tutorial2
|          Hostname: Unknown
  [-O]verwriting output

File Assignments:
|  MDIN: polyAT_wat_md2.in                                                     
| MDOUT: polyAT_wat_md2.out                                                    
|INPCRD: polyAT_wat_md1.ncrst                                                  
|  PARM: polyAT_wat.prmtop                                                     
|RESTRT: polyAT_wat_md2.ncrst                                                  
|  REFC: refc                                                                  
| MDVEL: mdvel                                                                 
| MDFRC: mdfrc                                                                 
|  MDEN: mden                                                                  
| MDCRD: polyAT_wat_md2.nc                                                     
|MDINFO: mdinfo                                                                
|  MTMD: mtmd                                                                  
|INPDIP: inpdip                                                                
|RSTDIP: rstdip                                                                
|INPTRA: inptraj                                                               


 Here is the input file:

polyA-polyT 10-mer: 100ps MD                                                   
 &cntrl                                                                        
  imin = 0, irest = 1, ntx = 7,                                                
  ntb = 2, pres0 = 1.0, ntp = 1,                                               
  taup = 2.0,                                                                  
  cut = 10.0, ntr = 0,                                                         
  ntc = 2, ntf = 2,                                                            
  tempi = 300.0, temp0 = 300.0,                                                
  ntt = 3, gamma_ln = 1.0,                                                     
  nstlim = 50000, dt = 0.002,                                                  
  ntpr = 100, ntwx = 100, ntwr = 1000                                          
 /                                                                             

--------------------------------------------------------------------------------
   1.  RESOURCE   USE: 
--------------------------------------------------------------------------------

| Flags:                                                                        
 getting box info from netcdf restart file
| NetCDF restart box info found
|Largest sphere to fit in unit cell has radius =    21.856
| New format PARM file being parsed.
| Version =    1.000 Date = 05/13/26 Time = 17:14:44
 NATOM  =    9788 NTYPES =      17 NBONH =    9366 MBONA  =     452
 NTHETH =     554 MTHETA =     694 NPHIH =    1084 MPHIA  =    1326
 NHPARM =       0 NPARM  =       0 NNB   =   15738 NRES   =    3082
 NBONA  =     452 NTHETA =     694 NPHIA =    1326 NUMBND =      41
 NUMANG =      75 NPTRA  =      56 NATYP =      29 NPHB   =       1
 IFBOX  =       2 NMXRS  =      33 IFCAP =       0 NEXTRA =       0
 NCOPY  =       0


|     Memory Use     Allocated
|     Real              732799
|     Hollerith          32448
|     Integer           361870
|     Max Pairs        5637888
|     nblistReal        117456
|     nblist Int        316750
|       Total            31443 kbytes

| Note: 1-4 EEL scale factors are being read from the topology file.

| Note: 1-4 VDW scale factors are being read from the topology file.
| Duplicated    0 dihedrals
| Duplicated    0 dihedrals

     BOX TYPE: TRUNCATED OCTAHEDRON

--------------------------------------------------------------------------------
   2.  CONTROL  DATA  FOR  THE  RUN
--------------------------------------------------------------------------------

default_name                                                                    

General flags:
     imin    =       0, nmropt  =       0

Nature and format of input:
     ntx     =       7, irest   =       1, ntrx    =       1

Nature and format of output:
     ntxo    =       2, ntpr    =     100, ntrx    =       1, ntwr    =    1000
     iwrap   =       0, ntwx    =     100, ntwv    =       0, ntwe    =       0
     ioutfm  =       1, ntwprt  =       0, idecomp =       0, rbornstat=      0

Potential function:
     ntf     =       2, ntb     =       2, igb     =       0, nsnb    =      25
     ipol    =       0, gbsa    =       0, iesp    =       0
     dielc   =   1.00000, cut     =  10.00000, intdiel =   1.00000

Frozen or restrained atoms:
     ibelly  =       0, ntr     =       0

Molecular dynamics:
     nstlim  =     50000, nscm    =      1000, nrespa  =         1
     t       =   0.00000, dt      =   0.00200, vlimit  =  20.00000

Langevin dynamics temperature regulation:
     ig      =   71277
     temp0   = 300.00000, tempi   = 300.00000, gamma_ln=   1.00000

Pressure regulation:
     ntp     =       1
     pres0   =   1.00000, comp    =  44.60000, taup    =   2.00000

SHAKE:
     ntc     =       2, jfastw  =       0
     tol     =   0.00001

Ewald parameters:
     verbose =       0, ew_type =       0, nbflag  =       1, use_pme =       1
     vdwmeth =       1, eedmeth =       1, netfrc  =       1
     Box X =   53.537   Box Y =   53.537   Box Z =   53.537
     Alpha =  109.471   Beta  =  109.471   Gamma =  109.471
     NFFT1 =   54       NFFT2 =   54       NFFT3 =   54
     Cutoff=   10.000   Tol   =0.100E-04
     Ewald Coefficient =  0.27511
     Interpolation order =    4
|  INFO: Old style inpcrd file read


--------------------------------------------------------------------------------
   3.  ATOMIC COORDINATES AND VELOCITIES
--------------------------------------------------------------------------------

default_name                                                                    
 begin time read from input coords =    20.000 ps

 Number of triangulated 3-point waters found:     3044

     Sum of charges from parm topology file =   0.00000008
     Forcing neutrality...

--------------------------------------------------------------------------------
   4.  RESULTS
--------------------------------------------------------------------------------

|  # of SOLUTE  degrees of freedom (RNDFP):   19998.
|  # of SOLVENT degrees of freedom (RNDFS):       0.
|  NDFMIN =   19998.     NUM_NOSHAKE =      0     CORRECTED RNDFP =   19998.
|  TOTAL # of degrees of freedom (RNDF) =   19998.
 ---------------------------------------------------
 APPROXIMATING switch and d/dx switch using CUBIC SPLINE INTERPOLATION
 using   5000.0 points per unit in tabled values
 TESTING RELATIVE ERROR over r ranging from 0.0 to cutoff
| CHECK switch(x): max rel err =   0.2738E-14   at   2.422500
| CHECK d/dx switch(x): max rel err =   0.8314E-11   at   2.736960
 ---------------------------------------------------
| Local SIZE OF NONBOND LIST =    3069557
| TOTAL SIZE OF NONBOND LIST =    3069557

 NSTEP =      100   TIME(PS) =      20.200  TEMP(K) =   204.04  PRESS = -1841.8
 Etot   =    -32359.8428  EKtot   =      4054.2410  EPtot      =    -36414.0838
 BOND   =       102.5152  ANGLE   =       247.6095  DIHED      =       483.9557
 1-4 NB =       157.6782  1-4 EEL =      -347.1429  VDWAALS    =      4524.7982
 EELEC  =    -41583.4976  EHBOND  =         0.0000  RESTRAINT  =         0.0000
 EKCMT  =      1992.6913  VIRIAL  =      6626.6378  VOLUME     =    116526.4157
                                                    Density    =         0.8734
 Ewald error estimate:   0.1035E-04
 ------------------------------------------------------------------------------


 NSTEP =      200   TIME(PS) =      20.400  TEMP(K) =   223.51  PRESS = -1282.2
 Etot   =    -31676.4211  EKtot   =      4441.1536  EPtot      =    -36117.5747
 BOND   =       107.5528  ANGLE   =       258.1361  DIHED      =       496.3862
 1-4 NB =       160.6488  1-4 EEL =      -346.2271  VDWAALS    =      4598.2282
 EELEC  =    -41392.2997  EHBOND  =         0.0000  RESTRAINT  =         0.0000
 EKCMT  =      2092.5991  VIRIAL  =      5295.9037  VOLUME     =    115703.9248
                                                    Density    =         0.8796
 Ewald error estimate:   0.1471E-03
 ------------------------------------------------------------------------------


 NSTEP =      300   TIME(PS) =      20.600  TEMP(K) =   235.16  PRESS =  -728.8
 Etot   =    -31163.7031  EKtot   =      4672.6486  EPtot      =    -35836.3517
 BOND   =       115.6804  ANGLE   =       283.6347  DIHED      =       511.7054
 1-4 NB =       164.6137  1-4 EEL =      -331.4090  VDWAALS    =      4616.2681
 EELEC  =    -41196.8449  EHBOND  =         0.0000  RESTRAINT  =         0.0000
 EKCMT  =      2222.9769  VIRIAL  =      4034.6742  VOLUME     =    115132.3740
                                                    Density    =         0.8839
 Ewald error estimate:   0.2074E-04
 ------------------------------------------------------------------------------


 NSTEP =      400   TIME(PS) =      20.800  TEMP(K) =   245.47  PRESS =  -395.9
 Etot   =    -30745.2524  EKtot   =      4877.3803  EPtot      =    -35622.6328
 BOND   =       129.9529  ANGLE   =       289.2955  DIHED      =       516.5770
 1-4 NB =       167.2714  1-4 EEL =      -362.8991  VDWAALS    =      4633.4768
 EELEC  =    -40996.3073  EHBOND  =         0.0000  RESTRAINT  =         0.0000
 EKCMT  =      2305.2901  VIRIAL  =      3285.7597  VOLUME     =    114699.2133
                                                    Density    =         0.8873
 Ewald error estimate:   0.1648E-03
 ------------------------------------------------------------------------------


 NSTEP =      500   TIME(PS) =      21.000  TEMP(K) =   251.57  PRESS =  -830.5
 Etot   =    -30376.8625  EKtot   =      4998.7616  EPtot      =    -35375.6241
 BOND   =       131.0617  ANGLE   =       306.7474  DIHED      =       512.8368
 1-4 NB =       163.6435  1-4 EEL =      -346.0223  VDWAALS    =      4427.7398
 EELEC  =    -40571.6310  EHBOND  =         0.0000  RESTRAINT  =         0.0000
 EKCMT  =      2314.5676  VIRIAL  =      4364.5106  VOLUME     =    114322.6532
                                                    Density    =         0.8902
 Ewald error estimate:   0.1635E-03
 ------------------------------------------------------------------------------


 NSTEP =      600   TIME(PS) =      21.200  TEMP(K) =   258.24  PRESS =  -298.7
 Etot   =    -30116.6550  EKtot   =      5131.1116  EPtot      =    -35247.7666
 BOND   =       142.1641  ANGLE   =       313.6876  DIHED      =       509.3081
 1-4 NB =       163.6458  1-4 EEL =      -335.5952  VDWAALS    =      4504.2989
 EELEC  =    -40545.2759  EHBOND  =         0.0000  RESTRAINT  =         0.0000
 EKCMT  =      2364.9804  VIRIAL  =      3100.3290  VOLUME     =    114002.6029
                                                    Density    =         0.8927
 Ewald error estimate:   0.2032E-03
 ------------------------------------------------------------------------------


 NSTEP =      700   TIME(PS) =      21.400  TEMP(K) =   266.53  PRESS =  -500.1
 Etot   =    -29843.8481  EKtot   =      5295.9767  EPtot      =    -35139.8249
 BOND   =       155.4568  ANGLE   =       329.8637  DIHED      =       506.9380
 1-4 NB =       167.4184  1-4 EEL =      -365.3025  VDWAALS    =      4479.9723
 EELEC  =    -40414.1715  EHBOND  =         0.0000  RESTRAINT  =         0.0000
 EKCMT  =      2424.9130  VIRIAL  =      3653.1111  VOLUME     =    113754.5920
                                                    Density    =         0.8946
 Ewald error estimate:   0.6635E-04
 ------------------------------------------------------------------------------


 NSTEP =      800   TIME(PS) =      21.600  TEMP(K) =   269.06  PRESS =  -498.7
 Etot   =    -29513.2419  EKtot   =      5346.2256  EPtot      =    -34859.4675
 BOND   =       133.2164  ANGLE   =       338.1553  DIHED      =       497.9925
 1-4 NB =       174.7569  1-4 EEL =      -347.1624  VDWAALS    =      4263.0873
 EELEC  =    -39919.5134  EHBOND  =         0.0000  RESTRAINT  =         0.0000
 EKCMT  =      2472.0678  VIRIAL  =      3692.8118  VOLUME     =    113362.7569
                                                    Density    =         0.8977
 Ewald error estimate:   0.3140E-05
 ------------------------------------------------------------------------------


 NSTEP =      900   TIME(PS) =      21.800  TEMP(K) =   278.97  PRESS =  -473.6
 Etot   =    -29302.5127  EKtot   =      5543.1291  EPtot      =    -34845.6418
 BOND   =       150.6513  ANGLE   =       335.7045  DIHED      =       496.5834
 1-4 NB =       163.4897  1-4 EEL =      -346.7727  VDWAALS    =      4381.8441
 EELEC  =    -40027.1421  EHBOND  =         0.0000  RESTRAINT  =         0.0000
 EKCMT  =      2597.9585  VIRIAL  =      3754.4439  VOLUME     =    113103.8018
                                                    Density    =         0.8998
 Ewald error estimate:   0.2777E-04
 ------------------------------------------------------------------------------


 NSTEP =     1000   TIME(PS) =      22.000  TEMP(K) =   277.17  PRESS =  -548.2
 Etot   =    -29208.3179  EKtot   =      5507.2926  EPtot      =    -34715.6104
 BOND   =       147.4523  ANGLE   =       323.1723  DIHED      =       504.7159
 1-4 NB =       174.0728  1-4 EEL =      -348.0265  VDWAALS    =      4184.7252
 EELEC  =    -39701.7224  EHBOND  =         0.0000  RESTRAINT  =         0.0000
 EKCMT  =      2504.0320  VIRIAL  =      3839.5661  VOLUME     =    112824.7324
                                                    Density    =         0.9020
 Ewald error estimate:   0.3037E-04
 ------------------------------------------------------------------------------


 NSTEP =     1100   TIME(PS) =      22.200  TEMP(K) =   281.44  PRESS =  -307.2
 Etot   =    -29026.8981  EKtot   =      5592.1767  EPtot      =    -34619.0749
 BOND   =       145.7724  ANGLE   =       337.3312  DIHED      =       506.8124
 1-4 NB =       167.5864  1-4 EEL =      -323.1852  VDWAALS    =      4342.5502
 EELEC  =    -39795.9421  EHBOND  =         0.0000  RESTRAINT  =         0.0000
 EKCMT  =      2586.3413  VIRIAL  =      3333.9632  VOLUME     =    112707.6734
                                                    Density    =         0.9030
 Ewald error estimate:   0.1617E-03
 ------------------------------------------------------------------------------


 NSTEP =     1200   TIME(PS) =      22.400  TEMP(K) =   281.80  PRESS =  -579.7
 Etot   =    -28864.3577  EKtot   =      5599.2683  EPtot      =    -34463.6260
 BOND   =       145.0577  ANGLE   =       353.3705  DIHED      =       503.1388
 1-4 NB =       165.7751  1-4 EEL =      -360.6491  VDWAALS    =      4150.0455
 EELEC  =    -39420.3646  EHBOND  =         0.0000  RESTRAINT  =         0.0000
 EKCMT  =      2547.5310  VIRIAL  =      3955.1702  VOLUME     =    112455.7286
                                                    Density    =         0.9050
 Ewald error estimate:   0.8887E-04
 ------------------------------------------------------------------------------


 NSTEP =     1300   TIME(PS) =      22.600  TEMP(K) =   286.42  PRESS =  -644.1
 Etot   =    -28658.3703  EKtot   =      5691.0820  EPtot      =    -34349.4523
 BOND   =       156.1032  ANGLE   =       338.5516  DIHED      =       520.0303
 1-4 NB =       168.4343  1-4 EEL =      -358.6107  VDWAALS    =      4081.7795
 EELEC  =    -39255.7404  EHBOND  =         0.0000  RESTRAINT  =         0.0000
 EKCMT  =      2643.3542  VIRIAL  =      4204.3848  VOLUME     =    112247.6483
                                                    Density    =         0.9067
 Ewald error estimate:   0.1411E-03
 ------------------------------------------------------------------------------


 NSTEP =     1400   TIME(PS) =      22.800  TEMP(K) =   290.40  PRESS =  -557.9
 Etot   =    -28555.1317  EKtot   =      5770.2799  EPtot      =    -34325.4116
 BOND   =       163.4681  ANGLE   =       323.1076  DIHED      =       508.9932
 1-4 NB =       168.4916  1-4 EEL =      -335.7298  VDWAALS    =      4066.9223
 EELEC  =    -39220.6646  EHBOND  =         0.0000  RESTRAINT  =         0.0000
 EKCMT  =      2643.1890  VIRIAL  =      3992.3970  VOLUME     =    112006.4374
                                                    Density    =         0.9086
 Ewald error estimate:   0.2726E-03
 ------------------------------------------------------------------------------


 NSTEP =     1500   TIME(PS) =      23.000  TEMP(K) =   287.84  PRESS =  -287.8
 Etot   =    -28457.4082  EKtot   =      5719.4020  EPtot      =    -34176.8102
 BOND   =       152.2919  ANGLE   =       355.6769  DIHED      =       522.8134
 1-4 NB =       158.5723  1-4 EEL =      -361.0281  VDWAALS    =      4127.8538
 EELEC  =    -39132.9905  EHBOND  =         0.0000  RESTRAINT  =         0.0000
 EKCMT  =      2649.1586  VIRIAL  =      3343.9881  VOLUME     =    111809.1686
                                                    Density    =         0.9102
 Ewald error estimate:   0.9387E-04
 ------------------------------------------------------------------------------


 NSTEP =     1600   TIME(PS) =      23.200  TEMP(K) =   286.12  PRESS =  -147.2
 Etot   =    -28403.7501  EKtot   =      5685.1653  EPtot      =    -34088.9153
 BOND   =       165.3615  ANGLE   =       355.7222  DIHED      =       516.9418
 1-4 NB =       164.6228  1-4 EEL =      -347.3165  VDWAALS    =      4124.6621
 EELEC  =    -39068.9092  EHBOND  =         0.0000  RESTRAINT  =         0.0000
 EKCMT  =      2618.5626  VIRIAL  =      2973.0762  VOLUME     =    111541.9776
                                                    Density    =         0.9124
 Ewald error estimate:   0.4043E-04
 ------------------------------------------------------------------------------


 NSTEP =     1700   TIME(PS) =      23.400  TEMP(K) =   297.66  PRESS =  -150.7
 Etot   =    -28265.8443  EKtot   =      5914.5436  EPtot      =    -34180.3878
 BOND   =       146.0413  ANGLE   =       353.5985  DIHED      =       501.7804
 1-4 NB =       170.2243  1-4 EEL =      -345.2010  VDWAALS    =      4087.1475
 EELEC  =    -39093.9788  EHBOND  =         0.0000  RESTRAINT  =         0.0000
 EKCMT  =      2716.2860  VIRIAL  =      3078.6628  VOLUME     =    111345.7396
                                                    Density    =         0.9140
 Ewald error estimate:   0.1785E-03
 ------------------------------------------------------------------------------


 NSTEP =     1800   TIME(PS) =      23.600  TEMP(K) =   293.31  PRESS =  -564.3
 Etot   =    -28236.7019  EKtot   =      5828.0009  EPtot      =    -34064.7028
 BOND   =       146.1198  ANGLE   =       365.7569  DIHED      =       504.7763
 1-4 NB =       167.6744  1-4 EEL =      -343.8406  VDWAALS    =      4036.8379
 EELEC  =    -38942.0276  EHBOND  =         0.0000  RESTRAINT  =         0.0000
 EKCMT  =      2689.0841  VIRIAL  =      4043.0308  VOLUME     =    111129.7762
                                                    Density    =         0.9158
 Ewald error estimate:   0.4208E-04
 ------------------------------------------------------------------------------


 NSTEP =     1900   TIME(PS) =      23.800  TEMP(K) =   295.60  PRESS =  -211.2
 Etot   =    -28186.4322  EKtot   =      5873.4975  EPtot      =    -34059.9297
 BOND   =       154.7136  ANGLE   =       354.5251  DIHED      =       515.3494
 1-4 NB =       166.2308  1-4 EEL =      -355.0825  VDWAALS    =      4068.5790
 EELEC  =    -38964.2452  EHBOND  =         0.0000  RESTRAINT  =         0.0000
 EKCMT  =      2672.0508  VIRIAL  =      3177.7373  VOLUME     =    110907.8496
                                                    Density    =         0.9176
 Ewald error estimate:   0.2012E-04
 ------------------------------------------------------------------------------


 NSTEP =     2000   TIME(PS) =      24.000  TEMP(K) =   293.68  PRESS =  -578.2
 Etot   =    -28198.2742  EKtot   =      5835.4257  EPtot      =    -34033.7000
 BOND   =       154.0859  ANGLE   =       349.3618  DIHED      =       524.1603
 1-4 NB =       170.7823  1-4 EEL =      -329.9920  VDWAALS    =      3922.2182
 EELEC  =    -38824.3165  EHBOND  =         0.0000  RESTRAINT  =         0.0000
 EKCMT  =      2710.5696  VIRIAL  =      4092.1098  VOLUME     =    110673.1358
                                                    Density    =         0.9196
 Ewald error estimate:   0.6442E-04
 ------------------------------------------------------------------------------


 NSTEP =     2100   TIME(PS) =      24.200  TEMP(K) =   295.83  PRESS =  -177.2
 Etot   =    -28163.6171  EKtot   =      5878.1682  EPtot      =    -34041.7853
 BOND   =       137.9739  ANGLE   =       334.7397  DIHED      =       507.0319
 1-4 NB =       171.0688  1-4 EEL =      -344.8689  VDWAALS    =      4113.9269
 EELEC  =    -38961.6576  EHBOND  =         0.0000  RESTRAINT  =         0.0000
 EKCMT  =      2690.0188  VIRIAL  =      3112.7301  VOLUME     =    110508.0493
                                                    Density    =         0.9209
 Ewald error estimate:   0.8353E-04
 ------------------------------------------------------------------------------


 NSTEP =     2200   TIME(PS) =      24.400  TEMP(K) =   296.22  PRESS =  -599.5
 Etot   =    -28080.8943  EKtot   =      5885.8197  EPtot      =    -33966.7140
 BOND   =       151.9288  ANGLE   =       348.7578  DIHED      =       518.9003
 1-4 NB =       168.1339  1-4 EEL =      -336.3505  VDWAALS    =      3887.0232
 EELEC  =    -38705.1076  EHBOND  =         0.0000  RESTRAINT  =         0.0000
 EKCMT  =      2650.4884  VIRIAL  =      4078.6918  VOLUME     =    110329.8991
                                                    Density    =         0.9224
 Ewald error estimate:   0.1006E-03
 ------------------------------------------------------------------------------


 NSTEP =     2300   TIME(PS) =      24.600  TEMP(K) =   294.73  PRESS =  -478.2
 Etot   =    -28138.6037  EKtot   =      5856.3012  EPtot      =    -33994.9049
 BOND   =       175.3790  ANGLE   =       358.0852  DIHED      =       504.3617
 1-4 NB =       163.3814  1-4 EEL =      -355.1343  VDWAALS    =      3953.9627
 EELEC  =    -38794.9405  EHBOND  =         0.0000  RESTRAINT  =         0.0000
 EKCMT  =      2695.1173  VIRIAL  =      3831.7032  VOLUME     =    110083.1781
                                                    Density    =         0.9245
 Ewald error estimate:   0.1685E-03
 ------------------------------------------------------------------------------


 NSTEP =     2400   TIME(PS) =      24.800  TEMP(K) =   293.62  PRESS =  -441.0
 Etot   =    -28146.5035  EKtot   =      5834.2418  EPtot      =    -33980.7453
 BOND   =       160.2177  ANGLE   =       365.3149  DIHED      =       519.8085
 1-4 NB =       172.4688  1-4 EEL =      -329.0699  VDWAALS    =      3994.3560
 EELEC  =    -38863.8414  EHBOND  =         0.0000  RESTRAINT  =         0.0000
 EKCMT  =      2663.2862  VIRIAL  =      3708.8480  VOLUME     =    109805.3711
                                                    Density    =         0.9268
 Ewald error estimate:   0.1707E-03
 ------------------------------------------------------------------------------


 NSTEP =     2500   TIME(PS) =      25.000  TEMP(K) =   292.17  PRESS =  -529.2
 Etot   =    -28169.5269  EKtot   =      5805.3151  EPtot      =    -33974.8419
 BOND   =       159.1654  ANGLE   =       354.9581  DIHED      =       511.3337
 1-4 NB =       173.9123  1-4 EEL =      -338.1273  VDWAALS    =      3994.0847
 EELEC  =    -38830.1688  EHBOND  =         0.0000  RESTRAINT  =         0.0000
 EKCMT  =      2649.1682  VIRIAL  =      3901.2746  VOLUME     =    109586.9809
                                                    Density    =         0.9287
 Ewald error estimate:   0.1155E-03
 ------------------------------------------------------------------------------


 NSTEP =     2600   TIME(PS) =      25.200  TEMP(K) =   298.45  PRESS =  -507.3
 Etot   =    -28163.6558  EKtot   =      5930.2242  EPtot      =    -34093.8800
 BOND   =       163.3036  ANGLE   =       353.6590  DIHED      =       514.8739
 1-4 NB =       160.8953  1-4 EEL =      -351.5994  VDWAALS    =      3924.1184
 EELEC  =    -38859.1308  EHBOND  =         0.0000  RESTRAINT  =         0.0000
 EKCMT  =      2747.2621  VIRIAL  =      3943.9221  VOLUME     =    109250.6265
                                                    Density    =         0.9315
 Ewald error estimate:   0.1421E-03
 ------------------------------------------------------------------------------


 NSTEP =     2700   TIME(PS) =      25.400  TEMP(K) =   294.21  PRESS =  -784.2
 Etot   =    -28181.4914  EKtot   =      5845.8884  EPtot      =    -34027.3798
 BOND   =       149.1820  ANGLE   =       344.4003  DIHED      =       512.0372
 1-4 NB =       172.9205  1-4 EEL =      -330.9718  VDWAALS    =      3918.0796
 EELEC  =    -38793.0277  EHBOND  =         0.0000  RESTRAINT  =         0.0000
 EKCMT  =      2710.9031  VIRIAL  =      4556.7504  VOLUME     =    109014.8433
                                                    Density    =         0.9335
 Ewald error estimate:   0.1196E-04
 ------------------------------------------------------------------------------


 NSTEP =     2800   TIME(PS) =      25.600  TEMP(K) =   296.26  PRESS =  -485.6
 Etot   =    -28197.9779  EKtot   =      5886.7055  EPtot      =    -34084.6834
 BOND   =       141.7046  ANGLE   =       362.1124  DIHED      =       512.9018
 1-4 NB =       167.2581  1-4 EEL =      -343.3657  VDWAALS    =      4001.9973
 EELEC  =    -38927.2919  EHBOND  =         0.0000  RESTRAINT  =         0.0000
 EKCMT  =      2715.4649  VIRIAL  =      3856.5334  VOLUME     =    108828.4437
                                                    Density    =         0.9351
 Ewald error estimate:   0.2111E-03
 ------------------------------------------------------------------------------


 NSTEP =     2900   TIME(PS) =      25.800  TEMP(K) =   293.37  PRESS =  -445.6
 Etot   =    -28149.1464  EKtot   =      5829.3219  EPtot      =    -33978.4683
 BOND   =       150.9578  ANGLE   =       356.2006  DIHED      =       516.9778
 1-4 NB =       172.1283  1-4 EEL =      -352.9031  VDWAALS    =      3933.3982
 EELEC  =    -38755.2279  EHBOND  =         0.0000  RESTRAINT  =         0.0000
 EKCMT  =      2678.1198  VIRIAL  =      3723.5959  VOLUME     =    108663.9349
                                                    Density    =         0.9366
 Ewald error estimate:   0.8134E-04
 ------------------------------------------------------------------------------


 NSTEP =     3000   TIME(PS) =      26.000  TEMP(K) =   295.92  PRESS =  -446.6
 Etot   =    -28094.9922  EKtot   =      5879.8968  EPtot      =    -33974.8891
 BOND   =       163.3315  ANGLE   =       341.0811  DIHED      =       508.2497
 1-4 NB =       162.4778  1-4 EEL =      -366.3365  VDWAALS    =      3890.0699
 EELEC  =    -38673.7625  EHBOND  =         0.0000  RESTRAINT  =         0.0000
 EKCMT  =      2670.5685  VIRIAL  =      3716.8568  VOLUME     =    108508.1502
                                                    Density    =         0.9379
 Ewald error estimate:   0.3288E-03
 ------------------------------------------------------------------------------


 NSTEP =     3100   TIME(PS) =      26.200  TEMP(K) =   300.56  PRESS =  -539.8
 Etot   =    -28014.7789  EKtot   =      5972.1766  EPtot      =    -33986.9555
 BOND   =       151.0824  ANGLE   =       359.7489  DIHED      =       517.2822
 1-4 NB =       163.7844  1-4 EEL =      -345.5857  VDWAALS    =      3933.8739
 EELEC  =    -38767.1416  EHBOND  =         0.0000  RESTRAINT  =         0.0000
 EKCMT  =      2709.4698  VIRIAL  =      3971.3688  VOLUME     =    108273.6710
                                                    Density    =         0.9399
 Ewald error estimate:   0.1819E-03
 ------------------------------------------------------------------------------


 NSTEP =     3200   TIME(PS) =      26.400  TEMP(K) =   298.22  PRESS =  -131.3
 Etot   =    -28017.6004  EKtot   =      5925.6347  EPtot      =    -33943.2352
 BOND   =       138.3223  ANGLE   =       361.9792  DIHED      =       508.0981
 1-4 NB =       169.5868  1-4 EEL =      -331.9511  VDWAALS    =      3908.4557
 EELEC  =    -38697.7261  EHBOND  =         0.0000  RESTRAINT  =         0.0000
 EKCMT  =      2704.0453  VIRIAL  =      3010.5724  VOLUME     =    108110.0492
                                                    Density    =         0.9414
 Ewald error estimate:   0.1092E-03
 ------------------------------------------------------------------------------


 NSTEP =     3300   TIME(PS) =      26.600  TEMP(K) =   300.72  PRESS =  -430.0
 Etot   =    -28017.8808  EKtot   =      5975.2074  EPtot      =    -33993.0882
 BOND   =       128.8333  ANGLE   =       343.2204  DIHED      =       525.2130
 1-4 NB =       168.4204  1-4 EEL =      -347.2424  VDWAALS    =      3912.8670
 EELEC  =    -38724.4000  EHBOND  =         0.0000  RESTRAINT  =         0.0000
 EKCMT  =      2732.6229  VIRIAL  =      3734.4666  VOLUME     =    107899.9798
                                                    Density    =         0.9432
 Ewald error estimate:   0.7676E-04
 ------------------------------------------------------------------------------


 NSTEP =     3400   TIME(PS) =      26.800  TEMP(K) =   297.14  PRESS =  -522.6
 Etot   =    -28020.4057  EKtot   =      5904.2359  EPtot      =    -33924.6416
 BOND   =       157.4518  ANGLE   =       348.4231  DIHED      =       497.0988
 1-4 NB =       161.3807  1-4 EEL =      -374.6955  VDWAALS    =      3878.6552
 EELEC  =    -38592.9557  EHBOND  =         0.0000  RESTRAINT  =         0.0000
 EKCMT  =      2682.9488  VIRIAL  =      3898.0146  VOLUME     =    107675.1244
                                                    Density    =         0.9452
 Ewald error estimate:   0.2006E-03
 ------------------------------------------------------------------------------


 NSTEP =     3500   TIME(PS) =      27.000  TEMP(K) =   306.40  PRESS =  -560.9
 Etot   =    -27992.6114  EKtot   =      6088.0532  EPtot      =    -34080.6647
 BOND   =       150.6810  ANGLE   =       318.6291  DIHED      =       511.8134
 1-4 NB =       174.5643  1-4 EEL =      -323.0217  VDWAALS    =      3890.0031
 EELEC  =    -38803.3339  EHBOND  =         0.0000  RESTRAINT  =         0.0000
 EKCMT  =      2764.7790  VIRIAL  =      4066.6030  VOLUME     =    107488.4248
                                                    Density    =         0.9468
 Ewald error estimate:   0.1435E-03
 ------------------------------------------------------------------------------


 NSTEP =     3600   TIME(PS) =      27.200  TEMP(K) =   293.56  PRESS =  -709.3
 Etot   =    -28058.9268  EKtot   =      5833.0430  EPtot      =    -33891.9698
 BOND   =       125.8040  ANGLE   =       349.8097  DIHED      =       495.3179
 1-4 NB =       174.5264  1-4 EEL =      -333.4354  VDWAALS    =      3896.1912
 EELEC  =    -38600.1836  EHBOND  =         0.0000  RESTRAINT  =         0.0000
 EKCMT  =      2698.2694  VIRIAL  =      4341.1908  VOLUME     =    107280.9182
                                                    Density    =         0.9486
 Ewald error estimate:   0.1657E-03
 ------------------------------------------------------------------------------


 NSTEP =     3700   TIME(PS) =      27.400  TEMP(K) =   296.32  PRESS =  -200.4
 Etot   =    -27975.3281  EKtot   =      5887.7664  EPtot      =    -33863.0945
 BOND   =       140.2744  ANGLE   =       343.7232  DIHED      =       516.8132
 1-4 NB =       159.9032  1-4 EEL =      -332.6215  VDWAALS    =      3979.9522
 EELEC  =    -38671.1392  EHBOND  =         0.0000  RESTRAINT  =         0.0000
 EKCMT  =      2718.7342  VIRIAL  =      3182.3026  VOLUME     =    107126.1254
                                                    Density    =         0.9500
 Ewald error estimate:   0.2217E-03
 ------------------------------------------------------------------------------


 NSTEP =     3800   TIME(PS) =      27.600  TEMP(K) =   304.46  PRESS =  -479.2
 Etot   =    -27876.9822  EKtot   =      6049.6804  EPtot      =    -33926.6626
 BOND   =       134.5398  ANGLE   =       323.9543  DIHED      =       506.7733
 1-4 NB =       167.1855  1-4 EEL =      -317.4847  VDWAALS    =      3867.4278
 EELEC  =    -38609.0585  EHBOND  =         0.0000  RESTRAINT  =         0.0000
 EKCMT  =      2803.9511  VIRIAL  =      3910.2152  VOLUME     =    106927.6651
                                                    Density    =         0.9518
 Ewald error estimate:   0.6063E-05
 ------------------------------------------------------------------------------


 NSTEP =     3900   TIME(PS) =      27.800  TEMP(K) =   299.71  PRESS =  -690.6
 Etot   =    -27866.0394  EKtot   =      5955.3148  EPtot      =    -33821.3542
 BOND   =       143.4702  ANGLE   =       346.5797  DIHED      =       520.2924
 1-4 NB =       161.4904  1-4 EEL =      -334.0536  VDWAALS    =      3828.1878
 EELEC  =    -38487.3211  EHBOND  =         0.0000  RESTRAINT  =         0.0000
 EKCMT  =      2783.9557  VIRIAL  =      4375.3731  VOLUME     =    106735.2565
                                                    Density    =         0.9535
 Ewald error estimate:   0.1988E-03
 ------------------------------------------------------------------------------


 NSTEP =     4000   TIME(PS) =      28.000  TEMP(K) =   300.67  PRESS =    -7.4
 Etot   =    -27843.5216  EKtot   =      5974.3518  EPtot      =    -33817.8733
 BOND   =       140.0357  ANGLE   =       349.8674  DIHED      =       520.2931
 1-4 NB =       165.7000  1-4 EEL =      -343.4361  VDWAALS    =      4033.5335
 EELEC  =    -38683.8669  EHBOND  =         0.0000  RESTRAINT  =         0.0000
 EKCMT  =      2773.6747  VIRIAL  =      2790.7058  VOLUME     =    106558.7688
                                                    Density    =         0.9551
 Ewald error estimate:   0.5763E-04
 ------------------------------------------------------------------------------


 NSTEP =     4100   TIME(PS) =      28.200  TEMP(K) =   302.53  PRESS =  -849.4
 Etot   =    -27868.4090  EKtot   =      6011.2088  EPtot      =    -33879.6178
 BOND   =       155.4656  ANGLE   =       351.2630  DIHED      =       518.8176
 1-4 NB =       173.0570  1-4 EEL =      -335.7785  VDWAALS    =      3821.8947
 EELEC  =    -38564.3372  EHBOND  =         0.0000  RESTRAINT  =         0.0000
 EKCMT  =      2778.1646  VIRIAL  =      4729.7933  VOLUME     =    106418.4659
                                                    Density    =         0.9563
 Ewald error estimate:   0.9279E-04
 ------------------------------------------------------------------------------


 NSTEP =     4200   TIME(PS) =      28.400  TEMP(K) =   303.06  PRESS =  -623.8
 Etot   =    -27904.7837  EKtot   =      6021.7467  EPtot      =    -33926.5304
 BOND   =       151.1440  ANGLE   =       348.2824  DIHED      =       514.5374
 1-4 NB =       170.2781  1-4 EEL =      -338.9944  VDWAALS    =      3779.5592
 EELEC  =    -38551.3370  EHBOND  =         0.0000  RESTRAINT  =         0.0000
 EKCMT  =      2811.7492  VIRIAL  =      4240.9025  VOLUME     =    106112.1497
                                                    Density    =         0.9591
 Ewald error estimate:   0.9715E-04
 ------------------------------------------------------------------------------


 NSTEP =     4300   TIME(PS) =      28.600  TEMP(K) =   297.44  PRESS =  -662.3
 Etot   =    -27971.0888  EKtot   =      5910.0496  EPtot      =    -33881.1385
 BOND   =       145.0405  ANGLE   =       330.3070  DIHED      =       513.4820
 1-4 NB =       163.1186  1-4 EEL =      -331.7928  VDWAALS    =      3828.9042
 EELEC  =    -38530.1980  EHBOND  =         0.0000  RESTRAINT  =         0.0000
 EKCMT  =      2740.9816  VIRIAL  =      4254.8392  VOLUME     =    105872.3483
                                                    Density    =         0.9613
 Ewald error estimate:   0.7474E-04
 ------------------------------------------------------------------------------


 NSTEP =     4400   TIME(PS) =      28.800  TEMP(K) =   298.31  PRESS =  -267.6
 Etot   =    -27992.6626  EKtot   =      5927.3154  EPtot      =    -33919.9781
 BOND   =       146.5865  ANGLE   =       363.8944  DIHED      =       498.7937
 1-4 NB =       159.7971  1-4 EEL =      -338.0067  VDWAALS    =      3953.8496
 EELEC  =    -38704.8926  EHBOND  =         0.0000  RESTRAINT  =         0.0000
 EKCMT  =      2697.1710  VIRIAL  =      3307.1413  VOLUME     =    105581.7962
                                                    Density    =         0.9639
 Ewald error estimate:   0.5923E-04
 ------------------------------------------------------------------------------


 NSTEP =     4500   TIME(PS) =      29.000  TEMP(K) =   297.21  PRESS =  -256.8
 Etot   =    -27958.5320  EKtot   =      5905.5246  EPtot      =    -33864.0566
 BOND   =       160.9151  ANGLE   =       356.9993  DIHED      =       502.9039
 1-4 NB =       162.3720  1-4 EEL =      -346.1387  VDWAALS    =      3962.8227
 EELEC  =    -38663.9310  EHBOND  =         0.0000  RESTRAINT  =         0.0000
 EKCMT  =      2668.8160  VIRIAL  =      3253.3367  VOLUME     =    105424.4345
                                                    Density    =         0.9653
 Ewald error estimate:   0.1201E-03
 ------------------------------------------------------------------------------


 NSTEP =     4600   TIME(PS) =      29.200  TEMP(K) =   298.88  PRESS =  -870.9
 Etot   =    -27979.5519  EKtot   =      5938.6311  EPtot      =    -33918.1830
 BOND   =       158.4157  ANGLE   =       350.3468  DIHED      =       503.7519
 1-4 NB =       168.4454  1-4 EEL =      -326.8814  VDWAALS    =      3735.5163
 EELEC  =    -38507.7774  EHBOND  =         0.0000  RESTRAINT  =         0.0000
 EKCMT  =      2710.3309  VIRIAL  =      4688.0486  VOLUME     =    105179.8463
                                                    Density    =         0.9676
 Ewald error estimate:   0.1605E-03
 ------------------------------------------------------------------------------


 NSTEP =     4700   TIME(PS) =      29.400  TEMP(K) =   298.94  PRESS =   -95.7
 Etot   =    -27945.9440  EKtot   =      5940.0133  EPtot      =    -33885.9572
 BOND   =       161.5320  ANGLE   =       344.3044  DIHED      =       515.8226
 1-4 NB =       161.9210  1-4 EEL =      -362.2945  VDWAALS    =      3887.3013
 EELEC  =    -38594.5441  EHBOND  =         0.0000  RESTRAINT  =         0.0000
 EKCMT  =      2681.2811  VIRIAL  =      2898.1520  VOLUME     =    104922.7435
                                                    Density    =         0.9700
 Ewald error estimate:   0.7515E-04
 ------------------------------------------------------------------------------


 NSTEP =     4800   TIME(PS) =      29.600  TEMP(K) =   298.76  PRESS =  -237.6
 Etot   =    -27886.6284  EKtot   =      5936.4058  EPtot      =    -33823.0342
 BOND   =       151.9608  ANGLE   =       349.5444  DIHED      =       499.3069
 1-4 NB =       178.4578  1-4 EEL =      -316.2713  VDWAALS    =      3977.0925
 EELEC  =    -38663.1253  EHBOND  =         0.0000  RESTRAINT  =         0.0000
 EKCMT  =      2682.2799  VIRIAL  =      3219.7094  VOLUME     =    104751.8103
                                                    Density    =         0.9715
 Ewald error estimate:   0.2779E-03
 ------------------------------------------------------------------------------


 NSTEP =     4900   TIME(PS) =      29.800  TEMP(K) =   298.01  PRESS =  -524.6
 Etot   =    -27936.9335  EKtot   =      5921.4857  EPtot      =    -33858.4193
 BOND   =       151.6033  ANGLE   =       342.3537  DIHED      =       523.8839
 1-4 NB =       161.8062  1-4 EEL =      -333.2723  VDWAALS    =      3807.6423
 EELEC  =    -38512.4364  EHBOND  =         0.0000  RESTRAINT  =         0.0000
 EKCMT  =      2695.2291  VIRIAL  =      3880.1386  VOLUME     =    104618.5568
                                                    Density    =         0.9728
 Ewald error estimate:   0.1261E-03
 ------------------------------------------------------------------------------


 NSTEP =     5000   TIME(PS) =      30.000  TEMP(K) =   299.21  PRESS =   -54.8
 Etot   =    -27936.5591  EKtot   =      5945.2006  EPtot      =    -33881.7597
 BOND   =       147.8405  ANGLE   =       351.6701  DIHED      =       496.8115
 1-4 NB =       163.1042  1-4 EEL =      -320.2709  VDWAALS    =      3972.9063
 EELEC  =    -38693.8214  EHBOND  =         0.0000  RESTRAINT  =         0.0000
 EKCMT  =      2705.9331  VIRIAL  =      2829.6106  VOLUME     =    104445.6436
                                                    Density    =         0.9744
 Ewald error estimate:   0.2889E-04
 ------------------------------------------------------------------------------


 NSTEP =     5100   TIME(PS) =      30.200  TEMP(K) =   296.26  PRESS =  -556.0
 Etot   =    -27916.8351  EKtot   =      5886.6590  EPtot      =    -33803.4941
 BOND   =       166.1930  ANGLE   =       336.9066  DIHED      =       506.3399
 1-4 NB =       169.3718  1-4 EEL =      -344.2172  VDWAALS    =      3865.7640
 EELEC  =    -38503.8521  EHBOND  =         0.0000  RESTRAINT  =         0.0000
 EKCMT  =      2710.7803  VIRIAL  =      3963.0138  VOLUME     =    104310.5965
                                                    Density    =         0.9756
 Ewald error estimate:   0.1620E-03
 ------------------------------------------------------------------------------


 NSTEP =     5200   TIME(PS) =      30.400  TEMP(K) =   299.29  PRESS =  -526.4
 Etot   =    -27901.1144  EKtot   =      5946.8350  EPtot      =    -33847.9493
 BOND   =       150.1872  ANGLE   =       356.9176  DIHED      =       500.2135
 1-4 NB =       171.0169  1-4 EEL =      -334.1368  VDWAALS    =      3787.1529
 EELEC  =    -38479.3005  EHBOND  =         0.0000  RESTRAINT  =         0.0000
 EKCMT  =      2750.6603  VIRIAL  =      3934.0820  VOLUME     =    104123.6088
                                                    Density    =         0.9774
 Ewald error estimate:   0.8418E-04
 ------------------------------------------------------------------------------


 NSTEP =     5300   TIME(PS) =      30.600  TEMP(K) =   299.96  PRESS =  -321.6
 Etot   =    -27938.2595  EKtot   =      5960.2448  EPtot      =    -33898.5042
 BOND   =       143.7626  ANGLE   =       346.7056  DIHED      =       504.7044
 1-4 NB =       167.5186  1-4 EEL =      -353.3738  VDWAALS    =      3835.0047
 EELEC  =    -38542.8264  EHBOND  =         0.0000  RESTRAINT  =         0.0000
 EKCMT  =      2767.0776  VIRIAL  =      3487.9662  VOLUME     =    103815.1519
                                                    Density    =         0.9803
 Ewald error estimate:   0.5980E-04
 ------------------------------------------------------------------------------


 NSTEP =     5400   TIME(PS) =      30.800  TEMP(K) =   299.03  PRESS =  -183.5
 Etot   =    -27906.3001  EKtot   =      5941.6063  EPtot      =    -33847.9063
 BOND   =       154.8314  ANGLE   =       354.1039  DIHED      =       508.1916
 1-4 NB =       173.3749  1-4 EEL =      -334.5692  VDWAALS    =      3919.4433
 EELEC  =    -38623.2822  EHBOND  =         0.0000  RESTRAINT  =         0.0000
 EKCMT  =      2750.7015  VIRIAL  =      3161.1528  VOLUME     =    103587.3801
                                                    Density    =         0.9825
 Ewald error estimate:   0.4479E-04
 ------------------------------------------------------------------------------


 NSTEP =     5500   TIME(PS) =      31.000  TEMP(K) =   297.85  PRESS =  -720.7
 Etot   =    -27989.2539  EKtot   =      5918.1770  EPtot      =    -33907.4309
 BOND   =       170.3139  ANGLE   =       351.6935  DIHED      =       506.4235
 1-4 NB =       165.9939  1-4 EEL =      -331.1669  VDWAALS    =      3685.0622
 EELEC  =    -38455.7510  EHBOND  =         0.0000  RESTRAINT  =         0.0000
 EKCMT  =      2710.2243  VIRIAL  =      4318.8779  VOLUME     =    103375.4860
                                                    Density    =         0.9845
 Ewald error estimate:   0.9700E-04
 ------------------------------------------------------------------------------


 NSTEP =     5600   TIME(PS) =      31.200  TEMP(K) =   299.01  PRESS =  -518.0
 Etot   =    -28033.4415  EKtot   =      5941.2998  EPtot      =    -33974.7413
 BOND   =       169.2508  ANGLE   =       347.0839  DIHED      =       497.9162
 1-4 NB =       168.8539  1-4 EEL =      -340.0001  VDWAALS    =      3820.5306
 EELEC  =    -38638.3766  EHBOND  =         0.0000  RESTRAINT  =         0.0000
 EKCMT  =      2753.3638  VIRIAL  =      3906.3091  VOLUME     =    103090.4305
                                                    Density    =         0.9872
 Ewald error estimate:   0.2411E-04
 ------------------------------------------------------------------------------


 NSTEP =     5700   TIME(PS) =      31.400  TEMP(K) =   300.67  PRESS =  -352.7
 Etot   =    -27995.0308  EKtot   =      5974.1972  EPtot      =    -33969.2280
 BOND   =       156.2718  ANGLE   =       347.8102  DIHED      =       507.1596
 1-4 NB =       171.0813  1-4 EEL =      -331.3450  VDWAALS    =      3928.1537
 EELEC  =    -38748.3596  EHBOND  =         0.0000  RESTRAINT  =         0.0000
 EKCMT  =      2771.7605  VIRIAL  =      3554.9414  VOLUME     =    102853.5747
                                                    Density    =         0.9895
 Ewald error estimate:   0.3443E-04
 ------------------------------------------------------------------------------


 NSTEP =     5800   TIME(PS) =      31.600  TEMP(K) =   299.80  PRESS =  -458.6
 Etot   =    -28034.9029  EKtot   =      5957.0473  EPtot      =    -33991.9503
 BOND   =       152.1960  ANGLE   =       343.1057  DIHED      =       498.6744
 1-4 NB =       165.8945  1-4 EEL =      -337.3199  VDWAALS    =      3851.5881
 EELEC  =    -38666.0890  EHBOND  =         0.0000  RESTRAINT  =         0.0000
 EKCMT  =      2731.1492  VIRIAL  =      3747.7663  VOLUME     =    102677.8035
                                                    Density    =         0.9912
 Ewald error estimate:   0.1356E-03
 ------------------------------------------------------------------------------


 NSTEP =     5900   TIME(PS) =      31.800  TEMP(K) =   298.16  PRESS =  -682.0
 Etot   =    -28041.1087  EKtot   =      5924.3489  EPtot      =    -33965.4575
 BOND   =       150.2902  ANGLE   =       352.9083  DIHED      =       498.3746
 1-4 NB =       172.8784  1-4 EEL =      -322.2482  VDWAALS    =      3820.4262
 EELEC  =    -38638.0870  EHBOND  =         0.0000  RESTRAINT  =         0.0000
 EKCMT  =      2738.5480  VIRIAL  =      4248.1371  VOLUME     =    102519.2412
                                                    Density    =         0.9927
 Ewald error estimate:   0.2865E-03
 ------------------------------------------------------------------------------


 NSTEP =     6000   TIME(PS) =      32.000  TEMP(K) =   301.09  PRESS =   152.7
 Etot   =    -28011.2671  EKtot   =      5982.5721  EPtot      =    -33993.8392
 BOND   =       164.0019  ANGLE   =       344.4664  DIHED      =       483.3900
 1-4 NB =       168.0458  1-4 EEL =      -349.9177  VDWAALS    =      3939.7591
 EELEC  =    -38743.5847  EHBOND  =         0.0000  RESTRAINT  =         0.0000
 EKCMT  =      2832.9972  VIRIAL  =      2495.6925  VOLUME     =    102307.6155
                                                    Density    =         0.9947
 Ewald error estimate:   0.8446E-04
 ------------------------------------------------------------------------------


 NSTEP =     6100   TIME(PS) =      32.200  TEMP(K) =   300.96  PRESS =  -732.9
 Etot   =    -28005.2466  EKtot   =      5980.0042  EPtot      =    -33985.2508
 BOND   =       158.0379  ANGLE   =       331.0021  DIHED      =       502.2785
 1-4 NB =       180.3802  1-4 EEL =      -338.5388  VDWAALS    =      3684.5672
 EELEC  =    -38502.9778  EHBOND  =         0.0000  RESTRAINT  =         0.0000
 EKCMT  =      2755.4001  VIRIAL  =      4371.4285  VOLUME     =    102127.1792
                                                    Density    =         0.9965
 Ewald error estimate:   0.1369E-03
 ------------------------------------------------------------------------------


 NSTEP =     6200   TIME(PS) =      32.400  TEMP(K) =   299.65  PRESS =  -143.9
 Etot   =    -28056.9731  EKtot   =      5954.0430  EPtot      =    -34011.0160
 BOND   =       158.8366  ANGLE   =       329.7409  DIHED      =       491.0380
 1-4 NB =       174.4245  1-4 EEL =      -335.3945  VDWAALS    =      4078.6914
 EELEC  =    -38908.3529  EHBOND  =         0.0000  RESTRAINT  =         0.0000
 EKCMT  =      2749.3936  VIRIAL  =      3066.1978  VOLUME     =    101972.6357
                                                    Density    =         0.9980
 Ewald error estimate:   0.1995E-03
 ------------------------------------------------------------------------------


 NSTEP =     6300   TIME(PS) =      32.600  TEMP(K) =   298.67  PRESS =  -453.7
 Etot   =    -28015.9227  EKtot   =      5934.5643  EPtot      =    -33950.4870
 BOND   =       157.7682  ANGLE   =       354.1383  DIHED      =       511.9757
 1-4 NB =       170.6377  1-4 EEL =      -366.7331  VDWAALS    =      3790.7330
 EELEC  =    -38569.0067  EHBOND  =         0.0000  RESTRAINT  =         0.0000
 EKCMT  =      2740.2485  VIRIAL  =      3738.1526  VOLUME     =    101860.1713
                                                    Density    =         0.9991
 Ewald error estimate:   0.4205E-04
 ------------------------------------------------------------------------------


 NSTEP =     6400   TIME(PS) =      32.800  TEMP(K) =   301.95  PRESS =  -185.3
 Etot   =    -27980.1342  EKtot   =      5999.6333  EPtot      =    -33979.7676
 BOND   =       162.9345  ANGLE   =       348.1237  DIHED      =       498.6449
 1-4 NB =       163.8926  1-4 EEL =      -348.8257  VDWAALS    =      3960.1299
 EELEC  =    -38764.6675  EHBOND  =         0.0000  RESTRAINT  =         0.0000
 EKCMT  =      2795.4541  VIRIAL  =      3202.7334  VOLUME     =    101785.9727
                                                    Density    =         0.9998
 Ewald error estimate:   0.8744E-04
 ------------------------------------------------------------------------------


 NSTEP =     6500   TIME(PS) =      33.000  TEMP(K) =   298.38  PRESS =  -579.8
 Etot   =    -27993.8032  EKtot   =      5928.8226  EPtot      =    -33922.6258
 BOND   =       137.8881  ANGLE   =       328.1697  DIHED      =       527.7986
 1-4 NB =       170.3485  1-4 EEL =      -329.9735  VDWAALS    =      3834.7302
 EELEC  =    -38591.5874  EHBOND  =         0.0000  RESTRAINT  =         0.0000
 EKCMT  =      2745.9951  VIRIAL  =      4018.1281  VOLUME     =    101614.7270
                                                    Density    =         1.0015
 Ewald error estimate:   0.8085E-04
 ------------------------------------------------------------------------------


 NSTEP =     6600   TIME(PS) =      33.200  TEMP(K) =   302.20  PRESS =  -596.9
 Etot   =    -28109.9774  EKtot   =      6004.6766  EPtot      =    -34114.6540
 BOND   =       149.8537  ANGLE   =       327.1275  DIHED      =       506.4468
 1-4 NB =       164.8939  1-4 EEL =      -344.2697  VDWAALS    =      3818.7240
 EELEC  =    -38737.4302  EHBOND  =         0.0000  RESTRAINT  =         0.0000
 EKCMT  =      2766.8481  VIRIAL  =      4073.2457  VOLUME     =    101360.8778
                                                    Density    =         1.0040
 Ewald error estimate:   0.6598E-04
 ------------------------------------------------------------------------------


 NSTEP =     6700   TIME(PS) =      33.400  TEMP(K) =   301.56  PRESS =  -600.7
 Etot   =    -28079.4596  EKtot   =      5992.0366  EPtot      =    -34071.4961
 BOND   =       140.7872  ANGLE   =       345.0088  DIHED      =       513.1077
 1-4 NB =       165.9218  1-4 EEL =      -352.5551  VDWAALS    =      3708.2475
 EELEC  =    -38592.0140  EHBOND  =         0.0000  RESTRAINT  =         0.0000
 EKCMT  =      2768.2444  VIRIAL  =      4080.1066  VOLUME     =    101147.0677
                                                    Density    =         1.0062
 Ewald error estimate:   0.3249E-03
 ------------------------------------------------------------------------------


 NSTEP =     6800   TIME(PS) =      33.600  TEMP(K) =   299.47  PRESS =  -242.3
 Etot   =    -28026.4870  EKtot   =      5950.4725  EPtot      =    -33976.9595
 BOND   =       139.0991  ANGLE   =       343.6508  DIHED      =       518.3277
 1-4 NB =       167.3435  1-4 EEL =      -359.5377  VDWAALS    =      3907.0256
 EELEC  =    -38692.8684  EHBOND  =         0.0000  RESTRAINT  =         0.0000
 EKCMT  =      2729.0172  VIRIAL  =      3256.9681  VOLUME     =    100920.5109
                                                    Density    =         1.0084
 Ewald error estimate:   0.6382E-04
 ------------------------------------------------------------------------------


 NSTEP =     6900   TIME(PS) =      33.800  TEMP(K) =   300.44  PRESS =   -86.0
 Etot   =    -28106.7207  EKtot   =      5969.7428  EPtot      =    -34076.4636
 BOND   =       158.6425  ANGLE   =       359.1814  DIHED      =       513.7718
 1-4 NB =       165.8692  1-4 EEL =      -349.8734  VDWAALS    =      3894.8018
 EELEC  =    -38818.8569  EHBOND  =         0.0000  RESTRAINT  =         0.0000
 EKCMT  =      2748.4539  VIRIAL  =      2935.6609  VOLUME     =    100835.0781
                                                    Density    =         1.0093
 Ewald error estimate:   0.1249E-03
 ------------------------------------------------------------------------------


 NSTEP =     7000   TIME(PS) =      34.000  TEMP(K) =   299.43  PRESS =   239.6
 Etot   =    -28068.9212  EKtot   =      5949.7257  EPtot      =    -34018.6469
 BOND   =       138.7047  ANGLE   =       364.1516  DIHED      =       514.9171
 1-4 NB =       173.2701  1-4 EEL =      -333.7024  VDWAALS    =      3978.5047
 EELEC  =    -38854.4926  EHBOND  =         0.0000  RESTRAINT  =         0.0000
 EKCMT  =      2738.3006  VIRIAL  =      2217.2592  VOLUME     =    100700.6100
                                                    Density    =         1.0106
 Ewald error estimate:   0.2063E-03
 ------------------------------------------------------------------------------


 NSTEP =     7100   TIME(PS) =      34.200  TEMP(K) =   299.34  PRESS =   -83.5
 Etot   =    -28072.9820  EKtot   =      5947.8854  EPtot      =    -34020.8674
 BOND   =       164.1138  ANGLE   =       321.3415  DIHED      =       502.2076
 1-4 NB =       162.4798  1-4 EEL =      -315.0308  VDWAALS    =      3906.1493
 EELEC  =    -38762.1286  EHBOND  =         0.0000  RESTRAINT  =         0.0000
 EKCMT  =      2756.3350  VIRIAL  =      2937.7617  VOLUME     =    100658.5398
                                                    Density    =         1.0110
 Ewald error estimate:   0.6014E-04
 ------------------------------------------------------------------------------


 NSTEP =     7200   TIME(PS) =      34.400  TEMP(K) =   301.37  PRESS =  -394.1
 Etot   =    -28053.9240  EKtot   =      5988.1921  EPtot      =    -34042.1162
 BOND   =       155.2820  ANGLE   =       305.9786  DIHED      =       511.1224
 1-4 NB =       173.7305  1-4 EEL =      -326.4073  VDWAALS    =      3867.9270
 EELEC  =    -38729.7493  EHBOND  =         0.0000  RESTRAINT  =         0.0000
 EKCMT  =      2756.0745  VIRIAL  =      3611.6709  VOLUME     =    100547.8194
                                                    Density    =         1.0122
 Ewald error estimate:   0.5054E-04
 ------------------------------------------------------------------------------


 NSTEP =     7300   TIME(PS) =      34.600  TEMP(K) =   298.53  PRESS =    -2.1
 Etot   =    -27932.8895  EKtot   =      5931.8366  EPtot      =    -33864.7261
 BOND   =       146.0462  ANGLE   =       346.3478  DIHED      =       508.7779
 1-4 NB =       172.5356  1-4 EEL =      -332.1029  VDWAALS    =      3907.1479
 EELEC  =    -38613.4786  EHBOND  =         0.0000  RESTRAINT  =         0.0000
 EKCMT  =      2772.1173  VIRIAL  =      2776.5724  VOLUME     =    100476.6633
                                                    Density    =         1.0129
 Ewald error estimate:   0.2331E-03
 ------------------------------------------------------------------------------


 NSTEP =     7400   TIME(PS) =      34.800  TEMP(K) =   303.43  PRESS =  -451.7
 Etot   =    -27931.1518  EKtot   =      6029.1930  EPtot      =    -33960.3448
 BOND   =       160.7227  ANGLE   =       336.4040  DIHED      =       513.8780
 1-4 NB =       166.3009  1-4 EEL =      -360.2026  VDWAALS    =      3751.7354
 EELEC  =    -38529.1833  EHBOND  =         0.0000  RESTRAINT  =         0.0000
 EKCMT  =      2795.3238  VIRIAL  =      3774.0361  VOLUME     =    100349.4974
                                                    Density    =         1.0142
 Ewald error estimate:   0.1839E-03
 ------------------------------------------------------------------------------


 NSTEP =     7500   TIME(PS) =      35.000  TEMP(K) =   298.79  PRESS =  -368.7
 Etot   =    -28012.2723  EKtot   =      5936.8994  EPtot      =    -33949.1716
 BOND   =       147.4757  ANGLE   =       364.1996  DIHED      =       511.9418
 1-4 NB =       177.3792  1-4 EEL =      -380.4912  VDWAALS    =      3821.9341
 EELEC  =    -38591.6109  EHBOND  =         0.0000  RESTRAINT  =         0.0000
 EKCMT  =      2750.3728  VIRIAL  =      3547.9587  VOLUME     =    100196.9858
                                                    Density    =         1.0157
 Ewald error estimate:   0.5635E-04
 ------------------------------------------------------------------------------


 NSTEP =     7600   TIME(PS) =      35.200  TEMP(K) =   306.52  PRESS =  -106.9
 Etot   =    -27976.6520  EKtot   =      6090.5388  EPtot      =    -34067.1908
 BOND   =       166.5082  ANGLE   =       326.2060  DIHED      =       500.9598
 1-4 NB =       166.8283  1-4 EEL =      -359.0850  VDWAALS    =      3882.5598
 EELEC  =    -38751.1679  EHBOND  =         0.0000  RESTRAINT  =         0.0000
 EKCMT  =      2806.2695  VIRIAL  =      3037.4397  VOLUME     =    100146.9422
                                                    Density    =         1.0162
 Ewald error estimate:   0.6607E-04
 ------------------------------------------------------------------------------


 NSTEP =     7700   TIME(PS) =      35.400  TEMP(K) =   306.99  PRESS =  -241.8
 Etot   =    -27951.4257  EKtot   =      6099.7802  EPtot      =    -34051.2059
 BOND   =       150.8512  ANGLE   =       348.9747  DIHED      =       504.3523
 1-4 NB =       176.5001  1-4 EEL =      -341.2020  VDWAALS    =      3882.9378
 EELEC  =    -38773.6200  EHBOND  =         0.0000  RESTRAINT  =         0.0000
 EKCMT  =      2799.0325  VIRIAL  =      3321.5873  VOLUME     =    100094.0259
                                                    Density    =         1.0167
 Ewald error estimate:   0.4894E-03
 ------------------------------------------------------------------------------


 NSTEP =     7800   TIME(PS) =      35.600  TEMP(K) =   299.99  PRESS =  -397.4
 Etot   =    -28038.9115  EKtot   =      5960.8667  EPtot      =    -33999.7781
 BOND   =       148.6496  ANGLE   =       350.4872  DIHED      =       515.9051
 1-4 NB =       165.0901  1-4 EEL =      -360.3784  VDWAALS    =      3833.3192
 EELEC  =    -38652.8510  EHBOND  =         0.0000  RESTRAINT  =         0.0000
 EKCMT  =      2717.3884  VIRIAL  =      3574.6086  VOLUME     =     99900.9690
                                                    Density    =         1.0187
 Ewald error estimate:   0.1215E-03
 ------------------------------------------------------------------------------


 NSTEP =     7900   TIME(PS) =      35.800  TEMP(K) =   301.01  PRESS =  -392.6
 Etot   =    -28148.4989  EKtot   =      5981.0933  EPtot      =    -34129.5923
 BOND   =       157.2637  ANGLE   =       332.8923  DIHED      =       511.6773
 1-4 NB =       167.9304  1-4 EEL =      -344.2352  VDWAALS    =      3872.0137
 EELEC  =    -38827.1344  EHBOND  =         0.0000  RESTRAINT  =         0.0000
 EKCMT  =      2757.4191  VIRIAL  =      3602.4179  VOLUME     =     99690.6979
                                                    Density    =         1.0209
 Ewald error estimate:   0.8500E-04
 ------------------------------------------------------------------------------


 NSTEP =     8000   TIME(PS) =      36.000  TEMP(K) =   300.57  PRESS =   215.0
 Etot   =    -28122.0530  EKtot   =      5972.2859  EPtot      =    -34094.3389
 BOND   =       154.9570  ANGLE   =       355.0710  DIHED      =       496.6037
 1-4 NB =       179.3120  1-4 EEL =      -354.3216  VDWAALS    =      4080.0437
 EELEC  =    -39006.0047  EHBOND  =         0.0000  RESTRAINT  =         0.0000
 EKCMT  =      2767.4674  VIRIAL  =      2305.0242  VOLUME     =     99610.4213
                                                    Density    =         1.0217
 Ewald error estimate:   0.1454E-03
 ------------------------------------------------------------------------------


 NSTEP =     8100   TIME(PS) =      36.200  TEMP(K) =   305.45  PRESS =  -215.1
 Etot   =    -28138.8569  EKtot   =      6069.2591  EPtot      =    -34208.1160
 BOND   =       146.5703  ANGLE   =       361.1251  DIHED      =       493.6027
 1-4 NB =       164.0182  1-4 EEL =      -347.4836  VDWAALS    =      3975.2718
 EELEC  =    -39001.2204  EHBOND  =         0.0000  RESTRAINT  =         0.0000
 EKCMT  =      2798.8757  VIRIAL  =      3261.4278  VOLUME     =     99594.2883
                                                    Density    =         1.0218
 Ewald error estimate:   0.9290E-04
 ------------------------------------------------------------------------------


 NSTEP =     8200   TIME(PS) =      36.400  TEMP(K) =   299.94  PRESS =  -680.0
 Etot   =    -28129.3959  EKtot   =      5959.7327  EPtot      =    -34089.1287
 BOND   =       169.3201  ANGLE   =       354.3253  DIHED      =       502.4947
 1-4 NB =       160.4127  1-4 EEL =      -357.9487  VDWAALS    =      3720.6666
 EELEC  =    -38638.3993  EHBOND  =         0.0000  RESTRAINT  =         0.0000
 EKCMT  =      2813.6233  VIRIAL  =      4275.6302  VOLUME     =     99574.2427
                                                    Density    =         1.0221
 Ewald error estimate:   0.3649E-04
 ------------------------------------------------------------------------------


 NSTEP =     8300   TIME(PS) =      36.600  TEMP(K) =   299.19  PRESS =   -32.6
 Etot   =    -28065.0919  EKtot   =      5944.8747  EPtot      =    -34009.9666
 BOND   =       153.6993  ANGLE   =       367.0203  DIHED      =       513.1087
 1-4 NB =       168.8744  1-4 EEL =      -341.9731  VDWAALS    =      3879.0130
 EELEC  =    -38749.7093  EHBOND  =         0.0000  RESTRAINT  =         0.0000
 EKCMT  =      2712.4109  VIRIAL  =      2782.3903  VOLUME     =     99455.7206
                                                    Density    =         1.0233
 Ewald error estimate:   0.6299E-04
 ------------------------------------------------------------------------------


 NSTEP =     8400   TIME(PS) =      36.800  TEMP(K) =   299.37  PRESS =    19.0
 Etot   =    -28087.5393  EKtot   =      5948.3847  EPtot      =    -34035.9240
 BOND   =       163.0343  ANGLE   =       371.4938  DIHED      =       505.2598
 1-4 NB =       170.8211  1-4 EEL =      -349.0727  VDWAALS    =      3868.5718
 EELEC  =    -38766.0320  EHBOND  =         0.0000  RESTRAINT  =         0.0000
 EKCMT  =      2713.7035  VIRIAL  =      2672.8408  VOLUME     =     99376.4385
                                                    Density    =         1.0241
 Ewald error estimate:   0.2301E-03
 ------------------------------------------------------------------------------


 NSTEP =     8500   TIME(PS) =      37.000  TEMP(K) =   300.79  PRESS =  -187.7
 Etot   =    -28134.5511  EKtot   =      5976.7390  EPtot      =    -34111.2901
 BOND   =       152.8880  ANGLE   =       361.4887  DIHED      =       504.5670
 1-4 NB =       178.1696  1-4 EEL =      -370.6672  VDWAALS    =      3752.6681
 EELEC  =    -38690.4043  EHBOND  =         0.0000  RESTRAINT  =         0.0000
 EKCMT  =      2715.1813  VIRIAL  =      3117.7705  VOLUME     =     99319.4588
                                                    Density    =         1.0247
 Ewald error estimate:   0.2274E-04
 ------------------------------------------------------------------------------


 NSTEP =     8600   TIME(PS) =      37.200  TEMP(K) =   299.78  PRESS =   -76.5
 Etot   =    -28151.1429  EKtot   =      5956.5727  EPtot      =    -34107.7156
 BOND   =       166.6549  ANGLE   =       365.6283  DIHED      =       488.3537
 1-4 NB =       173.2815  1-4 EEL =      -352.0639  VDWAALS    =      3850.5287
 EELEC  =    -38800.0987  EHBOND  =         0.0000  RESTRAINT  =         0.0000
 EKCMT  =      2795.2330  VIRIAL  =      2959.1855  VOLUME     =     99210.0595
                                                    Density    =         1.0258
 Ewald error estimate:   0.1475E-03
 ------------------------------------------------------------------------------


 NSTEP =     8700   TIME(PS) =      37.400  TEMP(K) =   302.87  PRESS =  -552.5
 Etot   =    -28099.2133  EKtot   =      6018.0303  EPtot      =    -34117.2436
 BOND   =       160.5304  ANGLE   =       355.1432  DIHED      =       509.6521
 1-4 NB =       174.2207  1-4 EEL =      -358.5954  VDWAALS    =      3856.1874
 EELEC  =    -38814.3819  EHBOND  =         0.0000  RESTRAINT  =         0.0000
 EKCMT  =      2792.9564  VIRIAL  =      3975.8534  VOLUME     =     99165.0454
                                                    Density    =         1.0263
 Ewald error estimate:   0.1616E-04
 ------------------------------------------------------------------------------


 NSTEP =     8800   TIME(PS) =      37.600  TEMP(K) =   302.00  PRESS =  -647.0
 Etot   =    -28205.4474  EKtot   =      6000.7601  EPtot      =    -34206.2076
 BOND   =       170.0131  ANGLE   =       366.0545  DIHED      =       496.1272
 1-4 NB =       162.0761  1-4 EEL =      -346.4634  VDWAALS    =      3847.6680
 EELEC  =    -38901.6830  EHBOND  =         0.0000  RESTRAINT  =         0.0000
 EKCMT  =      2731.1250  VIRIAL  =      4115.0375  VOLUME     =     99064.6314
                                                    Density    =         1.0273
 Ewald error estimate:   0.4141E-04
 ------------------------------------------------------------------------------


 NSTEP =     8900   TIME(PS) =      37.800  TEMP(K) =   297.67  PRESS =  -203.8
 Etot   =    -28214.7098  EKtot   =      5914.6805  EPtot      =    -34129.3903
 BOND   =       153.3331  ANGLE   =       354.0158  DIHED      =       503.6266
 1-4 NB =       169.9252  1-4 EEL =      -313.7636  VDWAALS    =      3876.2134
 EELEC  =    -38872.7409  EHBOND  =         0.0000  RESTRAINT  =         0.0000
 EKCMT  =      2689.6040  VIRIAL  =      3124.8376  VOLUME     =     98924.8399
                                                    Density    =         1.0288
 Ewald error estimate:   0.1223E-03
 ------------------------------------------------------------------------------


 NSTEP =     9000   TIME(PS) =      38.000  TEMP(K) =   298.64  PRESS =  -149.1
 Etot   =    -28225.0341  EKtot   =      5933.8977  EPtot      =    -34158.9318
 BOND   =       165.0327  ANGLE   =       346.0274  DIHED      =       509.6539
 1-4 NB =       170.9319  1-4 EEL =      -357.4960  VDWAALS    =      3855.6840
 EELEC  =    -38848.7658  EHBOND  =         0.0000  RESTRAINT  =         0.0000
 EKCMT  =      2720.4428  VIRIAL  =      3038.7274  VOLUME     =     98846.8809
                                                    Density    =         1.0296
 Ewald error estimate:   0.1952E-04
 ------------------------------------------------------------------------------


 NSTEP =     9100   TIME(PS) =      38.200  TEMP(K) =   297.93  PRESS =  -304.1
 Etot   =    -28309.7894  EKtot   =      5919.7580  EPtot      =    -34229.5473
 BOND   =       121.5417  ANGLE   =       362.2212  DIHED      =       508.8045
 1-4 NB =       177.4083  1-4 EEL =      -319.2752  VDWAALS    =      3843.8714
 EELEC  =    -38924.1193  EHBOND  =         0.0000  RESTRAINT  =         0.0000
 EKCMT  =      2679.0666  VIRIAL  =      3327.5455  VOLUME     =     98776.8746
                                                    Density    =         1.0303
 Ewald error estimate:   0.1578E-03
 ------------------------------------------------------------------------------


 NSTEP =     9200   TIME(PS) =      38.400  TEMP(K) =   298.83  PRESS =  -179.7
 Etot   =    -28251.1314  EKtot   =      5937.6884  EPtot      =    -34188.8199
 BOND   =       162.9551  ANGLE   =       375.1354  DIHED      =       502.9385
 1-4 NB =       162.9917  1-4 EEL =      -346.3464  VDWAALS    =      3899.3226
 EELEC  =    -38945.8168  EHBOND  =         0.0000  RESTRAINT  =         0.0000
 EKCMT  =      2748.6699  VIRIAL  =      3131.2149  VOLUME     =     98578.5624
                                                    Density    =         1.0324
 Ewald error estimate:   0.1177E-03
 ------------------------------------------------------------------------------


 NSTEP =     9300   TIME(PS) =      38.600  TEMP(K) =   297.44  PRESS =    67.5
 Etot   =    -28260.9994  EKtot   =      5910.0988  EPtot      =    -34171.0983
 BOND   =       154.0608  ANGLE   =       348.8302  DIHED      =       504.4082
 1-4 NB =       165.3097  1-4 EEL =      -342.8532  VDWAALS    =      3967.7877
 EELEC  =    -38968.6417  EHBOND  =         0.0000  RESTRAINT  =         0.0000
 EKCMT  =      2688.0601  VIRIAL  =      2544.4807  VOLUME     =     98458.6248
                                                    Density    =         1.0336
 Ewald error estimate:   0.9222E-04
 ------------------------------------------------------------------------------


 NSTEP =     9400   TIME(PS) =      38.800  TEMP(K) =   301.59  PRESS =  -173.6
 Etot   =    -28269.0717  EKtot   =      5992.5301  EPtot      =    -34261.6019
 BOND   =       160.8593  ANGLE   =       364.7022  DIHED      =       504.2302
 1-4 NB =       168.0396  1-4 EEL =      -342.3559  VDWAALS    =      3947.8403
 EELEC  =    -39064.9176  EHBOND  =         0.0000  RESTRAINT  =         0.0000
 EKCMT  =      2728.2382  VIRIAL  =      3097.2086  VOLUME     =     98459.8652
                                                    Density    =         1.0336
 Ewald error estimate:   0.5174E-04
 ------------------------------------------------------------------------------


 NSTEP =     9500   TIME(PS) =      39.000  TEMP(K) =   302.67  PRESS =    18.2
 Etot   =    -28267.2108  EKtot   =      6013.9612  EPtot      =    -34281.1720
 BOND   =       152.6931  ANGLE   =       335.1470  DIHED      =       506.1520
 1-4 NB =       166.5845  1-4 EEL =      -336.8047  VDWAALS    =      3983.0712
 EELEC  =    -39088.0151  EHBOND  =         0.0000  RESTRAINT  =         0.0000
 EKCMT  =      2842.0428  VIRIAL  =      2803.3537  VOLUME     =     98433.2016
                                                    Density    =         1.0339
 Ewald error estimate:   0.6353E-04
 ------------------------------------------------------------------------------


 NSTEP =     9600   TIME(PS) =      39.200  TEMP(K) =   304.01  PRESS =  -464.4
 Etot   =    -28289.7755  EKtot   =      6040.6293  EPtot      =    -34330.4048
 BOND   =       143.3991  ANGLE   =       359.1448  DIHED      =       520.1468
 1-4 NB =       165.1149  1-4 EEL =      -365.8848  VDWAALS    =      3852.5865
 EELEC  =    -39004.9120  EHBOND  =         0.0000  RESTRAINT  =         0.0000
 EKCMT  =      2781.5664  VIRIAL  =      3769.7106  VOLUME     =     98541.1659
                                                    Density    =         1.0328
 Ewald error estimate:   0.3261E-03
 ------------------------------------------------------------------------------


 NSTEP =     9700   TIME(PS) =      39.400  TEMP(K) =   299.86  PRESS =  -147.3
 Etot   =    -28320.2000  EKtot   =      5958.1041  EPtot      =    -34278.3041
 BOND   =       167.8757  ANGLE   =       356.9210  DIHED      =       516.9853
 1-4 NB =       165.9588  1-4 EEL =      -356.3870  VDWAALS    =      3961.0424
 EELEC  =    -39090.7003  EHBOND  =         0.0000  RESTRAINT  =         0.0000
 EKCMT  =      2752.1363  VIRIAL  =      3065.0761  VOLUME     =     98414.0683
                                                    Density    =         1.0341
 Ewald error estimate:   0.2055E-04
 ------------------------------------------------------------------------------


 NSTEP =     9800   TIME(PS) =      39.600  TEMP(K) =   297.60  PRESS =   267.9
 Etot   =    -28378.9038  EKtot   =      5913.2658  EPtot      =    -34292.1695
 BOND   =       148.3218  ANGLE   =       350.6336  DIHED      =       514.7530
 1-4 NB =       174.9839  1-4 EEL =      -352.8416  VDWAALS    =      4049.5538
 EELEC  =    -39177.5741  EHBOND  =         0.0000  RESTRAINT  =         0.0000
 EKCMT  =      2709.0436  VIRIAL  =      2140.1879  VOLUME     =     98341.5537
                                                    Density    =         1.0349
 Ewald error estimate:   0.1082E-03
 ------------------------------------------------------------------------------


 NSTEP =     9900   TIME(PS) =      39.800  TEMP(K) =   299.72  PRESS =  -181.3
 Etot   =    -28375.2925  EKtot   =      5955.3905  EPtot      =    -34330.6830
 BOND   =       154.6487  ANGLE   =       347.4038  DIHED      =       504.8760
 1-4 NB =       168.3936  1-4 EEL =      -336.8663  VDWAALS    =      3946.5909
 EELEC  =    -39115.7298  EHBOND  =         0.0000  RESTRAINT  =         0.0000
 EKCMT  =      2748.0725  VIRIAL  =      3133.0143  VOLUME     =     98352.1175
                                                    Density    =         1.0348
 Ewald error estimate:   0.3729E-04
 ------------------------------------------------------------------------------


 NSTEP =    10000   TIME(PS) =      40.000  TEMP(K) =   300.82  PRESS =   -75.9
 Etot   =    -28338.0354  EKtot   =      5977.2169  EPtot      =    -34315.2524
 BOND   =       159.2631  ANGLE   =       348.0512  DIHED      =       498.7914
 1-4 NB =       167.0156  1-4 EEL =      -384.9013  VDWAALS    =      3925.7641
 EELEC  =    -39029.2364  EHBOND  =         0.0000  RESTRAINT  =         0.0000
 EKCMT  =      2815.9181  VIRIAL  =      2977.0226  VOLUME     =     98274.6039
                                                    Density    =         1.0356
 Ewald error estimate:   0.1110E-03
 ------------------------------------------------------------------------------


 NSTEP =    10100   TIME(PS) =      40.200  TEMP(K) =   300.62  PRESS =  -293.4
 Etot   =    -28297.3020  EKtot   =      5973.2532  EPtot      =    -34270.5551
 BOND   =       131.9608  ANGLE   =       326.0916  DIHED      =       498.1346
 1-4 NB =       163.4648  1-4 EEL =      -351.6217  VDWAALS    =      4000.2250
 EELEC  =    -39038.8102  EHBOND  =         0.0000  RESTRAINT  =         0.0000
 EKCMT  =      2731.4355  VIRIAL  =      3353.6644  VOLUME     =     98226.1715
                                                    Density    =         1.0361
 Ewald error estimate:   0.5576E-04
 ------------------------------------------------------------------------------


 NSTEP =    10200   TIME(PS) =      40.400  TEMP(K) =   297.50  PRESS =  -345.7
 Etot   =    -28324.3332  EKtot   =      5911.3060  EPtot      =    -34235.6391
 BOND   =       157.7863  ANGLE   =       350.2906  DIHED      =       503.0104
 1-4 NB =       174.3248  1-4 EEL =      -356.2667  VDWAALS    =      3840.7866
 EELEC  =    -38905.5712  EHBOND  =         0.0000  RESTRAINT  =         0.0000
 EKCMT  =      2717.8959  VIRIAL  =      3450.3568  VOLUME     =     98141.8905
                                                    Density    =         1.0370
 Ewald error estimate:   0.7065E-04
 ------------------------------------------------------------------------------


 NSTEP =    10300   TIME(PS) =      40.600  TEMP(K) =   300.16  PRESS =    36.1
 Etot   =    -28314.2481  EKtot   =      5964.1225  EPtot      =    -34278.3705
 BOND   =       143.1627  ANGLE   =       355.1883  DIHED      =       500.1984
 1-4 NB =       168.2677  1-4 EEL =      -353.0203  VDWAALS    =      3919.4441
 EELEC  =    -39011.6115  EHBOND  =         0.0000  RESTRAINT  =         0.0000
 EKCMT  =      2784.1855  VIRIAL  =      2707.6498  VOLUME     =     98169.0673
                                                    Density    =         1.0367
 Ewald error estimate:   0.2391E-03
 ------------------------------------------------------------------------------


 NSTEP =    10400   TIME(PS) =      40.800  TEMP(K) =   297.60  PRESS =   312.6
 Etot   =    -28425.5449  EKtot   =      5913.3591  EPtot      =    -34338.9040
 BOND   =       135.8523  ANGLE   =       348.6124  DIHED      =       496.4545
 1-4 NB =       167.7156  1-4 EEL =      -337.8752  VDWAALS    =      4092.4525
 EELEC  =    -39242.1161  EHBOND  =         0.0000  RESTRAINT  =         0.0000
 EKCMT  =      2727.0697  VIRIAL  =      2064.6508  VOLUME     =     98148.7184
                                                    Density    =         1.0369
 Ewald error estimate:   0.6667E-04
 ------------------------------------------------------------------------------


 NSTEP =    10500   TIME(PS) =      41.000  TEMP(K) =   300.92  PRESS =    15.1
 Etot   =    -28335.4887  EKtot   =      5979.2193  EPtot      =    -34314.7080
 BOND   =       149.6375  ANGLE   =       352.6754  DIHED      =       508.3831
 1-4 NB =       156.6993  1-4 EEL =      -361.1861  VDWAALS    =      3986.5780
 EELEC  =    -39107.4951  EHBOND  =         0.0000  RESTRAINT  =         0.0000
 EKCMT  =      2774.9952  VIRIAL  =      2743.0360  VOLUME     =     98157.6176
                                                    Density    =         1.0368
 Ewald error estimate:   0.1263E-04
 ------------------------------------------------------------------------------


 NSTEP =    10600   TIME(PS) =      41.200  TEMP(K) =   295.20  PRESS =    52.3
 Etot   =    -28387.4897  EKtot   =      5865.6750  EPtot      =    -34253.1648
 BOND   =       166.6657  ANGLE   =       342.5869  DIHED      =       505.1342
 1-4 NB =       160.7945  1-4 EEL =      -336.2854  VDWAALS    =      3808.5024
 EELEC  =    -38900.5630  EHBOND  =         0.0000  RESTRAINT  =         0.0000
 EKCMT  =      2767.7354  VIRIAL  =      2656.9920  VOLUME     =     98103.2111
                                                    Density    =         1.0374
 Ewald error estimate:   0.6582E-04
 ------------------------------------------------------------------------------


 NSTEP =    10700   TIME(PS) =      41.400  TEMP(K) =   302.82  PRESS =  -377.1
 Etot   =    -28402.2911  EKtot   =      6016.9244  EPtot      =    -34419.2156
 BOND   =       148.8962  ANGLE   =       354.0663  DIHED      =       502.5477
 1-4 NB =       165.8001  1-4 EEL =      -360.9354  VDWAALS    =      3931.2199
 EELEC  =    -39160.8104  EHBOND  =         0.0000  RESTRAINT  =         0.0000
 EKCMT  =      2774.6657  VIRIAL  =      3573.4357  VOLUME     =     98091.5445
                                                    Density    =         1.0375
 Ewald error estimate:   0.4889E-04
 ------------------------------------------------------------------------------


 NSTEP =    10800   TIME(PS) =      41.600  TEMP(K) =   295.01  PRESS =  -373.3
 Etot   =    -28417.4194  EKtot   =      5861.7478  EPtot      =    -34279.1672
 BOND   =       136.5734  ANGLE   =       328.4538  DIHED      =       490.0422
 1-4 NB =       171.4186  1-4 EEL =      -325.8663  VDWAALS    =      3818.5664
 EELEC  =    -38898.3553  EHBOND  =         0.0000  RESTRAINT  =         0.0000
 EKCMT  =      2744.0967  VIRIAL  =      3533.8704  VOLUME     =     97977.5183
                                                    Density    =         1.0387
 Ewald error estimate:   0.3695E-04
 ------------------------------------------------------------------------------


 NSTEP =    10900   TIME(PS) =      41.800  TEMP(K) =   297.39  PRESS =   363.6
 Etot   =    -28390.4436  EKtot   =      5909.0658  EPtot      =    -34299.5094
 BOND   =       142.1493  ANGLE   =       340.0805  DIHED      =       505.7772
 1-4 NB =       170.2419  1-4 EEL =      -351.0385  VDWAALS    =      4010.8695
 EELEC  =    -39117.5893  EHBOND  =         0.0000  RESTRAINT  =         0.0000
 EKCMT  =      2749.7465  VIRIAL  =      1980.6041  VOLUME     =     97983.7264
                                                    Density    =         1.0386
 Ewald error estimate:   0.1165E-03
 ------------------------------------------------------------------------------


 NSTEP =    11000   TIME(PS) =      42.000  TEMP(K) =   299.08  PRESS =  -123.5
 Etot   =    -28377.3412  EKtot   =      5942.7350  EPtot      =    -34320.0761
 BOND   =       169.5654  ANGLE   =       323.9136  DIHED      =       509.0064
 1-4 NB =       168.4178  1-4 EEL =      -352.0811  VDWAALS    =      3933.6144
 EELEC  =    -39072.5126  EHBOND  =         0.0000  RESTRAINT  =         0.0000
 EKCMT  =      2740.3753  VIRIAL  =      3001.7538  VOLUME     =     98004.0831
                                                    Density    =         1.0384
 Ewald error estimate:   0.8797E-04
 ------------------------------------------------------------------------------


 NSTEP =    11100   TIME(PS) =      42.200  TEMP(K) =   295.93  PRESS =  -289.2
 Etot   =    -28398.9515  EKtot   =      5880.0702  EPtot      =    -34279.0217
 BOND   =       157.0667  ANGLE   =       330.3523  DIHED      =       505.7024
 1-4 NB =       173.7797  1-4 EEL =      -336.4241  VDWAALS    =      3850.6284
 EELEC  =    -38960.1272  EHBOND  =         0.0000  RESTRAINT  =         0.0000
 EKCMT  =      2712.3804  VIRIAL  =      3324.3881  VOLUME     =     98021.7895
                                                    Density    =         1.0382
 Ewald error estimate:   0.1353E-03
 ------------------------------------------------------------------------------


 NSTEP =    11200   TIME(PS) =      42.400  TEMP(K) =   299.68  PRESS =    14.7
 Etot   =    -28373.7703  EKtot   =      5954.5309  EPtot      =    -34328.3012
 BOND   =       159.3374  ANGLE   =       327.1687  DIHED      =       507.1377
 1-4 NB =       166.8299  1-4 EEL =      -338.6453  VDWAALS    =      3945.1418
 EELEC  =    -39095.2715  EHBOND  =         0.0000  RESTRAINT  =         0.0000
 EKCMT  =      2750.8212  VIRIAL  =      2719.6482  VOLUME     =     98024.2013
                                                    Density    =         1.0382
 Ewald error estimate:   0.7271E-05
 ------------------------------------------------------------------------------


 NSTEP =    11300   TIME(PS) =      42.600  TEMP(K) =   296.67  PRESS =    84.0
 Etot   =    -28437.9996  EKtot   =      5894.8154  EPtot      =    -34332.8150
 BOND   =       147.8290  ANGLE   =       341.5196  DIHED      =       506.5907
 1-4 NB =       173.8598  1-4 EEL =      -344.6484  VDWAALS    =      3965.3740
 EELEC  =    -39123.3396  EHBOND  =         0.0000  RESTRAINT  =         0.0000
 EKCMT  =      2739.1986  VIRIAL  =      2561.5948  VOLUME     =     97973.1497
                                                    Density    =         1.0388
 Ewald error estimate:   0.2665E-03
 ------------------------------------------------------------------------------


 NSTEP =    11400   TIME(PS) =      42.800  TEMP(K) =   296.79  PRESS =  -100.8
 Etot   =    -28440.6132  EKtot   =      5897.1895  EPtot      =    -34337.8026
 BOND   =       150.0740  ANGLE   =       330.3993  DIHED      =       515.1140
 1-4 NB =       172.8952  1-4 EEL =      -321.9500  VDWAALS    =      3895.8735
 EELEC  =    -39080.2086  EHBOND  =         0.0000  RESTRAINT  =         0.0000
 EKCMT  =      2743.6872  VIRIAL  =      2957.0661  VOLUME     =     98021.5882
                                                    Density    =         1.0382
 Ewald error estimate:   0.3119E-03
 ------------------------------------------------------------------------------


 NSTEP =    11500   TIME(PS) =      43.000  TEMP(K) =   294.71  PRESS =   423.2
 Etot   =    -28495.6390  EKtot   =      5855.8348  EPtot      =    -34351.4738
 BOND   =       137.2389  ANGLE   =       344.8175  DIHED      =       516.0058
 1-4 NB =       165.1872  1-4 EEL =      -350.7635  VDWAALS    =      4084.2750
 EELEC  =    -39248.2347  EHBOND  =         0.0000  RESTRAINT  =         0.0000
 EKCMT  =      2703.7982  VIRIAL  =      1808.4247  VOLUME     =     97991.3992
                                                    Density    =         1.0386
 Ewald error estimate:   0.1745E-03
 ------------------------------------------------------------------------------


 NSTEP =    11600   TIME(PS) =      43.200  TEMP(K) =   294.49  PRESS =  -219.8
 Etot   =    -28543.1762  EKtot   =      5851.5131  EPtot      =    -34394.6892
 BOND   =       152.3824  ANGLE   =       352.6536  DIHED      =       506.1529
 1-4 NB =       167.3859  1-4 EEL =      -367.8392  VDWAALS    =      3996.9390
 EELEC  =    -39202.3639  EHBOND  =         0.0000  RESTRAINT  =         0.0000
 EKCMT  =      2701.8800  VIRIAL  =      3167.0085  VOLUME     =     98020.1848
                                                    Density    =         1.0383
 Ewald error estimate:   0.2452E-03
 ------------------------------------------------------------------------------


 NSTEP =    11700   TIME(PS) =      43.400  TEMP(K) =   297.72  PRESS =  -107.4
 Etot   =    -28463.3812  EKtot   =      5915.5927  EPtot      =    -34378.9739
 BOND   =       136.0168  ANGLE   =       344.8542  DIHED      =       509.5206
 1-4 NB =       176.5662  1-4 EEL =      -340.1314  VDWAALS    =      3943.1237
 EELEC  =    -39148.9241  EHBOND  =         0.0000  RESTRAINT  =         0.0000
 EKCMT  =      2752.1543  VIRIAL  =      2979.5043  VOLUME     =     98020.3383
                                                    Density    =         1.0383
 Ewald error estimate:   0.2708E-04
 ------------------------------------------------------------------------------


 NSTEP =    11800   TIME(PS) =      43.600  TEMP(K) =   295.79  PRESS =  -165.7
 Etot   =    -28467.8898  EKtot   =      5877.4014  EPtot      =    -34345.2912
 BOND   =       141.6909  ANGLE   =       318.7127  DIHED      =       512.2184
 1-4 NB =       164.5404  1-4 EEL =      -335.3216  VDWAALS    =      3966.9109
 EELEC  =    -39114.0429  EHBOND  =         0.0000  RESTRAINT  =         0.0000
 EKCMT  =      2703.1280  VIRIAL  =      3053.7871  VOLUME     =     97984.2896
                                                    Density    =         1.0386
 Ewald error estimate:   0.1691E-03
 ------------------------------------------------------------------------------


 NSTEP =    11900   TIME(PS) =      43.800  TEMP(K) =   296.70  PRESS =   100.9
 Etot   =    -28377.7198  EKtot   =      5895.3511  EPtot      =    -34273.0709
 BOND   =       145.9486  ANGLE   =       347.3490  DIHED      =       520.7309
 1-4 NB =       167.9210  1-4 EEL =      -354.5902  VDWAALS    =      3983.2507
 EELEC  =    -39083.6808  EHBOND  =         0.0000  RESTRAINT  =         0.0000
 EKCMT  =      2742.6991  VIRIAL  =      2529.2972  VOLUME     =     97995.7086
                                                    Density    =         1.0385
 Ewald error estimate:   0.2137E-03
 ------------------------------------------------------------------------------


 NSTEP =    12000   TIME(PS) =      44.000  TEMP(K) =   292.90  PRESS =    31.3
 Etot   =    -28435.0475  EKtot   =      5819.9044  EPtot      =    -34254.9519
 BOND   =       145.9053  ANGLE   =       357.2191  DIHED      =       502.0035
 1-4 NB =       165.4269  1-4 EEL =      -342.9153  VDWAALS    =      3951.1700
 EELEC  =    -39033.7613  EHBOND  =         0.0000  RESTRAINT  =         0.0000
 EKCMT  =      2706.9515  VIRIAL  =      2640.8765  VOLUME     =     97913.0875
                                                    Density    =         1.0394
 Ewald error estimate:   0.3376E-03
 ------------------------------------------------------------------------------


 NSTEP =    12100   TIME(PS) =      44.200  TEMP(K) =   297.46  PRESS =    82.8
 Etot   =    -28334.4016  EKtot   =      5910.5193  EPtot      =    -34244.9210
 BOND   =       155.0026  ANGLE   =       346.7246  DIHED      =       510.5924
 1-4 NB =       169.8367  1-4 EEL =      -358.4892  VDWAALS    =      3954.3191
 EELEC  =    -39022.9071  EHBOND  =         0.0000  RESTRAINT  =         0.0000
 EKCMT  =      2720.9959  VIRIAL  =      2546.0344  VOLUME     =     97917.2597
                                                    Density    =         1.0393
 Ewald error estimate:   0.1096E-05
 ------------------------------------------------------------------------------


 NSTEP =    12200   TIME(PS) =      44.400  TEMP(K) =   299.32  PRESS =   290.2
 Etot   =    -28362.8770  EKtot   =      5947.4271  EPtot      =    -34310.3041
 BOND   =       168.0212  ANGLE   =       352.1007  DIHED      =       508.9829
 1-4 NB =       163.0012  1-4 EEL =      -355.8685  VDWAALS    =      4023.4268
 EELEC  =    -39169.9682  EHBOND  =         0.0000  RESTRAINT  =         0.0000
 EKCMT  =      2756.6073  VIRIAL  =      2142.9511  VOLUME     =     97948.6668
                                                    Density    =         1.0390
 Ewald error estimate:   0.9866E-04
 ------------------------------------------------------------------------------


 NSTEP =    12300   TIME(PS) =      44.600  TEMP(K) =   296.08  PRESS =   403.1
 Etot   =    -28338.7178  EKtot   =      5883.0172  EPtot      =    -34221.7350
 BOND   =       141.1039  ANGLE   =       336.4667  DIHED      =       501.5888
 1-4 NB =       174.0963  1-4 EEL =      -322.8507  VDWAALS    =      4052.9779
 EELEC  =    -39105.1178  EHBOND  =         0.0000  RESTRAINT  =         0.0000
 EKCMT  =      2706.7970  VIRIAL  =      1854.2616  VOLUME     =     97959.2450
                                                    Density    =         1.0389
 Ewald error estimate:   0.9802E-05
 ------------------------------------------------------------------------------


 NSTEP =    12400   TIME(PS) =      44.800  TEMP(K) =   298.70  PRESS =    51.5
 Etot   =    -28343.7383  EKtot   =      5935.1666  EPtot      =    -34278.9049
 BOND   =       146.3660  ANGLE   =       348.7460  DIHED      =       490.0602
 1-4 NB =       175.0063  1-4 EEL =      -318.8555  VDWAALS    =      3947.0543
 EELEC  =    -39067.2823  EHBOND  =         0.0000  RESTRAINT  =         0.0000
 EKCMT  =      2706.2402  VIRIAL  =      2597.3013  VOLUME     =     97996.4649
                                                    Density    =         1.0385
 Ewald error estimate:   0.1684E-03
 ------------------------------------------------------------------------------


 NSTEP =    12500   TIME(PS) =      45.000  TEMP(K) =   299.59  PRESS =   -33.2
 Etot   =    -28395.2118  EKtot   =      5952.8382  EPtot      =    -34348.0500
 BOND   =       162.4756  ANGLE   =       332.9209  DIHED      =       508.8836
 1-4 NB =       162.5678  1-4 EEL =      -333.8421  VDWAALS    =      3929.9166
 EELEC  =    -39110.9723  EHBOND  =         0.0000  RESTRAINT  =         0.0000
 EKCMT  =      2739.9567  VIRIAL  =      2810.0973  VOLUME     =     97991.9256
                                                    Density    =         1.0386
 Ewald error estimate:   0.1280E-03
 ------------------------------------------------------------------------------


 NSTEP =    12600   TIME(PS) =      45.200  TEMP(K) =   297.58  PRESS =   -43.5
 Etot   =    -28446.6847  EKtot   =      5912.8829  EPtot      =    -34359.5676
 BOND   =       165.2229  ANGLE   =       345.9651  DIHED      =       505.4988
 1-4 NB =       159.8940  1-4 EEL =      -337.7029  VDWAALS    =      3919.3592
 EELEC  =    -39117.8046  EHBOND  =         0.0000  RESTRAINT  =         0.0000
 EKCMT  =      2762.2877  VIRIAL  =      2854.2155  VOLUME     =     97918.6027
                                                    Density    =         1.0393
 Ewald error estimate:   0.1400E-04
 ------------------------------------------------------------------------------


 NSTEP =    12700   TIME(PS) =      45.400  TEMP(K) =   295.48  PRESS =  -438.6
 Etot   =    -28536.8639  EKtot   =      5871.2076  EPtot      =    -34408.0716
 BOND   =       135.2058  ANGLE   =       353.8354  DIHED      =       490.3353
 1-4 NB =       171.4844  1-4 EEL =      -337.3164  VDWAALS    =      3844.3602
 EELEC  =    -39065.9763  EHBOND  =         0.0000  RESTRAINT  =         0.0000
 EKCMT  =      2785.6518  VIRIAL  =      3712.6264  VOLUME     =     97883.2246
                                                    Density    =         1.0397
 Ewald error estimate:   0.1030E-03
 ------------------------------------------------------------------------------


 NSTEP =    12800   TIME(PS) =      45.600  TEMP(K) =   297.86  PRESS =  -141.5
 Etot   =    -28508.0248  EKtot   =      5918.5045  EPtot      =    -34426.5293
 BOND   =       158.6326  ANGLE   =       326.2072  DIHED      =       508.2779
 1-4 NB =       173.0373  1-4 EEL =      -353.8658  VDWAALS    =      3990.1925
 EELEC  =    -39229.0110  EHBOND  =         0.0000  RESTRAINT  =         0.0000
 EKCMT  =      2731.3936  VIRIAL  =      3030.2394  VOLUME     =     97798.5758
                                                    Density    =         1.0406
 Ewald error estimate:   0.3770E-04
 ------------------------------------------------------------------------------


 NSTEP =    12900   TIME(PS) =      45.800  TEMP(K) =   300.51  PRESS =  -235.0
 Etot   =    -28491.4852  EKtot   =      5971.1325  EPtot      =    -34462.6177
 BOND   =       135.0215  ANGLE   =       340.7848  DIHED      =       497.5475
 1-4 NB =       173.6766  1-4 EEL =      -335.9690  VDWAALS    =      3946.5632
 EELEC  =    -39220.2423  EHBOND  =         0.0000  RESTRAINT  =         0.0000
 EKCMT  =      2790.7341  VIRIAL  =      3287.3017  VOLUME     =     97848.8837
                                                    Density    =         1.0401
 Ewald error estimate:   0.1418E-03
 ------------------------------------------------------------------------------


 NSTEP =    13000   TIME(PS) =      46.000  TEMP(K) =   298.82  PRESS =    60.6
 Etot   =    -28383.6671  EKtot   =      5937.4558  EPtot      =    -34321.1230
 BOND   =       153.8335  ANGLE   =       346.3548  DIHED      =       509.9269
 1-4 NB =       165.8762  1-4 EEL =      -341.3979  VDWAALS    =      3920.3238
 EELEC  =    -39076.0403  EHBOND  =         0.0000  RESTRAINT  =         0.0000
 EKCMT  =      2759.6275  VIRIAL  =      2631.5333  VOLUME     =     97860.0260
                                                    Density    =         1.0400
 Ewald error estimate:   0.1168E-03
 ------------------------------------------------------------------------------


 NSTEP =    13100   TIME(PS) =      46.200  TEMP(K) =   302.97  PRESS =   312.9
 Etot   =    -28300.2973  EKtot   =      6020.0670  EPtot      =    -34320.3643
 BOND   =       135.6255  ANGLE   =       349.8804  DIHED      =       497.7966
 1-4 NB =       169.7911  1-4 EEL =      -337.5795  VDWAALS    =      4026.8885
 EELEC  =    -39162.7669  EHBOND  =         0.0000  RESTRAINT  =         0.0000
 EKCMT  =      2814.0562  VIRIAL  =      2151.8722  VOLUME     =     98019.3771
                                                    Density    =         1.0383
 Ewald error estimate:   0.1398E-03
 ------------------------------------------------------------------------------


 NSTEP =    13200   TIME(PS) =      46.400  TEMP(K) =   304.41  PRESS =  -123.7
 Etot   =    -28232.3962  EKtot   =      6048.6407  EPtot      =    -34281.0369
 BOND   =       130.0142  ANGLE   =       357.5830  DIHED      =       512.3810
 1-4 NB =       165.9741  1-4 EEL =      -354.6665  VDWAALS    =      3880.1681
 EELEC  =    -38972.4908  EHBOND  =         0.0000  RESTRAINT  =         0.0000
 EKCMT  =      2811.9473  VIRIAL  =      3073.8686  VOLUME     =     98055.0222
                                                    Density    =         1.0379
 Ewald error estimate:   0.1717E-04
 ------------------------------------------------------------------------------


 NSTEP =    13300   TIME(PS) =      46.600  TEMP(K) =   299.73  PRESS =  -286.7
 Etot   =    -28276.5684  EKtot   =      5955.5288  EPtot      =    -34232.0972
 BOND   =       144.8419  ANGLE   =       367.4509  DIHED      =       505.5971
 1-4 NB =       174.7410  1-4 EEL =      -357.4795  VDWAALS    =      3754.7103
 EELEC  =    -38821.9590  EHBOND  =         0.0000  RESTRAINT  =         0.0000
 EKCMT  =      2782.4591  VIRIAL  =      3388.8878  VOLUME     =     97972.1622
                                                    Density    =         1.0388
 Ewald error estimate:   0.4273E-05
 ------------------------------------------------------------------------------


 NSTEP =    13400   TIME(PS) =      46.800  TEMP(K) =   304.59  PRESS =    30.9
 Etot   =    -28268.3418  EKtot   =      6052.2272  EPtot      =    -34320.5690
 BOND   =       140.6039  ANGLE   =       356.7285  DIHED      =       514.2838
 1-4 NB =       158.7684  1-4 EEL =      -365.4546  VDWAALS    =      3850.2046
 EELEC  =    -38975.7037  EHBOND  =         0.0000  RESTRAINT  =         0.0000
 EKCMT  =      2821.0847  VIRIAL  =      2755.7107  VOLUME     =     97900.4226
                                                    Density    =         1.0395
 Ewald error estimate:   0.1285E-03
 ------------------------------------------------------------------------------


 NSTEP =    13500   TIME(PS) =      47.000  TEMP(K) =   304.54  PRESS =   -65.2
 Etot   =    -28288.6116  EKtot   =      6051.0970  EPtot      =    -34339.7087
 BOND   =       157.1581  ANGLE   =       335.7410  DIHED      =       503.8084
 1-4 NB =       169.7327  1-4 EEL =      -363.3424  VDWAALS    =      3882.4155
 EELEC  =    -39025.2219  EHBOND  =         0.0000  RESTRAINT  =         0.0000
 EKCMT  =      2811.7756  VIRIAL  =      2949.4856  VOLUME     =     97885.8075
                                                    Density    =         1.0397
 Ewald error estimate:   0.1186E-03
 ------------------------------------------------------------------------------


 NSTEP =    13600   TIME(PS) =      47.200  TEMP(K) =   297.86  PRESS =    64.4
 Etot   =    -28255.2000  EKtot   =      5918.5137  EPtot      =    -34173.7137
 BOND   =       165.2527  ANGLE   =       333.5273  DIHED      =       511.4519
 1-4 NB =       169.7409  1-4 EEL =      -327.1942  VDWAALS    =      3949.0092
 EELEC  =    -38975.5015  EHBOND  =         0.0000  RESTRAINT  =         0.0000
 EKCMT  =      2734.1021  VIRIAL  =      2597.9353  VOLUME     =     97960.4041
                                                    Density    =         1.0389
 Ewald error estimate:   0.7871E-04
 ------------------------------------------------------------------------------


 NSTEP =    13700   TIME(PS) =      47.400  TEMP(K) =   297.87  PRESS =  -202.1
 Etot   =    -28289.7054  EKtot   =      5918.5962  EPtot      =    -34208.3016
 BOND   =       154.9178  ANGLE   =       341.7118  DIHED      =       504.2868
 1-4 NB =       171.0826  1-4 EEL =      -328.4338  VDWAALS    =      3848.8834
 EELEC  =    -38900.7502  EHBOND  =         0.0000  RESTRAINT  =         0.0000
 EKCMT  =      2756.2118  VIRIAL  =      3183.6035  VOLUME     =     97944.1157
                                                    Density    =         1.0391
 Ewald error estimate:   0.5803E-04
 ------------------------------------------------------------------------------


 NSTEP =    13800   TIME(PS) =      47.600  TEMP(K) =   299.02  PRESS =     4.3
 Etot   =    -28296.7645  EKtot   =      5941.5927  EPtot      =    -34238.3572
 BOND   =       155.1969  ANGLE   =       361.1227  DIHED      =       511.0243
 1-4 NB =       160.6241  1-4 EEL =      -326.8877  VDWAALS    =      3927.2344
 EELEC  =    -39026.6718  EHBOND  =         0.0000  RESTRAINT  =         0.0000
 EKCMT  =      2701.4644  VIRIAL  =      2692.3452  VOLUME     =     97873.1960
                                                    Density    =         1.0398
 Ewald error estimate:   0.1195E-03
 ------------------------------------------------------------------------------


 NSTEP =    13900   TIME(PS) =      47.800  TEMP(K) =   299.04  PRESS =  -142.7
 Etot   =    -28313.7191  EKtot   =      5941.9493  EPtot      =    -34255.6683
 BOND   =       148.6084  ANGLE   =       381.5071  DIHED      =       499.6359
 1-4 NB =       163.5924  1-4 EEL =      -344.2876  VDWAALS    =      3893.3611
 EELEC  =    -38998.0858  EHBOND  =         0.0000  RESTRAINT  =         0.0000
 EKCMT  =      2742.0037  VIRIAL  =      3043.5549  VOLUME     =     97843.1628
                                                    Density    =         1.0401
 Ewald error estimate:   0.5030E-04
 ------------------------------------------------------------------------------


 NSTEP =    14000   TIME(PS) =      48.000  TEMP(K) =   299.01  PRESS =   494.2
 Etot   =    -28299.5387  EKtot   =      5941.3930  EPtot      =    -34240.9318
 BOND   =       156.5308  ANGLE   =       347.1273  DIHED      =       519.4368
 1-4 NB =       165.7910  1-4 EEL =      -348.7081  VDWAALS    =      4069.8389
 EELEC  =    -39150.9485  EHBOND  =         0.0000  RESTRAINT  =         0.0000
 EKCMT  =      2748.8630  VIRIAL  =      1704.9128  VOLUME     =     97835.1091
                                                    Density    =         1.0402
 Ewald error estimate:   0.2018E-03
 ------------------------------------------------------------------------------


 NSTEP =    14100   TIME(PS) =      48.200  TEMP(K) =   298.27  PRESS =   116.6
 Etot   =    -28273.5009  EKtot   =      5926.6147  EPtot      =    -34200.1157
 BOND   =       164.6046  ANGLE   =       351.9651  DIHED      =       489.3219
 1-4 NB =       165.9005  1-4 EEL =      -337.0690  VDWAALS    =      3936.2956
 EELEC  =    -38971.1344  EHBOND  =         0.0000  RESTRAINT  =         0.0000
 EKCMT  =      2746.2579  VIRIAL  =      2499.8960  VOLUME     =     97874.5165
                                                    Density    =         1.0398
 Ewald error estimate:   0.1252E-03
 ------------------------------------------------------------------------------


 NSTEP =    14200   TIME(PS) =      48.400  TEMP(K) =   303.85  PRESS =   269.1
 Etot   =    -28252.4237  EKtot   =      6037.5242  EPtot      =    -34289.9479
 BOND   =       142.5573  ANGLE   =       360.3378  DIHED      =       501.0130
 1-4 NB =       170.2438  1-4 EEL =      -342.0810  VDWAALS    =      4012.8655
 EELEC  =    -39134.8843  EHBOND  =         0.0000  RESTRAINT  =         0.0000
 EKCMT  =      2801.5531  VIRIAL  =      2232.6185  VOLUME     =     97909.3439
                                                    Density    =         1.0394
 Ewald error estimate:   0.2995E-03
 ------------------------------------------------------------------------------


 NSTEP =    14300   TIME(PS) =      48.600  TEMP(K) =   303.21  PRESS =   213.4
 Etot   =    -28220.0012  EKtot   =      6024.8153  EPtot      =    -34244.8165
 BOND   =       135.8618  ANGLE   =       360.0440  DIHED      =       517.9089
 1-4 NB =       173.7489  1-4 EEL =      -346.8633  VDWAALS    =      3968.4961
 EELEC  =    -39054.0130  EHBOND  =         0.0000  RESTRAINT  =         0.0000
 EKCMT  =      2830.7848  VIRIAL  =      2379.4659  VOLUME     =     97951.5271
                                                    Density    =         1.0390
 Ewald error estimate:   0.2312E-03
 ------------------------------------------------------------------------------


 NSTEP =    14400   TIME(PS) =      48.800  TEMP(K) =   301.49  PRESS =   215.5
 Etot   =    -28206.2493  EKtot   =      5990.6001  EPtot      =    -34196.8494
 BOND   =       154.1239  ANGLE   =       360.5941  DIHED      =       514.6049
 1-4 NB =       165.1030  1-4 EEL =      -355.5855  VDWAALS    =      3930.6431
 EELEC  =    -38966.3330  EHBOND  =         0.0000  RESTRAINT  =         0.0000
 EKCMT  =      2740.4934  VIRIAL  =      2284.3620  VOLUME     =     98036.8637
                                                    Density    =         1.0381
 Ewald error estimate:   0.9033E-04
 ------------------------------------------------------------------------------


 NSTEP =    14500   TIME(PS) =      49.000  TEMP(K) =   299.76  PRESS =  -220.7
 Etot   =    -28165.5204  EKtot   =      5956.1991  EPtot      =    -34121.7194
 BOND   =       164.1012  ANGLE   =       374.3346  DIHED      =       511.3948
 1-4 NB =       165.5548  1-4 EEL =      -356.5410  VDWAALS    =      3828.0356
 EELEC  =    -38808.5994  EHBOND  =         0.0000  RESTRAINT  =         0.0000
 EKCMT  =      2710.8321  VIRIAL  =      3177.3090  VOLUME     =     97903.1402
                                                    Density    =         1.0395
 Ewald error estimate:   0.3220E-04
 ------------------------------------------------------------------------------


 NSTEP =    14600   TIME(PS) =      49.200  TEMP(K) =   301.87  PRESS =   274.5
 Etot   =    -28197.2871  EKtot   =      5998.2092  EPtot      =    -34195.4963
 BOND   =       142.9900  ANGLE   =       371.8135  DIHED      =       512.8096
 1-4 NB =       169.6070  1-4 EEL =      -346.5992  VDWAALS    =      3920.5345
 EELEC  =    -38966.6517  EHBOND  =         0.0000  RESTRAINT  =         0.0000
 EKCMT  =      2783.8987  VIRIAL  =      2203.9970  VOLUME     =     97838.6200
                                                    Density    =         1.0402
 Ewald error estimate:   0.1048E-03
 ------------------------------------------------------------------------------


 NSTEP =    14700   TIME(PS) =      49.400  TEMP(K) =   300.80  PRESS =     7.3
 Etot   =    -28350.4830  EKtot   =      5976.9658  EPtot      =    -34327.4488
 BOND   =       151.1658  ANGLE   =       357.7750  DIHED      =       492.5365
 1-4 NB =       167.9345  1-4 EEL =      -349.6138  VDWAALS    =      3983.4287
 EELEC  =    -39130.6755  EHBOND  =         0.0000  RESTRAINT  =         0.0000
 EKCMT  =      2752.6951  VIRIAL  =      2737.2198  VOLUME     =     97865.8633
                                                    Density    =         1.0399
 Ewald error estimate:   0.1582E-03
 ------------------------------------------------------------------------------


 NSTEP =    14800   TIME(PS) =      49.600  TEMP(K) =   301.27  PRESS =   -52.2
 Etot   =    -28325.0512  EKtot   =      5986.1386  EPtot      =    -34311.1898
 BOND   =       151.3873  ANGLE   =       325.4592  DIHED      =       508.0447
 1-4 NB =       160.2803  1-4 EEL =      -358.7358  VDWAALS    =      3917.6528
 EELEC  =    -39015.2783  EHBOND  =         0.0000  RESTRAINT  =         0.0000
 EKCMT  =      2809.8111  VIRIAL  =      2920.2002  VOLUME     =     97905.2746
                                                    Density    =         1.0395
 Ewald error estimate:   0.2737E-03
 ------------------------------------------------------------------------------


 NSTEP =    14900   TIME(PS) =      49.800  TEMP(K) =   302.54  PRESS =  -408.1
 Etot   =    -28345.8379  EKtot   =      6011.4705  EPtot      =    -34357.3083
 BOND   =       154.7789  ANGLE   =       338.7097  DIHED      =       498.4877
 1-4 NB =       171.0509  1-4 EEL =      -363.2007  VDWAALS    =      3954.4336
 EELEC  =    -39111.5685  EHBOND  =         0.0000  RESTRAINT  =         0.0000
 EKCMT  =      2733.9809  VIRIAL  =      3597.2022  VOLUME     =     97973.1802
                                                    Density    =         1.0388
 Ewald error estimate:   0.2311E-03
 ------------------------------------------------------------------------------


 NSTEP =    15000   TIME(PS) =      50.000  TEMP(K) =   302.11  PRESS =    75.0
 Etot   =    -28301.5034  EKtot   =      6002.9588  EPtot      =    -34304.4622
 BOND   =       147.9668  ANGLE   =       355.8358  DIHED      =       508.6240
 1-4 NB =       162.6572  1-4 EEL =      -336.2904  VDWAALS    =      4019.6772
 EELEC  =    -39162.9329  EHBOND  =         0.0000  RESTRAINT  =         0.0000
 EKCMT  =      2773.2909  VIRIAL  =      2614.5759  VOLUME     =     97946.9428
                                                    Density    =         1.0390
 Ewald error estimate:   0.5123E-04
 ------------------------------------------------------------------------------


 NSTEP =    15100   TIME(PS) =      50.200  TEMP(K) =   298.02  PRESS =   -79.3
 Etot   =    -28395.8180  EKtot   =      5921.7339  EPtot      =    -34317.5519
 BOND   =       148.3407  ANGLE   =       357.0597  DIHED      =       516.1847
 1-4 NB =       177.9280  1-4 EEL =      -347.7879  VDWAALS    =      3906.8914
 EELEC  =    -39076.1685  EHBOND  =         0.0000  RESTRAINT  =         0.0000
 EKCMT  =      2736.5366  VIRIAL  =      2904.2682  VOLUME     =     97992.7136
                                                    Density    =         1.0385
 Ewald error estimate:   0.1574E-04
 ------------------------------------------------------------------------------


 NSTEP =    15200   TIME(PS) =      50.400  TEMP(K) =   298.02  PRESS =  -169.1
 Etot   =    -28356.3179  EKtot   =      5921.6303  EPtot      =    -34277.9481
 BOND   =       146.0270  ANGLE   =       342.7996  DIHED      =       525.0916
 1-4 NB =       168.1593  1-4 EEL =      -343.9391  VDWAALS    =      3909.9923
 EELEC  =    -39026.0789  EHBOND  =         0.0000  RESTRAINT  =         0.0000
 EKCMT  =      2752.2168  VIRIAL  =      3109.8726  VOLUME     =     97932.3320
                                                    Density    =         1.0392
 Ewald error estimate:   0.5912E-04
 ------------------------------------------------------------------------------


 NSTEP =    15300   TIME(PS) =      50.600  TEMP(K) =   299.00  PRESS =    53.1
 Etot   =    -28319.3578  EKtot   =      5941.0553  EPtot      =    -34260.4131
 BOND   =       148.9640  ANGLE   =       349.1414  DIHED      =       504.5296
 1-4 NB =       166.6396  1-4 EEL =      -356.8743  VDWAALS    =      3910.9892
 EELEC  =    -38983.8026  EHBOND  =         0.0000  RESTRAINT  =         0.0000
 EKCMT  =      2741.9654  VIRIAL  =      2629.6891  VOLUME     =     97879.0677
                                                    Density    =         1.0398
 Ewald error estimate:   0.2092E-03
 ------------------------------------------------------------------------------


 NSTEP =    15400   TIME(PS) =      50.800  TEMP(K) =   300.39  PRESS =  -224.7
 Etot   =    -28347.2396  EKtot   =      5968.7092  EPtot      =    -34315.9488
 BOND   =       146.5604  ANGLE   =       339.7469  DIHED      =       504.1891
 1-4 NB =       179.4216  1-4 EEL =      -343.3582  VDWAALS    =      3927.9661
 EELEC  =    -39070.4747  EHBOND  =         0.0000  RESTRAINT  =         0.0000
 EKCMT  =      2771.3080  VIRIAL  =      3246.1660  VOLUME     =     97876.2035
                                                    Density    =         1.0398
 Ewald error estimate:   0.2048E-03
 ------------------------------------------------------------------------------


 NSTEP =    15500   TIME(PS) =      51.000  TEMP(K) =   300.36  PRESS =  -164.6
 Etot   =    -28303.5025  EKtot   =      5968.2063  EPtot      =    -34271.7088
 BOND   =       145.4359  ANGLE   =       328.5366  DIHED      =       525.3673
 1-4 NB =       168.0592  1-4 EEL =      -348.1548  VDWAALS    =      4020.3166
 EELEC  =    -39111.2695  EHBOND  =         0.0000  RESTRAINT  =         0.0000
 EKCMT  =      2742.3238  VIRIAL  =      3090.3679  VOLUME     =     97914.1011
                                                    Density    =         1.0394
 Ewald error estimate:   0.6267E-04
 ------------------------------------------------------------------------------


 NSTEP =    15600   TIME(PS) =      51.200  TEMP(K) =   298.21  PRESS =  -106.5
 Etot   =    -28295.1197  EKtot   =      5925.4008  EPtot      =    -34220.5205
 BOND   =       168.3786  ANGLE   =       358.1969  DIHED      =       496.5705
 1-4 NB =       172.7921  1-4 EEL =      -338.7062  VDWAALS    =      3938.5894
 EELEC  =    -39016.3419  EHBOND  =         0.0000  RESTRAINT  =         0.0000
 EKCMT  =      2748.3838  VIRIAL  =      2973.4043  VOLUME     =     97836.2474
                                                    Density    =         1.0402
 Ewald error estimate:   0.1361E-03
 ------------------------------------------------------------------------------


 NSTEP =    15700   TIME(PS) =      51.400  TEMP(K) =   303.40  PRESS =   -12.0
 Etot   =    -28261.7164  EKtot   =      6028.5358  EPtot      =    -34290.2522
 BOND   =       146.8716  ANGLE   =       355.3988  DIHED      =       524.0001
 1-4 NB =       163.2676  1-4 EEL =      -347.7494  VDWAALS    =      4005.2863
 EELEC  =    -39137.3273  EHBOND  =         0.0000  RESTRAINT  =         0.0000
 EKCMT  =      2825.2259  VIRIAL  =      2850.6287  VOLUME     =     97805.1782
                                                    Density    =         1.0405
 Ewald error estimate:   0.8505E-04
 ------------------------------------------------------------------------------


 NSTEP =    15800   TIME(PS) =      51.600  TEMP(K) =   299.36  PRESS =   359.7
 Etot   =    -28177.5194  EKtot   =      5948.1881  EPtot      =    -34125.7075
 BOND   =       175.0689  ANGLE   =       360.6844  DIHED      =       498.1656
 1-4 NB =       174.0164  1-4 EEL =      -344.4207  VDWAALS    =      3985.8916
 EELEC  =    -38975.1136  EHBOND  =         0.0000  RESTRAINT  =         0.0000
 EKCMT  =      2722.7534  VIRIAL  =      1962.8620  VOLUME     =     97854.9308
                                                    Density    =         1.0400
 Ewald error estimate:   0.1643E-03
 ------------------------------------------------------------------------------


 NSTEP =    15900   TIME(PS) =      51.800  TEMP(K) =   302.72  PRESS =     7.7
 Etot   =    -28113.9336  EKtot   =      6015.0758  EPtot      =    -34129.0095
 BOND   =       155.3884  ANGLE   =       344.9402  DIHED      =       526.3477
 1-4 NB =       169.4535  1-4 EEL =      -329.8632  VDWAALS    =      3913.2212
 EELEC  =    -38908.4973  EHBOND  =         0.0000  RESTRAINT  =         0.0000
 EKCMT  =      2775.0405  VIRIAL  =      2758.7392  VOLUME     =     97795.8286
                                                    Density    =         1.0406
 Ewald error estimate:   0.1531E-03
 ------------------------------------------------------------------------------


 NSTEP =    16000   TIME(PS) =      52.000  TEMP(K) =   304.35  PRESS =   109.0
 Etot   =    -28025.6059  EKtot   =      6047.4524  EPtot      =    -34073.0583
 BOND   =       160.0190  ANGLE   =       368.8471  DIHED      =       516.5531
 1-4 NB =       173.2362  1-4 EEL =      -342.7728  VDWAALS    =      3923.0413
 EELEC  =    -38871.9822  EHBOND  =         0.0000  RESTRAINT  =         0.0000
 EKCMT  =      2746.6976  VIRIAL  =      2516.5595  VOLUME     =     97825.2513
                                                    Density    =         1.0403
 Ewald error estimate:   0.1878E-03
 ------------------------------------------------------------------------------


 NSTEP =    16100   TIME(PS) =      52.200  TEMP(K) =   302.70  PRESS =   193.5
 Etot   =    -28083.0198  EKtot   =      6014.5903  EPtot      =    -34097.6101
 BOND   =       161.1279  ANGLE   =       346.2832  DIHED      =       517.0182
 1-4 NB =       170.9617  1-4 EEL =      -330.3343  VDWAALS    =      3980.1352
 EELEC  =    -38942.8019  EHBOND  =         0.0000  RESTRAINT  =         0.0000
 EKCMT  =      2775.0022  VIRIAL  =      2366.4878  VOLUME     =     97785.3177
                                                    Density    =         1.0408
 Ewald error estimate:   0.1566E-03
 ------------------------------------------------------------------------------


 NSTEP =    16200   TIME(PS) =      52.400  TEMP(K) =   299.47  PRESS =   175.8
 Etot   =    -28157.5126  EKtot   =      5950.3912  EPtot      =    -34107.9038
 BOND   =       165.0043  ANGLE   =       378.3626  DIHED      =       502.9225
 1-4 NB =       160.3260  1-4 EEL =      -367.1666  VDWAALS    =      3924.2608
 EELEC  =    -38871.6135  EHBOND  =         0.0000  RESTRAINT  =         0.0000
 EKCMT  =      2741.7752  VIRIAL  =      2370.3731  VOLUME     =     97849.3227
                                                    Density    =         1.0401
 Ewald error estimate:   0.1583E-03
 ------------------------------------------------------------------------------


 NSTEP =    16300   TIME(PS) =      52.600  TEMP(K) =   300.39  PRESS =   364.7
 Etot   =    -28139.9653  EKtot   =      5968.6313  EPtot      =    -34108.5966
 BOND   =       173.2417  ANGLE   =       348.6309  DIHED      =       510.1473
 1-4 NB =       168.0102  1-4 EEL =      -330.7735  VDWAALS    =      4039.4686
 EELEC  =    -39017.3218  EHBOND  =         0.0000  RESTRAINT  =         0.0000
 EKCMT  =      2753.3695  VIRIAL  =      1983.1764  VOLUME     =     97821.3668
                                                    Density    =         1.0404
 Ewald error estimate:   0.2689E-04
 ------------------------------------------------------------------------------


 NSTEP =    16400   TIME(PS) =      52.800  TEMP(K) =   301.91  PRESS =  -261.8
 Etot   =    -28120.0035  EKtot   =      5998.9379  EPtot      =    -34118.9415
 BOND   =       159.6007  ANGLE   =       352.0165  DIHED      =       493.0651
 1-4 NB =       169.1021  1-4 EEL =      -349.4121  VDWAALS    =      3819.2964
 EELEC  =    -38762.6102  EHBOND  =         0.0000  RESTRAINT  =         0.0000
 EKCMT  =      2749.7046  VIRIAL  =      3302.6087  VOLUME     =     97825.4133
                                                    Density    =         1.0403
 Ewald error estimate:   0.1273E-04
 ------------------------------------------------------------------------------


 NSTEP =    16500   TIME(PS) =      53.000  TEMP(K) =   300.74  PRESS =   -24.4
 Etot   =    -28135.7514  EKtot   =      5975.7754  EPtot      =    -34111.5268
 BOND   =       157.4418  ANGLE   =       378.1326  DIHED      =       502.6747
 1-4 NB =       165.4253  1-4 EEL =      -367.7862  VDWAALS    =      3930.5371
 EELEC  =    -38877.9521  EHBOND  =         0.0000  RESTRAINT  =         0.0000
 EKCMT  =      2773.6904  VIRIAL  =      2825.2253  VOLUME     =     97844.6359
                                                    Density    =         1.0401
 Ewald error estimate:   0.4546E-05
 ------------------------------------------------------------------------------


 NSTEP =    16600   TIME(PS) =      53.200  TEMP(K) =   299.44  PRESS =  -379.9
 Etot   =    -28161.3113  EKtot   =      5949.8691  EPtot      =    -34111.1804
 BOND   =       160.8041  ANGLE   =       352.0720  DIHED      =       508.9439
 1-4 NB =       165.0488  1-4 EEL =      -324.1576  VDWAALS    =      3876.4799
 EELEC  =    -38850.3715  EHBOND  =         0.0000  RESTRAINT  =         0.0000
 EKCMT  =      2772.1668  VIRIAL  =      3574.3504  VOLUME     =     97791.2969
                                                    Density    =         1.0407
 Ewald error estimate:   0.7277E-04
 ------------------------------------------------------------------------------


 NSTEP =    16700   TIME(PS) =      53.400  TEMP(K) =   303.68  PRESS =   -36.4
 Etot   =    -28232.9366  EKtot   =      6034.0839  EPtot      =    -34267.0205
 BOND   =       165.5706  ANGLE   =       345.0498  DIHED      =       511.4800
 1-4 NB =       167.9638  1-4 EEL =      -355.0157  VDWAALS    =      3939.2605
 EELEC  =    -39041.3295  EHBOND  =         0.0000  RESTRAINT  =         0.0000
 EKCMT  =      2778.4619  VIRIAL  =      2855.2119  VOLUME     =     97756.8219
                                                    Density    =         1.0411
 Ewald error estimate:   0.3895E-04
 ------------------------------------------------------------------------------


 NSTEP =    16800   TIME(PS) =      53.600  TEMP(K) =   299.73  PRESS =  -199.1
 Etot   =    -28188.8153  EKtot   =      5955.6832  EPtot      =    -34144.4985
 BOND   =       169.5492  ANGLE   =       331.5178  DIHED      =       512.3341
 1-4 NB =       175.0702  1-4 EEL =      -352.0846  VDWAALS    =      3820.0211
 EELEC  =    -38800.9063  EHBOND  =         0.0000  RESTRAINT  =         0.0000
 EKCMT  =      2719.6620  VIRIAL  =      3139.9966  VOLUME     =     97780.0869
                                                    Density    =         1.0408
 Ewald error estimate:   0.9819E-04
 ------------------------------------------------------------------------------


 NSTEP =    16900   TIME(PS) =      53.800  TEMP(K) =   300.91  PRESS =   -28.3
 Etot   =    -28144.8534  EKtot   =      5979.1280  EPtot      =    -34123.9814
 BOND   =       155.6557  ANGLE   =       338.4589  DIHED      =       493.9089
 1-4 NB =       162.3159  1-4 EEL =      -344.3959  VDWAALS    =      3881.0919
 EELEC  =    -38811.0167  EHBOND  =         0.0000  RESTRAINT  =         0.0000
 EKCMT  =      2771.5623  VIRIAL  =      2831.2861  VOLUME     =     97732.3269
                                                    Density    =         1.0413
 Ewald error estimate:   0.2136E-03
 ------------------------------------------------------------------------------


 NSTEP =    17000   TIME(PS) =      54.000  TEMP(K) =   303.42  PRESS =    38.6
 Etot   =    -28050.3127  EKtot   =      6028.8897  EPtot      =    -34079.2024
 BOND   =       150.8498  ANGLE   =       366.1646  DIHED      =       502.2521
 1-4 NB =       172.9147  1-4 EEL =      -334.8227  VDWAALS    =      3857.6395
 EELEC  =    -38794.2004  EHBOND  =         0.0000  RESTRAINT  =         0.0000
 EKCMT  =      2810.0488  VIRIAL  =      2728.5600  VOLUME     =     97791.6951
                                                    Density    =         1.0407
 Ewald error estimate:   0.3761E-04
 ------------------------------------------------------------------------------


 NSTEP =    17100   TIME(PS) =      54.200  TEMP(K) =   304.96  PRESS =    54.8
 Etot   =    -28000.4123  EKtot   =      6059.4596  EPtot      =    -34059.8720
 BOND   =       161.7673  ANGLE   =       338.5179  DIHED      =       514.1319
 1-4 NB =       170.5897  1-4 EEL =      -365.0613  VDWAALS    =      3889.6020
 EELEC  =    -38769.4195  EHBOND  =         0.0000  RESTRAINT  =         0.0000
 EKCMT  =      2824.7081  VIRIAL  =      2709.0120  VOLUME     =     97788.5479
                                                    Density    =         1.0407
 Ewald error estimate:   0.1315E-03
 ------------------------------------------------------------------------------


 NSTEP =    17200   TIME(PS) =      54.400  TEMP(K) =   309.55  PRESS =   177.6
 Etot   =    -27986.4490  EKtot   =      6150.7883  EPtot      =    -34137.2374
 BOND   =       148.9446  ANGLE   =       368.1036  DIHED      =       507.0342
 1-4 NB =       161.3731  1-4 EEL =      -371.3078  VDWAALS    =      3907.9619
 EELEC  =    -38859.3470  EHBOND  =         0.0000  RESTRAINT  =         0.0000
 EKCMT  =      2876.3281  VIRIAL  =      2501.0606  VOLUME     =     97864.6772
                                                    Density    =         1.0399
 Ewald error estimate:   0.3632E-04
 ------------------------------------------------------------------------------


 NSTEP =    17300   TIME(PS) =      54.600  TEMP(K) =   302.67  PRESS =    77.1
 Etot   =    -28054.0112  EKtot   =      6014.0633  EPtot      =    -34068.0745
 BOND   =       149.3453  ANGLE   =       344.5204  DIHED      =       529.2988
 1-4 NB =       173.1281  1-4 EEL =      -353.2956  VDWAALS    =      3844.9086
 EELEC  =    -38755.9800  EHBOND  =         0.0000  RESTRAINT  =         0.0000
 EKCMT  =      2817.1806  VIRIAL  =      2654.0785  VOLUME     =     97972.2576
                                                    Density    =         1.0388
 Ewald error estimate:   0.1526E-03
 ------------------------------------------------------------------------------


 NSTEP =    17400   TIME(PS) =      54.800  TEMP(K) =   301.74  PRESS =   -68.2
 Etot   =    -28117.3839  EKtot   =      5995.5015  EPtot      =    -34112.8854
 BOND   =       131.4204  ANGLE   =       358.1747  DIHED      =       498.7259
 1-4 NB =       174.6098  1-4 EEL =      -343.7688  VDWAALS    =      3806.3239
 EELEC  =    -38738.3713  EHBOND  =         0.0000  RESTRAINT  =         0.0000
 EKCMT  =      2731.8204  VIRIAL  =      2875.9793  VOLUME     =     97889.7120
                                                    Density    =         1.0396
 Ewald error estimate:   0.1265E-03
 ------------------------------------------------------------------------------


 NSTEP =    17500   TIME(PS) =      55.000  TEMP(K) =   302.76  PRESS =   191.5
 Etot   =    -28129.9965  EKtot   =      6015.9119  EPtot      =    -34145.9083
 BOND   =       168.9791  ANGLE   =       345.7311  DIHED      =       501.6384
 1-4 NB =       172.5307  1-4 EEL =      -349.3681  VDWAALS    =      4006.0156
 EELEC  =    -38991.4352  EHBOND  =         0.0000  RESTRAINT  =         0.0000
 EKCMT  =      2782.6753  VIRIAL  =      2377.9734  VOLUME     =     97853.4557
                                                    Density    =         1.0400
 Ewald error estimate:   0.2305E-03
 ------------------------------------------------------------------------------


 NSTEP =    17600   TIME(PS) =      55.200  TEMP(K) =   308.05  PRESS =  -402.5
 Etot   =    -28132.7672  EKtot   =      6120.8799  EPtot      =    -34253.6471
 BOND   =       157.6348  ANGLE   =       345.1451  DIHED      =       507.7026
 1-4 NB =       170.8031  1-4 EEL =      -320.0163  VDWAALS    =      3760.7424
 EELEC  =    -38875.6588  EHBOND  =         0.0000  RESTRAINT  =         0.0000
 EKCMT  =      2868.6388  VIRIAL  =      3719.2132  VOLUME     =     97878.0711
                                                    Density    =         1.0398
 Ewald error estimate:   0.5730E-04
 ------------------------------------------------------------------------------


 NSTEP =    17700   TIME(PS) =      55.400  TEMP(K) =   300.21  PRESS =   385.3
 Etot   =    -28222.0114  EKtot   =      5965.0905  EPtot      =    -34187.1019
 BOND   =       142.3846  ANGLE   =       342.9440  DIHED      =       499.6377
 1-4 NB =       171.2042  1-4 EEL =      -360.6180  VDWAALS    =      4023.3174
 EELEC  =    -39005.9717  EHBOND  =         0.0000  RESTRAINT  =         0.0000
 EKCMT  =      2823.1192  VIRIAL  =      2008.8884  VOLUME     =     97871.3689
                                                    Density    =         1.0398
 Ewald error estimate:   0.2616E-03
 ------------------------------------------------------------------------------


 NSTEP =    17800   TIME(PS) =      55.600  TEMP(K) =   300.45  PRESS =   165.0
 Etot   =    -28159.5792  EKtot   =      5969.9031  EPtot      =    -34129.4823
 BOND   =       155.1186  ANGLE   =       355.9238  DIHED      =       495.9312
 1-4 NB =       158.5509  1-4 EEL =      -344.0084  VDWAALS    =      3917.2506
 EELEC  =    -38868.2489  EHBOND  =         0.0000  RESTRAINT  =         0.0000
 EKCMT  =      2783.6344  VIRIAL  =      2434.9862  VOLUME     =     97863.2575
                                                    Density    =         1.0399
 Ewald error estimate:   0.3362E-04
 ------------------------------------------------------------------------------


 NSTEP =    17900   TIME(PS) =      55.800  TEMP(K) =   296.49  PRESS =  -137.3
 Etot   =    -28175.4793  EKtot   =      5891.1452  EPtot      =    -34066.6244
 BOND   =       155.4583  ANGLE   =       369.8878  DIHED      =       511.8454
 1-4 NB =       174.0758  1-4 EEL =      -349.0872  VDWAALS    =      3813.9613
 EELEC  =    -38742.7658  EHBOND  =         0.0000  RESTRAINT  =         0.0000
 EKCMT  =      2706.2008  VIRIAL  =      2996.1521  VOLUME     =     97823.6585
                                                    Density    =         1.0403
 Ewald error estimate:   0.3045E-03
 ------------------------------------------------------------------------------


 NSTEP =    18000   TIME(PS) =      56.000  TEMP(K) =   299.70  PRESS =   -19.0
 Etot   =    -28143.6442  EKtot   =      5955.0251  EPtot      =    -34098.6693
 BOND   =       163.6995  ANGLE   =       385.5876  DIHED      =       505.3658
 1-4 NB =       163.6761  1-4 EEL =      -368.6733  VDWAALS    =      3853.5557
 EELEC  =    -38801.8807  EHBOND  =         0.0000  RESTRAINT  =         0.0000
 EKCMT  =      2736.5492  VIRIAL  =      2776.6050  VOLUME     =     97766.7816
                                                    Density    =         1.0409
 Ewald error estimate:   0.9695E-04
 ------------------------------------------------------------------------------


 NSTEP =    18100   TIME(PS) =      56.200  TEMP(K) =   301.19  PRESS =  -253.0
 Etot   =    -28132.9675  EKtot   =      5984.6222  EPtot      =    -34117.5898
 BOND   =       161.5575  ANGLE   =       369.3330  DIHED      =       514.5979
 1-4 NB =       167.5733  1-4 EEL =      -367.1222  VDWAALS    =      3846.9592
 EELEC  =    -38810.4884  EHBOND  =         0.0000  RESTRAINT  =         0.0000
 EKCMT  =      2743.0265  VIRIAL  =      3276.7647  VOLUME     =     97703.2322
                                                    Density    =         1.0416
 Ewald error estimate:   0.1476E-03
 ------------------------------------------------------------------------------


 NSTEP =    18200   TIME(PS) =      56.400  TEMP(K) =   303.47  PRESS =  -337.9
 Etot   =    -28101.5813  EKtot   =      6029.9784  EPtot      =    -34131.5597
 BOND   =       162.8484  ANGLE   =       363.3152  DIHED      =       500.8612
 1-4 NB =       169.0758  1-4 EEL =      -345.5854  VDWAALS    =      3849.6690
 EELEC  =    -38831.7438  EHBOND  =         0.0000  RESTRAINT  =         0.0000
 EKCMT  =      2800.9336  VIRIAL  =      3513.7343  VOLUME     =     97698.7345
                                                    Density    =         1.0417
 Ewald error estimate:   0.1041E-05
 ------------------------------------------------------------------------------


 NSTEP =    18300   TIME(PS) =      56.600  TEMP(K) =   302.16  PRESS =    38.6
 Etot   =    -28114.9117  EKtot   =      6003.8158  EPtot      =    -34118.7275
 BOND   =       163.1194  ANGLE   =       366.8696  DIHED      =       507.7418
 1-4 NB =       164.4451  1-4 EEL =      -357.6325  VDWAALS    =      3943.4027
 EELEC  =    -38906.6736  EHBOND  =         0.0000  RESTRAINT  =         0.0000
 EKCMT  =      2745.5224  VIRIAL  =      2664.1659  VOLUME     =     97665.9302
                                                    Density    =         1.0420
 Ewald error estimate:   0.2136E-03
 ------------------------------------------------------------------------------


 NSTEP =    18400   TIME(PS) =      56.800  TEMP(K) =   305.93  PRESS =   364.7
 Etot   =    -28041.3537  EKtot   =      6078.7272  EPtot      =    -34120.0809
 BOND   =       137.5768  ANGLE   =       359.7783  DIHED      =       503.7405
 1-4 NB =       167.1789  1-4 EEL =      -346.7164  VDWAALS    =      3944.4658
 EELEC  =    -38886.1047  EHBOND  =         0.0000  RESTRAINT  =         0.0000
 EKCMT  =      2800.3339  VIRIAL  =      2030.1641  VOLUME     =     97799.3058
                                                    Density    =         1.0406
 Ewald error estimate:   0.2100E-03
 ------------------------------------------------------------------------------


 NSTEP =    18500   TIME(PS) =      57.000  TEMP(K) =   309.03  PRESS =  -178.5
 Etot   =    -28067.4446  EKtot   =      6140.4600  EPtot      =    -34207.9046
 BOND   =       157.4421  ANGLE   =       342.4745  DIHED      =       502.7856
 1-4 NB =       182.3149  1-4 EEL =      -343.1021  VDWAALS    =      3901.9681
 EELEC  =    -38951.7876  EHBOND  =         0.0000  RESTRAINT  =         0.0000
 EKCMT  =      2820.9712  VIRIAL  =      3198.0401  VOLUME     =     97828.2212
                                                    Density    =         1.0403
 Ewald error estimate:   0.8490E-04
 ------------------------------------------------------------------------------


 NSTEP =    18600   TIME(PS) =      57.200  TEMP(K) =   302.40  PRESS =   321.2
 Etot   =    -28063.8495  EKtot   =      6008.5863  EPtot      =    -34072.4358
 BOND   =       173.8200  ANGLE   =       360.6481  DIHED      =       504.1101
 1-4 NB =       167.1557  1-4 EEL =      -345.3234  VDWAALS    =      3998.0202
 EELEC  =    -38930.8666  EHBOND  =         0.0000  RESTRAINT  =         0.0000
 EKCMT  =      2764.9355  VIRIAL  =      2086.0165  VOLUME     =     97882.2835
                                                    Density    =         1.0397
 Ewald error estimate:   0.9883E-04
 ------------------------------------------------------------------------------


 NSTEP =    18700   TIME(PS) =      57.400  TEMP(K) =   307.31  PRESS =  -221.5
 Etot   =    -28075.9455  EKtot   =      6106.1371  EPtot      =    -34182.0826
 BOND   =       142.0187  ANGLE   =       346.5697  DIHED      =       522.5234
 1-4 NB =       174.5806  1-4 EEL =      -342.4486  VDWAALS    =      3860.8903
 EELEC  =    -38886.2166  EHBOND  =         0.0000  RESTRAINT  =         0.0000
 EKCMT  =      2768.5543  VIRIAL  =      3236.5954  VOLUME     =     97887.1485
                                                    Density    =         1.0397
 Ewald error estimate:   0.1162E-03
 ------------------------------------------------------------------------------


 NSTEP =    18800   TIME(PS) =      57.600  TEMP(K) =   306.29  PRESS =   327.3
 Etot   =    -27998.0499  EKtot   =      6085.9013  EPtot      =    -34083.9512
 BOND   =       175.8252  ANGLE   =       353.4399  DIHED      =       497.1691
 1-4 NB =       160.3943  1-4 EEL =      -354.3958  VDWAALS    =      3956.0745
 EELEC  =    -38872.4585  EHBOND  =         0.0000  RESTRAINT  =         0.0000
 EKCMT  =      2824.2976  VIRIAL  =      2132.1173  VOLUME     =     97948.5376
                                                    Density    =         1.0390
 Ewald error estimate:   0.4655E-04
 ------------------------------------------------------------------------------


 NSTEP =    18900   TIME(PS) =      57.800  TEMP(K) =   303.12  PRESS =   175.6
 Etot   =    -28043.5814  EKtot   =      6022.9514  EPtot      =    -34066.5328
 BOND   =       177.5133  ANGLE   =       360.2204  DIHED      =       503.7344
 1-4 NB =       167.0523  1-4 EEL =      -352.7309  VDWAALS    =      3877.2930
 EELEC  =    -38799.6153  EHBOND  =         0.0000  RESTRAINT  =         0.0000
 EKCMT  =      2744.8203  VIRIAL  =      2373.2414  VOLUME     =     98022.3314
                                                    Density    =         1.0382
 Ewald error estimate:   0.2326E-03
 ------------------------------------------------------------------------------


 NSTEP =    19000   TIME(PS) =      58.000  TEMP(K) =   303.22  PRESS =  -193.4
 Etot   =    -28124.7635  EKtot   =      6024.9322  EPtot      =    -34149.6957
 BOND   =       148.8548  ANGLE   =       344.3101  DIHED      =       514.7841
 1-4 NB =       179.7716  1-4 EEL =      -337.5079  VDWAALS    =      3807.1547
 EELEC  =    -38807.0630  EHBOND  =         0.0000  RESTRAINT  =         0.0000
 EKCMT  =      2761.0955  VIRIAL  =      3170.1163  VOLUME     =     97963.5913
                                                    Density    =         1.0389
 Ewald error estimate:   0.1204E-03
 ------------------------------------------------------------------------------


 NSTEP =    19100   TIME(PS) =      58.200  TEMP(K) =   306.17  PRESS =   -64.3
 Etot   =    -28093.6864  EKtot   =      6083.6436  EPtot      =    -34177.3300
 BOND   =       162.0721  ANGLE   =       341.0306  DIHED      =       511.5819
 1-4 NB =       160.9022  1-4 EEL =      -366.6125  VDWAALS    =      3830.8697
 EELEC  =    -38817.1738  EHBOND  =         0.0000  RESTRAINT  =         0.0000
 EKCMT  =      2804.7177  VIRIAL  =      2940.6802  VOLUME     =     97891.5181
                                                    Density    =         1.0396
 Ewald error estimate:   0.1992E-03
 ------------------------------------------------------------------------------


 NSTEP =    19200   TIME(PS) =      58.400  TEMP(K) =   304.18  PRESS =  -153.6
 Etot   =    -28100.1178  EKtot   =      6043.9741  EPtot      =    -34144.0919
 BOND   =       135.1735  ANGLE   =       348.3267  DIHED      =       514.1991
 1-4 NB =       171.6451  1-4 EEL =      -354.2640  VDWAALS    =      3804.4209
 EELEC  =    -38763.5933  EHBOND  =         0.0000  RESTRAINT  =         0.0000
 EKCMT  =      2774.6983  VIRIAL  =      3099.2651  VOLUME     =     97892.6469
                                                    Density    =         1.0396
 Ewald error estimate:   0.1466E-03
 ------------------------------------------------------------------------------


 NSTEP =    19300   TIME(PS) =      58.600  TEMP(K) =   301.65  PRESS =   -34.0
 Etot   =    -28130.2051  EKtot   =      5993.8418  EPtot      =    -34124.0469
 BOND   =       152.8322  ANGLE   =       356.8692  DIHED      =       502.4698
 1-4 NB =       170.0340  1-4 EEL =      -371.1100  VDWAALS    =      3811.6631
 EELEC  =    -38746.8052  EHBOND  =         0.0000  RESTRAINT  =         0.0000
 EKCMT  =      2760.6046  VIRIAL  =      2832.4710  VOLUME     =     97844.8375
                                                    Density    =         1.0401
 Ewald error estimate:   0.1842E-03
 ------------------------------------------------------------------------------


 NSTEP =    19400   TIME(PS) =      58.800  TEMP(K) =   300.34  PRESS =    33.6
 Etot   =    -28137.1627  EKtot   =      5967.6506  EPtot      =    -34104.8133
 BOND   =       153.5437  ANGLE   =       380.4702  DIHED      =       510.5614
 1-4 NB =       174.6358  1-4 EEL =      -357.6408  VDWAALS    =      3798.7808
 EELEC  =    -38765.1644  EHBOND  =         0.0000  RESTRAINT  =         0.0000
 EKCMT  =      2729.3460  VIRIAL  =      2658.3371  VOLUME     =     97806.5593
                                                    Density    =         1.0405
 Ewald error estimate:   0.5491E-04
 ------------------------------------------------------------------------------


 NSTEP =    19500   TIME(PS) =      59.000  TEMP(K) =   302.30  PRESS =   258.2
 Etot   =    -28094.8461  EKtot   =      6006.7731  EPtot      =    -34101.6192
 BOND   =       146.3409  ANGLE   =       358.3215  DIHED      =       494.5848
 1-4 NB =       165.7056  1-4 EEL =      -364.8837  VDWAALS    =      3871.9850
 EELEC  =    -38773.6732  EHBOND  =         0.0000  RESTRAINT  =         0.0000
 EKCMT  =      2773.4836  VIRIAL  =      2228.2212  VOLUME     =     97791.8154
                                                    Density    =         1.0407
 Ewald error estimate:   0.2468E-03
 ------------------------------------------------------------------------------


 NSTEP =    19600   TIME(PS) =      59.200  TEMP(K) =   304.55  PRESS =  -186.8
 Etot   =    -28017.9306  EKtot   =      6051.4508  EPtot      =    -34069.3814
 BOND   =       150.7641  ANGLE   =       345.9590  DIHED      =       497.6248
 1-4 NB =       171.0607  1-4 EEL =      -342.4483  VDWAALS    =      3780.8797
 EELEC  =    -38673.2214  EHBOND  =         0.0000  RESTRAINT  =         0.0000
 EKCMT  =      2850.1297  VIRIAL  =      3244.6033  VOLUME     =     97788.5456
                                                    Density    =         1.0407
 Ewald error estimate:   0.1275E-04
 ------------------------------------------------------------------------------


 NSTEP =    19700   TIME(PS) =      59.400  TEMP(K) =   306.91  PRESS =  -402.2
 Etot   =    -28009.5248  EKtot   =      6098.3153  EPtot      =    -34107.8401
 BOND   =       150.1271  ANGLE   =       343.4372  DIHED      =       499.1388
 1-4 NB =       171.0042  1-4 EEL =      -320.8722  VDWAALS    =      3686.0779
 EELEC  =    -38636.7532  EHBOND  =         0.0000  RESTRAINT  =         0.0000
 EKCMT  =      2850.6232  VIRIAL  =      3699.8452  VOLUME     =     97780.8454
                                                    Density    =         1.0408
 Ewald error estimate:   0.1129E-03
 ------------------------------------------------------------------------------


 NSTEP =    19800   TIME(PS) =      59.600  TEMP(K) =   304.68  PRESS =    67.0
 Etot   =    -28072.4560  EKtot   =      6053.9029  EPtot      =    -34126.3590
 BOND   =       138.3400  ANGLE   =       346.2677  DIHED      =       497.2813
 1-4 NB =       172.5326  1-4 EEL =      -347.8294  VDWAALS    =      3882.8608
 EELEC  =    -38815.8121  EHBOND  =         0.0000  RESTRAINT  =         0.0000
 EKCMT  =      2781.8813  VIRIAL  =      2640.3664  VOLUME     =     97753.1088
                                                    Density    =         1.0411
 Ewald error estimate:   0.5648E-04
 ------------------------------------------------------------------------------


 NSTEP =    19900   TIME(PS) =      59.800  TEMP(K) =   302.95  PRESS =   654.7
 Etot   =    -28071.6302  EKtot   =      6019.6435  EPtot      =    -34091.2737
 BOND   =       148.3764  ANGLE   =       341.5175  DIHED      =       509.7813
 1-4 NB =       167.0125  1-4 EEL =      -338.6678  VDWAALS    =      4055.6032
 EELEC  =    -38974.8967  EHBOND  =         0.0000  RESTRAINT  =         0.0000
 EKCMT  =      2744.7219  VIRIAL  =      1362.4225  VOLUME     =     97780.1493
                                                    Density    =         1.0408
 Ewald error estimate:   0.6787E-04
 ------------------------------------------------------------------------------


 NSTEP =    20000   TIME(PS) =      60.000  TEMP(K) =   304.98  PRESS =   130.5
 Etot   =    -28094.1243  EKtot   =      6059.8990  EPtot      =    -34154.0234
 BOND   =       168.8018  ANGLE   =       366.4323  DIHED      =       504.1090
 1-4 NB =       167.9554  1-4 EEL =      -365.4808  VDWAALS    =      4056.6298
 EELEC  =    -39052.4709  EHBOND  =         0.0000  RESTRAINT  =         0.0000
 EKCMT  =      2812.2408  VIRIAL  =      2536.6265  VOLUME     =     97852.3717
                                                    Density    =         1.0400
 Ewald error estimate:   0.7702E-04
 ------------------------------------------------------------------------------


 NSTEP =    20100   TIME(PS) =      60.200  TEMP(K) =   301.41  PRESS =   -72.0
 Etot   =    -28131.3400  EKtot   =      5989.0243  EPtot      =    -34120.3644
 BOND   =       161.1810  ANGLE   =       339.3721  DIHED      =       524.7172
 1-4 NB =       167.0052  1-4 EEL =      -370.5326  VDWAALS    =      3880.0905
 EELEC  =    -38822.1977  EHBOND  =         0.0000  RESTRAINT  =         0.0000
 EKCMT  =      2804.4761  VIRIAL  =      2956.6768  VOLUME     =     97971.6444
                                                    Density    =         1.0388
 Ewald error estimate:   0.1132E-03
 ------------------------------------------------------------------------------


 NSTEP =    20200   TIME(PS) =      60.400  TEMP(K) =   300.48  PRESS =  -145.8
 Etot   =    -28255.4137  EKtot   =      5970.5241  EPtot      =    -34225.9378
 BOND   =       150.0843  ANGLE   =       367.7357  DIHED      =       495.3855
 1-4 NB =       171.9092  1-4 EEL =      -349.1922  VDWAALS    =      3788.6631
 EELEC  =    -38850.5234  EHBOND  =         0.0000  RESTRAINT  =         0.0000
 EKCMT  =      2785.1828  VIRIAL  =      3093.5463  VOLUME     =     97971.7063
                                                    Density    =         1.0388
 Ewald error estimate:   0.3026E-03
 ------------------------------------------------------------------------------


 NSTEP =    20300   TIME(PS) =      60.600  TEMP(K) =   298.78  PRESS =    98.8
 Etot   =    -28277.7520  EKtot   =      5936.7211  EPtot      =    -34214.4731
 BOND   =       168.6710  ANGLE   =       335.0020  DIHED      =       521.0286
 1-4 NB =       166.2607  1-4 EEL =      -346.7589  VDWAALS    =      4023.2430
 EELEC  =    -39081.9194  EHBOND  =         0.0000  RESTRAINT  =         0.0000
 EKCMT  =      2700.9396  VIRIAL  =      2492.0451  VOLUME     =     97902.9726
                                                    Density    =         1.0395
 Ewald error estimate:   0.1546E-04
 ------------------------------------------------------------------------------


 NSTEP =    20400   TIME(PS) =      60.800  TEMP(K) =   300.08  PRESS =  -158.7
 Etot   =    -28280.4192  EKtot   =      5962.5725  EPtot      =    -34242.9917
 BOND   =       151.9078  ANGLE   =       340.9842  DIHED      =       512.2753
 1-4 NB =       166.8334  1-4 EEL =      -352.1805  VDWAALS    =      3847.4699
 EELEC  =    -38910.2818  EHBOND  =         0.0000  RESTRAINT  =         0.0000
 EKCMT  =      2733.9583  VIRIAL  =      3069.4638  VOLUME     =     97896.5008
                                                    Density    =         1.0396
 Ewald error estimate:   0.1984E-03
 ------------------------------------------------------------------------------


 NSTEP =    20500   TIME(PS) =      61.000  TEMP(K) =   298.36  PRESS =   145.8
 Etot   =    -28320.4645  EKtot   =      5928.4728  EPtot      =    -34248.9373
 BOND   =       156.1417  ANGLE   =       358.8780  DIHED      =       503.2624
 1-4 NB =       169.4380  1-4 EEL =      -365.5304  VDWAALS    =      3977.9213
 EELEC  =    -39049.0483  EHBOND  =         0.0000  RESTRAINT  =         0.0000
 EKCMT  =      2691.6869  VIRIAL  =      2383.3075  VOLUME     =     97930.2224
                                                    Density    =         1.0392
 Ewald error estimate:   0.3683E-04
 ------------------------------------------------------------------------------


 NSTEP =    20600   TIME(PS) =      61.200  TEMP(K) =   294.01  PRESS =  -127.8
 Etot   =    -28346.6760  EKtot   =      5841.9166  EPtot      =    -34188.5926
 BOND   =       151.5726  ANGLE   =       346.5567  DIHED      =       511.4421
 1-4 NB =       181.0540  1-4 EEL =      -371.4244  VDWAALS    =      3862.5782
 EELEC  =    -38870.3719  EHBOND  =         0.0000  RESTRAINT  =         0.0000
 EKCMT  =      2697.8827  VIRIAL  =      2968.2185  VOLUME     =     97942.6668
                                                    Density    =         1.0391
 Ewald error estimate:   0.1189E-03
 ------------------------------------------------------------------------------


 NSTEP =    20700   TIME(PS) =      61.400  TEMP(K) =   299.27  PRESS =   120.2
 Etot   =    -28413.1568  EKtot   =      5946.4573  EPtot      =    -34359.6140
 BOND   =       152.5200  ANGLE   =       353.5430  DIHED      =       495.5360
 1-4 NB =       166.0822  1-4 EEL =      -347.1911  VDWAALS    =      4034.0682
 EELEC  =    -39214.1724  EHBOND  =         0.0000  RESTRAINT  =         0.0000
 EKCMT  =      2744.1303  VIRIAL  =      2489.7426  VOLUME     =     97982.7806
                                                    Density    =         1.0387
 Ewald error estimate:   0.1846E-03
 ------------------------------------------------------------------------------


 NSTEP =    20800   TIME(PS) =      61.600  TEMP(K) =   298.88  PRESS =   158.0
 Etot   =    -28337.9155  EKtot   =      5938.7210  EPtot      =    -34276.6365
 BOND   =       180.8163  ANGLE   =       338.8438  DIHED      =       511.3833
 1-4 NB =       172.8571  1-4 EEL =      -348.9479  VDWAALS    =      3899.3229
 EELEC  =    -39030.9120  EHBOND  =         0.0000  RESTRAINT  =         0.0000
 EKCMT  =      2725.7479  VIRIAL  =      2391.1609  VOLUME     =     98081.9254
                                                    Density    =         1.0376
 Ewald error estimate:   0.1525E-03
 ------------------------------------------------------------------------------


 NSTEP =    20900   TIME(PS) =      61.800  TEMP(K) =   297.55  PRESS =   -35.5
 Etot   =    -28306.7145  EKtot   =      5912.3960  EPtot      =    -34219.1105
 BOND   =       150.0275  ANGLE   =       361.9222  DIHED      =       509.1041
 1-4 NB =       167.9286  1-4 EEL =      -353.1237  VDWAALS    =      3976.7809
 EELEC  =    -39031.7501  EHBOND  =         0.0000  RESTRAINT  =         0.0000
 EKCMT  =      2686.1558  VIRIAL  =      2761.2204  VOLUME     =     98032.2767
                                                    Density    =         1.0381
 Ewald error estimate:   0.1148E-03
 ------------------------------------------------------------------------------


 NSTEP =    21000   TIME(PS) =      62.000  TEMP(K) =   297.46  PRESS =   -11.2
 Etot   =    -28261.7778  EKtot   =      5910.5435  EPtot      =    -34172.3213
 BOND   =       173.3296  ANGLE   =       352.1695  DIHED      =       509.8290
 1-4 NB =       173.5006  1-4 EEL =      -363.2147  VDWAALS    =      3864.5531
 EELEC  =    -38882.4884  EHBOND  =         0.0000  RESTRAINT  =         0.0000
 EKCMT  =      2667.8339  VIRIAL  =      2691.4632  VOLUME     =     98062.7232
                                                    Density    =         1.0378
 Ewald error estimate:   0.2420E-03
 ------------------------------------------------------------------------------


 NSTEP =    21100   TIME(PS) =      62.200  TEMP(K) =   299.28  PRESS =   -98.5
 Etot   =    -28284.7067  EKtot   =      5946.6241  EPtot      =    -34231.3308
 BOND   =       154.0395  ANGLE   =       347.8363  DIHED      =       500.2511
 1-4 NB =       165.1064  1-4 EEL =      -355.0659  VDWAALS    =      3870.6410
 EELEC  =    -38914.1392  EHBOND  =         0.0000  RESTRAINT  =         0.0000
 EKCMT  =      2719.2938  VIRIAL  =      2927.7471  VOLUME     =     97997.1704
                                                    Density    =         1.0385
 Ewald error estimate:   0.3253E-03
 ------------------------------------------------------------------------------


 NSTEP =    21200   TIME(PS) =      62.400  TEMP(K) =   298.60  PRESS =   -77.2
 Etot   =    -28250.8880  EKtot   =      5933.0647  EPtot      =    -34183.9526
 BOND   =       131.6457  ANGLE   =       324.1910  DIHED      =       509.4513
 1-4 NB =       171.9006  1-4 EEL =      -344.6609  VDWAALS    =      3906.9956
 EELEC  =    -38883.4760  EHBOND  =         0.0000  RESTRAINT  =         0.0000
 EKCMT  =      2708.1809  VIRIAL  =      2871.5037  VOLUME     =     98023.6970
                                                    Density    =         1.0382
 Ewald error estimate:   0.1250E-04
 ------------------------------------------------------------------------------


 NSTEP =    21300   TIME(PS) =      62.600  TEMP(K) =   302.99  PRESS =    10.8
 Etot   =    -28156.1787  EKtot   =      6020.4169  EPtot      =    -34176.5957
 BOND   =       156.5834  ANGLE   =       355.6603  DIHED      =       505.4586
 1-4 NB =       177.3978  1-4 EEL =      -372.0540  VDWAALS    =      3959.6066
 EELEC  =    -38959.2485  EHBOND  =         0.0000  RESTRAINT  =         0.0000
 EKCMT  =      2761.0384  VIRIAL  =      2738.1625  VOLUME     =     97984.9525
                                                    Density    =         1.0386
 Ewald error estimate:   0.1104E-03
 ------------------------------------------------------------------------------


 NSTEP =    21400   TIME(PS) =      62.800  TEMP(K) =   299.29  PRESS =  -205.5
 Etot   =    -28200.7139  EKtot   =      5946.9449  EPtot      =    -34147.6588
 BOND   =       144.6760  ANGLE   =       349.4903  DIHED      =       502.5877
 1-4 NB =       174.2760  1-4 EEL =      -339.8665  VDWAALS    =      3931.5467
 EELEC  =    -38910.3690  EHBOND  =         0.0000  RESTRAINT  =         0.0000
 EKCMT  =      2769.0306  VIRIAL  =      3203.5995  VOLUME     =     97927.9969
                                                    Density    =         1.0392
 Ewald error estimate:   0.1098E-03
 ------------------------------------------------------------------------------


 NSTEP =    21500   TIME(PS) =      63.000  TEMP(K) =   297.33  PRESS =   150.1
 Etot   =    -28241.6689  EKtot   =      5907.8328  EPtot      =    -34149.5017
 BOND   =       140.9788  ANGLE   =       340.2218  DIHED      =       518.1521
 1-4 NB =       174.9750  1-4 EEL =      -339.0041  VDWAALS    =      3937.4105
 EELEC  =    -38922.2358  EHBOND  =         0.0000  RESTRAINT  =         0.0000
 EKCMT  =      2782.9590  VIRIAL  =      2465.4658  VOLUME     =     97950.9499
                                                    Density    =         1.0390
 Ewald error estimate:   0.1106E-04
 ------------------------------------------------------------------------------


 NSTEP =    21600   TIME(PS) =      63.200  TEMP(K) =   299.32  PRESS =  -201.9
 Etot   =    -28237.9216  EKtot   =      5947.4530  EPtot      =    -34185.3746
 BOND   =       154.9402  ANGLE   =       345.5650  DIHED      =       495.2946
 1-4 NB =       162.2863  1-4 EEL =      -357.2364  VDWAALS    =      3815.8117
 EELEC  =    -38802.0359  EHBOND  =         0.0000  RESTRAINT  =         0.0000
 EKCMT  =      2800.8598  VIRIAL  =      3227.9758  VOLUME     =     97968.8261
                                                    Density    =         1.0388
 Ewald error estimate:   0.1653E-03
 ------------------------------------------------------------------------------


 NSTEP =    21700   TIME(PS) =      63.400  TEMP(K) =   301.93  PRESS =   276.6
 Etot   =    -28165.5370  EKtot   =      5999.3928  EPtot      =    -34164.9299
 BOND   =       163.2049  ANGLE   =       328.2728  DIHED      =       521.3321
 1-4 NB =       167.0489  1-4 EEL =      -361.0481  VDWAALS    =      3932.7849
 EELEC  =    -38916.5254  EHBOND  =         0.0000  RESTRAINT  =         0.0000
 EKCMT  =      2780.1825  VIRIAL  =      2195.4678  VOLUME     =     97895.4340
                                                    Density    =         1.0396
 Ewald error estimate:   0.4942E-04
 ------------------------------------------------------------------------------


 NSTEP =    21800   TIME(PS) =      63.600  TEMP(K) =   302.86  PRESS =   -24.3
 Etot   =    -28083.1365  EKtot   =      6017.7581  EPtot      =    -34100.8946
 BOND   =       171.2803  ANGLE   =       339.8699  DIHED      =       511.5816
 1-4 NB =       172.5243  1-4 EEL =      -345.9556  VDWAALS    =      3834.4888
 EELEC  =    -38784.6839  EHBOND  =         0.0000  RESTRAINT  =         0.0000
 EKCMT  =      2755.5609  VIRIAL  =      2806.9097  VOLUME     =     97854.0137
                                                    Density    =         1.0400
 Ewald error estimate:   0.1926E-04
 ------------------------------------------------------------------------------


 NSTEP =    21900   TIME(PS) =      63.800  TEMP(K) =   305.37  PRESS =  -101.4
 Etot   =    -28111.7521  EKtot   =      6067.7345  EPtot      =    -34179.4866
 BOND   =       184.3618  ANGLE   =       335.5522  DIHED      =       503.2133
 1-4 NB =       165.6524  1-4 EEL =      -364.0247  VDWAALS    =      3839.2208
 EELEC  =    -38843.4624  EHBOND  =         0.0000  RESTRAINT  =         0.0000
 EKCMT  =      2739.5596  VIRIAL  =      2953.9950  VOLUME     =     97917.0057
                                                    Density    =         1.0394
 Ewald error estimate:   0.1132E-03
 ------------------------------------------------------------------------------


 NSTEP =    22000   TIME(PS) =      64.000  TEMP(K) =   302.89  PRESS =   -59.9
 Etot   =    -28209.6258  EKtot   =      6018.4429  EPtot      =    -34228.0686
 BOND   =       159.4489  ANGLE   =       351.1600  DIHED      =       503.5577
 1-4 NB =       171.9591  1-4 EEL =      -315.5891  VDWAALS    =      4018.2026
 EELEC  =    -39116.8078  EHBOND  =         0.0000  RESTRAINT  =         0.0000
 EKCMT  =      2780.4119  VIRIAL  =      2906.9865  VOLUME     =     97882.6213
                                                    Density    =         1.0397
 Ewald error estimate:   0.5382E-04
 ------------------------------------------------------------------------------


 NSTEP =    22100   TIME(PS) =      64.200  TEMP(K) =   298.72  PRESS =   -10.7
 Etot   =    -28271.7910  EKtot   =      5935.5634  EPtot      =    -34207.3544
 BOND   =       154.5574  ANGLE   =       342.3832  DIHED      =       499.5337
 1-4 NB =       175.1272  1-4 EEL =      -333.1132  VDWAALS    =      3922.6816
 EELEC  =    -38968.5243  EHBOND  =         0.0000  RESTRAINT  =         0.0000
 EKCMT  =      2762.6544  VIRIAL  =      2785.2971  VOLUME     =     97918.2590
                                                    Density    =         1.0393
 Ewald error estimate:   0.1152E-03
 ------------------------------------------------------------------------------


 NSTEP =    22200   TIME(PS) =      64.400  TEMP(K) =   300.89  PRESS =    78.8
 Etot   =    -28278.1691  EKtot   =      5978.7385  EPtot      =    -34256.9075
 BOND   =       152.7911  ANGLE   =       374.0323  DIHED      =       485.4771
 1-4 NB =       160.0658  1-4 EEL =      -353.8065  VDWAALS    =      3817.6081
 EELEC  =    -38893.0755  EHBOND  =         0.0000  RESTRAINT  =         0.0000
 EKCMT  =      2754.6730  VIRIAL  =      2588.1025  VOLUME     =     97904.6170
                                                    Density    =         1.0395
 Ewald error estimate:   0.8893E-04
 ------------------------------------------------------------------------------


 NSTEP =    22300   TIME(PS) =      64.600  TEMP(K) =   296.60  PRESS =   331.4
 Etot   =    -28303.4329  EKtot   =      5893.4534  EPtot      =    -34196.8863
 BOND   =       165.4635  ANGLE   =       323.4202  DIHED      =       501.2954
 1-4 NB =       178.3991  1-4 EEL =      -332.1775  VDWAALS    =      3990.9541
 EELEC  =    -39024.2411  EHBOND  =         0.0000  RESTRAINT  =         0.0000
 EKCMT  =      2717.6621  VIRIAL  =      2016.9905  VOLUME     =     97916.5556
                                                    Density    =         1.0394
 Ewald error estimate:   0.8478E-04
 ------------------------------------------------------------------------------


 NSTEP =    22400   TIME(PS) =      64.800  TEMP(K) =   299.21  PRESS =  -340.2
 Etot   =    -28344.8308  EKtot   =      5945.2688  EPtot      =    -34290.0996
 BOND   =       144.2516  ANGLE   =       345.2315  DIHED      =       506.2739
 1-4 NB =       167.5193  1-4 EEL =      -351.7198  VDWAALS    =      3854.1794
 EELEC  =    -38955.8355  EHBOND  =         0.0000  RESTRAINT  =         0.0000
 EKCMT  =      2714.6854  VIRIAL  =      3433.8093  VOLUME     =     97892.1320
                                                    Density    =         1.0396
 Ewald error estimate:   0.1600E-03
 ------------------------------------------------------------------------------


 NSTEP =    22500   TIME(PS) =      65.000  TEMP(K) =   299.76  PRESS =   -60.8
 Etot   =    -28257.0330  EKtot   =      5956.2771  EPtot      =    -34213.3100
 BOND   =       145.5552  ANGLE   =       326.4164  DIHED      =       500.7009
 1-4 NB =       171.9253  1-4 EEL =      -333.7655  VDWAALS    =      3856.7625
 EELEC  =    -38880.9047  EHBOND  =         0.0000  RESTRAINT  =         0.0000
 EKCMT  =      2760.9033  VIRIAL  =      2889.3134  VOLUME     =     97863.9556
                                                    Density    =         1.0399
 Ewald error estimate:   0.2020E-03
 ------------------------------------------------------------------------------


 NSTEP =    22600   TIME(PS) =      65.200  TEMP(K) =   301.14  PRESS =   330.8
 Etot   =    -28164.1652  EKtot   =      5983.6845  EPtot      =    -34147.8497
 BOND   =       146.4815  ANGLE   =       332.0279  DIHED      =       506.7375
 1-4 NB =       165.7205  1-4 EEL =      -346.5854  VDWAALS    =      3894.0994
 EELEC  =    -38846.3309  EHBOND  =         0.0000  RESTRAINT  =         0.0000
 EKCMT  =      2778.7118  VIRIAL  =      2079.8534  VOLUME     =     97851.8575
                                                    Density    =         1.0400
 Ewald error estimate:   0.1711E-03
 ------------------------------------------------------------------------------


 NSTEP =    22700   TIME(PS) =      65.400  TEMP(K) =   301.53  PRESS =  -442.2
 Etot   =    -28141.9750  EKtot   =      5991.4101  EPtot      =    -34133.3851
 BOND   =       141.0548  ANGLE   =       367.7424  DIHED      =       490.7786
 1-4 NB =       173.7507  1-4 EEL =      -364.7533  VDWAALS    =      3737.7862
 EELEC  =    -38679.7445  EHBOND  =         0.0000  RESTRAINT  =         0.0000
 EKCMT  =      2727.6819  VIRIAL  =      3662.0196  VOLUME     =     97852.1329
                                                    Density    =         1.0400
 Ewald error estimate:   0.2795E-03
 ------------------------------------------------------------------------------


 NSTEP =    22800   TIME(PS) =      65.600  TEMP(K) =   300.21  PRESS =  -168.1
 Etot   =    -28177.8967  EKtot   =      5965.0680  EPtot      =    -34142.9647
 BOND   =       165.8545  ANGLE   =       334.1117  DIHED      =       497.8127
 1-4 NB =       167.5189  1-4 EEL =      -359.1193  VDWAALS    =      3837.9558
 EELEC  =    -38787.0990  EHBOND  =         0.0000  RESTRAINT  =         0.0000
 EKCMT  =      2768.6772  VIRIAL  =      3123.6386  VOLUME     =     97814.6508
                                                    Density    =         1.0404
 Ewald error estimate:   0.3430E-04
 ------------------------------------------------------------------------------


 NSTEP =    22900   TIME(PS) =      65.800  TEMP(K) =   303.19  PRESS =   -54.8
 Etot   =    -28180.4345  EKtot   =      6024.4138  EPtot      =    -34204.8483
 BOND   =       180.5543  ANGLE   =       340.6245  DIHED      =       502.6952
 1-4 NB =       173.6234  1-4 EEL =      -349.9046  VDWAALS    =      3851.0744
 EELEC  =    -38903.5156  EHBOND  =         0.0000  RESTRAINT  =         0.0000
 EKCMT  =      2838.4957  VIRIAL  =      2954.1741  VOLUME     =     97826.0823
                                                    Density    =         1.0403
 Ewald error estimate:   0.4589E-04
 ------------------------------------------------------------------------------


 NSTEP =    23000   TIME(PS) =      66.000  TEMP(K) =   302.29  PRESS =   702.6
 Etot   =    -28096.6757  EKtot   =      6006.5730  EPtot      =    -34103.2487
 BOND   =       167.1335  ANGLE   =       357.9065  DIHED      =       506.2926
 1-4 NB =       166.1209  1-4 EEL =      -348.2367  VDWAALS    =      4090.1265
 EELEC  =    -39042.5919  EHBOND  =         0.0000  RESTRAINT  =         0.0000
 EKCMT  =      2834.2110  VIRIAL  =      1349.0184  VOLUME     =     97903.1511
                                                    Density    =         1.0395
 Ewald error estimate:   0.3543E-04
 ------------------------------------------------------------------------------


 NSTEP =    23100   TIME(PS) =      66.200  TEMP(K) =   304.90  PRESS =   -33.6
 Etot   =    -28112.1276  EKtot   =      6058.2460  EPtot      =    -34170.3736
 BOND   =       136.4880  ANGLE   =       372.1857  DIHED      =       491.9079
 1-4 NB =       172.5984  1-4 EEL =      -333.7379  VDWAALS    =      3791.7218
 EELEC  =    -38801.5375  EHBOND  =         0.0000  RESTRAINT  =         0.0000
 EKCMT  =      2802.3462  VIRIAL  =      2873.3986  VOLUME     =     97943.7936
                                                    Density    =         1.0391
 Ewald error estimate:   0.3443E-03
 ------------------------------------------------------------------------------


 NSTEP =    23200   TIME(PS) =      66.400  TEMP(K) =   300.20  PRESS =   -99.8
 Etot   =    -28108.9451  EKtot   =      5964.9787  EPtot      =    -34073.9238
 BOND   =       172.0150  ANGLE   =       344.5587  DIHED      =       503.1751
 1-4 NB =       170.1360  1-4 EEL =      -358.0148  VDWAALS    =      3921.1212
 EELEC  =    -38826.9151  EHBOND  =         0.0000  RESTRAINT  =         0.0000
 EKCMT  =      2708.3547  VIRIAL  =      2919.3608  VOLUME     =     97951.7157
                                                    Density    =         1.0390
 Ewald error estimate:   0.2717E-03
 ------------------------------------------------------------------------------


 NSTEP =    23300   TIME(PS) =      66.600  TEMP(K) =   298.57  PRESS =   524.2
 Etot   =    -28198.8716  EKtot   =      5932.5538  EPtot      =    -34131.4253
 BOND   =       165.8667  ANGLE   =       365.5713  DIHED      =       512.7642
 1-4 NB =       174.7918  1-4 EEL =      -347.1167  VDWAALS    =      4056.3398
 EELEC  =    -39059.6425  EHBOND  =         0.0000  RESTRAINT  =         0.0000
 EKCMT  =      2773.7474  VIRIAL  =      1664.0740  VOLUME     =     98040.0191
                                                    Density    =         1.0380
 Ewald error estimate:   0.1883E-03
 ------------------------------------------------------------------------------


 NSTEP =    23400   TIME(PS) =      66.800  TEMP(K) =   299.91  PRESS =   217.0
 Etot   =    -28181.6383  EKtot   =      5959.1101  EPtot      =    -34140.7484
 BOND   =       139.8649  ANGLE   =       340.6957  DIHED      =       516.3060
 1-4 NB =       167.9501  1-4 EEL =      -332.9374  VDWAALS    =      3895.9373
 EELEC  =    -38868.5650  EHBOND  =         0.0000  RESTRAINT  =         0.0000
 EKCMT  =      2790.0161  VIRIAL  =      2330.2687  VOLUME     =     98105.9619
                                                    Density    =         1.0373
 Ewald error estimate:   0.2697E-04
 ------------------------------------------------------------------------------


 NSTEP =    23500   TIME(PS) =      67.000  TEMP(K) =   304.29  PRESS =    69.3
 Etot   =    -28191.1063  EKtot   =      6046.1232  EPtot      =    -34237.2295
 BOND   =       157.3753  ANGLE   =       356.0592  DIHED      =       508.0654
 1-4 NB =       174.8050  1-4 EEL =      -336.2944  VDWAALS    =      3919.5855
 EELEC  =    -39016.8256  EHBOND  =         0.0000  RESTRAINT  =         0.0000
 EKCMT  =      2762.9508  VIRIAL  =      2615.9728  VOLUME     =     98180.8340
                                                    Density    =         1.0366
 Ewald error estimate:   0.2977E-03
 ------------------------------------------------------------------------------


 NSTEP =    23600   TIME(PS) =      67.200  TEMP(K) =   302.29  PRESS =  -148.0
 Etot   =    -28192.1255  EKtot   =      6006.4879  EPtot      =    -34198.6134
 BOND   =       145.1050  ANGLE   =       385.0720  DIHED      =       496.4194
 1-4 NB =       156.7435  1-4 EEL =      -362.5599  VDWAALS    =      3829.7071
 EELEC  =    -38849.1005  EHBOND  =         0.0000  RESTRAINT  =         0.0000
 EKCMT  =      2740.9048  VIRIAL  =      3054.4671  VOLUME     =     98104.4897
                                                    Density    =         1.0374
 Ewald error estimate:   0.5942E-04
 ------------------------------------------------------------------------------


 NSTEP =    23700   TIME(PS) =      67.400  TEMP(K) =   300.38  PRESS =   114.1
 Etot   =    -28254.4230  EKtot   =      5968.4627  EPtot      =    -34222.8857
 BOND   =       147.7941  ANGLE   =       325.5435  DIHED      =       503.3239
 1-4 NB =       184.9568  1-4 EEL =      -358.2303  VDWAALS    =      3978.2204
 EELEC  =    -39004.4941  EHBOND  =         0.0000  RESTRAINT  =         0.0000
 EKCMT  =      2795.7551  VIRIAL  =      2554.1069  VOLUME     =     98051.4227
                                                    Density    =         1.0379
 Ewald error estimate:   0.3525E-04
 ------------------------------------------------------------------------------


 NSTEP =    23800   TIME(PS) =      67.600  TEMP(K) =   300.37  PRESS =   -42.4
 Etot   =    -28287.3140  EKtot   =      5968.3907  EPtot      =    -34255.7047
 BOND   =       139.6183  ANGLE   =       352.0964  DIHED      =       499.7335
 1-4 NB =       164.8399  1-4 EEL =      -350.7289  VDWAALS    =      3861.2085
 EELEC  =    -38922.4724  EHBOND  =         0.0000  RESTRAINT  =         0.0000
 EKCMT  =      2760.7762  VIRIAL  =      2850.4452  VOLUME     =     98013.8254
                                                    Density    =         1.0383
 Ewald error estimate:   0.2976E-03
 ------------------------------------------------------------------------------


 NSTEP =    23900   TIME(PS) =      67.800  TEMP(K) =   304.16  PRESS =  -554.9
 Etot   =    -28257.4856  EKtot   =      6043.6060  EPtot      =    -34301.0917
 BOND   =       147.9394  ANGLE   =       362.3044  DIHED      =       498.9352
 1-4 NB =       161.0892  1-4 EEL =      -358.6719  VDWAALS    =      3813.0962
 EELEC  =    -38925.7842  EHBOND  =         0.0000  RESTRAINT  =         0.0000
 EKCMT  =      2807.5981  VIRIAL  =      3981.3672  VOLUME     =     97973.6268
                                                    Density    =         1.0388
 Ewald error estimate:   0.5133E-04
 ------------------------------------------------------------------------------


 NSTEP =    24000   TIME(PS) =      68.000  TEMP(K) =   299.99  PRESS =    85.2
 Etot   =    -28245.9878  EKtot   =      5960.8518  EPtot      =    -34206.8397
 BOND   =       161.9948  ANGLE   =       346.5973  DIHED      =       518.2916
 1-4 NB =       164.0093  1-4 EEL =      -351.7842  VDWAALS    =      3963.7790
 EELEC  =    -39009.7276  EHBOND  =         0.0000  RESTRAINT  =         0.0000
 EKCMT  =      2741.6836  VIRIAL  =      2561.5545  VOLUME     =     97907.9210
                                                    Density    =         1.0394
 Ewald error estimate:   0.7922E-04
 ------------------------------------------------------------------------------


 NSTEP =    24100   TIME(PS) =      68.200  TEMP(K) =   302.34  PRESS =  -264.5
 Etot   =    -28272.1683  EKtot   =      6007.4143  EPtot      =    -34279.5827
 BOND   =       149.2908  ANGLE   =       363.9260  DIHED      =       505.0407
 1-4 NB =       168.0872  1-4 EEL =      -350.5835  VDWAALS    =      3789.5313
 EELEC  =    -38904.8753  EHBOND  =         0.0000  RESTRAINT  =         0.0000
 EKCMT  =      2751.2386  VIRIAL  =      3310.2152  VOLUME     =     97889.6389
                                                    Density    =         1.0396
 Ewald error estimate:   0.2432E-03
 ------------------------------------------------------------------------------


 NSTEP =    24200   TIME(PS) =      68.400  TEMP(K) =   306.12  PRESS =  -134.3
 Etot   =    -28208.8374  EKtot   =      6082.5788  EPtot      =    -34291.4161
 BOND   =       149.9052  ANGLE   =       342.0436  DIHED      =       495.1931
 1-4 NB =       171.8835  1-4 EEL =      -333.8016  VDWAALS    =      3873.6046
 EELEC  =    -38990.2445  EHBOND  =         0.0000  RESTRAINT  =         0.0000
 EKCMT  =      2819.4709  VIRIAL  =      3103.4434  VOLUME     =     97932.2824
                                                    Density    =         1.0392
 Ewald error estimate:   0.1383E-03
 ------------------------------------------------------------------------------


 NSTEP =    24300   TIME(PS) =      68.600  TEMP(K) =   302.56  PRESS =   -38.5
 Etot   =    -28232.2918  EKtot   =      6011.8554  EPtot      =    -34244.1473
 BOND   =       156.8402  ANGLE   =       338.6634  DIHED      =       499.5108
 1-4 NB =       175.1287  1-4 EEL =      -334.5203  VDWAALS    =      3865.5839
 EELEC  =    -38945.3539  EHBOND  =         0.0000  RESTRAINT  =         0.0000
 EKCMT  =      2820.7418  VIRIAL  =      2902.1719  VOLUME     =     97893.8314
                                                    Density    =         1.0396
 Ewald error estimate:   0.4314E-04
 ------------------------------------------------------------------------------


 NSTEP =    24400   TIME(PS) =      68.800  TEMP(K) =   301.80  PRESS =   -54.7
 Etot   =    -28265.6839  EKtot   =      5996.7401  EPtot      =    -34262.4240
 BOND   =       158.9515  ANGLE   =       341.4254  DIHED      =       510.9230
 1-4 NB =       170.2306  1-4 EEL =      -329.2990  VDWAALS    =      3861.6758
 EELEC  =    -38976.3314  EHBOND  =         0.0000  RESTRAINT  =         0.0000
 EKCMT  =      2791.4218  VIRIAL  =      2907.0495  VOLUME     =     97873.0580
                                                    Density    =         1.0398
 Ewald error estimate:   0.2044E-03
 ------------------------------------------------------------------------------


 NSTEP =    24500   TIME(PS) =      69.000  TEMP(K) =   296.02  PRESS =   201.5
 Etot   =    -28340.9863  EKtot   =      5881.8768  EPtot      =    -34222.8631
 BOND   =       139.6997  ANGLE   =       336.1482  DIHED      =       505.5957
 1-4 NB =       170.9465  1-4 EEL =      -344.6728  VDWAALS    =      3998.4818
 EELEC  =    -39029.0623  EHBOND  =         0.0000  RESTRAINT  =         0.0000
 EKCMT  =      2702.3754  VIRIAL  =      2276.7558  VOLUME     =     97821.5762
                                                    Density    =         1.0404
 Ewald error estimate:   0.2666E-03
 ------------------------------------------------------------------------------


 NSTEP =    24600   TIME(PS) =      69.200  TEMP(K) =   307.50  PRESS =   515.3
 Etot   =    -28252.2509  EKtot   =      6110.0904  EPtot      =    -34362.3413
 BOND   =       150.1496  ANGLE   =       354.2005  DIHED      =       506.7683
 1-4 NB =       162.4579  1-4 EEL =      -355.0900  VDWAALS    =      4179.2625
 EELEC  =    -39360.0900  EHBOND  =         0.0000  RESTRAINT  =         0.0000
 EKCMT  =      2795.7882  VIRIAL  =      1706.5194  VOLUME     =     97906.5213
                                                    Density    =         1.0395
 Ewald error estimate:   0.2386E-03
 ------------------------------------------------------------------------------


 NSTEP =    24700   TIME(PS) =      69.400  TEMP(K) =   298.85  PRESS =    39.8
 Etot   =    -28331.7396  EKtot   =      5938.1515  EPtot      =    -34269.8911
 BOND   =       147.0032  ANGLE   =       382.4942  DIHED      =       505.3084
 1-4 NB =       165.8329  1-4 EEL =      -378.5427  VDWAALS    =      4030.5989
 EELEC  =    -39122.5859  EHBOND  =         0.0000  RESTRAINT  =         0.0000
 EKCMT  =      2721.7162  VIRIAL  =      2637.5984  VOLUME     =     98009.5801
                                                    Density    =         1.0384
 Ewald error estimate:   0.1167E-03
 ------------------------------------------------------------------------------


 NSTEP =    24800   TIME(PS) =      69.600  TEMP(K) =   298.57  PRESS =   -92.6
 Etot   =    -28297.5525  EKtot   =      5932.6244  EPtot      =    -34230.1768
 BOND   =       147.3951  ANGLE   =       369.0950  DIHED      =       497.1906
 1-4 NB =       170.7998  1-4 EEL =      -347.7872  VDWAALS    =      3927.6091
 EELEC  =    -38994.4793  EHBOND  =         0.0000  RESTRAINT  =         0.0000
 EKCMT  =      2754.7539  VIRIAL  =      2950.8061  VOLUME     =     98012.0692
                                                    Density    =         1.0383
 Ewald error estimate:   0.1144E-03
 ------------------------------------------------------------------------------


 NSTEP =    24900   TIME(PS) =      69.800  TEMP(K) =   297.23  PRESS =  -146.1
 Etot   =    -28367.1858  EKtot   =      5906.0004  EPtot      =    -34273.1862
 BOND   =       148.5180  ANGLE   =       350.7979  DIHED      =       528.3019
 1-4 NB =       166.4014  1-4 EEL =      -356.5861  VDWAALS    =      3849.9907
 EELEC  =    -38960.6099  EHBOND  =         0.0000  RESTRAINT  =         0.0000
 EKCMT  =      2717.7121  VIRIAL  =      3026.9063  VOLUME     =     98000.2910
                                                    Density    =         1.0385
 Ewald error estimate:   0.2597E-04
 ------------------------------------------------------------------------------


 NSTEP =    25000   TIME(PS) =      70.000  TEMP(K) =   300.02  PRESS =    12.6
 Etot   =    -28388.4154  EKtot   =      5961.3142  EPtot      =    -34349.7296
 BOND   =       135.4519  ANGLE   =       342.0451  DIHED      =       521.1952
 1-4 NB =       164.3757  1-4 EEL =      -341.4208  VDWAALS    =      3949.5918
 EELEC  =    -39120.9685  EHBOND  =         0.0000  RESTRAINT  =         0.0000
 EKCMT  =      2746.5481  VIRIAL  =      2719.8521  VOLUME     =     97910.0805
                                                    Density    =         1.0394
 Ewald error estimate:   0.9191E-04
 ------------------------------------------------------------------------------


 NSTEP =    25100   TIME(PS) =      70.200  TEMP(K) =   300.35  PRESS =   -82.3
 Etot   =    -28369.7252  EKtot   =      5967.9763  EPtot      =    -34337.7016
 BOND   =       140.9048  ANGLE   =       335.7975  DIHED      =       515.3788
 1-4 NB =       173.5914  1-4 EEL =      -339.4006  VDWAALS    =      4029.5284
 EELEC  =    -39193.5019  EHBOND  =         0.0000  RESTRAINT  =         0.0000
 EKCMT  =      2734.2785  VIRIAL  =      2908.4516  VOLUME     =     97960.6300
                                                    Density    =         1.0389
 Ewald error estimate:   0.1668E-04
 ------------------------------------------------------------------------------


 NSTEP =    25200   TIME(PS) =      70.400  TEMP(K) =   302.29  PRESS =   -14.5
 Etot   =    -28377.5804  EKtot   =      6006.3938  EPtot      =    -34383.9742
 BOND   =       138.1091  ANGLE   =       334.1258  DIHED      =       517.0120
 1-4 NB =       171.7637  1-4 EEL =      -344.7499  VDWAALS    =      3963.4997
 EELEC  =    -39163.7345  EHBOND  =         0.0000  RESTRAINT  =         0.0000
 EKCMT  =      2765.4140  VIRIAL  =      2796.0864  VOLUME     =     97925.7112
                                                    Density    =         1.0393
 Ewald error estimate:   0.1120E-04
 ------------------------------------------------------------------------------


 NSTEP =    25300   TIME(PS) =      70.600  TEMP(K) =   296.60  PRESS =  -140.0
 Etot   =    -28344.5190  EKtot   =      5893.3484  EPtot      =    -34237.8674
 BOND   =       154.2677  ANGLE   =       356.4982  DIHED      =       521.6529
 1-4 NB =       177.4539  1-4 EEL =      -352.9335  VDWAALS    =      3827.9490
 EELEC  =    -38922.7558  EHBOND  =         0.0000  RESTRAINT  =         0.0000
 EKCMT  =      2716.1655  VIRIAL  =      3011.9844  VOLUME     =     97883.5652
                                                    Density    =         1.0397
 Ewald error estimate:   0.3334E-04
 ------------------------------------------------------------------------------


 NSTEP =    25400   TIME(PS) =      70.800  TEMP(K) =   297.93  PRESS =   122.1
 Etot   =    -28309.6078  EKtot   =      5919.9262  EPtot      =    -34229.5340
 BOND   =       159.2673  ANGLE   =       352.3295  DIHED      =       515.4475
 1-4 NB =       169.0913  1-4 EEL =      -365.2663  VDWAALS    =      3979.6568
 EELEC  =    -39040.0601  EHBOND  =         0.0000  RESTRAINT  =         0.0000
 EKCMT  =      2733.0236  VIRIAL  =      2474.9078  VOLUME     =     97917.0630
                                                    Density    =         1.0394
 Ewald error estimate:   0.8366E-04
 ------------------------------------------------------------------------------


 NSTEP =    25500   TIME(PS) =      71.000  TEMP(K) =   296.43  PRESS =    98.6
 Etot   =    -28344.3258  EKtot   =      5890.0536  EPtot      =    -34234.3793
 BOND   =       145.8761  ANGLE   =       339.1235  DIHED      =       522.7858
 1-4 NB =       176.8373  1-4 EEL =      -345.7745  VDWAALS    =      3924.6473
 EELEC  =    -38997.8748  EHBOND  =         0.0000  RESTRAINT  =         0.0000
 EKCMT  =      2737.6473  VIRIAL  =      2529.2080  VOLUME     =     97891.8285
                                                    Density    =         1.0396
 Ewald error estimate:   0.1283E-03
 ------------------------------------------------------------------------------


 NSTEP =    25600   TIME(PS) =      71.200  TEMP(K) =   290.76  PRESS =   -26.1
 Etot   =    -28414.7894  EKtot   =      5777.3038  EPtot      =    -34192.0932
 BOND   =       159.2554  ANGLE   =       353.8744  DIHED      =       517.0706
 1-4 NB =       169.8296  1-4 EEL =      -343.7778  VDWAALS    =      3933.6106
 EELEC  =    -38981.9561  EHBOND  =         0.0000  RESTRAINT  =         0.0000
 EKCMT  =      2643.8522  VIRIAL  =      2698.9532  VOLUME     =     97794.6902
                                                    Density    =         1.0407
 Ewald error estimate:   0.1676E-03
 ------------------------------------------------------------------------------


 NSTEP =    25700   TIME(PS) =      71.400  TEMP(K) =   293.67  PRESS =  -460.8
 Etot   =    -28355.1174  EKtot   =      5835.2497  EPtot      =    -34190.3671
 BOND   =       168.2742  ANGLE   =       354.1627  DIHED      =       504.9994
 1-4 NB =       176.0177  1-4 EEL =      -358.6725  VDWAALS    =      3760.9252
 EELEC  =    -38796.0736  EHBOND  =         0.0000  RESTRAINT  =         0.0000
 EKCMT  =      2693.2558  VIRIAL  =      3665.3509  VOLUME     =     97697.6305
                                                    Density    =         1.0417
 Ewald error estimate:   0.7662E-05
 ------------------------------------------------------------------------------


 NSTEP =    25800   TIME(PS) =      71.600  TEMP(K) =   301.95  PRESS =  -122.3
 Etot   =    -28334.5849  EKtot   =      5999.8206  EPtot      =    -34334.4055
 BOND   =       147.0591  ANGLE   =       335.7719  DIHED      =       528.8160
 1-4 NB =       171.5227  1-4 EEL =      -344.5598  VDWAALS    =      3955.0729
 EELEC  =    -39128.0883  EHBOND  =         0.0000  RESTRAINT  =         0.0000
 EKCMT  =      2760.9708  VIRIAL  =      3018.7516  VOLUME     =     97646.4575
                                                    Density    =         1.0422
 Ewald error estimate:   0.2599E-04
 ------------------------------------------------------------------------------


 NSTEP =    25900   TIME(PS) =      71.800  TEMP(K) =   298.68  PRESS =   530.6
 Etot   =    -28381.4242  EKtot   =      5934.8091  EPtot      =    -34316.2333
 BOND   =       145.4364  ANGLE   =       360.9112  DIHED      =       501.6962
 1-4 NB =       168.1430  1-4 EEL =      -342.1417  VDWAALS    =      4056.3858
 EELEC  =    -39206.6643  EHBOND  =         0.0000  RESTRAINT  =         0.0000
 EKCMT  =      2773.7786  VIRIAL  =      1654.6146  VOLUME     =     97685.7969
                                                    Density    =         1.0418
 Ewald error estimate:   0.9413E-04
 ------------------------------------------------------------------------------


 NSTEP =    26000   TIME(PS) =      72.000  TEMP(K) =   298.88  PRESS =    53.9
 Etot   =    -28356.2235  EKtot   =      5938.6488  EPtot      =    -34294.8723
 BOND   =       136.2815  ANGLE   =       330.5512  DIHED      =       501.7952
 1-4 NB =       173.4932  1-4 EEL =      -362.5372  VDWAALS    =      3905.4453
 EELEC  =    -38979.9015  EHBOND  =         0.0000  RESTRAINT  =         0.0000
 EKCMT  =      2671.3642  VIRIAL  =      2557.8177  VOLUME     =     97638.3299
                                                    Density    =         1.0423
 Ewald error estimate:   0.1544E-03
 ------------------------------------------------------------------------------


 NSTEP =    26100   TIME(PS) =      72.200  TEMP(K) =   297.42  PRESS =    -9.8
 Etot   =    -28349.3489  EKtot   =      5909.6987  EPtot      =    -34259.0476
 BOND   =       142.7703  ANGLE   =       348.6779  DIHED      =       498.8518
 1-4 NB =       168.7266  1-4 EEL =      -357.1518  VDWAALS    =      3895.4568
 EELEC  =    -38956.3792  EHBOND  =         0.0000  RESTRAINT  =         0.0000
 EKCMT  =      2751.5550  VIRIAL  =      2772.2869  VOLUME     =     97689.3475
                                                    Density    =         1.0418
 Ewald error estimate:   0.5736E-04
 ------------------------------------------------------------------------------


 NSTEP =    26200   TIME(PS) =      72.400  TEMP(K) =   292.85  PRESS =   -24.8
 Etot   =    -28399.8520  EKtot   =      5818.9772  EPtot      =    -34218.8292
 BOND   =       157.9101  ANGLE   =       366.3715  DIHED      =       510.3481
 1-4 NB =       174.0223  1-4 EEL =      -337.6353  VDWAALS    =      3945.6059
 EELEC  =    -39035.4518  EHBOND  =         0.0000  RESTRAINT  =         0.0000
 EKCMT  =      2679.3281  VIRIAL  =      2731.7137  VOLUME     =     97692.0907
                                                    Density    =         1.0417
 Ewald error estimate:   0.1760E-04
 ------------------------------------------------------------------------------


 NSTEP =    26300   TIME(PS) =      72.600  TEMP(K) =   300.70  PRESS =  -142.0
 Etot   =    -28334.2488  EKtot   =      5974.9300  EPtot      =    -34309.1788
 BOND   =       176.6621  ANGLE   =       344.4241  DIHED      =       502.2999
 1-4 NB =       166.1017  1-4 EEL =      -339.5698  VDWAALS    =      3937.2115
 EELEC  =    -39096.3084  EHBOND  =         0.0000  RESTRAINT  =         0.0000
 EKCMT  =      2698.8635  VIRIAL  =      2998.4229  VOLUME     =     97708.9569
                                                    Density    =         1.0416
 Ewald error estimate:   0.5652E-04
 ------------------------------------------------------------------------------


 NSTEP =    26400   TIME(PS) =      72.800  TEMP(K) =   295.95  PRESS =   198.6
 Etot   =    -28421.7986  EKtot   =      5880.5436  EPtot      =    -34302.3422
 BOND   =       137.0450  ANGLE   =       341.4896  DIHED      =       500.7595
 1-4 NB =       168.4612  1-4 EEL =      -335.5284  VDWAALS    =      4034.6657
 EELEC  =    -39149.2348  EHBOND  =         0.0000  RESTRAINT  =         0.0000
 EKCMT  =      2658.7515  VIRIAL  =      2239.6459  VOLUME     =     97726.0353
                                                    Density    =         1.0414
 Ewald error estimate:   0.1082E-03
 ------------------------------------------------------------------------------


 NSTEP =    26500   TIME(PS) =      73.000  TEMP(K) =   299.89  PRESS =   121.7
 Etot   =    -28329.7928  EKtot   =      5958.8106  EPtot      =    -34288.6034
 BOND   =       166.2464  ANGLE   =       353.3608  DIHED      =       497.4919
 1-4 NB =       169.6526  1-4 EEL =      -363.8133  VDWAALS    =      3908.4032
 EELEC  =    -39019.9450  EHBOND  =         0.0000  RESTRAINT  =         0.0000
 EKCMT  =      2756.9029  VIRIAL  =      2500.1784  VOLUME     =     97713.5621
                                                    Density    =         1.0415
 Ewald error estimate:   0.2438E-03
 ------------------------------------------------------------------------------


 NSTEP =    26600   TIME(PS) =      73.200  TEMP(K) =   303.02  PRESS =   214.5
 Etot   =    -28281.3757  EKtot   =      6021.0357  EPtot      =    -34302.4114
 BOND   =       187.1528  ANGLE   =       347.7149  DIHED      =       506.5360
 1-4 NB =       172.1230  1-4 EEL =      -335.7869  VDWAALS    =      3982.4159
 EELEC  =    -39162.5672  EHBOND  =         0.0000  RESTRAINT  =         0.0000
 EKCMT  =      2821.1601  VIRIAL  =      2368.2491  VOLUME     =     97770.8819
                                                    Density    =         1.0409
 Ewald error estimate:   0.2872E-03
 ------------------------------------------------------------------------------


 NSTEP =    26700   TIME(PS) =      73.400  TEMP(K) =   298.69  PRESS =  -217.8
 Etot   =    -28293.4541  EKtot   =      5934.9057  EPtot      =    -34228.3598
 BOND   =       175.7255  ANGLE   =       361.4781  DIHED      =       523.6750
 1-4 NB =       167.8641  1-4 EEL =      -341.6382  VDWAALS    =      3881.1122
 EELEC  =    -38996.5765  EHBOND  =         0.0000  RESTRAINT  =         0.0000
 EKCMT  =      2705.5133  VIRIAL  =      3165.3849  VOLUME     =     97788.1006
                                                    Density    =         1.0407
 Ewald error estimate:   0.1342E-03
 ------------------------------------------------------------------------------


 NSTEP =    26800   TIME(PS) =      73.600  TEMP(K) =   304.40  PRESS =   163.8
 Etot   =    -28274.0014  EKtot   =      6048.4383  EPtot      =    -34322.4397
 BOND   =       175.3904  ANGLE   =       363.3755  DIHED      =       507.6683
 1-4 NB =       167.7512  1-4 EEL =      -348.3001  VDWAALS    =      4011.4598
 EELEC  =    -39199.7849  EHBOND  =         0.0000  RESTRAINT  =         0.0000
 EKCMT  =      2795.7255  VIRIAL  =      2450.0311  VOLUME     =     97749.1400
                                                    Density    =         1.0411
 Ewald error estimate:   0.1458E-04
 ------------------------------------------------------------------------------


 NSTEP =    26900   TIME(PS) =      73.800  TEMP(K) =   302.48  PRESS =  -177.2
 Etot   =    -28296.4093  EKtot   =      6010.2840  EPtot      =    -34306.6933
 BOND   =       153.3180  ANGLE   =       375.5656  DIHED      =       506.0447
 1-4 NB =       173.0489  1-4 EEL =      -343.2072  VDWAALS    =      3939.2863
 EELEC  =    -39110.7495  EHBOND  =         0.0000  RESTRAINT  =         0.0000
 EKCMT  =      2740.8098  VIRIAL  =      3114.8348  VOLUME     =     97741.0957
                                                    Density    =         1.0412
 Ewald error estimate:   0.3064E-03
 ------------------------------------------------------------------------------


 NSTEP =    27000   TIME(PS) =      74.000  TEMP(K) =   299.00  PRESS =  -224.4
 Etot   =    -28290.9338  EKtot   =      5941.0852  EPtot      =    -34232.0189
 BOND   =       162.5813  ANGLE   =       368.5254  DIHED      =       507.5729
 1-4 NB =       168.0853  1-4 EEL =      -353.7925  VDWAALS    =      3934.8845
 EELEC  =    -39019.8758  EHBOND  =         0.0000  RESTRAINT  =         0.0000
 EKCMT  =      2705.9848  VIRIAL  =      3179.5588  VOLUME     =     97755.3064
                                                    Density    =         1.0411
 Ewald error estimate:   0.2563E-03
 ------------------------------------------------------------------------------


 NSTEP =    27100   TIME(PS) =      74.200  TEMP(K) =   301.75  PRESS =   -43.5
 Etot   =    -28342.0407  EKtot   =      5995.6964  EPtot      =    -34337.7371
 BOND   =       141.8069  ANGLE   =       353.4809  DIHED      =       499.3911
 1-4 NB =       176.0268  1-4 EEL =      -328.3618  VDWAALS    =      3945.6746
 EELEC  =    -39125.7556  EHBOND  =         0.0000  RESTRAINT  =         0.0000
 EKCMT  =      2754.1528  VIRIAL  =      2846.0087  VOLUME     =     97754.9144
                                                    Density    =         1.0411
 Ewald error estimate:   0.6961E-05
 ------------------------------------------------------------------------------


 NSTEP =    27200   TIME(PS) =      74.400  TEMP(K) =   297.94  PRESS =  -111.6
 Etot   =    -28334.5970  EKtot   =      5919.9885  EPtot      =    -34254.5856
 BOND   =       164.7887  ANGLE   =       364.9340  DIHED      =       519.4782
 1-4 NB =       169.5828  1-4 EEL =      -347.9389  VDWAALS    =      3829.2653
 EELEC  =    -38954.6957  EHBOND  =         0.0000  RESTRAINT  =         0.0000
 EKCMT  =      2761.2931  VIRIAL  =      2997.0705  VOLUME     =     97819.7373
                                                    Density    =         1.0404
 Ewald error estimate:   0.4030E-04
 ------------------------------------------------------------------------------


 NSTEP =    27300   TIME(PS) =      74.600  TEMP(K) =   303.19  PRESS =    46.0
 Etot   =    -28299.0337  EKtot   =      6024.3170  EPtot      =    -34323.3507
 BOND   =       144.6818  ANGLE   =       377.6065  DIHED      =       505.3165
 1-4 NB =       178.3785  1-4 EEL =      -339.0864  VDWAALS    =      4006.7721
 EELEC  =    -39197.0196  EHBOND  =         0.0000  RESTRAINT  =         0.0000
 EKCMT  =      2844.5730  VIRIAL  =      2747.5684  VOLUME     =     97761.2123
                                                    Density    =         1.0410
 Ewald error estimate:   0.1879E-03
 ------------------------------------------------------------------------------


 NSTEP =    27400   TIME(PS) =      74.800  TEMP(K) =   299.94  PRESS =  -282.0
 Etot   =    -28303.5203  EKtot   =      5959.6901  EPtot      =    -34263.2104
 BOND   =       158.3627  ANGLE   =       352.8307  DIHED      =       507.1975
 1-4 NB =       171.6641  1-4 EEL =      -341.6677  VDWAALS    =      3926.3049
 EELEC  =    -39037.9025  EHBOND  =         0.0000  RESTRAINT  =         0.0000
 EKCMT  =      2758.5547  VIRIAL  =      3354.0953  VOLUME     =     97819.0539
                                                    Density    =         1.0404
 Ewald error estimate:   0.1051E-03
 ------------------------------------------------------------------------------


 NSTEP =    27500   TIME(PS) =      75.000  TEMP(K) =   304.06  PRESS =    83.6
 Etot   =    -28291.8713  EKtot   =      6041.6921  EPtot      =    -34333.5634
 BOND   =       153.7794  ANGLE   =       345.9019  DIHED      =       493.7281
 1-4 NB =       175.7812  1-4 EEL =      -347.2081  VDWAALS    =      3958.7758
 EELEC  =    -39114.3216  EHBOND  =         0.0000  RESTRAINT  =         0.0000
 EKCMT  =      2805.0654  VIRIAL  =      2628.3379  VOLUME     =     97851.7569
                                                    Density    =         1.0400
 Ewald error estimate:   0.1516E-03
 ------------------------------------------------------------------------------


 NSTEP =    27600   TIME(PS) =      75.200  TEMP(K) =   302.27  PRESS =   -62.5
 Etot   =    -28371.9259  EKtot   =      6005.9981  EPtot      =    -34377.9240
 BOND   =       154.3949  ANGLE   =       350.0869  DIHED      =       495.9729
 1-4 NB =       173.6826  1-4 EEL =      -341.1906  VDWAALS    =      3962.7035
 EELEC  =    -39173.5742  EHBOND  =         0.0000  RESTRAINT  =         0.0000
 EKCMT  =      2757.9342  VIRIAL  =      2889.9755  VOLUME     =     97824.5821
                                                    Density    =         1.0403
 Ewald error estimate:   0.1628E-03
 ------------------------------------------------------------------------------


 NSTEP =    27700   TIME(PS) =      75.400  TEMP(K) =   299.99  PRESS =  -114.3
 Etot   =    -28403.0782  EKtot   =      5960.7431  EPtot      =    -34363.8213
 BOND   =       148.1566  ANGLE   =       351.3809  DIHED      =       500.3210
 1-4 NB =       172.1017  1-4 EEL =      -331.2003  VDWAALS    =      3973.2100
 EELEC  =    -39177.7911  EHBOND  =         0.0000  RESTRAINT  =         0.0000
 EKCMT  =      2739.9746  VIRIAL  =      2981.4518  VOLUME     =     97811.2841
                                                    Density    =         1.0405
 Ewald error estimate:   0.5899E-05
 ------------------------------------------------------------------------------


 NSTEP =    27800   TIME(PS) =      75.600  TEMP(K) =   299.30  PRESS =   -73.3
 Etot   =    -28361.0253  EKtot   =      5947.1173  EPtot      =    -34308.1426
 BOND   =       154.1441  ANGLE   =       335.2305  DIHED      =       516.2441
 1-4 NB =       166.5310  1-4 EEL =      -355.6049  VDWAALS    =      3897.8872
 EELEC  =    -39022.5745  EHBOND  =         0.0000  RESTRAINT  =         0.0000
 EKCMT  =      2731.6425  VIRIAL  =      2886.3203  VOLUME     =     97790.4366
                                                    Density    =         1.0407
 Ewald error estimate:   0.5103E-04
 ------------------------------------------------------------------------------


 NSTEP =    27900   TIME(PS) =      75.800  TEMP(K) =   299.52  PRESS =   124.1
 Etot   =    -28314.4894  EKtot   =      5951.4443  EPtot      =    -34265.9338
 BOND   =       147.6949  ANGLE   =       320.1712  DIHED      =       522.1370
 1-4 NB =       171.5363  1-4 EEL =      -357.0140  VDWAALS    =      3887.7730
 EELEC  =    -38958.2322  EHBOND  =         0.0000  RESTRAINT  =         0.0000
 EKCMT  =      2710.8737  VIRIAL  =      2448.6226  VOLUME     =     97844.3593
                                                    Density    =         1.0401
 Ewald error estimate:   0.2276E-03
 ------------------------------------------------------------------------------


 NSTEP =    28000   TIME(PS) =      76.000  TEMP(K) =   300.10  PRESS =  -150.5
 Etot   =    -28328.8049  EKtot   =      5962.9521  EPtot      =    -34291.7570
 BOND   =       145.6319  ANGLE   =       329.1866  DIHED      =       502.2204
 1-4 NB =       179.8605  1-4 EEL =      -342.8823  VDWAALS    =      3923.7515
 EELEC  =    -39029.5255  EHBOND  =         0.0000  RESTRAINT  =         0.0000
 EKCMT  =      2728.0330  VIRIAL  =      3045.5386  VOLUME     =     97738.1565
                                                    Density    =         1.0413
 Ewald error estimate:   0.6477E-04
 ------------------------------------------------------------------------------


 NSTEP =    28100   TIME(PS) =      76.200  TEMP(K) =   295.32  PRESS =  -407.6
 Etot   =    -28375.1347  EKtot   =      5868.0103  EPtot      =    -34243.1451
 BOND   =       136.5492  ANGLE   =       338.9573  DIHED      =       491.5859
 1-4 NB =       168.0182  1-4 EEL =      -339.9177  VDWAALS    =      3825.3795
 EELEC  =    -38863.7175  EHBOND  =         0.0000  RESTRAINT  =         0.0000
 EKCMT  =      2701.0442  VIRIAL  =      3561.3208  VOLUME     =     97753.4132
                                                    Density    =         1.0411
 Ewald error estimate:   0.2073E-04
 ------------------------------------------------------------------------------


 NSTEP =    28200   TIME(PS) =      76.400  TEMP(K) =   297.46  PRESS =  -266.9
 Etot   =    -28382.5343  EKtot   =      5910.5371  EPtot      =    -34293.0713
 BOND   =       142.6868  ANGLE   =       322.6176  DIHED      =       523.0571
 1-4 NB =       168.8201  1-4 EEL =      -369.7576  VDWAALS    =      3848.1328
 EELEC  =    -38928.6282  EHBOND  =         0.0000  RESTRAINT  =         0.0000
 EKCMT  =      2722.8917  VIRIAL  =      3285.1562  VOLUME     =     97585.0393
                                                    Density    =         1.0429
 Ewald error estimate:   0.2045E-03
 ------------------------------------------------------------------------------


 NSTEP =    28300   TIME(PS) =      76.600  TEMP(K) =   301.65  PRESS =  -401.3
 Etot   =    -28334.5247  EKtot   =      5993.7669  EPtot      =    -34328.2916
 BOND   =       140.9161  ANGLE   =       333.6649  DIHED      =       513.5447
 1-4 NB =       166.7886  1-4 EEL =      -355.8200  VDWAALS    =      3841.4799
 EELEC  =    -38968.8658  EHBOND  =         0.0000  RESTRAINT  =         0.0000
 EKCMT  =      2740.2309  VIRIAL  =      3584.9364  VOLUME     =     97485.3820
                                                    Density    =         1.0440
 Ewald error estimate:   0.1523E-03
 ------------------------------------------------------------------------------


 NSTEP =    28400   TIME(PS) =      76.800  TEMP(K) =   301.20  PRESS =   -67.2
 Etot   =    -28256.5361  EKtot   =      5984.7911  EPtot      =    -34241.3272
 BOND   =       145.7459  ANGLE   =       339.3058  DIHED      =       512.8058
 1-4 NB =       162.0340  1-4 EEL =      -350.3885  VDWAALS    =      3916.9633
 EELEC  =    -38967.7936  EHBOND  =         0.0000  RESTRAINT  =         0.0000
 EKCMT  =      2753.3866  VIRIAL  =      2894.7858  VOLUME     =     97421.0120
                                                    Density    =         1.0446
 Ewald error estimate:   0.1784E-03
 ------------------------------------------------------------------------------


 NSTEP =    28500   TIME(PS) =      77.000  TEMP(K) =   295.91  PRESS =    61.6
 Etot   =    -28347.5348  EKtot   =      5879.6362  EPtot      =    -34227.1710
 BOND   =       159.8598  ANGLE   =       338.7314  DIHED      =       491.4361
 1-4 NB =       166.4147  1-4 EEL =      -355.1768  VDWAALS    =      3859.5746
 EELEC  =    -38888.0110  EHBOND  =         0.0000  RESTRAINT  =         0.0000
 EKCMT  =      2721.0219  VIRIAL  =      2591.6070  VOLUME     =     97368.5108
                                                    Density    =         1.0452
 Ewald error estimate:   0.1955E-03
 ------------------------------------------------------------------------------


 NSTEP =    28600   TIME(PS) =      77.200  TEMP(K) =   295.32  PRESS =    -4.7
 Etot   =    -28261.5580  EKtot   =      5868.0232  EPtot      =    -34129.5812
 BOND   =       166.1554  ANGLE   =       369.6085  DIHED      =       493.5926
 1-4 NB =       167.6563  1-4 EEL =      -356.8426  VDWAALS    =      3902.8837
 EELEC  =    -38872.6350  EHBOND  =         0.0000  RESTRAINT  =         0.0000
 EKCMT  =      2723.6908  VIRIAL  =      2733.5891  VOLUME     =     97352.7555
                                                    Density    =         1.0454
 Ewald error estimate:   0.9296E-04
 ------------------------------------------------------------------------------


 NSTEP =    28700   TIME(PS) =      77.400  TEMP(K) =   301.41  PRESS =   194.5
 Etot   =    -28223.0375  EKtot   =      5988.9078  EPtot      =    -34211.9453
 BOND   =       141.1943  ANGLE   =       345.1643  DIHED      =       511.1310
 1-4 NB =       171.0764  1-4 EEL =      -367.0407  VDWAALS    =      3989.4321
 EELEC  =    -39002.9027  EHBOND  =         0.0000  RESTRAINT  =         0.0000
 EKCMT  =      2847.8560  VIRIAL  =      2438.6648  VOLUME     =     97417.6581
                                                    Density    =         1.0447
 Ewald error estimate:   0.6405E-04
 ------------------------------------------------------------------------------


 NSTEP =    28800   TIME(PS) =      77.600  TEMP(K) =   299.80  PRESS =   179.8
 Etot   =    -28216.0414  EKtot   =      5956.9771  EPtot      =    -34173.0185
 BOND   =       153.1449  ANGLE   =       319.5789  DIHED      =       516.5253
 1-4 NB =       175.1003  1-4 EEL =      -342.5641  VDWAALS    =      3903.8138
 EELEC  =    -38898.6175  EHBOND  =         0.0000  RESTRAINT  =         0.0000
 EKCMT  =      2799.1122  VIRIAL  =      2420.5056  VOLUME     =     97552.3524
                                                    Density    =         1.0432
 Ewald error estimate:   0.7036E-04
 ------------------------------------------------------------------------------


 NSTEP =    28900   TIME(PS) =      77.800  TEMP(K) =   300.55  PRESS =   646.5
 Etot   =    -28211.6538  EKtot   =      5971.9299  EPtot      =    -34183.5837
 BOND   =       156.6183  ANGLE   =       321.0091  DIHED      =       511.5611
 1-4 NB =       170.6350  1-4 EEL =      -357.9694  VDWAALS    =      4010.1629
 EELEC  =    -38995.6007  EHBOND  =         0.0000  RESTRAINT  =         0.0000
 EKCMT  =      2765.8127  VIRIAL  =      1402.2757  VOLUME     =     97683.1831
                                                    Density    =         1.0418
 Ewald error estimate:   0.4817E-04
 ------------------------------------------------------------------------------


 NSTEP =    29000   TIME(PS) =      78.000  TEMP(K) =   300.78  PRESS =   -20.0
 Etot   =    -28197.2071  EKtot   =      5976.4688  EPtot      =    -34173.6759
 BOND   =       150.2250  ANGLE   =       327.9251  DIHED      =       507.6762
 1-4 NB =       165.1735  1-4 EEL =      -334.2110  VDWAALS    =      3874.3732
 EELEC  =    -38864.8380  EHBOND  =         0.0000  RESTRAINT  =         0.0000
 EKCMT  =      2807.9832  VIRIAL  =      2850.1977  VOLUME     =     97756.2081
                                                    Density    =         1.0411
 Ewald error estimate:   0.3863E-04
 ------------------------------------------------------------------------------


 NSTEP =    29100   TIME(PS) =      78.200  TEMP(K) =   301.65  PRESS =   180.2
 Etot   =    -28184.0806  EKtot   =      5993.6781  EPtot      =    -34177.7587
 BOND   =       159.2244  ANGLE   =       334.1631  DIHED      =       509.2836
 1-4 NB =       161.8158  1-4 EEL =      -330.5710  VDWAALS    =      3901.8653
 EELEC  =    -38913.5400  EHBOND  =         0.0000  RESTRAINT  =         0.0000
 EKCMT  =      2819.4292  VIRIAL  =      2439.2118  VOLUME     =     97733.0655
                                                    Density    =         1.0413
 Ewald error estimate:   0.1143E-03
 ------------------------------------------------------------------------------


 NSTEP =    29200   TIME(PS) =      78.400  TEMP(K) =   299.59  PRESS =   178.1
 Etot   =    -28218.7866  EKtot   =      5952.8103  EPtot      =    -34171.5969
 BOND   =       138.4355  ANGLE   =       322.5111  DIHED      =       498.5399
 1-4 NB =       176.4209  1-4 EEL =      -332.5916  VDWAALS    =      3984.0630
 EELEC  =    -38958.9756  EHBOND  =         0.0000  RESTRAINT  =         0.0000
 EKCMT  =      2726.8864  VIRIAL  =      2350.9640  VOLUME     =     97745.5156
                                                    Density    =         1.0412
 Ewald error estimate:   0.1736E-03
 ------------------------------------------------------------------------------


 NSTEP =    29300   TIME(PS) =      78.600  TEMP(K) =   300.78  PRESS =   -99.5
 Etot   =    -28185.0167  EKtot   =      5976.3984  EPtot      =    -34161.4151
 BOND   =       136.3129  ANGLE   =       359.9883  DIHED      =       499.1802
 1-4 NB =       174.5920  1-4 EEL =      -358.6606  VDWAALS    =      3861.5405
 EELEC  =    -38834.3683  EHBOND  =         0.0000  RESTRAINT  =         0.0000
 EKCMT  =      2761.0747  VIRIAL  =      2971.0227  VOLUME     =     97698.4101
                                                    Density    =         1.0417
 Ewald error estimate:   0.9785E-04
 ------------------------------------------------------------------------------


 NSTEP =    29400   TIME(PS) =      78.800  TEMP(K) =   300.12  PRESS =  -229.1
 Etot   =    -28214.6678  EKtot   =      5963.4298  EPtot      =    -34178.0976
 BOND   =       143.6180  ANGLE   =       356.9915  DIHED      =       498.2704
 1-4 NB =       163.2473  1-4 EEL =      -336.6991  VDWAALS    =      3859.1615
 EELEC  =    -38862.6872  EHBOND  =         0.0000  RESTRAINT  =         0.0000
 EKCMT  =      2779.5485  VIRIAL  =      3262.7091  VOLUME     =     97682.7751
                                                    Density    =         1.0418
 Ewald error estimate:   0.1944E-03
 ------------------------------------------------------------------------------


 NSTEP =    29500   TIME(PS) =      79.000  TEMP(K) =   299.54  PRESS =  -305.1
 Etot   =    -28297.4727  EKtot   =      5951.8899  EPtot      =    -34249.3626
 BOND   =       151.7771  ANGLE   =       323.4543  DIHED      =       504.8314
 1-4 NB =       164.3035  1-4 EEL =      -340.8373  VDWAALS    =      3854.9314
 EELEC  =    -38907.8230  EHBOND  =         0.0000  RESTRAINT  =         0.0000
 EKCMT  =      2727.4586  VIRIAL  =      3370.1517  VOLUME     =     97566.8705
                                                    Density    =         1.0431
 Ewald error estimate:   0.6861E-04
 ------------------------------------------------------------------------------


 NSTEP =    29600   TIME(PS) =      79.200  TEMP(K) =   298.05  PRESS =  -177.9
 Etot   =    -28305.2524  EKtot   =      5922.1951  EPtot      =    -34227.4475
 BOND   =       159.4803  ANGLE   =       348.5659  DIHED      =       508.3445
 1-4 NB =       162.5611  1-4 EEL =      -358.7143  VDWAALS    =      3804.8701
 EELEC  =    -38852.5551  EHBOND  =         0.0000  RESTRAINT  =         0.0000
 EKCMT  =      2736.5941  VIRIAL  =      3111.3134  VOLUME     =     97535.7699
                                                    Density    =         1.0434
 Ewald error estimate:   0.2344E-03
 ------------------------------------------------------------------------------


 NSTEP =    29700   TIME(PS) =      79.400  TEMP(K) =   302.47  PRESS =   117.6
 Etot   =    -28252.5622  EKtot   =      6010.0513  EPtot      =    -34262.6136
 BOND   =       142.8860  ANGLE   =       327.5575  DIHED      =       508.0363
 1-4 NB =       168.8178  1-4 EEL =      -330.0186  VDWAALS    =      3932.2621
 EELEC  =    -39012.1548  EHBOND  =         0.0000  RESTRAINT  =         0.0000
 EKCMT  =      2783.6933  VIRIAL  =      2535.9263  VOLUME     =     97586.7368
                                                    Density    =         1.0429
 Ewald error estimate:   0.4365E-04
 ------------------------------------------------------------------------------


 NSTEP =    29800   TIME(PS) =      79.600  TEMP(K) =   298.76  PRESS =   596.5
 Etot   =    -28258.8008  EKtot   =      5936.2764  EPtot      =    -34195.0772
 BOND   =       150.5367  ANGLE   =       326.6098  DIHED      =       529.6128
 1-4 NB =       166.8783  1-4 EEL =      -358.2562  VDWAALS    =      4090.9180
 EELEC  =    -39101.3767  EHBOND  =         0.0000  RESTRAINT  =         0.0000
 EKCMT  =      2749.0950  VIRIAL  =      1490.5667  VOLUME     =     97711.6245
                                                    Density    =         1.0415
 Ewald error estimate:   0.2051E-03
 ------------------------------------------------------------------------------


 NSTEP =    29900   TIME(PS) =      79.800  TEMP(K) =   303.93  PRESS =    31.7
 Etot   =    -28227.0145  EKtot   =      6038.9686  EPtot      =    -34265.9831
 BOND   =       164.4083  ANGLE   =       327.2599  DIHED      =       506.0666
 1-4 NB =       165.0273  1-4 EEL =      -326.5586  VDWAALS    =      3918.9260
 EELEC  =    -39021.1126  EHBOND  =         0.0000  RESTRAINT  =         0.0000
 EKCMT  =      2805.6755  VIRIAL  =      2738.7443  VOLUME     =     97764.1069
                                                    Density    =         1.0410
 Ewald error estimate:   0.2765E-03
 ------------------------------------------------------------------------------


 NSTEP =    30000   TIME(PS) =      80.000  TEMP(K) =   299.24  PRESS =   -86.3
 Etot   =    -28305.9257  EKtot   =      5945.9047  EPtot      =    -34251.8304
 BOND   =       152.1107  ANGLE   =       329.9516  DIHED      =       511.0596
 1-4 NB =       171.8871  1-4 EEL =      -331.5267  VDWAALS    =      3828.0897
 EELEC  =    -38913.4024  EHBOND  =         0.0000  RESTRAINT  =         0.0000
 EKCMT  =      2801.1750  VIRIAL  =      2983.2539  VOLUME     =     97766.3963
                                                    Density    =         1.0410
 Ewald error estimate:   0.2400E-03
 ------------------------------------------------------------------------------


 NSTEP =    30100   TIME(PS) =      80.200  TEMP(K) =   296.76  PRESS =    66.9
 Etot   =    -28337.3452  EKtot   =      5896.5285  EPtot      =    -34233.8738
 BOND   =       139.5242  ANGLE   =       351.1115  DIHED      =       516.1995
 1-4 NB =       171.5734  1-4 EEL =      -343.5767  VDWAALS    =      4004.8671
 EELEC  =    -39073.5727  EHBOND  =         0.0000  RESTRAINT  =         0.0000
 EKCMT  =      2755.7413  VIRIAL  =      2614.4758  VOLUME     =     97809.4585
                                                    Density    =         1.0405
 Ewald error estimate:   0.2776E-03
 ------------------------------------------------------------------------------


 NSTEP =    30200   TIME(PS) =      80.400  TEMP(K) =   298.60  PRESS =  -164.0
 Etot   =    -28422.0725  EKtot   =      5933.2087  EPtot      =    -34355.2812
 BOND   =       158.0521  ANGLE   =       326.5200  DIHED      =       503.8029
 1-4 NB =       174.7685  1-4 EEL =      -327.8750  VDWAALS    =      3921.8982
 EELEC  =    -39112.4479  EHBOND  =         0.0000  RESTRAINT  =         0.0000
 EKCMT  =      2783.4988  VIRIAL  =      3129.8897  VOLUME     =     97825.7058
                                                    Density    =         1.0403
 Ewald error estimate:   0.2646E-04
 ------------------------------------------------------------------------------


 NSTEP =    30300   TIME(PS) =      80.600  TEMP(K) =   296.33  PRESS =   125.5
 Etot   =    -28379.5382  EKtot   =      5887.9627  EPtot      =    -34267.5009
 BOND   =       151.4340  ANGLE   =       338.2243  DIHED      =       502.2711
 1-4 NB =       172.2801  1-4 EEL =      -355.0554  VDWAALS    =      3997.8286
 EELEC  =    -39074.4835  EHBOND  =         0.0000  RESTRAINT  =         0.0000
 EKCMT  =      2710.3760  VIRIAL  =      2445.2119  VOLUME     =     97822.9749
                                                    Density    =         1.0403
 Ewald error estimate:   0.2455E-03
 ------------------------------------------------------------------------------


 NSTEP =    30400   TIME(PS) =      80.800  TEMP(K) =   295.18  PRESS =   184.6
 Etot   =    -28436.9954  EKtot   =      5865.1431  EPtot      =    -34302.1385
 BOND   =       152.6864  ANGLE   =       351.2825  DIHED      =       498.1621
 1-4 NB =       174.7186  1-4 EEL =      -335.9129  VDWAALS    =      4024.2718
 EELEC  =    -39167.3469  EHBOND  =         0.0000  RESTRAINT  =         0.0000
 EKCMT  =      2660.1668  VIRIAL  =      2270.0419  VOLUME     =     97858.8223
                                                    Density    =         1.0400
 Ewald error estimate:   0.8152E-04
 ------------------------------------------------------------------------------


 NSTEP =    30500   TIME(PS) =      81.000  TEMP(K) =   300.15  PRESS =    88.8
 Etot   =    -28432.9606  EKtot   =      5964.0272  EPtot      =    -34396.9877
 BOND   =       162.5316  ANGLE   =       343.6471  DIHED      =       507.4587
 1-4 NB =       174.4118  1-4 EEL =      -320.3039  VDWAALS    =      4033.5829
 EELEC  =    -39298.3161  EHBOND  =         0.0000  RESTRAINT  =         0.0000
 EKCMT  =      2716.4149  VIRIAL  =      2528.9561  VOLUME     =     97824.2868
                                                    Density    =         1.0403
 Ewald error estimate:   0.1002E-03
 ------------------------------------------------------------------------------


 NSTEP =    30600   TIME(PS) =      81.200  TEMP(K) =   297.85  PRESS =  -164.8
 Etot   =    -28406.6265  EKtot   =      5918.3170  EPtot      =    -34324.9436
 BOND   =       143.7210  ANGLE   =       347.3637  DIHED      =       494.6323
 1-4 NB =       173.3495  1-4 EEL =      -342.2008  VDWAALS    =      3941.4366
 EELEC  =    -39083.2458  EHBOND  =         0.0000  RESTRAINT  =         0.0000
 EKCMT  =      2733.2612  VIRIAL  =      3081.4450  VOLUME     =     97825.6045
                                                    Density    =         1.0403
 Ewald error estimate:   0.1028E-03
 ------------------------------------------------------------------------------


 NSTEP =    30700   TIME(PS) =      81.400  TEMP(K) =   296.16  PRESS =    24.1
 Etot   =    -28371.0873  EKtot   =      5884.6462  EPtot      =    -34255.7335
 BOND   =       149.2733  ANGLE   =       339.5466  DIHED      =       506.2022
 1-4 NB =       172.7379  1-4 EEL =      -329.0797  VDWAALS    =      3894.6833
 EELEC  =    -38989.0971  EHBOND  =         0.0000  RESTRAINT  =         0.0000
 EKCMT  =      2713.6768  VIRIAL  =      2662.8545  VOLUME     =     97773.8600
                                                    Density    =         1.0409
 Ewald error estimate:   0.1018E-03
 ------------------------------------------------------------------------------


 NSTEP =    30800   TIME(PS) =      81.600  TEMP(K) =   296.64  PRESS =    40.6
 Etot   =    -28359.1461  EKtot   =      5894.2516  EPtot      =    -34253.3977
 BOND   =       150.9399  ANGLE   =       366.9600  DIHED      =       508.3923
 1-4 NB =       179.2465  1-4 EEL =      -355.1491  VDWAALS    =      3960.3133
 EELEC  =    -39064.1005  EHBOND  =         0.0000  RESTRAINT  =         0.0000
 EKCMT  =      2686.3884  VIRIAL  =      2600.8436  VOLUME     =     97690.0474
                                                    Density    =         1.0418
 Ewald error estimate:   0.1857E-04
 ------------------------------------------------------------------------------


 NSTEP =    30900   TIME(PS) =      81.800  TEMP(K) =   296.50  PRESS =  -189.8
 Etot   =    -28346.3939  EKtot   =      5891.4431  EPtot      =    -34237.8370
 BOND   =       155.3329  ANGLE   =       342.9950  DIHED      =       508.5971
 1-4 NB =       182.5031  1-4 EEL =      -350.0732  VDWAALS    =      3836.4238
 EELEC  =    -38913.6157  EHBOND  =         0.0000  RESTRAINT  =         0.0000
 EKCMT  =      2721.2554  VIRIAL  =      3121.4537  VOLUME     =     97673.9347
                                                    Density    =         1.0419
 Ewald error estimate:   0.2110E-03
 ------------------------------------------------------------------------------


 NSTEP =    31000   TIME(PS) =      82.000  TEMP(K) =   303.01  PRESS =   -43.6
 Etot   =    -28309.6186  EKtot   =      6020.7385  EPtot      =    -34330.3571
 BOND   =       163.7255  ANGLE   =       364.1519  DIHED      =       499.8301
 1-4 NB =       161.8889  1-4 EEL =      -363.9517  VDWAALS    =      3905.2969
 EELEC  =    -39061.2988  EHBOND  =         0.0000  RESTRAINT  =         0.0000
 EKCMT  =      2764.4154  VIRIAL  =      2856.4243  VOLUME     =     97645.9656
                                                    Density    =         1.0422
 Ewald error estimate:   0.2680E-03
 ------------------------------------------------------------------------------


 NSTEP =    31100   TIME(PS) =      82.200  TEMP(K) =   303.26  PRESS =   214.7
 Etot   =    -28333.6915  EKtot   =      6025.6643  EPtot      =    -34359.3558
 BOND   =       156.3899  ANGLE   =       368.5388  DIHED      =       497.5723
 1-4 NB =       170.9948  1-4 EEL =      -337.9177  VDWAALS    =      3941.4092
 EELEC  =    -39156.3431  EHBOND  =         0.0000  RESTRAINT  =         0.0000
 EKCMT  =      2760.4020  VIRIAL  =      2307.4006  VOLUME     =     97718.3807
                                                    Density    =         1.0415
 Ewald error estimate:   0.1963E-03
 ------------------------------------------------------------------------------


 NSTEP =    31200   TIME(PS) =      82.400  TEMP(K) =   300.64  PRESS =   107.6
 Etot   =    -28329.5377  EKtot   =      5973.7822  EPtot      =    -34303.3199
 BOND   =       151.6087  ANGLE   =       352.5375  DIHED      =       502.3171
 1-4 NB =       177.7362  1-4 EEL =      -343.9270  VDWAALS    =      3959.9515
 EELEC  =    -39103.5441  EHBOND  =         0.0000  RESTRAINT  =         0.0000
 EKCMT  =      2752.4484  VIRIAL  =      2525.2172  VOLUME     =     97765.4286
                                                    Density    =         1.0410
 Ewald error estimate:   0.6030E-04
 ------------------------------------------------------------------------------


 NSTEP =    31300   TIME(PS) =      82.600  TEMP(K) =   298.05  PRESS =    58.5
 Etot   =    -28399.3938  EKtot   =      5922.1935  EPtot      =    -34321.5873
 BOND   =       150.9362  ANGLE   =       362.6757  DIHED      =       498.7182
 1-4 NB =       164.8126  1-4 EEL =      -340.0791  VDWAALS    =      4015.6032
 EELEC  =    -39174.2541  EHBOND  =         0.0000  RESTRAINT  =         0.0000
 EKCMT  =      2762.9508  VIRIAL  =      2639.5271  VOLUME     =     97785.7720
                                                    Density    =         1.0407
 Ewald error estimate:   0.9965E-04
 ------------------------------------------------------------------------------


 NSTEP =    31400   TIME(PS) =      82.800  TEMP(K) =   296.74  PRESS =    70.4
 Etot   =    -28343.1365  EKtot   =      5896.1754  EPtot      =    -34239.3119
 BOND   =       154.7666  ANGLE   =       342.4631  DIHED      =       518.8748
 1-4 NB =       170.1466  1-4 EEL =      -326.1415  VDWAALS    =      3978.5912
 EELEC  =    -39078.0127  EHBOND  =         0.0000  RESTRAINT  =         0.0000
 EKCMT  =      2667.5609  VIRIAL  =      2518.8744  VOLUME     =     97866.0154
                                                    Density    =         1.0399
 Ewald error estimate:   0.6850E-04
 ------------------------------------------------------------------------------


 NSTEP =    31500   TIME(PS) =      83.000  TEMP(K) =   297.25  PRESS =    68.3
 Etot   =    -28374.5651  EKtot   =      5906.2862  EPtot      =    -34280.8513
 BOND   =       145.5673  ANGLE   =       372.4846  DIHED      =       496.6273
 1-4 NB =       175.5370  1-4 EEL =      -348.8305  VDWAALS    =      3896.4519
 EELEC  =    -39018.6888  EHBOND  =         0.0000  RESTRAINT  =         0.0000
 EKCMT  =      2702.4482  VIRIAL  =      2558.1902  VOLUME     =     97800.7880
                                                    Density    =         1.0406
 Ewald error estimate:   0.2069E-03
 ------------------------------------------------------------------------------


 NSTEP =    31600   TIME(PS) =      83.200  TEMP(K) =   294.33  PRESS =   146.0
 Etot   =    -28460.6033  EKtot   =      5848.3828  EPtot      =    -34308.9862
 BOND   =       151.3744  ANGLE   =       361.3815  DIHED      =       505.0004
 1-4 NB =       169.5998  1-4 EEL =      -339.1231  VDWAALS    =      4063.9796
 EELEC  =    -39221.1988  EHBOND  =         0.0000  RESTRAINT  =         0.0000
 EKCMT  =      2669.1765  VIRIAL  =      2360.8343  VOLUME     =     97798.8988
                                                    Density    =         1.0406
 Ewald error estimate:   0.2163E-03
 ------------------------------------------------------------------------------


 NSTEP =    31700   TIME(PS) =      83.400  TEMP(K) =   297.11  PRESS =    83.5
 Etot   =    -28469.3278  EKtot   =      5903.5436  EPtot      =    -34372.8714
 BOND   =       144.7910  ANGLE   =       345.3668  DIHED      =       504.9450
 1-4 NB =       162.9800  1-4 EEL =      -328.6340  VDWAALS    =      3984.6419
 EELEC  =    -39186.9621  EHBOND  =         0.0000  RESTRAINT  =         0.0000
 EKCMT  =      2706.8036  VIRIAL  =      2530.4150  VOLUME     =     97853.0969
                                                    Density    =         1.0400
 Ewald error estimate:   0.4534E-04
 ------------------------------------------------------------------------------


 NSTEP =    31800   TIME(PS) =      83.600  TEMP(K) =   291.78  PRESS =  -261.9
 Etot   =    -28563.1677  EKtot   =      5797.6658  EPtot      =    -34360.8335
 BOND   =       166.5803  ANGLE   =       335.7589  DIHED      =       500.0313
 1-4 NB =       164.9874  1-4 EEL =      -348.3371  VDWAALS    =      4055.9985
 EELEC  =    -39235.8529  EHBOND  =         0.0000  RESTRAINT  =         0.0000
 EKCMT  =      2679.6426  VIRIAL  =      3232.9588  VOLUME     =     97852.9927
                                                    Density    =         1.0400
 Ewald error estimate:   0.2274E-03
 ------------------------------------------------------------------------------


 NSTEP =    31900   TIME(PS) =      83.800  TEMP(K) =   292.46  PRESS =    49.8
 Etot   =    -28428.8883  EKtot   =      5811.0658  EPtot      =    -34239.9541
 BOND   =       152.0987  ANGLE   =       336.3960  DIHED      =       508.8038
 1-4 NB =       174.8249  1-4 EEL =      -328.5361  VDWAALS    =      3986.6740
 EELEC  =    -39070.2153  EHBOND  =         0.0000  RESTRAINT  =         0.0000
 EKCMT  =      2716.2708  VIRIAL  =      2611.0692  VOLUME     =     97835.7355
                                                    Density    =         1.0402
 Ewald error estimate:   0.6070E-04
 ------------------------------------------------------------------------------


 NSTEP =    32000   TIME(PS) =      84.000  TEMP(K) =   296.97  PRESS =   104.8
 Etot   =    -28384.8830  EKtot   =      5900.8001  EPtot      =    -34285.6831
 BOND   =       148.1327  ANGLE   =       375.5480  DIHED      =       506.4113
 1-4 NB =       172.9691  1-4 EEL =      -351.7158  VDWAALS    =      4070.4606
 EELEC  =    -39207.4890  EHBOND  =         0.0000  RESTRAINT  =         0.0000
 EKCMT  =      2712.8639  VIRIAL  =      2491.6614  VOLUME     =     97792.9528
                                                    Density    =         1.0407
 Ewald error estimate:   0.3789E-05
 ------------------------------------------------------------------------------


 NSTEP =    32100   TIME(PS) =      84.200  TEMP(K) =   299.71  PRESS =  -211.6
 Etot   =    -28369.4081  EKtot   =      5955.2092  EPtot      =    -34324.6173
 BOND   =       167.5585  ANGLE   =       350.0323  DIHED      =       502.0446
 1-4 NB =       168.4404  1-4 EEL =      -336.1834  VDWAALS    =      3930.7668
 EELEC  =    -39107.2767  EHBOND  =         0.0000  RESTRAINT  =         0.0000
 EKCMT  =      2729.9450  VIRIAL  =      3176.6081  VOLUME     =     97760.7672
                                                    Density    =         1.0410
 Ewald error estimate:   0.1879E-03
 ------------------------------------------------------------------------------


 NSTEP =    32200   TIME(PS) =      84.400  TEMP(K) =   301.92  PRESS =   151.4
 Etot   =    -28412.7262  EKtot   =      5999.0606  EPtot      =    -34411.7868
 BOND   =       167.4920  ANGLE   =       374.0145  DIHED      =       501.5490
 1-4 NB =       168.7151  1-4 EEL =      -332.2598  VDWAALS    =      4035.7269
 EELEC  =    -39327.0246  EHBOND  =         0.0000  RESTRAINT  =         0.0000
 EKCMT  =      2753.5071  VIRIAL  =      2434.0631  VOLUME     =     97726.9257
                                                    Density    =         1.0414
 Ewald error estimate:   0.9941E-04
 ------------------------------------------------------------------------------


 NSTEP =    32300   TIME(PS) =      84.600  TEMP(K) =   298.66  PRESS =  -367.2
 Etot   =    -28459.1566  EKtot   =      5934.3802  EPtot      =    -34393.5368
 BOND   =       163.4834  ANGLE   =       339.6020  DIHED      =       497.7703
 1-4 NB =       164.0880  1-4 EEL =      -332.8667  VDWAALS    =      3918.3026
 EELEC  =    -39143.9164  EHBOND  =         0.0000  RESTRAINT  =         0.0000
 EKCMT  =      2742.0533  VIRIAL  =      3516.7176  VOLUME     =     97713.0491
                                                    Density    =         1.0415
 Ewald error estimate:   0.2206E-03
 ------------------------------------------------------------------------------


 NSTEP =    32400   TIME(PS) =      84.800  TEMP(K) =   294.10  PRESS =  -268.5
 Etot   =    -28479.6640  EKtot   =      5843.7238  EPtot      =    -34323.3877
 BOND   =       159.7328  ANGLE   =       355.5192  DIHED      =       502.7358
 1-4 NB =       157.9214  1-4 EEL =      -347.6657  VDWAALS    =      3871.3269
 EELEC  =    -39022.9581  EHBOND  =         0.0000  RESTRAINT  =         0.0000
 EKCMT  =      2667.9115  VIRIAL  =      3234.1754  VOLUME     =     97671.2866
                                                    Density    =         1.0420
 Ewald error estimate:   0.2411E-03
 ------------------------------------------------------------------------------


 NSTEP =    32500   TIME(PS) =      85.000  TEMP(K) =   298.42  PRESS =   -52.8
 Etot   =    -28440.7136  EKtot   =      5929.6348  EPtot      =    -34370.3484
 BOND   =       139.7277  ANGLE   =       347.8468  DIHED      =       503.2907
 1-4 NB =       162.2382  1-4 EEL =      -340.9274  VDWAALS    =      3841.6392
 EELEC  =    -39024.1635  EHBOND  =         0.0000  RESTRAINT  =         0.0000
 EKCMT  =      2733.9608  VIRIAL  =      2845.2250  VOLUME     =     97586.9773
                                                    Density    =         1.0429
 Ewald error estimate:   0.1674E-04
 ------------------------------------------------------------------------------


 NSTEP =    32600   TIME(PS) =      85.200  TEMP(K) =   296.56  PRESS =  -238.7
 Etot   =    -28420.2233  EKtot   =      5892.5530  EPtot      =    -34312.7764
 BOND   =       144.3656  ANGLE   =       341.8820  DIHED      =       494.1558
 1-4 NB =       179.4876  1-4 EEL =      -345.0628  VDWAALS    =      3947.9136
 EELEC  =    -39075.5182  EHBOND  =         0.0000  RESTRAINT  =         0.0000
 EKCMT  =      2677.1582  VIRIAL  =      3179.9124  VOLUME     =     97546.8892
                                                    Density    =         1.0433
 Ewald error estimate:   0.1877E-03
 ------------------------------------------------------------------------------


 NSTEP =    32700   TIME(PS) =      85.400  TEMP(K) =   301.31  PRESS =    40.8
 Etot   =    -28358.8082  EKtot   =      5987.0739  EPtot      =    -34345.8821
 BOND   =       161.3716  ANGLE   =       334.7492  DIHED      =       498.9760
 1-4 NB =       171.2443  1-4 EEL =      -358.3965  VDWAALS    =      3989.1679
 EELEC  =    -39142.9946  EHBOND  =         0.0000  RESTRAINT  =         0.0000
 EKCMT  =      2768.8589  VIRIAL  =      2682.8142  VOLUME     =     97569.2923
                                                    Density    =         1.0431
 Ewald error estimate:   0.2333E-03
 ------------------------------------------------------------------------------


 NSTEP =    32800   TIME(PS) =      85.600  TEMP(K) =   299.42  PRESS =  -291.5
 Etot   =    -28359.6877  EKtot   =      5949.4537  EPtot      =    -34309.1413
 BOND   =       150.4902  ANGLE   =       318.4568  DIHED      =       504.8054
 1-4 NB =       170.5015  1-4 EEL =      -329.4857  VDWAALS    =      3832.5182
 EELEC  =    -38956.4278  EHBOND  =         0.0000  RESTRAINT  =         0.0000
 EKCMT  =      2704.1767  VIRIAL  =      3318.0925  VOLUME     =     97550.4386
                                                    Density    =         1.0433
 Ewald error estimate:   0.1798E-03
 ------------------------------------------------------------------------------


 NSTEP =    32900   TIME(PS) =      85.800  TEMP(K) =   300.41  PRESS =   248.4
 Etot   =    -28290.0356  EKtot   =      5969.0748  EPtot      =    -34259.1104
 BOND   =       132.9929  ANGLE   =       333.6787  DIHED      =       510.8862
 1-4 NB =       172.2235  1-4 EEL =      -318.7141  VDWAALS    =      4065.9902
 EELEC  =    -39156.1679  EHBOND  =         0.0000  RESTRAINT  =         0.0000
 EKCMT  =      2740.8368  VIRIAL  =      2217.7348  VOLUME     =     97521.9144
                                                    Density    =         1.0436
 Ewald error estimate:   0.6697E-04
 ------------------------------------------------------------------------------


 NSTEP =    33000   TIME(PS) =      86.000  TEMP(K) =   300.10  PRESS =   356.6
 Etot   =    -28334.8694  EKtot   =      5962.9409  EPtot      =    -34297.8103
 BOND   =       152.1159  ANGLE   =       345.2143  DIHED      =       520.7649
 1-4 NB =       165.1365  1-4 EEL =      -342.3973  VDWAALS    =      3983.7605
 EELEC  =    -39122.4052  EHBOND  =         0.0000  RESTRAINT  =         0.0000
 EKCMT  =      2762.5722  VIRIAL  =      2010.5141  VOLUME     =     97677.5718
                                                    Density    =         1.0419
 Ewald error estimate:   0.1034E-03
 ------------------------------------------------------------------------------


 NSTEP =    33100   TIME(PS) =      86.200  TEMP(K) =   296.31  PRESS =   119.6
 Etot   =    -28387.8276  EKtot   =      5887.6193  EPtot      =    -34275.4469
 BOND   =       152.8039  ANGLE   =       348.9550  DIHED      =       516.3275
 1-4 NB =       170.5645  1-4 EEL =      -322.4069  VDWAALS    =      4056.8355
 EELEC  =    -39198.5264  EHBOND  =         0.0000  RESTRAINT  =         0.0000
 EKCMT  =      2685.1277  VIRIAL  =      2432.8076  VOLUME     =     97729.8082
                                                    Density    =         1.0413
 Ewald error estimate:   0.1178E-03
 ------------------------------------------------------------------------------


 NSTEP =    33200   TIME(PS) =      86.400  TEMP(K) =   297.94  PRESS =  -505.7
 Etot   =    -28358.5575  EKtot   =      5920.0417  EPtot      =    -34278.5992
 BOND   =       166.1439  ANGLE   =       366.8656  DIHED      =       495.1709
 1-4 NB =       164.1931  1-4 EEL =      -359.7032  VDWAALS    =      3761.8201
 EELEC  =    -38873.0897  EHBOND  =         0.0000  RESTRAINT  =         0.0000
 EKCMT  =      2707.8947  VIRIAL  =      3774.2367  VOLUME     =     97658.3787
                                                    Density    =         1.0421
 Ewald error estimate:   0.7230E-04
 ------------------------------------------------------------------------------


 NSTEP =    33300   TIME(PS) =      86.600  TEMP(K) =   299.84  PRESS =  -155.0
 Etot   =    -28371.7948  EKtot   =      5957.7776  EPtot      =    -34329.5724
 BOND   =       160.8233  ANGLE   =       344.4951  DIHED      =       511.0974
 1-4 NB =       176.9515  1-4 EEL =      -352.0590  VDWAALS    =      3956.2424
 EELEC  =    -39127.1231  EHBOND  =         0.0000  RESTRAINT  =         0.0000
 EKCMT  =      2777.9387  VIRIAL  =      3104.6042  VOLUME     =     97614.3080
                                                    Density    =         1.0426
 Ewald error estimate:   0.2033E-03
 ------------------------------------------------------------------------------


 NSTEP =    33400   TIME(PS) =      86.800  TEMP(K) =   300.85  PRESS =  -241.4
 Etot   =    -28329.8911  EKtot   =      5977.8843  EPtot      =    -34307.7753
 BOND   =       136.1651  ANGLE   =       358.3664  DIHED      =       513.8476
 1-4 NB =       168.4849  1-4 EEL =      -347.5630  VDWAALS    =      3900.7171
 EELEC  =    -39037.7934  EHBOND  =         0.0000  RESTRAINT  =         0.0000
 EKCMT  =      2748.1873  VIRIAL  =      3257.2601  VOLUME     =     97656.1709
                                                    Density    =         1.0421
 Ewald error estimate:   0.1040E-03
 ------------------------------------------------------------------------------


 NSTEP =    33500   TIME(PS) =      87.000  TEMP(K) =   301.93  PRESS =  -104.7
 Etot   =    -28269.3032  EKtot   =      5999.2887  EPtot      =    -34268.5919
 BOND   =       151.9020  ANGLE   =       331.9028  DIHED      =       513.2373
 1-4 NB =       164.7606  1-4 EEL =      -335.6348  VDWAALS    =      3902.4364
 EELEC  =    -38997.1963  EHBOND  =         0.0000  RESTRAINT  =         0.0000
 EKCMT  =      2759.3468  VIRIAL  =      2979.9580  VOLUME     =     97628.6523
                                                    Density    =         1.0424
 Ewald error estimate:   0.2527E-03
 ------------------------------------------------------------------------------


 NSTEP =    33600   TIME(PS) =      87.200  TEMP(K) =   301.25  PRESS =   414.3
 Etot   =    -28261.0524  EKtot   =      5985.8532  EPtot      =    -34246.9056
 BOND   =       160.0706  ANGLE   =       342.2437  DIHED      =       515.3896
 1-4 NB =       185.4721  1-4 EEL =      -355.0427  VDWAALS    =      4049.2623
 EELEC  =    -39144.3012  EHBOND  =         0.0000  RESTRAINT  =         0.0000
 EKCMT  =      2757.0986  VIRIAL  =      1883.1551  VOLUME     =     97692.5285
                                                    Density    =         1.0417
 Ewald error estimate:   0.1153E-03
 ------------------------------------------------------------------------------


 NSTEP =    33700   TIME(PS) =      87.400  TEMP(K) =   303.12  PRESS =    98.2
 Etot   =    -28302.5485  EKtot   =      6022.8781  EPtot      =    -34325.4266
 BOND   =       165.4848  ANGLE   =       346.0168  DIHED      =       522.9478
 1-4 NB =       170.3474  1-4 EEL =      -359.1756  VDWAALS    =      4015.6262
 EELEC  =    -39186.6739  EHBOND  =         0.0000  RESTRAINT  =         0.0000
 EKCMT  =      2740.6000  VIRIAL  =      2533.1881  VOLUME     =     97810.7433
                                                    Density    =         1.0405
 Ewald error estimate:   0.4846E-04
 ------------------------------------------------------------------------------


 NSTEP =    33800   TIME(PS) =      87.600  TEMP(K) =   301.31  PRESS =    71.6
 Etot   =    -28279.3614  EKtot   =      5986.9542  EPtot      =    -34266.3156
 BOND   =       169.7636  ANGLE   =       358.6369  DIHED      =       515.7892
 1-4 NB =       172.4548  1-4 EEL =      -348.4954  VDWAALS    =      4016.4707
 EELEC  =    -39150.9354  EHBOND  =         0.0000  RESTRAINT  =         0.0000
 EKCMT  =      2759.8878  VIRIAL  =      2608.5509  VOLUME     =     97880.8858
                                                    Density    =         1.0397
 Ewald error estimate:   0.2173E-03
 ------------------------------------------------------------------------------


 NSTEP =    33900   TIME(PS) =      87.800  TEMP(K) =   299.54  PRESS =    49.5
 Etot   =    -28334.6734  EKtot   =      5951.8022  EPtot      =    -34286.4756
 BOND   =       171.6683  ANGLE   =       349.8428  DIHED      =       520.4005
 1-4 NB =       178.7611  1-4 EEL =      -364.5297  VDWAALS    =      3961.3368
 EELEC  =    -39103.9554  EHBOND  =         0.0000  RESTRAINT  =         0.0000
 EKCMT  =      2663.3144  VIRIAL  =      2558.6538  VOLUME     =     97926.6709
                                                    Density    =         1.0392
 Ewald error estimate:   0.4903E-04
 ------------------------------------------------------------------------------


 NSTEP =    34000   TIME(PS) =      88.000  TEMP(K) =   303.08  PRESS =  -332.4
 Etot   =    -28367.3835  EKtot   =      6022.2488  EPtot      =    -34389.6324
 BOND   =       162.3148  ANGLE   =       351.4471  DIHED      =       510.7458
 1-4 NB =       169.0850  1-4 EEL =      -317.6450  VDWAALS    =      3977.3864
 EELEC  =    -39242.9665  EHBOND  =         0.0000  RESTRAINT  =         0.0000
 EKCMT  =      2721.0802  VIRIAL  =      3424.3007  VOLUME     =     97974.7376
                                                    Density    =         1.0387
 Ewald error estimate:   0.2036E-03
 ------------------------------------------------------------------------------


 NSTEP =    34100   TIME(PS) =      88.200  TEMP(K) =   302.55  PRESS =   126.3
 Etot   =    -28383.2091  EKtot   =      6011.6548  EPtot      =    -34394.8639
 BOND   =       160.6799  ANGLE   =       367.7582  DIHED      =       514.5062
 1-4 NB =       168.7700  1-4 EEL =      -344.4717  VDWAALS    =      3986.7924
 EELEC  =    -39248.8989  EHBOND  =         0.0000  RESTRAINT  =         0.0000
 EKCMT  =      2738.2101  VIRIAL  =      2470.9562  VOLUME     =     98005.0111
                                                    Density    =         1.0384
 Ewald error estimate:   0.1333E-03
 ------------------------------------------------------------------------------


 NSTEP =    34200   TIME(PS) =      88.400  TEMP(K) =   299.99  PRESS =    64.7
 Etot   =    -28338.9843  EKtot   =      5960.7006  EPtot      =    -34299.6849
 BOND   =       167.6677  ANGLE   =       374.1387  DIHED      =       506.7199
 1-4 NB =       166.1462  1-4 EEL =      -321.3834  VDWAALS    =      4060.8915
 EELEC  =    -39253.8655  EHBOND  =         0.0000  RESTRAINT  =         0.0000
 EKCMT  =      2688.4831  VIRIAL  =      2551.4830  VOLUME     =     98081.1629
                                                    Density    =         1.0376
 Ewald error estimate:   0.9092E-05
 ------------------------------------------------------------------------------


 NSTEP =    34300   TIME(PS) =      88.600  TEMP(K) =   302.90  PRESS =    57.5
 Etot   =    -28358.6053  EKtot   =      6018.5571  EPtot      =    -34377.1624
 BOND   =       173.8854  ANGLE   =       372.1886  DIHED      =       518.4097
 1-4 NB =       173.6028  1-4 EEL =      -355.8824  VDWAALS    =      3984.4562
 EELEC  =    -39243.8227  EHBOND  =         0.0000  RESTRAINT  =         0.0000
 EKCMT  =      2769.2471  VIRIAL  =      2647.4156  VOLUME     =     98095.7227
                                                    Density    =         1.0375
 Ewald error estimate:   0.9884E-04
 ------------------------------------------------------------------------------


 NSTEP =    34400   TIME(PS) =      88.800  TEMP(K) =   298.94  PRESS =   534.5
 Etot   =    -28321.6284  EKtot   =      5939.8919  EPtot      =    -34261.5203
 BOND   =       158.9385  ANGLE   =       361.5355  DIHED      =       504.2075
 1-4 NB =       168.7904  1-4 EEL =      -345.3414  VDWAALS    =      4125.7139
 EELEC  =    -39235.3648  EHBOND  =         0.0000  RESTRAINT  =         0.0000
 EKCMT  =      2686.8475  VIRIAL  =      1554.3877  VOLUME     =     98134.0031
                                                    Density    =         1.0371
 Ewald error estimate:   0.8239E-04
 ------------------------------------------------------------------------------


 NSTEP =    34500   TIME(PS) =      89.000  TEMP(K) =   301.69  PRESS =  -138.6
 Etot   =    -28256.7465  EKtot   =      5994.5829  EPtot      =    -34251.3293
 BOND   =       155.7143  ANGLE   =       350.9340  DIHED      =       517.5156
 1-4 NB =       175.2778  1-4 EEL =      -333.7947  VDWAALS    =      3949.7380
 EELEC  =    -39066.7144  EHBOND  =         0.0000  RESTRAINT  =         0.0000
 EKCMT  =      2762.3942  VIRIAL  =      3056.1079  VOLUME     =     98136.8747
                                                    Density    =         1.0370
 Ewald error estimate:   0.2291E-03
 ------------------------------------------------------------------------------


 NSTEP =    34600   TIME(PS) =      89.200  TEMP(K) =   302.03  PRESS =   -74.7
 Etot   =    -28245.1041  EKtot   =      6001.2844  EPtot      =    -34246.3885
 BOND   =       168.6550  ANGLE   =       342.6679  DIHED      =       521.3545
 1-4 NB =       175.6678  1-4 EEL =      -353.3130  VDWAALS    =      3921.1623
 EELEC  =    -39022.5830  EHBOND  =         0.0000  RESTRAINT  =         0.0000
 EKCMT  =      2722.1945  VIRIAL  =      2880.4685  VOLUME     =     98153.7586
                                                    Density    =         1.0368
 Ewald error estimate:   0.6844E-04
 ------------------------------------------------------------------------------


 NSTEP =    34700   TIME(PS) =      89.400  TEMP(K) =   301.24  PRESS =   163.5
 Etot   =    -28238.9699  EKtot   =      5985.5411  EPtot      =    -34224.5110
 BOND   =       158.9559  ANGLE   =       371.9173  DIHED      =       505.8760
 1-4 NB =       172.5361  1-4 EEL =      -350.6664  VDWAALS    =      3932.7538
 EELEC  =    -39015.8838  EHBOND  =         0.0000  RESTRAINT  =         0.0000
 EKCMT  =      2725.5193  VIRIAL  =      2378.8170  VOLUME     =     98199.4853
                                                    Density    =         1.0364
 Ewald error estimate:   0.2070E-03
 ------------------------------------------------------------------------------


 NSTEP =    34800   TIME(PS) =      89.600  TEMP(K) =   299.07  PRESS =   383.6
 Etot   =    -28266.1518  EKtot   =      5942.5327  EPtot      =    -34208.6844
 BOND   =       140.5354  ANGLE   =       359.4510  DIHED      =       502.7376
 1-4 NB =       163.5967  1-4 EEL =      -341.6520  VDWAALS    =      4055.5969
 EELEC  =    -39088.9500  EHBOND  =         0.0000  RESTRAINT  =         0.0000
 EKCMT  =      2687.6871  VIRIAL  =      1873.7876  VOLUME     =     98256.2968
                                                    Density    =         1.0358
 Ewald error estimate:   0.1047E-03
 ------------------------------------------------------------------------------


 NSTEP =    34900   TIME(PS) =      89.800  TEMP(K) =   300.92  PRESS =  -106.4
 Etot   =    -28276.0999  EKtot   =      5979.3486  EPtot      =    -34255.4485
 BOND   =       165.2021  ANGLE   =       348.2636  DIHED      =       511.6278
 1-4 NB =       163.3981  1-4 EEL =      -363.6770  VDWAALS    =      4000.9422
 EELEC  =    -39081.2053  EHBOND  =         0.0000  RESTRAINT  =         0.0000
 EKCMT  =      2735.8549  VIRIAL  =      2961.4110  VOLUME     =     98227.7811
                                                    Density    =         1.0361
 Ewald error estimate:   0.3107E-04
 ------------------------------------------------------------------------------


 NSTEP =    35000   TIME(PS) =      90.000  TEMP(K) =   299.49  PRESS =    38.3
 Etot   =    -28227.6929  EKtot   =      5950.7624  EPtot      =    -34178.4553
 BOND   =       154.3996  ANGLE   =       344.9099  DIHED      =       502.1347
 1-4 NB =       172.2300  1-4 EEL =      -337.7745  VDWAALS    =      3841.0131
 EELEC  =    -38855.3682  EHBOND  =         0.0000  RESTRAINT  =         0.0000
 EKCMT  =      2712.5748  VIRIAL  =      2631.4206  VOLUME     =     98149.7050
                                                    Density    =         1.0369
 Ewald error estimate:   0.2014E-03
 ------------------------------------------------------------------------------


 NSTEP =    35100   TIME(PS) =      90.200  TEMP(K) =   295.52  PRESS =  -465.3
 Etot   =    -28295.5377  EKtot   =      5871.8874  EPtot      =    -34167.4251
 BOND   =       178.8198  ANGLE   =       371.1418  DIHED      =       511.1916
 1-4 NB =       166.1373  1-4 EEL =      -351.4336  VDWAALS    =      3908.3188
 EELEC  =    -38951.6009  EHBOND  =         0.0000  RESTRAINT  =         0.0000
 EKCMT  =      2688.1677  VIRIAL  =      3673.2951  VOLUME     =     98058.5934
                                                    Density    =         1.0379
 Ewald error estimate:   0.1421E-03
 ------------------------------------------------------------------------------


 NSTEP =    35200   TIME(PS) =      90.400  TEMP(K) =   299.75  PRESS =  -106.3
 Etot   =    -28306.4365  EKtot   =      5956.0299  EPtot      =    -34262.4665
 BOND   =       164.8495  ANGLE   =       360.0381  DIHED      =       499.4199
 1-4 NB =       178.6402  1-4 EEL =      -356.7196  VDWAALS    =      3913.2057
 EELEC  =    -39021.9003  EHBOND  =         0.0000  RESTRAINT  =         0.0000
 EKCMT  =      2738.1257  VIRIAL  =      2962.9982  VOLUME     =     97977.7017
                                                    Density    =         1.0387
 Ewald error estimate:   0.1529E-03
 ------------------------------------------------------------------------------


 NSTEP =    35300   TIME(PS) =      90.600  TEMP(K) =   299.68  PRESS =  -206.8
 Etot   =    -28307.1671  EKtot   =      5954.5812  EPtot      =    -34261.7483
 BOND   =       159.9265  ANGLE   =       355.7872  DIHED      =       498.1937
 1-4 NB =       172.0875  1-4 EEL =      -325.9425  VDWAALS    =      3901.4309
 EELEC  =    -39023.2316  EHBOND  =         0.0000  RESTRAINT  =         0.0000
 EKCMT  =      2751.1408  VIRIAL  =      3188.8212  VOLUME     =     98026.3194
                                                    Density    =         1.0382
 Ewald error estimate:   0.1146E-04
 ------------------------------------------------------------------------------


 NSTEP =    35400   TIME(PS) =      90.800  TEMP(K) =   298.87  PRESS =    81.7
 Etot   =    -28374.1464  EKtot   =      5938.5484  EPtot      =    -34312.6948
 BOND   =       144.2318  ANGLE   =       351.2916  DIHED      =       515.3135
 1-4 NB =       167.9222  1-4 EEL =      -357.1680  VDWAALS    =      3958.8684
 EELEC  =    -39093.1544  EHBOND  =         0.0000  RESTRAINT  =         0.0000
 EKCMT  =      2712.8628  VIRIAL  =      2539.9068  VOLUME     =     98011.0744
                                                    Density    =         1.0384
 Ewald error estimate:   0.2370E-03
 ------------------------------------------------------------------------------


 NSTEP =    35500   TIME(PS) =      91.000  TEMP(K) =   297.30  PRESS =  -159.7
 Etot   =    -28378.7550  EKtot   =      5907.3131  EPtot      =    -34286.0681
 BOND   =       147.3706  ANGLE   =       372.8901  DIHED      =       501.9384
 1-4 NB =       164.4699  1-4 EEL =      -345.3491  VDWAALS    =      3932.1371
 EELEC  =    -39059.5251  EHBOND  =         0.0000  RESTRAINT  =         0.0000
 EKCMT  =      2739.4136  VIRIAL  =      3077.4639  VOLUME     =     98016.7765
                                                    Density    =         1.0383
 Ewald error estimate:   0.2764E-03
 ------------------------------------------------------------------------------


 NSTEP =    35600   TIME(PS) =      91.200  TEMP(K) =   295.75  PRESS =   247.2
 Etot   =    -28392.2839  EKtot   =      5876.5125  EPtot      =    -34268.7964
 BOND   =       145.3201  ANGLE   =       345.4817  DIHED      =       503.0688
 1-4 NB =       178.4965  1-4 EEL =      -336.1103  VDWAALS    =      3906.1824
 EELEC  =    -39011.2355  EHBOND  =         0.0000  RESTRAINT  =         0.0000
 EKCMT  =      2683.8455  VIRIAL  =      2160.8061  VOLUME     =     97996.8159
                                                    Density    =         1.0385
 Ewald error estimate:   0.1378E-04
 ------------------------------------------------------------------------------


 NSTEP =    35700   TIME(PS) =      91.400  TEMP(K) =   297.69  PRESS =    76.2
 Etot   =    -28372.0706  EKtot   =      5915.1024  EPtot      =    -34287.1730
 BOND   =       168.1992  ANGLE   =       352.6389  DIHED      =       493.7920
 1-4 NB =       156.5976  1-4 EEL =      -328.1421  VDWAALS    =      4031.9056
 EELEC  =    -39162.1643  EHBOND  =         0.0000  RESTRAINT  =         0.0000
 EKCMT  =      2783.7432  VIRIAL  =      2622.3308  VOLUME     =     98088.3017
                                                    Density    =         1.0375
 Ewald error estimate:   0.8030E-04
 ------------------------------------------------------------------------------


 NSTEP =    35800   TIME(PS) =      91.600  TEMP(K) =   302.14  PRESS =  -183.1
 Etot   =    -28278.0691  EKtot   =      6003.4213  EPtot      =    -34281.4905
 BOND   =       159.8528  ANGLE   =       363.1576  DIHED      =       505.0204
 1-4 NB =       175.4189  1-4 EEL =      -337.4014  VDWAALS    =      3940.8120
 EELEC  =    -39088.3508  EHBOND  =         0.0000  RESTRAINT  =         0.0000
 EKCMT  =      2809.7018  VIRIAL  =      3197.4546  VOLUME     =     98092.9198
                                                    Density    =         1.0375
 Ewald error estimate:   0.1704E-03
 ------------------------------------------------------------------------------


 NSTEP =    35900   TIME(PS) =      91.800  TEMP(K) =   303.31  PRESS =   -94.1
 Etot   =    -28233.1756  EKtot   =      6026.7536  EPtot      =    -34259.9292
 BOND   =       161.9669  ANGLE   =       351.7146  DIHED      =       501.8592
 1-4 NB =       167.9100  1-4 EEL =      -349.0226  VDWAALS    =      3917.9190
 EELEC  =    -39012.2763  EHBOND  =         0.0000  RESTRAINT  =         0.0000
 EKCMT  =      2758.7720  VIRIAL  =      2958.0519  VOLUME     =     98049.5247
                                                    Density    =         1.0379
 Ewald error estimate:   0.3076E-04
 ------------------------------------------------------------------------------


 NSTEP =    36000   TIME(PS) =      92.000  TEMP(K) =   300.28  PRESS =   -35.9
 Etot   =    -28157.8886  EKtot   =      5966.4769  EPtot      =    -34124.3655
 BOND   =       153.3498  ANGLE   =       351.7129  DIHED      =       503.7992
 1-4 NB =       182.5222  1-4 EEL =      -354.4990  VDWAALS    =      3966.5672
 EELEC  =    -38927.8179  EHBOND  =         0.0000  RESTRAINT  =         0.0000
 EKCMT  =      2747.6767  VIRIAL  =      2823.6352  VOLUME     =     98060.9259
                                                    Density    =         1.0378
 Ewald error estimate:   0.3631E-04
 ------------------------------------------------------------------------------


 NSTEP =    36100   TIME(PS) =      92.200  TEMP(K) =   301.74  PRESS =   286.6
 Etot   =    -28253.1914  EKtot   =      5995.5949  EPtot      =    -34248.7864
 BOND   =       164.5524  ANGLE   =       346.5806  DIHED      =       517.8564
 1-4 NB =       171.9665  1-4 EEL =      -349.1003  VDWAALS    =      4069.4753
 EELEC  =    -39170.1172  EHBOND  =         0.0000  RESTRAINT  =         0.0000
 EKCMT  =      2717.1515  VIRIAL  =      2110.6668  VOLUME     =     98019.2503
                                                    Density    =         1.0383
 Ewald error estimate:   0.5749E-04
 ------------------------------------------------------------------------------


 NSTEP =    36200   TIME(PS) =      92.400  TEMP(K) =   303.43  PRESS =  -304.5
 Etot   =    -28289.7505  EKtot   =      6029.2063  EPtot      =    -34318.9568
 BOND   =       149.6664  ANGLE   =       347.6073  DIHED      =       505.7684
 1-4 NB =       175.2850  1-4 EEL =      -339.7098  VDWAALS    =      3922.9229
 EELEC  =    -39080.4971  EHBOND  =         0.0000  RESTRAINT  =         0.0000
 EKCMT  =      2776.3763  VIRIAL  =      3421.8204  VOLUME     =     98176.2026
                                                    Density    =         1.0366
 Ewald error estimate:   0.1720E-03
 ------------------------------------------------------------------------------


 NSTEP =    36300   TIME(PS) =      92.600  TEMP(K) =   300.48  PRESS =  -130.3
 Etot   =    -28276.9257  EKtot   =      5970.5853  EPtot      =    -34247.5111
 BOND   =       150.9590  ANGLE   =       346.9740  DIHED      =       501.3081
 1-4 NB =       163.2727  1-4 EEL =      -326.9172  VDWAALS    =      3947.4168
 EELEC  =    -39030.5244  EHBOND  =         0.0000  RESTRAINT  =         0.0000
 EKCMT  =      2752.1153  VIRIAL  =      3028.1057  VOLUME     =     98117.6802
                                                    Density    =         1.0372
 Ewald error estimate:   0.9706E-05
 ------------------------------------------------------------------------------


 NSTEP =    36400   TIME(PS) =      92.800  TEMP(K) =   299.51  PRESS =  -103.2
 Etot   =    -28274.6245  EKtot   =      5951.2636  EPtot      =    -34225.8881
 BOND   =       136.3451  ANGLE   =       366.6496  DIHED      =       508.3965
 1-4 NB =       167.3000  1-4 EEL =      -319.5760  VDWAALS    =      3870.5978
 EELEC  =    -38955.6010  EHBOND  =         0.0000  RESTRAINT  =         0.0000
 EKCMT  =      2728.1443  VIRIAL  =      2946.6429  VOLUME     =     98027.5866
                                                    Density    =         1.0382
 Ewald error estimate:   0.2216E-04
 ------------------------------------------------------------------------------


 NSTEP =    36500   TIME(PS) =      93.000  TEMP(K) =   300.53  PRESS =  -335.1
 Etot   =    -28291.3017  EKtot   =      5971.5664  EPtot      =    -34262.8682
 BOND   =       157.4496  ANGLE   =       334.7012  DIHED      =       505.5272
 1-4 NB =       169.5435  1-4 EEL =      -334.1536  VDWAALS    =      3817.9172
 EELEC  =    -38913.8531  EHBOND  =         0.0000  RESTRAINT  =         0.0000
 EKCMT  =      2748.0316  VIRIAL  =      3457.1664  VOLUME     =     98004.8663
                                                    Density    =         1.0384
 Ewald error estimate:   0.1022E-03
 ------------------------------------------------------------------------------


 NSTEP =    36600   TIME(PS) =      93.200  TEMP(K) =   300.02  PRESS =  -225.5
 Etot   =    -28307.2195  EKtot   =      5961.2908  EPtot      =    -34268.5103
 BOND   =       150.7441  ANGLE   =       351.5443  DIHED      =       499.7647
 1-4 NB =       168.8570  1-4 EEL =      -350.4697  VDWAALS    =      3929.7465
 EELEC  =    -39018.6972  EHBOND  =         0.0000  RESTRAINT  =         0.0000
 EKCMT  =      2784.2768  VIRIAL  =      3261.4386  VOLUME     =     98015.0900
                                                    Density    =         1.0383
 Ewald error estimate:   0.2482E-03
 ------------------------------------------------------------------------------


 NSTEP =    36700   TIME(PS) =      93.400  TEMP(K) =   298.17  PRESS =  -406.6
 Etot   =    -28332.9084  EKtot   =      5924.7144  EPtot      =    -34257.6228
 BOND   =       130.4950  ANGLE   =       358.7859  DIHED      =       503.8389
 1-4 NB =       163.7116  1-4 EEL =      -355.4569  VDWAALS    =      3892.8275
 EELEC  =    -38951.8247  EHBOND  =         0.0000  RESTRAINT  =         0.0000
 EKCMT  =      2759.5749  VIRIAL  =      3620.0721  VOLUME     =     98010.8389
                                                    Density    =         1.0384
 Ewald error estimate:   0.1380E-03
 ------------------------------------------------------------------------------


 NSTEP =    36800   TIME(PS) =      93.600  TEMP(K) =   301.41  PRESS =  -469.2
 Etot   =    -28384.2706  EKtot   =      5988.8992  EPtot      =    -34373.1698
 BOND   =       137.4958  ANGLE   =       361.0985  DIHED      =       501.8778
 1-4 NB =       167.8092  1-4 EEL =      -326.7167  VDWAALS    =      3873.1562
 EELEC  =    -39087.8906  EHBOND  =         0.0000  RESTRAINT  =         0.0000
 EKCMT  =      2729.3306  VIRIAL  =      3722.1670  VOLUME     =     97999.8281
                                                    Density    =         1.0385
 Ewald error estimate:   0.1657E-03
 ------------------------------------------------------------------------------


 NSTEP =    36900   TIME(PS) =      93.800  TEMP(K) =   301.12  PRESS =   109.1
 Etot   =    -28267.8117  EKtot   =      5983.2697  EPtot      =    -34251.0814
 BOND   =       142.5522  ANGLE   =       342.4256  DIHED      =       505.8445
 1-4 NB =       166.5683  1-4 EEL =      -326.4113  VDWAALS    =      3970.8514
 EELEC  =    -39052.9121  EHBOND  =         0.0000  RESTRAINT  =         0.0000
 EKCMT  =      2745.5456  VIRIAL  =      2514.7507  VOLUME     =     97961.2914
                                                    Density    =         1.0389
 Ewald error estimate:   0.4787E-04
 ------------------------------------------------------------------------------


 NSTEP =    37000   TIME(PS) =      94.000  TEMP(K) =   301.14  PRESS =  -224.6
 Etot   =    -28312.1972  EKtot   =      5983.6031  EPtot      =    -34295.8003
 BOND   =       145.5724  ANGLE   =       331.0039  DIHED      =       506.8880
 1-4 NB =       180.0524  1-4 EEL =      -357.2303  VDWAALS    =      3874.6823
 EELEC  =    -38976.7691  EHBOND  =         0.0000  RESTRAINT  =         0.0000
 EKCMT  =      2732.6562  VIRIAL  =      3207.8473  VOLUME     =     97984.5194
                                                    Density    =         1.0386
 Ewald error estimate:   0.2855E-04
 ------------------------------------------------------------------------------


 NSTEP =    37100   TIME(PS) =      94.200  TEMP(K) =   298.83  PRESS =    28.0
 Etot   =    -28261.1825  EKtot   =      5937.7400  EPtot      =    -34198.9225
 BOND   =       145.3736  ANGLE   =       327.7922  DIHED      =       505.6428
 1-4 NB =       174.9889  1-4 EEL =      -317.7331  VDWAALS    =      3881.8446
 EELEC  =    -38916.8314  EHBOND  =         0.0000  RESTRAINT  =         0.0000
 EKCMT  =      2709.6405  VIRIAL  =      2650.3591  VOLUME     =     97918.8111
                                                    Density    =         1.0393
 Ewald error estimate:   0.2984E-03
 ------------------------------------------------------------------------------


 NSTEP =    37200   TIME(PS) =      94.400  TEMP(K) =   301.46  PRESS =  -491.2
 Etot   =    -28252.0391  EKtot   =      5989.8969  EPtot      =    -34241.9361
 BOND   =       156.0889  ANGLE   =       342.2636  DIHED      =       508.1213
 1-4 NB =       170.3275  1-4 EEL =      -333.7082  VDWAALS    =      3723.5784
 EELEC  =    -38808.6076  EHBOND  =         0.0000  RESTRAINT  =         0.0000
 EKCMT  =      2703.9989  VIRIAL  =      3741.5036  VOLUME     =     97835.7763
                                                    Density    =         1.0402
 Ewald error estimate:   0.9093E-04
 ------------------------------------------------------------------------------


 NSTEP =    37300   TIME(PS) =      94.600  TEMP(K) =   302.69  PRESS =   304.2
 Etot   =    -28273.8549  EKtot   =      6014.4380  EPtot      =    -34288.2929
 BOND   =       134.9095  ANGLE   =       348.3427  DIHED      =       494.7208
 1-4 NB =       171.1498  1-4 EEL =      -314.1259  VDWAALS    =      3968.9284
 EELEC  =    -39092.2182  EHBOND  =         0.0000  RESTRAINT  =         0.0000
 EKCMT  =      2755.4491  VIRIAL  =      2113.8318  VOLUME     =     97675.8756
                                                    Density    =         1.0419
 Ewald error estimate:   0.8531E-06
 ------------------------------------------------------------------------------


 NSTEP =    37400   TIME(PS) =      94.800  TEMP(K) =   297.31  PRESS =     6.3
 Etot   =    -28336.1455  EKtot   =      5907.5448  EPtot      =    -34243.6903
 BOND   =       157.8676  ANGLE   =       359.6550  DIHED      =       498.3859
 1-4 NB =       164.8719  1-4 EEL =      -356.6968  VDWAALS    =      3884.1346
 EELEC  =    -38951.9084  EHBOND  =         0.0000  RESTRAINT  =         0.0000
 EKCMT  =      2692.4244  VIRIAL  =      2679.1046  VOLUME     =     97657.0040
                                                    Density    =         1.0421
 Ewald error estimate:   0.3787E-04
 ------------------------------------------------------------------------------


 NSTEP =    37500   TIME(PS) =      95.000  TEMP(K) =   302.72  PRESS =   -47.9
 Etot   =    -28340.6034  EKtot   =      6014.9929  EPtot      =    -34355.5962
 BOND   =       156.9452  ANGLE   =       338.7304  DIHED      =       499.8848
 1-4 NB =       179.3874  1-4 EEL =      -336.2436  VDWAALS    =      3845.3787
 EELEC  =    -39039.6792  EHBOND  =         0.0000  RESTRAINT  =         0.0000
 EKCMT  =      2843.2651  VIRIAL  =      2944.1044  VOLUME     =     97584.7845
                                                    Density    =         1.0429
 Ewald error estimate:   0.7213E-04
 ------------------------------------------------------------------------------


 NSTEP =    37600   TIME(PS) =      95.200  TEMP(K) =   297.49  PRESS =   481.2
 Etot   =    -28395.4605  EKtot   =      5911.1302  EPtot      =    -34306.5907
 BOND   =       167.2795  ANGLE   =       392.1958  DIHED      =       480.4017
 1-4 NB =       166.4701  1-4 EEL =      -364.5342  VDWAALS    =      4057.7293
 EELEC  =    -39206.1330  EHBOND  =         0.0000  RESTRAINT  =         0.0000
 EKCMT  =      2769.6191  VIRIAL  =      1755.3930  VOLUME     =     97623.5117
                                                    Density    =         1.0425
 Ewald error estimate:   0.9976E-04
 ------------------------------------------------------------------------------


 NSTEP =    37700   TIME(PS) =      95.400  TEMP(K) =   296.59  PRESS =   298.0
 Etot   =    -28475.8698  EKtot   =      5893.1872  EPtot      =    -34369.0571
 BOND   =       146.0222  ANGLE   =       351.2824  DIHED      =       487.7181
 1-4 NB =       172.0365  1-4 EEL =      -350.5286  VDWAALS    =      3995.9370
 EELEC  =    -39171.5247  EHBOND  =         0.0000  RESTRAINT  =         0.0000
 EKCMT  =      2731.8712  VIRIAL  =      2103.5777  VOLUME     =     97636.2762
                                                    Density    =         1.0423
 Ewald error estimate:   0.8420E-04
 ------------------------------------------------------------------------------


 NSTEP =    37800   TIME(PS) =      95.600  TEMP(K) =   302.58  PRESS =  -338.9
 Etot   =    -28501.6713  EKtot   =      6012.2228  EPtot      =    -34513.8941
 BOND   =       152.5536  ANGLE   =       342.6907  DIHED      =       497.4215
 1-4 NB =       167.2426  1-4 EEL =      -342.0815  VDWAALS    =      3971.4407
 EELEC  =    -39303.1618  EHBOND  =         0.0000  RESTRAINT  =         0.0000
 EKCMT  =      2779.1713  VIRIAL  =      3493.2864  VOLUME     =     97596.4865
                                                    Density    =         1.0428
 Ewald error estimate:   0.2007E-03
 ------------------------------------------------------------------------------


 NSTEP =    37900   TIME(PS) =      95.800  TEMP(K) =   299.14  PRESS =   312.1
 Etot   =    -28468.5582  EKtot   =      5943.9618  EPtot      =    -34412.5200
 BOND   =       151.7136  ANGLE   =       349.5866  DIHED      =       507.8819
 1-4 NB =       167.4132  1-4 EEL =      -346.4965  VDWAALS    =      4094.7384
 EELEC  =    -39337.3572  EHBOND  =         0.0000  RESTRAINT  =         0.0000
 EKCMT  =      2736.3363  VIRIAL  =      2078.7440  VOLUME     =     97576.2331
                                                    Density    =         1.0430
 Ewald error estimate:   0.1655E-04
 ------------------------------------------------------------------------------


 NSTEP =    38000   TIME(PS) =      96.000  TEMP(K) =   300.58  PRESS =   368.7
 Etot   =    -28410.1764  EKtot   =      5972.4754  EPtot      =    -34382.6518
 BOND   =       163.6044  ANGLE   =       336.2350  DIHED      =       518.9742
 1-4 NB =       164.7228  1-4 EEL =      -357.2008  VDWAALS    =      4093.9525
 EELEC  =    -39302.9399  EHBOND  =         0.0000  RESTRAINT  =         0.0000
 EKCMT  =      2758.0476  VIRIAL  =      1980.4200  VOLUME     =     97672.2057
                                                    Density    =         1.0420
 Ewald error estimate:   0.7307E-04
 ------------------------------------------------------------------------------


 NSTEP =    38100   TIME(PS) =      96.200  TEMP(K) =   297.81  PRESS =   351.4
 Etot   =    -28414.9419  EKtot   =      5917.4481  EPtot      =    -34332.3900
 BOND   =       145.1441  ANGLE   =       362.3100  DIHED      =       506.1595
 1-4 NB =       169.5634  1-4 EEL =      -338.1725  VDWAALS    =      4108.3633
 EELEC  =    -39285.7578  EHBOND  =         0.0000  RESTRAINT  =         0.0000
 EKCMT  =      2739.9607  VIRIAL  =      1998.4759  VOLUME     =     97729.6780
                                                    Density    =         1.0413
 Ewald error estimate:   0.1337E-05
 ------------------------------------------------------------------------------


 NSTEP =    38200   TIME(PS) =      96.400  TEMP(K) =   296.93  PRESS =    95.4
 Etot   =    -28411.3292  EKtot   =      5899.9653  EPtot      =    -34311.2946
 BOND   =       143.9186  ANGLE   =       376.9243  DIHED      =       507.4630
 1-4 NB =       164.5894  1-4 EEL =      -337.9748  VDWAALS    =      3938.7898
 EELEC  =    -39105.0049  EHBOND  =         0.0000  RESTRAINT  =         0.0000
 EKCMT  =      2702.4783  VIRIAL  =      2501.1449  VOLUME     =     97751.9740
                                                    Density    =         1.0411
 Ewald error estimate:   0.2494E-04
 ------------------------------------------------------------------------------


 NSTEP =    38300   TIME(PS) =      96.600  TEMP(K) =   300.21  PRESS =   -31.5
 Etot   =    -28433.8296  EKtot   =      5965.1719  EPtot      =    -34399.0014
 BOND   =       152.2465  ANGLE   =       346.7732  DIHED      =       510.2857
 1-4 NB =       164.7466  1-4 EEL =      -353.6656  VDWAALS    =      4059.6890
 EELEC  =    -39279.0767  EHBOND  =         0.0000  RESTRAINT  =         0.0000
 EKCMT  =      2765.1932  VIRIAL  =      2831.6695  VOLUME     =     97790.5449
                                                    Density    =         1.0407
 Ewald error estimate:   0.1174E-03
 ------------------------------------------------------------------------------


 NSTEP =    38400   TIME(PS) =      96.800  TEMP(K) =   298.47  PRESS =    19.4
 Etot   =    -28402.0837  EKtot   =      5930.6086  EPtot      =    -34332.6923
 BOND   =       150.9260  ANGLE   =       334.1675  DIHED      =       505.0646
 1-4 NB =       168.6756  1-4 EEL =      -327.9948  VDWAALS    =      4035.6402
 EELEC  =    -39199.1713  EHBOND  =         0.0000  RESTRAINT  =         0.0000
 EKCMT  =      2743.2581  VIRIAL  =      2702.2048  VOLUME     =     97831.8140
                                                    Density    =         1.0403
 Ewald error estimate:   0.1147E-03
 ------------------------------------------------------------------------------


 NSTEP =    38500   TIME(PS) =      97.000  TEMP(K) =   299.89  PRESS =    -5.6
 Etot   =    -28369.4259  EKtot   =      5958.8374  EPtot      =    -34328.2634
 BOND   =       143.9180  ANGLE   =       338.0647  DIHED      =       496.7038
 1-4 NB =       178.9514  1-4 EEL =      -356.1192  VDWAALS    =      3961.6474
 EELEC  =    -39091.4295  EHBOND  =         0.0000  RESTRAINT  =         0.0000
 EKCMT  =      2771.3922  VIRIAL  =      2783.3197  VOLUME     =     97854.7339
                                                    Density    =         1.0400
 Ewald error estimate:   0.5413E-04
 ------------------------------------------------------------------------------


 NSTEP =    38600   TIME(PS) =      97.200  TEMP(K) =   298.93  PRESS =  -177.7
 Etot   =    -28368.1344  EKtot   =      5939.7611  EPtot      =    -34307.8954
 BOND   =       141.0500  ANGLE   =       335.6411  DIHED      =       503.4718
 1-4 NB =       163.3556  1-4 EEL =      -326.4400  VDWAALS    =      3888.6226
 EELEC  =    -39013.5964  EHBOND  =         0.0000  RESTRAINT  =         0.0000
 EKCMT  =      2766.5046  VIRIAL  =      3141.7375  VOLUME     =     97778.9401
                                                    Density    =         1.0408
 Ewald error estimate:   0.2530E-03
 ------------------------------------------------------------------------------


 NSTEP =    38700   TIME(PS) =      97.400  TEMP(K) =   297.33  PRESS =   186.5
 Etot   =    -28377.9965  EKtot   =      5907.8306  EPtot      =    -34285.8271
 BOND   =       156.3696  ANGLE   =       340.4431  DIHED      =       499.5762
 1-4 NB =       170.7390  1-4 EEL =      -342.0139  VDWAALS    =      3985.1222
 EELEC  =    -39096.0633  EHBOND  =         0.0000  RESTRAINT  =         0.0000
 EKCMT  =      2709.7608  VIRIAL  =      2316.1563  VOLUME     =     97736.8493
                                                    Density    =         1.0413
 Ewald error estimate:   0.9780E-05
 ------------------------------------------------------------------------------


 NSTEP =    38800   TIME(PS) =      97.600  TEMP(K) =   296.69  PRESS =   196.4
 Etot   =    -28333.8023  EKtot   =      5895.2252  EPtot      =    -34229.0275
 BOND   =       151.3134  ANGLE   =       335.9334  DIHED      =       490.4092
 1-4 NB =       173.3981  1-4 EEL =      -364.9253  VDWAALS    =      3964.7620
 EELEC  =    -38979.9181  EHBOND  =         0.0000  RESTRAINT  =         0.0000
 EKCMT  =      2731.0495  VIRIAL  =      2316.1399  VOLUME     =     97861.4681
                                                    Density    =         1.0399
 Ewald error estimate:   0.1753E-03
 ------------------------------------------------------------------------------


 NSTEP =    38900   TIME(PS) =      97.800  TEMP(K) =   306.43  PRESS =   -71.7
 Etot   =    -28310.9414  EKtot   =      6088.6899  EPtot      =    -34399.6313
 BOND   =       134.7981  ANGLE   =       334.1627  DIHED      =       507.4308
 1-4 NB =       180.2018  1-4 EEL =      -336.8182  VDWAALS    =      3927.7162
 EELEC  =    -39147.1225  EHBOND  =         0.0000  RESTRAINT  =         0.0000
 EKCMT  =      2746.6892  VIRIAL  =      2898.2402  VOLUME     =     97839.1912
                                                    Density    =         1.0402
 Ewald error estimate:   0.8216E-04
 ------------------------------------------------------------------------------


 NSTEP =    39000   TIME(PS) =      98.000  TEMP(K) =   296.76  PRESS =   -92.0
 Etot   =    -28309.2983  EKtot   =      5896.5263  EPtot      =    -34205.8246
 BOND   =       152.7555  ANGLE   =       345.8225  DIHED      =       527.9329
 1-4 NB =       163.2822  1-4 EEL =      -389.4124  VDWAALS    =      3900.5155
 EELEC  =    -38906.7207  EHBOND  =         0.0000  RESTRAINT  =         0.0000
 EKCMT  =      2758.2759  VIRIAL  =      2952.5422  VOLUME     =     97843.3116
                                                    Density    =         1.0401
 Ewald error estimate:   0.2417E-04
 ------------------------------------------------------------------------------


 NSTEP =    39100   TIME(PS) =      98.200  TEMP(K) =   298.51  PRESS =   339.3
 Etot   =    -28308.3449  EKtot   =      5931.4234  EPtot      =    -34239.7683
 BOND   =       141.3331  ANGLE   =       348.3980  DIHED      =       499.5450
 1-4 NB =       167.5008  1-4 EEL =      -349.5764  VDWAALS    =      4001.1487
 EELEC  =    -39048.1174  EHBOND  =         0.0000  RESTRAINT  =         0.0000
 EKCMT  =      2739.7036  VIRIAL  =      2022.7921  VOLUME     =     97872.8279
                                                    Density    =         1.0398
 Ewald error estimate:   0.5358E-04
 ------------------------------------------------------------------------------


 NSTEP =    39200   TIME(PS) =      98.400  TEMP(K) =   298.68  PRESS =  -382.9
 Etot   =    -28367.6752  EKtot   =      5934.7854  EPtot      =    -34302.4607
 BOND   =       161.4286  ANGLE   =       341.5211  DIHED      =       496.6055
 1-4 NB =       173.0837  1-4 EEL =      -353.9513  VDWAALS    =      3874.6431
 EELEC  =    -38995.7914  EHBOND  =         0.0000  RESTRAINT  =         0.0000
 EKCMT  =      2696.2179  VIRIAL  =      3504.5483  VOLUME     =     97776.8292
                                                    Density    =         1.0408
 Ewald error estimate:   0.5846E-04
 ------------------------------------------------------------------------------


 NSTEP =    39300   TIME(PS) =      98.600  TEMP(K) =   300.19  PRESS =  -197.5
 Etot   =    -28293.9054  EKtot   =      5964.8502  EPtot      =    -34258.7557
 BOND   =       153.4866  ANGLE   =       327.6607  DIHED      =       520.7653
 1-4 NB =       180.2290  1-4 EEL =      -355.7193  VDWAALS    =      3839.4684
 EELEC  =    -38924.6464  EHBOND  =         0.0000  RESTRAINT  =         0.0000
 EKCMT  =      2710.7849  VIRIAL  =      3127.2742  VOLUME     =     97655.6312
                                                    Density    =         1.0421
 Ewald error estimate:   0.1216E-04
 ------------------------------------------------------------------------------


 NSTEP =    39400   TIME(PS) =      98.800  TEMP(K) =   300.80  PRESS =   -25.1
 Etot   =    -28204.8191  EKtot   =      5976.9341  EPtot      =    -34181.7532
 BOND   =       138.5015  ANGLE   =       361.0471  DIHED      =       512.0707
 1-4 NB =       171.8411  1-4 EEL =      -356.3877  VDWAALS    =      3994.9730
 EELEC  =    -39003.7989  EHBOND  =         0.0000  RESTRAINT  =         0.0000
 EKCMT  =      2731.2828  VIRIAL  =      2784.3252  VOLUME     =     97723.5833
                                                    Density    =         1.0414
 Ewald error estimate:   0.3677E-04
 ------------------------------------------------------------------------------


 NSTEP =    39500   TIME(PS) =      99.000  TEMP(K) =   303.67  PRESS =   -34.5
 Etot   =    -28169.6709  EKtot   =      6033.9703  EPtot      =    -34203.6413
 BOND   =       157.8965  ANGLE   =       373.5750  DIHED      =       499.1417
 1-4 NB =       173.2999  1-4 EEL =      -346.5637  VDWAALS    =      3851.9241
 EELEC  =    -38912.9147  EHBOND  =         0.0000  RESTRAINT  =         0.0000
 EKCMT  =      2812.4440  VIRIAL  =      2885.2355  VOLUME     =     97792.8260
                                                    Density    =         1.0407
 Ewald error estimate:   0.1045E-03
 ------------------------------------------------------------------------------


 NSTEP =    39600   TIME(PS) =      99.200  TEMP(K) =   304.05  PRESS =  -418.1
 Etot   =    -28209.5770  EKtot   =      6041.3913  EPtot      =    -34250.9683
 BOND   =       145.2163  ANGLE   =       342.1230  DIHED      =       502.4375
 1-4 NB =       168.3641  1-4 EEL =      -349.6177  VDWAALS    =      3782.9223
 EELEC  =    -38842.4138  EHBOND  =         0.0000  RESTRAINT  =         0.0000
 EKCMT  =      2801.8237  VIRIAL  =      3684.4688  VOLUME     =     97766.3504
                                                    Density    =         1.0410
 Ewald error estimate:   0.1069E-03
 ------------------------------------------------------------------------------


 NSTEP =    39700   TIME(PS) =      99.400  TEMP(K) =   304.88  PRESS =  -117.9
 Etot   =    -28244.1321  EKtot   =      6057.9035  EPtot      =    -34302.0356
 BOND   =       159.1858  ANGLE   =       355.3734  DIHED      =       500.5935
 1-4 NB =       168.5021  1-4 EEL =      -365.5074  VDWAALS    =      3933.1831
 EELEC  =    -39053.3662  EHBOND  =         0.0000  RESTRAINT  =         0.0000
 EKCMT  =      2850.1026  VIRIAL  =      3099.2485  VOLUME     =     97838.7573
                                                    Density    =         1.0402
 Ewald error estimate:   0.8854E-04
 ------------------------------------------------------------------------------


 NSTEP =    39800   TIME(PS) =      99.600  TEMP(K) =   299.16  PRESS =  -110.6
 Etot   =    -28279.6924  EKtot   =      5944.2213  EPtot      =    -34223.9137
 BOND   =       152.8796  ANGLE   =       357.8530  DIHED      =       484.5608
 1-4 NB =       173.5150  1-4 EEL =      -341.9704  VDWAALS    =      3964.3802
 EELEC  =    -39015.1320  EHBOND  =         0.0000  RESTRAINT  =         0.0000
 EKCMT  =      2813.3663  VIRIAL  =      3047.0864  VOLUME     =     97841.6706
                                                    Density    =         1.0402
 Ewald error estimate:   0.7692E-04
 ------------------------------------------------------------------------------


 NSTEP =    39900   TIME(PS) =      99.800  TEMP(K) =   298.80  PRESS =  -244.1
 Etot   =    -28284.5940  EKtot   =      5937.1889  EPtot      =    -34221.7830
 BOND   =       153.6360  ANGLE   =       346.9749  DIHED      =       502.4161
 1-4 NB =       164.1016  1-4 EEL =      -354.3645  VDWAALS    =      3919.3156
 EELEC  =    -38953.8626  EHBOND  =         0.0000  RESTRAINT  =         0.0000
 EKCMT  =      2714.3572  VIRIAL  =      3229.7883  VOLUME     =     97813.4054
                                                    Density    =         1.0405
 Ewald error estimate:   0.7279E-04
 ------------------------------------------------------------------------------


 NSTEP =    40000   TIME(PS) =     100.000  TEMP(K) =   303.92  PRESS =   -59.2
 Etot   =    -28223.1484  EKtot   =      6038.8258  EPtot      =    -34261.9742
 BOND   =       154.1936  ANGLE   =       331.2408  DIHED      =       494.6300
 1-4 NB =       168.2684  1-4 EEL =      -354.0067  VDWAALS    =      4047.0437
 EELEC  =    -39103.3440  EHBOND  =         0.0000  RESTRAINT  =         0.0000
 EKCMT  =      2813.5412  VIRIAL  =      2938.4684  VOLUME     =     97800.6610
                                                    Density    =         1.0406
 Ewald error estimate:   0.3239E-04
 ------------------------------------------------------------------------------


 NSTEP =    40100   TIME(PS) =     100.200  TEMP(K) =   297.49  PRESS =  -149.1
 Etot   =    -28357.6312  EKtot   =      5911.1492  EPtot      =    -34268.7804
 BOND   =       145.7254  ANGLE   =       350.3168  DIHED      =       511.2552
 1-4 NB =       179.4175  1-4 EEL =      -343.9598  VDWAALS    =      3838.0547
 EELEC  =    -38949.5901  EHBOND  =         0.0000  RESTRAINT  =         0.0000
 EKCMT  =      2689.1705  VIRIAL  =      3003.9331  VOLUME     =     97792.0503
                                                    Density    =         1.0407
 Ewald error estimate:   0.1963E-03
 ------------------------------------------------------------------------------


 NSTEP =    40200   TIME(PS) =     100.400  TEMP(K) =   292.89  PRESS =    62.6
 Etot   =    -28361.7676  EKtot   =      5819.6994  EPtot      =    -34181.4670
 BOND   =       157.1439  ANGLE   =       348.3537  DIHED      =       500.1112
 1-4 NB =       169.1882  1-4 EEL =      -341.2970  VDWAALS    =      3977.4798
 EELEC  =    -38992.4468  EHBOND  =         0.0000  RESTRAINT  =         0.0000
 EKCMT  =      2667.9822  VIRIAL  =      2535.8783  VOLUME     =     97741.6977
                                                    Density    =         1.0412
 Ewald error estimate:   0.5405E-04
 ------------------------------------------------------------------------------


 NSTEP =    40300   TIME(PS) =     100.600  TEMP(K) =   301.94  PRESS =  -270.6
 Etot   =    -28272.7920  EKtot   =      5999.5018  EPtot      =    -34272.2938
 BOND   =       155.6300  ANGLE   =       345.7081  DIHED      =       495.4690
 1-4 NB =       165.6433  1-4 EEL =      -345.1698  VDWAALS    =      3921.4427
 EELEC  =    -39011.0170  EHBOND  =         0.0000  RESTRAINT  =         0.0000
 EKCMT  =      2811.5962  VIRIAL  =      3382.8736  VOLUME     =     97778.1967
                                                    Density    =         1.0408
 Ewald error estimate:   0.2367E-03
 ------------------------------------------------------------------------------


 NSTEP =    40400   TIME(PS) =     100.800  TEMP(K) =   297.70  PRESS =  -279.0
 Etot   =    -28267.7786  EKtot   =      5915.2467  EPtot      =    -34183.0254
 BOND   =       171.1109  ANGLE   =       340.6362  DIHED      =       510.8188
 1-4 NB =       166.0786  1-4 EEL =      -351.4081  VDWAALS    =      3927.2831
 EELEC  =    -38947.5448  EHBOND  =         0.0000  RESTRAINT  =         0.0000
 EKCMT  =      2756.3815  VIRIAL  =      3345.0739  VOLUME     =     97714.6749
                                                    Density    =         1.0415
 Ewald error estimate:   0.9021E-04
 ------------------------------------------------------------------------------


 NSTEP =    40500   TIME(PS) =     101.000  TEMP(K) =   301.60  PRESS =  -173.9
 Etot   =    -28321.1037  EKtot   =      5992.8454  EPtot      =    -34313.9491
 BOND   =       150.6674  ANGLE   =       363.1866  DIHED      =       496.9421
 1-4 NB =       171.0786  1-4 EEL =      -357.7635  VDWAALS    =      3858.2910
 EELEC  =    -38996.3512  EHBOND  =         0.0000  RESTRAINT  =         0.0000
 EKCMT  =      2770.3241  VIRIAL  =      3137.2094  VOLUME     =     97721.3970
                                                    Density    =         1.0414
 Ewald error estimate:   0.2223E-03
 ------------------------------------------------------------------------------


 NSTEP =    40600   TIME(PS) =     101.200  TEMP(K) =   298.52  PRESS =     7.3
 Etot   =    -28339.3519  EKtot   =      5931.5014  EPtot      =    -34270.8533
 BOND   =       145.7784  ANGLE   =       360.8844  DIHED      =       496.5995
 1-4 NB =       169.5081  1-4 EEL =      -353.0155  VDWAALS    =      3955.5822
 EELEC  =    -39046.1904  EHBOND  =         0.0000  RESTRAINT  =         0.0000
 EKCMT  =      2744.6687  VIRIAL  =      2729.2627  VOLUME     =     97600.7371
                                                    Density    =         1.0427
 Ewald error estimate:   0.1231E-04
 ------------------------------------------------------------------------------


 NSTEP =    40700   TIME(PS) =     101.400  TEMP(K) =   300.28  PRESS =  -117.4
 Etot   =    -28299.8702  EKtot   =      5966.4527  EPtot      =    -34266.3229
 BOND   =       167.5645  ANGLE   =       332.0714  DIHED      =       517.5723
 1-4 NB =       168.6477  1-4 EEL =      -350.4642  VDWAALS    =      3797.2698
 EELEC  =    -38898.9844  EHBOND  =         0.0000  RESTRAINT  =         0.0000
 EKCMT  =      2734.4316  VIRIAL  =      2981.6567  VOLUME     =     97522.6303
                                                    Density    =         1.0436
 Ewald error estimate:   0.1210E-03
 ------------------------------------------------------------------------------


 NSTEP =    40800   TIME(PS) =     101.600  TEMP(K) =   297.31  PRESS =   186.9
 Etot   =    -28288.1747  EKtot   =      5907.5113  EPtot      =    -34195.6860
 BOND   =       143.7906  ANGLE   =       348.9562  DIHED      =       501.0519
 1-4 NB =       171.9281  1-4 EEL =      -313.4400  VDWAALS    =      3969.2717
 EELEC  =    -39017.2445  EHBOND  =         0.0000  RESTRAINT  =         0.0000
 EKCMT  =      2713.5885  VIRIAL  =      2320.4293  VOLUME     =     97430.0964
                                                    Density    =         1.0445
 Ewald error estimate:   0.3077E-04
 ------------------------------------------------------------------------------


 NSTEP =    40900   TIME(PS) =     101.800  TEMP(K) =   301.93  PRESS =     1.7
 Etot   =    -28298.6241  EKtot   =      5999.2373  EPtot      =    -34297.8614
 BOND   =       154.5600  ANGLE   =       348.7819  DIHED      =       514.5642
 1-4 NB =       170.0103  1-4 EEL =      -349.7966  VDWAALS    =      3835.9091
 EELEC  =    -38971.8905  EHBOND  =         0.0000  RESTRAINT  =         0.0000
 EKCMT  =      2793.3947  VIRIAL  =      2789.8760  VOLUME     =     97406.2546
                                                    Density    =         1.0448
 Ewald error estimate:   0.9931E-04
 ------------------------------------------------------------------------------


 NSTEP =    41000   TIME(PS) =     102.000  TEMP(K) =   298.37  PRESS =   339.6
 Etot   =    -28307.9465  EKtot   =      5928.5475  EPtot      =    -34236.4940
 BOND   =       149.6405  ANGLE   =       331.1952  DIHED      =       499.9318
 1-4 NB =       167.5004  1-4 EEL =      -339.3393  VDWAALS    =      4012.4737
 EELEC  =    -39057.8964  EHBOND  =         0.0000  RESTRAINT  =         0.0000
 EKCMT  =      2682.4734  VIRIAL  =      1968.0280  VOLUME     =     97425.1646
                                                    Density    =         1.0446
 Ewald error estimate:   0.1214E-03
 ------------------------------------------------------------------------------


 NSTEP =    41100   TIME(PS) =     102.200  TEMP(K) =   302.94  PRESS =   -48.0
 Etot   =    -28250.9983  EKtot   =      6019.3676  EPtot      =    -34270.3659
 BOND   =       132.8101  ANGLE   =       342.4075  DIHED      =       509.1594
 1-4 NB =       177.4368  1-4 EEL =      -352.0236  VDWAALS    =      3952.1764
 EELEC  =    -39032.3326  EHBOND  =         0.0000  RESTRAINT  =         0.0000
 EKCMT  =      2807.8870  VIRIAL  =      2908.8105  VOLUME     =     97444.1127
                                                    Density    =         1.0444
 Ewald error estimate:   0.1446E-03
 ------------------------------------------------------------------------------


 NSTEP =    41200   TIME(PS) =     102.400  TEMP(K) =   297.85  PRESS =   101.4
 Etot   =    -28274.2972  EKtot   =      5918.1969  EPtot      =    -34192.4941
 BOND   =       170.6529  ANGLE   =       378.9076  DIHED      =       498.2273
 1-4 NB =       170.2523  1-4 EEL =      -354.9531  VDWAALS    =      3865.3580
 EELEC  =    -38920.9391  EHBOND  =         0.0000  RESTRAINT  =         0.0000
 EKCMT  =      2774.3662  VIRIAL  =      2560.9615  VOLUME     =     97509.8728
                                                    Density    =         1.0437
 Ewald error estimate:   0.5746E-05
 ------------------------------------------------------------------------------


 NSTEP =    41300   TIME(PS) =     102.600  TEMP(K) =   299.92  PRESS =  -417.0
 Etot   =    -28354.5125  EKtot   =      5959.4497  EPtot      =    -34313.9622
 BOND   =       157.7883  ANGLE   =       342.0425  DIHED      =       511.9633
 1-4 NB =       175.5895  1-4 EEL =      -353.5302  VDWAALS    =      3827.4893
 EELEC  =    -38975.3048  EHBOND  =         0.0000  RESTRAINT  =         0.0000
 EKCMT  =      2766.0680  VIRIAL  =      3643.8811  VOLUME     =     97496.3020
                                                    Density    =         1.0438
 Ewald error estimate:   0.1383E-04
 ------------------------------------------------------------------------------


 NSTEP =    41400   TIME(PS) =     102.800  TEMP(K) =   300.31  PRESS =   322.4
 Etot   =    -28347.0294  EKtot   =      5967.1713  EPtot      =    -34314.2007
 BOND   =       175.2337  ANGLE   =       334.1590  DIHED      =       499.8178
 1-4 NB =       175.9476  1-4 EEL =      -339.6746  VDWAALS    =      4021.5359
 EELEC  =    -39181.2202  EHBOND  =         0.0000  RESTRAINT  =         0.0000
 EKCMT  =      2794.2975  VIRIAL  =      2115.1960  VOLUME     =     97566.6376
                                                    Density    =         1.0431
 Ewald error estimate:   0.1717E-04
 ------------------------------------------------------------------------------


 NSTEP =    41500   TIME(PS) =     103.000  TEMP(K) =   297.64  PRESS =  -106.1
 Etot   =    -28407.2166  EKtot   =      5914.1342  EPtot      =    -34321.3508
 BOND   =       133.7185  ANGLE   =       357.3542  DIHED      =       509.4265
 1-4 NB =       164.4672  1-4 EEL =      -359.5456  VDWAALS    =      3952.9030
 EELEC  =    -39079.6744  EHBOND  =         0.0000  RESTRAINT  =         0.0000
 EKCMT  =      2743.6931  VIRIAL  =      2967.0362  VOLUME     =     97535.1429
                                                    Density    =         1.0434
 Ewald error estimate:   0.1969E-03
 ------------------------------------------------------------------------------


 NSTEP =    41600   TIME(PS) =     103.200  TEMP(K) =   300.87  PRESS =   289.2
 Etot   =    -28409.4222  EKtot   =      5978.1873  EPtot      =    -34387.6095
 BOND   =       147.1396  ANGLE   =       327.7228  DIHED      =       498.3521
 1-4 NB =       172.7301  1-4 EEL =      -320.7299  VDWAALS    =      4057.9137
 EELEC  =    -39270.7378  EHBOND  =         0.0000  RESTRAINT  =         0.0000
 EKCMT  =      2713.6395  VIRIAL  =      2104.3089  VOLUME     =     97591.6065
                                                    Density    =         1.0428
 Ewald error estimate:   0.3239E-05
 ------------------------------------------------------------------------------


 NSTEP =    41700   TIME(PS) =     103.400  TEMP(K) =   295.14  PRESS =   557.8
 Etot   =    -28430.3562  EKtot   =      5864.4908  EPtot      =    -34294.8470
 BOND   =       145.8263  ANGLE   =       342.2427  DIHED      =       497.1956
 1-4 NB =       168.7997  1-4 EEL =      -346.2239  VDWAALS    =      4130.7404
 EELEC  =    -39233.4279  EHBOND  =         0.0000  RESTRAINT  =         0.0000
 EKCMT  =      2690.9158  VIRIAL  =      1514.5203  VOLUME     =     97680.4286
                                                    Density    =         1.0419
 Ewald error estimate:   0.8706E-04
 ------------------------------------------------------------------------------


 NSTEP =    41800   TIME(PS) =     103.600  TEMP(K) =   297.97  PRESS =  -293.1
 Etot   =    -28321.7044  EKtot   =      5920.7222  EPtot      =    -34242.4267
 BOND   =       148.5998  ANGLE   =       352.4911  DIHED      =       510.0033
 1-4 NB =       163.8675  1-4 EEL =      -350.8586  VDWAALS    =      3823.7240
 EELEC  =    -38890.2538  EHBOND  =         0.0000  RESTRAINT  =         0.0000
 EKCMT  =      2730.4423  VIRIAL  =      3348.4524  VOLUME     =     97643.9071
                                                    Density    =         1.0423
 Ewald error estimate:   0.1061E-03
 ------------------------------------------------------------------------------


 NSTEP =    41900   TIME(PS) =     103.800  TEMP(K) =   297.69  PRESS =   214.7
 Etot   =    -28271.3868  EKtot   =      5915.1699  EPtot      =    -34186.5567
 BOND   =       148.9399  ANGLE   =       367.7997  DIHED      =       499.1818
 1-4 NB =       174.6684  1-4 EEL =      -336.6673  VDWAALS    =      3998.2703
 EELEC  =    -39038.7495  EHBOND  =         0.0000  RESTRAINT  =         0.0000
 EKCMT  =      2703.5705  VIRIAL  =      2251.3483  VOLUME     =     97551.7865
                                                    Density    =         1.0432
 Ewald error estimate:   0.6304E-04
 ------------------------------------------------------------------------------


 NSTEP =    42000   TIME(PS) =     104.000  TEMP(K) =   300.07  PRESS =   178.3
 Etot   =    -28276.4212  EKtot   =      5962.4122  EPtot      =    -34238.8334
 BOND   =       157.9484  ANGLE   =       344.3235  DIHED      =       496.6403
 1-4 NB =       171.5240  1-4 EEL =      -349.5188  VDWAALS    =      3893.5025
 EELEC  =    -38953.2531  EHBOND  =         0.0000  RESTRAINT  =         0.0000
 EKCMT  =      2758.7304  VIRIAL  =      2383.1122  VOLUME     =     97584.0864
                                                    Density    =         1.0429
 Ewald error estimate:   0.1738E-03
 ------------------------------------------------------------------------------


 NSTEP =    42100   TIME(PS) =     104.200  TEMP(K) =   300.95  PRESS =   260.4
 Etot   =    -28292.6858  EKtot   =      5979.8920  EPtot      =    -34272.5778
 BOND   =       152.1392  ANGLE   =       328.7148  DIHED      =       505.2237
 1-4 NB =       173.1453  1-4 EEL =      -325.9158  VDWAALS    =      4078.2109
 EELEC  =    -39184.0960  EHBOND  =         0.0000  RESTRAINT  =         0.0000
 EKCMT  =      2753.4055  VIRIAL  =      2204.9325  VOLUME     =     97555.4142
                                                    Density    =         1.0432
 Ewald error estimate:   0.4740E-04
 ------------------------------------------------------------------------------


 NSTEP =    42200   TIME(PS) =     104.400  TEMP(K) =   300.05  PRESS =  -359.0
 Etot   =    -28336.3234  EKtot   =      5961.9360  EPtot      =    -34298.2594
 BOND   =       148.6556  ANGLE   =       362.8666  DIHED      =       505.4971
 1-4 NB =       172.0756  1-4 EEL =      -367.6598  VDWAALS    =      3799.4547
 EELEC  =    -38919.1493  EHBOND  =         0.0000  RESTRAINT  =         0.0000
 EKCMT  =      2786.7641  VIRIAL  =      3543.9224  VOLUME     =     97674.8900
                                                    Density    =         1.0419
 Ewald error estimate:   0.6968E-04
 ------------------------------------------------------------------------------


 NSTEP =    42300   TIME(PS) =     104.600  TEMP(K) =   303.27  PRESS =   -11.2
 Etot   =    -28321.6175  EKtot   =      6025.8927  EPtot      =    -34347.5102
 BOND   =       163.9574  ANGLE   =       329.2075  DIHED      =       508.8565
 1-4 NB =       172.2424  1-4 EEL =      -331.9058  VDWAALS    =      3912.8484
 EELEC  =    -39102.7166  EHBOND  =         0.0000  RESTRAINT  =         0.0000
 EKCMT  =      2763.1254  VIRIAL  =      2786.6838  VOLUME     =     97648.9927
                                                    Density    =         1.0422
 Ewald error estimate:   0.1341E-03
 ------------------------------------------------------------------------------


 NSTEP =    42400   TIME(PS) =     104.800  TEMP(K) =   301.22  PRESS =   181.7
 Etot   =    -28295.5618  EKtot   =      5985.2422  EPtot      =    -34280.8040
 BOND   =       164.0947  ANGLE   =       341.5635  DIHED      =       499.4740
 1-4 NB =       165.6930  1-4 EEL =      -377.9028  VDWAALS    =      3898.8933
 EELEC  =    -38972.6198  EHBOND  =         0.0000  RESTRAINT  =         0.0000
 EKCMT  =      2750.2853  VIRIAL  =      2367.3410  VOLUME     =     97634.2129
                                                    Density    =         1.0424
 Ewald error estimate:   0.1447E-03
 ------------------------------------------------------------------------------


 NSTEP =    42500   TIME(PS) =     105.000  TEMP(K) =   300.29  PRESS =  -114.5
 Etot   =    -28288.0746  EKtot   =      5966.7257  EPtot      =    -34254.8003
 BOND   =       159.7312  ANGLE   =       347.3312  DIHED      =       499.4622
 1-4 NB =       166.5120  1-4 EEL =      -357.1329  VDWAALS    =      3896.8697
 EELEC  =    -38967.5736  EHBOND  =         0.0000  RESTRAINT  =         0.0000
 EKCMT  =      2735.5160  VIRIAL  =      2976.7956  VOLUME     =     97604.8879
                                                    Density    =         1.0427
 Ewald error estimate:   0.2214E-03
 ------------------------------------------------------------------------------


 NSTEP =    42600   TIME(PS) =     105.200  TEMP(K) =   297.76  PRESS =    -7.6
 Etot   =    -28263.1713  EKtot   =      5916.5196  EPtot      =    -34179.6909
 BOND   =       143.1134  ANGLE   =       338.8844  DIHED      =       505.8300
 1-4 NB =       173.4520  1-4 EEL =      -354.1538  VDWAALS    =      3964.1333
 EELEC  =    -38950.9502  EHBOND  =         0.0000  RESTRAINT  =         0.0000
 EKCMT  =      2709.7855  VIRIAL  =      2725.8602  VOLUME     =     97602.4663
                                                    Density    =         1.0427
 Ewald error estimate:   0.1027E-03
 ------------------------------------------------------------------------------


 NSTEP =    42700   TIME(PS) =     105.400  TEMP(K) =   302.91  PRESS =   131.2
 Etot   =    -28258.7895  EKtot   =      6018.8094  EPtot      =    -34277.5989
 BOND   =       145.7511  ANGLE   =       332.6192  DIHED      =       499.1313
 1-4 NB =       170.2155  1-4 EEL =      -353.3991  VDWAALS    =      4037.4394
 EELEC  =    -39109.3565  EHBOND  =         0.0000  RESTRAINT  =         0.0000
 EKCMT  =      2721.8629  VIRIAL  =      2445.4067  VOLUME     =     97611.5495
                                                    Density    =         1.0426
 Ewald error estimate:   0.8401E-04
 ------------------------------------------------------------------------------


 NSTEP =    42800   TIME(PS) =     105.600  TEMP(K) =   297.56  PRESS =    53.7
 Etot   =    -28324.9850  EKtot   =      5912.4657  EPtot      =    -34237.4506
 BOND   =       151.5393  ANGLE   =       336.6824  DIHED      =       498.6838
 1-4 NB =       168.3035  1-4 EEL =      -317.7826  VDWAALS    =      3971.1090
 EELEC  =    -39045.9861  EHBOND  =         0.0000  RESTRAINT  =         0.0000
 EKCMT  =      2699.6545  VIRIAL  =      2586.3540  VOLUME     =     97634.8684
                                                    Density    =         1.0424
 Ewald error estimate:   0.4404E-04
 ------------------------------------------------------------------------------


 NSTEP =    42900   TIME(PS) =     105.800  TEMP(K) =   297.16  PRESS =   140.3
 Etot   =    -28362.9412  EKtot   =      5904.4806  EPtot      =    -34267.4217
 BOND   =       149.1773  ANGLE   =       337.0718  DIHED      =       505.8179
 1-4 NB =       179.1005  1-4 EEL =      -352.1875  VDWAALS    =      4000.8767
 EELEC  =    -39087.2783  EHBOND  =         0.0000  RESTRAINT  =         0.0000
 EKCMT  =      2763.0703  VIRIAL  =      2467.0482  VOLUME     =     97714.1977
                                                    Density    =         1.0415
 Ewald error estimate:   0.2777E-03
 ------------------------------------------------------------------------------


 NSTEP =    43000   TIME(PS) =     106.000  TEMP(K) =   295.31  PRESS =   169.8
 Etot   =    -28380.4420  EKtot   =      5867.7344  EPtot      =    -34248.1764
 BOND   =       167.9523  ANGLE   =       326.0168  DIHED      =       489.6403
 1-4 NB =       166.7806  1-4 EEL =      -357.3343  VDWAALS    =      3997.7352
 EELEC  =    -39038.9673  EHBOND  =         0.0000  RESTRAINT  =         0.0000
 EKCMT  =      2686.9742  VIRIAL  =      2328.7453  VOLUME     =     97730.2856
                                                    Density    =         1.0413
 Ewald error estimate:   0.3904E-04
 ------------------------------------------------------------------------------


 NSTEP =    43100   TIME(PS) =     106.200  TEMP(K) =   297.66  PRESS =  -400.6
 Etot   =    -28350.5417  EKtot   =      5914.4879  EPtot      =    -34265.0296
 BOND   =       152.2038  ANGLE   =       354.0926  DIHED      =       503.7298
 1-4 NB =       177.0578  1-4 EEL =      -363.4014  VDWAALS    =      3916.5467
 EELEC  =    -39005.2589  EHBOND  =         0.0000  RESTRAINT  =         0.0000
 EKCMT  =      2752.7609  VIRIAL  =      3597.5083  VOLUME     =     97653.4642
                                                    Density    =         1.0422
 Ewald error estimate:   0.2317E-03
 ------------------------------------------------------------------------------


 NSTEP =    43200   TIME(PS) =     106.400  TEMP(K) =   297.77  PRESS =   146.0
 Etot   =    -28333.4758  EKtot   =      5916.7035  EPtot      =    -34250.1792
 BOND   =       156.2832  ANGLE   =       349.5720  DIHED      =       497.4887
 1-4 NB =       167.3485  1-4 EEL =      -356.6354  VDWAALS    =      3876.1854
 EELEC  =    -38940.4216  EHBOND  =         0.0000  RESTRAINT  =         0.0000
 EKCMT  =      2654.6146  VIRIAL  =      2346.9247  VOLUME     =     97639.8022
                                                    Density    =         1.0423
 Ewald error estimate:   0.8437E-04
 ------------------------------------------------------------------------------


 NSTEP =    43300   TIME(PS) =     106.600  TEMP(K) =   303.08  PRESS =   -50.9
 Etot   =    -28310.7239  EKtot   =      6022.1010  EPtot      =    -34332.8249
 BOND   =       147.9900  ANGLE   =       346.2335  DIHED      =       502.3680
 1-4 NB =       176.7249  1-4 EEL =      -371.2923  VDWAALS    =      3928.5857
 EELEC  =    -39063.4347  EHBOND  =         0.0000  RESTRAINT  =         0.0000
 EKCMT  =      2780.5648  VIRIAL  =      2887.8858  VOLUME     =     97598.5787
                                                    Density    =         1.0427
 Ewald error estimate:   0.4663E-04
 ------------------------------------------------------------------------------


 NSTEP =    43400   TIME(PS) =     106.800  TEMP(K) =   304.68  PRESS =   432.1
 Etot   =    -28332.5088  EKtot   =      6054.0639  EPtot      =    -34386.5727
 BOND   =       147.0729  ANGLE   =       330.3487  DIHED      =       510.5897
 1-4 NB =       172.2238  1-4 EEL =      -331.9805  VDWAALS    =      4088.2314
 EELEC  =    -39303.0587  EHBOND  =         0.0000  RESTRAINT  =         0.0000
 EKCMT  =      2821.3952  VIRIAL  =      1910.2116  VOLUME     =     97663.2956
                                                    Density    =         1.0421
 Ewald error estimate:   0.2153E-03
 ------------------------------------------------------------------------------


 NSTEP =    43500   TIME(PS) =     107.000  TEMP(K) =   299.56  PRESS =   -65.5
 Etot   =    -28329.3155  EKtot   =      5952.1786  EPtot      =    -34281.4941
 BOND   =       151.9229  ANGLE   =       343.7528  DIHED      =       498.2092
 1-4 NB =       170.7040  1-4 EEL =      -348.2108  VDWAALS    =      3867.6114
 EELEC  =    -38965.4835  EHBOND  =         0.0000  RESTRAINT  =         0.0000
 EKCMT  =      2782.7712  VIRIAL  =      2920.9219  VOLUME     =     97684.5612
                                                    Density    =         1.0418
 Ewald error estimate:   0.2252E-04
 ------------------------------------------------------------------------------


 NSTEP =    43600   TIME(PS) =     107.200  TEMP(K) =   297.60  PRESS =    65.3
 Etot   =    -28326.9795  EKtot   =      5913.2140  EPtot      =    -34240.1936
 BOND   =       151.8513  ANGLE   =       329.6896  DIHED      =       496.9501
 1-4 NB =       160.5335  1-4 EEL =      -341.5214  VDWAALS    =      3913.3616
 EELEC  =    -38951.0582  EHBOND  =         0.0000  RESTRAINT  =         0.0000
 EKCMT  =      2783.8548  VIRIAL  =      2646.2288  VOLUME     =     97679.0673
                                                    Density    =         1.0419
 Ewald error estimate:   0.1483E-03
 ------------------------------------------------------------------------------


 NSTEP =    43700   TIME(PS) =     107.400  TEMP(K) =   302.80  PRESS =   196.1
 Etot   =    -28370.1159  EKtot   =      6016.6616  EPtot      =    -34386.7775
 BOND   =       163.7439  ANGLE   =       320.9998  DIHED      =       490.0995
 1-4 NB =       171.1613  1-4 EEL =      -332.6259  VDWAALS    =      4018.8422
 EELEC  =    -39218.9983  EHBOND  =         0.0000  RESTRAINT  =         0.0000
 EKCMT  =      2816.9323  VIRIAL  =      2403.2450  VOLUME     =     97716.2503
                                                    Density    =         1.0415
 Ewald error estimate:   0.7105E-05
 ------------------------------------------------------------------------------


 NSTEP =    43800   TIME(PS) =     107.600  TEMP(K) =   297.85  PRESS =  -248.6
 Etot   =    -28436.4330  EKtot   =      5918.2290  EPtot      =    -34354.6621
 BOND   =       153.6501  ANGLE   =       334.0091  DIHED      =       516.1742
 1-4 NB =       172.6514  1-4 EEL =      -355.8666  VDWAALS    =      3927.0609
 EELEC  =    -39102.3411  EHBOND  =         0.0000  RESTRAINT  =         0.0000
 EKCMT  =      2771.7585  VIRIAL  =      3296.1162  VOLUME     =     97683.5410
                                                    Density    =         1.0418
 Ewald error estimate:   0.1074E-03
 ------------------------------------------------------------------------------


 NSTEP =    43900   TIME(PS) =     107.800  TEMP(K) =   300.03  PRESS =   -36.6
 Etot   =    -28373.4416  EKtot   =      5961.6225  EPtot      =    -34335.0641
 BOND   =       156.5872  ANGLE   =       353.2560  DIHED      =       496.0297
 1-4 NB =       163.2424  1-4 EEL =      -352.6094  VDWAALS    =      3990.2598
 EELEC  =    -39141.8299  EHBOND  =         0.0000  RESTRAINT  =         0.0000
 EKCMT  =      2796.6469  VIRIAL  =      2873.9369  VOLUME     =     97726.9619
                                                    Density    =         1.0414
 Ewald error estimate:   0.2540E-04
 ------------------------------------------------------------------------------


 NSTEP =    44000   TIME(PS) =     108.000  TEMP(K) =   296.85  PRESS =    68.2
 Etot   =    -28351.6713  EKtot   =      5898.3444  EPtot      =    -34250.0157
 BOND   =       170.9665  ANGLE   =       331.5940  DIHED      =       511.3716
 1-4 NB =       171.7635  1-4 EEL =      -365.2627  VDWAALS    =      3972.4354
 EELEC  =    -39042.8841  EHBOND  =         0.0000  RESTRAINT  =         0.0000
 EKCMT  =      2739.5960  VIRIAL  =      2595.6459  VOLUME     =     97720.7576
                                                    Density    =         1.0414
 Ewald error estimate:   0.9876E-04
 ------------------------------------------------------------------------------


 NSTEP =    44100   TIME(PS) =     108.200  TEMP(K) =   293.85  PRESS =    83.9
 Etot   =    -28387.1636  EKtot   =      5838.7802  EPtot      =    -34225.9438
 BOND   =       167.6127  ANGLE   =       367.2978  DIHED      =       502.8625
 1-4 NB =       170.5827  1-4 EEL =      -357.1660  VDWAALS    =      3980.6314
 EELEC  =    -39057.7649  EHBOND  =         0.0000  RESTRAINT  =         0.0000
 EKCMT  =      2696.4238  VIRIAL  =      2519.2151  VOLUME     =     97805.1289
                                                    Density    =         1.0405
 Ewald error estimate:   0.1982E-03
 ------------------------------------------------------------------------------


 NSTEP =    44200   TIME(PS) =     108.400  TEMP(K) =   299.86  PRESS =  -257.3
 Etot   =    -28358.3400  EKtot   =      5958.2563  EPtot      =    -34316.5963
 BOND   =       162.2312  ANGLE   =       356.0727  DIHED      =       491.9596
 1-4 NB =       172.2081  1-4 EEL =      -353.0009  VDWAALS    =      3855.5936
 EELEC  =    -39001.6605  EHBOND  =         0.0000  RESTRAINT  =         0.0000
 EKCMT  =      2772.7567  VIRIAL  =      3315.8554  VOLUME     =     97764.1957
                                                    Density    =         1.0410
 Ewald error estimate:   0.1040E-03
 ------------------------------------------------------------------------------


 NSTEP =    44300   TIME(PS) =     108.600  TEMP(K) =   300.20  PRESS =    73.1
 Etot   =    -28369.9925  EKtot   =      5964.8913  EPtot      =    -34334.8838
 BOND   =       149.9656  ANGLE   =       368.7575  DIHED      =       500.0449
 1-4 NB =       168.7055  1-4 EEL =      -374.0365  VDWAALS    =      3967.1989
 EELEC  =    -39115.5197  EHBOND  =         0.0000  RESTRAINT  =         0.0000
 EKCMT  =      2745.2315  VIRIAL  =      2590.7802  VOLUME     =     97812.2449
                                                    Density    =         1.0405
 Ewald error estimate:   0.2878E-03
 ------------------------------------------------------------------------------


 NSTEP =    44400   TIME(PS) =     108.800  TEMP(K) =   300.24  PRESS =  -156.4
 Etot   =    -28346.2536  EKtot   =      5965.7417  EPtot      =    -34311.9953
 BOND   =       156.5220  ANGLE   =       363.3513  DIHED      =       512.1991
 1-4 NB =       169.8755  1-4 EEL =      -349.4728  VDWAALS    =      3931.8984
 EELEC  =    -39096.3688  EHBOND  =         0.0000  RESTRAINT  =         0.0000
 EKCMT  =      2743.7974  VIRIAL  =      3073.7288  VOLUME     =     97691.5869
                                                    Density    =         1.0417
 Ewald error estimate:   0.2687E-04
 ------------------------------------------------------------------------------


 NSTEP =    44500   TIME(PS) =     109.000  TEMP(K) =   295.47  PRESS =  -181.5
 Etot   =    -28385.4517  EKtot   =      5870.9359  EPtot      =    -34256.3875
 BOND   =       167.9923  ANGLE   =       370.0917  DIHED      =       494.1862
 1-4 NB =       170.7884  1-4 EEL =      -366.2298  VDWAALS    =      3940.3288
 EELEC  =    -39033.5450  EHBOND  =         0.0000  RESTRAINT  =         0.0000
 EKCMT  =      2725.9369  VIRIAL  =      3108.5690  VOLUME     =     97664.9167
                                                    Density    =         1.0420
 Ewald error estimate:   0.3872E-04
 ------------------------------------------------------------------------------


 NSTEP =    44600   TIME(PS) =     109.200  TEMP(K) =   299.03  PRESS =  -394.0
 Etot   =    -28369.5193  EKtot   =      5941.6713  EPtot      =    -34311.1906
 BOND   =       160.8375  ANGLE   =       350.2893  DIHED      =       506.5532
 1-4 NB =       165.5498  1-4 EEL =      -342.7999  VDWAALS    =      3950.4328
 EELEC  =    -39102.0533  EHBOND  =         0.0000  RESTRAINT  =         0.0000
 EKCMT  =      2761.3391  VIRIAL  =      3592.8136  VOLUME     =     97739.9188
                                                    Density    =         1.0412
 Ewald error estimate:   0.1868E-03
 ------------------------------------------------------------------------------


 NSTEP =    44700   TIME(PS) =     109.400  TEMP(K) =   301.47  PRESS =   -36.4
 Etot   =    -28403.6735  EKtot   =      5990.2721  EPtot      =    -34393.9456
 BOND   =       161.2633  ANGLE   =       339.4876  DIHED      =       496.4659
 1-4 NB =       167.8531  1-4 EEL =      -355.3371  VDWAALS    =      3922.6285
 EELEC  =    -39126.3071  EHBOND  =         0.0000  RESTRAINT  =         0.0000
 EKCMT  =      2752.0655  VIRIAL  =      2828.8419  VOLUME     =     97762.9545
                                                    Density    =         1.0410
 Ewald error estimate:   0.1428E-03
 ------------------------------------------------------------------------------


 NSTEP =    44800   TIME(PS) =     109.600  TEMP(K) =   301.45  PRESS =   264.2
 Etot   =    -28364.4197  EKtot   =      5989.7145  EPtot      =    -34354.1342
 BOND   =       137.9581  ANGLE   =       363.5760  DIHED      =       493.2415
 1-4 NB =       179.1923  1-4 EEL =      -336.8929  VDWAALS    =      4047.3525
 EELEC  =    -39238.5616  EHBOND  =         0.0000  RESTRAINT  =         0.0000
 EKCMT  =      2794.5722  VIRIAL  =      2236.7524  VOLUME     =     97776.4993
                                                    Density    =         1.0408
 Ewald error estimate:   0.1697E-03
 ------------------------------------------------------------------------------


 NSTEP =    44900   TIME(PS) =     109.800  TEMP(K) =   295.97  PRESS =   219.9
 Etot   =    -28396.6245  EKtot   =      5880.9132  EPtot      =    -34277.5378
 BOND   =       158.2767  ANGLE   =       355.6612  DIHED      =       509.7341
 1-4 NB =       164.0186  1-4 EEL =      -389.4114  VDWAALS    =      4026.4361
 EELEC  =    -39102.2531  EHBOND  =         0.0000  RESTRAINT  =         0.0000
 EKCMT  =      2705.3819  VIRIAL  =      2240.7623  VOLUME     =     97853.0310
                                                    Density    =         1.0400
 Ewald error estimate:   0.2883E-03
 ------------------------------------------------------------------------------


 NSTEP =    45000   TIME(PS) =     110.000  TEMP(K) =   303.96  PRESS =    19.1
 Etot   =    -28222.7888  EKtot   =      6039.6684  EPtot      =    -34262.4572
 BOND   =       154.5829  ANGLE   =       357.4034  DIHED      =       508.6396
 1-4 NB =       164.5327  1-4 EEL =      -333.5649  VDWAALS    =      3918.3375
 EELEC  =    -39032.3884  EHBOND  =         0.0000  RESTRAINT  =         0.0000
 EKCMT  =      2707.3666  VIRIAL  =      2666.9664  VOLUME     =     97914.6453
                                                    Density    =         1.0394
 Ewald error estimate:   0.1570E-03
 ------------------------------------------------------------------------------


 NSTEP =    45100   TIME(PS) =     110.200  TEMP(K) =   304.94  PRESS =  -433.2
 Etot   =    -28183.9771  EKtot   =      6059.1964  EPtot      =    -34243.1734
 BOND   =       134.7895  ANGLE   =       352.3249  DIHED      =       521.3869
 1-4 NB =       179.4480  1-4 EEL =      -339.9854  VDWAALS    =      3852.1890
 EELEC  =    -38943.3263  EHBOND  =         0.0000  RESTRAINT  =         0.0000
 EKCMT  =      2748.4995  VIRIAL  =      3663.9426  VOLUME     =     97884.7515
                                                    Density    =         1.0397
 Ewald error estimate:   0.7563E-04
 ------------------------------------------------------------------------------


 NSTEP =    45200   TIME(PS) =     110.400  TEMP(K) =   306.37  PRESS =   245.2
 Etot   =    -28151.8383  EKtot   =      6087.4632  EPtot      =    -34239.3015
 BOND   =       168.8131  ANGLE   =       340.4303  DIHED      =       506.4523
 1-4 NB =       169.3491  1-4 EEL =      -343.1943  VDWAALS    =      4048.7986
 EELEC  =    -39129.9506  EHBOND  =         0.0000  RESTRAINT  =         0.0000
 EKCMT  =      2808.0014  VIRIAL  =      2289.6368  VOLUME     =     97898.7188
                                                    Density    =         1.0395
 Ewald error estimate:   0.3014E-04
 ------------------------------------------------------------------------------


 NSTEP =    45300   TIME(PS) =     110.600  TEMP(K) =   301.79  PRESS =   141.4
 Etot   =    -28216.0972  EKtot   =      5996.5518  EPtot      =    -34212.6490
 BOND   =       144.3147  ANGLE   =       359.9325  DIHED      =       489.2330
 1-4 NB =       171.3712  1-4 EEL =      -344.1047  VDWAALS    =      3883.8571
 EELEC  =    -38917.2528  EHBOND  =         0.0000  RESTRAINT  =         0.0000
 EKCMT  =      2791.7188  VIRIAL  =      2492.6781  VOLUME     =     97940.6807
                                                    Density    =         1.0391
 Ewald error estimate:   0.1622E-03
 ------------------------------------------------------------------------------


 NSTEP =    45400   TIME(PS) =     110.800  TEMP(K) =   297.74  PRESS =   100.3
 Etot   =    -28279.4752  EKtot   =      5916.0464  EPtot      =    -34195.5217
 BOND   =       144.8853  ANGLE   =       363.9988  DIHED      =       500.9935
 1-4 NB =       172.2707  1-4 EEL =      -355.7537  VDWAALS    =      3950.5799
 EELEC  =    -38972.4963  EHBOND  =         0.0000  RESTRAINT  =         0.0000
 EKCMT  =      2727.7582  VIRIAL  =      2515.5242  VOLUME     =     98012.7222
                                                    Density    =         1.0383
 Ewald error estimate:   0.4703E-04
 ------------------------------------------------------------------------------


 NSTEP =    45500   TIME(PS) =     111.000  TEMP(K) =   297.22  PRESS =   106.7
 Etot   =    -28180.2911  EKtot   =      5905.7947  EPtot      =    -34086.0858
 BOND   =       157.6836  ANGLE   =       365.0997  DIHED      =       503.1133
 1-4 NB =       170.7172  1-4 EEL =      -351.9556  VDWAALS    =      3874.6075
 EELEC  =    -38805.3515  EHBOND  =         0.0000  RESTRAINT  =         0.0000
 EKCMT  =      2739.5180  VIRIAL  =      2513.6921  VOLUME     =     98062.8993
                                                    Density    =         1.0378
 Ewald error estimate:   0.6261E-04
 ------------------------------------------------------------------------------


 NSTEP =    45600   TIME(PS) =     111.200  TEMP(K) =   303.20  PRESS =   144.8
 Etot   =    -28111.6827  EKtot   =      6024.6055  EPtot      =    -34136.2883
 BOND   =       161.2848  ANGLE   =       338.8706  DIHED      =       512.1762
 1-4 NB =       175.7721  1-4 EEL =      -343.2871  VDWAALS    =      3984.9920
 EELEC  =    -38966.0968  EHBOND  =         0.0000  RESTRAINT  =         0.0000
 EKCMT  =      2793.8091  VIRIAL  =      2487.3114  VOLUME     =     98043.6580
                                                    Density    =         1.0380
 Ewald error estimate:   0.2346E-05
 ------------------------------------------------------------------------------


 NSTEP =    45700   TIME(PS) =     111.400  TEMP(K) =   302.46  PRESS =   161.0
 Etot   =    -28144.3181  EKtot   =      6009.8375  EPtot      =    -34154.1556
 BOND   =       164.0135  ANGLE   =       348.0388  DIHED      =       521.9531
 1-4 NB =       167.2753  1-4 EEL =      -337.5310  VDWAALS    =      4073.3355
 EELEC  =    -39091.2408  EHBOND  =         0.0000  RESTRAINT  =         0.0000
 EKCMT  =      2745.1861  VIRIAL  =      2404.1333  VOLUME     =     98106.9008
                                                    Density    =         1.0373
 Ewald error estimate:   0.9247E-04
 ------------------------------------------------------------------------------


 NSTEP =    45800   TIME(PS) =     111.600  TEMP(K) =   304.85  PRESS =   545.2
 Etot   =    -28083.8425  EKtot   =      6057.4044  EPtot      =    -34141.2469
 BOND   =       157.6332  ANGLE   =       346.3490  DIHED      =       498.5108
 1-4 NB =       162.7860  1-4 EEL =      -335.7157  VDWAALS    =      4045.7700
 EELEC  =    -39016.5802  EHBOND  =         0.0000  RESTRAINT  =         0.0000
 EKCMT  =      2765.8857  VIRIAL  =      1610.6055  VOLUME     =     98135.6294
                                                    Density    =         1.0370
 Ewald error estimate:   0.5304E-04
 ------------------------------------------------------------------------------


 NSTEP =    45900   TIME(PS) =     111.800  TEMP(K) =   303.60  PRESS =   -94.5
 Etot   =    -28172.2829  EKtot   =      6032.5292  EPtot      =    -34204.8121
 BOND   =       143.4163  ANGLE   =       341.5174  DIHED      =       507.5630
 1-4 NB =       161.8392  1-4 EEL =      -355.7250  VDWAALS    =      3968.3323
 EELEC  =    -38971.7553  EHBOND  =         0.0000  RESTRAINT  =         0.0000
 EKCMT  =      2772.8989  VIRIAL  =      2973.1062  VOLUME     =     98173.2269
                                                    Density    =         1.0366
 Ewald error estimate:   0.1067E-03
 ------------------------------------------------------------------------------


 NSTEP =    46000   TIME(PS) =     112.000  TEMP(K) =   300.71  PRESS =   306.5
 Etot   =    -28257.8900  EKtot   =      5975.0932  EPtot      =    -34232.9833
 BOND   =       153.6267  ANGLE   =       342.9199  DIHED      =       502.4859
 1-4 NB =       164.3750  1-4 EEL =      -353.4620  VDWAALS    =      3891.8856
 EELEC  =    -38934.8143  EHBOND  =         0.0000  RESTRAINT  =         0.0000
 EKCMT  =      2769.6365  VIRIAL  =      2119.7024  VOLUME     =     98208.9569
                                                    Density    =         1.0363
 Ewald error estimate:   0.1410E-03
 ------------------------------------------------------------------------------


 NSTEP =    46100   TIME(PS) =     112.200  TEMP(K) =   303.04  PRESS =  -275.7
 Etot   =    -28222.0579  EKtot   =      6021.3119  EPtot      =    -34243.3698
 BOND   =       147.3281  ANGLE   =       345.4993  DIHED      =       491.1119
 1-4 NB =       174.7290  1-4 EEL =      -349.5023  VDWAALS    =      3787.9749
 EELEC  =    -38840.5108  EHBOND  =         0.0000  RESTRAINT  =         0.0000
 EKCMT  =      2730.5374  VIRIAL  =      3314.4069  VOLUME     =     98086.3775
                                                    Density    =         1.0376
 Ewald error estimate:   0.9907E-04
 ------------------------------------------------------------------------------


 NSTEP =    46200   TIME(PS) =     112.400  TEMP(K) =   299.56  PRESS =    -8.2
 Etot   =    -28221.5423  EKtot   =      5952.1484  EPtot      =    -34173.6907
 BOND   =       141.0662  ANGLE   =       353.2405  DIHED      =       501.0470
 1-4 NB =       168.3108  1-4 EEL =      -352.3091  VDWAALS    =      3875.2189
 EELEC  =    -38860.2649  EHBOND  =         0.0000  RESTRAINT  =         0.0000
 EKCMT  =      2768.9687  VIRIAL  =      2786.3334  VOLUME     =     98110.5310
                                                    Density    =         1.0373
 Ewald error estimate:   0.1141E-03
 ------------------------------------------------------------------------------


 NSTEP =    46300   TIME(PS) =     112.600  TEMP(K) =   297.78  PRESS =  -298.6
 Etot   =    -28109.7834  EKtot   =      5916.7926  EPtot      =    -34026.5760
 BOND   =       148.5003  ANGLE   =       352.2647  DIHED      =       523.5457
 1-4 NB =       171.5841  1-4 EEL =      -357.2522  VDWAALS    =      3822.9116
 EELEC  =    -38688.1301  EHBOND  =         0.0000  RESTRAINT  =         0.0000
 EKCMT  =      2722.4364  VIRIAL  =      3355.2079  VOLUME     =     98146.5443
                                                    Density    =         1.0369
 Ewald error estimate:   0.1413E-03
 ------------------------------------------------------------------------------


 NSTEP =    46400   TIME(PS) =     112.800  TEMP(K) =   301.81  PRESS =  -633.7
 Etot   =    -28172.6821  EKtot   =      5996.9348  EPtot      =    -34169.6169
 BOND   =       145.7757  ANGLE   =       361.7444  DIHED      =       494.4732
 1-4 NB =       174.3499  1-4 EEL =      -336.4730  VDWAALS    =      3723.2868
 EELEC  =    -38732.7739  EHBOND  =         0.0000  RESTRAINT  =         0.0000
 EKCMT  =      2783.7502  VIRIAL  =      4125.9327  VOLUME     =     98089.3136
                                                    Density    =         1.0375
 Ewald error estimate:   0.1161E-03
 ------------------------------------------------------------------------------


 NSTEP =    46500   TIME(PS) =     113.000  TEMP(K) =   300.61  PRESS =  -225.0
 Etot   =    -28228.7344  EKtot   =      5973.0262  EPtot      =    -34201.7606
 BOND   =       151.0826  ANGLE   =       346.6735  DIHED      =       504.3007
 1-4 NB =       170.9878  1-4 EEL =      -324.9845  VDWAALS    =      3919.7257
 EELEC  =    -38969.5463  EHBOND  =         0.0000  RESTRAINT  =         0.0000
 EKCMT  =      2708.1969  VIRIAL  =      3184.5205  VOLUME     =     98054.3957
                                                    Density    =         1.0379
 Ewald error estimate:   0.2277E-04
 ------------------------------------------------------------------------------


 NSTEP =    46600   TIME(PS) =     113.200  TEMP(K) =   300.23  PRESS =  -208.9
 Etot   =    -28217.9780  EKtot   =      5965.4796  EPtot      =    -34183.4576
 BOND   =       158.5566  ANGLE   =       364.7645  DIHED      =       505.2166
 1-4 NB =       174.3044  1-4 EEL =      -370.3760  VDWAALS    =      3840.9689
 EELEC  =    -38856.8925  EHBOND  =         0.0000  RESTRAINT  =         0.0000
 EKCMT  =      2700.3727  VIRIAL  =      3142.7400  VOLUME     =     98075.6250
                                                    Density    =         1.0377
 Ewald error estimate:   0.7249E-04
 ------------------------------------------------------------------------------


 NSTEP =    46700   TIME(PS) =     113.400  TEMP(K) =   297.35  PRESS =   -26.9
 Etot   =    -28246.2960  EKtot   =      5908.2356  EPtot      =    -34154.5316
 BOND   =       146.5338  ANGLE   =       359.4180  DIHED      =       514.1247
 1-4 NB =       182.0532  1-4 EEL =      -342.8299  VDWAALS    =      3903.9593
 EELEC  =    -38917.7907  EHBOND  =         0.0000  RESTRAINT  =         0.0000
 EKCMT  =      2708.0744  VIRIAL  =      2764.9583  VOLUME     =     98120.4275
                                                    Density    =         1.0372
 Ewald error estimate:   0.1810E-03
 ------------------------------------------------------------------------------


 NSTEP =    46800   TIME(PS) =     113.600  TEMP(K) =   301.47  PRESS =    73.0
 Etot   =    -28271.2795  EKtot   =      5990.2210  EPtot      =    -34261.5005
 BOND   =       174.4735  ANGLE   =       344.0915  DIHED      =       507.2297
 1-4 NB =       168.6998  1-4 EEL =      -357.5680  VDWAALS    =      3998.3941
 EELEC  =    -39096.8210  EHBOND  =         0.0000  RESTRAINT  =         0.0000
 EKCMT  =      2786.0236  VIRIAL  =      2631.5566  VOLUME     =     98057.3367
                                                    Density    =         1.0379
 Ewald error estimate:   0.4068E-04
 ------------------------------------------------------------------------------


 NSTEP =    46900   TIME(PS) =     113.800  TEMP(K) =   300.49  PRESS =   173.0
 Etot   =    -28336.9688  EKtot   =      5970.7961  EPtot      =    -34307.7649
 BOND   =       133.5589  ANGLE   =       343.2518  DIHED      =       514.9375
 1-4 NB =       172.3835  1-4 EEL =      -337.8889  VDWAALS    =      4021.0645
 EELEC  =    -39155.0721  EHBOND  =         0.0000  RESTRAINT  =         0.0000
 EKCMT  =      2791.4127  VIRIAL  =      2425.0737  VOLUME     =     98076.3607
                                                    Density    =         1.0377
 Ewald error estimate:   0.1365E-03
 ------------------------------------------------------------------------------


 NSTEP =    47000   TIME(PS) =     114.000  TEMP(K) =   300.81  PRESS =  -360.4
 Etot   =    -28261.4370  EKtot   =      5977.1318  EPtot      =    -34238.5688
 BOND   =       149.4055  ANGLE   =       348.5974  DIHED      =       502.4532
 1-4 NB =       172.0759  1-4 EEL =      -327.1863  VDWAALS    =      3885.4933
 EELEC  =    -38969.4079  EHBOND  =         0.0000  RESTRAINT  =         0.0000
 EKCMT  =      2783.1856  VIRIAL  =      3546.3222  VOLUME     =     98071.1922
                                                    Density    =         1.0377
 Ewald error estimate:   0.1396E-03
 ------------------------------------------------------------------------------


 NSTEP =    47100   TIME(PS) =     114.200  TEMP(K) =   296.17  PRESS =    68.2
 Etot   =    -28293.5974  EKtot   =      5884.9459  EPtot      =    -34178.5433
 BOND   =       155.9719  ANGLE   =       319.7488  DIHED      =       516.4109
 1-4 NB =       170.6744  1-4 EEL =      -353.4518  VDWAALS    =      3986.2076
 EELEC  =    -38974.1050  EHBOND  =         0.0000  RESTRAINT  =         0.0000
 EKCMT  =      2665.0751  VIRIAL  =      2520.6958  VOLUME     =     98057.3396
                                                    Density    =         1.0379
 Ewald error estimate:   0.9252E-04
 ------------------------------------------------------------------------------


 NSTEP =    47200   TIME(PS) =     114.400  TEMP(K) =   301.40  PRESS =  -154.8
 Etot   =    -28373.4719  EKtot   =      5988.7229  EPtot      =    -34362.1948
 BOND   =       155.6476  ANGLE   =       355.2693  DIHED      =       510.4442
 1-4 NB =       171.8597  1-4 EEL =      -349.0050  VDWAALS    =      3816.9750
 EELEC  =    -39023.3856  EHBOND  =         0.0000  RESTRAINT  =         0.0000
 EKCMT  =      2756.7475  VIRIAL  =      3084.4439  VOLUME     =     98044.1828
                                                    Density    =         1.0380
 Ewald error estimate:   0.1263E-03
 ------------------------------------------------------------------------------


 NSTEP =    47300   TIME(PS) =     114.600  TEMP(K) =   295.18  PRESS =    35.7
 Etot   =    -28372.5783  EKtot   =      5865.2346  EPtot      =    -34237.8129
 BOND   =       161.5594  ANGLE   =       348.5229  DIHED      =       493.8241
 1-4 NB =       161.5088  1-4 EEL =      -346.2780  VDWAALS    =      4011.4724
 EELEC  =    -39068.4225  EHBOND  =         0.0000  RESTRAINT  =         0.0000
 EKCMT  =      2668.7781  VIRIAL  =      2593.2189  VOLUME     =     98037.9142
                                                    Density    =         1.0381
 Ewald error estimate:   0.9518E-04
 ------------------------------------------------------------------------------


 NSTEP =    47400   TIME(PS) =     114.800  TEMP(K) =   298.94  PRESS =   182.4
 Etot   =    -28312.2334  EKtot   =      5939.9218  EPtot      =    -34252.1552
 BOND   =       168.1308  ANGLE   =       367.0034  DIHED      =       509.8952
 1-4 NB =       169.1814  1-4 EEL =      -366.2457  VDWAALS    =      4039.2232
 EELEC  =    -39139.3434  EHBOND  =         0.0000  RESTRAINT  =         0.0000
 EKCMT  =      2713.2772  VIRIAL  =      2326.8929  VOLUME     =     98105.3530
                                                    Density    =         1.0374
 Ewald error estimate:   0.2068E-03
 ------------------------------------------------------------------------------


 NSTEP =    47500   TIME(PS) =     115.000  TEMP(K) =   304.32  PRESS =    84.2
 Etot   =    -28245.2846  EKtot   =      6046.7417  EPtot      =    -34292.0263
 BOND   =       145.4810  ANGLE   =       342.7760  DIHED      =       500.5590
 1-4 NB =       179.7984  1-4 EEL =      -316.0302  VDWAALS    =      4037.1118
 EELEC  =    -39181.7222  EHBOND  =         0.0000  RESTRAINT  =         0.0000
 EKCMT  =      2737.1455  VIRIAL  =      2558.6063  VOLUME     =     98226.3526
                                                    Density    =         1.0361
 Ewald error estimate:   0.4058E-04
 ------------------------------------------------------------------------------


 NSTEP =    47600   TIME(PS) =     115.200  TEMP(K) =   295.75  PRESS =  -147.4
 Etot   =    -28287.8030  EKtot   =      5876.4787  EPtot      =    -34164.2817
 BOND   =       148.9690  ANGLE   =       362.7281  DIHED      =       498.8642
 1-4 NB =       166.3029  1-4 EEL =      -345.5909  VDWAALS    =      3906.5725
 EELEC  =    -38902.1275  EHBOND  =         0.0000  RESTRAINT  =         0.0000
 EKCMT  =      2633.0848  VIRIAL  =      2945.5321  VOLUME     =     98196.2670
                                                    Density    =         1.0364
 Ewald error estimate:   0.2925E-03
 ------------------------------------------------------------------------------


 NSTEP =    47700   TIME(PS) =     115.400  TEMP(K) =   304.85  PRESS =  -242.1
 Etot   =    -28334.7210  EKtot   =      6057.2796  EPtot      =    -34392.0006
 BOND   =       160.5054  ANGLE   =       334.5790  DIHED      =       490.5041
 1-4 NB =       163.6254  1-4 EEL =      -351.0519  VDWAALS    =      3911.5057
 EELEC  =    -39101.6683  EHBOND  =         0.0000  RESTRAINT  =         0.0000
 EKCMT  =      2771.6351  VIRIAL  =      3284.2183  VOLUME     =     98048.4118
                                                    Density    =         1.0380
 Ewald error estimate:   0.7222E-04
 ------------------------------------------------------------------------------


 NSTEP =    47800   TIME(PS) =     115.600  TEMP(K) =   303.30  PRESS =    27.2
 Etot   =    -28296.2976  EKtot   =      6026.5072  EPtot      =    -34322.8048
 BOND   =       151.0181  ANGLE   =       371.9561  DIHED      =       508.0127
 1-4 NB =       175.5053  1-4 EEL =      -361.9807  VDWAALS    =      3955.8584
 EELEC  =    -39123.1748  EHBOND  =         0.0000  RESTRAINT  =         0.0000
 EKCMT  =      2801.1334  VIRIAL  =      2743.6244  VOLUME     =     98070.4643
                                                    Density    =         1.0377
 Ewald error estimate:   0.2004E-03
 ------------------------------------------------------------------------------


 NSTEP =    47900   TIME(PS) =     115.800  TEMP(K) =   300.71  PRESS =   280.9
 Etot   =    -28301.5646  EKtot   =      5975.0239  EPtot      =    -34276.5885
 BOND   =       162.6510  ANGLE   =       359.3245  DIHED      =       490.1319
 1-4 NB =       172.5632  1-4 EEL =      -361.6489  VDWAALS    =      4070.7763
 EELEC  =    -39170.3864  EHBOND  =         0.0000  RESTRAINT  =         0.0000
 EKCMT  =      2798.9424  VIRIAL  =      2204.0222  VOLUME     =     98100.8302
                                                    Density    =         1.0374
 Ewald error estimate:   0.1727E-03
 ------------------------------------------------------------------------------


 NSTEP =    48000   TIME(PS) =     116.000  TEMP(K) =   303.38  PRESS =  -445.9
 Etot   =    -28222.7457  EKtot   =      6028.1489  EPtot      =    -34250.8946
 BOND   =       162.0060  ANGLE   =       352.4404  DIHED      =       509.6975
 1-4 NB =       169.6593  1-4 EEL =      -361.8829  VDWAALS    =      3828.8749
 EELEC  =    -38911.6897  EHBOND  =         0.0000  RESTRAINT  =         0.0000
 EKCMT  =      2791.7905  VIRIAL  =      3736.2381  VOLUME     =     98089.2512
                                                    Density    =         1.0375
 Ewald error estimate:   0.8433E-04
 ------------------------------------------------------------------------------


 NSTEP =    48100   TIME(PS) =     116.200  TEMP(K) =   296.70  PRESS =   198.1
 Etot   =    -28268.0574  EKtot   =      5895.3468  EPtot      =    -34163.4042
 BOND   =       171.5096  ANGLE   =       345.9700  DIHED      =       500.3935
 1-4 NB =       168.0412  1-4 EEL =      -342.5642  VDWAALS    =      3937.2549
 EELEC  =    -38944.0093  EHBOND  =         0.0000  RESTRAINT  =         0.0000
 EKCMT  =      2760.9143  VIRIAL  =      2341.3582  VOLUME     =     98094.7236
                                                    Density    =         1.0375
 Ewald error estimate:   0.1381E-03
 ------------------------------------------------------------------------------


 NSTEP =    48200   TIME(PS) =     116.400  TEMP(K) =   300.51  PRESS =   -27.5
 Etot   =    -28311.8565  EKtot   =      5971.2007  EPtot      =    -34283.0572
 BOND   =       165.8670  ANGLE   =       344.6141  DIHED      =       486.4405
 1-4 NB =       175.5311  1-4 EEL =      -337.5032  VDWAALS    =      3964.7705
 EELEC  =    -39082.7772  EHBOND  =         0.0000  RESTRAINT  =         0.0000
 EKCMT  =      2762.0787  VIRIAL  =      2820.3450  VOLUME     =     98163.0938
                                                    Density    =         1.0367
 Ewald error estimate:   0.1452E-03
 ------------------------------------------------------------------------------


 NSTEP =    48300   TIME(PS) =     116.600  TEMP(K) =   294.44  PRESS =  -312.8
 Etot   =    -28424.2887  EKtot   =      5850.4615  EPtot      =    -34274.7502
 BOND   =       151.8617  ANGLE   =       341.7666  DIHED      =       483.3166
 1-4 NB =       172.5113  1-4 EEL =      -332.2261  VDWAALS    =      3895.9562
 EELEC  =    -38987.9365  EHBOND  =         0.0000  RESTRAINT  =         0.0000
 EKCMT  =      2667.6208  VIRIAL  =      3330.2683  VOLUME     =     98113.4510
                                                    Density    =         1.0373
 Ewald error estimate:   0.2944E-03
 ------------------------------------------------------------------------------


 NSTEP =    48400   TIME(PS) =     116.800  TEMP(K) =   299.50  PRESS =  -241.2
 Etot   =    -28306.2007  EKtot   =      5951.0292  EPtot      =    -34257.2300
 BOND   =       156.0226  ANGLE   =       351.0885  DIHED      =       503.2626
 1-4 NB =       173.0985  1-4 EEL =      -362.2868  VDWAALS    =      3881.4079
 EELEC  =    -38959.8231  EHBOND  =         0.0000  RESTRAINT  =         0.0000
 EKCMT  =      2766.5528  VIRIAL  =      3276.9744  VOLUME     =     98013.5542
                                                    Density    =         1.0383
 Ewald error estimate:   0.1214E-04
 ------------------------------------------------------------------------------


 NSTEP =    48500   TIME(PS) =     117.000  TEMP(K) =   298.32  PRESS =  -305.8
 Etot   =    -28381.7856  EKtot   =      5927.6168  EPtot      =    -34309.4024
 BOND   =       165.2781  ANGLE   =       327.0764  DIHED      =       491.8849
 1-4 NB =       165.2217  1-4 EEL =      -352.9652  VDWAALS    =      3796.9951
 EELEC  =    -38902.8934  EHBOND  =         0.0000  RESTRAINT  =         0.0000
 EKCMT  =      2761.1015  VIRIAL  =      3407.4723  VOLUME     =     97904.3762
                                                    Density    =         1.0395
 Ewald error estimate:   0.6147E-05
 ------------------------------------------------------------------------------


 NSTEP =    48600   TIME(PS) =     117.200  TEMP(K) =   299.22  PRESS =  -140.3
 Etot   =    -28286.1590  EKtot   =      5945.4202  EPtot      =    -34231.5792
 BOND   =       145.0058  ANGLE   =       326.3519  DIHED      =       499.4236
 1-4 NB =       165.1586  1-4 EEL =      -359.3775  VDWAALS    =      3874.8553
 EELEC  =    -38882.9969  EHBOND  =         0.0000  RESTRAINT  =         0.0000
 EKCMT  =      2718.3766  VIRIAL  =      3014.4181  VOLUME     =     97761.2596
                                                    Density    =         1.0410
 Ewald error estimate:   0.1608E-03
 ------------------------------------------------------------------------------


 NSTEP =    48700   TIME(PS) =     117.400  TEMP(K) =   303.11  PRESS =   192.9
 Etot   =    -28263.4551  EKtot   =      6022.7532  EPtot      =    -34286.2083
 BOND   =       155.5965  ANGLE   =       339.9351  DIHED      =       507.6193
 1-4 NB =       164.2192  1-4 EEL =      -332.4356  VDWAALS    =      4009.2389
 EELEC  =    -39130.3817  EHBOND  =         0.0000  RESTRAINT  =         0.0000
 EKCMT  =      2774.9271  VIRIAL  =      2367.8014  VOLUME     =     97734.8476
                                                    Density    =         1.0413
 Ewald error estimate:   0.3872E-04
 ------------------------------------------------------------------------------


 NSTEP =    48800   TIME(PS) =     117.600  TEMP(K) =   303.57  PRESS =    13.0
 Etot   =    -28226.2643  EKtot   =      6031.9868  EPtot      =    -34258.2510
 BOND   =       148.9140  ANGLE   =       352.4160  DIHED      =       486.1356
 1-4 NB =       167.5238  1-4 EEL =      -352.5969  VDWAALS    =      3915.4333
 EELEC  =    -38976.0768  EHBOND  =         0.0000  RESTRAINT  =         0.0000
 EKCMT  =      2819.1316  VIRIAL  =      2791.6433  VOLUME     =     97749.5234
                                                    Density    =         1.0411
 Ewald error estimate:   0.2917E-03
 ------------------------------------------------------------------------------


 NSTEP =    48900   TIME(PS) =     117.800  TEMP(K) =   302.09  PRESS =   -24.9
 Etot   =    -28232.8871  EKtot   =      6002.5551  EPtot      =    -34235.4423
 BOND   =       143.6167  ANGLE   =       372.6339  DIHED      =       493.5108
 1-4 NB =       169.7356  1-4 EEL =      -342.1195  VDWAALS    =      3900.0262
 EELEC  =    -38972.8460  EHBOND  =         0.0000  RESTRAINT  =         0.0000
 EKCMT  =      2814.9963  VIRIAL  =      2867.5907  VOLUME     =     97712.4473
                                                    Density    =         1.0415
 Ewald error estimate:   0.2787E-03
 ------------------------------------------------------------------------------


 NSTEP =    49000   TIME(PS) =     118.000  TEMP(K) =   306.34  PRESS =   -52.7
 Etot   =    -28161.1074  EKtot   =      6086.8795  EPtot      =    -34247.9868
 BOND   =       148.1798  ANGLE   =       349.5135  DIHED      =       496.8548
 1-4 NB =       170.4522  1-4 EEL =      -346.1050  VDWAALS    =      3910.0424
 EELEC  =    -38976.9246  EHBOND  =         0.0000  RESTRAINT  =         0.0000
 EKCMT  =      2832.7903  VIRIAL  =      2944.0014  VOLUME     =     97724.7513
                                                    Density    =         1.0414
 Ewald error estimate:   0.2544E-03
 ------------------------------------------------------------------------------


 NSTEP =    49100   TIME(PS) =     118.200  TEMP(K) =   301.67  PRESS =  -657.4
 Etot   =    -28119.5374  EKtot   =      5994.0651  EPtot      =    -34113.6025
 BOND   =       144.2235  ANGLE   =       366.9555  DIHED      =       509.0811
 1-4 NB =       169.4134  1-4 EEL =      -346.9351  VDWAALS    =      3708.2413
 EELEC  =    -38664.5822  EHBOND  =         0.0000  RESTRAINT  =         0.0000
 EKCMT  =      2757.4545  VIRIAL  =      4144.0067  VOLUME     =     97692.0369
                                                    Density    =         1.0417
 Ewald error estimate:   0.1245E-05
 ------------------------------------------------------------------------------


 NSTEP =    49200   TIME(PS) =     118.400  TEMP(K) =   303.30  PRESS =    22.4
 Etot   =    -28162.2869  EKtot   =      6026.4907  EPtot      =    -34188.7777
 BOND   =       154.4469  ANGLE   =       362.4226  DIHED      =       499.6956
 1-4 NB =       174.3280  1-4 EEL =      -346.5031  VDWAALS    =      3850.6025
 EELEC  =    -38883.7702  EHBOND  =         0.0000  RESTRAINT  =         0.0000
 EKCMT  =      2811.5349  VIRIAL  =      2764.3032  VOLUME     =     97535.4341
                                                    Density    =         1.0434
 Ewald error estimate:   0.1311E-03
 ------------------------------------------------------------------------------


 NSTEP =    49300   TIME(PS) =     118.600  TEMP(K) =   306.45  PRESS =    77.6
 Etot   =    -28179.0160  EKtot   =      6089.1436  EPtot      =    -34268.1596
 BOND   =       157.0547  ANGLE   =       336.1815  DIHED      =       500.2765
 1-4 NB =       168.9876  1-4 EEL =      -334.9466  VDWAALS    =      4037.4528
 EELEC  =    -39133.1661  EHBOND  =         0.0000  RESTRAINT  =         0.0000
 EKCMT  =      2792.1486  VIRIAL  =      2628.5050  VOLUME     =     97677.6656
                                                    Density    =         1.0419
 Ewald error estimate:   0.7942E-05
 ------------------------------------------------------------------------------


 NSTEP =    49400   TIME(PS) =     118.800  TEMP(K) =   302.51  PRESS =   -49.2
 Etot   =    -28261.8688  EKtot   =      6010.7781  EPtot      =    -34272.6468
 BOND   =       158.5030  ANGLE   =       350.7041  DIHED      =       500.8343
 1-4 NB =       172.6039  1-4 EEL =      -330.3996  VDWAALS    =      3947.9770
 EELEC  =    -39072.8695  EHBOND  =         0.0000  RESTRAINT  =         0.0000
 EKCMT  =      2762.7153  VIRIAL  =      2866.5382  VOLUME     =     97725.6547
                                                    Density    =         1.0414
 Ewald error estimate:   0.2473E-03
 ------------------------------------------------------------------------------


 NSTEP =    49500   TIME(PS) =     119.000  TEMP(K) =   300.22  PRESS =   237.3
 Etot   =    -28279.8787  EKtot   =      5965.3885  EPtot      =    -34245.2672
 BOND   =       154.5571  ANGLE   =       338.6361  DIHED      =       502.7290
 1-4 NB =       163.5264  1-4 EEL =      -338.1714  VDWAALS    =      4016.5847
 EELEC  =    -39083.1291  EHBOND  =         0.0000  RESTRAINT  =         0.0000
 EKCMT  =      2743.9668  VIRIAL  =      2243.3134  VOLUME     =     97721.1009
                                                    Density    =         1.0414
 Ewald error estimate:   0.1119E-03
 ------------------------------------------------------------------------------


 NSTEP =    49600   TIME(PS) =     119.200  TEMP(K) =   295.70  PRESS =   222.3
 Etot   =    -28370.1055  EKtot   =      5875.5131  EPtot      =    -34245.6186
 BOND   =       139.3227  ANGLE   =       331.1893  DIHED      =       495.1450
 1-4 NB =       178.6349  1-4 EEL =      -333.9350  VDWAALS    =      3998.7203
 EELEC  =    -39054.6957  EHBOND  =         0.0000  RESTRAINT  =         0.0000
 EKCMT  =      2709.2497  VIRIAL  =      2240.1281  VOLUME     =     97743.9167
                                                    Density    =         1.0412
 Ewald error estimate:   0.3950E-04
 ------------------------------------------------------------------------------


 NSTEP =    49700   TIME(PS) =     119.400  TEMP(K) =   294.53  PRESS =   -59.5
 Etot   =    -28441.7317  EKtot   =      5852.2333  EPtot      =    -34293.9650
 BOND   =       160.2772  ANGLE   =       364.0621  DIHED      =       506.4898
 1-4 NB =       173.5329  1-4 EEL =      -353.6232  VDWAALS    =      3956.0008
 EELEC  =    -39100.7047  EHBOND  =         0.0000  RESTRAINT  =         0.0000
 EKCMT  =      2704.9190  VIRIAL  =      2830.5088  VOLUME     =     97719.0898
                                                    Density    =         1.0415
 Ewald error estimate:   0.1005E-03
 ------------------------------------------------------------------------------


 NSTEP =    49800   TIME(PS) =     119.600  TEMP(K) =   291.65  PRESS =   -84.0
 Etot   =    -28481.0310  EKtot   =      5795.0653  EPtot      =    -34276.0962
 BOND   =       153.5858  ANGLE   =       327.4761  DIHED      =       506.5022
 1-4 NB =       176.0019  1-4 EEL =      -363.4381  VDWAALS    =      3970.9940
 EELEC  =    -39047.2181  EHBOND  =         0.0000  RESTRAINT  =         0.0000
 EKCMT  =      2653.2794  VIRIAL  =      2830.5133  VOLUME     =     97697.4318
                                                    Density    =         1.0417
 Ewald error estimate:   0.7693E-04
 ------------------------------------------------------------------------------


 NSTEP =    49900   TIME(PS) =     119.800  TEMP(K) =   294.12  PRESS =   -86.1
 Etot   =    -28416.1762  EKtot   =      5844.1916  EPtot      =    -34260.3678
 BOND   =       142.8349  ANGLE   =       344.5493  DIHED      =       510.0851
 1-4 NB =       161.6596  1-4 EEL =      -357.1365  VDWAALS    =      3844.6870
 EELEC  =    -38907.0472  EHBOND  =         0.0000  RESTRAINT  =         0.0000
 EKCMT  =      2669.0785  VIRIAL  =      2850.5868  VOLUME     =     97653.6304
                                                    Density    =         1.0422
 Ewald error estimate:   0.1014E-03
 ------------------------------------------------------------------------------


 NSTEP =    50000   TIME(PS) =     120.000  TEMP(K) =   301.75  PRESS =  -273.7
 Etot   =    -28375.5096  EKtot   =      5995.8137  EPtot      =    -34371.3233
 BOND   =       146.4619  ANGLE   =       367.6389  DIHED      =       504.9874
 1-4 NB =       174.4865  1-4 EEL =      -345.9225  VDWAALS    =      3936.3830
 EELEC  =    -39155.3585  EHBOND  =         0.0000  RESTRAINT  =         0.0000
 EKCMT  =      2763.3217  VIRIAL  =      3340.4021  VOLUME     =     97635.0386
                                                    Density    =         1.0424
 Ewald error estimate:   0.1824E-03
 ------------------------------------------------------------------------------


      A V E R A G E S   O V E R   50000 S T E P S


 NSTEP =    50000   TIME(PS) =     120.000  TEMP(K) =   298.54  PRESS =   -84.4
 Etot   =    -28305.7199  EKtot   =      5932.0623  EPtot      =    -34237.7822
 BOND   =       153.8121  ANGLE   =       347.6372  DIHED      =       506.5589
 1-4 NB =       169.6151  1-4 EEL =      -346.6609  VDWAALS    =      3942.1062
 EELEC  =    -39010.8508  EHBOND  =         0.0000  RESTRAINT  =         0.0000
 EKCMT  =      2737.0673  VIRIAL  =      2933.3042  VOLUME     =     99313.0529
                                                    Density    =         1.0261
 Ewald error estimate:   0.1088E-03
 ------------------------------------------------------------------------------


      R M S  F L U C T U A T I O N S


 NSTEP =    50000   TIME(PS) =     120.000  TEMP(K) =     9.62  PRESS =   319.8
 Etot   =       394.3562  EKtot   =       191.0763  EPtot      =       233.3783
 BOND   =        11.2866  ANGLE   =        17.1845  DIHED      =         8.8864
 1-4 NB =         4.9427  1-4 EEL =        13.2013  VDWAALS    =       115.8738
 EELEC  =       304.8024  EHBOND  =         0.0000  RESTRAINT  =         0.0000
 EKCMT  =        92.6852  VIRIAL  =       685.5691  VOLUME     =      3775.2366
                                                    Density    =         0.0354
 Ewald error estimate:   0.8180E-04
 ------------------------------------------------------------------------------


--------------------------------------------------------------------------------
   5.  TIMINGS
--------------------------------------------------------------------------------

|                Build the list           722.79 (99.84% of List )
|                Other                      1.16 ( 0.16% of List )
|             List time                723.95 (11.81% of Nonbo)
|                   Short_ene time          4541.15 (99.48% of Direc)
|                   Other                     23.93 ( 0.52% of Direc)
|                Direct Ewald time       4565.08 (84.44% of Ewald)
|                Adjust Ewald time         22.30 ( 0.41% of Ewald)
|                   Fill Bspline coeffs       25.75 ( 3.16% of Recip)
|                   Fill charge grid          64.25 ( 7.89% of Recip)
|                   Scalar sum               252.18 (30.97% of Recip)
|                   Grad sum                 139.33 (17.11% of Recip)
|                   FFT time                 332.70 (40.86% of Recip)
|                Recip Ewald time         814.24 (15.06% of Ewald)
|                Force Adjust               0.39 ( 0.01% of Ewald)
|                Virial junk                1.85 ( 0.03% of Ewald)
|                Other                      2.29 ( 0.04% of Ewald)
|             Ewald time              5406.21 (88.19% of Nonbo)
|          Nonbond force           6130.18 (99.60% of Force)
|          Bond/Angle/Dihedral       24.10 ( 0.39% of Force)
|          Other                      0.49 ( 0.01% of Force)
|       Force time              6154.77 (97.92% of Runmd)
|       Shake time                22.80 ( 0.36% of Runmd)
|       Verlet update time       104.31 ( 1.66% of Runmd)
|       Ekcmr time                 2.47 ( 0.04% of Runmd)
|       Other                      1.31 ( 0.02% of Runmd)
|    Runmd Time              6285.65 (100.0% of Total)
| Total time              6285.72 (100.0% of ALL  )

| Number of list builds   :       5062

| Highest rstack allocated:     612274
| Highest istack allocated:       9788

| Final Performance Info:
| -----------------------------------------------------
| Average timings for all steps:
|     Elapsed(s) =    6285.65 Per Step(ms) =     125.71
|         ns/day =       1.37   seconds/ns =   62856.52
| -----------------------------------------------------

|           Job began  at 16:06:43.626  on 05/20/2026
|           Setup done at 16:06:43.696  on 05/20/2026
|           Run   done at 17:51:29.347  on 05/20/2026
|     wallclock() was called 2310637 times

|3D-RISM memory allocation summary
|Type          Maximum        Current   
|Integer       0.00000 GB     0.00000 GB
|Real          0.00000 GB     0.00000 GB
|Logical       0.00000 GB     0.00000 GB
|Character     0.00000 GB     0.00000 GB
|---------------------------------------
|Total         0.00000 GB     0.00000 GB
