
          -------------------------------------------------------
          Amber 18 SANDER                              2018
          -------------------------------------------------------

| Run on 05/13/2026 at 17:57:40

|   Executable path: /home/ando/amber/amber18/bin/sander
| Working directory: /home/test/yazawa/tutorial2
|          Hostname: Unknown
  [-O]verwriting output

File Assignments:
|  MDIN: polyAT_vac_md1_nocut.in                                               
| MDOUT: polyAT_vac_md1_nocut.out                                              
|INPCRD: polyAT_vac_init_min.ncrst                                             
|  PARM: polyAT_vac.prmtop                                                     
|RESTRT: polyAT_vac_md1_nocut.ncrst                                            
|  REFC: refc                                                                  
| MDVEL: mdvel                                                                 
| MDFRC: mdfrc                                                                 
|  MDEN: mden                                                                  
| MDCRD: polyAT_vac_md1_nocut.nc                                               
|MDINFO: mdinfo                                                                
|  MTMD: mtmd                                                                  
|INPDIP: inpdip                                                                
|RSTDIP: rstdip                                                                
|INPTRA: inptraj                                                               


 Here is the input file:

10-mer DNA MD in-vacuo, infinite cut off                                       
 &cntrl                                                                        
  imin = 0, ntb = 0,                                                           
  igb = 0, ntpr = 100, ntwx = 100,                                             
  ntt = 3, gamma_ln = 1.0,                                                     
  tempi = 300.0, temp0 = 300.0,                                                
  nstlim = 100000, dt = 0.001,                                                 
  cut = 999                                                                    
 /                                                                             

--------------------------------------------------------------------------------
   1.  RESOURCE   USE: 
--------------------------------------------------------------------------------

| Flags:                                                                        
|    NONPERIODIC   ntb=0 and igb=0: Setting up nonperiodic simulation
|  *** cutoff > system size, list only builds once
|Largest sphere to fit in unit cell has radius =    40.257
| New format PARM file being parsed.
| Version =    1.000 Date = 05/13/26 Time = 17:14:44
 NATOM  =     638 NTYPES =      14 NBONH =     234 MBONA  =     452
 NTHETH =     554 MTHETA =     694 NPHIH =    1084 MPHIA  =    1326
 NHPARM =       0 NPARM  =       0 NNB   =    3544 NRES   =      20
 NBONA  =     452 NTHETA =     694 NPHIA =    1326 NUMBND =      39
 NUMANG =      75 NPTRA  =      56 NATYP =      26 NPHB   =       0
 IFBOX  =       0 NMXRS  =      33 IFCAP =       0 NEXTRA =       0
 NCOPY  =       0


|     Memory Use     Allocated
|     Real               47016
|     Hollerith           1936
|     Integer           154479
|     Max Pairs         203203
|     nblistReal          7656
|     nblist Int       2162849
|       Total            10280 kbytes

| Note: 1-4 EEL scale factors are being read from the topology file.

| Note: 1-4 VDW scale factors are being read from the topology file.
| Duplicated    0 dihedrals
| Duplicated    0 dihedrals

--------------------------------------------------------------------------------
   2.  CONTROL  DATA  FOR  THE  RUN
--------------------------------------------------------------------------------

default_name                                                                    

General flags:
     imin    =       0, nmropt  =       0

Nature and format of input:
     ntx     =       1, irest   =       0, ntrx    =       1

Nature and format of output:
     ntxo    =       2, ntpr    =     100, ntrx    =       1, ntwr    =  100000
     iwrap   =       0, ntwx    =     100, ntwv    =       0, ntwe    =       0
     ioutfm  =       1, ntwprt  =       0, idecomp =       0, rbornstat=      0

Potential function:
     ntf     =       1, ntb     =       0, igb     =       0, nsnb    =      25
     ipol    =       0, gbsa    =       0, iesp    =       0
     dielc   =   1.00000, cut     = 999.00000, intdiel =   1.00000

Frozen or restrained atoms:
     ibelly  =       0, ntr     =       0

Molecular dynamics:
     nstlim  =    100000, nscm    =      1000, nrespa  =         1
     t       =   0.00000, dt      =   0.00100, vlimit  =  20.00000

Langevin dynamics temperature regulation:
     ig      =   71277
     temp0   = 300.00000, tempi   = 300.00000, gamma_ln=   1.00000
|  INFO: Old style inpcrd file read


--------------------------------------------------------------------------------
   3.  ATOMIC COORDINATES AND VELOCITIES
--------------------------------------------------------------------------------

default_name                                                                    
 begin time read from input coords =     0.000 ps

 Number of triangulated 3-point waters found:        0

     Sum of charges from parm topology file = -17.99999992

--------------------------------------------------------------------------------
   4.  RESULTS
--------------------------------------------------------------------------------

|  # of SOLUTE  degrees of freedom (RNDFP):    1914.
|  # of SOLVENT degrees of freedom (RNDFS):       0.
|  NDFMIN =    1914.     NUM_NOSHAKE =      0     CORRECTED RNDFP =    1914.
|  TOTAL # of degrees of freedom (RNDF) =    1914.
 ---------------------------------------------------

     eedmeth=4: Setting switch to one everywhere

 ---------------------------------------------------
| Local SIZE OF NONBOND LIST =     199671
| TOTAL SIZE OF NONBOND LIST =     199671

 NSTEP =        0   TIME(PS) =       0.000  TEMP(K) =   297.60  PRESS =     0.0
 Etot   =      1953.0680  EKtot   =       565.9592  EPtot      =      1387.1088
 BOND   =        16.5426  ANGLE   =        98.9428  DIHED      =       445.4403
 1-4 NB =       161.7362  1-4 EEL =      -343.4443  VDWAALS    =      -347.6657
 EELEC  =      1355.5569  EHBOND  =         0.0000  RESTRAINT  =         0.0000
 ------------------------------------------------------------------------------


 NSTEP =      100   TIME(PS) =       0.100  TEMP(K) =   201.03  PRESS =     0.0
 Etot   =      2026.7329  EKtot   =       382.3037  EPtot      =      1644.4292
 BOND   =       145.0335  ANGLE   =       260.2284  DIHED      =       516.3938
 1-4 NB =       156.3913  1-4 EEL =      -360.8558  VDWAALS    =      -348.9014
 EELEC  =      1276.1394  EHBOND  =         0.0000  RESTRAINT  =         0.0000
 ------------------------------------------------------------------------------


 NSTEP =      200   TIME(PS) =       0.200  TEMP(K) =   235.71  PRESS =     0.0
 Etot   =      2058.5999  EKtot   =       448.2685  EPtot      =      1610.3314
 BOND   =       160.5646  ANGLE   =       258.7086  DIHED      =       542.8446
 1-4 NB =       152.1077  1-4 EEL =      -331.5149  VDWAALS    =      -345.9978
 EELEC  =      1173.6185  EHBOND  =         0.0000  RESTRAINT  =         0.0000
 ------------------------------------------------------------------------------


 NSTEP =      300   TIME(PS) =       0.300  TEMP(K) =   250.89  PRESS =     0.0
 Etot   =      2091.2788  EKtot   =       477.1244  EPtot      =      1614.1544
 BOND   =       165.3596  ANGLE   =       282.7162  DIHED      =       564.0900
 1-4 NB =       149.0454  1-4 EEL =      -311.8929  VDWAALS    =      -333.6553
 EELEC  =      1098.4914  EHBOND  =         0.0000  RESTRAINT  =         0.0000
 ------------------------------------------------------------------------------


 NSTEP =      400   TIME(PS) =       0.400  TEMP(K) =   267.46  PRESS =     0.0
 Etot   =      2115.5172  EKtot   =       508.6340  EPtot      =      1606.8832
 BOND   =       163.8441  ANGLE   =       332.6019  DIHED      =       519.7057
 1-4 NB =       156.9855  1-4 EEL =      -333.2282  VDWAALS    =      -322.4728
 EELEC  =      1089.4470  EHBOND  =         0.0000  RESTRAINT  =         0.0000
 ------------------------------------------------------------------------------


 NSTEP =      500   TIME(PS) =       0.500  TEMP(K) =   265.26  PRESS =     0.0
 Etot   =      2113.4725  EKtot   =       504.4639  EPtot      =      1609.0086
 BOND   =       177.2597  ANGLE   =       330.0331  DIHED      =       499.5987
 1-4 NB =       159.9642  1-4 EEL =      -345.7278  VDWAALS    =      -311.0274
 EELEC  =      1098.9081  EHBOND  =         0.0000  RESTRAINT  =         0.0000
 ------------------------------------------------------------------------------


 NSTEP =      600   TIME(PS) =       0.600  TEMP(K) =   281.59  PRESS =     0.0
 Etot   =      2126.5227  EKtot   =       535.5064  EPtot      =      1591.0164
 BOND   =       173.9381  ANGLE   =       323.4177  DIHED      =       490.7491
 1-4 NB =       158.1205  1-4 EEL =      -357.1477  VDWAALS    =      -294.0278
 EELEC  =      1095.9665  EHBOND  =         0.0000  RESTRAINT  =         0.0000
 ------------------------------------------------------------------------------


 NSTEP =      700   TIME(PS) =       0.700  TEMP(K) =   290.58  PRESS =     0.0
 Etot   =      2123.0902  EKtot   =       552.6042  EPtot      =      1570.4860
 BOND   =       178.5797  ANGLE   =       330.6911  DIHED      =       491.6282
 1-4 NB =       154.9179  1-4 EEL =      -334.0090  VDWAALS    =      -283.4135
 EELEC  =      1032.0916  EHBOND  =         0.0000  RESTRAINT  =         0.0000
 ------------------------------------------------------------------------------


 NSTEP =      800   TIME(PS) =       0.800  TEMP(K) =   269.67  PRESS =     0.0
 Etot   =      2118.1796  EKtot   =       512.8352  EPtot      =      1605.3444
 BOND   =       189.3277  ANGLE   =       343.4803  DIHED      =       525.9678
 1-4 NB =       161.2649  1-4 EEL =      -305.8825  VDWAALS    =      -283.4512
 EELEC  =       974.6372  EHBOND  =         0.0000  RESTRAINT  =         0.0000
 ------------------------------------------------------------------------------


 NSTEP =      900   TIME(PS) =       0.900  TEMP(K) =   286.18  PRESS =     0.0
 Etot   =      2126.1222  EKtot   =       544.2485  EPtot      =      1581.8736
 BOND   =       200.5401  ANGLE   =       350.6714  DIHED      =       515.6475
 1-4 NB =       162.0272  1-4 EEL =      -318.4867  VDWAALS    =      -282.4201
 EELEC  =       953.8943  EHBOND  =         0.0000  RESTRAINT  =         0.0000
 ------------------------------------------------------------------------------

| RE_POSITION Moving by   0.196381 -0.357527  0.345504

 NSTEP =     1000   TIME(PS) =       1.000  TEMP(K) =   299.39  PRESS =     0.0
 Etot   =      2127.3043  EKtot   =       569.3536  EPtot      =      1557.9507
 BOND   =       200.0201  ANGLE   =       356.7751  DIHED      =       489.2348
 1-4 NB =       161.9416  1-4 EEL =      -333.5078  VDWAALS    =      -284.5392
 EELEC  =       968.0262  EHBOND  =         0.0000  RESTRAINT  =         0.0000
 ------------------------------------------------------------------------------


 NSTEP =     1100   TIME(PS) =       1.100  TEMP(K) =   310.01  PRESS =     0.0
 Etot   =      2125.9514  EKtot   =       589.5550  EPtot      =      1536.3964
 BOND   =       217.9225  ANGLE   =       343.9390  DIHED      =       502.1756
 1-4 NB =       153.5341  1-4 EEL =      -339.3814  VDWAALS    =      -271.4528
 EELEC  =       929.6593  EHBOND  =         0.0000  RESTRAINT  =         0.0000
 ------------------------------------------------------------------------------


 NSTEP =     1200   TIME(PS) =       1.200  TEMP(K) =   309.97  PRESS =     0.0
 Etot   =      2122.3229  EKtot   =       589.4883  EPtot      =      1532.8346
 BOND   =       220.5437  ANGLE   =       348.9983  DIHED      =       525.3694
 1-4 NB =       157.1445  1-4 EEL =      -343.5421  VDWAALS    =      -275.4471
 EELEC  =       899.7679  EHBOND  =         0.0000  RESTRAINT  =         0.0000
 ------------------------------------------------------------------------------


 NSTEP =     1300   TIME(PS) =       1.300  TEMP(K) =   304.27  PRESS =     0.0
 Etot   =      2110.1868  EKtot   =       578.6441  EPtot      =      1531.5427
 BOND   =       228.4800  ANGLE   =       355.8471  DIHED      =       539.1597
 1-4 NB =       153.3278  1-4 EEL =      -346.8533  VDWAALS    =      -270.0052
 EELEC  =       871.5867  EHBOND  =         0.0000  RESTRAINT  =         0.0000
 ------------------------------------------------------------------------------


 NSTEP =     1400   TIME(PS) =       1.400  TEMP(K) =   316.88  PRESS =     0.0
 Etot   =      2098.8150  EKtot   =       602.6275  EPtot      =      1496.1874
 BOND   =       207.8142  ANGLE   =       331.1866  DIHED      =       534.4180
 1-4 NB =       157.8325  1-4 EEL =      -338.3044  VDWAALS    =      -267.1707
 EELEC  =       870.4113  EHBOND  =         0.0000  RESTRAINT  =         0.0000
 ------------------------------------------------------------------------------


 NSTEP =     1500   TIME(PS) =       1.500  TEMP(K) =   309.37  PRESS =     0.0
 Etot   =      2085.1669  EKtot   =       588.3352  EPtot      =      1496.8317
 BOND   =       221.1168  ANGLE   =       348.1323  DIHED      =       528.7981
 1-4 NB =       160.9045  1-4 EEL =      -355.3213  VDWAALS    =      -259.3672
 EELEC  =       852.5686  EHBOND  =         0.0000  RESTRAINT  =         0.0000
 ------------------------------------------------------------------------------


 NSTEP =     1600   TIME(PS) =       1.600  TEMP(K) =   311.43  PRESS =     0.0
 Etot   =      2066.3739  EKtot   =       592.2660  EPtot      =      1474.1079
 BOND   =       191.8080  ANGLE   =       362.7618  DIHED      =       526.8467
 1-4 NB =       161.7329  1-4 EEL =      -356.8032  VDWAALS    =      -248.2285
 EELEC  =       835.9902  EHBOND  =         0.0000  RESTRAINT  =         0.0000
 ------------------------------------------------------------------------------


 NSTEP =     1700   TIME(PS) =       1.700  TEMP(K) =   314.48  PRESS =     0.0
 Etot   =      2070.2678  EKtot   =       598.0572  EPtot      =      1472.2107
 BOND   =       228.1216  ANGLE   =       349.1972  DIHED      =       525.9330
 1-4 NB =       156.5498  1-4 EEL =      -347.5487  VDWAALS    =      -238.0365
 EELEC  =       797.9942  EHBOND  =         0.0000  RESTRAINT  =         0.0000
 ------------------------------------------------------------------------------


 NSTEP =     1800   TIME(PS) =       1.800  TEMP(K) =   320.25  PRESS =     0.0
 Etot   =      2053.8011  EKtot   =       609.0354  EPtot      =      1444.7657
 BOND   =       214.2681  ANGLE   =       350.5641  DIHED      =       522.8495
 1-4 NB =       154.5931  1-4 EEL =      -329.2929  VDWAALS    =      -248.8415
 EELEC  =       780.6254  EHBOND  =         0.0000  RESTRAINT  =         0.0000
 ------------------------------------------------------------------------------


 NSTEP =     1900   TIME(PS) =       1.900  TEMP(K) =   310.67  PRESS =     0.0
 Etot   =      2052.7354  EKtot   =       590.8079  EPtot      =      1461.9275
 BOND   =       222.1841  ANGLE   =       360.6118  DIHED      =       523.4930
 1-4 NB =       163.3443  1-4 EEL =      -343.4173  VDWAALS    =      -236.5516
 EELEC  =       772.2632  EHBOND  =         0.0000  RESTRAINT  =         0.0000
 ------------------------------------------------------------------------------

| RE_POSITION Moving by  -0.005630  0.121459 -1.272641

 NSTEP =     2000   TIME(PS) =       2.000  TEMP(K) =   308.31  PRESS =     0.0
 Etot   =      2044.9317  EKtot   =       586.3286  EPtot      =      1458.6031
 BOND   =       216.3212  ANGLE   =       366.7885  DIHED      =       528.4595
 1-4 NB =       160.8281  1-4 EEL =      -354.3081  VDWAALS    =      -226.6350
 EELEC  =       767.1489  EHBOND  =         0.0000  RESTRAINT  =         0.0000
 ------------------------------------------------------------------------------


 NSTEP =     2100   TIME(PS) =       2.100  TEMP(K) =   316.57  PRESS =     0.0
 Etot   =      2050.8039  EKtot   =       602.0253  EPtot      =      1448.7786
 BOND   =       227.1279  ANGLE   =       365.6954  DIHED      =       538.0314
 1-4 NB =       166.0147  1-4 EEL =      -353.8355  VDWAALS    =      -227.8601
 EELEC  =       733.6048  EHBOND  =         0.0000  RESTRAINT  =         0.0000
 ------------------------------------------------------------------------------


 NSTEP =     2200   TIME(PS) =       2.200  TEMP(K) =   309.82  PRESS =     0.0
 Etot   =      2028.6889  EKtot   =       589.2050  EPtot      =      1439.4839
 BOND   =       224.8545  ANGLE   =       366.6433  DIHED      =       524.4040
 1-4 NB =       161.8676  1-4 EEL =      -346.1783  VDWAALS    =      -224.5660
 EELEC  =       732.4589  EHBOND  =         0.0000  RESTRAINT  =         0.0000
 ------------------------------------------------------------------------------


 NSTEP =     2300   TIME(PS) =       2.300  TEMP(K) =   321.41  PRESS =     0.0
 Etot   =      2015.0383  EKtot   =       611.2369  EPtot      =      1403.8014
 BOND   =       222.2058  ANGLE   =       355.6712  DIHED      =       539.9358
 1-4 NB =       157.5378  1-4 EEL =      -354.0157  VDWAALS    =      -223.4686
 EELEC  =       705.9352  EHBOND  =         0.0000  RESTRAINT  =         0.0000
 ------------------------------------------------------------------------------


 NSTEP =     2400   TIME(PS) =       2.400  TEMP(K) =   311.85  PRESS =     0.0
 Etot   =      2009.8855  EKtot   =       593.0639  EPtot      =      1416.8217
 BOND   =       256.0954  ANGLE   =       347.5298  DIHED      =       538.9241
 1-4 NB =       160.7989  1-4 EEL =      -338.3290  VDWAALS    =      -211.4738
 EELEC  =       663.2763  EHBOND  =         0.0000  RESTRAINT  =         0.0000
 ------------------------------------------------------------------------------


 NSTEP =     2500   TIME(PS) =       2.500  TEMP(K) =   317.83  PRESS =     0.0
 Etot   =      2016.5597  EKtot   =       604.4278  EPtot      =      1412.1318
 BOND   =       210.0782  ANGLE   =       375.5829  DIHED      =       550.0976
 1-4 NB =       165.5701  1-4 EEL =      -330.7387  VDWAALS    =      -220.4020
 EELEC  =       661.9436  EHBOND  =         0.0000  RESTRAINT  =         0.0000
 ------------------------------------------------------------------------------


 NSTEP =     2600   TIME(PS) =       2.600  TEMP(K) =   319.63  PRESS =     0.0
 Etot   =      2027.0055  EKtot   =       607.8603  EPtot      =      1419.1452
 BOND   =       229.8904  ANGLE   =       393.3266  DIHED      =       536.5375
 1-4 NB =       161.0970  1-4 EEL =      -346.6325  VDWAALS    =      -214.7734
 EELEC  =       659.6996  EHBOND  =         0.0000  RESTRAINT  =         0.0000
 ------------------------------------------------------------------------------


 NSTEP =     2700   TIME(PS) =       2.700  TEMP(K) =   332.76  PRESS =     0.0
 Etot   =      2020.7257  EKtot   =       632.8180  EPtot      =      1387.9077
 BOND   =       236.3317  ANGLE   =       378.0261  DIHED      =       533.7271
 1-4 NB =       159.7670  1-4 EEL =      -340.9809  VDWAALS    =      -210.9449
 EELEC  =       631.9815  EHBOND  =         0.0000  RESTRAINT  =         0.0000
 ------------------------------------------------------------------------------


 NSTEP =     2800   TIME(PS) =       2.800  TEMP(K) =   332.91  PRESS =     0.0
 Etot   =      2002.6494  EKtot   =       633.1108  EPtot      =      1369.5386
 BOND   =       230.7112  ANGLE   =       378.8847  DIHED      =       530.2502
 1-4 NB =       157.0173  1-4 EEL =      -337.9434  VDWAALS    =      -207.7399
 EELEC  =       618.3585  EHBOND  =         0.0000  RESTRAINT  =         0.0000
 ------------------------------------------------------------------------------


 NSTEP =     2900   TIME(PS) =       2.900  TEMP(K) =   318.80  PRESS =     0.0
 Etot   =      1993.8288  EKtot   =       606.2717  EPtot      =      1387.5571
 BOND   =       235.1809  ANGLE   =       366.0111  DIHED      =       557.4486
 1-4 NB =       169.0260  1-4 EEL =      -331.5502  VDWAALS    =      -206.1027
 EELEC  =       597.5435  EHBOND  =         0.0000  RESTRAINT  =         0.0000
 ------------------------------------------------------------------------------

| RE_POSITION Moving by   0.194803 -0.136414  0.306632

 NSTEP =     3000   TIME(PS) =       3.000  TEMP(K) =   335.18  PRESS =     0.0
 Etot   =      1993.8810  EKtot   =       637.4262  EPtot      =      1356.4547
 BOND   =       225.4857  ANGLE   =       380.2342  DIHED      =       547.4258
 1-4 NB =       163.3416  1-4 EEL =      -348.3176  VDWAALS    =      -205.3880
 EELEC  =       593.6731  EHBOND  =         0.0000  RESTRAINT  =         0.0000
 ------------------------------------------------------------------------------


 NSTEP =     3100   TIME(PS) =       3.100  TEMP(K) =   340.44  PRESS =     0.0
 Etot   =      1991.8924  EKtot   =       647.4327  EPtot      =      1344.4597
 BOND   =       249.7521  ANGLE   =       361.9102  DIHED      =       538.0292
 1-4 NB =       153.1903  1-4 EEL =      -331.4274  VDWAALS    =      -205.3291
 EELEC  =       578.3343  EHBOND  =         0.0000  RESTRAINT  =         0.0000
 ------------------------------------------------------------------------------


 NSTEP =     3200   TIME(PS) =       3.200  TEMP(K) =   340.69  PRESS =     0.0
 Etot   =      1979.0160  EKtot   =       647.9060  EPtot      =      1331.1100
 BOND   =       243.6337  ANGLE   =       392.2648  DIHED      =       530.0431
 1-4 NB =       157.4924  1-4 EEL =      -344.9924  VDWAALS    =      -201.9130
 EELEC  =       554.5814  EHBOND  =         0.0000  RESTRAINT  =         0.0000
 ------------------------------------------------------------------------------


 NSTEP =     3300   TIME(PS) =       3.300  TEMP(K) =   337.71  PRESS =     0.0
 Etot   =      1950.0065  EKtot   =       642.2451  EPtot      =      1307.7614
 BOND   =       242.8689  ANGLE   =       362.5851  DIHED      =       531.6117
 1-4 NB =       164.1711  1-4 EEL =      -326.7721  VDWAALS    =      -201.8489
 EELEC  =       535.1455  EHBOND  =         0.0000  RESTRAINT  =         0.0000
 ------------------------------------------------------------------------------


 NSTEP =     3400   TIME(PS) =       3.400  TEMP(K) =   346.04  PRESS =     0.0
 Etot   =      1921.6505  EKtot   =       658.0763  EPtot      =      1263.5742
 BOND   =       211.4250  ANGLE   =       374.5825  DIHED      =       543.8773
 1-4 NB =       160.4431  1-4 EEL =      -346.2254  VDWAALS    =      -207.7568
 EELEC  =       527.2284  EHBOND  =         0.0000  RESTRAINT  =         0.0000
 ------------------------------------------------------------------------------


 NSTEP =     3500   TIME(PS) =       3.500  TEMP(K) =   326.07  PRESS =     0.0
 Etot   =      1897.5386  EKtot   =       620.0972  EPtot      =      1277.4414
 BOND   =       217.2002  ANGLE   =       362.0603  DIHED      =       560.4685
 1-4 NB =       162.6965  1-4 EEL =      -319.1987  VDWAALS    =      -198.1208
 EELEC  =       492.3353  EHBOND  =         0.0000  RESTRAINT  =         0.0000
 ------------------------------------------------------------------------------


 NSTEP =     3600   TIME(PS) =       3.600  TEMP(K) =   337.59  PRESS =     0.0
 Etot   =      1866.2093  EKtot   =       642.0034  EPtot      =      1224.2060
 BOND   =       221.8498  ANGLE   =       360.6354  DIHED      =       536.8976
 1-4 NB =       157.7305  1-4 EEL =      -327.2533  VDWAALS    =      -198.2954
 EELEC  =       472.6414  EHBOND  =         0.0000  RESTRAINT  =         0.0000
 ------------------------------------------------------------------------------


 NSTEP =     3700   TIME(PS) =       3.700  TEMP(K) =   327.37  PRESS =     0.0
 Etot   =      1850.2261  EKtot   =       622.5786  EPtot      =      1227.6475
 BOND   =       232.4232  ANGLE   =       363.3983  DIHED      =       537.1880
 1-4 NB =       161.5090  1-4 EEL =      -322.3071  VDWAALS    =      -197.0792
 EELEC  =       452.5152  EHBOND  =         0.0000  RESTRAINT  =         0.0000
 ------------------------------------------------------------------------------


 NSTEP =     3800   TIME(PS) =       3.800  TEMP(K) =   320.36  PRESS =     0.0
 Etot   =      1807.0014  EKtot   =       609.2443  EPtot      =      1197.7571
 BOND   =       210.5816  ANGLE   =       348.6652  DIHED      =       549.5572
 1-4 NB =       165.9096  1-4 EEL =      -329.4131  VDWAALS    =      -191.0242
 EELEC  =       443.4808  EHBOND  =         0.0000  RESTRAINT  =         0.0000
 ------------------------------------------------------------------------------


 NSTEP =     3900   TIME(PS) =       3.900  TEMP(K) =   330.27  PRESS =     0.0
 Etot   =      1792.0877  EKtot   =       628.0962  EPtot      =      1163.9914
 BOND   =       211.7583  ANGLE   =       354.4726  DIHED      =       550.2074
 1-4 NB =       157.5111  1-4 EEL =      -342.4213  VDWAALS    =      -194.2320
 EELEC  =       426.6953  EHBOND  =         0.0000  RESTRAINT  =         0.0000
 ------------------------------------------------------------------------------

| RE_POSITION Moving by   0.564803  0.336377 -0.123897

 NSTEP =     4000   TIME(PS) =       4.000  TEMP(K) =   314.08  PRESS =     0.0
 Etot   =      1781.4203  EKtot   =       597.2964  EPtot      =      1184.1239
 BOND   =       228.2167  ANGLE   =       378.4152  DIHED      =       538.1044
 1-4 NB =       167.3113  1-4 EEL =      -338.4423  VDWAALS    =      -190.5774
 EELEC  =       401.0960  EHBOND  =         0.0000  RESTRAINT  =         0.0000
 ------------------------------------------------------------------------------


 NSTEP =     4100   TIME(PS) =       4.100  TEMP(K) =   325.47  PRESS =     0.0
 Etot   =      1779.1125  EKtot   =       618.9537  EPtot      =      1160.1589
 BOND   =       231.6089  ANGLE   =       377.0215  DIHED      =       524.0102
 1-4 NB =       154.2538  1-4 EEL =      -323.8210  VDWAALS    =      -199.7637
 EELEC  =       396.8494  EHBOND  =         0.0000  RESTRAINT  =         0.0000
 ------------------------------------------------------------------------------


 NSTEP =     4200   TIME(PS) =       4.200  TEMP(K) =   318.13  PRESS =     0.0
 Etot   =      1759.8073  EKtot   =       604.9985  EPtot      =      1154.8087
 BOND   =       220.6159  ANGLE   =       381.2455  DIHED      =       551.2151
 1-4 NB =       163.4282  1-4 EEL =      -334.7609  VDWAALS    =      -197.6342
 EELEC  =       370.6991  EHBOND  =         0.0000  RESTRAINT  =         0.0000
 ------------------------------------------------------------------------------


 NSTEP =     4300   TIME(PS) =       4.300  TEMP(K) =   330.73  PRESS =     0.0
 Etot   =      1759.7654  EKtot   =       628.9583  EPtot      =      1130.8071
 BOND   =       224.3455  ANGLE   =       385.7339  DIHED      =       531.6860
 1-4 NB =       171.0402  1-4 EEL =      -349.8566  VDWAALS    =      -183.5993
 EELEC  =       351.4574  EHBOND  =         0.0000  RESTRAINT  =         0.0000
 ------------------------------------------------------------------------------


 NSTEP =     4400   TIME(PS) =       4.400  TEMP(K) =   325.55  PRESS =     0.0
 Etot   =      1742.8500  EKtot   =       619.1049  EPtot      =      1123.7452
 BOND   =       222.3431  ANGLE   =       376.3247  DIHED      =       541.4963
 1-4 NB =       161.1957  1-4 EEL =      -304.6176  VDWAALS    =      -191.3925
 EELEC  =       318.3954  EHBOND  =         0.0000  RESTRAINT  =         0.0000
 ------------------------------------------------------------------------------


 NSTEP =     4500   TIME(PS) =       4.500  TEMP(K) =   333.38  PRESS =     0.0
 Etot   =      1745.0599  EKtot   =       633.9951  EPtot      =      1111.0648
 BOND   =       231.1123  ANGLE   =       398.8755  DIHED      =       539.7265
 1-4 NB =       158.0402  1-4 EEL =      -347.7599  VDWAALS    =      -186.4656
 EELEC  =       317.5358  EHBOND  =         0.0000  RESTRAINT  =         0.0000
 ------------------------------------------------------------------------------


 NSTEP =     4600   TIME(PS) =       4.600  TEMP(K) =   339.69  PRESS =     0.0
 Etot   =      1730.3475  EKtot   =       646.0090  EPtot      =      1084.3385
 BOND   =       241.5264  ANGLE   =       344.9515  DIHED      =       540.2055
 1-4 NB =       151.5758  1-4 EEL =      -318.8328  VDWAALS    =      -183.9332
 EELEC  =       308.8453  EHBOND  =         0.0000  RESTRAINT  =         0.0000
 ------------------------------------------------------------------------------


 NSTEP =     4700   TIME(PS) =       4.700  TEMP(K) =   332.07  PRESS =     0.0
 Etot   =      1709.7844  EKtot   =       631.5088  EPtot      =      1078.2756
 BOND   =       225.3334  ANGLE   =       388.5436  DIHED      =       535.7448
 1-4 NB =       164.0797  1-4 EEL =      -340.4960  VDWAALS    =      -192.7686
 EELEC  =       297.8386  EHBOND  =         0.0000  RESTRAINT  =         0.0000
 ------------------------------------------------------------------------------


 NSTEP =     4800   TIME(PS) =       4.800  TEMP(K) =   327.83  PRESS =     0.0
 Etot   =      1685.7159  EKtot   =       623.4439  EPtot      =      1062.2720
 BOND   =       230.1855  ANGLE   =       357.7652  DIHED      =       537.3713
 1-4 NB =       159.1268  1-4 EEL =      -318.3246  VDWAALS    =      -178.9594
 EELEC  =       275.1072  EHBOND  =         0.0000  RESTRAINT  =         0.0000
 ------------------------------------------------------------------------------


 NSTEP =     4900   TIME(PS) =       4.900  TEMP(K) =   319.83  PRESS =     0.0
 Etot   =      1668.5529  EKtot   =       608.2308  EPtot      =      1060.3221
 BOND   =       225.4754  ANGLE   =       381.1699  DIHED      =       536.5548
 1-4 NB =       160.0312  1-4 EEL =      -322.8407  VDWAALS    =      -182.9415
 EELEC  =       262.8729  EHBOND  =         0.0000  RESTRAINT  =         0.0000
 ------------------------------------------------------------------------------

| RE_POSITION Moving by   0.281012 -0.497678  0.944848

 NSTEP =     5000   TIME(PS) =       5.000  TEMP(K) =   314.40  PRESS =     0.0
 Etot   =      1649.3835  EKtot   =       597.9110  EPtot      =      1051.4725
 BOND   =       239.8736  ANGLE   =       382.8704  DIHED      =       528.2141
 1-4 NB =       161.5425  1-4 EEL =      -352.7237  VDWAALS    =      -180.9866
 EELEC  =       272.6822  EHBOND  =         0.0000  RESTRAINT  =         0.0000
 ------------------------------------------------------------------------------


 NSTEP =     5100   TIME(PS) =       5.100  TEMP(K) =   319.09  PRESS =     0.0
 Etot   =      1652.6097  EKtot   =       606.8278  EPtot      =      1045.7819
 BOND   =       247.3680  ANGLE   =       358.5957  DIHED      =       529.4022
 1-4 NB =       162.6652  1-4 EEL =      -333.8494  VDWAALS    =      -175.4159
 EELEC  =       257.0160  EHBOND  =         0.0000  RESTRAINT  =         0.0000
 ------------------------------------------------------------------------------


 NSTEP =     5200   TIME(PS) =       5.200  TEMP(K) =   331.07  PRESS =     0.0
 Etot   =      1650.6495  EKtot   =       629.6098  EPtot      =      1021.0397
 BOND   =       234.9471  ANGLE   =       370.0950  DIHED      =       522.2027
 1-4 NB =       163.8814  1-4 EEL =      -343.3619  VDWAALS    =      -173.3569
 EELEC  =       246.6323  EHBOND  =         0.0000  RESTRAINT  =         0.0000
 ------------------------------------------------------------------------------


 NSTEP =     5300   TIME(PS) =       5.300  TEMP(K) =   324.64  PRESS =     0.0
 Etot   =      1641.5276  EKtot   =       617.3826  EPtot      =      1024.1449
 BOND   =       238.8132  ANGLE   =       371.0336  DIHED      =       535.8136
 1-4 NB =       158.5010  1-4 EEL =      -328.9957  VDWAALS    =      -185.2193
 EELEC  =       234.1985  EHBOND  =         0.0000  RESTRAINT  =         0.0000
 ------------------------------------------------------------------------------


 NSTEP =     5400   TIME(PS) =       5.400  TEMP(K) =   324.06  PRESS =     0.0
 Etot   =      1647.4957  EKtot   =       616.2733  EPtot      =      1031.2224
 BOND   =       241.3780  ANGLE   =       360.4374  DIHED      =       547.3961
 1-4 NB =       159.5556  1-4 EEL =      -311.7590  VDWAALS    =      -178.0644
 EELEC  =       212.2787  EHBOND  =         0.0000  RESTRAINT  =         0.0000
 ------------------------------------------------------------------------------


 NSTEP =     5500   TIME(PS) =       5.500  TEMP(K) =   347.55  PRESS =     0.0
 Etot   =      1659.0836  EKtot   =       660.9540  EPtot      =       998.1295
 BOND   =       228.8094  ANGLE   =       370.0273  DIHED      =       525.6389
 1-4 NB =       161.8858  1-4 EEL =      -307.8540  VDWAALS    =      -170.3063
 EELEC  =       189.9284  EHBOND  =         0.0000  RESTRAINT  =         0.0000
 ------------------------------------------------------------------------------


 NSTEP =     5600   TIME(PS) =       5.600  TEMP(K) =   338.57  PRESS =     0.0
 Etot   =      1640.5706  EKtot   =       643.8810  EPtot      =       996.6896
 BOND   =       233.0637  ANGLE   =       359.0865  DIHED      =       529.1333
 1-4 NB =       156.6941  1-4 EEL =      -304.8327  VDWAALS    =      -172.2464
 EELEC  =       195.7912  EHBOND  =         0.0000  RESTRAINT  =         0.0000
 ------------------------------------------------------------------------------


 NSTEP =     5700   TIME(PS) =       5.700  TEMP(K) =   324.79  PRESS =     0.0
 Etot   =      1612.5722  EKtot   =       617.6750  EPtot      =       994.8971
 BOND   =       233.3193  ANGLE   =       363.7745  DIHED      =       533.9333
 1-4 NB =       168.1717  1-4 EEL =      -309.0631  VDWAALS    =      -172.1748
 EELEC  =       176.9363  EHBOND  =         0.0000  RESTRAINT  =         0.0000
 ------------------------------------------------------------------------------


 NSTEP =     5800   TIME(PS) =       5.800  TEMP(K) =   323.10  PRESS =     0.0
 Etot   =      1580.8983  EKtot   =       614.4495  EPtot      =       966.4488
 BOND   =       231.5030  ANGLE   =       358.0869  DIHED      =       544.8280
 1-4 NB =       162.4160  1-4 EEL =      -331.9689  VDWAALS    =      -177.0016
 EELEC  =       178.5854  EHBOND  =         0.0000  RESTRAINT  =         0.0000
 ------------------------------------------------------------------------------


 NSTEP =     5900   TIME(PS) =       5.900  TEMP(K) =   315.41  PRESS =     0.0
 Etot   =      1567.1080  EKtot   =       599.8349  EPtot      =       967.2731
 BOND   =       223.9625  ANGLE   =       365.7120  DIHED      =       544.7965
 1-4 NB =       160.1699  1-4 EEL =      -324.6811  VDWAALS    =      -180.6419
 EELEC  =       177.9552  EHBOND  =         0.0000  RESTRAINT  =         0.0000
 ------------------------------------------------------------------------------

| RE_POSITION Moving by  -0.312464  0.262117  0.465923

 NSTEP =     6000   TIME(PS) =       6.000  TEMP(K) =   324.23  PRESS =     0.0
 Etot   =      1556.6711  EKtot   =       616.5979  EPtot      =       940.0732
 BOND   =       226.1531  ANGLE   =       358.5261  DIHED      =       536.8725
 1-4 NB =       169.6550  1-4 EEL =      -339.5871  VDWAALS    =      -185.9322
 EELEC  =       174.3858  EHBOND  =         0.0000  RESTRAINT  =         0.0000
 ------------------------------------------------------------------------------


 NSTEP =     6100   TIME(PS) =       6.100  TEMP(K) =   319.27  PRESS =     0.0
 Etot   =      1580.5476  EKtot   =       607.1736  EPtot      =       973.3739
 BOND   =       258.5474  ANGLE   =       381.4173  DIHED      =       526.4757
 1-4 NB =       154.8853  1-4 EEL =      -327.8154  VDWAALS    =      -181.3530
 EELEC  =       161.2166  EHBOND  =         0.0000  RESTRAINT  =         0.0000
 ------------------------------------------------------------------------------


 NSTEP =     6200   TIME(PS) =       6.200  TEMP(K) =   323.36  PRESS =     0.0
 Etot   =      1566.4908  EKtot   =       614.9542  EPtot      =       951.5366
 BOND   =       220.2893  ANGLE   =       358.8416  DIHED      =       551.0000
 1-4 NB =       169.9266  1-4 EEL =      -337.5201  VDWAALS    =      -183.7269
 EELEC  =       172.7262  EHBOND  =         0.0000  RESTRAINT  =         0.0000
 ------------------------------------------------------------------------------


 NSTEP =     6300   TIME(PS) =       6.300  TEMP(K) =   318.98  PRESS =     0.0
 Etot   =      1546.1064  EKtot   =       606.6165  EPtot      =       939.4899
 BOND   =       240.3705  ANGLE   =       355.0178  DIHED      =       542.6561
 1-4 NB =       163.3690  1-4 EEL =      -322.7190  VDWAALS    =      -178.8892
 EELEC  =       139.6847  EHBOND  =         0.0000  RESTRAINT  =         0.0000
 ------------------------------------------------------------------------------


 NSTEP =     6400   TIME(PS) =       6.400  TEMP(K) =   312.00  PRESS =     0.0
 Etot   =      1553.5733  EKtot   =       593.3374  EPtot      =       960.2359
 BOND   =       245.5628  ANGLE   =       369.8876  DIHED      =       559.8727
 1-4 NB =       155.7633  1-4 EEL =      -326.8283  VDWAALS    =      -175.0554
 EELEC  =       131.0331  EHBOND  =         0.0000  RESTRAINT  =         0.0000
 ------------------------------------------------------------------------------


 NSTEP =     6500   TIME(PS) =       6.500  TEMP(K) =   322.41  PRESS =     0.0
 Etot   =      1533.8992  EKtot   =       613.1457  EPtot      =       920.7535
 BOND   =       222.7878  ANGLE   =       379.7926  DIHED      =       528.6091
 1-4 NB =       165.9141  1-4 EEL =      -335.3666  VDWAALS    =      -176.8474
 EELEC  =       135.8639  EHBOND  =         0.0000  RESTRAINT  =         0.0000
 ------------------------------------------------------------------------------


 NSTEP =     6600   TIME(PS) =       6.600  TEMP(K) =   315.23  PRESS =     0.0
 Etot   =      1509.7292  EKtot   =       599.4825  EPtot      =       910.2467
 BOND   =       223.3524  ANGLE   =       365.1586  DIHED      =       538.7076
 1-4 NB =       162.0257  1-4 EEL =      -323.7858  VDWAALS    =      -178.0592
 EELEC  =       122.8476  EHBOND  =         0.0000  RESTRAINT  =         0.0000
 ------------------------------------------------------------------------------


 NSTEP =     6700   TIME(PS) =       6.700  TEMP(K) =   308.77  PRESS =     0.0
 Etot   =      1483.2743  EKtot   =       587.2029  EPtot      =       896.0714
 BOND   =       215.9681  ANGLE   =       373.1963  DIHED      =       529.6169
 1-4 NB =       166.7079  1-4 EEL =      -311.0819  VDWAALS    =      -172.5550
 EELEC  =        94.2190  EHBOND  =         0.0000  RESTRAINT  =         0.0000
 ------------------------------------------------------------------------------


 NSTEP =     6800   TIME(PS) =       6.800  TEMP(K) =   325.14  PRESS =     0.0
 Etot   =      1472.4534  EKtot   =       618.3317  EPtot      =       854.1217
 BOND   =       224.8672  ANGLE   =       346.2953  DIHED      =       540.5165
 1-4 NB =       165.3284  1-4 EEL =      -345.4766  VDWAALS    =      -168.5356
 EELEC  =        91.1265  EHBOND  =         0.0000  RESTRAINT  =         0.0000
 ------------------------------------------------------------------------------


 NSTEP =     6900   TIME(PS) =       6.900  TEMP(K) =   306.57  PRESS =     0.0
 Etot   =      1463.5840  EKtot   =       583.0100  EPtot      =       880.5740
 BOND   =       238.9097  ANGLE   =       344.5415  DIHED      =       545.4071
 1-4 NB =       155.6295  1-4 EEL =      -312.7232  VDWAALS    =      -171.1598
 EELEC  =        79.9691  EHBOND  =         0.0000  RESTRAINT  =         0.0000
 ------------------------------------------------------------------------------

| RE_POSITION Moving by  -0.269704  0.591887  0.534776

 NSTEP =     7000   TIME(PS) =       7.000  TEMP(K) =   309.59  PRESS =     0.0
 Etot   =      1451.9067  EKtot   =       588.7592  EPtot      =       863.1475
 BOND   =       242.5878  ANGLE   =       353.6959  DIHED      =       542.4729
 1-4 NB =       165.7757  1-4 EEL =      -335.7934  VDWAALS    =      -176.5879
 EELEC  =        70.9967  EHBOND  =         0.0000  RESTRAINT  =         0.0000
 ------------------------------------------------------------------------------


 NSTEP =     7100   TIME(PS) =       7.100  TEMP(K) =   295.56  PRESS =     0.0
 Etot   =      1454.1128  EKtot   =       562.0875  EPtot      =       892.0253
 BOND   =       240.6859  ANGLE   =       362.3550  DIHED      =       551.9862
 1-4 NB =       163.4876  1-4 EEL =      -335.7972  VDWAALS    =      -169.9489
 EELEC  =        79.2568  EHBOND  =         0.0000  RESTRAINT  =         0.0000
 ------------------------------------------------------------------------------


 NSTEP =     7200   TIME(PS) =       7.200  TEMP(K) =   314.50  PRESS =     0.0
 Etot   =      1420.7584  EKtot   =       598.1056  EPtot      =       822.6527
 BOND   =       205.8138  ANGLE   =       369.0822  DIHED      =       537.8399
 1-4 NB =       156.0575  1-4 EEL =      -347.3193  VDWAALS    =      -176.0523
 EELEC  =        77.2308  EHBOND  =         0.0000  RESTRAINT  =         0.0000
 ------------------------------------------------------------------------------


 NSTEP =     7300   TIME(PS) =       7.300  TEMP(K) =   295.90  PRESS =     0.0
 Etot   =      1412.0683  EKtot   =       562.7339  EPtot      =       849.3344
 BOND   =       230.7110  ANGLE   =       356.3729  DIHED      =       537.2253
 1-4 NB =       153.8364  1-4 EEL =      -328.7555  VDWAALS    =      -170.1995
 EELEC  =        70.1438  EHBOND  =         0.0000  RESTRAINT  =         0.0000
 ------------------------------------------------------------------------------


 NSTEP =     7400   TIME(PS) =       7.400  TEMP(K) =   302.82  PRESS =     0.0
 Etot   =      1390.8127  EKtot   =       575.8822  EPtot      =       814.9305
 BOND   =       225.0137  ANGLE   =       343.0087  DIHED      =       524.9918
 1-4 NB =       167.1950  1-4 EEL =      -328.6190  VDWAALS    =      -165.7089
 EELEC  =        49.0492  EHBOND  =         0.0000  RESTRAINT  =         0.0000
 ------------------------------------------------------------------------------


 NSTEP =     7500   TIME(PS) =       7.500  TEMP(K) =   302.18  PRESS =     0.0
 Etot   =      1382.7562  EKtot   =       574.6640  EPtot      =       808.0923
 BOND   =       227.1841  ANGLE   =       358.0291  DIHED      =       528.2928
 1-4 NB =       160.7751  1-4 EEL =      -331.9211  VDWAALS    =      -178.4807
 EELEC  =        44.2131  EHBOND  =         0.0000  RESTRAINT  =         0.0000
 ------------------------------------------------------------------------------


 NSTEP =     7600   TIME(PS) =       7.600  TEMP(K) =   299.88  PRESS =     0.0
 Etot   =      1388.0371  EKtot   =       570.2877  EPtot      =       817.7494
 BOND   =       232.0427  ANGLE   =       337.6356  DIHED      =       534.3119
 1-4 NB =       158.2470  1-4 EEL =      -306.5435  VDWAALS    =      -169.9902
 EELEC  =        32.0458  EHBOND  =         0.0000  RESTRAINT  =         0.0000
 ------------------------------------------------------------------------------


 NSTEP =     7700   TIME(PS) =       7.700  TEMP(K) =   300.61  PRESS =     0.0
 Etot   =      1410.1980  EKtot   =       571.6839  EPtot      =       838.5140
 BOND   =       237.4127  ANGLE   =       387.4939  DIHED      =       531.8305
 1-4 NB =       156.0793  1-4 EEL =      -336.2694  VDWAALS    =      -178.1820
 EELEC  =        40.1490  EHBOND  =         0.0000  RESTRAINT  =         0.0000
 ------------------------------------------------------------------------------


 NSTEP =     7800   TIME(PS) =       7.800  TEMP(K) =   328.10  PRESS =     0.0
 Etot   =      1416.5286  EKtot   =       623.9550  EPtot      =       792.5737
 BOND   =       229.0682  ANGLE   =       332.3429  DIHED      =       533.3939
 1-4 NB =       155.9093  1-4 EEL =      -284.8267  VDWAALS    =      -177.0039
 EELEC  =         3.6900  EHBOND  =         0.0000  RESTRAINT  =         0.0000
 ------------------------------------------------------------------------------


 NSTEP =     7900   TIME(PS) =       7.900  TEMP(K) =   320.17  PRESS =     0.0
 Etot   =      1423.5718  EKtot   =       608.8837  EPtot      =       814.6881
 BOND   =       227.5787  ANGLE   =       362.9719  DIHED      =       540.6637
 1-4 NB =       158.1131  1-4 EEL =      -309.0817  VDWAALS    =      -176.8441
 EELEC  =        11.2864  EHBOND  =         0.0000  RESTRAINT  =         0.0000
 ------------------------------------------------------------------------------

| RE_POSITION Moving by  -0.329553 -0.698911  1.150284

 NSTEP =     8000   TIME(PS) =       8.000  TEMP(K) =   317.04  PRESS =     0.0
 Etot   =      1424.1301  EKtot   =       602.9329  EPtot      =       821.1972
 BOND   =       235.2009  ANGLE   =       357.4952  DIHED      =       540.3256
 1-4 NB =       158.6232  1-4 EEL =      -304.0094  VDWAALS    =      -177.2100
 EELEC  =        10.7716  EHBOND  =         0.0000  RESTRAINT  =         0.0000
 ------------------------------------------------------------------------------


 NSTEP =     8100   TIME(PS) =       8.100  TEMP(K) =   306.16  PRESS =     0.0
 Etot   =      1420.2594  EKtot   =       582.2461  EPtot      =       838.0133
 BOND   =       236.1915  ANGLE   =       368.6916  DIHED      =       543.1748
 1-4 NB =       159.0280  1-4 EEL =      -304.6634  VDWAALS    =      -176.7619
 EELEC  =        12.3526  EHBOND  =         0.0000  RESTRAINT  =         0.0000
 ------------------------------------------------------------------------------


 NSTEP =     8200   TIME(PS) =       8.200  TEMP(K) =   311.80  PRESS =     0.0
 Etot   =      1388.5361  EKtot   =       592.9609  EPtot      =       795.5752
 BOND   =       233.0173  ANGLE   =       371.2444  DIHED      =       544.4861
 1-4 NB =       157.3336  1-4 EEL =      -358.5591  VDWAALS    =      -184.6293
 EELEC  =        32.6821  EHBOND  =         0.0000  RESTRAINT  =         0.0000
 ------------------------------------------------------------------------------


 NSTEP =     8300   TIME(PS) =       8.300  TEMP(K) =   307.01  PRESS =     0.0
 Etot   =      1400.5389  EKtot   =       583.8474  EPtot      =       816.6915
 BOND   =       220.9842  ANGLE   =       359.9100  DIHED      =       558.6330
 1-4 NB =       163.7131  1-4 EEL =      -316.8953  VDWAALS    =      -187.0174
 EELEC  =        17.3638  EHBOND  =         0.0000  RESTRAINT  =         0.0000
 ------------------------------------------------------------------------------


 NSTEP =     8400   TIME(PS) =       8.400  TEMP(K) =   310.33  PRESS =     0.0
 Etot   =      1403.7362  EKtot   =       590.1708  EPtot      =       813.5654
 BOND   =       245.1450  ANGLE   =       368.6920  DIHED      =       555.8132
 1-4 NB =       157.7477  1-4 EEL =      -336.8061  VDWAALS    =      -183.7907
 EELEC  =         6.7644  EHBOND  =         0.0000  RESTRAINT  =         0.0000
 ------------------------------------------------------------------------------


 NSTEP =     8500   TIME(PS) =       8.500  TEMP(K) =   315.75  PRESS =     0.0
 Etot   =      1404.9328  EKtot   =       600.4741  EPtot      =       804.4587
 BOND   =       258.2766  ANGLE   =       353.4786  DIHED      =       539.8971
 1-4 NB =       167.6639  1-4 EEL =      -339.9350  VDWAALS    =      -174.4946
 EELEC  =        -0.4278  EHBOND  =         0.0000  RESTRAINT  =         0.0000
 ------------------------------------------------------------------------------


 NSTEP =     8600   TIME(PS) =       8.600  TEMP(K) =   310.72  PRESS =     0.0
 Etot   =      1393.2415  EKtot   =       590.9128  EPtot      =       802.3287
 BOND   =       240.3924  ANGLE   =       376.8387  DIHED      =       545.8832
 1-4 NB =       162.1216  1-4 EEL =      -353.4990  VDWAALS    =      -176.4188
 EELEC  =         7.0105  EHBOND  =         0.0000  RESTRAINT  =         0.0000
 ------------------------------------------------------------------------------


 NSTEP =     8700   TIME(PS) =       8.700  TEMP(K) =   323.61  PRESS =     0.0
 Etot   =      1379.7899  EKtot   =       615.4233  EPtot      =       764.3666
 BOND   =       233.2409  ANGLE   =       354.9969  DIHED      =       535.5403
 1-4 NB =       160.5762  1-4 EEL =      -347.3498  VDWAALS    =      -175.1167
 EELEC  =         2.4787  EHBOND  =         0.0000  RESTRAINT  =         0.0000
 ------------------------------------------------------------------------------


 NSTEP =     8800   TIME(PS) =       8.800  TEMP(K) =   325.31  PRESS =     0.0
 Etot   =      1392.4658  EKtot   =       618.6634  EPtot      =       773.8025
 BOND   =       221.1078  ANGLE   =       358.8507  DIHED      =       536.5006
 1-4 NB =       166.4493  1-4 EEL =      -304.1035  VDWAALS    =      -180.1996
 EELEC  =       -24.8027  EHBOND  =         0.0000  RESTRAINT  =         0.0000
 ------------------------------------------------------------------------------


 NSTEP =     8900   TIME(PS) =       8.900  TEMP(K) =   317.79  PRESS =     0.0
 Etot   =      1406.2754  EKtot   =       604.3547  EPtot      =       801.9207
 BOND   =       246.9484  ANGLE   =       355.2093  DIHED      =       549.0972
 1-4 NB =       168.4796  1-4 EEL =      -309.3713  VDWAALS    =      -178.1887
 EELEC  =       -30.2537  EHBOND  =         0.0000  RESTRAINT  =         0.0000
 ------------------------------------------------------------------------------

| RE_POSITION Moving by  -0.474381  0.107695  0.203611

 NSTEP =     9000   TIME(PS) =       9.000  TEMP(K) =   336.73  PRESS =     0.0
 Etot   =      1407.9053  EKtot   =       640.3825  EPtot      =       767.5228
 BOND   =       247.1577  ANGLE   =       347.1294  DIHED      =       535.2986
 1-4 NB =       157.2995  1-4 EEL =      -320.9950  VDWAALS    =      -189.4106
 EELEC  =        -8.9569  EHBOND  =         0.0000  RESTRAINT  =         0.0000
 ------------------------------------------------------------------------------


 NSTEP =     9100   TIME(PS) =       9.100  TEMP(K) =   332.60  PRESS =     0.0
 Etot   =      1386.8041  EKtot   =       632.5177  EPtot      =       754.2863
 BOND   =       214.5367  ANGLE   =       355.7040  DIHED      =       544.5875
 1-4 NB =       166.5660  1-4 EEL =      -312.7259  VDWAALS    =      -173.7001
 EELEC  =       -40.6818  EHBOND  =         0.0000  RESTRAINT  =         0.0000
 ------------------------------------------------------------------------------


 NSTEP =     9200   TIME(PS) =       9.200  TEMP(K) =   317.27  PRESS =     0.0
 Etot   =      1347.8154  EKtot   =       603.3585  EPtot      =       744.4569
 BOND   =       233.3457  ANGLE   =       352.6516  DIHED      =       538.8892
 1-4 NB =       158.6356  1-4 EEL =      -321.2623  VDWAALS    =      -173.4109
 EELEC  =       -44.3920  EHBOND  =         0.0000  RESTRAINT  =         0.0000
 ------------------------------------------------------------------------------


 NSTEP =     9300   TIME(PS) =       9.300  TEMP(K) =   304.80  PRESS =     0.0
 Etot   =      1337.5970  EKtot   =       579.6578  EPtot      =       757.9391
 BOND   =       231.7578  ANGLE   =       360.2649  DIHED      =       536.0265
 1-4 NB =       153.7511  1-4 EEL =      -317.8040  VDWAALS    =      -181.6885
 EELEC  =       -24.3687  EHBOND  =         0.0000  RESTRAINT  =         0.0000
 ------------------------------------------------------------------------------


 NSTEP =     9400   TIME(PS) =       9.400  TEMP(K) =   304.27  PRESS =     0.0
 Etot   =      1336.6850  EKtot   =       578.6520  EPtot      =       758.0330
 BOND   =       248.6612  ANGLE   =       352.6626  DIHED      =       535.7923
 1-4 NB =       165.5888  1-4 EEL =      -330.5647  VDWAALS    =      -178.3337
 EELEC  =       -35.7736  EHBOND  =         0.0000  RESTRAINT  =         0.0000
 ------------------------------------------------------------------------------


 NSTEP =     9500   TIME(PS) =       9.500  TEMP(K) =   298.41  PRESS =     0.0
 Etot   =      1345.3574  EKtot   =       567.5044  EPtot      =       777.8530
 BOND   =       239.1599  ANGLE   =       386.0032  DIHED      =       538.2132
 1-4 NB =       154.7984  1-4 EEL =      -352.0710  VDWAALS    =      -171.1924
 EELEC  =       -17.0584  EHBOND  =         0.0000  RESTRAINT  =         0.0000
 ------------------------------------------------------------------------------


 NSTEP =     9600   TIME(PS) =       9.600  TEMP(K) =   314.61  PRESS =     0.0
 Etot   =      1332.7654  EKtot   =       598.3125  EPtot      =       734.4530
 BOND   =       220.8871  ANGLE   =       353.6043  DIHED      =       545.8730
 1-4 NB =       164.9187  1-4 EEL =      -348.5441  VDWAALS    =      -173.4928
 EELEC  =       -28.7932  EHBOND  =         0.0000  RESTRAINT  =         0.0000
 ------------------------------------------------------------------------------


 NSTEP =     9700   TIME(PS) =       9.700  TEMP(K) =   303.15  PRESS =     0.0
 Etot   =      1345.5340  EKtot   =       576.5205  EPtot      =       769.0136
 BOND   =       239.3989  ANGLE   =       363.0052  DIHED      =       537.6094
 1-4 NB =       160.8159  1-4 EEL =      -326.5653  VDWAALS    =      -172.7104
 EELEC  =       -32.5401  EHBOND  =         0.0000  RESTRAINT  =         0.0000
 ------------------------------------------------------------------------------


 NSTEP =     9800   TIME(PS) =       9.800  TEMP(K) =   325.95  PRESS =     0.0
 Etot   =      1358.7748  EKtot   =       619.8764  EPtot      =       738.8984
 BOND   =       240.1179  ANGLE   =       357.5124  DIHED      =       528.1646
 1-4 NB =       162.0517  1-4 EEL =      -327.6426  VDWAALS    =      -168.9468
 EELEC  =       -52.3588  EHBOND  =         0.0000  RESTRAINT  =         0.0000
 ------------------------------------------------------------------------------


 NSTEP =     9900   TIME(PS) =       9.900  TEMP(K) =   316.44  PRESS =     0.0
 Etot   =      1340.8302  EKtot   =       601.7922  EPtot      =       739.0380
 BOND   =       230.6878  ANGLE   =       351.7122  DIHED      =       540.9240
 1-4 NB =       167.6905  1-4 EEL =      -313.0624  VDWAALS    =      -168.5521
 EELEC  =       -70.3620  EHBOND  =         0.0000  RESTRAINT  =         0.0000
 ------------------------------------------------------------------------------

| RE_POSITION Moving by   0.222307  0.134022  0.360397

 NSTEP =    10000   TIME(PS) =      10.000  TEMP(K) =   315.42  PRESS =     0.0
 Etot   =      1326.5701  EKtot   =       599.8450  EPtot      =       726.7251
 BOND   =       221.9052  ANGLE   =       367.5386  DIHED      =       548.2357
 1-4 NB =       155.2753  1-4 EEL =      -324.6036  VDWAALS    =      -169.4866
 EELEC  =       -72.1396  EHBOND  =         0.0000  RESTRAINT  =         0.0000
 ------------------------------------------------------------------------------


 NSTEP =    10100   TIME(PS) =      10.100  TEMP(K) =   296.46  PRESS =     0.0
 Etot   =      1313.0867  EKtot   =       563.7927  EPtot      =       749.2940
 BOND   =       255.8401  ANGLE   =       371.2054  DIHED      =       545.1945
 1-4 NB =       163.0986  1-4 EEL =      -336.3399  VDWAALS    =      -171.3879
 EELEC  =       -78.3168  EHBOND  =         0.0000  RESTRAINT  =         0.0000
 ------------------------------------------------------------------------------


 NSTEP =    10200   TIME(PS) =      10.200  TEMP(K) =   308.43  PRESS =     0.0
 Etot   =      1316.2284  EKtot   =       586.5580  EPtot      =       729.6704
 BOND   =       226.2540  ANGLE   =       363.3169  DIHED      =       548.2993
 1-4 NB =       161.1882  1-4 EEL =      -330.2874  VDWAALS    =      -166.9604
 EELEC  =       -72.1403  EHBOND  =         0.0000  RESTRAINT  =         0.0000
 ------------------------------------------------------------------------------


 NSTEP =    10300   TIME(PS) =      10.300  TEMP(K) =   295.22  PRESS =     0.0
 Etot   =      1302.7850  EKtot   =       561.4384  EPtot      =       741.3466
 BOND   =       236.3940  ANGLE   =       352.9752  DIHED      =       553.5681
 1-4 NB =       161.9435  1-4 EEL =      -321.1747  VDWAALS    =      -171.5321
 EELEC  =       -70.8274  EHBOND  =         0.0000  RESTRAINT  =         0.0000
 ------------------------------------------------------------------------------


 NSTEP =    10400   TIME(PS) =      10.400  TEMP(K) =   291.04  PRESS =     0.0
 Etot   =      1295.9576  EKtot   =       553.4772  EPtot      =       742.4804
 BOND   =       252.8373  ANGLE   =       368.8476  DIHED      =       548.8671
 1-4 NB =       156.0785  1-4 EEL =      -328.0618  VDWAALS    =      -164.3559
 EELEC  =       -91.7323  EHBOND  =         0.0000  RESTRAINT  =         0.0000
 ------------------------------------------------------------------------------


 NSTEP =    10500   TIME(PS) =      10.500  TEMP(K) =   294.22  PRESS =     0.0
 Etot   =      1288.1007  EKtot   =       559.5235  EPtot      =       728.5772
 BOND   =       232.8270  ANGLE   =       356.6833  DIHED      =       559.7529
 1-4 NB =       163.4963  1-4 EEL =      -329.2653  VDWAALS    =      -174.2737
 EELEC  =       -80.6434  EHBOND  =         0.0000  RESTRAINT  =         0.0000
 ------------------------------------------------------------------------------


 NSTEP =    10600   TIME(PS) =      10.600  TEMP(K) =   312.23  PRESS =     0.0
 Etot   =      1276.6991  EKtot   =       593.7844  EPtot      =       682.9147
 BOND   =       222.6846  ANGLE   =       351.7370  DIHED      =       540.4312
 1-4 NB =       160.5109  1-4 EEL =      -330.8780  VDWAALS    =      -174.9763
 EELEC  =       -86.5948  EHBOND  =         0.0000  RESTRAINT  =         0.0000
 ------------------------------------------------------------------------------


 NSTEP =    10700   TIME(PS) =      10.700  TEMP(K) =   292.35  PRESS =     0.0
 Etot   =      1282.6370  EKtot   =       555.9690  EPtot      =       726.6680
 BOND   =       225.2944  ANGLE   =       349.5401  DIHED      =       539.6418
 1-4 NB =       160.5153  1-4 EEL =      -304.0210  VDWAALS    =      -174.4087
 EELEC  =       -69.8940  EHBOND  =         0.0000  RESTRAINT  =         0.0000
 ------------------------------------------------------------------------------


 NSTEP =    10800   TIME(PS) =      10.800  TEMP(K) =   315.80  PRESS =     0.0
 Etot   =      1282.3403  EKtot   =       600.5764  EPtot      =       681.7639
 BOND   =       223.2411  ANGLE   =       343.5079  DIHED      =       540.6780
 1-4 NB =       161.3400  1-4 EEL =      -328.7205  VDWAALS    =      -182.6124
 EELEC  =       -75.6702  EHBOND  =         0.0000  RESTRAINT  =         0.0000
 ------------------------------------------------------------------------------


 NSTEP =    10900   TIME(PS) =      10.900  TEMP(K) =   288.94  PRESS =     0.0
 Etot   =      1279.9310  EKtot   =       549.4838  EPtot      =       730.4472
 BOND   =       247.0750  ANGLE   =       369.2906  DIHED      =       546.3066
 1-4 NB =       161.7528  1-4 EEL =      -318.3796  VDWAALS    =      -182.0135
 EELEC  =       -93.5847  EHBOND  =         0.0000  RESTRAINT  =         0.0000
 ------------------------------------------------------------------------------

| RE_POSITION Moving by   0.247335 -0.166535 -0.734672

 NSTEP =    11000   TIME(PS) =      11.000  TEMP(K) =   315.73  PRESS =     0.0
 Etot   =      1310.1471  EKtot   =       600.4379  EPtot      =       709.7092
 BOND   =       231.6064  ANGLE   =       346.7407  DIHED      =       542.7456
 1-4 NB =       162.0887  1-4 EEL =      -300.1582  VDWAALS    =      -172.8516
 EELEC  =      -100.4622  EHBOND  =         0.0000  RESTRAINT  =         0.0000
 ------------------------------------------------------------------------------


 NSTEP =    11100   TIME(PS) =      11.100  TEMP(K) =   307.28  PRESS =     0.0
 Etot   =      1312.6965  EKtot   =       584.3661  EPtot      =       728.3304
 BOND   =       236.7013  ANGLE   =       376.5478  DIHED      =       542.2085
 1-4 NB =       165.3590  1-4 EEL =      -326.9606  VDWAALS    =      -174.1666
 EELEC  =       -91.3590  EHBOND  =         0.0000  RESTRAINT  =         0.0000
 ------------------------------------------------------------------------------


 NSTEP =    11200   TIME(PS) =      11.200  TEMP(K) =   307.28  PRESS =     0.0
 Etot   =      1292.3894  EKtot   =       584.3716  EPtot      =       708.0178
 BOND   =       237.4620  ANGLE   =       357.0735  DIHED      =       550.8099
 1-4 NB =       158.9586  1-4 EEL =      -335.2747  VDWAALS    =      -172.3272
 EELEC  =       -88.6843  EHBOND  =         0.0000  RESTRAINT  =         0.0000
 ------------------------------------------------------------------------------


 NSTEP =    11300   TIME(PS) =      11.300  TEMP(K) =   311.20  PRESS =     0.0
 Etot   =      1310.3812  EKtot   =       591.8197  EPtot      =       718.5616
 BOND   =       243.5684  ANGLE   =       353.0285  DIHED      =       542.4115
 1-4 NB =       157.6141  1-4 EEL =      -341.9091  VDWAALS    =      -164.3668
 EELEC  =       -71.7851  EHBOND  =         0.0000  RESTRAINT  =         0.0000
 ------------------------------------------------------------------------------


 NSTEP =    11400   TIME(PS) =      11.400  TEMP(K) =   310.83  PRESS =     0.0
 Etot   =      1321.6631  EKtot   =       591.1261  EPtot      =       730.5370
 BOND   =       259.6852  ANGLE   =       355.8644  DIHED      =       537.1438
 1-4 NB =       157.5746  1-4 EEL =      -337.3264  VDWAALS    =      -175.7846
 EELEC  =       -66.6201  EHBOND  =         0.0000  RESTRAINT  =         0.0000
 ------------------------------------------------------------------------------


 NSTEP =    11500   TIME(PS) =      11.500  TEMP(K) =   311.85  PRESS =     0.0
 Etot   =      1320.2897  EKtot   =       593.0583  EPtot      =       727.2314
 BOND   =       238.4060  ANGLE   =       372.2219  DIHED      =       526.6962
 1-4 NB =       166.8246  1-4 EEL =      -332.3789  VDWAALS    =      -174.1308
 EELEC  =       -70.4075  EHBOND  =         0.0000  RESTRAINT  =         0.0000
 ------------------------------------------------------------------------------


 NSTEP =    11600   TIME(PS) =      11.600  TEMP(K) =   324.41  PRESS =     0.0
 Etot   =      1329.4171  EKtot   =       616.9491  EPtot      =       712.4680
 BOND   =       242.6907  ANGLE   =       367.5367  DIHED      =       547.8747
 1-4 NB =       161.3171  1-4 EEL =      -329.6943  VDWAALS    =      -177.5081
 EELEC  =       -99.7489  EHBOND  =         0.0000  RESTRAINT  =         0.0000
 ------------------------------------------------------------------------------


 NSTEP =    11700   TIME(PS) =      11.700  TEMP(K) =   334.78  PRESS =     0.0
 Etot   =      1350.8744  EKtot   =       636.6583  EPtot      =       714.2161
 BOND   =       246.9784  ANGLE   =       344.1902  DIHED      =       548.3756
 1-4 NB =       162.2443  1-4 EEL =      -323.3132  VDWAALS    =      -176.7986
 EELEC  =       -87.4607  EHBOND  =         0.0000  RESTRAINT  =         0.0000
 ------------------------------------------------------------------------------


 NSTEP =    11800   TIME(PS) =      11.800  TEMP(K) =   314.08  PRESS =     0.0
 Etot   =      1325.8428  EKtot   =       597.3086  EPtot      =       728.5342
 BOND   =       255.5155  ANGLE   =       373.0167  DIHED      =       530.3113
 1-4 NB =       161.7046  1-4 EEL =      -343.4942  VDWAALS    =      -165.1724
 EELEC  =       -83.3473  EHBOND  =         0.0000  RESTRAINT  =         0.0000
 ------------------------------------------------------------------------------


 NSTEP =    11900   TIME(PS) =      11.900  TEMP(K) =   305.62  PRESS =     0.0
 Etot   =      1310.4119  EKtot   =       581.2177  EPtot      =       729.1942
 BOND   =       272.0770  ANGLE   =       369.0537  DIHED      =       529.6284
 1-4 NB =       156.0860  1-4 EEL =      -343.4130  VDWAALS    =      -173.8273
 EELEC  =       -80.4107  EHBOND  =         0.0000  RESTRAINT  =         0.0000
 ------------------------------------------------------------------------------

| RE_POSITION Moving by  -0.401443 -0.169430  0.670011

 NSTEP =    12000   TIME(PS) =      12.000  TEMP(K) =   304.20  PRESS =     0.0
 Etot   =      1291.7679  EKtot   =       578.5127  EPtot      =       713.2551
 BOND   =       244.6537  ANGLE   =       365.1296  DIHED      =       536.0646
 1-4 NB =       165.0074  1-4 EEL =      -332.5022  VDWAALS    =      -175.9202
 EELEC  =       -89.1777  EHBOND  =         0.0000  RESTRAINT  =         0.0000
 ------------------------------------------------------------------------------


 NSTEP =    12100   TIME(PS) =      12.100  TEMP(K) =   323.50  PRESS =     0.0
 Etot   =      1287.2919  EKtot   =       615.2143  EPtot      =       672.0777
 BOND   =       230.1737  ANGLE   =       340.7071  DIHED      =       544.6308
 1-4 NB =       165.0981  1-4 EEL =      -335.1367  VDWAALS    =      -171.4996
 EELEC  =      -101.8957  EHBOND  =         0.0000  RESTRAINT  =         0.0000
 ------------------------------------------------------------------------------


 NSTEP =    12200   TIME(PS) =      12.200  TEMP(K) =   315.36  PRESS =     0.0
 Etot   =      1284.5949  EKtot   =       599.7273  EPtot      =       684.8676
 BOND   =       231.8474  ANGLE   =       350.1885  DIHED      =       538.4492
 1-4 NB =       157.0137  1-4 EEL =      -334.0643  VDWAALS    =      -170.3699
 EELEC  =       -88.1970  EHBOND  =         0.0000  RESTRAINT  =         0.0000
 ------------------------------------------------------------------------------


 NSTEP =    12300   TIME(PS) =      12.300  TEMP(K) =   302.47  PRESS =     0.0
 Etot   =      1278.6286  EKtot   =       575.2197  EPtot      =       703.4089
 BOND   =       224.6861  ANGLE   =       362.1251  DIHED      =       543.4787
 1-4 NB =       156.3709  1-4 EEL =      -294.8997  VDWAALS    =      -159.8209
 EELEC  =      -128.5312  EHBOND  =         0.0000  RESTRAINT  =         0.0000
 ------------------------------------------------------------------------------


 NSTEP =    12400   TIME(PS) =      12.400  TEMP(K) =   303.58  PRESS =     0.0
 Etot   =      1272.6234  EKtot   =       577.3241  EPtot      =       695.2993
 BOND   =       234.1419  ANGLE   =       392.2566  DIHED      =       540.6083
 1-4 NB =       154.4009  1-4 EEL =      -341.3374  VDWAALS    =      -170.9075
 EELEC  =      -113.8635  EHBOND  =         0.0000  RESTRAINT  =         0.0000
 ------------------------------------------------------------------------------


 NSTEP =    12500   TIME(PS) =      12.500  TEMP(K) =   316.49  PRESS =     0.0
 Etot   =      1265.9586  EKtot   =       601.8731  EPtot      =       664.0855
 BOND   =       217.4121  ANGLE   =       355.6521  DIHED      =       549.0514
 1-4 NB =       169.3397  1-4 EEL =      -331.9260  VDWAALS    =      -168.8604
 EELEC  =      -126.5833  EHBOND  =         0.0000  RESTRAINT  =         0.0000
 ------------------------------------------------------------------------------


 NSTEP =    12600   TIME(PS) =      12.600  TEMP(K) =   291.50  PRESS =     0.0
 Etot   =      1268.5811  EKtot   =       554.3505  EPtot      =       714.2307
 BOND   =       239.6759  ANGLE   =       385.5287  DIHED      =       550.1400
 1-4 NB =       158.8329  1-4 EEL =      -311.9785  VDWAALS    =      -170.8907
 EELEC  =      -137.0775  EHBOND  =         0.0000  RESTRAINT  =         0.0000
 ------------------------------------------------------------------------------


 NSTEP =    12700   TIME(PS) =      12.700  TEMP(K) =   311.78  PRESS =     0.0
 Etot   =      1268.7425  EKtot   =       592.9301  EPtot      =       675.8124
 BOND   =       226.8288  ANGLE   =       373.2750  DIHED      =       548.4003
 1-4 NB =       159.4488  1-4 EEL =      -330.4626  VDWAALS    =      -163.8595
 EELEC  =      -137.8182  EHBOND  =         0.0000  RESTRAINT  =         0.0000
 ------------------------------------------------------------------------------


 NSTEP =    12800   TIME(PS) =      12.800  TEMP(K) =   301.11  PRESS =     0.0
 Etot   =      1256.0207  EKtot   =       572.6376  EPtot      =       683.3831
 BOND   =       234.3992  ANGLE   =       370.9502  DIHED      =       541.7894
 1-4 NB =       162.6556  1-4 EEL =      -349.2755  VDWAALS    =      -170.8433
 EELEC  =      -106.2926  EHBOND  =         0.0000  RESTRAINT  =         0.0000
 ------------------------------------------------------------------------------


 NSTEP =    12900   TIME(PS) =      12.900  TEMP(K) =   303.23  PRESS =     0.0
 Etot   =      1261.0522  EKtot   =       576.6572  EPtot      =       684.3950
 BOND   =       226.7599  ANGLE   =       364.7038  DIHED      =       550.9336
 1-4 NB =       158.6366  1-4 EEL =      -306.0410  VDWAALS    =      -164.3560
 EELEC  =      -146.2420  EHBOND  =         0.0000  RESTRAINT  =         0.0000
 ------------------------------------------------------------------------------

| RE_POSITION Moving by  -0.719481  0.555530  0.836136

 NSTEP =    13000   TIME(PS) =      13.000  TEMP(K) =   312.81  PRESS =     0.0
 Etot   =      1250.4700  EKtot   =       594.8814  EPtot      =       655.5886
 BOND   =       219.7389  ANGLE   =       359.1938  DIHED      =       540.2854
 1-4 NB =       155.5037  1-4 EEL =      -325.3995  VDWAALS    =      -172.0537
 EELEC  =      -121.6800  EHBOND  =         0.0000  RESTRAINT  =         0.0000
 ------------------------------------------------------------------------------


 NSTEP =    13100   TIME(PS) =      13.100  TEMP(K) =   305.38  PRESS =     0.0
 Etot   =      1247.4908  EKtot   =       580.7593  EPtot      =       666.7315
 BOND   =       232.0063  ANGLE   =       356.6071  DIHED      =       543.4936
 1-4 NB =       157.0089  1-4 EEL =      -341.5094  VDWAALS    =      -167.7142
 EELEC  =      -113.1607  EHBOND  =         0.0000  RESTRAINT  =         0.0000
 ------------------------------------------------------------------------------


 NSTEP =    13200   TIME(PS) =      13.200  TEMP(K) =   307.20  PRESS =     0.0
 Etot   =      1254.1438  EKtot   =       584.2148  EPtot      =       669.9290
 BOND   =       220.4642  ANGLE   =       385.0881  DIHED      =       542.0658
 1-4 NB =       155.7886  1-4 EEL =      -344.3408  VDWAALS    =      -166.7627
 EELEC  =      -122.3742  EHBOND  =         0.0000  RESTRAINT  =         0.0000
 ------------------------------------------------------------------------------


 NSTEP =    13300   TIME(PS) =      13.300  TEMP(K) =   299.85  PRESS =     0.0
 Etot   =      1248.3050  EKtot   =       570.2467  EPtot      =       678.0584
 BOND   =       239.9500  ANGLE   =       342.5821  DIHED      =       542.4899
 1-4 NB =       163.1478  1-4 EEL =      -346.5322  VDWAALS    =      -169.1023
 EELEC  =       -94.4769  EHBOND  =         0.0000  RESTRAINT  =         0.0000
 ------------------------------------------------------------------------------


 NSTEP =    13400   TIME(PS) =      13.400  TEMP(K) =   296.96  PRESS =     0.0
 Etot   =      1245.6076  EKtot   =       564.7471  EPtot      =       680.8605
 BOND   =       241.4927  ANGLE   =       353.9336  DIHED      =       543.1949
 1-4 NB =       165.3645  1-4 EEL =      -328.3216  VDWAALS    =      -165.8144
 EELEC  =      -128.9893  EHBOND  =         0.0000  RESTRAINT  =         0.0000
 ------------------------------------------------------------------------------


 NSTEP =    13500   TIME(PS) =      13.500  TEMP(K) =   298.67  PRESS =     0.0
 Etot   =      1246.5249  EKtot   =       567.9949  EPtot      =       678.5299
 BOND   =       235.8422  ANGLE   =       394.3773  DIHED      =       526.0046
 1-4 NB =       153.1656  1-4 EEL =      -333.4469  VDWAALS    =      -166.6311
 EELEC  =      -130.7818  EHBOND  =         0.0000  RESTRAINT  =         0.0000
 ------------------------------------------------------------------------------


 NSTEP =    13600   TIME(PS) =      13.600  TEMP(K) =   287.28  PRESS =     0.0
 Etot   =      1238.7313  EKtot   =       546.3249  EPtot      =       692.4064
 BOND   =       252.3507  ANGLE   =       373.6389  DIHED      =       519.9116
 1-4 NB =       170.1451  1-4 EEL =      -304.7750  VDWAALS    =      -169.1819
 EELEC  =      -149.6829  EHBOND  =         0.0000  RESTRAINT  =         0.0000
 ------------------------------------------------------------------------------


 NSTEP =    13700   TIME(PS) =      13.700  TEMP(K) =   294.76  PRESS =     0.0
 Etot   =      1237.7936  EKtot   =       560.5511  EPtot      =       677.2426
 BOND   =       252.2790  ANGLE   =       364.3337  DIHED      =       540.4589
 1-4 NB =       152.9037  1-4 EEL =      -326.2687  VDWAALS    =      -169.4185
 EELEC  =      -137.0455  EHBOND  =         0.0000  RESTRAINT  =         0.0000
 ------------------------------------------------------------------------------


 NSTEP =    13800   TIME(PS) =      13.800  TEMP(K) =   296.00  PRESS =     0.0
 Etot   =      1226.5999  EKtot   =       562.9113  EPtot      =       663.6886
 BOND   =       238.5024  ANGLE   =       358.8805  DIHED      =       545.2882
 1-4 NB =       165.6040  1-4 EEL =      -328.4686  VDWAALS    =      -163.7311
 EELEC  =      -152.3867  EHBOND  =         0.0000  RESTRAINT  =         0.0000
 ------------------------------------------------------------------------------


 NSTEP =    13900   TIME(PS) =      13.900  TEMP(K) =   296.81  PRESS =     0.0
 Etot   =      1235.8846  EKtot   =       564.4492  EPtot      =       671.4355
 BOND   =       252.8665  ANGLE   =       366.8633  DIHED      =       545.2447
 1-4 NB =       158.2232  1-4 EEL =      -334.7969  VDWAALS    =      -169.1421
 EELEC  =      -147.8232  EHBOND  =         0.0000  RESTRAINT  =         0.0000
 ------------------------------------------------------------------------------

| RE_POSITION Moving by  -0.137451  0.156959  0.889185

 NSTEP =    14000   TIME(PS) =      14.000  TEMP(K) =   299.41  PRESS =     0.0
 Etot   =      1246.2010  EKtot   =       569.4043  EPtot      =       676.7968
 BOND   =       237.5364  ANGLE   =       368.7859  DIHED      =       540.9732
 1-4 NB =       161.5427  1-4 EEL =      -344.5394  VDWAALS    =      -162.3999
 EELEC  =      -125.1020  EHBOND  =         0.0000  RESTRAINT  =         0.0000
 ------------------------------------------------------------------------------


 NSTEP =    14100   TIME(PS) =      14.100  TEMP(K) =   288.57  PRESS =     0.0
 Etot   =      1233.0633  EKtot   =       548.7771  EPtot      =       684.2862
 BOND   =       246.4593  ANGLE   =       373.4484  DIHED      =       542.9376
 1-4 NB =       160.8942  1-4 EEL =      -336.6866  VDWAALS    =      -161.1989
 EELEC  =      -141.5679  EHBOND  =         0.0000  RESTRAINT  =         0.0000
 ------------------------------------------------------------------------------


 NSTEP =    14200   TIME(PS) =      14.200  TEMP(K) =   286.63  PRESS =     0.0
 Etot   =      1234.9971  EKtot   =       545.0960  EPtot      =       689.9011
 BOND   =       236.8729  ANGLE   =       376.3090  DIHED      =       548.8789
 1-4 NB =       163.0285  1-4 EEL =      -316.3200  VDWAALS    =      -165.0408
 EELEC  =      -153.8274  EHBOND  =         0.0000  RESTRAINT  =         0.0000
 ------------------------------------------------------------------------------


 NSTEP =    14300   TIME(PS) =      14.300  TEMP(K) =   296.55  PRESS =     0.0
 Etot   =      1216.3098  EKtot   =       563.9611  EPtot      =       652.3488
 BOND   =       228.0287  ANGLE   =       371.3496  DIHED      =       537.0383
 1-4 NB =       161.7443  1-4 EEL =      -325.4979  VDWAALS    =      -167.9302
 EELEC  =      -152.3841  EHBOND  =         0.0000  RESTRAINT  =         0.0000
 ------------------------------------------------------------------------------


 NSTEP =    14400   TIME(PS) =      14.400  TEMP(K) =   310.26  PRESS =     0.0
 Etot   =      1222.9118  EKtot   =       590.0403  EPtot      =       632.8715
 BOND   =       226.0465  ANGLE   =       364.7131  DIHED      =       529.9279
 1-4 NB =       155.2492  1-4 EEL =      -315.7187  VDWAALS    =      -172.8847
 EELEC  =      -154.4618  EHBOND  =         0.0000  RESTRAINT  =         0.0000
 ------------------------------------------------------------------------------


 NSTEP =    14500   TIME(PS) =      14.500  TEMP(K) =   298.97  PRESS =     0.0
 Etot   =      1209.3331  EKtot   =       568.5619  EPtot      =       640.7712
 BOND   =       222.7770  ANGLE   =       348.4260  DIHED      =       539.2180
 1-4 NB =       168.0065  1-4 EEL =      -331.6845  VDWAALS    =      -160.6348
 EELEC  =      -145.3370  EHBOND  =         0.0000  RESTRAINT  =         0.0000
 ------------------------------------------------------------------------------


 NSTEP =    14600   TIME(PS) =      14.600  TEMP(K) =   279.28  PRESS =     0.0
 Etot   =      1212.3874  EKtot   =       531.1150  EPtot      =       681.2724
 BOND   =       246.7208  ANGLE   =       349.1242  DIHED      =       548.6322
 1-4 NB =       157.8924  1-4 EEL =      -306.2122  VDWAALS    =      -159.7449
 EELEC  =      -155.1401  EHBOND  =         0.0000  RESTRAINT  =         0.0000
 ------------------------------------------------------------------------------


 NSTEP =    14700   TIME(PS) =      14.700  TEMP(K) =   284.01  PRESS =     0.0
 Etot   =      1205.9970  EKtot   =       540.1045  EPtot      =       665.8925
 BOND   =       232.2384  ANGLE   =       363.8756  DIHED      =       553.4126
 1-4 NB =       159.6636  1-4 EEL =      -325.1481  VDWAALS    =      -174.8393
 EELEC  =      -143.3103  EHBOND  =         0.0000  RESTRAINT  =         0.0000
 ------------------------------------------------------------------------------


 NSTEP =    14800   TIME(PS) =      14.800  TEMP(K) =   307.19  PRESS =     0.0
 Etot   =      1200.0035  EKtot   =       584.1939  EPtot      =       615.8097
 BOND   =       210.8389  ANGLE   =       354.7147  DIHED      =       544.3019
 1-4 NB =       162.7508  1-4 EEL =      -335.4056  VDWAALS    =      -168.4294
 EELEC  =      -152.9617  EHBOND  =         0.0000  RESTRAINT  =         0.0000
 ------------------------------------------------------------------------------


 NSTEP =    14900   TIME(PS) =      14.900  TEMP(K) =   310.98  PRESS =     0.0
 Etot   =      1241.7716  EKtot   =       591.3989  EPtot      =       650.3728
 BOND   =       230.3416  ANGLE   =       352.4012  DIHED      =       553.5276
 1-4 NB =       158.8358  1-4 EEL =      -334.7674  VDWAALS    =      -161.0681
 EELEC  =      -148.8979  EHBOND  =         0.0000  RESTRAINT  =         0.0000
 ------------------------------------------------------------------------------

| RE_POSITION Moving by   0.070092  0.314161  0.062986

 NSTEP =    15000   TIME(PS) =      15.000  TEMP(K) =   287.28  PRESS =     0.0
 Etot   =      1233.6085  EKtot   =       546.3359  EPtot      =       687.2726
 BOND   =       223.3027  ANGLE   =       385.9540  DIHED      =       552.8121
 1-4 NB =       167.9695  1-4 EEL =      -336.7598  VDWAALS    =      -153.1340
 EELEC  =      -152.8718  EHBOND  =         0.0000  RESTRAINT  =         0.0000
 ------------------------------------------------------------------------------


 NSTEP =    15100   TIME(PS) =      15.100  TEMP(K) =   301.24  PRESS =     0.0
 Etot   =      1247.3874  EKtot   =       572.8835  EPtot      =       674.5039
 BOND   =       229.8354  ANGLE   =       377.3793  DIHED      =       550.8444
 1-4 NB =       157.8837  1-4 EEL =      -345.1347  VDWAALS    =      -147.5218
 EELEC  =      -148.7823  EHBOND  =         0.0000  RESTRAINT  =         0.0000
 ------------------------------------------------------------------------------


 NSTEP =    15200   TIME(PS) =      15.200  TEMP(K) =   301.49  PRESS =     0.0
 Etot   =      1236.0269  EKtot   =       573.3487  EPtot      =       662.6782
 BOND   =       233.0283  ANGLE   =       364.3894  DIHED      =       545.4018
 1-4 NB =       169.0919  1-4 EEL =      -333.2758  VDWAALS    =      -172.5163
 EELEC  =      -143.4411  EHBOND  =         0.0000  RESTRAINT  =         0.0000
 ------------------------------------------------------------------------------


 NSTEP =    15300   TIME(PS) =      15.300  TEMP(K) =   300.96  PRESS =     0.0
 Etot   =      1245.8754  EKtot   =       572.3488  EPtot      =       673.5266
 BOND   =       246.0351  ANGLE   =       375.9101  DIHED      =       545.6691
 1-4 NB =       159.7345  1-4 EEL =      -343.8408  VDWAALS    =      -170.1436
 EELEC  =      -139.8378  EHBOND  =         0.0000  RESTRAINT  =         0.0000
 ------------------------------------------------------------------------------


 NSTEP =    15400   TIME(PS) =      15.400  TEMP(K) =   318.02  PRESS =     0.0
 Etot   =      1240.1425  EKtot   =       604.8009  EPtot      =       635.3415
 BOND   =       220.0334  ANGLE   =       354.5427  DIHED      =       540.9842
 1-4 NB =       170.8790  1-4 EEL =      -325.6614  VDWAALS    =      -168.7621
 EELEC  =      -156.6743  EHBOND  =         0.0000  RESTRAINT  =         0.0000
 ------------------------------------------------------------------------------


 NSTEP =    15500   TIME(PS) =      15.500  TEMP(K) =   308.04  PRESS =     0.0
 Etot   =      1221.9335  EKtot   =       585.8040  EPtot      =       636.1295
 BOND   =       224.8097  ANGLE   =       344.7605  DIHED      =       549.7177
 1-4 NB =       162.0551  1-4 EEL =      -318.9206  VDWAALS    =      -165.9351
 EELEC  =      -160.3578  EHBOND  =         0.0000  RESTRAINT  =         0.0000
 ------------------------------------------------------------------------------


 NSTEP =    15600   TIME(PS) =      15.600  TEMP(K) =   297.55  PRESS =     0.0
 Etot   =      1225.6801  EKtot   =       565.8542  EPtot      =       659.8258
 BOND   =       239.1863  ANGLE   =       352.0981  DIHED      =       552.1543
 1-4 NB =       162.3759  1-4 EEL =      -324.2634  VDWAALS    =      -168.8302
 EELEC  =      -152.8951  EHBOND  =         0.0000  RESTRAINT  =         0.0000
 ------------------------------------------------------------------------------


 NSTEP =    15700   TIME(PS) =      15.700  TEMP(K) =   290.39  PRESS =     0.0
 Etot   =      1229.7937  EKtot   =       552.2506  EPtot      =       677.5432
 BOND   =       233.7772  ANGLE   =       396.6521  DIHED      =       539.7103
 1-4 NB =       168.9842  1-4 EEL =      -322.7472  VDWAALS    =      -174.3741
 EELEC  =      -164.4593  EHBOND  =         0.0000  RESTRAINT  =         0.0000
 ------------------------------------------------------------------------------


 NSTEP =    15800   TIME(PS) =      15.800  TEMP(K) =   302.28  PRESS =     0.0
 Etot   =      1220.7524  EKtot   =       574.8521  EPtot      =       645.9003
 BOND   =       236.8175  ANGLE   =       391.7680  DIHED      =       535.8002
 1-4 NB =       143.7716  1-4 EEL =      -330.5636  VDWAALS    =      -173.5373
 EELEC  =      -158.1561  EHBOND  =         0.0000  RESTRAINT  =         0.0000
 ------------------------------------------------------------------------------


 NSTEP =    15900   TIME(PS) =      15.900  TEMP(K) =   293.79  PRESS =     0.0
 Etot   =      1217.1602  EKtot   =       558.7040  EPtot      =       658.4562
 BOND   =       230.5203  ANGLE   =       374.3439  DIHED      =       537.4124
 1-4 NB =       162.3914  1-4 EEL =      -288.2060  VDWAALS    =      -163.9158
 EELEC  =      -194.0900  EHBOND  =         0.0000  RESTRAINT  =         0.0000
 ------------------------------------------------------------------------------

| RE_POSITION Moving by   0.861187 -0.601034  0.009645

 NSTEP =    16000   TIME(PS) =      16.000  TEMP(K) =   303.79  PRESS =     0.0
 Etot   =      1205.2008  EKtot   =       577.7378  EPtot      =       627.4630
 BOND   =       249.4491  ANGLE   =       348.2614  DIHED      =       531.6904
 1-4 NB =       166.7412  1-4 EEL =      -320.8240  VDWAALS    =      -170.3889
 EELEC  =      -177.4662  EHBOND  =         0.0000  RESTRAINT  =         0.0000
 ------------------------------------------------------------------------------


 NSTEP =    16100   TIME(PS) =      16.100  TEMP(K) =   293.17  PRESS =     0.0
 Etot   =      1203.0164  EKtot   =       557.5321  EPtot      =       645.4843
 BOND   =       242.3917  ANGLE   =       355.1478  DIHED      =       550.7014
 1-4 NB =       164.1231  1-4 EEL =      -320.1690  VDWAALS    =      -172.2962
 EELEC  =      -174.4145  EHBOND  =         0.0000  RESTRAINT  =         0.0000
 ------------------------------------------------------------------------------


 NSTEP =    16200   TIME(PS) =      16.200  TEMP(K) =   299.82  PRESS =     0.0
 Etot   =      1217.1794  EKtot   =       570.1801  EPtot      =       646.9994
 BOND   =       233.1947  ANGLE   =       373.4553  DIHED      =       534.6178
 1-4 NB =       162.1554  1-4 EEL =      -317.5562  VDWAALS    =      -166.9103
 EELEC  =      -171.9573  EHBOND  =         0.0000  RESTRAINT  =         0.0000
 ------------------------------------------------------------------------------


 NSTEP =    16300   TIME(PS) =      16.300  TEMP(K) =   299.07  PRESS =     0.0
 Etot   =      1205.4994  EKtot   =       568.7557  EPtot      =       636.7438
 BOND   =       225.7953  ANGLE   =       369.6695  DIHED      =       542.4894
 1-4 NB =       158.1221  1-4 EEL =      -343.5289  VDWAALS    =      -172.5025
 EELEC  =      -143.3011  EHBOND  =         0.0000  RESTRAINT  =         0.0000
 ------------------------------------------------------------------------------


 NSTEP =    16400   TIME(PS) =      16.400  TEMP(K) =   295.74  PRESS =     0.0
 Etot   =      1215.3443  EKtot   =       562.4152  EPtot      =       652.9291
 BOND   =       238.3652  ANGLE   =       369.2331  DIHED      =       541.6840
 1-4 NB =       167.2396  1-4 EEL =      -316.3269  VDWAALS    =      -165.8532
 EELEC  =      -181.4128  EHBOND  =         0.0000  RESTRAINT  =         0.0000
 ------------------------------------------------------------------------------


 NSTEP =    16500   TIME(PS) =      16.500  TEMP(K) =   306.22  PRESS =     0.0
 Etot   =      1224.9381  EKtot   =       582.3569  EPtot      =       642.5812
 BOND   =       246.9840  ANGLE   =       356.9450  DIHED      =       550.8502
 1-4 NB =       167.7658  1-4 EEL =      -352.7071  VDWAALS    =      -165.3737
 EELEC  =      -161.8830  EHBOND  =         0.0000  RESTRAINT  =         0.0000
 ------------------------------------------------------------------------------


 NSTEP =    16600   TIME(PS) =      16.600  TEMP(K) =   307.22  PRESS =     0.0
 Etot   =      1237.9469  EKtot   =       584.2501  EPtot      =       653.6968
 BOND   =       249.3743  ANGLE   =       341.2210  DIHED      =       563.0903
 1-4 NB =       158.0802  1-4 EEL =      -328.5879  VDWAALS    =      -161.1527
 EELEC  =      -168.3284  EHBOND  =         0.0000  RESTRAINT  =         0.0000
 ------------------------------------------------------------------------------


 NSTEP =    16700   TIME(PS) =      16.700  TEMP(K) =   300.94  PRESS =     0.0
 Etot   =      1230.6977  EKtot   =       572.3156  EPtot      =       658.3821
 BOND   =       235.1999  ANGLE   =       359.3895  DIHED      =       549.4030
 1-4 NB =       155.0290  1-4 EEL =      -313.4073  VDWAALS    =      -162.8124
 EELEC  =      -164.4195  EHBOND  =         0.0000  RESTRAINT  =         0.0000
 ------------------------------------------------------------------------------


 NSTEP =    16800   TIME(PS) =      16.800  TEMP(K) =   294.26  PRESS =     0.0
 Etot   =      1234.0218  EKtot   =       559.6105  EPtot      =       674.4113
 BOND   =       252.5621  ANGLE   =       373.5470  DIHED      =       554.2559
 1-4 NB =       167.4859  1-4 EEL =      -349.1316  VDWAALS    =      -163.7039
 EELEC  =      -160.6041  EHBOND  =         0.0000  RESTRAINT  =         0.0000
 ------------------------------------------------------------------------------


 NSTEP =    16900   TIME(PS) =      16.900  TEMP(K) =   310.46  PRESS =     0.0
 Etot   =      1237.2756  EKtot   =       590.4099  EPtot      =       646.8657
 BOND   =       229.3929  ANGLE   =       359.8409  DIHED      =       543.4140
 1-4 NB =       163.0260  1-4 EEL =      -306.9505  VDWAALS    =      -158.4503
 EELEC  =      -183.4073  EHBOND  =         0.0000  RESTRAINT  =         0.0000
 ------------------------------------------------------------------------------

| RE_POSITION Moving by  -0.047310 -0.471884 -0.635245

 NSTEP =    17000   TIME(PS) =      17.000  TEMP(K) =   319.73  PRESS =     0.0
 Etot   =      1241.6253  EKtot   =       608.0528  EPtot      =       633.5725
 BOND   =       222.3725  ANGLE   =       380.4779  DIHED      =       543.7827
 1-4 NB =       162.0704  1-4 EEL =      -319.1884  VDWAALS    =      -161.6524
 EELEC  =      -194.2903  EHBOND  =         0.0000  RESTRAINT  =         0.0000
 ------------------------------------------------------------------------------


 NSTEP =    17100   TIME(PS) =      17.100  TEMP(K) =   306.22  PRESS =     0.0
 Etot   =      1258.2998  EKtot   =       582.3451  EPtot      =       675.9547
 BOND   =       247.5202  ANGLE   =       374.9393  DIHED      =       557.6669
 1-4 NB =       162.2468  1-4 EEL =      -315.1110  VDWAALS    =      -176.5346
 EELEC  =      -174.7729  EHBOND  =         0.0000  RESTRAINT  =         0.0000
 ------------------------------------------------------------------------------


 NSTEP =    17200   TIME(PS) =      17.200  TEMP(K) =   312.96  PRESS =     0.0
 Etot   =      1240.2774  EKtot   =       595.1734  EPtot      =       645.1040
 BOND   =       246.3535  ANGLE   =       354.4537  DIHED      =       544.1436
 1-4 NB =       160.6158  1-4 EEL =      -326.4425  VDWAALS    =      -165.8105
 EELEC  =      -168.2096  EHBOND  =         0.0000  RESTRAINT  =         0.0000
 ------------------------------------------------------------------------------


 NSTEP =    17300   TIME(PS) =      17.300  TEMP(K) =   311.44  PRESS =     0.0
 Etot   =      1244.3867  EKtot   =       592.2775  EPtot      =       652.1092
 BOND   =       222.4474  ANGLE   =       385.0095  DIHED      =       547.5292
 1-4 NB =       169.5551  1-4 EEL =      -319.0850  VDWAALS    =      -170.5140
 EELEC  =      -182.8331  EHBOND  =         0.0000  RESTRAINT  =         0.0000
 ------------------------------------------------------------------------------


 NSTEP =    17400   TIME(PS) =      17.400  TEMP(K) =   306.96  PRESS =     0.0
 Etot   =      1233.8863  EKtot   =       583.7514  EPtot      =       650.1350
 BOND   =       241.7987  ANGLE   =       358.1354  DIHED      =       556.9548
 1-4 NB =       163.7245  1-4 EEL =      -319.8326  VDWAALS    =      -173.5575
 EELEC  =      -177.0882  EHBOND  =         0.0000  RESTRAINT  =         0.0000
 ------------------------------------------------------------------------------


 NSTEP =    17500   TIME(PS) =      17.500  TEMP(K) =   314.08  PRESS =     0.0
 Etot   =      1231.7623  EKtot   =       597.2921  EPtot      =       634.4702
 BOND   =       231.0748  ANGLE   =       370.2086  DIHED      =       559.5517
 1-4 NB =       161.8961  1-4 EEL =      -333.7027  VDWAALS    =      -172.5720
 EELEC  =      -181.9863  EHBOND  =         0.0000  RESTRAINT  =         0.0000
 ------------------------------------------------------------------------------


 NSTEP =    17600   TIME(PS) =      17.600  TEMP(K) =   313.55  PRESS =     0.0
 Etot   =      1233.6496  EKtot   =       596.2941  EPtot      =       637.3555
 BOND   =       240.6093  ANGLE   =       361.1610  DIHED      =       546.4910
 1-4 NB =       160.5289  1-4 EEL =      -307.5389  VDWAALS    =      -163.8238
 EELEC  =      -200.0721  EHBOND  =         0.0000  RESTRAINT  =         0.0000
 ------------------------------------------------------------------------------


 NSTEP =    17700   TIME(PS) =      17.700  TEMP(K) =   313.27  PRESS =     0.0
 Etot   =      1232.4827  EKtot   =       595.7679  EPtot      =       636.7148
 BOND   =       239.6949  ANGLE   =       340.3172  DIHED      =       558.7268
 1-4 NB =       173.8208  1-4 EEL =      -308.9953  VDWAALS    =      -172.2786
 EELEC  =      -194.5708  EHBOND  =         0.0000  RESTRAINT  =         0.0000
 ------------------------------------------------------------------------------


 NSTEP =    17800   TIME(PS) =      17.800  TEMP(K) =   308.65  PRESS =     0.0
 Etot   =      1232.1093  EKtot   =       586.9672  EPtot      =       645.1421
 BOND   =       249.3390  ANGLE   =       370.4517  DIHED      =       554.0520
 1-4 NB =       152.3739  1-4 EEL =      -329.2850  VDWAALS    =      -165.2741
 EELEC  =      -186.5155  EHBOND  =         0.0000  RESTRAINT  =         0.0000
 ------------------------------------------------------------------------------


 NSTEP =    17900   TIME(PS) =      17.900  TEMP(K) =   301.77  PRESS =     0.0
 Etot   =      1220.4045  EKtot   =       573.8815  EPtot      =       646.5231
 BOND   =       244.4500  ANGLE   =       358.1318  DIHED      =       556.8960
 1-4 NB =       164.6417  1-4 EEL =      -316.3025  VDWAALS    =      -162.3554
 EELEC  =      -198.9385  EHBOND  =         0.0000  RESTRAINT  =         0.0000
 ------------------------------------------------------------------------------

| RE_POSITION Moving by   0.211312 -0.764940  0.508678

 NSTEP =    18000   TIME(PS) =      18.000  TEMP(K) =   294.74  PRESS =     0.0
 Etot   =      1199.4615  EKtot   =       560.5270  EPtot      =       638.9345
 BOND   =       237.5938  ANGLE   =       384.5411  DIHED      =       538.4636
 1-4 NB =       162.1320  1-4 EEL =      -334.4104  VDWAALS    =      -166.3414
 EELEC  =      -183.0441  EHBOND  =         0.0000  RESTRAINT  =         0.0000
 ------------------------------------------------------------------------------


 NSTEP =    18100   TIME(PS) =      18.100  TEMP(K) =   302.67  PRESS =     0.0
 Etot   =      1198.3786  EKtot   =       575.5991  EPtot      =       622.7795
 BOND   =       231.2171  ANGLE   =       369.3830  DIHED      =       557.3555
 1-4 NB =       162.8695  1-4 EEL =      -333.3520  VDWAALS    =      -174.9228
 EELEC  =      -189.7709  EHBOND  =         0.0000  RESTRAINT  =         0.0000
 ------------------------------------------------------------------------------


 NSTEP =    18200   TIME(PS) =      18.200  TEMP(K) =   300.15  PRESS =     0.0
 Etot   =      1195.7718  EKtot   =       570.8062  EPtot      =       624.9657
 BOND   =       228.9623  ANGLE   =       365.0050  DIHED      =       558.8225
 1-4 NB =       165.3703  1-4 EEL =      -334.6853  VDWAALS    =      -163.9143
 EELEC  =      -194.5948  EHBOND  =         0.0000  RESTRAINT  =         0.0000
 ------------------------------------------------------------------------------


 NSTEP =    18300   TIME(PS) =      18.300  TEMP(K) =   305.98  PRESS =     0.0
 Etot   =      1192.5796  EKtot   =       581.8917  EPtot      =       610.6879
 BOND   =       225.8254  ANGLE   =       362.5490  DIHED      =       551.1558
 1-4 NB =       163.7414  1-4 EEL =      -338.7669  VDWAALS    =      -170.6270
 EELEC  =      -183.1897  EHBOND  =         0.0000  RESTRAINT  =         0.0000
 ------------------------------------------------------------------------------


 NSTEP =    18400   TIME(PS) =      18.400  TEMP(K) =   305.84  PRESS =     0.0
 Etot   =      1194.5041  EKtot   =       581.6358  EPtot      =       612.8683
 BOND   =       241.8261  ANGLE   =       347.8896  DIHED      =       544.8606
 1-4 NB =       162.8231  1-4 EEL =      -332.5021  VDWAALS    =      -167.2587
 EELEC  =      -184.7702  EHBOND  =         0.0000  RESTRAINT  =         0.0000
 ------------------------------------------------------------------------------


 NSTEP =    18500   TIME(PS) =      18.500  TEMP(K) =   314.63  PRESS =     0.0
 Etot   =      1209.8857  EKtot   =       598.3498  EPtot      =       611.5359
 BOND   =       254.0896  ANGLE   =       344.8093  DIHED      =       536.9222
 1-4 NB =       164.1626  1-4 EEL =      -314.8808  VDWAALS    =      -176.7189
 EELEC  =      -196.8480  EHBOND  =         0.0000  RESTRAINT  =         0.0000
 ------------------------------------------------------------------------------


 NSTEP =    18600   TIME(PS) =      18.600  TEMP(K) =   315.46  PRESS =     0.0
 Etot   =      1227.7037  EKtot   =       599.9192  EPtot      =       627.7845
 BOND   =       239.8138  ANGLE   =       387.5271  DIHED      =       543.9655
 1-4 NB =       164.2615  1-4 EEL =      -338.1891  VDWAALS    =      -181.3036
 EELEC  =      -188.2907  EHBOND  =         0.0000  RESTRAINT  =         0.0000
 ------------------------------------------------------------------------------


 NSTEP =    18700   TIME(PS) =      18.700  TEMP(K) =   307.57  PRESS =     0.0
 Etot   =      1227.9537  EKtot   =       584.9233  EPtot      =       643.0305
 BOND   =       261.7531  ANGLE   =       372.3894  DIHED      =       551.5952
 1-4 NB =       164.5919  1-4 EEL =      -346.7711  VDWAALS    =      -165.7970
 EELEC  =      -194.7311  EHBOND  =         0.0000  RESTRAINT  =         0.0000
 ------------------------------------------------------------------------------


 NSTEP =    18800   TIME(PS) =      18.800  TEMP(K) =   300.64  PRESS =     0.0
 Etot   =      1215.7054  EKtot   =       571.7336  EPtot      =       643.9718
 BOND   =       263.0170  ANGLE   =       344.0082  DIHED      =       540.7768
 1-4 NB =       169.3755  1-4 EEL =      -328.6387  VDWAALS    =      -159.9237
 EELEC  =      -184.6433  EHBOND  =         0.0000  RESTRAINT  =         0.0000
 ------------------------------------------------------------------------------


 NSTEP =    18900   TIME(PS) =      18.900  TEMP(K) =   306.07  PRESS =     0.0
 Etot   =      1218.1522  EKtot   =       582.0609  EPtot      =       636.0913
 BOND   =       244.0069  ANGLE   =       371.0292  DIHED      =       543.5839
 1-4 NB =       154.3326  1-4 EEL =      -340.4132  VDWAALS    =      -167.1475
 EELEC  =      -169.3007  EHBOND  =         0.0000  RESTRAINT  =         0.0000
 ------------------------------------------------------------------------------

| RE_POSITION Moving by   0.510458 -1.046476  0.394513

 NSTEP =    19000   TIME(PS) =      19.000  TEMP(K) =   327.66  PRESS =     0.0
 Etot   =      1224.2494  EKtot   =       623.1317  EPtot      =       601.1177
 BOND   =       232.5758  ANGLE   =       361.8687  DIHED      =       530.6148
 1-4 NB =       162.7615  1-4 EEL =      -318.8201  VDWAALS    =      -169.6469
 EELEC  =      -198.2362  EHBOND  =         0.0000  RESTRAINT  =         0.0000
 ------------------------------------------------------------------------------


 NSTEP =    19100   TIME(PS) =      19.100  TEMP(K) =   311.47  PRESS =     0.0
 Etot   =      1205.1897  EKtot   =       592.3388  EPtot      =       612.8509
 BOND   =       232.3862  ANGLE   =       365.6573  DIHED      =       546.4824
 1-4 NB =       165.5815  1-4 EEL =      -302.5900  VDWAALS    =      -175.9993
 EELEC  =      -218.6673  EHBOND  =         0.0000  RESTRAINT  =         0.0000
 ------------------------------------------------------------------------------


 NSTEP =    19200   TIME(PS) =      19.200  TEMP(K) =   296.44  PRESS =     0.0
 Etot   =      1202.4889  EKtot   =       563.7449  EPtot      =       638.7440
 BOND   =       228.9102  ANGLE   =       371.7528  DIHED      =       547.4689
 1-4 NB =       165.3242  1-4 EEL =      -295.6012  VDWAALS    =      -171.9739
 EELEC  =      -207.1369  EHBOND  =         0.0000  RESTRAINT  =         0.0000
 ------------------------------------------------------------------------------


 NSTEP =    19300   TIME(PS) =      19.300  TEMP(K) =   304.83  PRESS =     0.0
 Etot   =      1207.3468  EKtot   =       579.7129  EPtot      =       627.6339
 BOND   =       230.6703  ANGLE   =       350.6176  DIHED      =       555.9371
 1-4 NB =       172.7866  1-4 EEL =      -289.8554  VDWAALS    =      -167.1889
 EELEC  =      -225.3334  EHBOND  =         0.0000  RESTRAINT  =         0.0000
 ------------------------------------------------------------------------------


 NSTEP =    19400   TIME(PS) =      19.400  TEMP(K) =   325.25  PRESS =     0.0
 Etot   =      1221.1944  EKtot   =       618.5486  EPtot      =       602.6458
 BOND   =       230.0804  ANGLE   =       370.1787  DIHED      =       551.2595
 1-4 NB =       157.1286  1-4 EEL =      -329.7344  VDWAALS    =      -174.5936
 EELEC  =      -201.6735  EHBOND  =         0.0000  RESTRAINT  =         0.0000
 ------------------------------------------------------------------------------


 NSTEP =    19500   TIME(PS) =      19.500  TEMP(K) =   303.14  PRESS =     0.0
 Etot   =      1207.9777  EKtot   =       576.4939  EPtot      =       631.4838
 BOND   =       229.3137  ANGLE   =       371.9604  DIHED      =       553.2048
 1-4 NB =       159.4240  1-4 EEL =      -328.0630  VDWAALS    =      -162.9109
 EELEC  =      -191.4451  EHBOND  =         0.0000  RESTRAINT  =         0.0000
 ------------------------------------------------------------------------------


 NSTEP =    19600   TIME(PS) =      19.600  TEMP(K) =   309.13  PRESS =     0.0
 Etot   =      1199.9902  EKtot   =       587.8815  EPtot      =       612.1086
 BOND   =       216.9056  ANGLE   =       377.5370  DIHED      =       554.3733
 1-4 NB =       162.8752  1-4 EEL =      -330.3245  VDWAALS    =      -173.3618
 EELEC  =      -195.8963  EHBOND  =         0.0000  RESTRAINT  =         0.0000
 ------------------------------------------------------------------------------


 NSTEP =    19700   TIME(PS) =      19.700  TEMP(K) =   310.44  PRESS =     0.0
 Etot   =      1193.1922  EKtot   =       590.3801  EPtot      =       602.8121
 BOND   =       244.8504  ANGLE   =       365.4448  DIHED      =       546.9944
 1-4 NB =       165.6074  1-4 EEL =      -366.3333  VDWAALS    =      -165.4317
 EELEC  =      -188.3199  EHBOND  =         0.0000  RESTRAINT  =         0.0000
 ------------------------------------------------------------------------------


 NSTEP =    19800   TIME(PS) =      19.800  TEMP(K) =   320.61  PRESS =     0.0
 Etot   =      1191.0465  EKtot   =       609.7220  EPtot      =       581.3245
 BOND   =       216.8956  ANGLE   =       347.3133  DIHED      =       541.5758
 1-4 NB =       165.6965  1-4 EEL =      -315.2488  VDWAALS    =      -170.3626
 EELEC  =      -204.5453  EHBOND  =         0.0000  RESTRAINT  =         0.0000
 ------------------------------------------------------------------------------


 NSTEP =    19900   TIME(PS) =      19.900  TEMP(K) =   312.75  PRESS =     0.0
 Etot   =      1193.5299  EKtot   =       594.7611  EPtot      =       598.7688
 BOND   =       231.0583  ANGLE   =       373.4515  DIHED      =       551.8872
 1-4 NB =       155.4971  1-4 EEL =      -351.7739  VDWAALS    =      -172.8230
 EELEC  =      -188.5283  EHBOND  =         0.0000  RESTRAINT  =         0.0000
 ------------------------------------------------------------------------------

| RE_POSITION Moving by   1.114258  0.272994 -1.394877

 NSTEP =    20000   TIME(PS) =      20.000  TEMP(K) =   307.17  PRESS =     0.0
 Etot   =      1196.1648  EKtot   =       584.1663  EPtot      =       611.9985
 BOND   =       226.0205  ANGLE   =       357.1176  DIHED      =       546.5239
 1-4 NB =       166.6847  1-4 EEL =      -319.7472  VDWAALS    =      -169.1890
 EELEC  =      -195.4120  EHBOND  =         0.0000  RESTRAINT  =         0.0000
 ------------------------------------------------------------------------------


 NSTEP =    20100   TIME(PS) =      20.100  TEMP(K) =   294.12  PRESS =     0.0
 Etot   =      1178.1532  EKtot   =       559.3320  EPtot      =       618.8213
 BOND   =       235.8660  ANGLE   =       381.6192  DIHED      =       539.6798
 1-4 NB =       158.3773  1-4 EEL =      -330.8894  VDWAALS    =      -161.4666
 EELEC  =      -204.3651  EHBOND  =         0.0000  RESTRAINT  =         0.0000
 ------------------------------------------------------------------------------


 NSTEP =    20200   TIME(PS) =      20.200  TEMP(K) =   307.68  PRESS =     0.0
 Etot   =      1169.6422  EKtot   =       585.1214  EPtot      =       584.5208
 BOND   =       218.8038  ANGLE   =       351.5978  DIHED      =       546.6615
 1-4 NB =       168.9429  1-4 EEL =      -318.8793  VDWAALS    =      -159.8027
 EELEC  =      -222.8032  EHBOND  =         0.0000  RESTRAINT  =         0.0000
 ------------------------------------------------------------------------------


 NSTEP =    20300   TIME(PS) =      20.300  TEMP(K) =   302.50  PRESS =     0.0
 Etot   =      1175.7062  EKtot   =       575.2687  EPtot      =       600.4376
 BOND   =       240.1632  ANGLE   =       354.9476  DIHED      =       539.2804
 1-4 NB =       161.0852  1-4 EEL =      -313.1407  VDWAALS    =      -175.5069
 EELEC  =      -206.3913  EHBOND  =         0.0000  RESTRAINT  =         0.0000
 ------------------------------------------------------------------------------


 NSTEP =    20400   TIME(PS) =      20.400  TEMP(K) =   301.23  PRESS =     0.0
 Etot   =      1181.4451  EKtot   =       572.8678  EPtot      =       608.5773
 BOND   =       231.0263  ANGLE   =       369.0700  DIHED      =       538.7300
 1-4 NB =       160.6245  1-4 EEL =      -316.2114  VDWAALS    =      -164.6864
 EELEC  =      -209.9757  EHBOND  =         0.0000  RESTRAINT  =         0.0000
 ------------------------------------------------------------------------------


 NSTEP =    20500   TIME(PS) =      20.500  TEMP(K) =   306.86  PRESS =     0.0
 Etot   =      1178.5399  EKtot   =       583.5740  EPtot      =       594.9659
 BOND   =       227.4601  ANGLE   =       365.3528  DIHED      =       528.1639
 1-4 NB =       167.1073  1-4 EEL =      -322.6716  VDWAALS    =      -174.5270
 EELEC  =      -195.9195  EHBOND  =         0.0000  RESTRAINT  =         0.0000
 ------------------------------------------------------------------------------


 NSTEP =    20600   TIME(PS) =      20.600  TEMP(K) =   314.46  PRESS =     0.0
 Etot   =      1179.6498  EKtot   =       598.0252  EPtot      =       581.6247
 BOND   =       241.0918  ANGLE   =       341.6714  DIHED      =       543.2409
 1-4 NB =       155.3454  1-4 EEL =      -331.5408  VDWAALS    =      -178.1715
 EELEC  =      -190.0125  EHBOND  =         0.0000  RESTRAINT  =         0.0000
 ------------------------------------------------------------------------------


 NSTEP =    20700   TIME(PS) =      20.700  TEMP(K) =   310.97  PRESS =     0.0
 Etot   =      1188.8788  EKtot   =       591.3781  EPtot      =       597.5007
 BOND   =       238.3204  ANGLE   =       366.1610  DIHED      =       531.8896
 1-4 NB =       162.7708  1-4 EEL =      -324.2883  VDWAALS    =      -167.6172
 EELEC  =      -209.7356  EHBOND  =         0.0000  RESTRAINT  =         0.0000
 ------------------------------------------------------------------------------


 NSTEP =    20800   TIME(PS) =      20.800  TEMP(K) =   302.12  PRESS =     0.0
 Etot   =      1166.9199  EKtot   =       574.5562  EPtot      =       592.3637
 BOND   =       224.0484  ANGLE   =       364.1072  DIHED      =       534.9233
 1-4 NB =       158.5991  1-4 EEL =      -316.9784  VDWAALS    =      -159.1186
 EELEC  =      -213.2173  EHBOND  =         0.0000  RESTRAINT  =         0.0000
 ------------------------------------------------------------------------------


 NSTEP =    20900   TIME(PS) =      20.900  TEMP(K) =   304.08  PRESS =     0.0
 Etot   =      1173.0755  EKtot   =       578.2841  EPtot      =       594.7914
 BOND   =       226.4320  ANGLE   =       359.7720  DIHED      =       534.6920
 1-4 NB =       168.7512  1-4 EEL =      -338.5184  VDWAALS    =      -161.6310
 EELEC  =      -194.7063  EHBOND  =         0.0000  RESTRAINT  =         0.0000
 ------------------------------------------------------------------------------

| RE_POSITION Moving by   0.351313 -0.071521 -2.222595

 NSTEP =    21000   TIME(PS) =      21.000  TEMP(K) =   309.06  PRESS =     0.0
 Etot   =      1172.4245  EKtot   =       587.7538  EPtot      =       584.6707
 BOND   =       229.4951  ANGLE   =       349.4015  DIHED      =       537.9500
 1-4 NB =       159.7866  1-4 EEL =      -320.8107  VDWAALS    =      -168.2539
 EELEC  =      -202.8981  EHBOND  =         0.0000  RESTRAINT  =         0.0000
 ------------------------------------------------------------------------------


 NSTEP =    21100   TIME(PS) =      21.100  TEMP(K) =   300.93  PRESS =     0.0
 Etot   =      1154.4205  EKtot   =       572.2915  EPtot      =       582.1290
 BOND   =       216.9248  ANGLE   =       365.6244  DIHED      =       535.2870
 1-4 NB =       165.8243  1-4 EEL =      -326.6440  VDWAALS    =      -165.0516
 EELEC  =      -209.8358  EHBOND  =         0.0000  RESTRAINT  =         0.0000
 ------------------------------------------------------------------------------


 NSTEP =    21200   TIME(PS) =      21.200  TEMP(K) =   298.60  PRESS =     0.0
 Etot   =      1137.0169  EKtot   =       567.8608  EPtot      =       569.1561
 BOND   =       221.7125  ANGLE   =       350.3712  DIHED      =       526.5141
 1-4 NB =       154.7906  1-4 EEL =      -315.5067  VDWAALS    =      -176.0603
 EELEC  =      -192.6652  EHBOND  =         0.0000  RESTRAINT  =         0.0000
 ------------------------------------------------------------------------------


 NSTEP =    21300   TIME(PS) =      21.300  TEMP(K) =   292.26  PRESS =     0.0
 Etot   =      1156.9031  EKtot   =       555.8119  EPtot      =       601.0912
 BOND   =       239.8034  ANGLE   =       365.5358  DIHED      =       522.4242
 1-4 NB =       163.3302  1-4 EEL =      -328.4238  VDWAALS    =      -164.6760
 EELEC  =      -196.9026  EHBOND  =         0.0000  RESTRAINT  =         0.0000
 ------------------------------------------------------------------------------


 NSTEP =    21400   TIME(PS) =      21.400  TEMP(K) =   301.09  PRESS =     0.0
 Etot   =      1162.3828  EKtot   =       572.5955  EPtot      =       589.7873
 BOND   =       243.6788  ANGLE   =       376.1191  DIHED      =       518.4219
 1-4 NB =       163.3181  1-4 EEL =      -335.6159  VDWAALS    =      -170.3819
 EELEC  =      -205.7529  EHBOND  =         0.0000  RESTRAINT  =         0.0000
 ------------------------------------------------------------------------------


 NSTEP =    21500   TIME(PS) =      21.500  TEMP(K) =   305.48  PRESS =     0.0
 Etot   =      1152.1377  EKtot   =       580.9359  EPtot      =       571.2017
 BOND   =       238.3509  ANGLE   =       352.8508  DIHED      =       528.5058
 1-4 NB =       158.4365  1-4 EEL =      -307.0840  VDWAALS    =      -168.7165
 EELEC  =      -231.1418  EHBOND  =         0.0000  RESTRAINT  =         0.0000
 ------------------------------------------------------------------------------


 NSTEP =    21600   TIME(PS) =      21.600  TEMP(K) =   293.35  PRESS =     0.0
 Etot   =      1142.1896  EKtot   =       557.8711  EPtot      =       584.3185
 BOND   =       246.9874  ANGLE   =       353.2637  DIHED      =       534.9136
 1-4 NB =       160.0957  1-4 EEL =      -328.6364  VDWAALS    =      -162.2552
 EELEC  =      -220.0503  EHBOND  =         0.0000  RESTRAINT  =         0.0000
 ------------------------------------------------------------------------------


 NSTEP =    21700   TIME(PS) =      21.700  TEMP(K) =   299.22  PRESS =     0.0
 Etot   =      1130.5950  EKtot   =       569.0326  EPtot      =       561.5623
 BOND   =       238.0714  ANGLE   =       362.5951  DIHED      =       514.5748
 1-4 NB =       159.7823  1-4 EEL =      -336.2011  VDWAALS    =      -167.1949
 EELEC  =      -210.0651  EHBOND  =         0.0000  RESTRAINT  =         0.0000
 ------------------------------------------------------------------------------


 NSTEP =    21800   TIME(PS) =      21.800  TEMP(K) =   297.84  PRESS =     0.0
 Etot   =      1138.5583  EKtot   =       566.4173  EPtot      =       572.1410
 BOND   =       237.5839  ANGLE   =       363.5928  DIHED      =       524.4234
 1-4 NB =       162.0910  1-4 EEL =      -336.7099  VDWAALS    =      -172.3532
 EELEC  =      -206.4869  EHBOND  =         0.0000  RESTRAINT  =         0.0000
 ------------------------------------------------------------------------------


 NSTEP =    21900   TIME(PS) =      21.900  TEMP(K) =   290.49  PRESS =     0.0
 Etot   =      1149.7413  EKtot   =       552.4407  EPtot      =       597.3006
 BOND   =       243.0517  ANGLE   =       365.5972  DIHED      =       532.9851
 1-4 NB =       166.7731  1-4 EEL =      -341.0048  VDWAALS    =      -162.1848
 EELEC  =      -207.9169  EHBOND  =         0.0000  RESTRAINT  =         0.0000
 ------------------------------------------------------------------------------

| RE_POSITION Moving by  -0.173294  0.097907  0.161960

 NSTEP =    22000   TIME(PS) =      22.000  TEMP(K) =   298.09  PRESS =     0.0
 Etot   =      1134.3915  EKtot   =       566.8977  EPtot      =       567.4938
 BOND   =       238.5754  ANGLE   =       354.3995  DIHED      =       525.3280
 1-4 NB =       160.8166  1-4 EEL =      -331.3338  VDWAALS    =      -169.5295
 EELEC  =      -210.7626  EHBOND  =         0.0000  RESTRAINT  =         0.0000
 ------------------------------------------------------------------------------


 NSTEP =    22100   TIME(PS) =      22.100  TEMP(K) =   291.65  PRESS =     0.0
 Etot   =      1128.9227  EKtot   =       554.6400  EPtot      =       574.2827
 BOND   =       228.9136  ANGLE   =       347.9539  DIHED      =       547.2678
 1-4 NB =       156.9843  1-4 EEL =      -312.0809  VDWAALS    =      -167.7337
 EELEC  =      -227.0222  EHBOND  =         0.0000  RESTRAINT  =         0.0000
 ------------------------------------------------------------------------------


 NSTEP =    22200   TIME(PS) =      22.200  TEMP(K) =   282.03  PRESS =     0.0
 Etot   =      1138.2811  EKtot   =       536.3426  EPtot      =       601.9385
 BOND   =       242.2245  ANGLE   =       366.6712  DIHED      =       529.9001
 1-4 NB =       164.9532  1-4 EEL =      -329.2821  VDWAALS    =      -168.1867
 EELEC  =      -204.3417  EHBOND  =         0.0000  RESTRAINT  =         0.0000
 ------------------------------------------------------------------------------


 NSTEP =    22300   TIME(PS) =      22.300  TEMP(K) =   287.67  PRESS =     0.0
 Etot   =      1138.9945  EKtot   =       547.0668  EPtot      =       591.9276
 BOND   =       241.4329  ANGLE   =       345.5159  DIHED      =       553.8140
 1-4 NB =       164.9207  1-4 EEL =      -331.1042  VDWAALS    =      -173.0461
 EELEC  =      -209.6055  EHBOND  =         0.0000  RESTRAINT  =         0.0000
 ------------------------------------------------------------------------------


 NSTEP =    22400   TIME(PS) =      22.400  TEMP(K) =   291.15  PRESS =     0.0
 Etot   =      1148.4766  EKtot   =       553.6983  EPtot      =       594.7783
 BOND   =       231.8280  ANGLE   =       363.7667  DIHED      =       547.1628
 1-4 NB =       159.6399  1-4 EEL =      -326.3537  VDWAALS    =      -171.8025
 EELEC  =      -209.4628  EHBOND  =         0.0000  RESTRAINT  =         0.0000
 ------------------------------------------------------------------------------


 NSTEP =    22500   TIME(PS) =      22.500  TEMP(K) =   302.41  PRESS =     0.0
 Etot   =      1157.0730  EKtot   =       575.1130  EPtot      =       581.9600
 BOND   =       232.7323  ANGLE   =       360.5673  DIHED      =       532.4628
 1-4 NB =       159.8868  1-4 EEL =      -305.8871  VDWAALS    =      -172.6420
 EELEC  =      -225.1602  EHBOND  =         0.0000  RESTRAINT  =         0.0000
 ------------------------------------------------------------------------------


 NSTEP =    22600   TIME(PS) =      22.600  TEMP(K) =   309.79  PRESS =     0.0
 Etot   =      1167.5783  EKtot   =       589.1414  EPtot      =       578.4369
 BOND   =       244.2394  ANGLE   =       357.8535  DIHED      =       532.7899
 1-4 NB =       158.0137  1-4 EEL =      -332.4247  VDWAALS    =      -176.9930
 EELEC  =      -205.0418  EHBOND  =         0.0000  RESTRAINT  =         0.0000
 ------------------------------------------------------------------------------


 NSTEP =    22700   TIME(PS) =      22.700  TEMP(K) =   298.85  PRESS =     0.0
 Etot   =      1155.0115  EKtot   =       568.3281  EPtot      =       586.6834
 BOND   =       237.1481  ANGLE   =       360.5111  DIHED      =       531.5102
 1-4 NB =       166.5825  1-4 EEL =      -324.1936  VDWAALS    =      -171.6512
 EELEC  =      -213.2238  EHBOND  =         0.0000  RESTRAINT  =         0.0000
 ------------------------------------------------------------------------------


 NSTEP =    22800   TIME(PS) =      22.800  TEMP(K) =   310.81  PRESS =     0.0
 Etot   =      1147.6599  EKtot   =       591.0752  EPtot      =       556.5847
 BOND   =       219.1479  ANGLE   =       359.8167  DIHED      =       521.5487
 1-4 NB =       162.1439  1-4 EEL =      -314.6238  VDWAALS    =      -167.0741
 EELEC  =      -224.3746  EHBOND  =         0.0000  RESTRAINT  =         0.0000
 ------------------------------------------------------------------------------


 NSTEP =    22900   TIME(PS) =      22.900  TEMP(K) =   287.63  PRESS =     0.0
 Etot   =      1129.3267  EKtot   =       546.9979  EPtot      =       582.3288
 BOND   =       239.9392  ANGLE   =       357.3010  DIHED      =       532.8914
 1-4 NB =       164.0121  1-4 EEL =      -316.8562  VDWAALS    =      -174.9861
 EELEC  =      -219.9727  EHBOND  =         0.0000  RESTRAINT  =         0.0000
 ------------------------------------------------------------------------------

| RE_POSITION Moving by   0.845879 -0.580526  0.249187

 NSTEP =    23000   TIME(PS) =      23.000  TEMP(K) =   302.51  PRESS =     0.0
 Etot   =      1123.8593  EKtot   =       575.2906  EPtot      =       548.5687
 BOND   =       207.1124  ANGLE   =       346.4911  DIHED      =       537.9552
 1-4 NB =       167.1669  1-4 EEL =      -326.8090  VDWAALS    =      -169.9815
 EELEC  =      -213.3664  EHBOND  =         0.0000  RESTRAINT  =         0.0000
 ------------------------------------------------------------------------------


 NSTEP =    23100   TIME(PS) =      23.100  TEMP(K) =   288.15  PRESS =     0.0
 Etot   =      1115.3194  EKtot   =       547.9954  EPtot      =       567.3240
 BOND   =       222.6832  ANGLE   =       374.2685  DIHED      =       531.5872
 1-4 NB =       152.0232  1-4 EEL =      -357.4078  VDWAALS    =      -170.1204
 EELEC  =      -185.7099  EHBOND  =         0.0000  RESTRAINT  =         0.0000
 ------------------------------------------------------------------------------


 NSTEP =    23200   TIME(PS) =      23.200  TEMP(K) =   283.74  PRESS =     0.0
 Etot   =      1109.4121  EKtot   =       539.5917  EPtot      =       569.8205
 BOND   =       230.7485  ANGLE   =       342.7355  DIHED      =       536.5687
 1-4 NB =       159.2530  1-4 EEL =      -301.7744  VDWAALS    =      -164.0400
 EELEC  =      -233.6708  EHBOND  =         0.0000  RESTRAINT  =         0.0000
 ------------------------------------------------------------------------------


 NSTEP =    23300   TIME(PS) =      23.300  TEMP(K) =   297.37  PRESS =     0.0
 Etot   =      1134.0145  EKtot   =       565.5150  EPtot      =       568.4995
 BOND   =       224.5976  ANGLE   =       357.3507  DIHED      =       541.1001
 1-4 NB =       162.6750  1-4 EEL =      -323.0396  VDWAALS    =      -171.7648
 EELEC  =      -222.4196  EHBOND  =         0.0000  RESTRAINT  =         0.0000
 ------------------------------------------------------------------------------


 NSTEP =    23400   TIME(PS) =      23.400  TEMP(K) =   292.44  PRESS =     0.0
 Etot   =      1143.0919  EKtot   =       556.1430  EPtot      =       586.9489
 BOND   =       224.3637  ANGLE   =       356.2990  DIHED      =       548.2430
 1-4 NB =       163.1522  1-4 EEL =      -315.7237  VDWAALS    =      -167.9680
 EELEC  =      -221.4173  EHBOND  =         0.0000  RESTRAINT  =         0.0000
 ------------------------------------------------------------------------------


 NSTEP =    23500   TIME(PS) =      23.500  TEMP(K) =   305.45  PRESS =     0.0
 Etot   =      1152.0426  EKtot   =       580.8960  EPtot      =       571.1466
 BOND   =       231.3604  ANGLE   =       348.5601  DIHED      =       533.3386
 1-4 NB =       164.6155  1-4 EEL =      -319.0005  VDWAALS    =      -161.5337
 EELEC  =      -226.1937  EHBOND  =         0.0000  RESTRAINT  =         0.0000
 ------------------------------------------------------------------------------


 NSTEP =    23600   TIME(PS) =      23.600  TEMP(K) =   297.51  PRESS =     0.0
 Etot   =      1130.8873  EKtot   =       565.7901  EPtot      =       565.0972
 BOND   =       215.6668  ANGLE   =       351.6412  DIHED      =       547.6481
 1-4 NB =       174.2675  1-4 EEL =      -334.7668  VDWAALS    =      -159.6459
 EELEC  =      -229.7137  EHBOND  =         0.0000  RESTRAINT  =         0.0000
 ------------------------------------------------------------------------------


 NSTEP =    23700   TIME(PS) =      23.700  TEMP(K) =   301.89  PRESS =     0.0
 Etot   =      1143.8477  EKtot   =       574.1141  EPtot      =       569.7335
 BOND   =       234.1066  ANGLE   =       351.2592  DIHED      =       536.3780
 1-4 NB =       159.7452  1-4 EEL =      -323.1076  VDWAALS    =      -164.4934
 EELEC  =      -224.1545  EHBOND  =         0.0000  RESTRAINT  =         0.0000
 ------------------------------------------------------------------------------


 NSTEP =    23800   TIME(PS) =      23.800  TEMP(K) =   285.27  PRESS =     0.0
 Etot   =      1149.9008  EKtot   =       542.5061  EPtot      =       607.3947
 BOND   =       251.6199  ANGLE   =       357.3371  DIHED      =       547.8204
 1-4 NB =       161.8718  1-4 EEL =      -337.8679  VDWAALS    =      -166.9758
 EELEC  =      -206.4108  EHBOND  =         0.0000  RESTRAINT  =         0.0000
 ------------------------------------------------------------------------------


 NSTEP =    23900   TIME(PS) =      23.900  TEMP(K) =   309.76  PRESS =     0.0
 Etot   =      1153.3351  EKtot   =       589.0886  EPtot      =       564.2465
 BOND   =       229.9070  ANGLE   =       341.2141  DIHED      =       536.5466
 1-4 NB =       165.2023  1-4 EEL =      -302.0453  VDWAALS    =      -163.8664
 EELEC  =      -242.7119  EHBOND  =         0.0000  RESTRAINT  =         0.0000
 ------------------------------------------------------------------------------

| RE_POSITION Moving by   0.135690 -0.166764  0.465084

 NSTEP =    24000   TIME(PS) =      24.000  TEMP(K) =   289.79  PRESS =     0.0
 Etot   =      1152.6607  EKtot   =       551.1142  EPtot      =       601.5466
 BOND   =       221.8376  ANGLE   =       393.3445  DIHED      =       536.9780
 1-4 NB =       166.1857  1-4 EEL =      -312.9061  VDWAALS    =      -160.7010
 EELEC  =      -243.1920  EHBOND  =         0.0000  RESTRAINT  =         0.0000
 ------------------------------------------------------------------------------


 NSTEP =    24100   TIME(PS) =      24.100  TEMP(K) =   302.63  PRESS =     0.0
 Etot   =      1158.2780  EKtot   =       575.5277  EPtot      =       582.7503
 BOND   =       227.5852  ANGLE   =       354.6720  DIHED      =       545.2094
 1-4 NB =       161.4764  1-4 EEL =      -311.1052  VDWAALS    =      -168.0103
 EELEC  =      -227.0771  EHBOND  =         0.0000  RESTRAINT  =         0.0000
 ------------------------------------------------------------------------------


 NSTEP =    24200   TIME(PS) =      24.200  TEMP(K) =   296.47  PRESS =     0.0
 Etot   =      1146.0595  EKtot   =       563.8156  EPtot      =       582.2439
 BOND   =       233.8436  ANGLE   =       354.1689  DIHED      =       544.7679
 1-4 NB =       168.0787  1-4 EEL =      -318.4717  VDWAALS    =      -167.0630
 EELEC  =      -233.0804  EHBOND  =         0.0000  RESTRAINT  =         0.0000
 ------------------------------------------------------------------------------


 NSTEP =    24300   TIME(PS) =      24.300  TEMP(K) =   313.90  PRESS =     0.0
 Etot   =      1151.9977  EKtot   =       596.9637  EPtot      =       555.0339
 BOND   =       238.2532  ANGLE   =       334.8152  DIHED      =       548.3226
 1-4 NB =       161.6725  1-4 EEL =      -328.7770  VDWAALS    =      -165.5820
 EELEC  =      -233.6706  EHBOND  =         0.0000  RESTRAINT  =         0.0000
 ------------------------------------------------------------------------------


 NSTEP =    24400   TIME(PS) =      24.400  TEMP(K) =   301.56  PRESS =     0.0
 Etot   =      1130.1914  EKtot   =       573.4876  EPtot      =       556.7038
 BOND   =       230.9635  ANGLE   =       359.5653  DIHED      =       546.2014
 1-4 NB =       161.4197  1-4 EEL =      -356.2459  VDWAALS    =      -175.8519
 EELEC  =      -209.3482  EHBOND  =         0.0000  RESTRAINT  =         0.0000
 ------------------------------------------------------------------------------


 NSTEP =    24500   TIME(PS) =      24.500  TEMP(K) =   293.30  PRESS =     0.0
 Etot   =      1128.1559  EKtot   =       557.7804  EPtot      =       570.3756
 BOND   =       233.2103  ANGLE   =       349.5915  DIHED      =       541.2597
 1-4 NB =       161.0866  1-4 EEL =      -332.5973  VDWAALS    =      -168.1790
 EELEC  =      -213.9962  EHBOND  =         0.0000  RESTRAINT  =         0.0000
 ------------------------------------------------------------------------------


 NSTEP =    24600   TIME(PS) =      24.600  TEMP(K) =   294.65  PRESS =     0.0
 Etot   =      1126.4380  EKtot   =       560.3419  EPtot      =       566.0960
 BOND   =       228.8624  ANGLE   =       375.0092  DIHED      =       528.4415
 1-4 NB =       159.0604  1-4 EEL =      -334.1071  VDWAALS    =      -170.9662
 EELEC  =      -220.2043  EHBOND  =         0.0000  RESTRAINT  =         0.0000
 ------------------------------------------------------------------------------


 NSTEP =    24700   TIME(PS) =      24.700  TEMP(K) =   295.93  PRESS =     0.0
 Etot   =      1115.3879  EKtot   =       562.7745  EPtot      =       552.6134
 BOND   =       221.1820  ANGLE   =       349.7699  DIHED      =       532.2727
 1-4 NB =       164.1233  1-4 EEL =      -307.3806  VDWAALS    =      -169.5945
 EELEC  =      -237.7593  EHBOND  =         0.0000  RESTRAINT  =         0.0000
 ------------------------------------------------------------------------------


 NSTEP =    24800   TIME(PS) =      24.800  TEMP(K) =   306.51  PRESS =     0.0
 Etot   =      1134.6550  EKtot   =       582.9040  EPtot      =       551.7510
 BOND   =       210.1332  ANGLE   =       364.7715  DIHED      =       537.6316
 1-4 NB =       161.6570  1-4 EEL =      -337.3823  VDWAALS    =      -156.8440
 EELEC  =      -228.2161  EHBOND  =         0.0000  RESTRAINT  =         0.0000
 ------------------------------------------------------------------------------

 Frac coord min, max:    4.3130370084753259E-003   1.0000131084735628     
 The system has extended beyond 
     the extent of the virtual box.
 Restarting sander will recalculate
    a new virtual box with 30 Angstroms
    extra on each side, if there is a
    restart file for this configuration.
 SANDER BOMB in subroutine Routine: map_coords (ew_force.f)
 Atom out of bounds. If a restart has been written,
 restarting should resolve the error
