
          -------------------------------------------------------
          Amber 18 SANDER                              2018
          -------------------------------------------------------

| Run on 05/28/2026 at 22:14:40

|   Executable path: /home/ando/amber/amber18/bin/sander
| Working directory: /home/test/yazawa/tutorial6
|          Hostname: Unknown
  [-O]verwriting output

File Assignments:
|  MDIN: a-dna_md_1800ps.in                                                    
| MDOUT: a-dna_md9.out                                                         
|INPCRD: a-dna_md8.ncrst                                                       
|  PARM: a-dna_wat.prmtop                                                      
|RESTRT: a-dna_md9.ncrst                                                       
|  REFC: refc                                                                  
| MDVEL: mdvel                                                                 
| MDFRC: mdfrc                                                                 
|  MDEN: mden                                                                  
| MDCRD: a-dna_md9.nc                                                          
|MDINFO: mdinfo                                                                
|  MTMD: mtmd                                                                  
|INPDIP: inpdip                                                                
|RSTDIP: rstdip                                                                
|INPTRA: inptraj                                                               


 Here is the input file:

A-DNA 10-mer: 200ps of MD                                                      
 &cntrl                                                                        
  imin = 0, irest = 1, ntx = 7,                                                
  ntb = 2, pres0 = 1.0, ntp = 1,                                               
  taup = 2.0,                                                                  
  cut = 10.0, ntr = 0,                                                         
  ntc = 2, ntf = 2,                                                            
  tempi = 300.0, temp0 = 300.0,                                                
  ntt = 3, gamma_ln = 1.0,                                                     
  nstlim = 100000, dt = 0.002,                                                 
  ntpr = 250, ntwx = 250, ntwr = 10000                                         
 /                                                                             

--------------------------------------------------------------------------------
   1.  RESOURCE   USE: 
--------------------------------------------------------------------------------

| Flags:                                                                        
 getting box info from netcdf restart file
| NetCDF restart box info found
|Largest sphere to fit in unit cell has radius =    21.786
| New format PARM file being parsed.
| Version =    1.000 Date = 05/27/26 Time = 15:52:42
 NATOM  =   11705 NTYPES =      17 NBONH =   11283 MBONA  =     452
 NTHETH =     554 MTHETA =     694 NPHIH =    1084 MPHIA  =    1326
 NHPARM =       0 NPARM  =       0 NNB   =   18294 NRES   =    3721
 NBONA  =     452 NTHETA =     694 NPHIA =    1326 NUMBND =      41
 NUMANG =      75 NPTRA  =      56 NATYP =      29 NPHB   =       1
 IFBOX  =       2 NMXRS  =      33 IFCAP =       0 NEXTRA =       0
 NCOPY  =       0


|     Memory Use     Allocated
|     Real              859321
|     Hollerith          38838
|     Integer           405322
|     Max Pairs        6742080
|     nblistReal        140460
|     nblist Int        358030
|       Total            37280 kbytes

| Note: 1-4 EEL scale factors are being read from the topology file.

| Note: 1-4 VDW scale factors are being read from the topology file.
| Duplicated    0 dihedrals
| Duplicated    0 dihedrals

     BOX TYPE: TRUNCATED OCTAHEDRON

--------------------------------------------------------------------------------
   2.  CONTROL  DATA  FOR  THE  RUN
--------------------------------------------------------------------------------

default_name                                                                    

General flags:
     imin    =       0, nmropt  =       0

Nature and format of input:
     ntx     =       7, irest   =       1, ntrx    =       1

Nature and format of output:
     ntxo    =       2, ntpr    =     250, ntrx    =       1, ntwr    =   10000
     iwrap   =       0, ntwx    =     250, ntwv    =       0, ntwe    =       0
     ioutfm  =       1, ntwprt  =       0, idecomp =       0, rbornstat=      0

Potential function:
     ntf     =       2, ntb     =       2, igb     =       0, nsnb    =      25
     ipol    =       0, gbsa    =       0, iesp    =       0
     dielc   =   1.00000, cut     =  10.00000, intdiel =   1.00000

Frozen or restrained atoms:
     ibelly  =       0, ntr     =       0

Molecular dynamics:
     nstlim  =    100000, nscm    =      1000, nrespa  =         1
     t       =   0.00000, dt      =   0.00200, vlimit  =  20.00000

Langevin dynamics temperature regulation:
     ig      =   71277
     temp0   = 300.00000, tempi   = 300.00000, gamma_ln=   1.00000

Pressure regulation:
     ntp     =       1
     pres0   =   1.00000, comp    =  44.60000, taup    =   2.00000

SHAKE:
     ntc     =       2, jfastw  =       0
     tol     =   0.00001

Ewald parameters:
     verbose =       0, ew_type =       0, nbflag  =       1, use_pme =       1
     vdwmeth =       1, eedmeth =       1, netfrc  =       1
     Box X =   53.365   Box Y =   53.365   Box Z =   53.365
     Alpha =  109.471   Beta  =  109.471   Gamma =  109.471
     NFFT1 =   54       NFFT2 =   54       NFFT3 =   54
     Cutoff=   10.000   Tol   =0.100E-04
     Ewald Coefficient =  0.27511
     Interpolation order =    4
|  INFO: Old style inpcrd file read


--------------------------------------------------------------------------------
   3.  ATOMIC COORDINATES AND VELOCITIES
--------------------------------------------------------------------------------

default_name                                                                    
 begin time read from input coords =  1420.000 ps

 Number of triangulated 3-point waters found:     3683

     Sum of charges from parm topology file =   0.00000008
     Forcing neutrality...

--------------------------------------------------------------------------------
   4.  RESULTS
--------------------------------------------------------------------------------

|  # of SOLUTE  degrees of freedom (RNDFP):   23832.
|  # of SOLVENT degrees of freedom (RNDFS):       0.
|  NDFMIN =   23832.     NUM_NOSHAKE =      0     CORRECTED RNDFP =   23832.
|  TOTAL # of degrees of freedom (RNDF) =   23832.
 ---------------------------------------------------
 APPROXIMATING switch and d/dx switch using CUBIC SPLINE INTERPOLATION
 using   5000.0 points per unit in tabled values
 TESTING RELATIVE ERROR over r ranging from 0.0 to cutoff
| CHECK switch(x): max rel err =   0.2738E-14   at   2.422500
| CHECK d/dx switch(x): max rel err =   0.8314E-11   at   2.736960
 ---------------------------------------------------
| Local SIZE OF NONBOND LIST =    4220649
| TOTAL SIZE OF NONBOND LIST =    4220649

 NSTEP =      250   TIME(PS) =    1420.500  TEMP(K) =   224.36  PRESS =  -586.5
 Etot   =    -38276.7142  EKtot   =      5312.7219  EPtot      =    -43589.4361
 BOND   =       104.0786  ANGLE   =       283.3973  DIHED      =       491.8992
 1-4 NB =       165.6763  1-4 EEL =      -364.2898  VDWAALS    =      5829.6702
 EELEC  =    -50099.8679  EHBOND  =         0.0000  RESTRAINT  =         0.0000
 EKCMT  =      2568.3834  VIRIAL  =      4025.5158  VOLUME     =    115071.8515
                                                    Density    =         1.0505
 Ewald error estimate:   0.3081E-04
 ------------------------------------------------------------------------------


 NSTEP =      500   TIME(PS) =    1421.000  TEMP(K) =   254.16  PRESS =    13.0
 Etot   =    -36740.6328  EKtot   =      6018.4523  EPtot      =    -42759.0851
 BOND   =       133.8453  ANGLE   =       293.0528  DIHED      =       489.9575
 1-4 NB =       170.6651  1-4 EEL =      -349.2980  VDWAALS    =      5700.8043
 EELEC  =    -49198.1121  EHBOND  =         0.0000  RESTRAINT  =         0.0000
 EKCMT  =      2806.9563  VIRIAL  =      2774.8207  VOLUME     =    114792.0980
                                                    Density    =         1.0531
 Ewald error estimate:   0.1587E-04
 ------------------------------------------------------------------------------


 NSTEP =      750   TIME(PS) =    1421.500  TEMP(K) =   267.65  PRESS =  -299.5
 Etot   =    -35748.6245  EKtot   =      6337.7883  EPtot      =    -42086.4128
 BOND   =       145.1540  ANGLE   =       309.0651  DIHED      =       495.8958
 1-4 NB =       165.4091  1-4 EEL =      -321.6121  VDWAALS    =      5347.3003
 EELEC  =    -48227.6251  EHBOND  =         0.0000  RESTRAINT  =         0.0000
 EKCMT  =      2997.7924  VIRIAL  =      3739.9420  VOLUME     =    114769.2405
                                                    Density    =         1.0533
 Ewald error estimate:   0.1941E-04
 ------------------------------------------------------------------------------


 NSTEP =     1000   TIME(PS) =    1422.000  TEMP(K) =   274.33  PRESS =    20.7
 Etot   =    -35210.2355  EKtot   =      6495.8729  EPtot      =    -41706.1084
 BOND   =       143.4800  ANGLE   =       346.2415  DIHED      =       495.7667
 1-4 NB =       175.1488  1-4 EEL =      -343.0978  VDWAALS    =      5202.4047
 EELEC  =    -47726.0524  EHBOND  =         0.0000  RESTRAINT  =         0.0000
 EKCMT  =      3005.3083  VIRIAL  =      2953.9561  VOLUME     =    114835.2022
                                                    Density    =         1.0527
 Ewald error estimate:   0.1264E-03
 ------------------------------------------------------------------------------


 NSTEP =     1250   TIME(PS) =    1422.500  TEMP(K) =   278.46  PRESS =    69.0
 Etot   =    -34753.4582  EKtot   =      6593.7945  EPtot      =    -41347.2527
 BOND   =       143.0587  ANGLE   =       345.2013  DIHED      =       503.3796
 1-4 NB =       167.9287  1-4 EEL =      -356.4561  VDWAALS    =      5210.1863
 EELEC  =    -47360.5513  EHBOND  =         0.0000  RESTRAINT  =         0.0000
 EKCMT  =      3045.0973  VIRIAL  =      2873.7360  VOLUME     =    114952.4330
                                                    Density    =         1.0516
 Ewald error estimate:   0.7565E-04
 ------------------------------------------------------------------------------


 NSTEP =     1500   TIME(PS) =    1423.000  TEMP(K) =   285.77  PRESS =   -60.1
 Etot   =    -34369.4806  EKtot   =      6766.7654  EPtot      =    -41136.2461
 BOND   =       152.4430  ANGLE   =       327.2315  DIHED      =       514.7089
 1-4 NB =       168.1481  1-4 EEL =      -345.1601  VDWAALS    =      4997.1062
 EELEC  =    -46950.7237  EHBOND  =         0.0000  RESTRAINT  =         0.0000
 EKCMT  =      3184.2820  VIRIAL  =      3333.4051  VOLUME     =    114952.0670
                                                    Density    =         1.0516
 Ewald error estimate:   0.4606E-06
 ------------------------------------------------------------------------------


 NSTEP =     1750   TIME(PS) =    1423.500  TEMP(K) =   294.28  PRESS =   152.7
 Etot   =    -34084.8810  EKtot   =      6968.3461  EPtot      =    -41053.2271
 BOND   =       170.2656  ANGLE   =       347.0426  DIHED      =       486.3900
 1-4 NB =       169.7174  1-4 EEL =      -340.4789  VDWAALS    =      5042.6790
 EELEC  =    -46928.8428  EHBOND  =         0.0000  RESTRAINT  =         0.0000
 EKCMT  =      3316.5759  VIRIAL  =      2936.7702  VOLUME     =    115209.2857
                                                    Density    =         1.0493
 Ewald error estimate:   0.2209E-04
 ------------------------------------------------------------------------------


 NSTEP =     2000   TIME(PS) =    1424.000  TEMP(K) =   288.90  PRESS =   145.9
 Etot   =    -33948.5812  EKtot   =      6840.9600  EPtot      =    -40789.5412
 BOND   =       168.9617  ANGLE   =       343.0887  DIHED      =       512.8700
 1-4 NB =       170.8467  1-4 EEL =      -361.7600  VDWAALS    =      4976.1389
 EELEC  =    -46599.6872  EHBOND  =         0.0000  RESTRAINT  =         0.0000
 EKCMT  =      3200.6388  VIRIAL  =      2837.1760  VOLUME     =    115351.7280
                                                    Density    =         1.0480
 Ewald error estimate:   0.2024E-03
 ------------------------------------------------------------------------------


 NSTEP =     2250   TIME(PS) =    1424.500  TEMP(K) =   294.68  PRESS =   425.8
 Etot   =    -33806.1462  EKtot   =      6977.8118  EPtot      =    -40783.9581
 BOND   =       141.2878  ANGLE   =       351.3923  DIHED      =       496.4878
 1-4 NB =       163.3446  1-4 EEL =      -347.0645  VDWAALS    =      5093.3220
 EELEC  =    -46682.7281  EHBOND  =         0.0000  RESTRAINT  =         0.0000
 EKCMT  =      3281.4553  VIRIAL  =      2218.2926  VOLUME     =    115633.1229
                                                    Density    =         1.0454
 Ewald error estimate:   0.5516E-05
 ------------------------------------------------------------------------------


 NSTEP =     2500   TIME(PS) =    1425.000  TEMP(K) =   300.76  PRESS =    -7.5
 Etot   =    -33683.5483  EKtot   =      7121.8015  EPtot      =    -40805.3498
 BOND   =       170.6172  ANGLE   =       337.3576  DIHED      =       506.1554
 1-4 NB =       166.4035  1-4 EEL =      -348.2706  VDWAALS    =      4974.7915
 EELEC  =    -46612.4045  EHBOND  =         0.0000  RESTRAINT  =         0.0000
 EKCMT  =      3345.9585  VIRIAL  =      3364.6862  VOLUME     =    115941.6483
                                                    Density    =         1.0427
 Ewald error estimate:   0.3462E-03
 ------------------------------------------------------------------------------


 NSTEP =     2750   TIME(PS) =    1425.500  TEMP(K) =   296.38  PRESS =   248.3
 Etot   =    -33622.5938  EKtot   =      7018.1993  EPtot      =    -40640.7931
 BOND   =       156.9002  ANGLE   =       355.4888  DIHED      =       503.3491
 1-4 NB =       165.7850  1-4 EEL =      -331.3373  VDWAALS    =      5088.2128
 EELEC  =    -46579.1918  EHBOND  =         0.0000  RESTRAINT  =         0.0000
 EKCMT  =      3387.0046  VIRIAL  =      2764.0837  VOLUME     =    116191.7781
                                                    Density    =         1.0404
 Ewald error estimate:   0.7753E-04
 ------------------------------------------------------------------------------


 NSTEP =     3000   TIME(PS) =    1426.000  TEMP(K) =   297.60  PRESS =  -120.1
 Etot   =    -33522.2908  EKtot   =      7047.0044  EPtot      =    -40569.2952
 BOND   =       138.4575  ANGLE   =       332.3802  DIHED      =       509.8458
 1-4 NB =       167.7815  1-4 EEL =      -335.0342  VDWAALS    =      4878.6662
 EELEC  =    -46261.3923  EHBOND  =         0.0000  RESTRAINT  =         0.0000
 EKCMT  =      3265.5488  VIRIAL  =      3567.2871  VOLUME     =    116346.8173
                                                    Density    =         1.0390
 Ewald error estimate:   0.6979E-04
 ------------------------------------------------------------------------------


 NSTEP =     3250   TIME(PS) =    1426.500  TEMP(K) =   296.07  PRESS =   -99.4
 Etot   =    -33497.4455  EKtot   =      7010.8310  EPtot      =    -40508.2765
 BOND   =       156.7045  ANGLE   =       357.3536  DIHED      =       485.7925
 1-4 NB =       170.8326  1-4 EEL =      -354.2691  VDWAALS    =      4824.6773
 EELEC  =    -46149.3679  EHBOND  =         0.0000  RESTRAINT  =         0.0000
 EKCMT  =      3261.6313  VIRIAL  =      3511.4212  VOLUME     =    116418.4913
                                                    Density    =         1.0384
 Ewald error estimate:   0.5661E-05
 ------------------------------------------------------------------------------


 NSTEP =     3500   TIME(PS) =    1427.000  TEMP(K) =   294.48  PRESS =   -28.1
 Etot   =    -33538.6688  EKtot   =      6973.1933  EPtot      =    -40511.8621
 BOND   =       139.7305  ANGLE   =       336.1415  DIHED      =       491.6827
 1-4 NB =       178.4800  1-4 EEL =      -342.3216  VDWAALS    =      4844.9619
 EELEC  =    -46160.5371  EHBOND  =         0.0000  RESTRAINT  =         0.0000
 EKCMT  =      3240.4453  VIRIAL  =      3310.9429  VOLUME     =    116394.2785
                                                    Density    =         1.0386
 Ewald error estimate:   0.2783E-03
 ------------------------------------------------------------------------------


 NSTEP =     3750   TIME(PS) =    1427.500  TEMP(K) =   301.53  PRESS =   -40.1
 Etot   =    -33493.6378  EKtot   =      7139.9328  EPtot      =    -40633.5707
 BOND   =       168.6275  ANGLE   =       331.6788  DIHED      =       484.7999
 1-4 NB =       165.8762  1-4 EEL =      -332.4190  VDWAALS    =      4838.1205
 EELEC  =    -46290.2545  EHBOND  =         0.0000  RESTRAINT  =         0.0000
 EKCMT  =      3342.1887  VIRIAL  =      3442.8710  VOLUME     =    116427.2600
                                                    Density    =         1.0383
 Ewald error estimate:   0.8716E-04
 ------------------------------------------------------------------------------


 NSTEP =     4000   TIME(PS) =    1428.000  TEMP(K) =   297.35  PRESS =   279.8
 Etot   =    -33540.9139  EKtot   =      7041.1510  EPtot      =    -40582.0649
 BOND   =       142.6104  ANGLE   =       333.7995  DIHED      =       504.4237
 1-4 NB =       170.7748  1-4 EEL =      -345.1081  VDWAALS    =      4961.2012
 EELEC  =    -46349.7665  EHBOND  =         0.0000  RESTRAINT  =         0.0000
 EKCMT  =      3250.6850  VIRIAL  =      2547.6481  VOLUME     =    116374.1935
                                                    Density    =         1.0388
 Ewald error estimate:   0.1344E-04
 ------------------------------------------------------------------------------


 NSTEP =     4250   TIME(PS) =    1428.500  TEMP(K) =   297.36  PRESS =  -170.8
 Etot   =    -33591.1351  EKtot   =      7041.1901  EPtot      =    -40632.3252
 BOND   =       151.3904  ANGLE   =       362.8973  DIHED      =       486.7348
 1-4 NB =       169.0938  1-4 EEL =      -363.2794  VDWAALS    =      4868.5741
 EELEC  =    -46307.7363  EHBOND  =         0.0000  RESTRAINT  =         0.0000
 EKCMT  =      3327.3865  VIRIAL  =      3756.3089  VOLUME     =    116278.3633
                                                    Density    =         1.0396
 Ewald error estimate:   0.1662E-03
 ------------------------------------------------------------------------------


 NSTEP =     4500   TIME(PS) =    1429.000  TEMP(K) =   294.62  PRESS =    -9.2
 Etot   =    -33539.0551  EKtot   =      6976.3625  EPtot      =    -40515.4176
 BOND   =       150.5329  ANGLE   =       334.4415  DIHED      =       493.1598
 1-4 NB =       171.9629  1-4 EEL =      -348.5686  VDWAALS    =      4813.8121
 EELEC  =    -46130.7582  EHBOND  =         0.0000  RESTRAINT  =         0.0000
 EKCMT  =      3295.0609  VIRIAL  =      3318.2032  VOLUME     =    116296.5017
                                                    Density    =         1.0395
 Ewald error estimate:   0.1062E-03
 ------------------------------------------------------------------------------


 NSTEP =     4750   TIME(PS) =    1429.500  TEMP(K) =   296.67  PRESS =   -30.7
 Etot   =    -33608.6194  EKtot   =      7025.0539  EPtot      =    -40633.6733
 BOND   =       154.5110  ANGLE   =       357.2366  DIHED      =       492.6359
 1-4 NB =       171.8637  1-4 EEL =      -363.5980  VDWAALS    =      4827.6798
 EELEC  =    -46274.0022  EHBOND  =         0.0000  RESTRAINT  =         0.0000
 EKCMT  =      3350.6715  VIRIAL  =      3427.9034  VOLUME     =    116468.0553
                                                    Density    =         1.0379
 Ewald error estimate:   0.3783E-04
 ------------------------------------------------------------------------------


 NSTEP =     5000   TIME(PS) =    1430.000  TEMP(K) =   295.34  PRESS =    77.5
 Etot   =    -33547.2408  EKtot   =      6993.5423  EPtot      =    -40540.7832
 BOND   =       146.3385  ANGLE   =       357.5036  DIHED      =       491.1279
 1-4 NB =       172.0903  1-4 EEL =      -324.3230  VDWAALS    =      4916.9889
 EELEC  =    -46300.5095  EHBOND  =         0.0000  RESTRAINT  =         0.0000
 EKCMT  =      3213.3355  VIRIAL  =      3018.4102  VOLUME     =    116454.7394
                                                    Density    =         1.0381
 Ewald error estimate:   0.2229E-04
 ------------------------------------------------------------------------------


 NSTEP =     5250   TIME(PS) =    1430.500  TEMP(K) =   293.73  PRESS =  -287.2
 Etot   =    -33592.7162  EKtot   =      6955.3837  EPtot      =    -40548.0999
 BOND   =       146.8401  ANGLE   =       337.1410  DIHED      =       496.6632
 1-4 NB =       170.2618  1-4 EEL =      -342.0024  VDWAALS    =      4793.3376
 EELEC  =    -46150.3412  EHBOND  =         0.0000  RESTRAINT  =         0.0000
 EKCMT  =      3246.7528  VIRIAL  =      3968.7031  VOLUME     =    116423.2950
                                                    Density    =         1.0383
 Ewald error estimate:   0.2198E-03
 ------------------------------------------------------------------------------


 NSTEP =     5500   TIME(PS) =    1431.000  TEMP(K) =   296.79  PRESS =   472.6
 Etot   =    -33607.1631  EKtot   =      7027.8106  EPtot      =    -40634.9737
 BOND   =       149.9500  ANGLE   =       349.7558  DIHED      =       486.0598
 1-4 NB =       166.5080  1-4 EEL =      -332.2061  VDWAALS    =      5169.3071
 EELEC  =    -46624.3481  EHBOND  =         0.0000  RESTRAINT  =         0.0000
 EKCMT  =      3322.4019  VIRIAL  =      2135.0837  VOLUME     =    116364.0274
                                                    Density    =         1.0389
 Ewald error estimate:   0.2301E-03
 ------------------------------------------------------------------------------


 NSTEP =     5750   TIME(PS) =    1431.500  TEMP(K) =   300.15  PRESS =   -33.7
 Etot   =    -33460.9031  EKtot   =      7107.3860  EPtot      =    -40568.2890
 BOND   =       151.5181  ANGLE   =       359.9816  DIHED      =       490.5781
 1-4 NB =       174.5328  1-4 EEL =      -340.7784  VDWAALS    =      4960.8178
 EELEC  =    -46364.9389  EHBOND  =         0.0000  RESTRAINT  =         0.0000
 EKCMT  =      3306.9712  VIRIAL  =      3391.7607  VOLUME     =    116493.0491
                                                    Density    =         1.0377
 Ewald error estimate:   0.1734E-03
 ------------------------------------------------------------------------------


 NSTEP =     6000   TIME(PS) =    1432.000  TEMP(K) =   300.56  PRESS =   237.9
 Etot   =    -33372.8163  EKtot   =      7116.9812  EPtot      =    -40489.7975
 BOND   =       162.1650  ANGLE   =       344.8371  DIHED      =       498.1052
 1-4 NB =       162.0162  1-4 EEL =      -353.3937  VDWAALS    =      5008.4026
 EELEC  =    -46311.9297  EHBOND  =         0.0000  RESTRAINT  =         0.0000
 EKCMT  =      3308.2435  VIRIAL  =      2708.7460  VOLUME     =    116719.1471
                                                    Density    =         1.0357
 Ewald error estimate:   0.1147E-04
 ------------------------------------------------------------------------------


 NSTEP =     6250   TIME(PS) =    1432.500  TEMP(K) =   300.76  PRESS =    72.7
 Etot   =    -33322.9935  EKtot   =      7121.7947  EPtot      =    -40444.7882
 BOND   =       150.4321  ANGLE   =       351.6359  DIHED      =       499.5582
 1-4 NB =       170.8327  1-4 EEL =      -348.4814  VDWAALS    =      4865.3927
 EELEC  =    -46134.1583  EHBOND  =         0.0000  RESTRAINT  =         0.0000
 EKCMT  =      3366.8133  VIRIAL  =      3183.3641  VOLUME     =    116944.1831
                                                    Density    =         1.0337
 Ewald error estimate:   0.4794E-04
 ------------------------------------------------------------------------------


 NSTEP =     6500   TIME(PS) =    1433.000  TEMP(K) =   305.19  PRESS =   181.1
 Etot   =    -33304.3553  EKtot   =      7226.6957  EPtot      =    -40531.0511
 BOND   =       134.1664  ANGLE   =       365.4507  DIHED      =       500.9590
 1-4 NB =       178.2924  1-4 EEL =      -328.8285  VDWAALS    =      4913.4313
 EELEC  =    -46294.5223  EHBOND  =         0.0000  RESTRAINT  =         0.0000
 EKCMT  =      3356.0381  VIRIAL  =      2898.1826  VOLUME     =    117086.6762
                                                    Density    =         1.0325
 Ewald error estimate:   0.1548E-03
 ------------------------------------------------------------------------------


 NSTEP =     6750   TIME(PS) =    1433.500  TEMP(K) =   294.67  PRESS =  -201.8
 Etot   =    -33412.5160  EKtot   =      6977.5946  EPtot      =    -40390.1107
 BOND   =       170.0807  ANGLE   =       335.7620  DIHED      =       495.1688
 1-4 NB =       169.1198  1-4 EEL =      -333.5803  VDWAALS    =      4852.3752
 EELEC  =    -46079.0369  EHBOND  =         0.0000  RESTRAINT  =         0.0000
 EKCMT  =      3222.8488  VIRIAL  =      3733.1768  VOLUME     =    117140.2883
                                                    Density    =         1.0320
 Ewald error estimate:   0.1704E-04
 ------------------------------------------------------------------------------


 NSTEP =     7000   TIME(PS) =    1434.000  TEMP(K) =   296.52  PRESS =   138.9
 Etot   =    -33242.1052  EKtot   =      7021.4162  EPtot      =    -40263.5214
 BOND   =       164.8071  ANGLE   =       353.0393  DIHED      =       497.8458
 1-4 NB =       163.7486  1-4 EEL =      -328.9119  VDWAALS    =      4965.0055
 EELEC  =    -46079.0558  EHBOND  =         0.0000  RESTRAINT  =         0.0000
 EKCMT  =      3281.9727  VIRIAL  =      2930.6843  VOLUME     =    117136.5179
                                                    Density    =         1.0320
 Ewald error estimate:   0.1920E-03
 ------------------------------------------------------------------------------


 NSTEP =     7250   TIME(PS) =    1434.500  TEMP(K) =   303.93  PRESS =   305.9
 Etot   =    -33177.5502  EKtot   =      7196.9394  EPtot      =    -40374.4895
 BOND   =       158.7728  ANGLE   =       356.5731  DIHED      =       507.6305
 1-4 NB =       170.3856  1-4 EEL =      -358.6220  VDWAALS    =      5038.6567
 EELEC  =    -46247.8862  EHBOND  =         0.0000  RESTRAINT  =         0.0000
 EKCMT  =      3351.6484  VIRIAL  =      2578.9716  VOLUME     =    116987.1668
                                                    Density    =         1.0333
 Ewald error estimate:   0.5619E-07
 ------------------------------------------------------------------------------


 NSTEP =     7500   TIME(PS) =    1435.000  TEMP(K) =   301.03  PRESS =  -232.4
 Etot   =    -33139.4900  EKtot   =      7128.2443  EPtot      =    -40267.7343
 BOND   =       145.2831  ANGLE   =       399.3071  DIHED      =       485.0248
 1-4 NB =       173.4219  1-4 EEL =      -350.1298  VDWAALS    =      4714.4379
 EELEC  =    -45835.0793  EHBOND  =         0.0000  RESTRAINT  =         0.0000
 EKCMT  =      3322.2402  VIRIAL  =      3910.0572  VOLUME     =    117167.9755
                                                    Density    =         1.0317
 Ewald error estimate:   0.1784E-03
 ------------------------------------------------------------------------------


 NSTEP =     7750   TIME(PS) =    1435.500  TEMP(K) =   299.75  PRESS =   218.7
 Etot   =    -33200.1419  EKtot   =      7097.8116  EPtot      =    -40297.9535
 BOND   =       134.6953  ANGLE   =       362.7265  DIHED      =       510.2581
 1-4 NB =       173.4935  1-4 EEL =      -356.3764  VDWAALS    =      4893.8730
 EELEC  =    -46016.6234  EHBOND  =         0.0000  RESTRAINT  =         0.0000
 EKCMT  =      3286.9759  VIRIAL  =      2733.9892  VOLUME     =    117119.3765
                                                    Density    =         1.0322
 Ewald error estimate:   0.7363E-04
 ------------------------------------------------------------------------------


 NSTEP =     8000   TIME(PS) =    1436.000  TEMP(K) =   303.54  PRESS =  -186.0
 Etot   =    -33184.8620  EKtot   =      7187.7374  EPtot      =    -40372.5994
 BOND   =       149.4325  ANGLE   =       348.6162  DIHED      =       509.9409
 1-4 NB =       175.2208  1-4 EEL =      -350.3266  VDWAALS    =      4718.3447
 EELEC  =    -45923.8278  EHBOND  =         0.0000  RESTRAINT  =         0.0000
 EKCMT  =      3312.5779  VIRIAL  =      3782.7471  VOLUME     =    117077.3138
                                                    Density    =         1.0325
 Ewald error estimate:   0.7204E-04
 ------------------------------------------------------------------------------


 NSTEP =     8250   TIME(PS) =    1436.500  TEMP(K) =   301.60  PRESS =   -86.2
 Etot   =    -33279.2486  EKtot   =      7141.7318  EPtot      =    -40420.9804
 BOND   =       154.0918  ANGLE   =       351.6191  DIHED      =       525.4036
 1-4 NB =       167.2675  1-4 EEL =      -352.3835  VDWAALS    =      4807.7909
 EELEC  =    -46074.7699  EHBOND  =         0.0000  RESTRAINT  =         0.0000
 EKCMT  =      3352.0332  VIRIAL  =      3569.7083  VOLUME     =    116900.0652
                                                    Density    =         1.0341
 Ewald error estimate:   0.5041E-04
 ------------------------------------------------------------------------------


 NSTEP =     8500   TIME(PS) =    1437.000  TEMP(K) =   297.92  PRESS =   185.2
 Etot   =    -33299.7709  EKtot   =      7054.5411  EPtot      =    -40354.3120
 BOND   =       157.3406  ANGLE   =       362.5560  DIHED      =       497.4419
 1-4 NB =       163.7467  1-4 EEL =      -348.5667  VDWAALS    =      4881.7486
 EELEC  =    -46068.5790  EHBOND  =         0.0000  RESTRAINT  =         0.0000
 EKCMT  =      3257.7780  VIRIAL  =      2790.6108  VOLUME     =    116845.1695
                                                    Density    =         1.0346
 Ewald error estimate:   0.5626E-04
 ------------------------------------------------------------------------------


 NSTEP =     8750   TIME(PS) =    1437.500  TEMP(K) =   297.20  PRESS =    65.2
 Etot   =    -33285.3089  EKtot   =      7037.4673  EPtot      =    -40322.7761
 BOND   =       157.9856  ANGLE   =       352.8826  DIHED      =       497.1375
 1-4 NB =       164.8212  1-4 EEL =      -327.9084  VDWAALS    =      4956.2874
 EELEC  =    -46123.9820  EHBOND  =         0.0000  RESTRAINT  =         0.0000
 EKCMT  =      3360.7007  VIRIAL  =      3195.8724  VOLUME     =    117017.6402
                                                    Density    =         1.0331
 Ewald error estimate:   0.1861E-03
 ------------------------------------------------------------------------------


 NSTEP =     9000   TIME(PS) =    1438.000  TEMP(K) =   299.04  PRESS =    28.5
 Etot   =    -33324.7202  EKtot   =      7081.0235  EPtot      =    -40405.7436
 BOND   =       158.0660  ANGLE   =       335.0919  DIHED      =       505.2701
 1-4 NB =       161.1797  1-4 EEL =      -345.7747  VDWAALS    =      4891.7686
 EELEC  =    -46111.3454  EHBOND  =         0.0000  RESTRAINT  =         0.0000
 EKCMT  =      3345.3541  VIRIAL  =      3273.4470  VOLUME     =    116998.2327
                                                    Density    =         1.0332
 Ewald error estimate:   0.1134E-03
 ------------------------------------------------------------------------------


 NSTEP =     9250   TIME(PS) =    1438.500  TEMP(K) =   302.74  PRESS =    -0.9
 Etot   =    -33292.0419  EKtot   =      7168.7734  EPtot      =    -40460.8153
 BOND   =       154.0558  ANGLE   =       344.2643  DIHED      =       489.4808
 1-4 NB =       173.1448  1-4 EEL =      -323.9685  VDWAALS    =      4845.8653
 EELEC  =    -46143.6578  EHBOND  =         0.0000  RESTRAINT  =         0.0000
 EKCMT  =      3406.4382  VIRIAL  =      3408.6098  VOLUME     =    117082.9014
                                                    Density    =         1.0325
 Ewald error estimate:   0.8464E-04
 ------------------------------------------------------------------------------


 NSTEP =     9500   TIME(PS) =    1439.000  TEMP(K) =   301.16  PRESS =    49.6
 Etot   =    -33366.1324  EKtot   =      7131.3142  EPtot      =    -40497.4465
 BOND   =       136.0968  ANGLE   =       351.0866  DIHED      =       489.3049
 1-4 NB =       171.9413  1-4 EEL =      -327.2825  VDWAALS    =      4958.8175
 EELEC  =    -46277.4112  EHBOND  =         0.0000  RESTRAINT  =         0.0000
 EKCMT  =      3373.4949  VIRIAL  =      3247.9690  VOLUME     =    117319.4085
                                                    Density    =         1.0304
 Ewald error estimate:   0.2225E-04
 ------------------------------------------------------------------------------


 NSTEP =     9750   TIME(PS) =    1439.500  TEMP(K) =   301.07  PRESS =   -31.4
 Etot   =    -33183.5599  EKtot   =      7129.1601  EPtot      =    -40312.7199
 BOND   =       133.9654  ANGLE   =       347.7967  DIHED      =       503.3431
 1-4 NB =       174.5799  1-4 EEL =      -342.6811  VDWAALS    =      4810.3415
 EELEC  =    -45940.0654  EHBOND  =         0.0000  RESTRAINT  =         0.0000
 EKCMT  =      3308.6307  VIRIAL  =      3388.2615  VOLUME     =    117269.3503
                                                    Density    =         1.0308
 Ewald error estimate:   0.1685E-03
 ------------------------------------------------------------------------------


 NSTEP =    10000   TIME(PS) =    1440.000  TEMP(K) =   297.88  PRESS =   -25.5
 Etot   =    -33276.7549  EKtot   =      7053.5429  EPtot      =    -40330.2978
 BOND   =       164.9948  ANGLE   =       343.3662  DIHED      =       497.4290
 1-4 NB =       162.4812  1-4 EEL =      -347.1121  VDWAALS    =      4815.9755
 EELEC  =    -45967.4323  EHBOND  =         0.0000  RESTRAINT  =         0.0000
 EKCMT  =      3311.2926  VIRIAL  =      3375.9476  VOLUME     =    117311.9224
                                                    Density    =         1.0305
 Ewald error estimate:   0.9747E-04
 ------------------------------------------------------------------------------


 NSTEP =    10250   TIME(PS) =    1440.500  TEMP(K) =   298.27  PRESS =   238.2
 Etot   =    -33227.4818  EKtot   =      7062.8330  EPtot      =    -40290.3148
 BOND   =       139.5544  ANGLE   =       353.2180  DIHED      =       500.0889
 1-4 NB =       177.7082  1-4 EEL =      -354.0522  VDWAALS    =      4834.5467
 EELEC  =    -45941.3789  EHBOND  =         0.0000  RESTRAINT  =         0.0000
 EKCMT  =      3289.5595  VIRIAL  =      2686.2886  VOLUME     =    117316.7433
                                                    Density    =         1.0304
 Ewald error estimate:   0.6733E-04
 ------------------------------------------------------------------------------


 NSTEP =    10500   TIME(PS) =    1441.000  TEMP(K) =   296.21  PRESS =    99.5
 Etot   =    -33245.2531  EKtot   =      7014.0501  EPtot      =    -40259.3032
 BOND   =       131.8457  ANGLE   =       353.0969  DIHED      =       479.1287
 1-4 NB =       179.6589  1-4 EEL =      -346.3621  VDWAALS    =      4887.1324
 EELEC  =    -45943.8036  EHBOND  =         0.0000  RESTRAINT  =         0.0000
 EKCMT  =      3286.9249  VIRIAL  =      3034.8851  VOLUME     =    117340.2415
                                                    Density    =         1.0302
 Ewald error estimate:   0.2361E-04
 ------------------------------------------------------------------------------


 NSTEP =    10750   TIME(PS) =    1441.500  TEMP(K) =   301.11  PRESS =    59.6
 Etot   =    -33311.8722  EKtot   =      7130.1528  EPtot      =    -40442.0250
 BOND   =       156.4906  ANGLE   =       327.6833  DIHED      =       493.5051
 1-4 NB =       173.8367  1-4 EEL =      -339.1168  VDWAALS    =      4893.3719
 EELEC  =    -46147.7959  EHBOND  =         0.0000  RESTRAINT  =         0.0000
 EKCMT  =      3348.9459  VIRIAL  =      3198.0829  VOLUME     =    117288.2624
                                                    Density    =         1.0307
 Ewald error estimate:   0.2141E-03
 ------------------------------------------------------------------------------


 NSTEP =    11000   TIME(PS) =    1442.000  TEMP(K) =   300.05  PRESS =  -508.4
 Etot   =    -33286.1792  EKtot   =      7104.9744  EPtot      =    -40391.1536
 BOND   =       158.6717  ANGLE   =       324.3022  DIHED      =       493.5956
 1-4 NB =       166.1178  1-4 EEL =      -353.7233  VDWAALS    =      4660.8477
 EELEC  =    -45840.9654  EHBOND  =         0.0000  RESTRAINT  =         0.0000
 EKCMT  =      3336.3359  VIRIAL  =      4625.5018  VOLUME     =    117448.7685
                                                    Density    =         1.0293
 Ewald error estimate:   0.1168E-04
 ------------------------------------------------------------------------------


 NSTEP =    11250   TIME(PS) =    1442.500  TEMP(K) =   300.78  PRESS =  -121.7
 Etot   =    -33328.3315  EKtot   =      7122.3921  EPtot      =    -40450.7237
 BOND   =       144.1901  ANGLE   =       357.1941  DIHED      =       487.2732
 1-4 NB =       168.7473  1-4 EEL =      -358.0225  VDWAALS    =      4761.4770
 EELEC  =    -46011.5829  EHBOND  =         0.0000  RESTRAINT  =         0.0000
 EKCMT  =      3327.7662  VIRIAL  =      3635.8374  VOLUME     =    117242.0767
                                                    Density    =         1.0311
 Ewald error estimate:   0.4081E-04
 ------------------------------------------------------------------------------


 NSTEP =    11500   TIME(PS) =    1443.000  TEMP(K) =   297.17  PRESS =    31.2
 Etot   =    -33296.5637  EKtot   =      7036.7194  EPtot      =    -40333.2831
 BOND   =       143.5682  ANGLE   =       340.4912  DIHED      =       481.1291
 1-4 NB =       176.8353  1-4 EEL =      -338.4138  VDWAALS    =      4801.1241
 EELEC  =    -45938.0172  EHBOND  =         0.0000  RESTRAINT  =         0.0000
 EKCMT  =      3262.4612  VIRIAL  =      3183.6500  VOLUME     =    117177.1906
                                                    Density    =         1.0317
 Ewald error estimate:   0.3272E-04
 ------------------------------------------------------------------------------


 NSTEP =    11750   TIME(PS) =    1443.500  TEMP(K) =   300.62  PRESS =   296.6
 Etot   =    -33164.4256  EKtot   =      7118.6011  EPtot      =    -40283.0267
 BOND   =       138.8395  ANGLE   =       356.3064  DIHED      =       503.7110
 1-4 NB =       169.8894  1-4 EEL =      -325.2915  VDWAALS    =      4901.0783
 EELEC  =    -46027.5598  EHBOND  =         0.0000  RESTRAINT  =         0.0000
 EKCMT  =      3340.8797  VIRIAL  =      2589.9327  VOLUME     =    117244.3615
                                                    Density    =         1.0311
 Ewald error estimate:   0.1578E-04
 ------------------------------------------------------------------------------


 NSTEP =    12000   TIME(PS) =    1444.000  TEMP(K) =   297.39  PRESS =   144.5
 Etot   =    -33303.9128  EKtot   =      7041.9710  EPtot      =    -40345.8838
 BOND   =       148.2545  ANGLE   =       358.3412  DIHED      =       488.1029
 1-4 NB =       171.5246  1-4 EEL =      -344.6299  VDWAALS    =      4876.2963
 EELEC  =    -46043.7734  EHBOND  =         0.0000  RESTRAINT  =         0.0000
 EKCMT  =      3353.9215  VIRIAL  =      2988.1425  VOLUME     =    117278.0003
                                                    Density    =         1.0308
 Ewald error estimate:   0.1035E-03
 ------------------------------------------------------------------------------


 NSTEP =    12250   TIME(PS) =    1444.500  TEMP(K) =   298.57  PRESS =  -312.4
 Etot   =    -33285.7608  EKtot   =      7069.8977  EPtot      =    -40355.6584
 BOND   =       160.3330  ANGLE   =       367.2210  DIHED      =       499.0495
 1-4 NB =       165.7475  1-4 EEL =      -367.2812  VDWAALS    =      4799.5967
 EELEC  =    -45980.3250  EHBOND  =         0.0000  RESTRAINT  =         0.0000
 EKCMT  =      3222.8173  VIRIAL  =      4013.4199  VOLUME     =    117223.4812
                                                    Density    =         1.0313
 Ewald error estimate:   0.1314E-03
 ------------------------------------------------------------------------------


 NSTEP =    12500   TIME(PS) =    1445.000  TEMP(K) =   299.20  PRESS =  -143.6
 Etot   =    -33294.7580  EKtot   =      7084.8823  EPtot      =    -40379.6403
 BOND   =       162.9325  ANGLE   =       335.4004  DIHED      =       501.4337
 1-4 NB =       174.5485  1-4 EEL =      -343.6221  VDWAALS    =      4856.6368
 EELEC  =    -46066.9702  EHBOND  =         0.0000  RESTRAINT  =         0.0000
 EKCMT  =      3295.6630  VIRIAL  =      3658.9019  VOLUME     =    117124.2843
                                                    Density    =         1.0321
 Ewald error estimate:   0.1080E-03
 ------------------------------------------------------------------------------


 NSTEP =    12750   TIME(PS) =    1445.500  TEMP(K) =   295.87  PRESS =   -81.6
 Etot   =    -33353.8692  EKtot   =      7006.0142  EPtot      =    -40359.8834
 BOND   =       146.5311  ANGLE   =       354.4494  DIHED      =       505.0528
 1-4 NB =       169.7864  1-4 EEL =      -325.9271  VDWAALS    =      4817.3582
 EELEC  =    -46027.1342  EHBOND  =         0.0000  RESTRAINT  =         0.0000
 EKCMT  =      3300.3730  VIRIAL  =      3506.6966  VOLUME     =    117146.9884
                                                    Density    =         1.0319
 Ewald error estimate:   0.1319E-03
 ------------------------------------------------------------------------------


 NSTEP =    13000   TIME(PS) =    1446.000  TEMP(K) =   301.44  PRESS =   115.9
 Etot   =    -33295.7993  EKtot   =      7138.0279  EPtot      =    -40433.8273
 BOND   =       161.4751  ANGLE   =       336.9923  DIHED      =       489.6423
 1-4 NB =       167.9585  1-4 EEL =      -343.1923  VDWAALS    =      4845.3857
 EELEC  =    -46092.0888  EHBOND  =         0.0000  RESTRAINT  =         0.0000
 EKCMT  =      3348.9019  VIRIAL  =      3055.8778  VOLUME     =    117075.8431
                                                    Density    =         1.0326
 Ewald error estimate:   0.3987E-04
 ------------------------------------------------------------------------------


 NSTEP =    13250   TIME(PS) =    1446.500  TEMP(K) =   300.05  PRESS =   402.4
 Etot   =    -33388.0269  EKtot   =      7105.0038  EPtot      =    -40493.0307
 BOND   =       135.6024  ANGLE   =       345.1017  DIHED      =       517.1637
 1-4 NB =       168.9759  1-4 EEL =      -332.3104  VDWAALS    =      5032.7208
 EELEC  =    -46360.2849  EHBOND  =         0.0000  RESTRAINT  =         0.0000
 EKCMT  =      3320.1347  VIRIAL  =      2303.4454  VOLUME     =    117031.5788
                                                    Density    =         1.0329
 Ewald error estimate:   0.2301E-03
 ------------------------------------------------------------------------------


 NSTEP =    13500   TIME(PS) =    1447.000  TEMP(K) =   299.37  PRESS =   168.4
 Etot   =    -33342.9827  EKtot   =      7088.8717  EPtot      =    -40431.8544
 BOND   =       153.6781  ANGLE   =       359.3660  DIHED      =       498.0213
 1-4 NB =       174.4820  1-4 EEL =      -344.0643  VDWAALS    =      4968.0077
 EELEC  =    -46241.3452  EHBOND  =         0.0000  RESTRAINT  =         0.0000
 EKCMT  =      3340.9580  VIRIAL  =      2915.1275  VOLUME     =    117088.1200
                                                    Density    =         1.0324
 Ewald error estimate:   0.2782E-03
 ------------------------------------------------------------------------------


 NSTEP =    13750   TIME(PS) =    1447.500  TEMP(K) =   298.32  PRESS =   108.2
 Etot   =    -33295.4332  EKtot   =      7063.9473  EPtot      =    -40359.3805
 BOND   =       148.7554  ANGLE   =       348.4642  DIHED      =       507.0906
 1-4 NB =       171.4042  1-4 EEL =      -352.2571  VDWAALS    =      4882.0942
 EELEC  =    -46064.9320  EHBOND  =         0.0000  RESTRAINT  =         0.0000
 EKCMT  =      3292.8149  VIRIAL  =      3018.9149  VOLUME     =    117240.0055
                                                    Density    =         1.0311
 Ewald error estimate:   0.1350E-03
 ------------------------------------------------------------------------------


 NSTEP =    14000   TIME(PS) =    1448.000  TEMP(K) =   300.09  PRESS =   150.9
 Etot   =    -33242.8287  EKtot   =      7105.8778  EPtot      =    -40348.7065
 BOND   =       143.0352  ANGLE   =       365.6284  DIHED      =       498.5337
 1-4 NB =       166.9260  1-4 EEL =      -365.0423  VDWAALS    =      4860.1803
 EELEC  =    -46017.9678  EHBOND  =         0.0000  RESTRAINT  =         0.0000
 EKCMT  =      3364.3502  VIRIAL  =      2982.5050  VOLUME     =    117178.5104
                                                    Density    =         1.0316
 Ewald error estimate:   0.2465E-04
 ------------------------------------------------------------------------------


 NSTEP =    14250   TIME(PS) =    1448.500  TEMP(K) =   304.90  PRESS =   -24.9
 Etot   =    -33196.9508  EKtot   =      7219.8481  EPtot      =    -40416.7990
 BOND   =       156.7232  ANGLE   =       346.4113  DIHED      =       496.7223
 1-4 NB =       167.9485  1-4 EEL =      -347.5188  VDWAALS    =      4830.3206
 EELEC  =    -46067.4060  EHBOND  =         0.0000  RESTRAINT  =         0.0000
 EKCMT  =      3386.2825  VIRIAL  =      3449.2824  VOLUME     =    117158.3529
                                                    Density    =         1.0318
 Ewald error estimate:   0.4327E-03
 ------------------------------------------------------------------------------


 NSTEP =    14500   TIME(PS) =    1449.000  TEMP(K) =   302.73  PRESS =   193.6
 Etot   =    -33227.3620  EKtot   =      7168.5160  EPtot      =    -40395.8780
 BOND   =       146.9512  ANGLE   =       375.6669  DIHED      =       481.4484
 1-4 NB =       166.6111  1-4 EEL =      -340.8775  VDWAALS    =      4941.9959
 EELEC  =    -46167.6739  EHBOND  =         0.0000  RESTRAINT  =         0.0000
 EKCMT  =      3471.0505  VIRIAL  =      2981.1587  VOLUME     =    117225.2640
                                                    Density    =         1.0312
 Ewald error estimate:   0.2993E-04
 ------------------------------------------------------------------------------


 NSTEP =    14750   TIME(PS) =    1449.500  TEMP(K) =   302.07  PRESS =  -228.6
 Etot   =    -33114.8566  EKtot   =      7152.7395  EPtot      =    -40267.5961
 BOND   =       158.6935  ANGLE   =       340.6188  DIHED      =       501.2209
 1-4 NB =       169.3566  1-4 EEL =      -359.3118  VDWAALS    =      4694.4076
 EELEC  =    -45772.5817  EHBOND  =         0.0000  RESTRAINT  =         0.0000
 EKCMT  =      3307.4408  VIRIAL  =      3886.1121  VOLUME     =    117233.4399
                                                    Density    =         1.0312
 Ewald error estimate:   0.1078E-03
 ------------------------------------------------------------------------------


 NSTEP =    15000   TIME(PS) =    1450.000  TEMP(K) =   302.31  PRESS =    30.3
 Etot   =    -33129.4620  EKtot   =      7158.4559  EPtot      =    -40287.9179
 BOND   =       151.2303  ANGLE   =       362.4572  DIHED      =       501.6300
 1-4 NB =       162.9589  1-4 EEL =      -338.6111  VDWAALS    =      4805.9038
 EELEC  =    -45933.4870  EHBOND  =         0.0000  RESTRAINT  =         0.0000
 EKCMT  =      3337.0288  VIRIAL  =      3260.3781  VOLUME     =    117202.6650
                                                    Density    =         1.0314
 Ewald error estimate:   0.2594E-03
 ------------------------------------------------------------------------------


 NSTEP =    15250   TIME(PS) =    1450.500  TEMP(K) =   306.61  PRESS =  -272.7
 Etot   =    -33158.3528  EKtot   =      7260.3853  EPtot      =    -40418.7381
 BOND   =       165.9360  ANGLE   =       341.7103  DIHED      =       497.5791
 1-4 NB =       169.7689  1-4 EEL =      -327.6425  VDWAALS    =      4813.7321
 EELEC  =    -46079.8221  EHBOND  =         0.0000  RESTRAINT  =         0.0000
 EKCMT  =      3399.4138  VIRIAL  =      4088.8861  VOLUME     =    117098.1080
                                                    Density    =         1.0324
 Ewald error estimate:   0.1345E-03
 ------------------------------------------------------------------------------


 NSTEP =    15500   TIME(PS) =    1451.000  TEMP(K) =   302.02  PRESS =    94.2
 Etot   =    -33146.2667  EKtot   =      7151.7144  EPtot      =    -40297.9811
 BOND   =       152.3636  ANGLE   =       339.8103  DIHED      =       494.2487
 1-4 NB =       174.4423  1-4 EEL =      -353.1187  VDWAALS    =      4861.1332
 EELEC  =    -45966.8605  EHBOND  =         0.0000  RESTRAINT  =         0.0000
 EKCMT  =      3299.4076  VIRIAL  =      3061.0111  VOLUME     =    117154.5036
                                                    Density    =         1.0319
 Ewald error estimate:   0.1347E-03
 ------------------------------------------------------------------------------


 NSTEP =    15750   TIME(PS) =    1451.500  TEMP(K) =   303.89  PRESS =   152.8
 Etot   =    -33041.6856  EKtot   =      7195.8315  EPtot      =    -40237.5171
 BOND   =       159.7598  ANGLE   =       360.0348  DIHED      =       498.4430
 1-4 NB =       167.9857  1-4 EEL =      -339.3277  VDWAALS    =      4868.7558
 EELEC  =    -45953.1684  EHBOND  =         0.0000  RESTRAINT  =         0.0000
 EKCMT  =      3380.8637  VIRIAL  =      2994.2088  VOLUME     =    117202.4210
                                                    Density    =         1.0314
 Ewald error estimate:   0.5589E-04
 ------------------------------------------------------------------------------


 NSTEP =    16000   TIME(PS) =    1452.000  TEMP(K) =   303.29  PRESS =   -64.8
 Etot   =    -33067.8415  EKtot   =      7181.6628  EPtot      =    -40249.5043
 BOND   =       159.1380  ANGLE   =       339.3575  DIHED      =       506.3626
 1-4 NB =       177.2147  1-4 EEL =      -355.2423  VDWAALS    =      4807.5008
 EELEC  =    -45883.8356  EHBOND  =         0.0000  RESTRAINT  =         0.0000
 EKCMT  =      3344.0918  VIRIAL  =      3508.0940  VOLUME     =    117266.8761
                                                    Density    =         1.0309
 Ewald error estimate:   0.1506E-04
 ------------------------------------------------------------------------------


 NSTEP =    16250   TIME(PS) =    1452.500  TEMP(K) =   301.11  PRESS =   -77.3
 Etot   =    -33228.3011  EKtot   =      7129.9807  EPtot      =    -40358.2818
 BOND   =       165.6820  ANGLE   =       362.8383  DIHED      =       480.4618
 1-4 NB =       162.7626  1-4 EEL =      -353.6589  VDWAALS    =      4775.2602
 EELEC  =    -45951.6278  EHBOND  =         0.0000  RESTRAINT  =         0.0000
 EKCMT  =      3355.9082  VIRIAL  =      3551.2594  VOLUME     =    117080.9058
                                                    Density    =         1.0325
 Ewald error estimate:   0.3864E-04
 ------------------------------------------------------------------------------


 NSTEP =    16500   TIME(PS) =    1453.000  TEMP(K) =   300.64  PRESS =    -5.0
 Etot   =    -33132.7915  EKtot   =      7119.0706  EPtot      =    -40251.8622
 BOND   =       154.9400  ANGLE   =       370.9058  DIHED      =       507.7710
 1-4 NB =       168.2063  1-4 EEL =      -333.9729  VDWAALS    =      4726.8283
 EELEC  =    -45846.5408  EHBOND  =         0.0000  RESTRAINT  =         0.0000
 EKCMT  =      3418.3063  VIRIAL  =      3430.9286  VOLUME     =    117047.7855
                                                    Density    =         1.0328
 Ewald error estimate:   0.2913E-04
 ------------------------------------------------------------------------------


 NSTEP =    16750   TIME(PS) =    1453.500  TEMP(K) =   303.54  PRESS =  -316.5
 Etot   =    -33216.9520  EKtot   =      7187.5458  EPtot      =    -40404.4977
 BOND   =       153.2568  ANGLE   =       332.5474  DIHED      =       509.3524
 1-4 NB =       172.4143  1-4 EEL =      -360.4799  VDWAALS    =      4690.7619
 EELEC  =    -45902.3507  EHBOND  =         0.0000  RESTRAINT  =         0.0000
 EKCMT  =      3378.4980  VIRIAL  =      4177.9551  VOLUME     =    116970.2439
                                                    Density    =         1.0335
 Ewald error estimate:   0.2442E-03
 ------------------------------------------------------------------------------


 NSTEP =    17000   TIME(PS) =    1454.000  TEMP(K) =   305.47  PRESS =   141.3
 Etot   =    -33185.2255  EKtot   =      7233.4262  EPtot      =    -40418.6518
 BOND   =       159.4419  ANGLE   =       343.5249  DIHED      =       497.1049
 1-4 NB =       168.7162  1-4 EEL =      -355.7338  VDWAALS    =      4913.8685
 EELEC  =    -46145.5744  EHBOND  =         0.0000  RESTRAINT  =         0.0000
 EKCMT  =      3413.5151  VIRIAL  =      3056.6008  VOLUME     =    117020.8709
                                                    Density    =         1.0330
 Ewald error estimate:   0.1116E-04
 ------------------------------------------------------------------------------


 NSTEP =    17250   TIME(PS) =    1454.500  TEMP(K) =   300.02  PRESS =  -286.4
 Etot   =    -33230.2516  EKtot   =      7104.1843  EPtot      =    -40334.4358
 BOND   =       154.4911  ANGLE   =       327.7159  DIHED      =       497.2038
 1-4 NB =       169.2050  1-4 EEL =      -343.9535  VDWAALS    =      4688.5166
 EELEC  =    -45827.6147  EHBOND  =         0.0000  RESTRAINT  =         0.0000
 EKCMT  =      3338.6991  VIRIAL  =      4062.5972  VOLUME     =    117049.4947
                                                    Density    =         1.0328
 Ewald error estimate:   0.7529E-04
 ------------------------------------------------------------------------------


 NSTEP =    17500   TIME(PS) =    1455.000  TEMP(K) =   299.25  PRESS =   -30.4
 Etot   =    -33191.0074  EKtot   =      7086.0504  EPtot      =    -40277.0578
 BOND   =       163.1941  ANGLE   =       329.4101  DIHED      =       495.1084
 1-4 NB =       169.5708  1-4 EEL =      -334.3988  VDWAALS    =      4806.6403
 EELEC  =    -45906.5827  EHBOND  =         0.0000  RESTRAINT  =         0.0000
 EKCMT  =      3323.5044  VIRIAL  =      3400.2662  VOLUME     =    116918.5962
                                                    Density    =         1.0339
 Ewald error estimate:   0.5221E-04
 ------------------------------------------------------------------------------


 NSTEP =    17750   TIME(PS) =    1455.500  TEMP(K) =   299.22  PRESS =   -48.7
 Etot   =    -33318.3850  EKtot   =      7085.3575  EPtot      =    -40403.7426
 BOND   =       144.8089  ANGLE   =       328.8842  DIHED      =       515.6854
 1-4 NB =       174.7130  1-4 EEL =      -339.6174  VDWAALS    =      4848.4386
 EELEC  =    -46076.6552  EHBOND  =         0.0000  RESTRAINT  =         0.0000
 EKCMT  =      3312.6700  VIRIAL  =      3435.6166  VOLUME     =    116903.6928
                                                    Density    =         1.0341
 Ewald error estimate:   0.1617E-04
 ------------------------------------------------------------------------------


 NSTEP =    18000   TIME(PS) =    1456.000  TEMP(K) =   298.13  PRESS =  -170.8
 Etot   =    -33248.7022  EKtot   =      7059.4307  EPtot      =    -40308.1329
 BOND   =       156.1508  ANGLE   =       341.5671  DIHED      =       499.4675
 1-4 NB =       170.9315  1-4 EEL =      -347.8746  VDWAALS    =      4738.3916
 EELEC  =    -45866.7668  EHBOND  =         0.0000  RESTRAINT  =         0.0000
 EKCMT  =      3254.4744  VIRIAL  =      3685.4416  VOLUME     =    116845.2969
                                                    Density    =         1.0346
 Ewald error estimate:   0.4803E-04
 ------------------------------------------------------------------------------


 NSTEP =    18250   TIME(PS) =    1456.500  TEMP(K) =   295.83  PRESS =    26.4
 Etot   =    -33266.1527  EKtot   =      7005.0113  EPtot      =    -40271.1640
 BOND   =       164.3185  ANGLE   =       360.7730  DIHED      =       507.7533
 1-4 NB =       169.4568  1-4 EEL =      -356.2025  VDWAALS    =      4833.9028
 EELEC  =    -45951.1660  EHBOND  =         0.0000  RESTRAINT  =         0.0000
 EKCMT  =      3300.9418  VIRIAL  =      3234.4505  VOLUME     =    116742.0262
                                                    Density    =         1.0355
 Ewald error estimate:   0.1846E-03
 ------------------------------------------------------------------------------


 NSTEP =    18500   TIME(PS) =    1457.000  TEMP(K) =   297.48  PRESS =  -118.7
 Etot   =    -33274.2602  EKtot   =      7044.0739  EPtot      =    -40318.3341
 BOND   =       173.1584  ANGLE   =       353.5794  DIHED      =       502.3648
 1-4 NB =       172.8759  1-4 EEL =      -350.5180  VDWAALS    =      4723.5709
 EELEC  =    -45893.3657  EHBOND  =         0.0000  RESTRAINT  =         0.0000
 EKCMT  =      3326.3977  VIRIAL  =      3625.7156  VOLUME     =    116790.8557
                                                    Density    =         1.0351
 Ewald error estimate:   0.6129E-04
 ------------------------------------------------------------------------------


 NSTEP =    18750   TIME(PS) =    1457.500  TEMP(K) =   301.10  PRESS =    15.6
 Etot   =    -33227.2337  EKtot   =      7129.9595  EPtot      =    -40357.1932
 BOND   =       147.5358  ANGLE   =       380.4835  DIHED      =       511.5080
 1-4 NB =       166.4071  1-4 EEL =      -358.3493  VDWAALS    =      4828.5367
 EELEC  =    -46033.3150  EHBOND  =         0.0000  RESTRAINT  =         0.0000
 EKCMT  =      3326.6079  VIRIAL  =      3287.1488  VOLUME     =    116789.1086
                                                    Density    =         1.0351
 Ewald error estimate:   0.1075E-03
 ------------------------------------------------------------------------------


 NSTEP =    19000   TIME(PS) =    1458.000  TEMP(K) =   307.05  PRESS =   173.9
 Etot   =    -33129.5442  EKtot   =      7270.8235  EPtot      =    -40400.3677
 BOND   =       149.0595  ANGLE   =       332.5427  DIHED      =       495.3521
 1-4 NB =       162.3357  1-4 EEL =      -332.7520  VDWAALS    =      4897.8598
 EELEC  =    -46104.7655  EHBOND  =         0.0000  RESTRAINT  =         0.0000
 EKCMT  =      3412.1845  VIRIAL  =      2973.7443  VOLUME     =    116797.7283
                                                    Density    =         1.0350
 Ewald error estimate:   0.4924E-04
 ------------------------------------------------------------------------------


 NSTEP =    19250   TIME(PS) =    1458.500  TEMP(K) =   301.54  PRESS =   172.5
 Etot   =    -33118.2851  EKtot   =      7140.2037  EPtot      =    -40258.4888
 BOND   =       157.7238  ANGLE   =       342.2593  DIHED      =       504.9839
 1-4 NB =       173.4182  1-4 EEL =      -337.2370  VDWAALS    =      4885.3390
 EELEC  =    -45984.9760  EHBOND  =         0.0000  RESTRAINT  =         0.0000
 EKCMT  =      3427.1026  VIRIAL  =      2991.4180  VOLUME     =    116999.3284
                                                    Density    =         1.0332
 Ewald error estimate:   0.1474E-03
 ------------------------------------------------------------------------------


 NSTEP =    19500   TIME(PS) =    1459.000  TEMP(K) =   301.29  PRESS =  -102.4
 Etot   =    -33170.8959  EKtot   =      7134.3787  EPtot      =    -40305.2747
 BOND   =       146.9892  ANGLE   =       371.4222  DIHED      =       489.5202
 1-4 NB =       175.7915  1-4 EEL =      -336.2103  VDWAALS    =      4786.3128
 EELEC  =    -45939.1003  EHBOND  =         0.0000  RESTRAINT  =         0.0000
 EKCMT  =      3381.6193  VIRIAL  =      3640.2044  VOLUME     =    116976.0429
                                                    Density    =         1.0334
 Ewald error estimate:   0.9750E-04
 ------------------------------------------------------------------------------


 NSTEP =    19750   TIME(PS) =    1459.500  TEMP(K) =   300.05  PRESS =   207.2
 Etot   =    -33143.7214  EKtot   =      7104.9919  EPtot      =    -40248.7133
 BOND   =       159.0149  ANGLE   =       330.2739  DIHED      =       518.4550
 1-4 NB =       162.1603  1-4 EEL =      -326.9696  VDWAALS    =      4839.5032
 EELEC  =    -45931.1509  EHBOND  =         0.0000  RESTRAINT  =         0.0000
 EKCMT  =      3254.9152  VIRIAL  =      2731.9712  VOLUME     =    116897.4412
                                                    Density    =         1.0341
 Ewald error estimate:   0.1778E-03
 ------------------------------------------------------------------------------


 NSTEP =    20000   TIME(PS) =    1460.000  TEMP(K) =   300.75  PRESS =   197.1
 Etot   =    -33198.5211  EKtot   =      7121.6597  EPtot      =    -40320.1807
 BOND   =       157.5365  ANGLE   =       355.1347  DIHED      =       516.9275
 1-4 NB =       171.3742  1-4 EEL =      -354.3051  VDWAALS    =      4848.2974
 EELEC  =    -46015.1459  EHBOND  =         0.0000  RESTRAINT  =         0.0000
 EKCMT  =      3384.3793  VIRIAL  =      2886.6333  VOLUME     =    116937.6858
                                                    Density    =         1.0338
 Ewald error estimate:   0.5746E-04
 ------------------------------------------------------------------------------


 NSTEP =    20250   TIME(PS) =    1460.500  TEMP(K) =   303.45  PRESS =  -183.1
 Etot   =    -33205.2984  EKtot   =      7185.4618  EPtot      =    -40390.7603
 BOND   =       153.2869  ANGLE   =       326.1994  DIHED      =       504.6417
 1-4 NB =       172.6627  1-4 EEL =      -331.6995  VDWAALS    =      4765.5241
 EELEC  =    -45981.3756  EHBOND  =         0.0000  RESTRAINT  =         0.0000
 EKCMT  =      3370.9858  VIRIAL  =      3833.3845  VOLUME     =    116988.6147
                                                    Density    =         1.0333
 Ewald error estimate:   0.2986E-03
 ------------------------------------------------------------------------------


 NSTEP =    20500   TIME(PS) =    1461.000  TEMP(K) =   303.25  PRESS =   -35.4
 Etot   =    -33121.9056  EKtot   =      7180.8644  EPtot      =    -40302.7699
 BOND   =       141.6728  ANGLE   =       343.8527  DIHED      =       504.7813
 1-4 NB =       165.0177  1-4 EEL =      -346.2173  VDWAALS    =      4761.0678
 EELEC  =    -45872.9450  EHBOND  =         0.0000  RESTRAINT  =         0.0000
 EKCMT  =      3346.1837  VIRIAL  =      3435.5069  VOLUME     =    116919.8815
                                                    Density    =         1.0339
 Ewald error estimate:   0.4891E-04
 ------------------------------------------------------------------------------


 NSTEP =    20750   TIME(PS) =    1461.500  TEMP(K) =   301.90  PRESS =   172.1
 Etot   =    -33089.4715  EKtot   =      7148.7167  EPtot      =    -40238.1882
 BOND   =       151.5664  ANGLE   =       336.9383  DIHED      =       501.9883
 1-4 NB =       174.0079  1-4 EEL =      -354.4783  VDWAALS    =      4870.0176
 EELEC  =    -45918.2284  EHBOND  =         0.0000  RESTRAINT  =         0.0000
 EKCMT  =      3312.7987  VIRIAL  =      2877.8119  VOLUME     =    117036.5471
                                                    Density    =         1.0329
 Ewald error estimate:   0.9450E-04
 ------------------------------------------------------------------------------


 NSTEP =    21000   TIME(PS) =    1462.000  TEMP(K) =   300.57  PRESS =    -1.0
 Etot   =    -33194.1836  EKtot   =      7117.2298  EPtot      =    -40311.4134
 BOND   =       151.3277  ANGLE   =       377.8570  DIHED      =       510.9996
 1-4 NB =       170.0532  1-4 EEL =      -337.1187  VDWAALS    =      4739.2980
 EELEC  =    -45923.8302  EHBOND  =         0.0000  RESTRAINT  =         0.0000
 EKCMT  =      3361.1468  VIRIAL  =      3363.7121  VOLUME     =    116884.9638
                                                    Density    =         1.0342
 Ewald error estimate:   0.1341E-03
 ------------------------------------------------------------------------------


 NSTEP =    21250   TIME(PS) =    1462.500  TEMP(K) =   298.86  PRESS =    -1.3
 Etot   =    -33308.6414  EKtot   =      7076.7716  EPtot      =    -40385.4130
 BOND   =       144.4071  ANGLE   =       337.1905  DIHED      =       507.4644
 1-4 NB =       163.3720  1-4 EEL =      -361.2113  VDWAALS    =      4917.2268
 EELEC  =    -46093.8625  EHBOND  =         0.0000  RESTRAINT  =         0.0000
 EKCMT  =      3239.4135  VIRIAL  =      3242.5947  VOLUME     =    116742.5813
                                                    Density    =         1.0355
 Ewald error estimate:   0.1178E-03
 ------------------------------------------------------------------------------


 NSTEP =    21500   TIME(PS) =    1463.000  TEMP(K) =   299.55  PRESS =    31.9
 Etot   =    -33422.4106  EKtot   =      7093.1837  EPtot      =    -40515.5943
 BOND   =       151.8713  ANGLE   =       319.0705  DIHED      =       497.7279
 1-4 NB =       168.0307  1-4 EEL =      -343.5626  VDWAALS    =      4953.0861
 EELEC  =    -46261.8181  EHBOND  =         0.0000  RESTRAINT  =         0.0000
 EKCMT  =      3338.2782  VIRIAL  =      3257.8676  VOLUME     =    116864.3669
                                                    Density    =         1.0344
 Ewald error estimate:   0.1654E-03
 ------------------------------------------------------------------------------


 NSTEP =    21750   TIME(PS) =    1463.500  TEMP(K) =   301.34  PRESS =   -69.7
 Etot   =    -33269.4166  EKtot   =      7135.5881  EPtot      =    -40405.0047
 BOND   =       146.8904  ANGLE   =       330.1989  DIHED      =       504.2083
 1-4 NB =       169.1335  1-4 EEL =      -324.3641  VDWAALS    =      4824.1688
 EELEC  =    -46055.2405  EHBOND  =         0.0000  RESTRAINT  =         0.0000
 EKCMT  =      3359.2555  VIRIAL  =      3535.2290  VOLUME     =    116908.6020
                                                    Density    =         1.0340
 Ewald error estimate:   0.6005E-04
 ------------------------------------------------------------------------------


 NSTEP =    22000   TIME(PS) =    1464.000  TEMP(K) =   295.98  PRESS =   309.0
 Etot   =    -33288.9842  EKtot   =      7008.6921  EPtot      =    -40297.6762
 BOND   =       139.3021  ANGLE   =       339.7560  DIHED      =       498.2398
 1-4 NB =       166.9255  1-4 EEL =      -348.5968  VDWAALS    =      4944.2047
 EELEC  =    -46037.5076  EHBOND  =         0.0000  RESTRAINT  =         0.0000
 EKCMT  =      3190.2699  VIRIAL  =      2409.8344  VOLUME     =    116983.2752
                                                    Density    =         1.0334
 Ewald error estimate:   0.3095E-04
 ------------------------------------------------------------------------------


 NSTEP =    22250   TIME(PS) =    1464.500  TEMP(K) =   303.80  PRESS =  -298.2
 Etot   =    -33237.9090  EKtot   =      7193.8243  EPtot      =    -40431.7333
 BOND   =       137.7682  ANGLE   =       376.8048  DIHED      =       509.0379
 1-4 NB =       171.6488  1-4 EEL =      -342.1482  VDWAALS    =      4775.1529
 EELEC  =    -46059.9977  EHBOND  =         0.0000  RESTRAINT  =         0.0000
 EKCMT  =      3350.0747  VIRIAL  =      4104.8708  VOLUME     =    117231.4907
                                                    Density    =         1.0312
 Ewald error estimate:   0.5044E-04
 ------------------------------------------------------------------------------


 NSTEP =    22500   TIME(PS) =    1465.000  TEMP(K) =   305.17  PRESS =   -76.3
 Etot   =    -33137.5949  EKtot   =      7226.1768  EPtot      =    -40363.7717
 BOND   =       145.0814  ANGLE   =       358.2033  DIHED      =       497.8376
 1-4 NB =       175.6181  1-4 EEL =      -346.3714  VDWAALS    =      4722.4667
 EELEC  =    -45916.6074  EHBOND  =         0.0000  RESTRAINT  =         0.0000
 EKCMT  =      3397.8546  VIRIAL  =      3590.8728  VOLUME     =    117126.3606
                                                    Density    =         1.0321
 Ewald error estimate:   0.2461E-03
 ------------------------------------------------------------------------------


 NSTEP =    22750   TIME(PS) =    1465.500  TEMP(K) =   301.84  PRESS =   -37.8
 Etot   =    -33209.4378  EKtot   =      7147.3086  EPtot      =    -40356.7464
 BOND   =       155.1881  ANGLE   =       354.7029  DIHED      =       501.1569
 1-4 NB =       163.5619  1-4 EEL =      -329.8576  VDWAALS    =      4756.3009
 EELEC  =    -45957.7996  EHBOND  =         0.0000  RESTRAINT  =         0.0000
 EKCMT  =      3362.9720  VIRIAL  =      3458.5273  VOLUME     =    117147.0449
                                                    Density    =         1.0319
 Ewald error estimate:   0.2364E-04
 ------------------------------------------------------------------------------


 NSTEP =    23000   TIME(PS) =    1466.000  TEMP(K) =   302.03  PRESS =  -130.0
 Etot   =    -33276.6039  EKtot   =      7151.9414  EPtot      =    -40428.5452
 BOND   =       182.0504  ANGLE   =       355.5254  DIHED      =       501.3459
 1-4 NB =       164.0559  1-4 EEL =      -368.6268  VDWAALS    =      4798.9706
 EELEC  =    -46061.8667  EHBOND  =         0.0000  RESTRAINT  =         0.0000
 EKCMT  =      3319.9325  VIRIAL  =      3648.5866  VOLUME     =    117091.0597
                                                    Density    =         1.0324
 Ewald error estimate:   0.3373E-03
 ------------------------------------------------------------------------------


 NSTEP =    23250   TIME(PS) =    1466.500  TEMP(K) =   293.38  PRESS =  -143.0
 Etot   =    -33408.0348  EKtot   =      6947.0245  EPtot      =    -40355.0593
 BOND   =       153.4619  ANGLE   =       341.8097  DIHED      =       507.3267
 1-4 NB =       163.8815  1-4 EEL =      -343.0029  VDWAALS    =      4814.6715
 EELEC  =    -45993.2078  EHBOND  =         0.0000  RESTRAINT  =         0.0000
 EKCMT  =      3226.3153  VIRIAL  =      3587.7702  VOLUME     =    117027.8623
                                                    Density    =         1.0330
 Ewald error estimate:   0.2109E-03
 ------------------------------------------------------------------------------


 NSTEP =    23500   TIME(PS) =    1467.000  TEMP(K) =   302.78  PRESS =   255.9
 Etot   =    -33476.4499  EKtot   =      7169.6653  EPtot      =    -40646.1152
 BOND   =       145.3677  ANGLE   =       347.3067  DIHED      =       504.1897
 1-4 NB =       165.0763  1-4 EEL =      -348.4113  VDWAALS    =      5009.9674
 EELEC  =    -46469.6116  EHBOND  =         0.0000  RESTRAINT  =         0.0000
 EKCMT  =      3323.0184  VIRIAL  =      2677.7061  VOLUME     =    116799.9869
                                                    Density    =         1.0350
 Ewald error estimate:   0.1574E-04
 ------------------------------------------------------------------------------


 NSTEP =    23750   TIME(PS) =    1467.500  TEMP(K) =   297.48  PRESS =   166.6
 Etot   =    -33398.6780  EKtot   =      7044.1534  EPtot      =    -40442.8314
 BOND   =       145.6403  ANGLE   =       349.3177  DIHED      =       499.4839
 1-4 NB =       166.6588  1-4 EEL =      -336.6315  VDWAALS    =      4880.6129
 EELEC  =    -46147.9134  EHBOND  =         0.0000  RESTRAINT  =         0.0000
 EKCMT  =      3294.0542  VIRIAL  =      2874.1020  VOLUME     =    116725.6060
                                                    Density    =         1.0357
 Ewald error estimate:   0.5096E-04
 ------------------------------------------------------------------------------


 NSTEP =    24000   TIME(PS) =    1468.000  TEMP(K) =   294.73  PRESS =    98.4
 Etot   =    -33458.7731  EKtot   =      6979.1365  EPtot      =    -40437.9096
 BOND   =       125.4273  ANGLE   =       355.7837  DIHED      =       512.5197
 1-4 NB =       167.0781  1-4 EEL =      -346.0641  VDWAALS    =      4949.5908
 EELEC  =    -46202.2452  EHBOND  =         0.0000  RESTRAINT  =         0.0000
 EKCMT  =      3250.7313  VIRIAL  =      3002.5232  VOLUME     =    116771.5783
                                                    Density    =         1.0352
 Ewald error estimate:   0.4467E-04
 ------------------------------------------------------------------------------


 NSTEP =    24250   TIME(PS) =    1468.500  TEMP(K) =   295.79  PRESS =   140.5
 Etot   =    -33500.9751  EKtot   =      7004.1327  EPtot      =    -40505.1078
 BOND   =       151.4042  ANGLE   =       352.4263  DIHED      =       511.1938
 1-4 NB =       165.8328  1-4 EEL =      -358.0866  VDWAALS    =      4986.3584
 EELEC  =    -46314.2367  EHBOND  =         0.0000  RESTRAINT  =         0.0000
 EKCMT  =      3276.6005  VIRIAL  =      2922.4631  VOLUME     =    116748.0966
                                                    Density    =         1.0355
 Ewald error estimate:   0.6065E-04
 ------------------------------------------------------------------------------


 NSTEP =    24500   TIME(PS) =    1469.000  TEMP(K) =   301.02  PRESS =   143.4
 Etot   =    -33463.9739  EKtot   =      7128.0224  EPtot      =    -40591.9963
 BOND   =       161.8438  ANGLE   =       337.2178  DIHED      =       503.0074
 1-4 NB =       173.3639  1-4 EEL =      -357.4778  VDWAALS    =      5025.2489
 EELEC  =    -46435.2002  EHBOND  =         0.0000  RESTRAINT  =         0.0000
 EKCMT  =      3342.8585  VIRIAL  =      2981.1107  VOLUME     =    116812.6732
                                                    Density    =         1.0349
 Ewald error estimate:   0.2627E-03
 ------------------------------------------------------------------------------


 NSTEP =    24750   TIME(PS) =    1469.500  TEMP(K) =   300.11  PRESS =    94.4
 Etot   =    -33431.9702  EKtot   =      7106.3848  EPtot      =    -40538.3549
 BOND   =       140.2494  ANGLE   =       328.3226  DIHED      =       506.1174
 1-4 NB =       172.9006  1-4 EEL =      -339.2046  VDWAALS    =      4871.1324
 EELEC  =    -46217.8728  EHBOND  =         0.0000  RESTRAINT  =         0.0000
 EKCMT  =      3379.5457  VIRIAL  =      3141.5409  VOLUME     =    116752.1245
                                                    Density    =         1.0354
 Ewald error estimate:   0.4794E-04
 ------------------------------------------------------------------------------


 NSTEP =    25000   TIME(PS) =    1470.000  TEMP(K) =   298.86  PRESS =   -33.6
 Etot   =    -33448.5339  EKtot   =      7076.8149  EPtot      =    -40525.3488
 BOND   =       164.8609  ANGLE   =       356.8925  DIHED      =       503.2735
 1-4 NB =       164.5240  1-4 EEL =      -356.8543  VDWAALS    =      4802.3785
 EELEC  =    -46160.4239  EHBOND  =         0.0000  RESTRAINT  =         0.0000
 EKCMT  =      3345.4369  VIRIAL  =      3430.0652  VOLUME     =    116817.8443
                                                    Density    =         1.0348
 Ewald error estimate:   0.1190E-03
 ------------------------------------------------------------------------------


 NSTEP =    25250   TIME(PS) =    1470.500  TEMP(K) =   296.16  PRESS =   219.7
 Etot   =    -33369.0174  EKtot   =      7012.9619  EPtot      =    -40381.9793
 BOND   =       142.2524  ANGLE   =       345.7231  DIHED      =       504.6632
 1-4 NB =       173.4451  1-4 EEL =      -344.9700  VDWAALS    =      4923.5735
 EELEC  =    -46126.6666  EHBOND  =         0.0000  RESTRAINT  =         0.0000
 EKCMT  =      3283.1027  VIRIAL  =      2727.9025  VOLUME     =    117042.7552
                                                    Density    =         1.0328
 Ewald error estimate:   0.1706E-03
 ------------------------------------------------------------------------------


 NSTEP =    25500   TIME(PS) =    1471.000  TEMP(K) =   298.14  PRESS =   179.7
 Etot   =    -33339.2931  EKtot   =      7059.8513  EPtot      =    -40399.1444
 BOND   =       145.9274  ANGLE   =       361.0598  DIHED      =       481.8055
 1-4 NB =       172.8326  1-4 EEL =      -352.3139  VDWAALS    =      4855.5860
 EELEC  =    -46064.0419  EHBOND  =         0.0000  RESTRAINT  =         0.0000
 EKCMT  =      3327.8507  VIRIAL  =      2873.9422  VOLUME     =    117012.0991
                                                    Density    =         1.0331
 Ewald error estimate:   0.1652E-03
 ------------------------------------------------------------------------------


 NSTEP =    25750   TIME(PS) =    1471.500  TEMP(K) =   297.24  PRESS =   101.4
 Etot   =    -33351.2820  EKtot   =      7038.5476  EPtot      =    -40389.8297
 BOND   =       164.2781  ANGLE   =       346.6699  DIHED      =       493.3746
 1-4 NB =       161.9213  1-4 EEL =      -372.8151  VDWAALS    =      4848.5794
 EELEC  =    -46031.8380  EHBOND  =         0.0000  RESTRAINT  =         0.0000
 EKCMT  =      3288.4793  VIRIAL  =      3031.8674  VOLUME     =    117229.3693
                                                    Density    =         1.0312
 Ewald error estimate:   0.1347E-03
 ------------------------------------------------------------------------------


 NSTEP =    26000   TIME(PS) =    1472.000  TEMP(K) =   299.03  PRESS =  -495.8
 Etot   =    -33307.7289  EKtot   =      7080.7360  EPtot      =    -40388.4649
 BOND   =       160.9319  ANGLE   =       351.9312  DIHED      =       500.9608
 1-4 NB =       165.6406  1-4 EEL =      -336.1886  VDWAALS    =      4711.3025
 EELEC  =    -45943.0434  EHBOND  =         0.0000  RESTRAINT  =         0.0000
 EKCMT  =      3292.6112  VIRIAL  =      4546.7685  VOLUME     =    117164.9327
                                                    Density    =         1.0318
 Ewald error estimate:   0.9045E-04
 ------------------------------------------------------------------------------


 NSTEP =    26250   TIME(PS) =    1472.500  TEMP(K) =   298.16  PRESS =   208.7
 Etot   =    -33179.0251  EKtot   =      7060.2296  EPtot      =    -40239.2547
 BOND   =       167.3393  ANGLE   =       348.2548  DIHED      =       489.5073
 1-4 NB =       166.4707  1-4 EEL =      -347.9798  VDWAALS    =      4914.1070
 EELEC  =    -45976.9539  EHBOND  =         0.0000  RESTRAINT  =         0.0000
 EKCMT  =      3318.0026  VIRIAL  =      2789.9874  VOLUME     =    117188.4537
                                                    Density    =         1.0316
 Ewald error estimate:   0.2391E-03
 ------------------------------------------------------------------------------


 NSTEP =    26500   TIME(PS) =    1473.000  TEMP(K) =   300.13  PRESS =  -131.2
 Etot   =    -33248.0606  EKtot   =      7106.9271  EPtot      =    -40354.9877
 BOND   =       158.2339  ANGLE   =       351.0678  DIHED      =       502.5900
 1-4 NB =       165.4442  1-4 EEL =      -337.9973  VDWAALS    =      4921.9110
 EELEC  =    -46116.2373  EHBOND  =         0.0000  RESTRAINT  =         0.0000
 EKCMT  =      3296.1317  VIRIAL  =      3627.9332  VOLUME     =    117165.3722
                                                    Density    =         1.0318
 Ewald error estimate:   0.3815E-04
 ------------------------------------------------------------------------------


 NSTEP =    26750   TIME(PS) =    1473.500  TEMP(K) =   300.92  PRESS =    10.9
 Etot   =    -33284.4976  EKtot   =      7125.5492  EPtot      =    -40410.0468
 BOND   =       151.3268  ANGLE   =       350.0095  DIHED      =       482.8826
 1-4 NB =       166.3339  1-4 EEL =      -357.9998  VDWAALS    =      4890.6378
 EELEC  =    -46093.2378  EHBOND  =         0.0000  RESTRAINT  =         0.0000
 EKCMT  =      3252.7201  VIRIAL  =      3225.1971  VOLUME     =    117114.2686
                                                    Density    =         1.0322
 Ewald error estimate:   0.1201E-03
 ------------------------------------------------------------------------------


 NSTEP =    27000   TIME(PS) =    1474.000  TEMP(K) =   296.47  PRESS =   160.7
 Etot   =    -33369.3365  EKtot   =      7020.2816  EPtot      =    -40389.6182
 BOND   =       156.7696  ANGLE   =       376.1727  DIHED      =       504.3814
 1-4 NB =       174.8963  1-4 EEL =      -370.0662  VDWAALS    =      4968.2752
 EELEC  =    -46200.0471  EHBOND  =         0.0000  RESTRAINT  =         0.0000
 EKCMT  =      3277.4614  VIRIAL  =      2870.8936  VOLUME     =    117177.6925
                                                    Density    =         1.0317
 Ewald error estimate:   0.1632E-03
 ------------------------------------------------------------------------------


 NSTEP =    27250   TIME(PS) =    1474.500  TEMP(K) =   301.69  PRESS =    14.7
 Etot   =    -33312.9899  EKtot   =      7143.7514  EPtot      =    -40456.7413
 BOND   =       172.3190  ANGLE   =       330.9141  DIHED      =       497.6143
 1-4 NB =       169.8152  1-4 EEL =      -343.9375  VDWAALS    =      4914.8954
 EELEC  =    -46198.3617  EHBOND  =         0.0000  RESTRAINT  =         0.0000
 EKCMT  =      3310.5641  VIRIAL  =      3273.4675  VOLUME     =    117130.5913
                                                    Density    =         1.0321
 Ewald error estimate:   0.3047E-03
 ------------------------------------------------------------------------------


 NSTEP =    27500   TIME(PS) =    1475.000  TEMP(K) =   303.02  PRESS =  -365.6
 Etot   =    -33377.1249  EKtot   =      7175.3126  EPtot      =    -40552.4375
 BOND   =       135.6511  ANGLE   =       352.9320  DIHED      =       483.5995
 1-4 NB =       175.2124  1-4 EEL =      -337.6978  VDWAALS    =      4819.2789
 EELEC  =    -46181.4135  EHBOND  =         0.0000  RESTRAINT  =         0.0000
 EKCMT  =      3330.3557  VIRIAL  =      4253.3504  VOLUME     =    116924.0347
                                                    Density    =         1.0339
 Ewald error estimate:   0.6702E-04
 ------------------------------------------------------------------------------


 NSTEP =    27750   TIME(PS) =    1475.500  TEMP(K) =   298.51  PRESS =   180.6
 Etot   =    -33403.6398  EKtot   =      7068.5588  EPtot      =    -40472.1986
 BOND   =       148.4588  ANGLE   =       361.2773  DIHED      =       473.1665
 1-4 NB =       162.3355  1-4 EEL =      -362.6345  VDWAALS    =      4915.9176
 EELEC  =    -46170.7197  EHBOND  =         0.0000  RESTRAINT  =         0.0000
 EKCMT  =      3317.9579  VIRIAL  =      2862.1701  VOLUME     =    116897.0426
                                                    Density    =         1.0341
 Ewald error estimate:   0.7693E-04
 ------------------------------------------------------------------------------


 NSTEP =    28000   TIME(PS) =    1476.000  TEMP(K) =   297.10  PRESS =    98.5
 Etot   =    -33384.5125  EKtot   =      7035.1095  EPtot      =    -40419.6220
 BOND   =       154.3310  ANGLE   =       358.6538  DIHED      =       501.9056
 1-4 NB =       167.7134  1-4 EEL =      -350.5572  VDWAALS    =      4879.4544
 EELEC  =    -46131.1231  EHBOND  =         0.0000  RESTRAINT  =         0.0000
 EKCMT  =      3264.6862  VIRIAL  =      3016.1299  VOLUME     =    116858.8072
                                                    Density    =         1.0345
 Ewald error estimate:   0.6925E-05
 ------------------------------------------------------------------------------


 NSTEP =    28250   TIME(PS) =    1476.500  TEMP(K) =   295.37  PRESS =   -74.4
 Etot   =    -33378.2562  EKtot   =      6994.2223  EPtot      =    -40372.4784
 BOND   =       161.4558  ANGLE   =       344.0053  DIHED      =       495.0372
 1-4 NB =       163.7787  1-4 EEL =      -354.9101  VDWAALS    =      4787.6843
 EELEC  =    -45969.5296  EHBOND  =         0.0000  RESTRAINT  =         0.0000
 EKCMT  =      3273.1406  VIRIAL  =      3460.8116  VOLUME     =    116822.7665
                                                    Density    =         1.0348
 Ewald error estimate:   0.2105E-03
 ------------------------------------------------------------------------------


 NSTEP =    28500   TIME(PS) =    1477.000  TEMP(K) =   299.11  PRESS =   -73.2
 Etot   =    -33439.4595  EKtot   =      7082.6546  EPtot      =    -40522.1141
 BOND   =       139.2735  ANGLE   =       350.6216  DIHED      =       477.7801
 1-4 NB =       171.2141  1-4 EEL =      -323.9508  VDWAALS    =      4876.6793
 EELEC  =    -46213.7317  EHBOND  =         0.0000  RESTRAINT  =         0.0000
 EKCMT  =      3377.2276  VIRIAL  =      3561.9415  VOLUME     =    116862.0633
                                                    Density    =         1.0344
 Ewald error estimate:   0.1019E-03
 ------------------------------------------------------------------------------


 NSTEP =    28750   TIME(PS) =    1477.500  TEMP(K) =   301.59  PRESS =   345.4
 Etot   =    -33338.2895  EKtot   =      7141.5157  EPtot      =    -40479.8052
 BOND   =       153.3727  ANGLE   =       377.2115  DIHED      =       501.0831
 1-4 NB =       165.3700  1-4 EEL =      -360.4884  VDWAALS    =      4935.4305
 EELEC  =    -46251.7847  EHBOND  =         0.0000  RESTRAINT  =         0.0000
 EKCMT  =      3353.3379  VIRIAL  =      2481.8783  VOLUME     =    116853.9949
                                                    Density    =         1.0345
 Ewald error estimate:   0.6433E-04
 ------------------------------------------------------------------------------


 NSTEP =    29000   TIME(PS) =    1478.000  TEMP(K) =   300.45  PRESS =   476.1
 Etot   =    -33196.0960  EKtot   =      7114.5416  EPtot      =    -40310.6377
 BOND   =       159.5029  ANGLE   =       353.4345  DIHED      =       483.4109
 1-4 NB =       176.4172  1-4 EEL =      -338.9855  VDWAALS    =      5030.8155
 EELEC  =    -46175.2332  EHBOND  =         0.0000  RESTRAINT  =         0.0000
 EKCMT  =      3361.8722  VIRIAL  =      2159.3535  VOLUME     =    116990.0248
                                                    Density    =         1.0333
 Ewald error estimate:   0.1020E-03
 ------------------------------------------------------------------------------


 NSTEP =    29250   TIME(PS) =    1478.500  TEMP(K) =   301.01  PRESS =   441.9
 Etot   =    -33193.9000  EKtot   =      7127.7579  EPtot      =    -40321.6579
 BOND   =       176.2627  ANGLE   =       353.3436  DIHED      =       484.5967
 1-4 NB =       164.1864  1-4 EEL =      -334.1322  VDWAALS    =      4998.4164
 EELEC  =    -46164.3315  EHBOND  =         0.0000  RESTRAINT  =         0.0000
 EKCMT  =      3302.9892  VIRIAL  =      2184.4200  VOLUME     =    117241.7700
                                                    Density    =         1.0311
 Ewald error estimate:   0.2435E-04
 ------------------------------------------------------------------------------


 NSTEP =    29500   TIME(PS) =    1479.000  TEMP(K) =   303.23  PRESS =   -43.9
 Etot   =    -33251.4496  EKtot   =      7180.1806  EPtot      =    -40431.6302
 BOND   =       158.9308  ANGLE   =       339.6633  DIHED      =       494.3818
 1-4 NB =       175.0008  1-4 EEL =      -353.5257  VDWAALS    =      4880.8637
 EELEC  =    -46126.9449  EHBOND  =         0.0000  RESTRAINT  =         0.0000
 EKCMT  =      3375.3462  VIRIAL  =      3486.4833  VOLUME     =    117218.6940
                                                    Density    =         1.0313
 Ewald error estimate:   0.3267E-03
 ------------------------------------------------------------------------------


 NSTEP =    29750   TIME(PS) =    1479.500  TEMP(K) =   294.67  PRESS =    46.8
 Etot   =    -33386.5761  EKtot   =      6977.6847  EPtot      =    -40364.2608
 BOND   =       157.3525  ANGLE   =       357.8580  DIHED      =       492.2962
 1-4 NB =       173.6667  1-4 EEL =      -359.6288  VDWAALS    =      4869.7581
 EELEC  =    -46055.5636  EHBOND  =         0.0000  RESTRAINT  =         0.0000
 EKCMT  =      3307.6029  VIRIAL  =      3189.0701  VOLUME     =    117304.7047
                                                    Density    =         1.0305
 Ewald error estimate:   0.7883E-04
 ------------------------------------------------------------------------------


 NSTEP =    30000   TIME(PS) =    1480.000  TEMP(K) =   299.66  PRESS =    -3.3
 Etot   =    -33314.7998  EKtot   =      7095.7455  EPtot      =    -40410.5453
 BOND   =       152.0557  ANGLE   =       352.9712  DIHED      =       493.9430
 1-4 NB =       169.7215  1-4 EEL =      -352.7878  VDWAALS    =      5038.5319
 EELEC  =    -46264.9808  EHBOND  =         0.0000  RESTRAINT  =         0.0000
 EKCMT  =      3276.6399  VIRIAL  =      3285.0974  VOLUME     =    117382.8671
                                                    Density    =         1.0299
 Ewald error estimate:   0.1630E-04
 ------------------------------------------------------------------------------


 NSTEP =    30250   TIME(PS) =    1480.500  TEMP(K) =   303.12  PRESS =   -94.5
 Etot   =    -33159.8683  EKtot   =      7177.5808  EPtot      =    -40337.4491
 BOND   =       145.7481  ANGLE   =       354.1312  DIHED      =       491.1259
 1-4 NB =       169.1770  1-4 EEL =      -341.0207  VDWAALS    =      4759.0652
 EELEC  =    -45915.6759  EHBOND  =         0.0000  RESTRAINT  =         0.0000
 EKCMT  =      3359.9816  VIRIAL  =      3599.5724  VOLUME     =    117408.3759
                                                    Density    =         1.0296
 Ewald error estimate:   0.1301E-04
 ------------------------------------------------------------------------------


 NSTEP =    30500   TIME(PS) =    1481.000  TEMP(K) =   296.96  PRESS =   -12.9
 Etot   =    -33166.6345  EKtot   =      7031.7986  EPtot      =    -40198.4332
 BOND   =       152.5453  ANGLE   =       366.4230  DIHED      =       512.2713
 1-4 NB =       166.1866  1-4 EEL =      -373.6791  VDWAALS    =      4845.5095
 EELEC  =    -45867.6898  EHBOND  =         0.0000  RESTRAINT  =         0.0000
 EKCMT  =      3280.2380  VIRIAL  =      3312.8063  VOLUME     =    117117.0276
                                                    Density    =         1.0322
 Ewald error estimate:   0.1184E-03
 ------------------------------------------------------------------------------


 NSTEP =    30750   TIME(PS) =    1481.500  TEMP(K) =   300.26  PRESS =   107.8
 Etot   =    -33149.2879  EKtot   =      7109.8523  EPtot      =    -40259.1402
 BOND   =       145.1933  ANGLE   =       332.7471  DIHED      =       496.2805
 1-4 NB =       172.4398  1-4 EEL =      -335.3651  VDWAALS    =      4842.7275
 EELEC  =    -45913.1634  EHBOND  =         0.0000  RESTRAINT  =         0.0000
 EKCMT  =      3299.6036  VIRIAL  =      3027.2050  VOLUME     =    117056.4290
                                                    Density    =         1.0327
 Ewald error estimate:   0.3007E-03
 ------------------------------------------------------------------------------


 NSTEP =    31000   TIME(PS) =    1482.000  TEMP(K) =   298.48  PRESS =   -41.0
 Etot   =    -33245.2199  EKtot   =      7067.7447  EPtot      =    -40312.9646
 BOND   =       146.6184  ANGLE   =       327.7033  DIHED      =       517.1109
 1-4 NB =       170.5391  1-4 EEL =      -338.4451  VDWAALS    =      4846.0593
 EELEC  =    -45982.5506  EHBOND  =         0.0000  RESTRAINT  =         0.0000
 EKCMT  =      3333.5802  VIRIAL  =      3437.2366  VOLUME     =    117187.0765
                                                    Density    =         1.0316
 Ewald error estimate:   0.1426E-04
 ------------------------------------------------------------------------------


 NSTEP =    31250   TIME(PS) =    1482.500  TEMP(K) =   299.37  PRESS =   153.3
 Etot   =    -33269.2540  EKtot   =      7088.8701  EPtot      =    -40358.1241
 BOND   =       156.8364  ANGLE   =       329.6880  DIHED      =       492.6838
 1-4 NB =       159.8539  1-4 EEL =      -340.4136  VDWAALS    =      4842.5089
 EELEC  =    -45999.2816  EHBOND  =         0.0000  RESTRAINT  =         0.0000
 EKCMT  =      3331.9439  VIRIAL  =      2944.5545  VOLUME     =    117057.3455
                                                    Density    =         1.0327
 Ewald error estimate:   0.1027E-03
 ------------------------------------------------------------------------------


 NSTEP =    31500   TIME(PS) =    1483.000  TEMP(K) =   300.72  PRESS =  -156.4
 Etot   =    -33189.8507  EKtot   =      7120.7880  EPtot      =    -40310.6387
 BOND   =       150.3222  ANGLE   =       341.9608  DIHED      =       502.3656
 1-4 NB =       168.1519  1-4 EEL =      -362.6196  VDWAALS    =      4797.7365
 EELEC  =    -45908.5561  EHBOND  =         0.0000  RESTRAINT  =         0.0000
 EKCMT  =      3380.5392  VIRIAL  =      3776.3268  VOLUME     =    117216.7607
                                                    Density    =         1.0313
 Ewald error estimate:   0.4938E-04
 ------------------------------------------------------------------------------


 NSTEP =    31750   TIME(PS) =    1483.500  TEMP(K) =   302.99  PRESS =   417.6
 Etot   =    -33243.3453  EKtot   =      7174.6074  EPtot      =    -40417.9527
 BOND   =       142.0893  ANGLE   =       331.0346  DIHED      =       506.7817
 1-4 NB =       178.7727  1-4 EEL =      -345.5194  VDWAALS    =      4973.5380
 EELEC  =    -46204.6495  EHBOND  =         0.0000  RESTRAINT  =         0.0000
 EKCMT  =      3351.0265  VIRIAL  =      2294.4116  VOLUME     =    117192.7040
                                                    Density    =         1.0315
 Ewald error estimate:   0.2317E-03
 ------------------------------------------------------------------------------


 NSTEP =    32000   TIME(PS) =    1484.000  TEMP(K) =   301.04  PRESS =   176.3
 Etot   =    -33325.3290  EKtot   =      7128.5304  EPtot      =    -40453.8593
 BOND   =       157.9230  ANGLE   =       353.2546  DIHED      =       484.3095
 1-4 NB =       169.8828  1-4 EEL =      -323.9120  VDWAALS    =      4925.1072
 EELEC  =    -46220.4244  EHBOND  =         0.0000  RESTRAINT  =         0.0000
 EKCMT  =      3350.5619  VIRIAL  =      2904.0115  VOLUME     =    117302.4709
                                                    Density    =         1.0306
 Ewald error estimate:   0.1113E-03
 ------------------------------------------------------------------------------


 NSTEP =    32250   TIME(PS) =    1484.500  TEMP(K) =   302.97  PRESS =    88.1
 Etot   =    -33222.9818  EKtot   =      7174.2410  EPtot      =    -40397.2228
 BOND   =       148.1234  ANGLE   =       352.8187  DIHED      =       493.0118
 1-4 NB =       170.6562  1-4 EEL =      -347.4812  VDWAALS    =      4871.0023
 EELEC  =    -46085.3539  EHBOND  =         0.0000  RESTRAINT  =         0.0000
 EKCMT  =      3370.6009  VIRIAL  =      3147.3592  VOLUME     =    117351.9992
                                                    Density    =         1.0301
 Ewald error estimate:   0.1150E-03
 ------------------------------------------------------------------------------


 NSTEP =    32500   TIME(PS) =    1485.000  TEMP(K) =   302.17  PRESS =   179.5
 Etot   =    -33220.7653  EKtot   =      7155.2134  EPtot      =    -40375.9787
 BOND   =       162.6034  ANGLE   =       369.2637  DIHED      =       489.5229
 1-4 NB =       167.9120  1-4 EEL =      -367.5094  VDWAALS    =      4968.2248
 EELEC  =    -46165.9961  EHBOND  =         0.0000  RESTRAINT  =         0.0000
 EKCMT  =      3358.0009  VIRIAL  =      2902.9489  VOLUME     =    117422.8161
                                                    Density    =         1.0295
 Ewald error estimate:   0.1357E-03
 ------------------------------------------------------------------------------


 NSTEP =    32750   TIME(PS) =    1485.500  TEMP(K) =   298.51  PRESS =  -184.9
 Etot   =    -33488.4112  EKtot   =      7068.6425  EPtot      =    -40557.0537
 BOND   =       156.1262  ANGLE   =       346.0358  DIHED      =       490.4146
 1-4 NB =       162.3707  1-4 EEL =      -352.6753  VDWAALS    =      4820.3449
 EELEC  =    -46179.6707  EHBOND  =         0.0000  RESTRAINT  =         0.0000
 EKCMT  =      3296.1295  VIRIAL  =      3764.4202  VOLUME     =    117285.7981
                                                    Density    =         1.0307
 Ewald error estimate:   0.2565E-03
 ------------------------------------------------------------------------------


 NSTEP =    33000   TIME(PS) =    1486.000  TEMP(K) =   291.54  PRESS =   -47.7
 Etot   =    -33596.9596  EKtot   =      6903.4233  EPtot      =    -40500.3830
 BOND   =       166.3409  ANGLE   =       352.7900  DIHED      =       498.0092
 1-4 NB =       167.8922  1-4 EEL =      -355.0264  VDWAALS    =      4990.5941
 EELEC  =    -46320.9829  EHBOND  =         0.0000  RESTRAINT  =         0.0000
 EKCMT  =      3205.9706  VIRIAL  =      3326.8449  VOLUME     =    117262.7245
                                                    Density    =         1.0309
 Ewald error estimate:   0.1469E-03
 ------------------------------------------------------------------------------


 NSTEP =    33250   TIME(PS) =    1486.500  TEMP(K) =   299.10  PRESS =  -283.5
 Etot   =    -33466.3796  EKtot   =      7082.6171  EPtot      =    -40548.9967
 BOND   =       148.6298  ANGLE   =       326.9708  DIHED      =       508.4692
 1-4 NB =       169.1440  1-4 EEL =      -351.1567  VDWAALS    =      4838.4021
 EELEC  =    -46189.4559  EHBOND  =         0.0000  RESTRAINT  =         0.0000
 EKCMT  =      3303.1394  VIRIAL  =      4021.0792  VOLUME     =    117285.7045
                                                    Density    =         1.0307
 Ewald error estimate:   0.2526E-04
 ------------------------------------------------------------------------------


 NSTEP =    33500   TIME(PS) =    1487.000  TEMP(K) =   302.42  PRESS =    75.0
 Etot   =    -33307.0541  EKtot   =      7161.1967  EPtot      =    -40468.2509
 BOND   =       151.1015  ANGLE   =       345.0576  DIHED      =       490.8851
 1-4 NB =       170.8446  1-4 EEL =      -326.5829  VDWAALS    =      4867.5878
 EELEC  =    -46167.1446  EHBOND  =         0.0000  RESTRAINT  =         0.0000
 EKCMT  =      3335.8123  VIRIAL  =      3145.9587  VOLUME     =    117178.3948
                                                    Density    =         1.0316
 Ewald error estimate:   0.2550E-03
 ------------------------------------------------------------------------------


 NSTEP =    33750   TIME(PS) =    1487.500  TEMP(K) =   298.86  PRESS =   -65.6
 Etot   =    -33318.9002  EKtot   =      7076.8604  EPtot      =    -40395.7606
 BOND   =       170.7003  ANGLE   =       355.5405  DIHED      =       493.5732
 1-4 NB =       171.4341  1-4 EEL =      -366.8316  VDWAALS    =      4861.2472
 EELEC  =    -46081.4243  EHBOND  =         0.0000  RESTRAINT  =         0.0000
 EKCMT  =      3345.9999  VIRIAL  =      3512.0441  VOLUME     =    117152.7692
                                                    Density    =         1.0319
 Ewald error estimate:   0.1137E-03
 ------------------------------------------------------------------------------


 NSTEP =    34000   TIME(PS) =    1488.000  TEMP(K) =   299.50  PRESS =    -1.6
 Etot   =    -33330.0345  EKtot   =      7091.9363  EPtot      =    -40421.9708
 BOND   =       139.4613  ANGLE   =       347.1145  DIHED      =       497.7910
 1-4 NB =       181.8174  1-4 EEL =      -343.0449  VDWAALS    =      4869.6822
 EELEC  =    -46114.7922  EHBOND  =         0.0000  RESTRAINT  =         0.0000
 EKCMT  =      3309.8694  VIRIAL  =      3313.8434  VOLUME     =    117283.7282
                                                    Density    =         1.0307
 Ewald error estimate:   0.1468E-03
 ------------------------------------------------------------------------------


 NSTEP =    34250   TIME(PS) =    1488.500  TEMP(K) =   295.81  PRESS =    -2.7
 Etot   =    -33408.7342  EKtot   =      7004.6547  EPtot      =    -40413.3889
 BOND   =       180.1637  ANGLE   =       342.1778  DIHED      =       498.0068
 1-4 NB =       176.1540  1-4 EEL =      -365.2932  VDWAALS    =      4907.8778
 EELEC  =    -46152.4757  EHBOND  =         0.0000  RESTRAINT  =         0.0000
 EKCMT  =      3262.8107  VIRIAL  =      3269.6795  VOLUME     =    117300.9370
                                                    Density    =         1.0306
 Ewald error estimate:   0.1094E-04
 ------------------------------------------------------------------------------


 NSTEP =    34500   TIME(PS) =    1489.000  TEMP(K) =   295.18  PRESS =   -26.7
 Etot   =    -33261.6470  EKtot   =      6989.7431  EPtot      =    -40251.3902
 BOND   =       138.9460  ANGLE   =       348.3010  DIHED      =       505.8242
 1-4 NB =       177.6186  1-4 EEL =      -349.9377  VDWAALS    =      4757.2414
 EELEC  =    -45829.3836  EHBOND  =         0.0000  RESTRAINT  =         0.0000
 EKCMT  =      3189.3665  VIRIAL  =      3257.0067  VOLUME     =    117298.5922
                                                    Density    =         1.0306
 Ewald error estimate:   0.1120E-03
 ------------------------------------------------------------------------------


 NSTEP =    34750   TIME(PS) =    1489.500  TEMP(K) =   301.62  PRESS =   -96.8
 Etot   =    -33261.2679  EKtot   =      7142.1172  EPtot      =    -40403.3851
 BOND   =       136.7029  ANGLE   =       339.6247  DIHED      =       503.5046
 1-4 NB =       178.4419  1-4 EEL =      -337.5937  VDWAALS    =      4826.5619
 EELEC  =    -46050.6274  EHBOND  =         0.0000  RESTRAINT  =         0.0000
 EKCMT  =      3321.4847  VIRIAL  =      3566.9170  VOLUME     =    117425.9348
                                                    Density    =         1.0295
 Ewald error estimate:   0.1667E-04
 ------------------------------------------------------------------------------


 NSTEP =    35000   TIME(PS) =    1490.000  TEMP(K) =   298.45  PRESS =   283.5
 Etot   =    -33220.3380  EKtot   =      7067.1495  EPtot      =    -40287.4875
 BOND   =       157.1132  ANGLE   =       350.2665  DIHED      =       505.9912
 1-4 NB =       169.4338  1-4 EEL =      -336.3630  VDWAALS    =      4920.3310
 EELEC  =    -46054.2603  EHBOND  =         0.0000  RESTRAINT  =         0.0000
 EKCMT  =      3281.3689  VIRIAL  =      2561.8952  VOLUME     =    117524.3612
                                                    Density    =         1.0286
 Ewald error estimate:   0.1445E-03
 ------------------------------------------------------------------------------


 NSTEP =    35250   TIME(PS) =    1490.500  TEMP(K) =   300.98  PRESS =   215.0
 Etot   =    -33207.7450  EKtot   =      7127.0321  EPtot      =    -40334.7770
 BOND   =       128.3025  ANGLE   =       349.5138  DIHED      =       507.8234
 1-4 NB =       174.2131  1-4 EEL =      -345.2429  VDWAALS    =      4890.3174
 EELEC  =    -46039.7043  EHBOND  =         0.0000  RESTRAINT  =         0.0000
 EKCMT  =      3354.9725  VIRIAL  =      2809.8386  VOLUME     =    117442.8496
                                                    Density    =         1.0293
 Ewald error estimate:   0.9224E-04
 ------------------------------------------------------------------------------


 NSTEP =    35500   TIME(PS) =    1491.000  TEMP(K) =   300.99  PRESS =   290.6
 Etot   =    -33195.6106  EKtot   =      7127.1754  EPtot      =    -40322.7859
 BOND   =       135.2627  ANGLE   =       358.1171  DIHED      =       506.5475
 1-4 NB =       164.6738  1-4 EEL =      -346.4503  VDWAALS    =      4973.8415
 EELEC  =    -46114.7783  EHBOND  =         0.0000  RESTRAINT  =         0.0000
 EKCMT  =      3395.4135  VIRIAL  =      2659.4128  VOLUME     =    117305.1969
                                                    Density    =         1.0305
 Ewald error estimate:   0.7514E-04
 ------------------------------------------------------------------------------


 NSTEP =    35750   TIME(PS) =    1491.500  TEMP(K) =   299.67  PRESS =  -392.5
 Etot   =    -33372.5308  EKtot   =      7095.9424  EPtot      =    -40468.4732
 BOND   =       148.1940  ANGLE   =       347.9813  DIHED      =       498.1988
 1-4 NB =       161.6946  1-4 EEL =      -357.1826  VDWAALS    =      4810.7905
 EELEC  =    -46078.1498  EHBOND  =         0.0000  RESTRAINT  =         0.0000
 EKCMT  =      3336.2456  VIRIAL  =      4329.0215  VOLUME     =    117151.2343
                                                    Density    =         1.0319
 Ewald error estimate:   0.4018E-04
 ------------------------------------------------------------------------------


 NSTEP =    36000   TIME(PS) =    1492.000  TEMP(K) =   299.28  PRESS =  -226.7
 Etot   =    -33316.3953  EKtot   =      7086.6795  EPtot      =    -40403.0747
 BOND   =       149.0814  ANGLE   =       349.2161  DIHED      =       492.0908
 1-4 NB =       165.6614  1-4 EEL =      -319.3988  VDWAALS    =      4714.9494
 EELEC  =    -45954.6749  EHBOND  =         0.0000  RESTRAINT  =         0.0000
 EKCMT  =      3277.0769  VIRIAL  =      3849.5365  VOLUME     =    116929.8341
                                                    Density    =         1.0338
 Ewald error estimate:   0.5093E-05
 ------------------------------------------------------------------------------


 NSTEP =    36250   TIME(PS) =    1492.500  TEMP(K) =   301.29  PRESS =  -146.5
 Etot   =    -33295.6952  EKtot   =      7134.3030  EPtot      =    -40429.9982
 BOND   =       151.7767  ANGLE   =       344.0541  DIHED      =       508.1152
 1-4 NB =       165.3929  1-4 EEL =      -350.5598  VDWAALS    =      4741.2238
 EELEC  =    -45990.0010  EHBOND  =         0.0000  RESTRAINT  =         0.0000
 EKCMT  =      3369.5978  VIRIAL  =      3738.6025  VOLUME     =    116638.1132
                                                    Density    =         1.0364
 Ewald error estimate:   0.1253E-03
 ------------------------------------------------------------------------------


 NSTEP =    36500   TIME(PS) =    1493.000  TEMP(K) =   299.92  PRESS =   233.2
 Etot   =    -33267.7332  EKtot   =      7102.0104  EPtot      =    -40369.7437
 BOND   =       164.0420  ANGLE   =       359.7630  DIHED      =       494.3065
 1-4 NB =       170.5197  1-4 EEL =      -336.9871  VDWAALS    =      4795.1763
 EELEC  =    -46016.5642  EHBOND  =         0.0000  RESTRAINT  =         0.0000
 EKCMT  =      3324.6975  VIRIAL  =      2737.8114  VOLUME     =    116564.4421
                                                    Density    =         1.0371
 Ewald error estimate:   0.2155E-03
 ------------------------------------------------------------------------------


 NSTEP =    36750   TIME(PS) =    1493.500  TEMP(K) =   298.15  PRESS =   -35.8
 Etot   =    -33367.8183  EKtot   =      7060.1213  EPtot      =    -40427.9396
 BOND   =       144.7626  ANGLE   =       342.1168  DIHED      =       498.6431
 1-4 NB =       177.6971  1-4 EEL =      -331.1152  VDWAALS    =      4827.3838
 EELEC  =    -46087.4280  EHBOND  =         0.0000  RESTRAINT  =         0.0000
 EKCMT  =      3258.8466  VIRIAL  =      3348.8601  VOLUME     =    116545.2057
                                                    Density    =         1.0373
 Ewald error estimate:   0.1942E-03
 ------------------------------------------------------------------------------


 NSTEP =    37000   TIME(PS) =    1494.000  TEMP(K) =   300.27  PRESS =  -189.6
 Etot   =    -33315.6585  EKtot   =      7110.2908  EPtot      =    -40425.9493
 BOND   =       165.9868  ANGLE   =       365.9827  DIHED      =       504.2944
 1-4 NB =       172.7500  1-4 EEL =      -357.0492  VDWAALS    =      4778.7040
 EELEC  =    -46056.6180  EHBOND  =         0.0000  RESTRAINT  =         0.0000
 EKCMT  =      3309.9599  VIRIAL  =      3787.2196  VOLUME     =    116588.0118
                                                    Density    =         1.0369
 Ewald error estimate:   0.7245E-04
 ------------------------------------------------------------------------------


 NSTEP =    37250   TIME(PS) =    1494.500  TEMP(K) =   301.86  PRESS =   -36.3
 Etot   =    -33283.6593  EKtot   =      7147.7781  EPtot      =    -40431.4373
 BOND   =       152.1694  ANGLE   =       339.5572  DIHED      =       497.7271
 1-4 NB =       161.8339  1-4 EEL =      -350.7615  VDWAALS    =      4765.4464
 EELEC  =    -45997.4099  EHBOND  =         0.0000  RESTRAINT  =         0.0000
 EKCMT  =      3282.7146  VIRIAL  =      3374.0279  VOLUME     =    116586.3079
                                                    Density    =         1.0369
 Ewald error estimate:   0.6841E-04
 ------------------------------------------------------------------------------


 NSTEP =    37500   TIME(PS) =    1495.000  TEMP(K) =   302.89  PRESS =  -326.1
 Etot   =    -33274.6974  EKtot   =      7172.2551  EPtot      =    -40446.9525
 BOND   =       150.6185  ANGLE   =       356.9322  DIHED      =       496.9103
 1-4 NB =       168.6661  1-4 EEL =      -343.8890  VDWAALS    =      4685.1613
 EELEC  =    -45961.3519  EHBOND  =         0.0000  RESTRAINT  =         0.0000
 EKCMT  =      3367.7428  VIRIAL  =      4188.7127  VOLUME     =    116616.5447
                                                    Density    =         1.0366
 Ewald error estimate:   0.1987E-04
 ------------------------------------------------------------------------------


 NSTEP =    37750   TIME(PS) =    1495.500  TEMP(K) =   296.89  PRESS =    28.3
 Etot   =    -33353.7261  EKtot   =      7030.1217  EPtot      =    -40383.8478
 BOND   =       160.9125  ANGLE   =       334.9487  DIHED      =       498.9157
 1-4 NB =       170.0724  1-4 EEL =      -352.7713  VDWAALS    =      4767.7420
 EELEC  =    -45963.6678  EHBOND  =         0.0000  RESTRAINT  =         0.0000
 EKCMT  =      3316.9486  VIRIAL  =      3245.6397  VOLUME     =    116578.4561
                                                    Density    =         1.0370
 Ewald error estimate:   0.5415E-04
 ------------------------------------------------------------------------------


 NSTEP =    38000   TIME(PS) =    1496.000  TEMP(K) =   298.67  PRESS =   345.3
 Etot   =    -33240.3931  EKtot   =      7072.4111  EPtot      =    -40312.8042
 BOND   =       161.9868  ANGLE   =       362.8468  DIHED      =       503.3774
 1-4 NB =       174.6385  1-4 EEL =      -367.1858  VDWAALS    =      5010.3967
 EELEC  =    -46158.8646  EHBOND  =         0.0000  RESTRAINT  =         0.0000
 EKCMT  =      3343.9711  VIRIAL  =      2474.1670  VOLUME     =    116650.1293
                                                    Density    =         1.0363
 Ewald error estimate:   0.2523E-03
 ------------------------------------------------------------------------------


 NSTEP =    38250   TIME(PS) =    1496.500  TEMP(K) =   298.92  PRESS =   160.4
 Etot   =    -33300.9452  EKtot   =      7078.3216  EPtot      =    -40379.2669
 BOND   =       159.3134  ANGLE   =       364.4662  DIHED      =       509.1887
 1-4 NB =       172.5355  1-4 EEL =      -343.0719  VDWAALS    =      4997.2122
 EELEC  =    -46238.9110  EHBOND  =         0.0000  RESTRAINT  =         0.0000
 EKCMT  =      3302.5999  VIRIAL  =      2898.2453  VOLUME     =    116791.8560
                                                    Density    =         1.0351
 Ewald error estimate:   0.1516E-03
 ------------------------------------------------------------------------------


 NSTEP =    38500   TIME(PS) =    1497.000  TEMP(K) =   301.17  PRESS =   185.2
 Etot   =    -33201.3528  EKtot   =      7131.4632  EPtot      =    -40332.8160
 BOND   =       165.8319  ANGLE   =       354.8633  DIHED      =       505.1230
 1-4 NB =       169.4827  1-4 EEL =      -343.9516  VDWAALS    =      4884.7617
 EELEC  =    -46068.9270  EHBOND  =         0.0000  RESTRAINT  =         0.0000
 EKCMT  =      3329.6649  VIRIAL  =      2862.3016  VOLUME     =    116902.9196
                                                    Density    =         1.0341
 Ewald error estimate:   0.1188E-03
 ------------------------------------------------------------------------------


 NSTEP =    38750   TIME(PS) =    1497.500  TEMP(K) =   299.86  PRESS =  -151.2
 Etot   =    -33293.3083  EKtot   =      7100.5870  EPtot      =    -40393.8953
 BOND   =       157.8155  ANGLE   =       367.7464  DIHED      =       507.5173
 1-4 NB =       167.5071  1-4 EEL =      -354.3204  VDWAALS    =      4735.3540
 EELEC  =    -45975.5151  EHBOND  =         0.0000  RESTRAINT  =         0.0000
 EKCMT  =      3364.0319  VIRIAL  =      3745.6033  VOLUME     =    116896.2899
                                                    Density    =         1.0341
 Ewald error estimate:   0.5451E-04
 ------------------------------------------------------------------------------


 NSTEP =    39000   TIME(PS) =    1498.000  TEMP(K) =   297.27  PRESS =  -381.2
 Etot   =    -33275.4124  EKtot   =      7039.2599  EPtot      =    -40314.6723
 BOND   =       161.1489  ANGLE   =       358.6717  DIHED      =       511.6990
 1-4 NB =       168.9997  1-4 EEL =      -337.6265  VDWAALS    =      4700.9963
 EELEC  =    -45878.5614  EHBOND  =         0.0000  RESTRAINT  =         0.0000
 EKCMT  =      3311.6682  VIRIAL  =      4274.2672  VOLUME     =    116945.9291
                                                    Density    =         1.0337
 Ewald error estimate:   0.3401E-03
 ------------------------------------------------------------------------------


 NSTEP =    39250   TIME(PS) =    1498.500  TEMP(K) =   301.13  PRESS =  -234.2
 Etot   =    -33191.4491  EKtot   =      7130.5672  EPtot      =    -40322.0163
 BOND   =       171.2750  ANGLE   =       344.8933  DIHED      =       497.6532
 1-4 NB =       172.5975  1-4 EEL =      -317.9561  VDWAALS    =      4851.6682
 EELEC  =    -46042.1474  EHBOND  =         0.0000  RESTRAINT  =         0.0000
 EKCMT  =      3326.3412  VIRIAL  =      3917.5300  VOLUME     =    116918.9160
                                                    Density    =         1.0339
 Ewald error estimate:   0.6786E-05
 ------------------------------------------------------------------------------


 NSTEP =    39500   TIME(PS) =    1499.000  TEMP(K) =   301.35  PRESS =   198.9
 Etot   =    -33201.6260  EKtot   =      7135.7355  EPtot      =    -40337.3615
 BOND   =       164.2363  ANGLE   =       357.0985  DIHED      =       501.2605
 1-4 NB =       173.4892  1-4 EEL =      -327.2763  VDWAALS    =      4982.1220
 EELEC  =    -46188.2917  EHBOND  =         0.0000  RESTRAINT  =         0.0000
 EKCMT  =      3277.4103  VIRIAL  =      2775.2032  VOLUME     =    116927.2101
                                                    Density    =         1.0339
 Ewald error estimate:   0.3438E-04
 ------------------------------------------------------------------------------


 NSTEP =    39750   TIME(PS) =    1499.500  TEMP(K) =   300.79  PRESS =   836.1
 Etot   =    -33175.2908  EKtot   =      7122.5149  EPtot      =    -40297.8057
 BOND   =       144.6495  ANGLE   =       352.6299  DIHED      =       503.5773
 1-4 NB =       167.8034  1-4 EEL =      -352.9429  VDWAALS    =      5178.1887
 EELEC  =    -46291.7115  EHBOND  =         0.0000  RESTRAINT  =         0.0000
 EKCMT  =      3332.9958  VIRIAL  =      1222.4808  VOLUME     =    116906.2456
                                                    Density    =         1.0341
 Ewald error estimate:   0.1221E-03
 ------------------------------------------------------------------------------


 NSTEP =    40000   TIME(PS) =    1500.000  TEMP(K) =   299.64  PRESS =   179.3
 Etot   =    -33201.8496  EKtot   =      7095.3388  EPtot      =    -40297.1883
 BOND   =       161.4296  ANGLE   =       336.7655  DIHED      =       500.6393
 1-4 NB =       158.8264  1-4 EEL =      -352.0374  VDWAALS    =      4886.4916
 EELEC  =    -45989.3032  EHBOND  =         0.0000  RESTRAINT  =         0.0000
 EKCMT  =      3292.7005  VIRIAL  =      2840.1461  VOLUME     =    116876.3816
                                                    Density    =         1.0343
 Ewald error estimate:   0.9753E-04
 ------------------------------------------------------------------------------


 NSTEP =    40250   TIME(PS) =    1500.500  TEMP(K) =   295.29  PRESS =   172.3
 Etot   =    -33246.4274  EKtot   =      6992.1678  EPtot      =    -40238.5953
 BOND   =       163.1177  ANGLE   =       356.6229  DIHED      =       508.6043
 1-4 NB =       168.0338  1-4 EEL =      -364.4925  VDWAALS    =      4862.5467
 EELEC  =    -45933.0281  EHBOND  =         0.0000  RESTRAINT  =         0.0000
 EKCMT  =      3310.5429  VIRIAL  =      2876.2688  VOLUME     =    116740.5029
                                                    Density    =         1.0355
 Ewald error estimate:   0.7161E-04
 ------------------------------------------------------------------------------


 NSTEP =    40500   TIME(PS) =    1501.000  TEMP(K) =   300.64  PRESS =   111.5
 Etot   =    -33321.7091  EKtot   =      7118.9503  EPtot      =    -40440.6594
 BOND   =       148.0058  ANGLE   =       337.9271  DIHED      =       509.2321
 1-4 NB =       169.3682  1-4 EEL =      -351.8644  VDWAALS    =      4892.5954
 EELEC  =    -46145.9237  EHBOND  =         0.0000  RESTRAINT  =         0.0000
 EKCMT  =      3352.1139  VIRIAL  =      3071.3593  VOLUME     =    116603.6470
                                                    Density    =         1.0367
 Ewald error estimate:   0.1178E-05
 ------------------------------------------------------------------------------


 NSTEP =    40750   TIME(PS) =    1501.500  TEMP(K) =   300.62  PRESS =  -336.4
 Etot   =    -33417.6855  EKtot   =      7118.4339  EPtot      =    -40536.1194
 BOND   =       144.2681  ANGLE   =       327.5475  DIHED      =       504.0077
 1-4 NB =       164.8599  1-4 EEL =      -354.0822  VDWAALS    =      4732.2930
 EELEC  =    -46055.0134  EHBOND  =         0.0000  RESTRAINT  =         0.0000
 EKCMT  =      3351.7444  VIRIAL  =      4197.9600  VOLUME     =    116496.2725
                                                    Density    =         1.0377
 Ewald error estimate:   0.3736E-04
 ------------------------------------------------------------------------------


 NSTEP =    41000   TIME(PS) =    1502.000  TEMP(K) =   299.87  PRESS =   326.8
 Etot   =    -33483.4271  EKtot   =      7100.7478  EPtot      =    -40584.1749
 BOND   =       161.9241  ANGLE   =       313.7007  DIHED      =       504.7504
 1-4 NB =       176.0127  1-4 EEL =      -339.8308  VDWAALS    =      4875.7919
 EELEC  =    -46276.5239  EHBOND  =         0.0000  RESTRAINT  =         0.0000
 EKCMT  =      3343.1118  VIRIAL  =      2521.7554  VOLUME     =    116404.4990
                                                    Density    =         1.0385
 Ewald error estimate:   0.1850E-03
 ------------------------------------------------------------------------------


 NSTEP =    41250   TIME(PS) =    1502.500  TEMP(K) =   298.06  PRESS =   407.0
 Etot   =    -33395.3451  EKtot   =      7057.8288  EPtot      =    -40453.1739
 BOND   =       166.3394  ANGLE   =       324.0180  DIHED      =       510.1353
 1-4 NB =       165.0699  1-4 EEL =      -362.8324  VDWAALS    =      4899.3746
 EELEC  =    -46155.2786  EHBOND  =         0.0000  RESTRAINT  =         0.0000
 EKCMT  =      3350.1593  VIRIAL  =      2327.0617  VOLUME     =    116438.6597
                                                    Density    =         1.0382
 Ewald error estimate:   0.1045E-03
 ------------------------------------------------------------------------------


 NSTEP =    41500   TIME(PS) =    1503.000  TEMP(K) =   299.02  PRESS =    27.0
 Etot   =    -33438.9091  EKtot   =      7080.5649  EPtot      =    -40519.4740
 BOND   =       163.7263  ANGLE   =       350.6884  DIHED      =       510.7111
 1-4 NB =       169.2869  1-4 EEL =      -360.1572  VDWAALS    =      4919.1141
 EELEC  =    -46272.8436  EHBOND  =         0.0000  RESTRAINT  =         0.0000
 EKCMT  =      3309.2400  VIRIAL  =      3241.2770  VOLUME     =    116589.0912
                                                    Density    =         1.0369
 Ewald error estimate:   0.2218E-03
 ------------------------------------------------------------------------------


 NSTEP =    41750   TIME(PS) =    1503.500  TEMP(K) =   301.30  PRESS =    62.7
 Etot   =    -33368.9279  EKtot   =      7134.5735  EPtot      =    -40503.5014
 BOND   =       153.4506  ANGLE   =       346.6184  DIHED      =       499.5855
 1-4 NB =       172.4962  1-4 EEL =      -354.1020  VDWAALS    =      4826.4810
 EELEC  =    -46148.0311  EHBOND  =         0.0000  RESTRAINT  =         0.0000
 EKCMT  =      3353.5331  VIRIAL  =      3195.9185  VOLUME     =    116511.3402
                                                    Density    =         1.0376
 Ewald error estimate:   0.1553E-03
 ------------------------------------------------------------------------------


 NSTEP =    42000   TIME(PS) =    1504.000  TEMP(K) =   303.45  PRESS =    96.3
 Etot   =    -33377.1391  EKtot   =      7185.4974  EPtot      =    -40562.6365
 BOND   =       162.7800  ANGLE   =       333.2019  DIHED      =       503.4729
 1-4 NB =       172.2499  1-4 EEL =      -350.3461  VDWAALS    =      4955.8520
 EELEC  =    -46339.8472  EHBOND  =         0.0000  RESTRAINT  =         0.0000
 EKCMT  =      3360.8098  VIRIAL  =      3118.3232  VOLUME     =    116604.0047
                                                    Density    =         1.0367
 Ewald error estimate:   0.1989E-03
 ------------------------------------------------------------------------------


 NSTEP =    42250   TIME(PS) =    1504.500  TEMP(K) =   296.42  PRESS =   310.9
 Etot   =    -33415.3367  EKtot   =      7018.9533  EPtot      =    -40434.2900
 BOND   =       158.3757  ANGLE   =       359.5181  DIHED      =       499.8467
 1-4 NB =       163.8567  1-4 EEL =      -339.3081  VDWAALS    =      4974.7023
 EELEC  =    -46251.2814  EHBOND  =         0.0000  RESTRAINT  =         0.0000
 EKCMT  =      3257.9623  VIRIAL  =      2475.3379  VOLUME     =    116588.4862
                                                    Density    =         1.0369
 Ewald error estimate:   0.2099E-04
 ------------------------------------------------------------------------------


 NSTEP =    42500   TIME(PS) =    1505.000  TEMP(K) =   300.31  PRESS =  -132.5
 Etot   =    -33360.9538  EKtot   =      7111.2548  EPtot      =    -40472.2086
 BOND   =       163.0043  ANGLE   =       347.4209  DIHED      =       504.2425
 1-4 NB =       164.9103  1-4 EEL =      -353.4410  VDWAALS    =      4809.4907
 EELEC  =    -46107.8364  EHBOND  =         0.0000  RESTRAINT  =         0.0000
 EKCMT  =      3294.4984  VIRIAL  =      3627.8321  VOLUME     =    116543.2332
                                                    Density    =         1.0373
 Ewald error estimate:   0.4038E-04
 ------------------------------------------------------------------------------


 NSTEP =    42750   TIME(PS) =    1505.500  TEMP(K) =   298.31  PRESS =   364.6
 Etot   =    -33334.0941  EKtot   =      7063.6937  EPtot      =    -40397.7878
 BOND   =       152.4997  ANGLE   =       339.4745  DIHED      =       486.4436
 1-4 NB =       173.4770  1-4 EEL =      -320.8452  VDWAALS    =      5066.8941
 EELEC  =    -46295.7315  EHBOND  =         0.0000  RESTRAINT  =         0.0000
 EKCMT  =      3313.7239  VIRIAL  =      2394.3011  VOLUME     =    116782.2934
                                                    Density    =         1.0351
 Ewald error estimate:   0.9460E-04
 ------------------------------------------------------------------------------


 NSTEP =    43000   TIME(PS) =    1506.000  TEMP(K) =   302.71  PRESS =    43.0
 Etot   =    -33363.1371  EKtot   =      7167.8824  EPtot      =    -40531.0196
 BOND   =       151.0046  ANGLE   =       335.3740  DIHED      =       493.4514
 1-4 NB =       163.4438  1-4 EEL =      -354.8495  VDWAALS    =      4830.0485
 EELEC  =    -46149.4923  EHBOND  =         0.0000  RESTRAINT  =         0.0000
 EKCMT  =      3369.3332  VIRIAL  =      3260.9041  VOLUME     =    116896.5397
                                                    Density    =         1.0341
 Ewald error estimate:   0.1599E-03
 ------------------------------------------------------------------------------


 NSTEP =    43250   TIME(PS) =    1506.500  TEMP(K) =   303.18  PRESS =    74.9
 Etot   =    -33270.1344  EKtot   =      7179.0874  EPtot      =    -40449.2218
 BOND   =       164.9277  ANGLE   =       357.2604  DIHED      =       495.6865
 1-4 NB =       165.2994  1-4 EEL =      -342.8357  VDWAALS    =      4998.5912
 EELEC  =    -46288.1513  EHBOND  =         0.0000  RESTRAINT  =         0.0000
 EKCMT  =      3406.6201  VIRIAL  =      3217.4263  VOLUME     =    117019.0513
                                                    Density    =         1.0331
 Ewald error estimate:   0.4562E-04
 ------------------------------------------------------------------------------


 NSTEP =    43500   TIME(PS) =    1507.000  TEMP(K) =   304.50  PRESS =  -145.3
 Etot   =    -33282.5147  EKtot   =      7210.2652  EPtot      =    -40492.7799
 BOND   =       145.3931  ANGLE   =       341.7382  DIHED      =       502.6496
 1-4 NB =       171.4846  1-4 EEL =      -345.0952  VDWAALS    =      4844.5850
 EELEC  =    -46153.5353  EHBOND  =         0.0000  RESTRAINT  =         0.0000
 EKCMT  =      3419.6857  VIRIAL  =      3787.0154  VOLUME     =    117117.3102
                                                    Density    =         1.0322
 Ewald error estimate:   0.2437E-03
 ------------------------------------------------------------------------------


 NSTEP =    43750   TIME(PS) =    1507.500  TEMP(K) =   295.68  PRESS =  -136.8
 Etot   =    -33335.0572  EKtot   =      7001.6232  EPtot      =    -40336.6804
 BOND   =       142.7063  ANGLE   =       346.0397  DIHED      =       504.5786
 1-4 NB =       162.8759  1-4 EEL =      -331.6389  VDWAALS    =      4774.7712
 EELEC  =    -45936.0132  EHBOND  =         0.0000  RESTRAINT  =         0.0000
 EKCMT  =      3260.6152  VIRIAL  =      3606.4220  VOLUME     =    117105.6200
                                                    Density    =         1.0323
 Ewald error estimate:   0.1407E-03
 ------------------------------------------------------------------------------


 NSTEP =    44000   TIME(PS) =    1508.000  TEMP(K) =   295.40  PRESS =  -376.7
 Etot   =    -33369.6892  EKtot   =      6994.7890  EPtot      =    -40364.4782
 BOND   =       154.3624  ANGLE   =       337.1528  DIHED      =       497.7906
 1-4 NB =       165.5190  1-4 EEL =      -340.0615  VDWAALS    =      4690.2910
 EELEC  =    -45869.5325  EHBOND  =         0.0000  RESTRAINT  =         0.0000
 EKCMT  =      3300.4769  VIRIAL  =      4250.2949  VOLUME     =    116780.3596
                                                    Density    =         1.0352
 Ewald error estimate:   0.3989E-04
 ------------------------------------------------------------------------------


 NSTEP =    44250   TIME(PS) =    1508.500  TEMP(K) =   297.22  PRESS =   342.8
 Etot   =    -33336.5702  EKtot   =      7037.8721  EPtot      =    -40374.4423
 BOND   =       140.4229  ANGLE   =       338.1998  DIHED      =       473.8119
 1-4 NB =       172.6983  1-4 EEL =      -341.2139  VDWAALS    =      4939.8490
 EELEC  =    -46098.2102  EHBOND  =         0.0000  RESTRAINT  =         0.0000
 EKCMT  =      3303.6251  VIRIAL  =      2440.3742  VOLUME     =    116637.2441
                                                    Density    =         1.0364
 Ewald error estimate:   0.1496E-03
 ------------------------------------------------------------------------------


 NSTEP =    44500   TIME(PS) =    1509.000  TEMP(K) =   295.94  PRESS =   -11.1
 Etot   =    -33349.7289  EKtot   =      7007.6840  EPtot      =    -40357.4129
 BOND   =       161.6146  ANGLE   =       351.7309  DIHED      =       499.9078
 1-4 NB =       170.3070  1-4 EEL =      -361.4810  VDWAALS    =      4881.5851
 EELEC  =    -46061.0773  EHBOND  =         0.0000  RESTRAINT  =         0.0000
 EKCMT  =      3196.6343  VIRIAL  =      3224.4671  VOLUME     =    116632.9558
                                                    Density    =         1.0365
 Ewald error estimate:   0.1528E-03
 ------------------------------------------------------------------------------


 NSTEP =    44750   TIME(PS) =    1509.500  TEMP(K) =   297.54  PRESS =   331.3
 Etot   =    -33482.0508  EKtot   =      7045.5671  EPtot      =    -40527.6179
 BOND   =       148.1242  ANGLE   =       361.5896  DIHED      =       501.6314
 1-4 NB =       166.4100  1-4 EEL =      -354.3770  VDWAALS    =      5015.8322
 EELEC  =    -46366.8283  EHBOND  =         0.0000  RESTRAINT  =         0.0000
 EKCMT  =      3297.5508  VIRIAL  =      2463.2977  VOLUME     =    116626.5298
                                                    Density    =         1.0365
 Ewald error estimate:   0.1440E-03
 ------------------------------------------------------------------------------


 NSTEP =    45000   TIME(PS) =    1510.000  TEMP(K) =   297.97  PRESS =   -70.2
 Etot   =    -33544.4093  EKtot   =      7055.6347  EPtot      =    -40600.0440
 BOND   =       160.0026  ANGLE   =       345.8207  DIHED      =       495.3823
 1-4 NB =       166.8769  1-4 EEL =      -353.2974  VDWAALS    =      4908.2574
 EELEC  =    -46323.0864  EHBOND  =         0.0000  RESTRAINT  =         0.0000
 EKCMT  =      3322.5427  VIRIAL  =      3499.0573  VOLUME     =    116505.0434
                                                    Density    =         1.0376
 Ewald error estimate:   0.9291E-04
 ------------------------------------------------------------------------------


 NSTEP =    45250   TIME(PS) =    1510.500  TEMP(K) =   296.78  PRESS =    35.6
 Etot   =    -33501.0319  EKtot   =      7027.5922  EPtot      =    -40528.6241
 BOND   =       133.4589  ANGLE   =       336.5898  DIHED      =       514.8960
 1-4 NB =       172.8121  1-4 EEL =      -350.0434  VDWAALS    =      4881.3842
 EELEC  =    -46217.7217  EHBOND  =         0.0000  RESTRAINT  =         0.0000
 EKCMT  =      3308.8239  VIRIAL  =      3219.2361  VOLUME     =    116418.7744
                                                    Density    =         1.0384
 Ewald error estimate:   0.3133E-04
 ------------------------------------------------------------------------------


 NSTEP =    45500   TIME(PS) =    1511.000  TEMP(K) =   295.16  PRESS =   -19.7
 Etot   =    -33464.4721  EKtot   =      6989.2127  EPtot      =    -40453.6847
 BOND   =       151.7931  ANGLE   =       336.0127  DIHED      =       505.5022
 1-4 NB =       167.8162  1-4 EEL =      -346.2737  VDWAALS    =      4866.8670
 EELEC  =    -46135.4022  EHBOND  =         0.0000  RESTRAINT  =         0.0000
 EKCMT  =      3279.2015  VIRIAL  =      3328.6217  VOLUME     =    116360.6232
                                                    Density    =         1.0389
 Ewald error estimate:   0.2684E-04
 ------------------------------------------------------------------------------


 NSTEP =    45750   TIME(PS) =    1511.500  TEMP(K) =   298.81  PRESS =  -122.7
 Etot   =    -33365.2842  EKtot   =      7075.7320  EPtot      =    -40441.0162
 BOND   =       143.7245  ANGLE   =       360.7549  DIHED      =       494.7085
 1-4 NB =       174.6177  1-4 EEL =      -336.5327  VDWAALS    =      4804.2670
 EELEC  =    -46082.5562  EHBOND  =         0.0000  RESTRAINT  =         0.0000
 EKCMT  =      3305.9916  VIRIAL  =      3614.2814  VOLUME     =    116408.2198
                                                    Density    =         1.0385
 Ewald error estimate:   0.1139E-05
 ------------------------------------------------------------------------------


 NSTEP =    46000   TIME(PS) =    1512.000  TEMP(K) =   297.02  PRESS =   -51.0
 Etot   =    -33380.7345  EKtot   =      7033.3498  EPtot      =    -40414.0843
 BOND   =       159.3657  ANGLE   =       366.9738  DIHED      =       492.3396
 1-4 NB =       169.3312  1-4 EEL =      -340.2457  VDWAALS    =      4872.4421
 EELEC  =    -46134.2911  EHBOND  =         0.0000  RESTRAINT  =         0.0000
 EKCMT  =      3283.9338  VIRIAL  =      3412.2288  VOLUME     =    116478.1486
                                                    Density    =         1.0379
 Ewald error estimate:   0.1072E-03
 ------------------------------------------------------------------------------


 NSTEP =    46250   TIME(PS) =    1512.500  TEMP(K) =   294.17  PRESS =   -71.1
 Etot   =    -33346.0291  EKtot   =      6965.6904  EPtot      =    -40311.7194
 BOND   =       154.0332  ANGLE   =       340.9973  DIHED      =       495.6877
 1-4 NB =       174.5765  1-4 EEL =      -341.6808  VDWAALS    =      4745.2907
 EELEC  =    -45880.6241  EHBOND  =         0.0000  RESTRAINT  =         0.0000
 EKCMT  =      3265.4352  VIRIAL  =      3444.5346  VOLUME     =    116587.4143
                                                    Density    =         1.0369
 Ewald error estimate:   0.7409E-04
 ------------------------------------------------------------------------------


 NSTEP =    46500   TIME(PS) =    1513.000  TEMP(K) =   299.35  PRESS =    13.1
 Etot   =    -33387.6298  EKtot   =      7088.5360  EPtot      =    -40476.1658
 BOND   =       163.3360  ANGLE   =       351.0406  DIHED      =       499.9679
 1-4 NB =       175.1992  1-4 EEL =      -347.3587  VDWAALS    =      4874.9002
 EELEC  =    -46193.2510  EHBOND  =         0.0000  RESTRAINT  =         0.0000
 EKCMT  =      3337.4547  VIRIAL  =      3304.3821  VOLUME     =    116649.5139
                                                    Density    =         1.0363
 Ewald error estimate:   0.2296E-04
 ------------------------------------------------------------------------------


 NSTEP =    46750   TIME(PS) =    1513.500  TEMP(K) =   296.75  PRESS =   364.5
 Etot   =    -33409.3575  EKtot   =      7026.7795  EPtot      =    -40436.1370
 BOND   =       145.8141  ANGLE   =       345.7870  DIHED      =       512.6522
 1-4 NB =       171.0091  1-4 EEL =      -334.3158  VDWAALS    =      4986.8540
 EELEC  =    -46263.9376  EHBOND  =         0.0000  RESTRAINT  =         0.0000
 EKCMT  =      3324.0044  VIRIAL  =      2403.9831  VOLUME     =    116888.0741
                                                    Density    =         1.0342
 Ewald error estimate:   0.2268E-03
 ------------------------------------------------------------------------------


 NSTEP =    47000   TIME(PS) =    1514.000  TEMP(K) =   299.42  PRESS =  -384.5
 Etot   =    -33339.3040  EKtot   =      7090.1353  EPtot      =    -40429.4393
 BOND   =       150.4866  ANGLE   =       350.8191  DIHED      =       510.2831
 1-4 NB =       175.3648  1-4 EEL =      -330.6557  VDWAALS    =      4680.5830
 EELEC  =    -45966.3202  EHBOND  =         0.0000  RESTRAINT  =         0.0000
 EKCMT  =      3302.2994  VIRIAL  =      4272.6115  VOLUME     =    116888.2100
                                                    Density    =         1.0342
 Ewald error estimate:   0.1827E-03
 ------------------------------------------------------------------------------


 NSTEP =    47250   TIME(PS) =    1514.500  TEMP(K) =   297.58  PRESS =  -213.2
 Etot   =    -33298.6811  EKtot   =      7046.6103  EPtot      =    -40345.2914
 BOND   =       150.4381  ANGLE   =       351.9173  DIHED      =       495.3575
 1-4 NB =       171.7690  1-4 EEL =      -333.6540  VDWAALS    =      4742.0316
 EELEC  =    -45923.1510  EHBOND  =         0.0000  RESTRAINT  =         0.0000
 EKCMT  =      3311.3637  VIRIAL  =      3849.0340  VOLUME     =    116804.2905
                                                    Density    =         1.0350
 Ewald error estimate:   0.8904E-04
 ------------------------------------------------------------------------------


 NSTEP =    47500   TIME(PS) =    1515.000  TEMP(K) =   298.96  PRESS =    67.3
 Etot   =    -33164.9648  EKtot   =      7079.1066  EPtot      =    -40244.0714
 BOND   =       157.4715  ANGLE   =       338.6950  DIHED      =       498.7275
 1-4 NB =       181.8717  1-4 EEL =      -334.8516  VDWAALS    =      4772.3854
 EELEC  =    -45858.3710  EHBOND  =         0.0000  RESTRAINT  =         0.0000
 EKCMT  =      3307.1145  VIRIAL  =      3137.3651  VOLUME     =    116838.1879
                                                    Density    =         1.0347
 Ewald error estimate:   0.1794E-03
 ------------------------------------------------------------------------------


 NSTEP =    47750   TIME(PS) =    1515.500  TEMP(K) =   302.56  PRESS =   381.4
 Etot   =    -33150.6953  EKtot   =      7164.3662  EPtot      =    -40315.0615
 BOND   =       165.2411  ANGLE   =       354.7141  DIHED      =       505.2997
 1-4 NB =       170.6079  1-4 EEL =      -364.6155  VDWAALS    =      4959.4856
 EELEC  =    -46105.7944  EHBOND  =         0.0000  RESTRAINT  =         0.0000
 EKCMT  =      3381.7343  VIRIAL  =      2418.5331  VOLUME     =    116979.6769
                                                    Density    =         1.0334
 Ewald error estimate:   0.5910E-04
 ------------------------------------------------------------------------------


 NSTEP =    48000   TIME(PS) =    1516.000  TEMP(K) =   307.45  PRESS =    -3.2
 Etot   =    -33191.9918  EKtot   =      7280.2728  EPtot      =    -40472.2646
 BOND   =       152.8698  ANGLE   =       347.9974  DIHED      =       493.4494
 1-4 NB =       171.3324  1-4 EEL =      -349.0124  VDWAALS    =      4800.3786
 EELEC  =    -46089.2797  EHBOND  =         0.0000  RESTRAINT  =         0.0000
 EKCMT  =      3387.0862  VIRIAL  =      3395.0637  VOLUME     =    117128.7626
                                                    Density    =         1.0321
 Ewald error estimate:   0.9827E-04
 ------------------------------------------------------------------------------


 NSTEP =    48250   TIME(PS) =    1516.500  TEMP(K) =   297.80  PRESS =    16.1
 Etot   =    -33231.4012  EKtot   =      7051.8241  EPtot      =    -40283.2253
 BOND   =       146.9625  ANGLE   =       355.3700  DIHED      =       489.3690
 1-4 NB =       169.8222  1-4 EEL =      -338.0093  VDWAALS    =      4830.5335
 EELEC  =    -45937.2730  EHBOND  =         0.0000  RESTRAINT  =         0.0000
 EKCMT  =      3285.2664  VIRIAL  =      3244.5904  VOLUME     =    117324.4076
                                                    Density    =         1.0304
 Ewald error estimate:   0.1202E-03
 ------------------------------------------------------------------------------


 NSTEP =    48500   TIME(PS) =    1517.000  TEMP(K) =   301.67  PRESS =  -155.7
 Etot   =    -33148.3717  EKtot   =      7143.4435  EPtot      =    -40291.8152
 BOND   =       176.7363  ANGLE   =       343.8755  DIHED      =       490.1094
 1-4 NB =       165.5307  1-4 EEL =      -361.9235  VDWAALS    =      4792.4309
 EELEC  =    -45898.5745  EHBOND  =         0.0000  RESTRAINT  =         0.0000
 EKCMT  =      3302.6075  VIRIAL  =      3697.0745  VOLUME     =    117323.6810
                                                    Density    =         1.0304
 Ewald error estimate:   0.1832E-03
 ------------------------------------------------------------------------------


 NSTEP =    48750   TIME(PS) =    1517.500  TEMP(K) =   301.78  PRESS =  -361.3
 Etot   =    -33262.6603  EKtot   =      7146.0374  EPtot      =    -40408.6977
 BOND   =       158.6542  ANGLE   =       336.8827  DIHED      =       504.2686
 1-4 NB =       174.6078  1-4 EEL =      -349.0960  VDWAALS    =      4759.1120
 EELEC  =    -45993.1270  EHBOND  =         0.0000  RESTRAINT  =         0.0000
 EKCMT  =      3375.6841  VIRIAL  =      4290.9243  VOLUME     =    117325.9325
                                                    Density    =         1.0304
 Ewald error estimate:   0.1668E-03
 ------------------------------------------------------------------------------


 NSTEP =    49000   TIME(PS) =    1518.000  TEMP(K) =   300.65  PRESS =  -171.5
 Etot   =    -33169.9041  EKtot   =      7119.1171  EPtot      =    -40289.0212
 BOND   =       147.6353  ANGLE   =       366.2402  DIHED      =       500.1605
 1-4 NB =       165.7711  1-4 EEL =      -356.2070  VDWAALS    =      4736.8488
 EELEC  =    -45849.4701  EHBOND  =         0.0000  RESTRAINT  =         0.0000
 EKCMT  =      3282.8338  VIRIAL  =      3717.2366  VOLUME     =    117339.1288
                                                    Density    =         1.0302
 Ewald error estimate:   0.8285E-04
 ------------------------------------------------------------------------------


 NSTEP =    49250   TIME(PS) =    1518.500  TEMP(K) =   302.36  PRESS =   183.2
 Etot   =    -33231.0687  EKtot   =      7159.7788  EPtot      =    -40390.8475
 BOND   =       157.4358  ANGLE   =       356.3194  DIHED      =       509.3112
 1-4 NB =       163.1954  1-4 EEL =      -346.9621  VDWAALS    =      4847.3600
 EELEC  =    -46077.5072  EHBOND  =         0.0000  RESTRAINT  =         0.0000
 EKCMT  =      3368.3319  VIRIAL  =      2904.2921  VOLUME     =    117322.6090
                                                    Density    =         1.0304
 Ewald error estimate:   0.3406E-03
 ------------------------------------------------------------------------------


 NSTEP =    49500   TIME(PS) =    1519.000  TEMP(K) =   297.45  PRESS =  -196.4
 Etot   =    -33367.8075  EKtot   =      7043.4460  EPtot      =    -40411.2535
 BOND   =       157.9431  ANGLE   =       356.5774  DIHED      =       490.9088
 1-4 NB =       170.7750  1-4 EEL =      -338.6359  VDWAALS    =      4768.2766
 EELEC  =    -46017.0985  EHBOND  =         0.0000  RESTRAINT  =         0.0000
 EKCMT  =      3281.2394  VIRIAL  =      3778.7471  VOLUME     =    117349.9756
                                                    Density    =         1.0301
 Ewald error estimate:   0.2311E-03
 ------------------------------------------------------------------------------


 NSTEP =    49750   TIME(PS) =    1519.500  TEMP(K) =   298.36  PRESS =    88.8
 Etot   =    -33208.1428  EKtot   =      7064.9548  EPtot      =    -40273.0976
 BOND   =       151.6046  ANGLE   =       374.4609  DIHED      =       499.3670
 1-4 NB =       171.3275  1-4 EEL =      -372.9834  VDWAALS    =      4897.5769
 EELEC  =    -45994.4511  EHBOND  =         0.0000  RESTRAINT  =         0.0000
 EKCMT  =      3357.2937  VIRIAL  =      3132.5534  VOLUME     =    117180.2387
                                                    Density    =         1.0316
 Ewald error estimate:   0.1719E-03
 ------------------------------------------------------------------------------


 NSTEP =    50000   TIME(PS) =    1520.000  TEMP(K) =   300.36  PRESS =   477.3
 Etot   =    -33198.3855  EKtot   =      7112.4274  EPtot      =    -40310.8128
 BOND   =       161.3170  ANGLE   =       350.2703  DIHED      =       497.1476
 1-4 NB =       182.3099  1-4 EEL =      -335.5761  VDWAALS    =      4975.8047
 EELEC  =    -46142.0862  EHBOND  =         0.0000  RESTRAINT  =         0.0000
 EKCMT  =      3330.4336  VIRIAL  =      2121.7795  VOLUME     =    117283.9115
                                                    Density    =         1.0307
 Ewald error estimate:   0.5256E-04
 ------------------------------------------------------------------------------


 NSTEP =    50250   TIME(PS) =    1520.500  TEMP(K) =   298.17  PRESS =   -21.6
 Etot   =    -33299.1315  EKtot   =      7060.4006  EPtot      =    -40359.5321
 BOND   =       161.5712  ANGLE   =       349.8983  DIHED      =       496.7696
 1-4 NB =       179.9274  1-4 EEL =      -342.4094  VDWAALS    =      4877.2475
 EELEC  =    -46082.5366  EHBOND  =         0.0000  RESTRAINT  =         0.0000
 EKCMT  =      3307.2104  VIRIAL  =      3362.0084  VOLUME     =    117473.1648
                                                    Density    =         1.0291
 Ewald error estimate:   0.2613E-03
 ------------------------------------------------------------------------------


 NSTEP =    50500   TIME(PS) =    1521.000  TEMP(K) =   302.94  PRESS =   -42.7
 Etot   =    -33291.1711  EKtot   =      7173.3153  EPtot      =    -40464.4864
 BOND   =       156.3585  ANGLE   =       364.2553  DIHED      =       512.4851
 1-4 NB =       162.3449  1-4 EEL =      -345.7545  VDWAALS    =      4826.0085
 EELEC  =    -46140.1842  EHBOND  =         0.0000  RESTRAINT  =         0.0000
 EKCMT  =      3347.2752  VIRIAL  =      3455.4334  VOLUME     =    117389.2071
                                                    Density    =         1.0298
 Ewald error estimate:   0.3834E-04
 ------------------------------------------------------------------------------


 NSTEP =    50750   TIME(PS) =    1521.500  TEMP(K) =   301.65  PRESS =   639.6
 Etot   =    -33204.9941  EKtot   =      7142.9225  EPtot      =    -40347.9166
 BOND   =       161.0436  ANGLE   =       384.7290  DIHED      =       494.9962
 1-4 NB =       171.3268  1-4 EEL =      -353.2788  VDWAALS    =      5058.9073
 EELEC  =    -46265.6408  EHBOND  =         0.0000  RESTRAINT  =         0.0000
 EKCMT  =      3281.4045  VIRIAL  =      1659.0288  VOLUME     =    117472.5403
                                                    Density    =         1.0291
 Ewald error estimate:   0.2678E-04
 ------------------------------------------------------------------------------


 NSTEP =    51000   TIME(PS) =    1522.000  TEMP(K) =   294.46  PRESS =  -270.0
 Etot   =    -33293.5982  EKtot   =      6972.5705  EPtot      =    -40266.1687
 BOND   =       171.8275  ANGLE   =       378.2537  DIHED      =       502.2332
 1-4 NB =       160.8192  1-4 EEL =      -350.9265  VDWAALS    =      4723.9931
 EELEC  =    -45852.3689  EHBOND  =         0.0000  RESTRAINT  =         0.0000
 EKCMT  =      3227.4120  VIRIAL  =      3911.7871  VOLUME     =    117392.6826
                                                    Density    =         1.0298
 Ewald error estimate:   0.3018E-04
 ------------------------------------------------------------------------------


 NSTEP =    51250   TIME(PS) =    1522.500  TEMP(K) =   302.20  PRESS =  -330.9
 Etot   =    -33166.6882  EKtot   =      7155.7978  EPtot      =    -40322.4859
 BOND   =       181.8255  ANGLE   =       358.0999  DIHED      =       505.2566
 1-4 NB =       173.6542  1-4 EEL =      -361.1479  VDWAALS    =      4546.3995
 EELEC  =    -45726.5737  EHBOND  =         0.0000  RESTRAINT  =         0.0000
 EKCMT  =      3340.0319  VIRIAL  =      4176.9950  VOLUME     =    117135.3129
                                                    Density    =         1.0320
 Ewald error estimate:   0.7697E-04
 ------------------------------------------------------------------------------


 NSTEP =    51500   TIME(PS) =    1523.000  TEMP(K) =   299.66  PRESS =   354.3
 Etot   =    -33123.6894  EKtot   =      7095.7341  EPtot      =    -40219.4235
 BOND   =       182.1642  ANGLE   =       379.8205  DIHED      =       517.9532
 1-4 NB =       174.0883  1-4 EEL =      -351.1961  VDWAALS    =      5018.5546
 EELEC  =    -46140.8082  EHBOND  =         0.0000  RESTRAINT  =         0.0000
 EKCMT  =      3374.7535  VIRIAL  =      2477.0851  VOLUME     =    117356.7710
                                                    Density    =         1.0301
 Ewald error estimate:   0.1955E-03
 ------------------------------------------------------------------------------


 NSTEP =    51750   TIME(PS) =    1523.500  TEMP(K) =   300.46  PRESS =  -160.1
 Etot   =    -33148.7021  EKtot   =      7114.7194  EPtot      =    -40263.4215
 BOND   =       150.0529  ANGLE   =       362.8356  DIHED      =       510.8289
 1-4 NB =       171.8270  1-4 EEL =      -341.8875  VDWAALS    =      4739.6612
 EELEC  =    -45856.7396  EHBOND  =         0.0000  RESTRAINT  =         0.0000
 EKCMT  =      3318.0107  VIRIAL  =      3723.4280  VOLUME     =    117314.6677
                                                    Density    =         1.0305
 Ewald error estimate:   0.3216E-04
 ------------------------------------------------------------------------------


 NSTEP =    52000   TIME(PS) =    1524.000  TEMP(K) =   300.60  PRESS =   -26.0
 Etot   =    -33167.8424  EKtot   =      7118.0562  EPtot      =    -40285.8986
 BOND   =       158.9967  ANGLE   =       356.8409  DIHED      =       515.4344
 1-4 NB =       173.6976  1-4 EEL =      -379.8292  VDWAALS    =      4819.2020
 EELEC  =    -45930.2410  EHBOND  =         0.0000  RESTRAINT  =         0.0000
 EKCMT  =      3367.7426  VIRIAL  =      3433.4345  VOLUME     =    117158.0926
                                                    Density    =         1.0318
 Ewald error estimate:   0.2212E-03
 ------------------------------------------------------------------------------


 NSTEP =    52250   TIME(PS) =    1524.500  TEMP(K) =   297.59  PRESS =   -37.3
 Etot   =    -33174.7282  EKtot   =      7046.6874  EPtot      =    -40221.4157
 BOND   =       169.1781  ANGLE   =       369.9937  DIHED      =       516.0968
 1-4 NB =       168.2886  1-4 EEL =      -351.5367  VDWAALS    =      4842.6480
 EELEC  =    -45936.0842  EHBOND  =         0.0000  RESTRAINT  =         0.0000
 EKCMT  =      3297.4841  VIRIAL  =      3391.8465  VOLUME     =    117231.7247
                                                    Density    =         1.0312
 Ewald error estimate:   0.1300E-06
 ------------------------------------------------------------------------------


 NSTEP =    52500   TIME(PS) =    1525.000  TEMP(K) =   300.20  PRESS =    -3.9
 Etot   =    -33285.7154  EKtot   =      7108.5770  EPtot      =    -40394.2923
 BOND   =       168.6650  ANGLE   =       346.8634  DIHED      =       503.8171
 1-4 NB =       167.7426  1-4 EEL =      -329.0547  VDWAALS    =      4866.5258
 EELEC  =    -46118.8515  EHBOND  =         0.0000  RESTRAINT  =         0.0000
 EKCMT  =      3329.1382  VIRIAL  =      3338.9100  VOLUME     =    117074.9459
                                                    Density    =         1.0326
 Ewald error estimate:   0.8323E-05
 ------------------------------------------------------------------------------


 NSTEP =    52750   TIME(PS) =    1525.500  TEMP(K) =   297.65  PRESS =  -120.5
 Etot   =    -33321.9948  EKtot   =      7048.0995  EPtot      =    -40370.0943
 BOND   =       161.0511  ANGLE   =       337.4166  DIHED      =       496.1833
 1-4 NB =       177.2572  1-4 EEL =      -345.7034  VDWAALS    =      4838.4268
 EELEC  =    -46034.7260  EHBOND  =         0.0000  RESTRAINT  =         0.0000
 EKCMT  =      3310.1801  VIRIAL  =      3614.6526  VOLUME     =    117010.5208
                                                    Density    =         1.0331
 Ewald error estimate:   0.1584E-04
 ------------------------------------------------------------------------------


 NSTEP =    53000   TIME(PS) =    1526.000  TEMP(K) =   300.23  PRESS =   347.6
 Etot   =    -33327.9366  EKtot   =      7109.1786  EPtot      =    -40437.1152
 BOND   =       158.4496  ANGLE   =       324.8825  DIHED      =       500.2867
 1-4 NB =       169.7239  1-4 EEL =      -351.0798  VDWAALS    =      4988.0389
 EELEC  =    -46227.4169  EHBOND  =         0.0000  RESTRAINT  =         0.0000
 EKCMT  =      3368.9703  VIRIAL  =      2490.9706  VOLUME     =    116977.7291
                                                    Density    =         1.0334
 Ewald error estimate:   0.3112E-05
 ------------------------------------------------------------------------------


 NSTEP =    53250   TIME(PS) =    1526.500  TEMP(K) =   300.57  PRESS =  -169.8
 Etot   =    -33317.9963  EKtot   =      7117.2475  EPtot      =    -40435.2438
 BOND   =       159.9674  ANGLE   =       361.6155  DIHED      =       515.0785
 1-4 NB =       174.9654  1-4 EEL =      -352.7751  VDWAALS    =      4815.1367
 EELEC  =    -46109.2321  EHBOND  =         0.0000  RESTRAINT  =         0.0000
 EKCMT  =      3333.2319  VIRIAL  =      3761.7666  VOLUME     =    116912.7574
                                                    Density    =         1.0340
 Ewald error estimate:   0.1583E-03
 ------------------------------------------------------------------------------


 NSTEP =    53500   TIME(PS) =    1527.000  TEMP(K) =   295.36  PRESS =  -194.0
 Etot   =    -33325.5425  EKtot   =      6993.9567  EPtot      =    -40319.4992
 BOND   =       144.6778  ANGLE   =       351.3392  DIHED      =       486.6896
 1-4 NB =       176.4587  1-4 EEL =      -344.4373  VDWAALS    =      4715.6613
 EELEC  =    -45849.8884  EHBOND  =         0.0000  RESTRAINT  =         0.0000
 EKCMT  =      3257.3570  VIRIAL  =      3746.5478  VOLUME     =    116774.9628
                                                    Density    =         1.0352
 Ewald error estimate:   0.1577E-03
 ------------------------------------------------------------------------------


 NSTEP =    53750   TIME(PS) =    1527.500  TEMP(K) =   296.25  PRESS =  -232.5
 Etot   =    -33304.1574  EKtot   =      7015.0343  EPtot      =    -40319.1917
 BOND   =       139.6500  ANGLE   =       366.7600  DIHED      =       491.3643
 1-4 NB =       166.3871  1-4 EEL =      -355.8683  VDWAALS    =      4803.0001
 EELEC  =    -45930.4849  EHBOND  =         0.0000  RESTRAINT  =         0.0000
 EKCMT  =      3279.3892  VIRIAL  =      3864.8105  VOLUME     =    116636.7113
                                                    Density    =         1.0364
 Ewald error estimate:   0.4883E-04
 ------------------------------------------------------------------------------


 NSTEP =    54000   TIME(PS) =    1528.000  TEMP(K) =   296.63  PRESS =  -443.4
 Etot   =    -33317.4262  EKtot   =      7023.9953  EPtot      =    -40341.4215
 BOND   =       153.1238  ANGLE   =       360.5873  DIHED      =       495.0569
 1-4 NB =       168.4283  1-4 EEL =      -338.0738  VDWAALS    =      4685.0390
 EELEC  =    -45865.5830  EHBOND  =         0.0000  RESTRAINT  =         0.0000
 EKCMT  =      3236.5205  VIRIAL  =      4354.3592  VOLUME     =    116750.2962
                                                    Density    =         1.0354
 Ewald error estimate:   0.1289E-03
 ------------------------------------------------------------------------------


 NSTEP =    54250   TIME(PS) =    1528.500  TEMP(K) =   300.89  PRESS =   -86.7
 Etot   =    -33471.5661  EKtot   =      7124.8317  EPtot      =    -40596.3977
 BOND   =       179.3966  ANGLE   =       346.4331  DIHED      =       498.8039
 1-4 NB =       165.8083  1-4 EEL =      -351.2345  VDWAALS    =      4871.8134
 EELEC  =    -46307.4185  EHBOND  =         0.0000  RESTRAINT  =         0.0000
 EKCMT  =      3352.9605  VIRIAL  =      3571.4138  VOLUME     =    116753.7632
                                                    Density    =         1.0354
 Ewald error estimate:   0.3268E-04
 ------------------------------------------------------------------------------


 NSTEP =    54500   TIME(PS) =    1529.000  TEMP(K) =   298.91  PRESS =    -2.7
 Etot   =    -33543.7991  EKtot   =      7078.0879  EPtot      =    -40621.8870
 BOND   =       146.6141  ANGLE   =       330.0789  DIHED      =       503.6863
 1-4 NB =       171.7430  1-4 EEL =      -302.6575  VDWAALS    =      4851.1253
 EELEC  =    -46322.4771  EHBOND  =         0.0000  RESTRAINT  =         0.0000
 EKCMT  =      3341.2929  VIRIAL  =      3347.9811  VOLUME     =    116873.5006
                                                    Density    =         1.0343
 Ewald error estimate:   0.1529E-03
 ------------------------------------------------------------------------------


 NSTEP =    54750   TIME(PS) =    1529.500  TEMP(K) =   298.57  PRESS =  -143.0
 Etot   =    -33511.3638  EKtot   =      7069.8988  EPtot      =    -40581.2626
 BOND   =       157.2350  ANGLE   =       332.8327  DIHED      =       505.2132
 1-4 NB =       167.1691  1-4 EEL =      -358.9944  VDWAALS    =      5002.3195
 EELEC  =    -46387.0377  EHBOND  =         0.0000  RESTRAINT  =         0.0000
 EKCMT  =      3341.6520  VIRIAL  =      3702.3914  VOLUME     =    116872.8293
                                                    Density    =         1.0343
 Ewald error estimate:   0.4146E-04
 ------------------------------------------------------------------------------


 NSTEP =    55000   TIME(PS) =    1530.000  TEMP(K) =   297.60  PRESS =  -272.3
 Etot   =    -33572.3531  EKtot   =      7046.9720  EPtot      =    -40619.3251
 BOND   =       147.4907  ANGLE   =       349.2755  DIHED      =       512.0504
 1-4 NB =       166.3785  1-4 EEL =      -332.5932  VDWAALS    =      4745.2357
 EELEC  =    -46207.1626  EHBOND  =         0.0000  RESTRAINT  =         0.0000
 EKCMT  =      3347.0137  VIRIAL  =      4034.3119  VOLUME     =    116914.6448
                                                    Density    =         1.0340
 Ewald error estimate:   0.1533E-03
 ------------------------------------------------------------------------------


 NSTEP =    55250   TIME(PS) =    1530.500  TEMP(K) =   295.95  PRESS =   119.4
 Etot   =    -33464.6108  EKtot   =      7007.9739  EPtot      =    -40472.5847
 BOND   =       153.2750  ANGLE   =       349.5949  DIHED      =       499.5787
 1-4 NB =       175.9257  1-4 EEL =      -336.3866  VDWAALS    =      5026.2376
 EELEC  =    -46340.8099  EHBOND  =         0.0000  RESTRAINT  =         0.0000
 EKCMT  =      3248.0567  VIRIAL  =      2947.0560  VOLUME     =    116758.3015
                                                    Density    =         1.0354
 Ewald error estimate:   0.2036E-03
 ------------------------------------------------------------------------------


 NSTEP =    55500   TIME(PS) =    1531.000  TEMP(K) =   299.77  PRESS =    62.5
 Etot   =    -33480.0366  EKtot   =      7098.2946  EPtot      =    -40578.3312
 BOND   =       148.2742  ANGLE   =       314.4572  DIHED      =       514.8488
 1-4 NB =       172.1384  1-4 EEL =      -343.9928  VDWAALS    =      4923.9190
 EELEC  =    -46307.9761  EHBOND  =         0.0000  RESTRAINT  =         0.0000
 EKCMT  =      3279.3791  VIRIAL  =      3121.6860  VOLUME     =    116829.4711
                                                    Density    =         1.0347
 Ewald error estimate:   0.1324E-03
 ------------------------------------------------------------------------------


 NSTEP =    55750   TIME(PS) =    1531.500  TEMP(K) =   298.21  PRESS =    -5.7
 Etot   =    -33524.3861  EKtot   =      7061.4194  EPtot      =    -40585.8055
 BOND   =       164.5959  ANGLE   =       342.1661  DIHED      =       513.4249
 1-4 NB =       172.6202  1-4 EEL =      -349.5845  VDWAALS    =      4933.8231
 EELEC  =    -46362.8512  EHBOND  =         0.0000  RESTRAINT  =         0.0000
 EKCMT  =      3350.3336  VIRIAL  =      3364.6511  VOLUME     =    116840.4863
                                                    Density    =         1.0346
 Ewald error estimate:   0.1830E-03
 ------------------------------------------------------------------------------


 NSTEP =    56000   TIME(PS) =    1532.000  TEMP(K) =   294.61  PRESS =   242.1
 Etot   =    -33521.6872  EKtot   =      6976.0820  EPtot      =    -40497.7691
 BOND   =       157.2603  ANGLE   =       342.3479  DIHED      =       497.3003
 1-4 NB =       171.2230  1-4 EEL =      -360.6361  VDWAALS    =      4992.8996
 EELEC  =    -46298.1641  EHBOND  =         0.0000  RESTRAINT  =         0.0000
 EKCMT  =      3252.0502  VIRIAL  =      2641.0721  VOLUME     =    116878.9077
                                                    Density    =         1.0343
 Ewald error estimate:   0.1462E-03
 ------------------------------------------------------------------------------


 NSTEP =    56250   TIME(PS) =    1532.500  TEMP(K) =   297.18  PRESS =   136.4
 Etot   =    -33480.9383  EKtot   =      7037.0114  EPtot      =    -40517.9497
 BOND   =       142.3484  ANGLE   =       329.0812  DIHED      =       499.1829
 1-4 NB =       177.2658  1-4 EEL =      -315.0915  VDWAALS    =      4928.1995
 EELEC  =    -46278.9360  EHBOND  =         0.0000  RESTRAINT  =         0.0000
 EKCMT  =      3322.1775  VIRIAL  =      2977.7334  VOLUME     =    116986.0604
                                                    Density    =         1.0333
 Ewald error estimate:   0.6891E-04
 ------------------------------------------------------------------------------


 NSTEP =    56500   TIME(PS) =    1533.000  TEMP(K) =   301.48  PRESS =    70.1
 Etot   =    -33264.3511  EKtot   =      7138.7402  EPtot      =    -40403.0912
 BOND   =       164.8159  ANGLE   =       362.0480  DIHED      =       502.4811
 1-4 NB =       169.7804  1-4 EEL =      -331.3232  VDWAALS    =      4903.8257
 EELEC  =    -46174.7191  EHBOND  =         0.0000  RESTRAINT  =         0.0000
 EKCMT  =      3315.6692  VIRIAL  =      3138.7189  VOLUME     =    116956.9489
                                                    Density    =         1.0336
 Ewald error estimate:   0.8743E-04
 ------------------------------------------------------------------------------


 NSTEP =    56750   TIME(PS) =    1533.500  TEMP(K) =   297.49  PRESS =   -20.8
 Etot   =    -33354.7073  EKtot   =      7044.3741  EPtot      =    -40399.0813
 BOND   =       155.8098  ANGLE   =       348.5676  DIHED      =       508.3469
 1-4 NB =       171.1020  1-4 EEL =      -351.0429  VDWAALS    =      4813.8580
 EELEC  =    -46045.7228  EHBOND  =         0.0000  RESTRAINT  =         0.0000
 EKCMT  =      3287.6259  VIRIAL  =      3340.1912  VOLUME     =    116928.6987
                                                    Density    =         1.0339
 Ewald error estimate:   0.7818E-04
 ------------------------------------------------------------------------------


 NSTEP =    57000   TIME(PS) =    1534.000  TEMP(K) =   302.00  PRESS =  -106.9
 Etot   =    -33328.4529  EKtot   =      7151.1693  EPtot      =    -40479.6221
 BOND   =       157.8201  ANGLE   =       386.3667  DIHED      =       500.3576
 1-4 NB =       175.7362  1-4 EEL =      -346.8025  VDWAALS    =      4790.7304
 EELEC  =    -46143.8306  EHBOND  =         0.0000  RESTRAINT  =         0.0000
 EKCMT  =      3332.0217  VIRIAL  =      3601.8346  VOLUME     =    116939.8968
                                                    Density    =         1.0338
 Ewald error estimate:   0.5705E-04
 ------------------------------------------------------------------------------


 NSTEP =    57250   TIME(PS) =    1534.500  TEMP(K) =   298.60  PRESS =   -36.5
 Etot   =    -33336.4968  EKtot   =      7070.6171  EPtot      =    -40407.1139
 BOND   =       157.3369  ANGLE   =       355.8703  DIHED      =       495.9663
 1-4 NB =       169.6801  1-4 EEL =      -347.5007  VDWAALS    =      4823.9543
 EELEC  =    -46062.4211  EHBOND  =         0.0000  RESTRAINT  =         0.0000
 EKCMT  =      3375.8778  VIRIAL  =      3468.0354  VOLUME     =    116945.2046
                                                    Density    =         1.0337
 Ewald error estimate:   0.2663E-04
 ------------------------------------------------------------------------------


 NSTEP =    57500   TIME(PS) =    1535.000  TEMP(K) =   296.43  PRESS =   -35.1
 Etot   =    -33403.3584  EKtot   =      7019.3422  EPtot      =    -40422.7006
 BOND   =       156.5832  ANGLE   =       357.1273  DIHED      =       491.5692
 1-4 NB =       177.7173  1-4 EEL =      -334.5212  VDWAALS    =      4847.2952
 EELEC  =    -46118.4716  EHBOND  =         0.0000  RESTRAINT  =         0.0000
 EKCMT  =      3263.6463  VIRIAL  =      3352.1757  VOLUME     =    116919.1163
                                                    Density    =         1.0339
 Ewald error estimate:   0.8582E-05
 ------------------------------------------------------------------------------


 NSTEP =    57750   TIME(PS) =    1535.500  TEMP(K) =   297.03  PRESS =   -66.8
 Etot   =    -33423.2075  EKtot   =      7033.5641  EPtot      =    -40456.7716
 BOND   =       165.5915  ANGLE   =       335.3790  DIHED      =       500.3144
 1-4 NB =       170.4840  1-4 EEL =      -339.6404  VDWAALS    =      4830.1412
 EELEC  =    -46119.0413  EHBOND  =         0.0000  RESTRAINT  =         0.0000
 EKCMT  =      3314.6591  VIRIAL  =      3483.3033  VOLUME     =    116945.7900
                                                    Density    =         1.0337
 Ewald error estimate:   0.1210E-03
 ------------------------------------------------------------------------------


 NSTEP =    58000   TIME(PS) =    1536.000  TEMP(K) =   301.70  PRESS =   208.9
 Etot   =    -33383.2676  EKtot   =      7144.0190  EPtot      =    -40527.2866
 BOND   =       161.9659  ANGLE   =       342.4373  DIHED      =       502.7665
 1-4 NB =       167.8726  1-4 EEL =      -325.1956  VDWAALS    =      5060.1276
 EELEC  =    -46437.2609  EHBOND  =         0.0000  RESTRAINT  =         0.0000
 EKCMT  =      3287.3664  VIRIAL  =      2759.3150  VOLUME     =    117063.6716
                                                    Density    =         1.0327
 Ewald error estimate:   0.2005E-03
 ------------------------------------------------------------------------------


 NSTEP =    58250   TIME(PS) =    1536.500  TEMP(K) =   300.15  PRESS =  -343.4
 Etot   =    -33423.4269  EKtot   =      7107.2519  EPtot      =    -40530.6788
 BOND   =       150.6581  ANGLE   =       351.3582  DIHED      =       501.0987
 1-4 NB =       175.0957  1-4 EEL =      -337.7140  VDWAALS    =      4790.5793
 EELEC  =    -46161.7549  EHBOND  =         0.0000  RESTRAINT  =         0.0000
 EKCMT  =      3341.4772  VIRIAL  =      4209.9056  VOLUME     =    117138.6492
                                                    Density    =         1.0320
 Ewald error estimate:   0.4516E-04
 ------------------------------------------------------------------------------


 NSTEP =    58500   TIME(PS) =    1537.000  TEMP(K) =   296.13  PRESS =   101.7
 Etot   =    -33489.1252  EKtot   =      7012.2286  EPtot      =    -40501.3539
 BOND   =       145.3477  ANGLE   =       330.2457  DIHED      =       514.3511
 1-4 NB =       172.9517  1-4 EEL =      -326.4009  VDWAALS    =      4961.5149
 EELEC  =    -46299.3642  EHBOND  =         0.0000  RESTRAINT  =         0.0000
 EKCMT  =      3277.8798  VIRIAL  =      3020.4575  VOLUME     =    117203.3023
                                                    Density    =         1.0314
 Ewald error estimate:   0.7441E-04
 ------------------------------------------------------------------------------


 NSTEP =    58750   TIME(PS) =    1537.500  TEMP(K) =   296.44  PRESS =    38.6
 Etot   =    -33425.8272  EKtot   =      7019.4081  EPtot      =    -40445.2354
 BOND   =       157.6562  ANGLE   =       354.4592  DIHED      =       498.2820
 1-4 NB =       169.7296  1-4 EEL =      -349.0744  VDWAALS    =      4874.8830
 EELEC  =    -46151.1709  EHBOND  =         0.0000  RESTRAINT  =         0.0000
 EKCMT  =      3290.4335  VIRIAL  =      3192.8400  VOLUME     =    117230.2945
                                                    Density    =         1.0312
 Ewald error estimate:   0.1107E-03
 ------------------------------------------------------------------------------


 NSTEP =    59000   TIME(PS) =    1538.000  TEMP(K) =   302.87  PRESS =  -140.5
 Etot   =    -33214.3933  EKtot   =      7171.7587  EPtot      =    -40386.1520
 BOND   =       161.3413  ANGLE   =       363.4575  DIHED      =       515.5191
 1-4 NB =       171.3637  1-4 EEL =      -343.1062  VDWAALS    =      4867.2280
 EELEC  =    -46121.9555  EHBOND  =         0.0000  RESTRAINT  =         0.0000
 EKCMT  =      3362.2176  VIRIAL  =      3717.6997  VOLUME     =    117187.4576
                                                    Density    =         1.0316
 Ewald error estimate:   0.4232E-04
 ------------------------------------------------------------------------------


 NSTEP =    59250   TIME(PS) =    1538.500  TEMP(K) =   298.99  PRESS =   -47.4
 Etot   =    -33280.3933  EKtot   =      7079.8390  EPtot      =    -40360.2323
 BOND   =       159.5560  ANGLE   =       362.1180  DIHED      =       500.2869
 1-4 NB =       172.2921  1-4 EEL =      -317.7096  VDWAALS    =      4866.1914
 EELEC  =    -46102.9671  EHBOND  =         0.0000  RESTRAINT  =         0.0000
 EKCMT  =      3295.2958  VIRIAL  =      3415.0296  VOLUME     =    117022.4267
                                                    Density    =         1.0330
 Ewald error estimate:   0.2913E-03
 ------------------------------------------------------------------------------


 NSTEP =    59500   TIME(PS) =    1539.000  TEMP(K) =   300.56  PRESS =    61.2
 Etot   =    -33333.8521  EKtot   =      7117.0137  EPtot      =    -40450.8658
 BOND   =       166.3493  ANGLE   =       344.8005  DIHED      =       491.6102
 1-4 NB =       172.0532  1-4 EEL =      -335.9452  VDWAALS    =      4857.9679
 EELEC  =    -46147.7018  EHBOND  =         0.0000  RESTRAINT  =         0.0000
 EKCMT  =      3267.4399  VIRIAL  =      3112.9133  VOLUME     =    116979.9666
                                                    Density    =         1.0334
 Ewald error estimate:   0.7399E-04
 ------------------------------------------------------------------------------


 NSTEP =    59750   TIME(PS) =    1539.500  TEMP(K) =   302.91  PRESS =    13.8
 Etot   =    -33181.5579  EKtot   =      7172.6070  EPtot      =    -40354.1650
 BOND   =       157.8753  ANGLE   =       369.8352  DIHED      =       506.4953
 1-4 NB =       169.6523  1-4 EEL =      -351.8845  VDWAALS    =      4819.9940
 EELEC  =    -46026.1325  EHBOND  =         0.0000  RESTRAINT  =         0.0000
 EKCMT  =      3318.2716  VIRIAL  =      3283.4694  VOLUME     =    116865.7209
                                                    Density    =         1.0344
 Ewald error estimate:   0.2452E-04
 ------------------------------------------------------------------------------


 NSTEP =    60000   TIME(PS) =    1540.000  TEMP(K) =   302.31  PRESS =  -251.4
 Etot   =    -33190.1298  EKtot   =      7158.4698  EPtot      =    -40348.5996
 BOND   =       154.4702  ANGLE   =       353.2221  DIHED      =       512.3489
 1-4 NB =       173.2063  1-4 EEL =      -353.0071  VDWAALS    =      4771.0494
 EELEC  =    -45959.8893  EHBOND  =         0.0000  RESTRAINT  =         0.0000
 EKCMT  =      3337.8418  VIRIAL  =      3972.0816  VOLUME     =    116855.3814
                                                    Density    =         1.0345
 Ewald error estimate:   0.7341E-04
 ------------------------------------------------------------------------------


 NSTEP =    60250   TIME(PS) =    1540.500  TEMP(K) =   299.05  PRESS =  -360.2
 Etot   =    -33269.9449  EKtot   =      7081.2762  EPtot      =    -40351.2211
 BOND   =       163.2977  ANGLE   =       344.4896  DIHED      =       492.7473
 1-4 NB =       166.2120  1-4 EEL =      -345.4749  VDWAALS    =      4719.4578
 EELEC  =    -45891.9507  EHBOND  =         0.0000  RESTRAINT  =         0.0000
 EKCMT  =      3254.9987  VIRIAL  =      4163.1551  VOLUME     =    116786.5502
                                                    Density    =         1.0351
 Ewald error estimate:   0.4899E-04
 ------------------------------------------------------------------------------


 NSTEP =    60500   TIME(PS) =    1541.000  TEMP(K) =   300.70  PRESS =   -26.7
 Etot   =    -33225.8888  EKtot   =      7120.2990  EPtot      =    -40346.1878
 BOND   =       128.0296  ANGLE   =       368.4389  DIHED      =       488.1305
 1-4 NB =       172.0898  1-4 EEL =      -339.7944  VDWAALS    =      4808.7588
 EELEC  =    -45971.8410  EHBOND  =         0.0000  RESTRAINT  =         0.0000
 EKCMT  =      3277.1200  VIRIAL  =      3344.3714  VOLUME     =    116847.2447
                                                    Density    =         1.0346
 Ewald error estimate:   0.7262E-04
 ------------------------------------------------------------------------------


 NSTEP =    60750   TIME(PS) =    1541.500  TEMP(K) =   301.88  PRESS =    -8.9
 Etot   =    -33320.9535  EKtot   =      7148.3844  EPtot      =    -40469.3380
 BOND   =       161.9607  ANGLE   =       335.0991  DIHED      =       490.7860
 1-4 NB =       170.1465  1-4 EEL =      -347.5842  VDWAALS    =      4893.5274
 EELEC  =    -46173.2734  EHBOND  =         0.0000  RESTRAINT  =         0.0000
 EKCMT  =      3303.2841  VIRIAL  =      3325.7296  VOLUME     =    116960.4324
                                                    Density    =         1.0336
 Ewald error estimate:   0.2801E-04
 ------------------------------------------------------------------------------


 NSTEP =    61000   TIME(PS) =    1542.000  TEMP(K) =   300.63  PRESS =   -89.1
 Etot   =    -33293.4426  EKtot   =      7118.7936  EPtot      =    -40412.2362
 BOND   =       165.7903  ANGLE   =       347.3534  DIHED      =       485.0835
 1-4 NB =       173.5768  1-4 EEL =      -329.5791  VDWAALS    =      4794.7579
 EELEC  =    -46049.2191  EHBOND  =         0.0000  RESTRAINT  =         0.0000
 EKCMT  =      3331.4203  VIRIAL  =      3556.4507  VOLUME     =    116932.5901
                                                    Density    =         1.0338
 Ewald error estimate:   0.1270E-03
 ------------------------------------------------------------------------------


 NSTEP =    61250   TIME(PS) =    1542.500  TEMP(K) =   298.75  PRESS =   293.3
 Etot   =    -33387.7581  EKtot   =      7074.2651  EPtot      =    -40462.0232
 BOND   =       138.8602  ANGLE   =       360.1615  DIHED      =       499.6868
 1-4 NB =       167.4859  1-4 EEL =      -350.0473  VDWAALS    =      4966.5058
 EELEC  =    -46244.6760  EHBOND  =         0.0000  RESTRAINT  =         0.0000
 EKCMT  =      3274.9506  VIRIAL  =      2535.3740  VOLUME     =    116797.6554
                                                    Density    =         1.0350
 Ewald error estimate:   0.2066E-04
 ------------------------------------------------------------------------------


 NSTEP =    61500   TIME(PS) =    1543.000  TEMP(K) =   300.79  PRESS =  -165.2
 Etot   =    -33382.4588  EKtot   =      7122.4903  EPtot      =    -40504.9491
 BOND   =       139.3722  ANGLE   =       345.4716  DIHED      =       498.9946
 1-4 NB =       170.5065  1-4 EEL =      -340.7229  VDWAALS    =      4830.9931
 EELEC  =    -46149.5642  EHBOND  =         0.0000  RESTRAINT  =         0.0000
 EKCMT  =      3387.3428  VIRIAL  =      3803.6780  VOLUME     =    116744.3437
                                                    Density    =         1.0355
 Ewald error estimate:   0.8091E-05
 ------------------------------------------------------------------------------


 NSTEP =    61750   TIME(PS) =    1543.500  TEMP(K) =   296.26  PRESS =   -13.0
 Etot   =    -33418.8168  EKtot   =      7015.3322  EPtot      =    -40434.1490
 BOND   =       152.4761  ANGLE   =       355.7205  DIHED      =       509.4173
 1-4 NB =       178.9829  1-4 EEL =      -338.5104  VDWAALS    =      4945.9858
 EELEC  =    -46238.2213  EHBOND  =         0.0000  RESTRAINT  =         0.0000
 EKCMT  =      3263.8918  VIRIAL  =      3296.7113  VOLUME     =    116844.1360
                                                    Density    =         1.0346
 Ewald error estimate:   0.5186E-04
 ------------------------------------------------------------------------------


 NSTEP =    62000   TIME(PS) =    1544.000  TEMP(K) =   295.93  PRESS =  -211.7
 Etot   =    -33357.3756  EKtot   =      7007.5262  EPtot      =    -40364.9018
 BOND   =       150.1100  ANGLE   =       356.0570  DIHED      =       502.2493
 1-4 NB =       169.6619  1-4 EEL =      -336.3187  VDWAALS    =      4803.2333
 EELEC  =    -46009.8946  EHBOND  =         0.0000  RESTRAINT  =         0.0000
 EKCMT  =      3302.1277  VIRIAL  =      3835.7552  VOLUME     =    116755.2368
                                                    Density    =         1.0354
 Ewald error estimate:   0.4730E-05
 ------------------------------------------------------------------------------


 NSTEP =    62250   TIME(PS) =    1544.500  TEMP(K) =   298.88  PRESS =   255.9
 Etot   =    -33318.4352  EKtot   =      7077.1873  EPtot      =    -40395.6225
 BOND   =       161.0806  ANGLE   =       362.4313  DIHED      =       501.7964
 1-4 NB =       164.8948  1-4 EEL =      -340.3079  VDWAALS    =      4998.9026
 EELEC  =    -46244.4203  EHBOND  =         0.0000  RESTRAINT  =         0.0000
 EKCMT  =      3359.2216  VIRIAL  =      2713.7403  VOLUME     =    116826.0027
                                                    Density    =         1.0348
 Ewald error estimate:   0.4726E-04
 ------------------------------------------------------------------------------


 NSTEP =    62500   TIME(PS) =    1545.000  TEMP(K) =   300.11  PRESS =   -83.1
 Etot   =    -33192.3803  EKtot   =      7106.4917  EPtot      =    -40298.8720
 BOND   =       152.2744  ANGLE   =       374.2018  DIHED      =       493.0963
 1-4 NB =       170.6776  1-4 EEL =      -352.8868  VDWAALS    =      4803.8463
 EELEC  =    -45940.0817  EHBOND  =         0.0000  RESTRAINT  =         0.0000
 EKCMT  =      3299.0524  VIRIAL  =      3508.9183  VOLUME     =    117013.7254
                                                    Density    =         1.0331
 Ewald error estimate:   0.1597E-03
 ------------------------------------------------------------------------------


 NSTEP =    62750   TIME(PS) =    1545.500  TEMP(K) =   299.38  PRESS =   197.2
 Etot   =    -33200.3841  EKtot   =      7089.0296  EPtot      =    -40289.4136
 BOND   =       157.4677  ANGLE   =       351.4831  DIHED      =       520.2749
 1-4 NB =       174.3034  1-4 EEL =      -346.8456  VDWAALS    =      4880.8286
 EELEC  =    -46026.9258  EHBOND  =         0.0000  RESTRAINT  =         0.0000
 EKCMT  =      3296.6246  VIRIAL  =      2798.6946  VOLUME     =    116948.7498
                                                    Density    =         1.0337
 Ewald error estimate:   0.1510E-03
 ------------------------------------------------------------------------------


 NSTEP =    63000   TIME(PS) =    1546.000  TEMP(K) =   299.24  PRESS =   -77.8
 Etot   =    -33281.3677  EKtot   =      7085.9210  EPtot      =    -40367.2887
 BOND   =       140.5968  ANGLE   =       363.0414  DIHED      =       494.2288
 1-4 NB =       168.7221  1-4 EEL =      -371.8931  VDWAALS    =      4868.8086
 EELEC  =    -46030.7934  EHBOND  =         0.0000  RESTRAINT  =         0.0000
 EKCMT  =      3326.5262  VIRIAL  =      3523.0937  VOLUME     =    117032.3550
                                                    Density    =         1.0329
 Ewald error estimate:   0.6394E-04
 ------------------------------------------------------------------------------


 NSTEP =    63250   TIME(PS) =    1546.500  TEMP(K) =   298.85  PRESS =   -86.4
 Etot   =    -33402.9548  EKtot   =      7076.4695  EPtot      =    -40479.4243
 BOND   =       144.8224  ANGLE   =       362.3371  DIHED      =       490.8782
 1-4 NB =       175.1303  1-4 EEL =      -351.7847  VDWAALS    =      4736.0177
 EELEC  =    -46036.8252  EHBOND  =         0.0000  RESTRAINT  =         0.0000
 EKCMT  =      3322.9072  VIRIAL  =      3541.0981  VOLUME     =    116972.0255
                                                    Density    =         1.0335
 Ewald error estimate:   0.1598E-03
 ------------------------------------------------------------------------------


 NSTEP =    63500   TIME(PS) =    1547.000  TEMP(K) =   300.28  PRESS =   340.1
 Etot   =    -33301.6381  EKtot   =      7110.5204  EPtot      =    -40412.1586
 BOND   =       163.8451  ANGLE   =       351.5909  DIHED      =       503.9466
 1-4 NB =       181.8989  1-4 EEL =      -344.9706  VDWAALS    =      4976.0914
 EELEC  =    -46244.5609  EHBOND  =         0.0000  RESTRAINT  =         0.0000
 EKCMT  =      3322.0933  VIRIAL  =      2463.2474  VOLUME     =    116959.3243
                                                    Density    =         1.0336
 Ewald error estimate:   0.1239E-03
 ------------------------------------------------------------------------------


 NSTEP =    63750   TIME(PS) =    1547.500  TEMP(K) =   300.72  PRESS =    24.2
 Etot   =    -33334.6925  EKtot   =      7120.8566  EPtot      =    -40455.5491
 BOND   =       187.7686  ANGLE   =       349.1416  DIHED      =       493.9318
 1-4 NB =       169.7609  1-4 EEL =      -354.6942  VDWAALS    =      4849.3937
 EELEC  =    -46150.8514  EHBOND  =         0.0000  RESTRAINT  =         0.0000
 EKCMT  =      3384.8961  VIRIAL  =      3323.8459  VOLUME     =    116871.3961
                                                    Density    =         1.0344
 Ewald error estimate:   0.1374E-03
 ------------------------------------------------------------------------------


 NSTEP =    64000   TIME(PS) =    1548.000  TEMP(K) =   299.77  PRESS =   -91.8
 Etot   =    -33302.8843  EKtot   =      7098.2725  EPtot      =    -40401.1569
 BOND   =       158.5843  ANGLE   =       351.6120  DIHED      =       508.4657
 1-4 NB =       165.3196  1-4 EEL =      -347.3773  VDWAALS    =      4824.9615
 EELEC  =    -46062.7228  EHBOND  =         0.0000  RESTRAINT  =         0.0000
 EKCMT  =      3282.8037  VIRIAL  =      3514.1901  VOLUME     =    116743.7505
                                                    Density    =         1.0355
 Ewald error estimate:   0.5573E-04
 ------------------------------------------------------------------------------


 NSTEP =    64250   TIME(PS) =    1548.500  TEMP(K) =   299.11  PRESS =  -325.6
 Etot   =    -33382.8223  EKtot   =      7082.6798  EPtot      =    -40465.5021
 BOND   =       160.1194  ANGLE   =       333.1228  DIHED      =       504.4216
 1-4 NB =       167.0876  1-4 EEL =      -334.4853  VDWAALS    =      4741.5591
 EELEC  =    -46037.3274  EHBOND  =         0.0000  RESTRAINT  =         0.0000
 EKCMT  =      3350.6426  VIRIAL  =      4172.3772  VOLUME     =    116882.7260
                                                    Density    =         1.0343
 Ewald error estimate:   0.7713E-04
 ------------------------------------------------------------------------------


 NSTEP =    64500   TIME(PS) =    1549.000  TEMP(K) =   295.57  PRESS =   104.7
 Etot   =    -33299.1290  EKtot   =      6998.9456  EPtot      =    -40298.0746
 BOND   =       160.9545  ANGLE   =       336.4256  DIHED      =       505.2020
 1-4 NB =       182.1184  1-4 EEL =      -325.7567  VDWAALS    =      4867.3703
 EELEC  =    -46024.3887  EHBOND  =         0.0000  RESTRAINT  =         0.0000
 EKCMT  =      3276.9052  VIRIAL  =      3012.6706  VOLUME     =    116858.9296
                                                    Density    =         1.0345
 Ewald error estimate:   0.1827E-03
 ------------------------------------------------------------------------------


 NSTEP =    64750   TIME(PS) =    1549.500  TEMP(K) =   296.68  PRESS =  -239.9
 Etot   =    -33413.8650  EKtot   =      7025.2855  EPtot      =    -40439.1505
 BOND   =       160.2230  ANGLE   =       368.7326  DIHED      =       500.4275
 1-4 NB =       169.5763  1-4 EEL =      -329.4208  VDWAALS    =      4817.5849
 EELEC  =    -46126.2739  EHBOND  =         0.0000  RESTRAINT  =         0.0000
 EKCMT  =      3259.4713  VIRIAL  =      3864.2931  VOLUME     =    116747.0831
                                                    Density    =         1.0355
 Ewald error estimate:   0.7344E-04
 ------------------------------------------------------------------------------


 NSTEP =    65000   TIME(PS) =    1550.000  TEMP(K) =   298.67  PRESS =   332.5
 Etot   =    -33440.2263  EKtot   =      7072.2896  EPtot      =    -40512.5160
 BOND   =       154.8334  ANGLE   =       352.9455  DIHED      =       492.9909
 1-4 NB =       182.1914  1-4 EEL =      -357.6305  VDWAALS    =      4989.9885
 EELEC  =    -46327.8351  EHBOND  =         0.0000  RESTRAINT  =         0.0000
 EKCMT  =      3331.9027  VIRIAL  =      2493.6497  VOLUME     =    116765.7746
                                                    Density    =         1.0353
 Ewald error estimate:   0.9482E-04
 ------------------------------------------------------------------------------


 NSTEP =    65250   TIME(PS) =    1550.500  TEMP(K) =   298.59  PRESS =  -223.0
 Etot   =    -33414.6455  EKtot   =      7070.5062  EPtot      =    -40485.1517
 BOND   =       145.0556  ANGLE   =       338.0338  DIHED      =       501.2061
 1-4 NB =       175.2973  1-4 EEL =      -345.4465  VDWAALS    =      4813.1949
 EELEC  =    -46112.4929  EHBOND  =         0.0000  RESTRAINT  =         0.0000
 EKCMT  =      3349.5845  VIRIAL  =      3912.2489  VOLUME     =    116879.9429
                                                    Density    =         1.0343
 Ewald error estimate:   0.1590E-03
 ------------------------------------------------------------------------------


 NSTEP =    65500   TIME(PS) =    1551.000  TEMP(K) =   299.10  PRESS =   291.5
 Etot   =    -33291.7542  EKtot   =      7082.3937  EPtot      =    -40374.1479
 BOND   =       143.1509  ANGLE   =       363.0867  DIHED      =       508.4442
 1-4 NB =       173.7032  1-4 EEL =      -343.9407  VDWAALS    =      5060.2732
 EELEC  =    -46278.8652  EHBOND  =         0.0000  RESTRAINT  =         0.0000
 EKCMT  =      3353.4631  VIRIAL  =      2617.6868  VOLUME     =    116895.1813
                                                    Density    =         1.0341
 Ewald error estimate:   0.2345E-05
 ------------------------------------------------------------------------------


 NSTEP =    65750   TIME(PS) =    1551.500  TEMP(K) =   297.58  PRESS =  -237.3
 Etot   =    -33334.8682  EKtot   =      7046.6079  EPtot      =    -40381.4761
 BOND   =       146.9238  ANGLE   =       357.5476  DIHED      =       506.9768
 1-4 NB =       170.0853  1-4 EEL =      -362.9399  VDWAALS    =      4778.9058
 EELEC  =    -45978.9755  EHBOND  =         0.0000  RESTRAINT  =         0.0000
 EKCMT  =      3285.6115  VIRIAL  =      3884.2729  VOLUME     =    116824.7145
                                                    Density    =         1.0348
 Ewald error estimate:   0.1467E-03
 ------------------------------------------------------------------------------


 NSTEP =    66000   TIME(PS) =    1552.000  TEMP(K) =   301.25  PRESS =   360.2
 Etot   =    -33143.9069  EKtot   =      7133.3594  EPtot      =    -40277.2663
 BOND   =       168.4618  ANGLE   =       368.1805  DIHED      =       475.3260
 1-4 NB =       173.6661  1-4 EEL =      -360.8131  VDWAALS    =      5023.5951
 EELEC  =    -46125.6827  EHBOND  =         0.0000  RESTRAINT  =         0.0000
 EKCMT  =      3320.6211  VIRIAL  =      2411.1872  VOLUME     =    116944.2217
                                                    Density    =         1.0337
 Ewald error estimate:   0.1988E-04
 ------------------------------------------------------------------------------


 NSTEP =    66250   TIME(PS) =    1552.500  TEMP(K) =   301.03  PRESS =  -112.0
 Etot   =    -33157.0950  EKtot   =      7128.2106  EPtot      =    -40285.3056
 BOND   =       136.7828  ANGLE   =       364.3577  DIHED      =       496.1150
 1-4 NB =       172.5116  1-4 EEL =      -338.1790  VDWAALS    =      4706.8762
 EELEC  =    -45823.7700  EHBOND  =         0.0000  RESTRAINT  =         0.0000
 EKCMT  =      3370.7665  VIRIAL  =      3653.7708  VOLUME     =    116984.0535
                                                    Density    =         1.0334
 Ewald error estimate:   0.2352E-04
 ------------------------------------------------------------------------------


 NSTEP =    66500   TIME(PS) =    1553.000  TEMP(K) =   303.24  PRESS =  -301.9
 Etot   =    -33294.7313  EKtot   =      7180.5543  EPtot      =    -40475.2856
 BOND   =       135.9350  ANGLE   =       356.8202  DIHED      =       495.3019
 1-4 NB =       176.6160  1-4 EEL =      -349.1117  VDWAALS    =      4803.2563
 EELEC  =    -46094.1034  EHBOND  =         0.0000  RESTRAINT  =         0.0000
 EKCMT  =      3418.0749  VIRIAL  =      4181.6500  VOLUME     =    117123.4031
                                                    Density    =         1.0321
 Ewald error estimate:   0.2832E-05
 ------------------------------------------------------------------------------


 NSTEP =    66750   TIME(PS) =    1553.500  TEMP(K) =   300.38  PRESS =  -119.3
 Etot   =    -33250.0035  EKtot   =      7112.8352  EPtot      =    -40362.8387
 BOND   =       152.8107  ANGLE   =       361.7213  DIHED      =       502.5661
 1-4 NB =       168.5359  1-4 EEL =      -351.8795  VDWAALS    =      4909.3702
 EELEC  =    -46105.9634  EHBOND  =         0.0000  RESTRAINT  =         0.0000
 EKCMT  =      3348.9766  VIRIAL  =      3650.6411  VOLUME     =    117100.4169
                                                    Density    =         1.0323
 Ewald error estimate:   0.4276E-04
 ------------------------------------------------------------------------------


 NSTEP =    67000   TIME(PS) =    1554.000  TEMP(K) =   299.95  PRESS =   138.6
 Etot   =    -33330.0559  EKtot   =      7102.6435  EPtot      =    -40432.6993
 BOND   =       138.2088  ANGLE   =       329.6159  DIHED      =       514.4859
 1-4 NB =       168.1397  1-4 EEL =      -332.9074  VDWAALS    =      4880.9288
 EELEC  =    -46131.1711  EHBOND  =         0.0000  RESTRAINT  =         0.0000
 EKCMT  =      3289.3282  VIRIAL  =      2938.9432  VOLUME     =    117077.2322
                                                    Density    =         1.0325
 Ewald error estimate:   0.4540E-05
 ------------------------------------------------------------------------------


 NSTEP =    67250   TIME(PS) =    1554.500  TEMP(K) =   299.81  PRESS =   -78.8
 Etot   =    -33159.7249  EKtot   =      7099.2035  EPtot      =    -40258.9284
 BOND   =       156.9761  ANGLE   =       357.2129  DIHED      =       493.9808
 1-4 NB =       162.3222  1-4 EEL =      -364.0222  VDWAALS    =      4810.7787
 EELEC  =    -45876.1768  EHBOND  =         0.0000  RESTRAINT  =         0.0000
 EKCMT  =      3290.8546  VIRIAL  =      3490.1687  VOLUME     =    117110.4076
                                                    Density    =         1.0322
 Ewald error estimate:   0.3629E-05
 ------------------------------------------------------------------------------


 NSTEP =    67500   TIME(PS) =    1555.000  TEMP(K) =   303.03  PRESS =   168.1
 Etot   =    -33197.1970  EKtot   =      7175.6263  EPtot      =    -40372.8233
 BOND   =       152.2703  ANGLE   =       353.6429  DIHED      =       498.7924
 1-4 NB =       167.9228  1-4 EEL =      -358.5724  VDWAALS    =      4926.6102
 EELEC  =    -46113.4895  EHBOND  =         0.0000  RESTRAINT  =         0.0000
 EKCMT  =      3334.6504  VIRIAL  =      2909.5885  VOLUME     =    117082.0399
                                                    Density    =         1.0325
 Ewald error estimate:   0.7884E-04
 ------------------------------------------------------------------------------


 NSTEP =    67750   TIME(PS) =    1555.500  TEMP(K) =   296.19  PRESS =  -102.8
 Etot   =    -33252.3700  EKtot   =      7013.4978  EPtot      =    -40265.8678
 BOND   =       143.4592  ANGLE   =       367.2826  DIHED      =       494.2894
 1-4 NB =       177.1484  1-4 EEL =      -346.0259  VDWAALS    =      4710.3424
 EELEC  =    -45812.3640  EHBOND  =         0.0000  RESTRAINT  =         0.0000
 EKCMT  =      3299.7343  VIRIAL  =      3559.9904  VOLUME     =    117210.8810
                                                    Density    =         1.0314
 Ewald error estimate:   0.1430E-03
 ------------------------------------------------------------------------------


 NSTEP =    68000   TIME(PS) =    1556.000  TEMP(K) =   302.38  PRESS =    79.0
 Etot   =    -33241.7826  EKtot   =      7160.2452  EPtot      =    -40402.0278
 BOND   =       156.3300  ANGLE   =       360.4538  DIHED      =       497.1960
 1-4 NB =       168.8630  1-4 EEL =      -343.5328  VDWAALS    =      4849.1970
 EELEC  =    -46090.5349  EHBOND  =         0.0000  RESTRAINT  =         0.0000
 EKCMT  =      3438.0251  VIRIAL  =      3237.9094  VOLUME     =    117301.6071
                                                    Density    =         1.0306
 Ewald error estimate:   0.1354E-03
 ------------------------------------------------------------------------------


 NSTEP =    68250   TIME(PS) =    1556.500  TEMP(K) =   302.87  PRESS =   -44.6
 Etot   =    -33257.9414  EKtot   =      7171.7314  EPtot      =    -40429.6728
 BOND   =       156.2750  ANGLE   =       328.9693  DIHED      =       501.2073
 1-4 NB =       165.2529  1-4 EEL =      -321.6284  VDWAALS    =      4767.0052
 EELEC  =    -46026.7540  EHBOND  =         0.0000  RESTRAINT  =         0.0000
 EKCMT  =      3329.4381  VIRIAL  =      3442.4540  VOLUME     =    117246.1972
                                                    Density    =         1.0311
 Ewald error estimate:   0.4769E-04
 ------------------------------------------------------------------------------


 NSTEP =    68500   TIME(PS) =    1557.000  TEMP(K) =   296.67  PRESS =  -112.9
 Etot   =    -33319.9524  EKtot   =      7024.9656  EPtot      =    -40344.9180
 BOND   =       167.7732  ANGLE   =       352.0501  DIHED      =       503.0166
 1-4 NB =       173.3835  1-4 EEL =      -350.8789  VDWAALS    =      4751.8040
 EELEC  =    -45942.0664  EHBOND  =         0.0000  RESTRAINT  =         0.0000
 EKCMT  =      3269.2059  VIRIAL  =      3554.7116  VOLUME     =    117169.0451
                                                    Density    =         1.0317
 Ewald error estimate:   0.1028E-04
 ------------------------------------------------------------------------------


 NSTEP =    68750   TIME(PS) =    1557.500  TEMP(K) =   299.39  PRESS =    19.9
 Etot   =    -33341.6462  EKtot   =      7089.3020  EPtot      =    -40430.9482
 BOND   =       174.5199  ANGLE   =       342.4772  DIHED      =       491.2825
 1-4 NB =       168.6411  1-4 EEL =      -355.1273  VDWAALS    =      4890.2419
 EELEC  =    -46142.9835  EHBOND  =         0.0000  RESTRAINT  =         0.0000
 EKCMT  =      3303.8990  VIRIAL  =      3253.4725  VOLUME     =    117096.0264
                                                    Density    =         1.0324
 Ewald error estimate:   0.1446E-03
 ------------------------------------------------------------------------------


 NSTEP =    69000   TIME(PS) =    1558.000  TEMP(K) =   298.86  PRESS =  -288.2
 Etot   =    -33355.7829  EKtot   =      7076.7161  EPtot      =    -40432.4990
 BOND   =       131.2327  ANGLE   =       344.5380  DIHED      =       496.9638
 1-4 NB =       175.2551  1-4 EEL =      -344.6503  VDWAALS    =      4682.2480
 EELEC  =    -45918.0863  EHBOND  =         0.0000  RESTRAINT  =         0.0000
 EKCMT  =      3302.9499  VIRIAL  =      4031.7187  VOLUME     =    117122.3449
                                                    Density    =         1.0321
 Ewald error estimate:   0.1052E-03
 ------------------------------------------------------------------------------


 NSTEP =    69250   TIME(PS) =    1558.500  TEMP(K) =   299.40  PRESS =  -277.2
 Etot   =    -33442.6893  EKtot   =      7089.6588  EPtot      =    -40532.3481
 BOND   =       162.5843  ANGLE   =       343.2362  DIHED      =       485.9446
 1-4 NB =       168.4989  1-4 EEL =      -322.3256  VDWAALS    =      4778.0065
 EELEC  =    -46148.2930  EHBOND  =         0.0000  RESTRAINT  =         0.0000
 EKCMT  =      3342.2172  VIRIAL  =      4043.2434  VOLUME     =    117108.7269
                                                    Density    =         1.0323
 Ewald error estimate:   0.1441E-03
 ------------------------------------------------------------------------------


 NSTEP =    69500   TIME(PS) =    1559.000  TEMP(K) =   299.30  PRESS =  -245.2
 Etot   =    -33482.3060  EKtot   =      7087.2756  EPtot      =    -40569.5816
 BOND   =       155.3714  ANGLE   =       361.7468  DIHED      =       497.6900
 1-4 NB =       169.6839  1-4 EEL =      -340.9760  VDWAALS    =      4739.4968
 EELEC  =    -46152.5945  EHBOND  =         0.0000  RESTRAINT  =         0.0000
 EKCMT  =      3318.5575  VIRIAL  =      3937.4194  VOLUME     =    116896.5237
                                                    Density    =         1.0341
 Ewald error estimate:   0.1212E-03
 ------------------------------------------------------------------------------


 NSTEP =    69750   TIME(PS) =    1559.500  TEMP(K) =   295.99  PRESS =    41.3
 Etot   =    -33502.3922  EKtot   =      7008.9478  EPtot      =    -40511.3400
 BOND   =       141.6091  ANGLE   =       323.2196  DIHED      =       515.6122
 1-4 NB =       178.0811  1-4 EEL =      -313.0597  VDWAALS    =      4926.0933
 EELEC  =    -46282.8956  EHBOND  =         0.0000  RESTRAINT  =         0.0000
 EKCMT  =      3207.6078  VIRIAL  =      3103.5184  VOLUME     =    116808.1795
                                                    Density    =         1.0349
 Ewald error estimate:   0.3330E-04
 ------------------------------------------------------------------------------


 NSTEP =    70000   TIME(PS) =    1560.000  TEMP(K) =   297.20  PRESS =    59.1
 Etot   =    -33463.9353  EKtot   =      7037.4756  EPtot      =    -40501.4109
 BOND   =       147.7835  ANGLE   =       356.2045  DIHED      =       507.6814
 1-4 NB =       169.9560  1-4 EEL =      -344.4579  VDWAALS    =      4929.9789
 EELEC  =    -46268.5573  EHBOND  =         0.0000  RESTRAINT  =         0.0000
 EKCMT  =      3298.8078  VIRIAL  =      3149.7604  VOLUME     =    116814.3520
                                                    Density    =         1.0349
 Ewald error estimate:   0.2635E-03
 ------------------------------------------------------------------------------


 NSTEP =    70250   TIME(PS) =    1560.500  TEMP(K) =   301.38  PRESS =  -137.4
 Etot   =    -33352.0365  EKtot   =      7136.4737  EPtot      =    -40488.5102
 BOND   =       138.8143  ANGLE   =       346.5668  DIHED      =       504.0008
 1-4 NB =       160.7647  1-4 EEL =      -343.9480  VDWAALS    =      4800.0922
 EELEC  =    -46094.8010  EHBOND  =         0.0000  RESTRAINT  =         0.0000
 EKCMT  =      3335.0128  VIRIAL  =      3681.4808  VOLUME     =    116777.1717
                                                    Density    =         1.0352
 Ewald error estimate:   0.1501E-03
 ------------------------------------------------------------------------------


 NSTEP =    70500   TIME(PS) =    1561.000  TEMP(K) =   299.55  PRESS =    61.8
 Etot   =    -33311.6470  EKtot   =      7093.2601  EPtot      =    -40404.9071
 BOND   =       155.1165  ANGLE   =       366.9523  DIHED      =       498.2833
 1-4 NB =       163.0355  1-4 EEL =      -368.6976  VDWAALS    =      4914.0251
 EELEC  =    -46133.6222  EHBOND  =         0.0000  RESTRAINT  =         0.0000
 EKCMT  =      3310.6754  VIRIAL  =      3154.7075  VOLUME     =    116850.2628
                                                    Density    =         1.0345
 Ewald error estimate:   0.6664E-04
 ------------------------------------------------------------------------------


 NSTEP =    70750   TIME(PS) =    1561.500  TEMP(K) =   303.15  PRESS =    39.5
 Etot   =    -33244.9198  EKtot   =      7178.3006  EPtot      =    -40423.2204
 BOND   =       165.3336  ANGLE   =       345.4024  DIHED      =       501.5939
 1-4 NB =       177.3369  1-4 EEL =      -331.6540  VDWAALS    =      4945.3327
 EELEC  =    -46226.5658  EHBOND  =         0.0000  RESTRAINT  =         0.0000
 EKCMT  =      3381.5458  VIRIAL  =      3281.7747  VOLUME     =    116857.6816
                                                    Density    =         1.0345
 Ewald error estimate:   0.1317E-03
 ------------------------------------------------------------------------------


 NSTEP =    71000   TIME(PS) =    1562.000  TEMP(K) =   296.90  PRESS =   111.8
 Etot   =    -33289.4966  EKtot   =      7030.3361  EPtot      =    -40319.8327
 BOND   =       160.6044  ANGLE   =       363.1815  DIHED      =       512.6807
 1-4 NB =       167.5717  1-4 EEL =      -354.1020  VDWAALS    =      4841.4474
 EELEC  =    -46011.2162  EHBOND  =         0.0000  RESTRAINT  =         0.0000
 EKCMT  =      3258.3692  VIRIAL  =      2975.8416  VOLUME     =    116990.5579
                                                    Density    =         1.0333
 Ewald error estimate:   0.4861E-04
 ------------------------------------------------------------------------------


 NSTEP =    71250   TIME(PS) =    1562.500  TEMP(K) =   300.13  PRESS =   420.3
 Etot   =    -33220.7109  EKtot   =      7106.8376  EPtot      =    -40327.5485
 BOND   =       160.5307  ANGLE   =       365.5508  DIHED      =       500.0191
 1-4 NB =       172.8096  1-4 EEL =      -365.8520  VDWAALS    =      4934.2813
 EELEC  =    -46094.8881  EHBOND  =         0.0000  RESTRAINT  =         0.0000
 EKCMT  =      3273.8155  VIRIAL  =      2212.4405  VOLUME     =    116968.0647
                                                    Density    =         1.0335
 Ewald error estimate:   0.2566E-04
 ------------------------------------------------------------------------------


 NSTEP =    71500   TIME(PS) =    1563.000  TEMP(K) =   306.36  PRESS =  -286.3
 Etot   =    -33221.4510  EKtot   =      7254.3278  EPtot      =    -40475.7788
 BOND   =       167.7155  ANGLE   =       362.7361  DIHED      =       492.7854
 1-4 NB =       166.5787  1-4 EEL =      -347.3072  VDWAALS    =      4793.9915
 EELEC  =    -46112.2787  EHBOND  =         0.0000  RESTRAINT  =         0.0000
 EKCMT  =      3381.9582  VIRIAL  =      4105.7664  VOLUME     =    117081.6850
                                                    Density    =         1.0325
 Ewald error estimate:   0.1796E-04
 ------------------------------------------------------------------------------


 NSTEP =    71750   TIME(PS) =    1563.500  TEMP(K) =   303.10  PRESS =  -343.8
 Etot   =    -33278.7973  EKtot   =      7177.1654  EPtot      =    -40455.9627
 BOND   =       156.9945  ANGLE   =       336.2880  DIHED      =       495.7980
 1-4 NB =       177.4414  1-4 EEL =      -334.1934  VDWAALS    =      4813.3392
 EELEC  =    -46101.6303  EHBOND  =         0.0000  RESTRAINT  =         0.0000
 EKCMT  =      3327.5377  VIRIAL  =      4195.4352  VOLUME     =    116902.1172
                                                    Density    =         1.0341
 Ewald error estimate:   0.4361E-04
 ------------------------------------------------------------------------------


 NSTEP =    72000   TIME(PS) =    1564.000  TEMP(K) =   300.92  PRESS =   -81.2
 Etot   =    -33410.9884  EKtot   =      7125.5327  EPtot      =    -40536.5211
 BOND   =       137.3300  ANGLE   =       343.7628  DIHED      =       508.1198
 1-4 NB =       163.2125  1-4 EEL =      -342.7126  VDWAALS    =      4920.2541
 EELEC  =    -46266.4877  EHBOND  =         0.0000  RESTRAINT  =         0.0000
 EKCMT  =      3360.4794  VIRIAL  =      3565.2972  VOLUME     =    116816.0488
                                                    Density    =         1.0348
 Ewald error estimate:   0.8060E-04
 ------------------------------------------------------------------------------


 NSTEP =    72250   TIME(PS) =    1564.500  TEMP(K) =   299.50  PRESS =    -8.7
 Etot   =    -33392.8822  EKtot   =      7092.0258  EPtot      =    -40484.9080
 BOND   =       152.1533  ANGLE   =       339.0061  DIHED      =       495.9806
 1-4 NB =       166.8124  1-4 EEL =      -351.5292  VDWAALS    =      4846.8129
 EELEC  =    -46134.1442  EHBOND  =         0.0000  RESTRAINT  =         0.0000
 EKCMT  =      3351.1857  VIRIAL  =      3373.2353  VOLUME     =    116899.7859
                                                    Density    =         1.0341
 Ewald error estimate:   0.2067E-03
 ------------------------------------------------------------------------------


 NSTEP =    72500   TIME(PS) =    1565.000  TEMP(K) =   303.33  PRESS =    32.8
 Etot   =    -33381.0076  EKtot   =      7182.6178  EPtot      =    -40563.6254
 BOND   =       147.7185  ANGLE   =       327.0414  DIHED      =       509.3732
 1-4 NB =       161.2802  1-4 EEL =      -357.2768  VDWAALS    =      4817.4415
 EELEC  =    -46169.2034  EHBOND  =         0.0000  RESTRAINT  =         0.0000
 EKCMT  =      3334.1163  VIRIAL  =      3251.2507  VOLUME     =    116999.3337
                                                    Density    =         1.0332
 Ewald error estimate:   0.6794E-04
 ------------------------------------------------------------------------------


 NSTEP =    72750   TIME(PS) =    1565.500  TEMP(K) =   301.54  PRESS =   370.5
 Etot   =    -33328.4120  EKtot   =      7140.1621  EPtot      =    -40468.5741
 BOND   =       153.8358  ANGLE   =       314.1057  DIHED      =       510.1344
 1-4 NB =       166.8564  1-4 EEL =      -335.3864  VDWAALS    =      4948.0058
 EELEC  =    -46226.1258  EHBOND  =         0.0000  RESTRAINT  =         0.0000
 EKCMT  =      3322.7547  VIRIAL  =      2387.2798  VOLUME     =    116933.4871
                                                    Density    =         1.0338
 Ewald error estimate:   0.2456E-04
 ------------------------------------------------------------------------------


 NSTEP =    73000   TIME(PS) =    1566.000  TEMP(K) =   302.71  PRESS =    42.7
 Etot   =    -33344.3981  EKtot   =      7167.9766  EPtot      =    -40512.3747
 BOND   =       134.8812  ANGLE   =       332.3801  DIHED      =       502.2880
 1-4 NB =       167.1615  1-4 EEL =      -329.4688  VDWAALS    =      4917.4502
 EELEC  =    -46237.0669  EHBOND  =         0.0000  RESTRAINT  =         0.0000
 EKCMT  =      3387.0153  VIRIAL  =      3279.1879  VOLUME     =    117089.6399
                                                    Density    =         1.0324
 Ewald error estimate:   0.2347E-03
 ------------------------------------------------------------------------------


 NSTEP =    73250   TIME(PS) =    1566.500  TEMP(K) =   299.72  PRESS =  -229.4
 Etot   =    -33382.9954  EKtot   =      7097.0703  EPtot      =    -40480.0657
 BOND   =       149.8320  ANGLE   =       348.3793  DIHED      =       489.3065
 1-4 NB =       172.9054  1-4 EEL =      -327.5123  VDWAALS    =      4787.5844
 EELEC  =    -46100.5610  EHBOND  =         0.0000  RESTRAINT  =         0.0000
 EKCMT  =      3318.5769  VIRIAL  =      3898.0905  VOLUME     =    116982.9865
                                                    Density    =         1.0334
 Ewald error estimate:   0.1951E-03
 ------------------------------------------------------------------------------


 NSTEP =    73500   TIME(PS) =    1567.000  TEMP(K) =   295.73  PRESS =   346.1
 Etot   =    -33327.9911  EKtot   =      7002.7732  EPtot      =    -40330.7643
 BOND   =       173.2589  ANGLE   =       348.5758  DIHED      =       511.3037
 1-4 NB =       169.1122  1-4 EEL =      -329.0332  VDWAALS    =      4990.0811
 EELEC  =    -46194.0627  EHBOND  =         0.0000  RESTRAINT  =         0.0000
 EKCMT  =      3244.1200  VIRIAL  =      2370.4824  VOLUME     =    116910.7797
                                                    Density    =         1.0340
 Ewald error estimate:   0.1675E-03
 ------------------------------------------------------------------------------


 NSTEP =    73750   TIME(PS) =    1567.500  TEMP(K) =   298.04  PRESS =   430.3
 Etot   =    -33329.3520  EKtot   =      7057.3807  EPtot      =    -40386.7326
 BOND   =       158.1080  ANGLE   =       339.1307  DIHED      =       506.8511
 1-4 NB =       168.8826  1-4 EEL =      -347.6003  VDWAALS    =      4978.5621
 EELEC  =    -46190.6668  EHBOND  =         0.0000  RESTRAINT  =         0.0000
 EKCMT  =      3299.4214  VIRIAL  =      2213.3077  VOLUME     =    116912.9335
                                                    Density    =         1.0340
 Ewald error estimate:   0.1169E-03
 ------------------------------------------------------------------------------


 NSTEP =    74000   TIME(PS) =    1568.000  TEMP(K) =   301.88  PRESS =    12.7
 Etot   =    -33356.2682  EKtot   =      7148.4167  EPtot      =    -40504.6849
 BOND   =       160.8269  ANGLE   =       351.7699  DIHED      =       505.1737
 1-4 NB =       168.8415  1-4 EEL =      -338.5489  VDWAALS    =      4886.3689
 EELEC  =    -46239.1170  EHBOND  =         0.0000  RESTRAINT  =         0.0000
 EKCMT  =      3347.8014  VIRIAL  =      3315.5563  VOLUME     =    117182.3938
                                                    Density    =         1.0316
 Ewald error estimate:   0.5824E-05
 ------------------------------------------------------------------------------


 NSTEP =    74250   TIME(PS) =    1568.500  TEMP(K) =   301.40  PRESS =   548.9
 Etot   =    -33414.9999  EKtot   =      7136.8484  EPtot      =    -40551.8483
 BOND   =       153.9156  ANGLE   =       326.6202  DIHED      =       517.8947
 1-4 NB =       163.3237  1-4 EEL =      -322.1117  VDWAALS    =      5121.9863
 EELEC  =    -46513.4772  EHBOND  =         0.0000  RESTRAINT  =         0.0000
 EKCMT  =      3331.3626  VIRIAL  =      1940.9424  VOLUME     =    117320.1476
                                                    Density    =         1.0304
 Ewald error estimate:   0.4154E-04
 ------------------------------------------------------------------------------


 NSTEP =    74500   TIME(PS) =    1569.000  TEMP(K) =   295.79  PRESS =  -134.7
 Etot   =    -33421.0393  EKtot   =      7004.1074  EPtot      =    -40425.1467
 BOND   =       161.0531  ANGLE   =       336.9816  DIHED      =       517.3252
 1-4 NB =       174.9533  1-4 EEL =      -313.2163  VDWAALS    =      4845.0284
 EELEC  =    -46147.2720  EHBOND  =         0.0000  RESTRAINT  =         0.0000
 EKCMT  =      3295.1481  VIRIAL  =      3636.3772  VOLUME     =    117306.5740
                                                    Density    =         1.0305
 Ewald error estimate:   0.7072E-05
 ------------------------------------------------------------------------------


 NSTEP =    74750   TIME(PS) =    1569.500  TEMP(K) =   302.90  PRESS =   571.1
 Etot   =    -33239.6575  EKtot   =      7172.5855  EPtot      =    -40412.2430
 BOND   =       168.9029  ANGLE   =       346.8731  DIHED      =       516.8102
 1-4 NB =       169.5615  1-4 EEL =      -362.2468  VDWAALS    =      5123.6294
 EELEC  =    -46375.7734  EHBOND  =         0.0000  RESTRAINT  =         0.0000
 EKCMT  =      3322.7139  VIRIAL  =      1877.3145  VOLUME     =    117225.3597
                                                    Density    =         1.0312
 Ewald error estimate:   0.1056E-03
 ------------------------------------------------------------------------------


 NSTEP =    75000   TIME(PS) =    1570.000  TEMP(K) =   300.16  PRESS =  -133.3
 Etot   =    -33274.4391  EKtot   =      7107.6878  EPtot      =    -40382.1269
 BOND   =       141.2391  ANGLE   =       354.9999  DIHED      =       506.9114
 1-4 NB =       170.6559  1-4 EEL =      -331.8554  VDWAALS    =      4823.4933
 EELEC  =    -46047.5711  EHBOND  =         0.0000  RESTRAINT  =         0.0000
 EKCMT  =      3324.0677  VIRIAL  =      3661.4885  VOLUME     =    117226.8358
                                                    Density    =         1.0312
 Ewald error estimate:   0.1076E-03
 ------------------------------------------------------------------------------


 NSTEP =    75250   TIME(PS) =    1570.500  TEMP(K) =   307.33  PRESS =  -136.8
 Etot   =    -33142.4480  EKtot   =      7277.3707  EPtot      =    -40419.8188
 BOND   =       171.8957  ANGLE   =       366.0969  DIHED      =       507.0083
 1-4 NB =       166.6070  1-4 EEL =      -348.3872  VDWAALS    =      4851.3870
 EELEC  =    -46134.4265  EHBOND  =         0.0000  RESTRAINT  =         0.0000
 EKCMT  =      3398.1290  VIRIAL  =      3744.8265  VOLUME     =    117365.8884
                                                    Density    =         1.0300
 Ewald error estimate:   0.4191E-04
 ------------------------------------------------------------------------------


 NSTEP =    75500   TIME(PS) =    1571.000  TEMP(K) =   301.84  PRESS =   180.1
 Etot   =    -33021.0841  EKtot   =      7147.2681  EPtot      =    -40168.3523
 BOND   =       163.3983  ANGLE   =       369.2624  DIHED      =       505.8093
 1-4 NB =       177.0240  1-4 EEL =      -339.6222  VDWAALS    =      4854.3083
 EELEC  =    -45898.5324  EHBOND  =         0.0000  RESTRAINT  =         0.0000
 EKCMT  =      3345.5345  VIRIAL  =      2888.7176  VOLUME     =    117492.7310
                                                    Density    =         1.0289
 Ewald error estimate:   0.1340E-05
 ------------------------------------------------------------------------------


 NSTEP =    75750   TIME(PS) =    1571.500  TEMP(K) =   303.49  PRESS =    28.9
 Etot   =    -33110.5193  EKtot   =      7186.4756  EPtot      =    -40296.9949
 BOND   =       151.1997  ANGLE   =       342.3845  DIHED      =       495.1856
 1-4 NB =       174.2441  1-4 EEL =      -336.7890  VDWAALS    =      4731.2659
 EELEC  =    -45854.4857  EHBOND  =         0.0000  RESTRAINT  =         0.0000
 EKCMT  =      3387.7722  VIRIAL  =      3314.4733  VOLUME     =    117551.0406
                                                    Density    =         1.0284
 Ewald error estimate:   0.2518E-03
 ------------------------------------------------------------------------------


 NSTEP =    76000   TIME(PS) =    1572.000  TEMP(K) =   299.14  PRESS =  -304.7
 Etot   =    -33100.3612  EKtot   =      7083.5633  EPtot      =    -40183.9244
 BOND   =       164.8013  ANGLE   =       324.7417  DIHED      =       516.2611
 1-4 NB =       171.9422  1-4 EEL =      -340.0659  VDWAALS    =      4692.9275
 EELEC  =    -45714.5323  EHBOND  =         0.0000  RESTRAINT  =         0.0000
 EKCMT  =      3265.2833  VIRIAL  =      4037.9129  VOLUME     =    117430.8251
                                                    Density    =         1.0294
 Ewald error estimate:   0.1194E-03
 ------------------------------------------------------------------------------


 NSTEP =    76250   TIME(PS) =    1572.500  TEMP(K) =   297.04  PRESS =  -265.1
 Etot   =    -33260.9510  EKtot   =      7033.6307  EPtot      =    -40294.5817
 BOND   =       153.5888  ANGLE   =       347.3001  DIHED      =       499.8838
 1-4 NB =       161.8521  1-4 EEL =      -320.1533  VDWAALS    =      4680.2088
 EELEC  =    -45817.2620  EHBOND  =         0.0000  RESTRAINT  =         0.0000
 EKCMT  =      3264.7220  VIRIAL  =      3935.9858  VOLUME     =    117292.3824
                                                    Density    =         1.0306
 Ewald error estimate:   0.1056E-03
 ------------------------------------------------------------------------------


 NSTEP =    76500   TIME(PS) =    1573.000  TEMP(K) =   299.66  PRESS =    57.9
 Etot   =    -33412.4184  EKtot   =      7095.7092  EPtot      =    -40508.1277
 BOND   =       156.1788  ANGLE   =       351.1606  DIHED      =       513.3363
 1-4 NB =       165.7193  1-4 EEL =      -336.9924  VDWAALS    =      4914.3517
 EELEC  =    -46271.8820  EHBOND  =         0.0000  RESTRAINT  =         0.0000
 EKCMT  =      3312.4037  VIRIAL  =      3165.8345  VOLUME     =    117219.9034
                                                    Density    =         1.0313
 Ewald error estimate:   0.1085E-04
 ------------------------------------------------------------------------------


 NSTEP =    76750   TIME(PS) =    1573.500  TEMP(K) =   299.63  PRESS =   -96.1
 Etot   =    -33244.6722  EKtot   =      7094.9597  EPtot      =    -40339.6319
 BOND   =       157.8000  ANGLE   =       343.1182  DIHED      =       509.5423
 1-4 NB =       173.2670  1-4 EEL =      -339.9519  VDWAALS    =      4786.5558
 EELEC  =    -45969.9632  EHBOND  =         0.0000  RESTRAINT  =         0.0000
 EKCMT  =      3313.3334  VIRIAL  =      3556.6529  VOLUME     =    117228.5329
                                                    Density    =         1.0312
 Ewald error estimate:   0.2172E-03
 ------------------------------------------------------------------------------


 NSTEP =    77000   TIME(PS) =    1574.000  TEMP(K) =   297.31  PRESS =    90.5
 Etot   =    -33255.1440  EKtot   =      7040.2086  EPtot      =    -40295.3526
 BOND   =       157.7814  ANGLE   =       345.1599  DIHED      =       500.7254
 1-4 NB =       165.8968  1-4 EEL =      -339.6259  VDWAALS    =      4875.8726
 EELEC  =    -46001.1628  EHBOND  =         0.0000  RESTRAINT  =         0.0000
 EKCMT  =      3370.1383  VIRIAL  =      3141.2637  VOLUME     =    117172.0426
                                                    Density    =         1.0317
 Ewald error estimate:   0.1241E-03
 ------------------------------------------------------------------------------


 NSTEP =    77250   TIME(PS) =    1574.500  TEMP(K) =   304.11  PRESS =   -58.1
 Etot   =    -33012.8161  EKtot   =      7201.0630  EPtot      =    -40213.8791
 BOND   =       151.4152  ANGLE   =       365.1792  DIHED      =       516.0902
 1-4 NB =       169.7407  1-4 EEL =      -351.7342  VDWAALS    =      4836.9167
 EELEC  =    -45901.4870  EHBOND  =         0.0000  RESTRAINT  =         0.0000
 EKCMT  =      3354.1842  VIRIAL  =      3501.0973  VOLUME     =    117108.8727
                                                    Density    =         1.0323
 Ewald error estimate:   0.1933E-03
 ------------------------------------------------------------------------------


 NSTEP =    77500   TIME(PS) =    1575.000  TEMP(K) =   300.51  PRESS =    27.6
 Etot   =    -33124.5450  EKtot   =      7115.8265  EPtot      =    -40240.3715
 BOND   =       159.2569  ANGLE   =       352.0195  DIHED      =       513.5668
 1-4 NB =       163.3730  1-4 EEL =      -357.2733  VDWAALS    =      4675.0102
 EELEC  =    -45746.3247  EHBOND  =         0.0000  RESTRAINT  =         0.0000
 EKCMT  =      3364.1038  VIRIAL  =      3294.3296  VOLUME     =    117142.6663
                                                    Density    =         1.0320
 Ewald error estimate:   0.7361E-04
 ------------------------------------------------------------------------------


 NSTEP =    77750   TIME(PS) =    1575.500  TEMP(K) =   302.97  PRESS =    60.2
 Etot   =    -33182.1642  EKtot   =      7174.0759  EPtot      =    -40356.2401
 BOND   =       162.7495  ANGLE   =       373.5916  DIHED      =       507.0609
 1-4 NB =       167.7668  1-4 EEL =      -332.7260  VDWAALS    =      4908.3982
 EELEC  =    -46143.0811  EHBOND  =         0.0000  RESTRAINT  =         0.0000
 EKCMT  =      3360.2421  VIRIAL  =      3208.1516  VOLUME     =    117036.6731
                                                    Density    =         1.0329
 Ewald error estimate:   0.1914E-03
 ------------------------------------------------------------------------------


 NSTEP =    78000   TIME(PS) =    1576.000  TEMP(K) =   299.36  PRESS =   195.5
 Etot   =    -33308.5401  EKtot   =      7088.6379  EPtot      =    -40397.1780
 BOND   =       156.1032  ANGLE   =       373.4947  DIHED      =       506.7438
 1-4 NB =       171.9885  1-4 EEL =      -349.5413  VDWAALS    =      4919.7323
 EELEC  =    -46175.6991  EHBOND  =         0.0000  RESTRAINT  =         0.0000
 EKCMT  =      3319.5484  VIRIAL  =      2825.0885  VOLUME     =    117139.5261
                                                    Density    =         1.0320
 Ewald error estimate:   0.7438E-04
 ------------------------------------------------------------------------------


 NSTEP =    78250   TIME(PS) =    1576.500  TEMP(K) =   298.45  PRESS =    78.4
 Etot   =    -33367.3089  EKtot   =      7067.2242  EPtot      =    -40434.5331
 BOND   =       166.3822  ANGLE   =       368.3549  DIHED      =       498.3906
 1-4 NB =       160.2961  1-4 EEL =      -352.6846  VDWAALS    =      4954.8932
 EELEC  =    -46230.1655  EHBOND  =         0.0000  RESTRAINT  =         0.0000
 EKCMT  =      3239.7541  VIRIAL  =      3041.6469  VOLUME     =    117094.7612
                                                    Density    =         1.0324
 Ewald error estimate:   0.2292E-03
 ------------------------------------------------------------------------------


 NSTEP =    78500   TIME(PS) =    1577.000  TEMP(K) =   294.86  PRESS =  -361.3
 Etot   =    -33459.0827  EKtot   =      6982.0345  EPtot      =    -40441.1172
 BOND   =       162.0637  ANGLE   =       337.9868  DIHED      =       503.3679
 1-4 NB =       161.8611  1-4 EEL =      -326.3979  VDWAALS    =      4696.1358
 EELEC  =    -45976.1346  EHBOND  =         0.0000  RESTRAINT  =         0.0000
 EKCMT  =      3215.9538  VIRIAL  =      4128.5764  VOLUME     =    116979.8762
                                                    Density    =         1.0334
 Ewald error estimate:   0.1305E-03
 ------------------------------------------------------------------------------


 NSTEP =    78750   TIME(PS) =    1577.500  TEMP(K) =   298.49  PRESS =   279.8
 Etot   =    -33380.4525  EKtot   =      7068.1442  EPtot      =    -40448.5967
 BOND   =       165.9166  ANGLE   =       354.9068  DIHED      =       504.5150
 1-4 NB =       162.8926  1-4 EEL =      -351.9017  VDWAALS    =      4893.1416
 EELEC  =    -46178.0677  EHBOND  =         0.0000  RESTRAINT  =         0.0000
 EKCMT  =      3303.9288  VIRIAL  =      2598.1023  VOLUME     =    116822.9007
                                                    Density    =         1.0348
 Ewald error estimate:   0.3313E-04
 ------------------------------------------------------------------------------


 NSTEP =    79000   TIME(PS) =    1578.000  TEMP(K) =   295.26  PRESS =   142.0
 Etot   =    -33466.4349  EKtot   =      6991.4773  EPtot      =    -40457.9122
 BOND   =       143.8684  ANGLE   =       354.8970  DIHED      =       503.1854
 1-4 NB =       160.8392  1-4 EEL =      -350.0371  VDWAALS    =      4988.4411
 EELEC  =    -46259.1061  EHBOND  =         0.0000  RESTRAINT  =         0.0000
 EKCMT  =      3224.8519  VIRIAL  =      2866.4715  VOLUME     =    116918.7998
                                                    Density    =         1.0339
 Ewald error estimate:   0.1403E-03
 ------------------------------------------------------------------------------


 NSTEP =    79250   TIME(PS) =    1578.500  TEMP(K) =   297.18  PRESS =    13.1
 Etot   =    -33521.8158  EKtot   =      7037.0778  EPtot      =    -40558.8936
 BOND   =       157.7311  ANGLE   =       349.6837  DIHED      =       508.0952
 1-4 NB =       166.5423  1-4 EEL =      -349.7990  VDWAALS    =      4985.9708
 EELEC  =    -46377.1176  EHBOND  =         0.0000  RESTRAINT  =         0.0000
 EKCMT  =      3283.7816  VIRIAL  =      3250.7052  VOLUME     =    117029.9076
                                                    Density    =         1.0330
 Ewald error estimate:   0.2800E-03
 ------------------------------------------------------------------------------


 NSTEP =    79500   TIME(PS) =    1579.000  TEMP(K) =   298.42  PRESS =  -163.3
 Etot   =    -33408.8300  EKtot   =      7066.3851  EPtot      =    -40475.2150
 BOND   =       151.1013  ANGLE   =       335.7125  DIHED      =       506.9162
 1-4 NB =       172.5382  1-4 EEL =      -347.4931  VDWAALS    =      4824.4183
 EELEC  =    -46118.4084  EHBOND  =         0.0000  RESTRAINT  =         0.0000
 EKCMT  =      3281.7131  VIRIAL  =      3694.1579  VOLUME     =    116989.8884
                                                    Density    =         1.0333
 Ewald error estimate:   0.2414E-03
 ------------------------------------------------------------------------------


 NSTEP =    79750   TIME(PS) =    1579.500  TEMP(K) =   299.28  PRESS =  -309.8
 Etot   =    -33411.2497  EKtot   =      7086.8476  EPtot      =    -40498.0973
 BOND   =       141.7011  ANGLE   =       352.7668  DIHED      =       502.5067
 1-4 NB =       171.5485  1-4 EEL =      -318.7646  VDWAALS    =      4771.4537
 EELEC  =    -46119.3095  EHBOND  =         0.0000  RESTRAINT  =         0.0000
 EKCMT  =      3304.7535  VIRIAL  =      4086.3625  VOLUME     =    116852.0023
                                                    Density    =         1.0345
 Ewald error estimate:   0.7572E-04
 ------------------------------------------------------------------------------


 NSTEP =    80000   TIME(PS) =    1580.000  TEMP(K) =   297.26  PRESS =  -281.4
 Etot   =    -33462.9018  EKtot   =      7038.9899  EPtot      =    -40501.8917
 BOND   =       161.3117  ANGLE   =       358.4118  DIHED      =       499.7165
 1-4 NB =       165.7619  1-4 EEL =      -355.0080  VDWAALS    =      4838.3697
 EELEC  =    -46170.4553  EHBOND  =         0.0000  RESTRAINT  =         0.0000
 EKCMT  =      3274.8024  VIRIAL  =      3984.9633  VOLUME     =    116894.6766
                                                    Density    =         1.0342
 Ewald error estimate:   0.2752E-04
 ------------------------------------------------------------------------------


 NSTEP =    80250   TIME(PS) =    1580.500  TEMP(K) =   298.96  PRESS =  -188.7
 Etot   =    -33371.2170  EKtot   =      7079.2738  EPtot      =    -40450.4908
 BOND   =       145.5164  ANGLE   =       334.8028  DIHED      =       493.1787
 1-4 NB =       179.9910  1-4 EEL =      -332.8463  VDWAALS    =      4851.9964
 EELEC  =    -46123.1297  EHBOND  =         0.0000  RESTRAINT  =         0.0000
 EKCMT  =      3298.5791  VIRIAL  =      3774.9101  VOLUME     =    116937.6470
                                                    Density    =         1.0338
 Ewald error estimate:   0.1549E-03
 ------------------------------------------------------------------------------


 NSTEP =    80500   TIME(PS) =    1581.000  TEMP(K) =   300.58  PRESS =  -125.4
 Etot   =    -33382.0649  EKtot   =      7117.6319  EPtot      =    -40499.6968
 BOND   =       140.2072  ANGLE   =       349.9413  DIHED      =       505.7962
 1-4 NB =       172.4740  1-4 EEL =      -345.0435  VDWAALS    =      4761.7509
 EELEC  =    -46084.8229  EHBOND  =         0.0000  RESTRAINT  =         0.0000
 EKCMT  =      3373.7157  VIRIAL  =      3690.3676  VOLUME     =    116921.9544
                                                    Density    =         1.0339
 Ewald error estimate:   0.1225E-03
 ------------------------------------------------------------------------------


 NSTEP =    80750   TIME(PS) =    1581.500  TEMP(K) =   296.24  PRESS =   351.0
 Etot   =    -33336.0314  EKtot   =      7014.7158  EPtot      =    -40350.7472
 BOND   =       158.1373  ANGLE   =       350.5335  DIHED      =       508.2506
 1-4 NB =       160.3847  1-4 EEL =      -351.8907  VDWAALS    =      4962.5357
 EELEC  =    -46138.6983  EHBOND  =         0.0000  RESTRAINT  =         0.0000
 EKCMT  =      3316.8451  VIRIAL  =      2430.4812  VOLUME     =    116952.0314
                                                    Density    =         1.0336
 Ewald error estimate:   0.4992E-04
 ------------------------------------------------------------------------------


 NSTEP =    81000   TIME(PS) =    1582.000  TEMP(K) =   296.74  PRESS =   230.7
 Etot   =    -33400.6258  EKtot   =      7026.7284  EPtot      =    -40427.3542
 BOND   =       145.5677  ANGLE   =       334.3701  DIHED      =       510.0852
 1-4 NB =       175.5285  1-4 EEL =      -349.8570  VDWAALS    =      4956.5147
 EELEC  =    -46199.5633  EHBOND  =         0.0000  RESTRAINT  =         0.0000
 EKCMT  =      3262.3498  VIRIAL  =      2679.7779  VOLUME     =    116976.3658
                                                    Density    =         1.0334
 Ewald error estimate:   0.1669E-04
 ------------------------------------------------------------------------------


 NSTEP =    81250   TIME(PS) =    1582.500  TEMP(K) =   297.53  PRESS =   -60.3
 Etot   =    -33342.0533  EKtot   =      7045.3453  EPtot      =    -40387.3985
 BOND   =       151.3761  ANGLE   =       366.8538  DIHED      =       516.7046
 1-4 NB =       172.3091  1-4 EEL =      -323.1687  VDWAALS    =      4883.8824
 EELEC  =    -46155.3558  EHBOND  =         0.0000  RESTRAINT  =         0.0000
 EKCMT  =      3259.3166  VIRIAL  =      3411.5834  VOLUME     =    116937.9465
                                                    Density    =         1.0338
 Ewald error estimate:   0.1735E-03
 ------------------------------------------------------------------------------


 NSTEP =    81500   TIME(PS) =    1583.000  TEMP(K) =   303.42  PRESS =   -79.8
 Etot   =    -33338.3617  EKtot   =      7184.8245  EPtot      =    -40523.1862
 BOND   =       163.4848  ANGLE   =       366.0885  DIHED      =       493.2940
 1-4 NB =       174.1191  1-4 EEL =      -355.3379  VDWAALS    =      4898.0076
 EELEC  =    -46262.8422  EHBOND  =         0.0000  RESTRAINT  =         0.0000
 EKCMT  =      3351.3200  VIRIAL  =      3552.8975  VOLUME     =    116937.7416
                                                    Density    =         1.0338
 Ewald error estimate:   0.1561E-03
 ------------------------------------------------------------------------------


 NSTEP =    81750   TIME(PS) =    1583.500  TEMP(K) =   306.39  PRESS =   -42.6
 Etot   =    -33247.2323  EKtot   =      7255.0615  EPtot      =    -40502.2938
 BOND   =       162.3605  ANGLE   =       377.4733  DIHED      =       510.2917
 1-4 NB =       167.0706  1-4 EEL =      -355.0369  VDWAALS    =      4733.2720
 EELEC  =    -46097.7250  EHBOND  =         0.0000  RESTRAINT  =         0.0000
 EKCMT  =      3434.1142  VIRIAL  =      3541.6531  VOLUME     =    117046.8084
                                                    Density    =         1.0328
 Ewald error estimate:   0.5664E-04
 ------------------------------------------------------------------------------


 NSTEP =    82000   TIME(PS) =    1584.000  TEMP(K) =   296.56  PRESS =    30.2
 Etot   =    -33290.2981  EKtot   =      7022.3737  EPtot      =    -40312.6719
 BOND   =       164.9695  ANGLE   =       368.5563  DIHED      =       504.3245
 1-4 NB =       171.1717  1-4 EEL =      -362.2590  VDWAALS    =      4874.7985
 EELEC  =    -46034.2333  EHBOND  =         0.0000  RESTRAINT  =         0.0000
 EKCMT  =      3268.2786  VIRIAL  =      3191.9330  VOLUME     =    117066.4155
                                                    Density    =         1.0326
 Ewald error estimate:   0.1033E-03
 ------------------------------------------------------------------------------


 NSTEP =    82250   TIME(PS) =    1584.500  TEMP(K) =   299.94  PRESS =    10.6
 Etot   =    -33137.6668  EKtot   =      7102.3692  EPtot      =    -40240.0359
 BOND   =       156.9552  ANGLE   =       366.3402  DIHED      =       510.4307
 1-4 NB =       175.5772  1-4 EEL =      -338.5315  VDWAALS    =      4841.6415
 EELEC  =    -45952.4492  EHBOND  =         0.0000  RESTRAINT  =         0.0000
 EKCMT  =      3278.1499  VIRIAL  =      3251.2552  VOLUME     =    117082.8533
                                                    Density    =         1.0325
 Ewald error estimate:   0.3875E-04
 ------------------------------------------------------------------------------


 NSTEP =    82500   TIME(PS) =    1585.000  TEMP(K) =   298.45  PRESS =    70.7
 Etot   =    -33360.4934  EKtot   =      7067.1479  EPtot      =    -40427.6413
 BOND   =       167.0210  ANGLE   =       342.5980  DIHED      =       501.0026
 1-4 NB =       174.0680  1-4 EEL =      -359.9961  VDWAALS    =      4959.8168
 EELEC  =    -46212.1514  EHBOND  =         0.0000  RESTRAINT  =         0.0000
 EKCMT  =      3309.4196  VIRIAL  =      3130.8146  VOLUME     =    117035.6936
                                                    Density    =         1.0329
 Ewald error estimate:   0.3685E-04
 ------------------------------------------------------------------------------


 NSTEP =    82750   TIME(PS) =    1585.500  TEMP(K) =   301.77  PRESS =   159.1
 Etot   =    -33340.0305  EKtot   =      7145.7603  EPtot      =    -40485.7908
 BOND   =       165.0556  ANGLE   =       368.6750  DIHED      =       489.5270
 1-4 NB =       173.2472  1-4 EEL =      -348.4575  VDWAALS    =      4903.3710
 EELEC  =    -46237.2090  EHBOND  =         0.0000  RESTRAINT  =         0.0000
 EKCMT  =      3401.2513  VIRIAL  =      2999.3887  VOLUME     =    117007.9078
                                                    Density    =         1.0332
 Ewald error estimate:   0.1474E-03
 ------------------------------------------------------------------------------


 NSTEP =    83000   TIME(PS) =    1586.000  TEMP(K) =   302.67  PRESS =   221.1
 Etot   =    -33344.6511  EKtot   =      7167.0699  EPtot      =    -40511.7210
 BOND   =       166.9298  ANGLE   =       356.1525  DIHED      =       497.4043
 1-4 NB =       167.7624  1-4 EEL =      -340.4753  VDWAALS    =      4959.3072
 EELEC  =    -46318.8018  EHBOND  =         0.0000  RESTRAINT  =         0.0000
 EKCMT  =      3390.1622  VIRIAL  =      2830.8949  VOLUME     =    117132.7230
                                                    Density    =         1.0321
 Ewald error estimate:   0.5327E-05
 ------------------------------------------------------------------------------


 NSTEP =    83250   TIME(PS) =    1586.500  TEMP(K) =   298.17  PRESS =   -29.4
 Etot   =    -33314.2936  EKtot   =      7060.4730  EPtot      =    -40374.7666
 BOND   =       144.4957  ANGLE   =       372.9594  DIHED      =       503.6577
 1-4 NB =       169.4388  1-4 EEL =      -349.9971  VDWAALS    =      4883.9565
 EELEC  =    -46099.2776  EHBOND  =         0.0000  RESTRAINT  =         0.0000
 EKCMT  =      3280.7496  VIRIAL  =      3355.0053  VOLUME     =    117017.3855
                                                    Density    =         1.0331
 Ewald error estimate:   0.2337E-03
 ------------------------------------------------------------------------------


 NSTEP =    83500   TIME(PS) =    1587.000  TEMP(K) =   299.51  PRESS =  -166.1
 Etot   =    -33303.6432  EKtot   =      7092.2777  EPtot      =    -40395.9209
 BOND   =       143.4861  ANGLE   =       311.6126  DIHED      =       492.6472
 1-4 NB =       169.6043  1-4 EEL =      -317.9601  VDWAALS    =      4831.7574
 EELEC  =    -46027.0684  EHBOND  =         0.0000  RESTRAINT  =         0.0000
 EKCMT  =      3315.0118  VIRIAL  =      3734.9866  VOLUME     =    117123.9082
                                                    Density    =         1.0321
 Ewald error estimate:   0.1407E-03
 ------------------------------------------------------------------------------


 NSTEP =    83750   TIME(PS) =    1587.500  TEMP(K) =   296.45  PRESS =  -172.1
 Etot   =    -33302.5342  EKtot   =      7019.7588  EPtot      =    -40322.2930
 BOND   =       152.4304  ANGLE   =       326.1466  DIHED      =       503.2668
 1-4 NB =       174.6449  1-4 EEL =      -323.2747  VDWAALS    =      4887.9223
 EELEC  =    -46043.4291  EHBOND  =         0.0000  RESTRAINT  =         0.0000
 EKCMT  =      3346.1814  VIRIAL  =      3781.5367  VOLUME     =    117131.4250
                                                    Density    =         1.0321
 Ewald error estimate:   0.4013E-05
 ------------------------------------------------------------------------------


 NSTEP =    84000   TIME(PS) =    1588.000  TEMP(K) =   301.42  PRESS =   -75.9
 Etot   =    -33195.3656  EKtot   =      7137.4707  EPtot      =    -40332.8363
 BOND   =       149.5712  ANGLE   =       352.6149  DIHED      =       509.9107
 1-4 NB =       166.5397  1-4 EEL =      -351.1845  VDWAALS    =      4813.8371
 EELEC  =    -45974.1255  EHBOND  =         0.0000  RESTRAINT  =         0.0000
 EKCMT  =      3270.3873  VIRIAL  =      3462.1865  VOLUME     =    117084.8902
                                                    Density    =         1.0325
 Ewald error estimate:   0.1616E-03
 ------------------------------------------------------------------------------


 NSTEP =    84250   TIME(PS) =    1588.500  TEMP(K) =   302.35  PRESS =   540.8
 Etot   =    -33194.2462  EKtot   =      7159.5760  EPtot      =    -40353.8222
 BOND   =       151.6659  ANGLE   =       330.8298  DIHED      =       501.8024
 1-4 NB =       171.6271  1-4 EEL =      -341.0589  VDWAALS    =      5046.5210
 EELEC  =    -46215.2096  EHBOND  =         0.0000  RESTRAINT  =         0.0000
 EKCMT  =      3363.5834  VIRIAL  =      1996.3668  VOLUME     =    117090.8107
                                                    Density    =         1.0324
 Ewald error estimate:   0.6952E-04
 ------------------------------------------------------------------------------


 NSTEP =    84500   TIME(PS) =    1589.000  TEMP(K) =   297.75  PRESS =   -70.1
 Etot   =    -33087.6708  EKtot   =      7050.4407  EPtot      =    -40138.1115
 BOND   =       161.1210  ANGLE   =       336.0735  DIHED      =       510.2689
 1-4 NB =       170.7253  1-4 EEL =      -338.3984  VDWAALS    =      4828.6022
 EELEC  =    -45806.5040  EHBOND  =         0.0000  RESTRAINT  =         0.0000
 EKCMT  =      3275.3867  VIRIAL  =      3452.7537  VOLUME     =    117176.6681
                                                    Density    =         1.0317
 Ewald error estimate:   0.8914E-04
 ------------------------------------------------------------------------------


 NSTEP =    84750   TIME(PS) =    1589.500  TEMP(K) =   302.11  PRESS =   332.0
 Etot   =    -33137.6956  EKtot   =      7153.8403  EPtot      =    -40291.5359
 BOND   =       152.1380  ANGLE   =       374.5143  DIHED      =       520.7393
 1-4 NB =       173.6763  1-4 EEL =      -356.2798  VDWAALS    =      4907.4742
 EELEC  =    -46063.7982  EHBOND  =         0.0000  RESTRAINT  =         0.0000
 EKCMT  =      3357.9329  VIRIAL  =      2516.5877  VOLUME     =    117353.2126
                                                    Density    =         1.0301
 Ewald error estimate:   0.1283E-05
 ------------------------------------------------------------------------------


 NSTEP =    85000   TIME(PS) =    1590.000  TEMP(K) =   303.33  PRESS =  -186.6
 Etot   =    -33116.5786  EKtot   =      7182.6924  EPtot      =    -40299.2709
 BOND   =       169.4017  ANGLE   =       338.9222  DIHED      =       500.7132
 1-4 NB =       178.7514  1-4 EEL =      -355.0575  VDWAALS    =      4702.4306
 EELEC  =    -45834.4327  EHBOND  =         0.0000  RESTRAINT  =         0.0000
 EKCMT  =      3336.9482  VIRIAL  =      3809.6413  VOLUME     =    117308.8811
                                                    Density    =         1.0305
 Ewald error estimate:   0.1730E-04
 ------------------------------------------------------------------------------


 NSTEP =    85250   TIME(PS) =    1590.500  TEMP(K) =   300.94  PRESS =   182.2
 Etot   =    -33225.7896  EKtot   =      7126.1052  EPtot      =    -40351.8948
 BOND   =       162.2216  ANGLE   =       349.6973  DIHED      =       495.1537
 1-4 NB =       173.9122  1-4 EEL =      -340.3948  VDWAALS    =      4806.9136
 EELEC  =    -45999.3984  EHBOND  =         0.0000  RESTRAINT  =         0.0000
 EKCMT  =      3357.8341  VIRIAL  =      2897.4453  VOLUME     =    117049.0404
                                                    Density    =         1.0328
 Ewald error estimate:   0.4853E-04
 ------------------------------------------------------------------------------


 NSTEP =    85500   TIME(PS) =    1591.000  TEMP(K) =   296.64  PRESS =  -151.4
 Etot   =    -33410.6626  EKtot   =      7024.2940  EPtot      =    -40434.9566
 BOND   =       148.9978  ANGLE   =       331.2116  DIHED      =       500.9864
 1-4 NB =       175.7548  1-4 EEL =      -346.0511  VDWAALS    =      4901.9431
 EELEC  =    -46147.7992  EHBOND  =         0.0000  RESTRAINT  =         0.0000
 EKCMT  =      3262.4434  VIRIAL  =      3644.7570  VOLUME     =    116932.9009
                                                    Density    =         1.0338
 Ewald error estimate:   0.1813E-03
 ------------------------------------------------------------------------------


 NSTEP =    85750   TIME(PS) =    1591.500  TEMP(K) =   296.81  PRESS =   -37.5
 Etot   =    -33376.0562  EKtot   =      7028.1898  EPtot      =    -40404.2460
 BOND   =       142.6912  ANGLE   =       368.6599  DIHED      =       520.8570
 1-4 NB =       175.1351  1-4 EEL =      -338.8812  VDWAALS    =      4779.1572
 EELEC  =    -46051.8652  EHBOND  =         0.0000  RESTRAINT  =         0.0000
 EKCMT  =      3282.8993  VIRIAL  =      3377.4159  VOLUME     =    116872.4444
                                                    Density    =         1.0343
 Ewald error estimate:   0.1489E-03
 ------------------------------------------------------------------------------


 NSTEP =    86000   TIME(PS) =    1592.000  TEMP(K) =   301.36  PRESS =    38.7
 Etot   =    -33428.9329  EKtot   =      7136.0460  EPtot      =    -40564.9790
 BOND   =       152.6541  ANGLE   =       377.6760  DIHED      =       512.6149
 1-4 NB =       169.5096  1-4 EEL =      -343.0437  VDWAALS    =      4884.6869
 EELEC  =    -46319.0767  EHBOND  =         0.0000  RESTRAINT  =         0.0000
 EKCMT  =      3338.2780  VIRIAL  =      3240.5396  VOLUME     =    116876.0619
                                                    Density    =         1.0343
 Ewald error estimate:   0.4018E-04
 ------------------------------------------------------------------------------


 NSTEP =    86250   TIME(PS) =    1592.500  TEMP(K) =   296.91  PRESS =   -97.9
 Etot   =    -33409.6313  EKtot   =      7030.5418  EPtot      =    -40440.1731
 BOND   =       155.2396  ANGLE   =       368.9511  DIHED      =       492.6130
 1-4 NB =       174.1507  1-4 EEL =      -354.9231  VDWAALS    =      4780.6623
 EELEC  =    -46056.8667  EHBOND  =         0.0000  RESTRAINT  =         0.0000
 EKCMT  =      3280.0972  VIRIAL  =      3526.6584  VOLUME     =    116702.3094
                                                    Density    =         1.0359
 Ewald error estimate:   0.1572E-05
 ------------------------------------------------------------------------------


 NSTEP =    86500   TIME(PS) =    1593.000  TEMP(K) =   298.31  PRESS =   302.2
 Etot   =    -33449.9825  EKtot   =      7063.6805  EPtot      =    -40513.6630
 BOND   =       144.8980  ANGLE   =       352.9767  DIHED      =       506.3486
 1-4 NB =       172.5244  1-4 EEL =      -313.6235  VDWAALS    =      4928.0420
 EELEC  =    -46304.8291  EHBOND  =         0.0000  RESTRAINT  =         0.0000
 EKCMT  =      3329.4361  VIRIAL  =      2567.3773  VOLUME     =    116784.5310
                                                    Density    =         1.0351
 Ewald error estimate:   0.4511E-04
 ------------------------------------------------------------------------------


 NSTEP =    86750   TIME(PS) =    1593.500  TEMP(K) =   296.85  PRESS =  -451.1
 Etot   =    -33424.7899  EKtot   =      7029.1427  EPtot      =    -40453.9326
 BOND   =       142.4201  ANGLE   =       344.8487  DIHED      =       503.1841
 1-4 NB =       170.5557  1-4 EEL =      -338.2522  VDWAALS    =      4794.5209
 EELEC  =    -46071.2098  EHBOND  =         0.0000  RESTRAINT  =         0.0000
 EKCMT  =      3303.0453  VIRIAL  =      4440.5266  VOLUME     =    116785.6587
                                                    Density    =         1.0351
 Ewald error estimate:   0.1366E-03
 ------------------------------------------------------------------------------


 NSTEP =    87000   TIME(PS) =    1594.000  TEMP(K) =   297.09  PRESS =    40.7
 Etot   =    -33399.8051  EKtot   =      7035.0080  EPtot      =    -40434.8131
 BOND   =       148.2038  ANGLE   =       347.6947  DIHED      =       492.8881
 1-4 NB =       176.0176  1-4 EEL =      -359.8215  VDWAALS    =      4765.4215
 EELEC  =    -46005.2173  EHBOND  =         0.0000  RESTRAINT  =         0.0000
 EKCMT  =      3305.4693  VIRIAL  =      3202.9750  VOLUME     =    116669.9880
                                                    Density    =         1.0361
 Ewald error estimate:   0.3349E-03
 ------------------------------------------------------------------------------


 NSTEP =    87250   TIME(PS) =    1594.500  TEMP(K) =   300.31  PRESS =    80.5
 Etot   =    -33287.1017  EKtot   =      7111.0795  EPtot      =    -40398.1812
 BOND   =       153.8226  ANGLE   =       344.7967  DIHED      =       496.4750
 1-4 NB =       176.1035  1-4 EEL =      -356.0589  VDWAALS    =      4895.7839
 EELEC  =    -46109.1040  EHBOND  =         0.0000  RESTRAINT  =         0.0000
 EKCMT  =      3362.1469  VIRIAL  =      3159.0077  VOLUME     =    116889.2745
                                                    Density    =         1.0342
 Ewald error estimate:   0.2885E-05
 ------------------------------------------------------------------------------


 NSTEP =    87500   TIME(PS) =    1595.000  TEMP(K) =   297.10  PRESS =   111.0
 Etot   =    -33324.2056  EKtot   =      7035.0582  EPtot      =    -40359.2638
 BOND   =       152.7215  ANGLE   =       354.4848  DIHED      =       497.6263
 1-4 NB =       173.9266  1-4 EEL =      -339.0157  VDWAALS    =      4998.6543
 EELEC  =    -46197.6617  EHBOND  =         0.0000  RESTRAINT  =         0.0000
 EKCMT  =      3289.2030  VIRIAL  =      3008.7853  VOLUME     =    116957.5216
                                                    Density    =         1.0336
 Ewald error estimate:   0.2107E-04
 ------------------------------------------------------------------------------


 NSTEP =    87750   TIME(PS) =    1595.500  TEMP(K) =   301.01  PRESS =  -262.1
 Etot   =    -33355.9497  EKtot   =      7127.8398  EPtot      =    -40483.7895
 BOND   =       139.8330  ANGLE   =       351.9279  DIHED      =       508.6449
 1-4 NB =       171.5736  1-4 EEL =      -337.9709  VDWAALS    =      4808.1262
 EELEC  =    -46125.9241  EHBOND  =         0.0000  RESTRAINT  =         0.0000
 EKCMT  =      3350.9527  VIRIAL  =      4012.8713  VOLUME     =    116950.7326
                                                    Density    =         1.0337
 Ewald error estimate:   0.2800E-04
 ------------------------------------------------------------------------------


 NSTEP =    88000   TIME(PS) =    1596.000  TEMP(K) =   296.12  PRESS =   362.3
 Etot   =    -33340.4259  EKtot   =      7012.0137  EPtot      =    -40352.4396
 BOND   =       145.2771  ANGLE   =       360.9056  DIHED      =       495.7847
 1-4 NB =       173.0866  1-4 EEL =      -352.4381  VDWAALS    =      4936.5294
 EELEC  =    -46111.5849  EHBOND  =         0.0000  RESTRAINT  =         0.0000
 EKCMT  =      3289.2612  VIRIAL  =      2375.3990  VOLUME     =    116825.2772
                                                    Density    =         1.0348
 Ewald error estimate:   0.6014E-04
 ------------------------------------------------------------------------------


 NSTEP =    88250   TIME(PS) =    1596.500  TEMP(K) =   295.28  PRESS =  -153.8
 Etot   =    -33333.4543  EKtot   =      6991.9907  EPtot      =    -40325.4451
 BOND   =       136.2657  ANGLE   =       355.5443  DIHED      =       487.3075
 1-4 NB =       181.3737  1-4 EEL =      -325.4144  VDWAALS    =      4711.9783
 EELEC  =    -45872.5002  EHBOND  =         0.0000  RESTRAINT  =         0.0000
 EKCMT  =      3215.3377  VIRIAL  =      3602.9302  VOLUME     =    116701.0129
                                                    Density    =         1.0359
 Ewald error estimate:   0.4823E-04
 ------------------------------------------------------------------------------


 NSTEP =    88500   TIME(PS) =    1597.000  TEMP(K) =   296.56  PRESS =   232.5
 Etot   =    -33339.3661  EKtot   =      7022.2574  EPtot      =    -40361.6235
 BOND   =       156.1675  ANGLE   =       362.5808  DIHED      =       508.0060
 1-4 NB =       172.8211  1-4 EEL =      -346.6108  VDWAALS    =      4928.1057
 EELEC  =    -46142.6938  EHBOND  =         0.0000  RESTRAINT  =         0.0000
 EKCMT  =      3311.5242  VIRIAL  =      2725.5095  VOLUME     =    116745.0266
                                                    Density    =         1.0355
 Ewald error estimate:   0.7100E-04
 ------------------------------------------------------------------------------


 NSTEP =    88750   TIME(PS) =    1597.500  TEMP(K) =   300.82  PRESS =    -2.0
 Etot   =    -33352.8527  EKtot   =      7123.1593  EPtot      =    -40476.0121
 BOND   =       140.8970  ANGLE   =       353.0708  DIHED      =       502.3377
 1-4 NB =       170.7838  1-4 EEL =      -349.6597  VDWAALS    =      4814.5759
 EELEC  =    -46108.0176  EHBOND  =         0.0000  RESTRAINT  =         0.0000
 EKCMT  =      3296.5956  VIRIAL  =      3301.6483  VOLUME     =    116809.4299
                                                    Density    =         1.0349
 Ewald error estimate:   0.5209E-05
 ------------------------------------------------------------------------------


 NSTEP =    89000   TIME(PS) =    1598.000  TEMP(K) =   300.48  PRESS =  -151.8
 Etot   =    -33280.2738  EKtot   =      7115.1703  EPtot      =    -40395.4441
 BOND   =       147.4053  ANGLE   =       357.1094  DIHED      =       507.5047
 1-4 NB =       177.1568  1-4 EEL =      -325.9105  VDWAALS    =      4769.7128
 EELEC  =    -46028.4226  EHBOND  =         0.0000  RESTRAINT  =         0.0000
 EKCMT  =      3255.9580  VIRIAL  =      3638.7652  VOLUME     =    116821.9046
                                                    Density    =         1.0348
 Ewald error estimate:   0.1863E-03
 ------------------------------------------------------------------------------


 NSTEP =    89250   TIME(PS) =    1598.500  TEMP(K) =   301.29  PRESS =   145.8
 Etot   =    -33274.9586  EKtot   =      7134.3467  EPtot      =    -40409.3053
 BOND   =       161.8183  ANGLE   =       356.3117  DIHED      =       497.9503
 1-4 NB =       172.0858  1-4 EEL =      -325.6514  VDWAALS    =      4926.3489
 EELEC  =    -46198.1689  EHBOND  =         0.0000  RESTRAINT  =         0.0000
 EKCMT  =      3247.7842  VIRIAL  =      2880.1691  VOLUME     =    116764.5278
                                                    Density    =         1.0353
 Ewald error estimate:   0.2685E-03
 ------------------------------------------------------------------------------


 NSTEP =    89500   TIME(PS) =    1599.000  TEMP(K) =   295.68  PRESS =   235.0
 Etot   =    -33337.2083  EKtot   =      7001.4897  EPtot      =    -40338.6980
 BOND   =       144.3335  ANGLE   =       368.2526  DIHED      =       489.6953
 1-4 NB =       173.2590  1-4 EEL =      -348.0403  VDWAALS    =      4929.5135
 EELEC  =    -46095.7116  EHBOND  =         0.0000  RESTRAINT  =         0.0000
 EKCMT  =      3230.0256  VIRIAL  =      2636.7766  VOLUME     =    116926.1529
                                                    Density    =         1.0339
 Ewald error estimate:   0.4700E-04
 ------------------------------------------------------------------------------


 NSTEP =    89750   TIME(PS) =    1599.500  TEMP(K) =   296.67  PRESS =   -20.7
 Etot   =    -33387.1718  EKtot   =      7024.9733  EPtot      =    -40412.1451
 BOND   =       159.6042  ANGLE   =       345.2223  DIHED      =       514.0656
 1-4 NB =       169.5016  1-4 EEL =      -350.6422  VDWAALS    =      4838.8172
 EELEC  =    -46088.7138  EHBOND  =         0.0000  RESTRAINT  =         0.0000
 EKCMT  =      3260.9693  VIRIAL  =      3313.1323  VOLUME     =    116851.0172
                                                    Density    =         1.0345
 Ewald error estimate:   0.7562E-04
 ------------------------------------------------------------------------------


 NSTEP =    90000   TIME(PS) =    1600.000  TEMP(K) =   295.48  PRESS =   193.5
 Etot   =    -33435.5565  EKtot   =      6996.7005  EPtot      =    -40432.2570
 BOND   =       152.4075  ANGLE   =       370.3188  DIHED      =       501.7989
 1-4 NB =       173.0890  1-4 EEL =      -326.6192  VDWAALS    =      4957.9984
 EELEC  =    -46261.2503  EHBOND  =         0.0000  RESTRAINT  =         0.0000
 EKCMT  =      3267.0195  VIRIAL  =      2779.5125  VOLUME     =    116658.8240
                                                    Density    =         1.0362
 Ewald error estimate:   0.1004E-03
 ------------------------------------------------------------------------------


 NSTEP =    90250   TIME(PS) =    1600.500  TEMP(K) =   294.42  PRESS =   390.2
 Etot   =    -33376.0077  EKtot   =      6971.5885  EPtot      =    -40347.5963
 BOND   =       165.5066  ANGLE   =       370.2570  DIHED      =       494.7702
 1-4 NB =       184.0827  1-4 EEL =      -320.8631  VDWAALS    =      4995.6261
 EELEC  =    -46236.9757  EHBOND  =         0.0000  RESTRAINT  =         0.0000
 EKCMT  =      3256.4879  VIRIAL  =      2272.1420  VOLUME     =    116830.8098
                                                    Density    =         1.0347
 Ewald error estimate:   0.8075E-04
 ------------------------------------------------------------------------------


 NSTEP =    90500   TIME(PS) =    1601.000  TEMP(K) =   299.79  PRESS =  -121.7
 Etot   =    -33262.9515  EKtot   =      7098.9065  EPtot      =    -40361.8580
 BOND   =       161.2477  ANGLE   =       368.1383  DIHED      =       489.6840
 1-4 NB =       178.3045  1-4 EEL =      -346.0123  VDWAALS    =      4899.8459
 EELEC  =    -46113.0661  EHBOND  =         0.0000  RESTRAINT  =         0.0000
 EKCMT  =      3341.3264  VIRIAL  =      3648.5313  VOLUME     =    116941.9930
                                                    Density    =         1.0337
 Ewald error estimate:   0.1192E-03
 ------------------------------------------------------------------------------


 NSTEP =    90750   TIME(PS) =    1601.500  TEMP(K) =   301.17  PRESS =  -106.4
 Etot   =    -33352.7253  EKtot   =      7131.4380  EPtot      =    -40484.1633
 BOND   =       154.5924  ANGLE   =       364.5605  DIHED      =       499.8175
 1-4 NB =       172.3228  1-4 EEL =      -364.7288  VDWAALS    =      4790.4009
 EELEC  =    -46101.1286  EHBOND  =         0.0000  RESTRAINT  =         0.0000
 EKCMT  =      3317.0793  VIRIAL  =      3585.7942  VOLUME     =    117011.5225
                                                    Density    =         1.0331
 Ewald error estimate:   0.5236E-04
 ------------------------------------------------------------------------------


 NSTEP =    91000   TIME(PS) =    1602.000  TEMP(K) =   304.77  PRESS =   230.9
 Etot   =    -33267.5328  EKtot   =      7216.7515  EPtot      =    -40484.2843
 BOND   =       143.8577  ANGLE   =       355.7058  DIHED      =       505.4053
 1-4 NB =       170.5234  1-4 EEL =      -336.0607  VDWAALS    =      4933.1661
 EELEC  =    -46256.8820  EHBOND  =         0.0000  RESTRAINT  =         0.0000
 EKCMT  =      3370.6042  VIRIAL  =      2787.9347  VOLUME     =    116892.7042
                                                    Density    =         1.0342
 Ewald error estimate:   0.2394E-05
 ------------------------------------------------------------------------------


 NSTEP =    91250   TIME(PS) =    1602.500  TEMP(K) =   299.11  PRESS =  -347.6
 Etot   =    -33253.5184  EKtot   =      7082.7518  EPtot      =    -40336.2702
 BOND   =       148.5687  ANGLE   =       377.3275  DIHED      =       495.3976
 1-4 NB =       177.8628  1-4 EEL =      -338.8104  VDWAALS    =      4831.8731
 EELEC  =    -46028.4895  EHBOND  =         0.0000  RESTRAINT  =         0.0000
 EKCMT  =      3273.1390  VIRIAL  =      4150.2750  VOLUME     =    116887.1345
                                                    Density    =         1.0342
 Ewald error estimate:   0.2271E-03
 ------------------------------------------------------------------------------


 NSTEP =    91500   TIME(PS) =    1603.000  TEMP(K) =   302.37  PRESS =   -77.2
 Etot   =    -33261.2380  EKtot   =      7160.0387  EPtot      =    -40421.2768
 BOND   =       165.8354  ANGLE   =       372.3281  DIHED      =       497.1073
 1-4 NB =       170.0890  1-4 EEL =      -349.7802  VDWAALS    =      4883.7051
 EELEC  =    -46160.5614  EHBOND  =         0.0000  RESTRAINT  =         0.0000
 EKCMT  =      3320.8937  VIRIAL  =      3515.4645  VOLUME     =    116732.7223
                                                    Density    =         1.0356
 Ewald error estimate:   0.1360E-03
 ------------------------------------------------------------------------------


 NSTEP =    91750   TIME(PS) =    1603.500  TEMP(K) =   300.42  PRESS =  -203.0
 Etot   =    -33184.3229  EKtot   =      7113.7882  EPtot      =    -40298.1111
 BOND   =       176.9252  ANGLE   =       351.6963  DIHED      =       516.6165
 1-4 NB =       169.5960  1-4 EEL =      -350.1733  VDWAALS    =      4729.7953
 EELEC  =    -45892.5672  EHBOND  =         0.0000  RESTRAINT  =         0.0000
 EKCMT  =      3341.9760  VIRIAL  =      3853.2649  VOLUME     =    116652.2060
                                                    Density    =         1.0363
 Ewald error estimate:   0.1013E-03
 ------------------------------------------------------------------------------


 NSTEP =    92000   TIME(PS) =    1604.000  TEMP(K) =   298.99  PRESS =    26.8
 Etot   =    -33265.0057  EKtot   =      7079.8488  EPtot      =    -40344.8545
 BOND   =       159.2329  ANGLE   =       373.9796  DIHED      =       494.6551
 1-4 NB =       168.9069  1-4 EEL =      -324.1070  VDWAALS    =      4878.9745
 EELEC  =    -46096.4965  EHBOND  =         0.0000  RESTRAINT  =         0.0000
 EKCMT  =      3280.1751  VIRIAL  =      3212.7105  VOLUME     =    116762.4581
                                                    Density    =         1.0353
 Ewald error estimate:   0.8840E-04
 ------------------------------------------------------------------------------


 NSTEP =    92250   TIME(PS) =    1604.500  TEMP(K) =   300.60  PRESS =  -124.0
 Etot   =    -33321.4077  EKtot   =      7117.9220  EPtot      =    -40439.3297
 BOND   =       152.2308  ANGLE   =       353.3491  DIHED      =       499.2321
 1-4 NB =       182.0335  1-4 EEL =      -315.4905  VDWAALS    =      4778.8962
 EELEC  =    -46089.5810  EHBOND  =         0.0000  RESTRAINT  =         0.0000
 EKCMT  =      3296.6559  VIRIAL  =      3609.4070  VOLUME     =    116768.7599
                                                    Density    =         1.0353
 Ewald error estimate:   0.6640E-04
 ------------------------------------------------------------------------------


 NSTEP =    92500   TIME(PS) =    1605.000  TEMP(K) =   299.34  PRESS =  -200.4
 Etot   =    -33332.5077  EKtot   =      7088.1054  EPtot      =    -40420.6131
 BOND   =       158.2745  ANGLE   =       366.0642  DIHED      =       517.4393
 1-4 NB =       166.0168  1-4 EEL =      -332.3025  VDWAALS    =      4758.2032
 EELEC  =    -46054.3086  EHBOND  =         0.0000  RESTRAINT  =         0.0000
 EKCMT  =      3289.1501  VIRIAL  =      3794.9033  VOLUME     =    116862.3687
                                                    Density    =         1.0344
 Ewald error estimate:   0.2945E-03
 ------------------------------------------------------------------------------


 NSTEP =    92750   TIME(PS) =    1605.500  TEMP(K) =   299.76  PRESS =   440.1
 Etot   =    -33358.0185  EKtot   =      7098.2093  EPtot      =    -40456.2278
 BOND   =       152.1332  ANGLE   =       355.1409  DIHED      =       505.6216
 1-4 NB =       166.8118  1-4 EEL =      -358.9176  VDWAALS    =      4954.9519
 EELEC  =    -46231.9697  EHBOND  =         0.0000  RESTRAINT  =         0.0000
 EKCMT  =      3302.3194  VIRIAL  =      2192.5363  VOLUME     =    116800.0866
                                                    Density    =         1.0350
 Ewald error estimate:   0.1048E-04
 ------------------------------------------------------------------------------


 NSTEP =    93000   TIME(PS) =    1606.000  TEMP(K) =   299.72  PRESS =  -337.8
 Etot   =    -33313.9679  EKtot   =      7097.2524  EPtot      =    -40411.2203
 BOND   =       156.1024  ANGLE   =       363.7912  DIHED      =       496.9668
 1-4 NB =       169.3165  1-4 EEL =      -353.5942  VDWAALS    =      4733.4013
 EELEC  =    -45977.2044  EHBOND  =         0.0000  RESTRAINT  =         0.0000
 EKCMT  =      3307.4979  VIRIAL  =      4159.6752  VOLUME     =    116831.3916
                                                    Density    =         1.0347
 Ewald error estimate:   0.7573E-04
 ------------------------------------------------------------------------------


 NSTEP =    93250   TIME(PS) =    1606.500  TEMP(K) =   300.15  PRESS =  -122.9
 Etot   =    -33221.0148  EKtot   =      7107.4057  EPtot      =    -40328.4205
 BOND   =       162.5549  ANGLE   =       364.0873  DIHED      =       507.5652
 1-4 NB =       171.4956  1-4 EEL =      -338.5574  VDWAALS    =      4840.5827
 EELEC  =    -46036.1488  EHBOND  =         0.0000  RESTRAINT  =         0.0000
 EKCMT  =      3355.4175  VIRIAL  =      3665.7785  VOLUME     =    116913.6651
                                                    Density    =         1.0340
 Ewald error estimate:   0.2016E-05
 ------------------------------------------------------------------------------


 NSTEP =    93500   TIME(PS) =    1607.000  TEMP(K) =   298.63  PRESS =   137.0
 Etot   =    -33255.8921  EKtot   =      7071.2889  EPtot      =    -40327.1811
 BOND   =       169.7558  ANGLE   =       353.6370  DIHED      =       499.2374
 1-4 NB =       173.5950  1-4 EEL =      -328.7190  VDWAALS    =      4910.9908
 EELEC  =    -46105.6782  EHBOND  =         0.0000  RESTRAINT  =         0.0000
 EKCMT  =      3331.0357  VIRIAL  =      2984.8910  VOLUME     =    117023.4472
                                                    Density    =         1.0330
 Ewald error estimate:   0.2186E-04
 ------------------------------------------------------------------------------


 NSTEP =    93750   TIME(PS) =    1607.500  TEMP(K) =   302.94  PRESS =   -11.5
 Etot   =    -33384.4788  EKtot   =      7173.3501  EPtot      =    -40557.8289
 BOND   =       150.5835  ANGLE   =       356.2117  DIHED      =       496.7862
 1-4 NB =       170.7684  1-4 EEL =      -350.4104  VDWAALS    =      4802.1145
 EELEC  =    -46183.8827  EHBOND  =         0.0000  RESTRAINT  =         0.0000
 EKCMT  =      3337.0418  VIRIAL  =      3366.1125  VOLUME     =    117123.2563
                                                    Density    =         1.0321
 Ewald error estimate:   0.2300E-03
 ------------------------------------------------------------------------------


 NSTEP =    94000   TIME(PS) =    1608.000  TEMP(K) =   295.59  PRESS =     5.4
 Etot   =    -33426.3713  EKtot   =      6999.3939  EPtot      =    -40425.7652
 BOND   =       168.3328  ANGLE   =       364.4021  DIHED      =       493.1802
 1-4 NB =       166.7755  1-4 EEL =      -352.1766  VDWAALS    =      4823.0572
 EELEC  =    -46089.3364  EHBOND  =         0.0000  RESTRAINT  =         0.0000
 EKCMT  =      3273.8033  VIRIAL  =      3260.1212  VOLUME     =    116983.4630
                                                    Density    =         1.0334
 Ewald error estimate:   0.6157E-04
 ------------------------------------------------------------------------------


 NSTEP =    94250   TIME(PS) =    1608.500  TEMP(K) =   298.47  PRESS =  -107.9
 Etot   =    -33399.5570  EKtot   =      7067.5090  EPtot      =    -40467.0660
 BOND   =       157.6562  ANGLE   =       372.4124  DIHED      =       503.4845
 1-4 NB =       172.3116  1-4 EEL =      -335.7233  VDWAALS    =      4751.6588
 EELEC  =    -46088.8661  EHBOND  =         0.0000  RESTRAINT  =         0.0000
 EKCMT  =      3353.3095  VIRIAL  =      3625.6552  VOLUME     =    116857.5201
                                                    Density    =         1.0345
 Ewald error estimate:   0.9742E-04
 ------------------------------------------------------------------------------


 NSTEP =    94500   TIME(PS) =    1609.000  TEMP(K) =   296.13  PRESS =    33.1
 Etot   =    -33439.9619  EKtot   =      7012.2763  EPtot      =    -40452.2382
 BOND   =       158.7182  ANGLE   =       359.9872  DIHED      =       496.7566
 1-4 NB =       173.2580  1-4 EEL =      -345.5681  VDWAALS    =      4893.9966
 EELEC  =    -46189.3867  EHBOND  =         0.0000  RESTRAINT  =         0.0000
 EKCMT  =      3283.0271  VIRIAL  =      3199.4511  VOLUME     =    116792.9190
                                                    Density    =         1.0351
 Ewald error estimate:   0.4259E-04
 ------------------------------------------------------------------------------


 NSTEP =    94750   TIME(PS) =    1609.500  TEMP(K) =   297.23  PRESS =   -38.0
 Etot   =    -33509.5449  EKtot   =      7038.3009  EPtot      =    -40547.8458
 BOND   =       170.0500  ANGLE   =       346.8404  DIHED      =       512.8468
 1-4 NB =       170.7893  1-4 EEL =      -352.5481  VDWAALS    =      4872.8193
 EELEC  =    -46268.6435  EHBOND  =         0.0000  RESTRAINT  =         0.0000
 EKCMT  =      3294.7869  VIRIAL  =      3390.5956  VOLUME     =    116716.3039
                                                    Density    =         1.0357
 Ewald error estimate:   0.9665E-07
 ------------------------------------------------------------------------------


 NSTEP =    95000   TIME(PS) =    1610.000  TEMP(K) =   296.47  PRESS =   -82.7
 Etot   =    -33587.9103  EKtot   =      7020.2388  EPtot      =    -40608.1490
 BOND   =       149.2450  ANGLE   =       355.6784  DIHED      =       496.4072
 1-4 NB =       169.8174  1-4 EEL =      -331.3279  VDWAALS    =      4874.9341
 EELEC  =    -46322.9032  EHBOND  =         0.0000  RESTRAINT  =         0.0000
 EKCMT  =      3310.5943  VIRIAL  =      3518.8928  VOLUME     =    116596.9269
                                                    Density    =         1.0368
 Ewald error estimate:   0.2287E-04
 ------------------------------------------------------------------------------


 NSTEP =    95250   TIME(PS) =    1610.500  TEMP(K) =   292.98  PRESS =    28.1
 Etot   =    -33636.3349  EKtot   =      6937.5232  EPtot      =    -40573.8581
 BOND   =       163.7386  ANGLE   =       344.5091  DIHED      =       496.4520
 1-4 NB =       171.9050  1-4 EEL =      -350.6607  VDWAALS    =      4993.2844
 EELEC  =    -46393.0865  EHBOND  =         0.0000  RESTRAINT  =         0.0000
 EKCMT  =      3277.4035  VIRIAL  =      3206.8403  VOLUME     =    116424.5213
                                                    Density    =         1.0383
 Ewald error estimate:   0.5421E-04
 ------------------------------------------------------------------------------


 NSTEP =    95500   TIME(PS) =    1611.000  TEMP(K) =   301.41  PRESS =   306.1
 Etot   =    -33494.9973  EKtot   =      7137.3028  EPtot      =    -40632.3001
 BOND   =       162.1107  ANGLE   =       331.4048  DIHED      =       501.1526
 1-4 NB =       166.4102  1-4 EEL =      -349.5551  VDWAALS    =      4960.5298
 EELEC  =    -46404.3531  EHBOND  =         0.0000  RESTRAINT  =         0.0000
 EKCMT  =      3303.3043  VIRIAL  =      2532.6079  VOLUME     =    116594.6943
                                                    Density    =         1.0368
 Ewald error estimate:   0.7248E-04
 ------------------------------------------------------------------------------


 NSTEP =    95750   TIME(PS) =    1611.500  TEMP(K) =   293.86  PRESS =  -107.9
 Etot   =    -33451.9599  EKtot   =      6958.3946  EPtot      =    -40410.3545
 BOND   =       151.9526  ANGLE   =       349.9736  DIHED      =       516.7721
 1-4 NB =       167.5075  1-4 EEL =      -350.3653  VDWAALS    =      4792.3943
 EELEC  =    -46038.5892  EHBOND  =         0.0000  RESTRAINT  =         0.0000
 EKCMT  =      3267.3982  VIRIAL  =      3539.5399  VOLUME     =    116769.4421
                                                    Density    =         1.0353
 Ewald error estimate:   0.1465E-04
 ------------------------------------------------------------------------------


 NSTEP =    96000   TIME(PS) =    1612.000  TEMP(K) =   303.99  PRESS =    -1.8
 Etot   =    -33193.6289  EKtot   =      7198.2550  EPtot      =    -40391.8838
 BOND   =       148.8087  ANGLE   =       349.0698  DIHED      =       503.8599
 1-4 NB =       175.7984  1-4 EEL =      -338.2454  VDWAALS    =      4906.8063
 EELEC  =    -46137.9817  EHBOND  =         0.0000  RESTRAINT  =         0.0000
 EKCMT  =      3422.2964  VIRIAL  =      3426.8511  VOLUME     =    116676.0571
                                                    Density    =         1.0361
 Ewald error estimate:   0.5764E-04
 ------------------------------------------------------------------------------


 NSTEP =    96250   TIME(PS) =    1612.500  TEMP(K) =   298.36  PRESS =    44.0
 Etot   =    -33282.2224  EKtot   =      7065.0852  EPtot      =    -40347.3077
 BOND   =       148.9134  ANGLE   =       345.5949  DIHED      =       513.9257
 1-4 NB =       164.8118  1-4 EEL =      -350.6320  VDWAALS    =      4890.7804
 EELEC  =    -46060.7018  EHBOND  =         0.0000  RESTRAINT  =         0.0000
 EKCMT  =      3280.2181  VIRIAL  =      3169.4671  VOLUME     =    116702.9522
                                                    Density    =         1.0359
 Ewald error estimate:   0.7100E-04
 ------------------------------------------------------------------------------


 NSTEP =    96500   TIME(PS) =    1613.000  TEMP(K) =   295.69  PRESS =  -163.6
 Etot   =    -33269.6164  EKtot   =      7001.7984  EPtot      =    -40271.4148
 BOND   =       145.1451  ANGLE   =       348.2854  DIHED      =       497.5797
 1-4 NB =       176.0865  1-4 EEL =      -348.9273  VDWAALS    =      4833.0251
 EELEC  =    -45922.6092  EHBOND  =         0.0000  RESTRAINT  =         0.0000
 EKCMT  =      3258.5806  VIRIAL  =      3671.3305  VOLUME     =    116878.3560
                                                    Density    =         1.0343
 Ewald error estimate:   0.1920E-03
 ------------------------------------------------------------------------------


 NSTEP =    96750   TIME(PS) =    1613.500  TEMP(K) =   302.83  PRESS =    57.8
 Etot   =    -33140.8142  EKtot   =      7170.7138  EPtot      =    -40311.5281
 BOND   =       147.4206  ANGLE   =       361.3650  DIHED      =       485.5545
 1-4 NB =       166.0881  1-4 EEL =      -350.2664  VDWAALS    =      4840.9077
 EELEC  =    -45962.5976  EHBOND  =         0.0000  RESTRAINT  =         0.0000
 EKCMT  =      3344.8407  VIRIAL  =      3198.9023  VOLUME     =    116961.2653
                                                    Density    =         1.0336
 Ewald error estimate:   0.2463E-03
 ------------------------------------------------------------------------------


 NSTEP =    97000   TIME(PS) =    1614.000  TEMP(K) =   298.65  PRESS =  -329.0
 Etot   =    -33195.0103  EKtot   =      7071.9203  EPtot      =    -40266.9306
 BOND   =       153.9870  ANGLE   =       364.7533  DIHED      =       487.2689
 1-4 NB =       173.1992  1-4 EEL =      -345.6823  VDWAALS    =      4648.4142
 EELEC  =    -45748.8709  EHBOND  =         0.0000  RESTRAINT  =         0.0000
 EKCMT  =      3342.4974  VIRIAL  =      4172.3326  VOLUME     =    116819.9383
                                                    Density    =         1.0348
 Ewald error estimate:   0.2086E-03
 ------------------------------------------------------------------------------


 NSTEP =    97250   TIME(PS) =    1614.500  TEMP(K) =   300.12  PRESS =  -121.4
 Etot   =    -33221.5305  EKtot   =      7106.5980  EPtot      =    -40328.1285
 BOND   =       144.0121  ANGLE   =       339.0283  DIHED      =       497.4143
 1-4 NB =       170.5469  1-4 EEL =      -346.6520  VDWAALS    =      4824.6147
 EELEC  =    -45957.0928  EHBOND  =         0.0000  RESTRAINT  =         0.0000
 EKCMT  =      3356.4227  VIRIAL  =      3662.8169  VOLUME     =    116911.6410
                                                    Density    =         1.0340
 Ewald error estimate:   0.1902E-03
 ------------------------------------------------------------------------------


 NSTEP =    97500   TIME(PS) =    1615.000  TEMP(K) =   298.53  PRESS =   309.6
 Etot   =    -33221.2303  EKtot   =      7069.1072  EPtot      =    -40290.3375
 BOND   =       148.4472  ANGLE   =       358.4526  DIHED      =       510.8623
 1-4 NB =       175.9654  1-4 EEL =      -328.0382  VDWAALS    =      4873.7185
 EELEC  =    -46029.7453  EHBOND  =         0.0000  RESTRAINT  =         0.0000
 EKCMT  =      3347.5109  VIRIAL  =      2565.1034  VOLUME     =    117041.4356
                                                    Density    =         1.0329
 Ewald error estimate:   0.4755E-04
 ------------------------------------------------------------------------------


 NSTEP =    97750   TIME(PS) =    1615.500  TEMP(K) =   300.55  PRESS =   -62.0
 Etot   =    -33305.9671  EKtot   =      7116.7359  EPtot      =    -40422.7030
 BOND   =       160.9112  ANGLE   =       357.4864  DIHED      =       499.5694
 1-4 NB =       173.6692  1-4 EEL =      -329.1792  VDWAALS    =      4811.8311
 EELEC  =    -46096.9910  EHBOND  =         0.0000  RESTRAINT  =         0.0000
 EKCMT  =      3299.8026  VIRIAL  =      3456.5856  VOLUME     =    117027.1485
                                                    Density    =         1.0330
 Ewald error estimate:   0.1065E-03
 ------------------------------------------------------------------------------


 NSTEP =    98000   TIME(PS) =    1616.000  TEMP(K) =   295.84  PRESS =   364.2
 Etot   =    -33404.4482  EKtot   =      7005.2661  EPtot      =    -40409.7143
 BOND   =       171.5586  ANGLE   =       363.2188  DIHED      =       493.7538
 1-4 NB =       167.2715  1-4 EEL =      -337.4410  VDWAALS    =      5005.1170
 EELEC  =    -46273.1930  EHBOND  =         0.0000  RESTRAINT  =         0.0000
 EKCMT  =      3263.5644  VIRIAL  =      2343.8948  VOLUME     =    116962.4808
                                                    Density    =         1.0336
 Ewald error estimate:   0.1798E-03
 ------------------------------------------------------------------------------


 NSTEP =    98250   TIME(PS) =    1616.500  TEMP(K) =   298.39  PRESS =  -129.5
 Etot   =    -33349.7438  EKtot   =      7065.6345  EPtot      =    -40415.3783
 BOND   =       179.1151  ANGLE   =       366.2298  DIHED      =       491.7264
 1-4 NB =       163.5991  1-4 EEL =      -337.3899  VDWAALS    =      4837.6883
 EELEC  =    -46116.3469  EHBOND  =         0.0000  RESTRAINT  =         0.0000
 EKCMT  =      3287.1123  VIRIAL  =      3614.6347  VOLUME     =    117119.5778
                                                    Density    =         1.0322
 Ewald error estimate:   0.3598E-05
 ------------------------------------------------------------------------------


 NSTEP =    98500   TIME(PS) =    1617.000  TEMP(K) =   299.91  PRESS =   103.7
 Etot   =    -33263.7980  EKtot   =      7101.7861  EPtot      =    -40365.5841
 BOND   =       152.1161  ANGLE   =       367.1000  DIHED      =       493.0031
 1-4 NB =       165.2692  1-4 EEL =      -336.9330  VDWAALS    =      4847.5272
 EELEC  =    -46053.6666  EHBOND  =         0.0000  RESTRAINT  =         0.0000
 EKCMT  =      3340.6939  VIRIAL  =      3078.7929  VOLUME     =    116930.3744
                                                    Density    =         1.0338
 Ewald error estimate:   0.2376E-03
 ------------------------------------------------------------------------------


 NSTEP =    98750   TIME(PS) =    1617.500  TEMP(K) =   303.69  PRESS =   200.9
 Etot   =    -33162.0036  EKtot   =      7191.3056  EPtot      =    -40353.3092
 BOND   =       176.4876  ANGLE   =       345.9369  DIHED      =       495.9915
 1-4 NB =       164.2911  1-4 EEL =      -352.5161  VDWAALS    =      4887.1637
 EELEC  =    -46070.6638  EHBOND  =         0.0000  RESTRAINT  =         0.0000
 EKCMT  =      3419.8428  VIRIAL  =      2912.7988  VOLUME     =    116900.8494
                                                    Density    =         1.0341
 Ewald error estimate:   0.1318E-04
 ------------------------------------------------------------------------------


 NSTEP =    99000   TIME(PS) =    1618.000  TEMP(K) =   295.63  PRESS =  -161.2
 Etot   =    -33197.8636  EKtot   =      7000.3150  EPtot      =    -40198.1786
 BOND   =       152.0604  ANGLE   =       350.7892  DIHED      =       498.2730
 1-4 NB =       177.5647  1-4 EEL =      -341.2180  VDWAALS    =      4671.3470
 EELEC  =    -45706.9949  EHBOND  =         0.0000  RESTRAINT  =         0.0000
 EKCMT  =      3322.0358  VIRIAL  =      3729.1612  VOLUME     =    116995.1603
                                                    Density    =         1.0333
 Ewald error estimate:   0.1833E-04
 ------------------------------------------------------------------------------


 NSTEP =    99250   TIME(PS) =    1618.500  TEMP(K) =   299.75  PRESS =   253.7
 Etot   =    -33166.8957  EKtot   =      7097.8666  EPtot      =    -40264.7623
 BOND   =       146.6339  ANGLE   =       359.2604  DIHED      =       504.0511
 1-4 NB =       171.5144  1-4 EEL =      -361.0160  VDWAALS    =      4978.8481
 EELEC  =    -46064.0542  EHBOND  =         0.0000  RESTRAINT  =         0.0000
 EKCMT  =      3333.1171  VIRIAL  =      2691.9754  VOLUME     =    117027.3460
                                                    Density    =         1.0330
 Ewald error estimate:   0.3873E-04
 ------------------------------------------------------------------------------


 NSTEP =    99500   TIME(PS) =    1619.000  TEMP(K) =   301.66  PRESS =   191.2
 Etot   =    -33111.0537  EKtot   =      7143.0796  EPtot      =    -40254.1333
 BOND   =       187.4892  ANGLE   =       371.8607  DIHED      =       501.8251
 1-4 NB =       173.1674  1-4 EEL =      -363.2298  VDWAALS    =      4845.6871
 EELEC  =    -45970.9330  EHBOND  =         0.0000  RESTRAINT  =         0.0000
 EKCMT  =      3329.6347  VIRIAL  =      2846.4811  VOLUME     =    117021.0599
                                                    Density    =         1.0330
 Ewald error estimate:   0.3592E-03
 ------------------------------------------------------------------------------


 NSTEP =    99750   TIME(PS) =    1619.500  TEMP(K) =   300.82  PRESS =   189.9
 Etot   =    -33176.6766  EKtot   =      7123.2374  EPtot      =    -40299.9140
 BOND   =       147.9077  ANGLE   =       357.7222  DIHED      =       511.2236
 1-4 NB =       178.2626  1-4 EEL =      -343.8352  VDWAALS    =      4921.0657
 EELEC  =    -46072.2607  EHBOND  =         0.0000  RESTRAINT  =         0.0000
 EKCMT  =      3342.5587  VIRIAL  =      2861.7937  VOLUME     =    117282.6177
                                                    Density    =         1.0307
 Ewald error estimate:   0.1201E-03
 ------------------------------------------------------------------------------


 NSTEP =   100000   TIME(PS) =    1620.000  TEMP(K) =   299.48  PRESS =  -321.9
 Etot   =    -33222.1473  EKtot   =      7091.5208  EPtot      =    -40313.6681
 BOND   =       174.6901  ANGLE   =       342.2554  DIHED      =       495.6357
 1-4 NB =       176.2629  1-4 EEL =      -326.1987  VDWAALS    =      4729.6324
 EELEC  =    -45905.9460  EHBOND  =         0.0000  RESTRAINT  =         0.0000
 EKCMT  =      3317.3212  VIRIAL  =      4132.6339  VOLUME     =    117320.3163
                                                    Density    =         1.0304
 Ewald error estimate:   0.7420E-04
 ------------------------------------------------------------------------------


      A V E R A G E S   O V E R  100000 S T E P S


 NSTEP =   100000   TIME(PS) =    1620.000  TEMP(K) =   298.94  PRESS =     1.6
 Etot   =    -33363.7679  EKtot   =      7078.6414  EPtot      =    -40442.4093
 BOND   =       154.2268  ANGLE   =       351.0625  DIHED      =       500.5987
 1-4 NB =       170.3649  1-4 EEL =      -344.2421  VDWAALS    =      4866.1749
 EELEC  =    -46140.5951  EHBOND  =         0.0000  RESTRAINT  =         0.0000
 EKCMT  =      3311.4858  VIRIAL  =      3307.3790  VOLUME     =    116918.3768
                                                    Density    =         1.0340
 Ewald error estimate:   0.1010E-03
 ------------------------------------------------------------------------------


      R M S  F L U C T U A T I O N S


 NSTEP =   100000   TIME(PS) =    1620.000  TEMP(K) =     7.19  PRESS =   225.5
 Etot   =       436.8763  EKtot   =       170.3073  EPtot      =       285.3474
 BOND   =        10.8823  ANGLE   =        15.7883  DIHED      =         8.6301
 1-4 NB =         4.7970  1-4 EEL =        12.8785  VDWAALS    =       122.4002
 EELEC  =       366.5010  EHBOND  =         0.0000  RESTRAINT  =         0.0000
 EKCMT  =        85.6987  VIRIAL  =       551.1714  VOLUME     =       380.2897
                                                    Density    =         0.0034
 Ewald error estimate:   0.7578E-04
 ------------------------------------------------------------------------------


--------------------------------------------------------------------------------
   5.  TIMINGS
--------------------------------------------------------------------------------

|                Build the list          1992.43 (99.85% of List )
|                Other                      2.98 ( 0.15% of List )
|             List time               1995.41 (13.29% of Nonbo)
|                   Short_ene time         11152.97 (99.41% of Direc)
|                   Other                     65.94 ( 0.59% of Direc)
|                Direct Ewald time      11218.92 (86.19% of Ewald)
|                Adjust Ewald time         51.09 ( 0.39% of Ewald)
|                   Fill Bspline coeffs       66.46 ( 3.83% of Recip)
|                   Fill charge grid         156.93 ( 9.04% of Recip)
|                   Scalar sum               504.06 (29.03% of Recip)
|                   Grad sum                 341.84 (19.69% of Recip)
|                   FFT time                 666.81 (38.41% of Recip)
|                Recip Ewald time        1736.16 (13.34% of Ewald)
|                Force Adjust               1.17 ( 0.01% of Ewald)
|                Virial junk                4.37 ( 0.03% of Ewald)
|                Other                      4.56 ( 0.04% of Ewald)
|             Ewald time             13016.38 (86.71% of Nonbo)
|          Nonbond force          15011.83 (99.67% of Force)
|          Bond/Angle/Dihedral       48.21 ( 0.32% of Force)
|          Other                      1.17 ( 0.01% of Force)
|       Force time             15061.21 (97.97% of Runmd)
|       Shake time                55.86 ( 0.36% of Runmd)
|       Verlet update time       246.92 ( 1.61% of Runmd)
|       Ekcmr time                 5.87 ( 0.04% of Runmd)
|       Other                      3.17 ( 0.02% of Runmd)
|    Runmd Time             15373.03 (100.0% of Total)
| Total time             15373.10 (100.0% of ALL  )

| Number of list builds   :      10305

| Highest rstack allocated:     664033
| Highest istack allocated:      11705

| Final Performance Info:
| -----------------------------------------------------
| Average timings for all steps:
|     Elapsed(s) =   15373.03 Per Step(ms) =     153.73
|         ns/day =       1.12   seconds/ns =   76865.14
| -----------------------------------------------------

|           Job began  at 22:14:40.463  on 05/28/2026
|           Setup done at 22:14:40.535  on 05/28/2026
|           Run   done at 02:30:53.563  on 05/29/2026
|     wallclock() was called 4621023 times

|3D-RISM memory allocation summary
|Type          Maximum        Current   
|Integer       0.00000 GB     0.00000 GB
|Real          0.00000 GB     0.00000 GB
|Logical       0.00000 GB     0.00000 GB
|Character     0.00000 GB     0.00000 GB
|---------------------------------------
|Total         0.00000 GB     0.00000 GB
