
          -------------------------------------------------------
          Amber 18 SANDER                              2018
          -------------------------------------------------------

| Run on 05/28/2026 at 09:31:57

|   Executable path: /home/ando/amber/amber18/bin/sander
| Working directory: /home/test/yazawa/tutorial6
|          Hostname: Unknown
  [-O]verwriting output

File Assignments:
|  MDIN: a-dna_md_1800ps.in                                                    
| MDOUT: a-dna_md6.out                                                         
|INPCRD: a-dna_md5.ncrst                                                       
|  PARM: a-dna_wat.prmtop                                                      
|RESTRT: a-dna_md6.ncrst                                                       
|  REFC: refc                                                                  
| MDVEL: mdvel                                                                 
| MDFRC: mdfrc                                                                 
|  MDEN: mden                                                                  
| MDCRD: a-dna_md6.nc                                                          
|MDINFO: mdinfo                                                                
|  MTMD: mtmd                                                                  
|INPDIP: inpdip                                                                
|RSTDIP: rstdip                                                                
|INPTRA: inptraj                                                               


 Here is the input file:

A-DNA 10-mer: 200ps of MD                                                      
 &cntrl                                                                        
  imin = 0, irest = 1, ntx = 7,                                                
  ntb = 2, pres0 = 1.0, ntp = 1,                                               
  taup = 2.0,                                                                  
  cut = 10.0, ntr = 0,                                                         
  ntc = 2, ntf = 2,                                                            
  tempi = 300.0, temp0 = 300.0,                                                
  ntt = 3, gamma_ln = 1.0,                                                     
  nstlim = 100000, dt = 0.002,                                                 
  ntpr = 250, ntwx = 250, ntwr = 10000                                         
 /                                                                             

--------------------------------------------------------------------------------
   1.  RESOURCE   USE: 
--------------------------------------------------------------------------------

| Flags:                                                                        
 getting box info from netcdf restart file
| NetCDF restart box info found
|Largest sphere to fit in unit cell has radius =    21.784
| New format PARM file being parsed.
| Version =    1.000 Date = 05/27/26 Time = 15:52:42
 NATOM  =   11705 NTYPES =      17 NBONH =   11283 MBONA  =     452
 NTHETH =     554 MTHETA =     694 NPHIH =    1084 MPHIA  =    1326
 NHPARM =       0 NPARM  =       0 NNB   =   18294 NRES   =    3721
 NBONA  =     452 NTHETA =     694 NPHIA =    1326 NUMBND =      41
 NUMANG =      75 NPTRA  =      56 NATYP =      29 NPHB   =       1
 IFBOX  =       2 NMXRS  =      33 IFCAP =       0 NEXTRA =       0
 NCOPY  =       0


|     Memory Use     Allocated
|     Real              859321
|     Hollerith          38838
|     Integer           405322
|     Max Pairs        6742080
|     nblistReal        140460
|     nblist Int        358030
|       Total            37280 kbytes

| Note: 1-4 EEL scale factors are being read from the topology file.

| Note: 1-4 VDW scale factors are being read from the topology file.
| Duplicated    0 dihedrals
| Duplicated    0 dihedrals

     BOX TYPE: TRUNCATED OCTAHEDRON

--------------------------------------------------------------------------------
   2.  CONTROL  DATA  FOR  THE  RUN
--------------------------------------------------------------------------------

default_name                                                                    

General flags:
     imin    =       0, nmropt  =       0

Nature and format of input:
     ntx     =       7, irest   =       1, ntrx    =       1

Nature and format of output:
     ntxo    =       2, ntpr    =     250, ntrx    =       1, ntwr    =   10000
     iwrap   =       0, ntwx    =     250, ntwv    =       0, ntwe    =       0
     ioutfm  =       1, ntwprt  =       0, idecomp =       0, rbornstat=      0

Potential function:
     ntf     =       2, ntb     =       2, igb     =       0, nsnb    =      25
     ipol    =       0, gbsa    =       0, iesp    =       0
     dielc   =   1.00000, cut     =  10.00000, intdiel =   1.00000

Frozen or restrained atoms:
     ibelly  =       0, ntr     =       0

Molecular dynamics:
     nstlim  =    100000, nscm    =      1000, nrespa  =         1
     t       =   0.00000, dt      =   0.00200, vlimit  =  20.00000

Langevin dynamics temperature regulation:
     ig      =   71277
     temp0   = 300.00000, tempi   = 300.00000, gamma_ln=   1.00000

Pressure regulation:
     ntp     =       1
     pres0   =   1.00000, comp    =  44.60000, taup    =   2.00000

SHAKE:
     ntc     =       2, jfastw  =       0
     tol     =   0.00001

Ewald parameters:
     verbose =       0, ew_type =       0, nbflag  =       1, use_pme =       1
     vdwmeth =       1, eedmeth =       1, netfrc  =       1
     Box X =   53.360   Box Y =   53.360   Box Z =   53.360
     Alpha =  109.471   Beta  =  109.471   Gamma =  109.471
     NFFT1 =   54       NFFT2 =   54       NFFT3 =   54
     Cutoff=   10.000   Tol   =0.100E-04
     Ewald Coefficient =  0.27511
     Interpolation order =    4
|  INFO: Old style inpcrd file read


--------------------------------------------------------------------------------
   3.  ATOMIC COORDINATES AND VELOCITIES
--------------------------------------------------------------------------------

default_name                                                                    
 begin time read from input coords =   820.000 ps

 Number of triangulated 3-point waters found:     3683

     Sum of charges from parm topology file =   0.00000008
     Forcing neutrality...

--------------------------------------------------------------------------------
   4.  RESULTS
--------------------------------------------------------------------------------

|  # of SOLUTE  degrees of freedom (RNDFP):   23832.
|  # of SOLVENT degrees of freedom (RNDFS):       0.
|  NDFMIN =   23832.     NUM_NOSHAKE =      0     CORRECTED RNDFP =   23832.
|  TOTAL # of degrees of freedom (RNDF) =   23832.
 ---------------------------------------------------
 APPROXIMATING switch and d/dx switch using CUBIC SPLINE INTERPOLATION
 using   5000.0 points per unit in tabled values
 TESTING RELATIVE ERROR over r ranging from 0.0 to cutoff
| CHECK switch(x): max rel err =   0.2738E-14   at   2.422500
| CHECK d/dx switch(x): max rel err =   0.8314E-11   at   2.736960
 ---------------------------------------------------
| Local SIZE OF NONBOND LIST =    4222853
| TOTAL SIZE OF NONBOND LIST =    4222853

 NSTEP =      250   TIME(PS) =     820.500  TEMP(K) =   223.57  PRESS =  -395.5
 Etot   =    -38137.4071  EKtot   =      5293.9594  EPtot      =    -43431.3665
 BOND   =       117.1155  ANGLE   =       291.5167  DIHED      =       478.0098
 1-4 NB =       168.0523  1-4 EEL =      -379.8897  VDWAALS    =      5754.8904
 EELEC  =    -49861.0615  EHBOND  =         0.0000  RESTRAINT  =         0.0000
 EKCMT  =      2538.2064  VIRIAL  =      3520.6541  VOLUME     =    115057.5616
                                                    Density    =         1.0507
 Ewald error estimate:   0.1182E-03
 ------------------------------------------------------------------------------


 NSTEP =      500   TIME(PS) =     821.000  TEMP(K) =   252.74  PRESS =  -121.9
 Etot   =    -36759.2776  EKtot   =      5984.6458  EPtot      =    -42743.9234
 BOND   =       136.7940  ANGLE   =       271.5439  DIHED      =       492.6332
 1-4 NB =       171.5650  1-4 EEL =      -357.5617  VDWAALS    =      5628.6184
 EELEC  =    -49087.5161  EHBOND  =         0.0000  RESTRAINT  =         0.0000
 EKCMT  =      2852.9012  VIRIAL  =      3155.0786  VOLUME     =    114782.6261
                                                    Density    =         1.0532
 Ewald error estimate:   0.1536E-03
 ------------------------------------------------------------------------------


 NSTEP =      750   TIME(PS) =     821.500  TEMP(K) =   268.20  PRESS =   300.9
 Etot   =    -35864.7135  EKtot   =      6350.8619  EPtot      =    -42215.5754
 BOND   =       141.4942  ANGLE   =       329.2444  DIHED      =       488.6301
 1-4 NB =       158.9409  1-4 EEL =      -349.4434  VDWAALS    =      5501.8066
 EELEC  =    -48486.2481  EHBOND  =         0.0000  RESTRAINT  =         0.0000
 EKCMT  =      2992.3524  VIRIAL  =      2246.6491  VOLUME     =    114772.1995
                                                    Density    =         1.0533
 Ewald error estimate:   0.1500E-03
 ------------------------------------------------------------------------------


 NSTEP =     1000   TIME(PS) =     822.000  TEMP(K) =   275.47  PRESS =   -47.0
 Etot   =    -35241.9594  EKtot   =      6522.8460  EPtot      =    -41764.8054
 BOND   =       155.7158  ANGLE   =       305.8527  DIHED      =       513.4057
 1-4 NB =       173.7686  1-4 EEL =      -356.2890  VDWAALS    =      5334.2575
 EELEC  =    -47891.5168  EHBOND  =         0.0000  RESTRAINT  =         0.0000
 EKCMT  =      3036.5598  VIRIAL  =      3153.0649  VOLUME     =    114762.3108
                                                    Density    =         1.0534
 Ewald error estimate:   0.7031E-04
 ------------------------------------------------------------------------------


 NSTEP =     1250   TIME(PS) =     822.500  TEMP(K) =   284.73  PRESS =   210.1
 Etot   =    -34735.5981  EKtot   =      6742.2061  EPtot      =    -41477.8042
 BOND   =       147.8499  ANGLE   =       349.9115  DIHED      =       500.3837
 1-4 NB =       165.3149  1-4 EEL =      -372.0079  VDWAALS    =      5306.4027
 EELEC  =    -47575.6591  EHBOND  =         0.0000  RESTRAINT  =         0.0000
 EKCMT  =      3208.2299  VIRIAL  =      2686.4026  VOLUME     =    115021.9207
                                                    Density    =         1.0510
 Ewald error estimate:   0.1026E-03
 ------------------------------------------------------------------------------


 NSTEP =     1500   TIME(PS) =     823.000  TEMP(K) =   283.25  PRESS =   110.5
 Etot   =    -34617.5272  EKtot   =      6707.1613  EPtot      =    -41324.6885
 BOND   =       153.1095  ANGLE   =       344.2763  DIHED      =       506.9263
 1-4 NB =       162.5980  1-4 EEL =      -334.5922  VDWAALS    =      5186.4470
 EELEC  =    -47343.4535  EHBOND  =         0.0000  RESTRAINT  =         0.0000
 EKCMT  =      3121.7484  VIRIAL  =      2846.3462  VOLUME     =    115405.1200
                                                    Density    =         1.0475
 Ewald error estimate:   0.2418E-03
 ------------------------------------------------------------------------------


 NSTEP =     1750   TIME(PS) =     823.500  TEMP(K) =   285.62  PRESS =   -87.1
 Etot   =    -34313.5573  EKtot   =      6763.3045  EPtot      =    -41076.8618
 BOND   =       142.4525  ANGLE   =       363.1200  DIHED      =       492.6714
 1-4 NB =       161.7261  1-4 EEL =      -368.2068  VDWAALS    =      5064.5171
 EELEC  =    -46933.1422  EHBOND  =         0.0000  RESTRAINT  =         0.0000
 EKCMT  =      3161.3917  VIRIAL  =      3378.7810  VOLUME     =    115648.4513
                                                    Density    =         1.0453
 Ewald error estimate:   0.5904E-04
 ------------------------------------------------------------------------------


 NSTEP =     2000   TIME(PS) =     824.000  TEMP(K) =   291.52  PRESS =    -2.6
 Etot   =    -34054.4142  EKtot   =      6902.9128  EPtot      =    -40957.3270
 BOND   =       152.2474  ANGLE   =       338.5777  DIHED      =       503.7460
 1-4 NB =       176.8626  1-4 EEL =      -343.1956  VDWAALS    =      4988.1446
 EELEC  =    -46773.7097  EHBOND  =         0.0000  RESTRAINT  =         0.0000
 EKCMT  =      3244.5845  VIRIAL  =      3251.2048  VOLUME     =    115835.1242
                                                    Density    =         1.0436
 Ewald error estimate:   0.1547E-03
 ------------------------------------------------------------------------------


 NSTEP =     2250   TIME(PS) =     824.500  TEMP(K) =   295.04  PRESS =   247.1
 Etot   =    -33832.1720  EKtot   =      6986.4028  EPtot      =    -40818.5749
 BOND   =       164.1539  ANGLE   =       351.7496  DIHED      =       510.1148
 1-4 NB =       163.8635  1-4 EEL =      -341.9945  VDWAALS    =      5021.4158
 EELEC  =    -46687.8779  EHBOND  =         0.0000  RESTRAINT  =         0.0000
 EKCMT  =      3266.4501  VIRIAL  =      2647.8834  VOLUME     =    115942.2304
                                                    Density    =         1.0426
 Ewald error estimate:   0.2873E-03
 ------------------------------------------------------------------------------


 NSTEP =     2500   TIME(PS) =     825.000  TEMP(K) =   298.82  PRESS =   -87.7
 Etot   =    -33789.6153  EKtot   =      7075.9305  EPtot      =    -40865.5458
 BOND   =       145.2980  ANGLE   =       335.1476  DIHED      =       514.4896
 1-4 NB =       164.9409  1-4 EEL =      -365.8408  VDWAALS    =      4977.1973
 EELEC  =    -46636.7784  EHBOND  =         0.0000  RESTRAINT  =         0.0000
 EKCMT  =      3349.6144  VIRIAL  =      3569.5467  VOLUME     =    116114.7094
                                                    Density    =         1.0411
 Ewald error estimate:   0.2319E-03
 ------------------------------------------------------------------------------


 NSTEP =     2750   TIME(PS) =     825.500  TEMP(K) =   292.44  PRESS =    43.4
 Etot   =    -33650.8696  EKtot   =      6924.7459  EPtot      =    -40575.6155
 BOND   =       173.9530  ANGLE   =       330.5335  DIHED      =       492.4948
 1-4 NB =       158.0620  1-4 EEL =      -352.0028  VDWAALS    =      4897.8853
 EELEC  =    -46276.5412  EHBOND  =         0.0000  RESTRAINT  =         0.0000
 EKCMT  =      3226.8751  VIRIAL  =      3117.8382  VOLUME     =    116254.7527
                                                    Density    =         1.0398
 Ewald error estimate:   0.7846E-04
 ------------------------------------------------------------------------------


 NSTEP =     3000   TIME(PS) =     826.000  TEMP(K) =   300.75  PRESS =   271.8
 Etot   =    -33534.7052  EKtot   =      7121.5019  EPtot      =    -40656.2071
 BOND   =       125.2052  ANGLE   =       349.3437  DIHED      =       501.6387
 1-4 NB =       173.0998  1-4 EEL =      -353.4765  VDWAALS    =      4967.6749
 EELEC  =    -46419.6928  EHBOND  =         0.0000  RESTRAINT  =         0.0000
 EKCMT  =      3332.9550  VIRIAL  =      2649.8687  VOLUME     =    116401.9271
                                                    Density    =         1.0385
 Ewald error estimate:   0.1745E-03
 ------------------------------------------------------------------------------


 NSTEP =     3250   TIME(PS) =     826.500  TEMP(K) =   297.19  PRESS =    87.4
 Etot   =    -33367.6041  EKtot   =      7037.2529  EPtot      =    -40404.8570
 BOND   =       145.8513  ANGLE   =       345.4993  DIHED      =       499.9600
 1-4 NB =       171.0908  1-4 EEL =      -366.7612  VDWAALS    =      4978.3940
 EELEC  =    -46178.8912  EHBOND  =         0.0000  RESTRAINT  =         0.0000
 EKCMT  =      3323.2418  VIRIAL  =      3103.3127  VOLUME     =    116593.1218
                                                    Density    =         1.0368
 Ewald error estimate:   0.8042E-04
 ------------------------------------------------------------------------------


 NSTEP =     3500   TIME(PS) =     827.000  TEMP(K) =   301.94  PRESS =  -197.3
 Etot   =    -33288.8704  EKtot   =      7149.6920  EPtot      =    -40438.5623
 BOND   =       153.6085  ANGLE   =       338.5215  DIHED      =       512.7625
 1-4 NB =       176.2653  1-4 EEL =      -362.0581  VDWAALS    =      4847.8628
 EELEC  =    -46105.5249  EHBOND  =         0.0000  RESTRAINT  =         0.0000
 EKCMT  =      3402.5910  VIRIAL  =      3900.4376  VOLUME     =    116852.1917
                                                    Density    =         1.0345
 Ewald error estimate:   0.5255E-04
 ------------------------------------------------------------------------------


 NSTEP =     3750   TIME(PS) =     827.500  TEMP(K) =   301.60  PRESS =  -227.2
 Etot   =    -33223.7898  EKtot   =      7141.5936  EPtot      =    -40365.3834
 BOND   =       164.5525  ANGLE   =       323.8779  DIHED      =       506.8904
 1-4 NB =       166.5633  1-4 EEL =      -358.9281  VDWAALS    =      4769.5963
 EELEC  =    -45937.9355  EHBOND  =         0.0000  RESTRAINT  =         0.0000
 EKCMT  =      3448.2489  VIRIAL  =      4022.8887  VOLUME     =    117128.0245
                                                    Density    =         1.0321
 Ewald error estimate:   0.8104E-04
 ------------------------------------------------------------------------------


 NSTEP =     4000   TIME(PS) =     828.000  TEMP(K) =   304.89  PRESS =  -141.9
 Etot   =    -33233.7074  EKtot   =      7219.6674  EPtot      =    -40453.3748
 BOND   =       127.6644  ANGLE   =       348.2959  DIHED      =       507.5004
 1-4 NB =       172.6493  1-4 EEL =      -360.9377  VDWAALS    =      4772.8357
 EELEC  =    -46021.3827  EHBOND  =         0.0000  RESTRAINT  =         0.0000
 EKCMT  =      3453.8395  VIRIAL  =      3812.4844  VOLUME     =    117017.7293
                                                    Density    =         1.0331
 Ewald error estimate:   0.7235E-04
 ------------------------------------------------------------------------------


 NSTEP =     4250   TIME(PS) =     828.500  TEMP(K) =   299.88  PRESS =    34.2
 Etot   =    -33302.9970  EKtot   =      7101.0181  EPtot      =    -40404.0150
 BOND   =       150.3782  ANGLE   =       349.0305  DIHED      =       497.3513
 1-4 NB =       179.3258  1-4 EEL =      -341.0568  VDWAALS    =      4906.7469
 EELEC  =    -46145.7910  EHBOND  =         0.0000  RESTRAINT  =         0.0000
 EKCMT  =      3346.2726  VIRIAL  =      3259.8011  VOLUME     =    117077.1901
                                                    Density    =         1.0325
 Ewald error estimate:   0.6027E-04
 ------------------------------------------------------------------------------


 NSTEP =     4500   TIME(PS) =     829.000  TEMP(K) =   303.27  PRESS =   -92.4
 Etot   =    -33319.0627  EKtot   =      7181.2805  EPtot      =    -40500.3432
 BOND   =       153.0014  ANGLE   =       359.9708  DIHED      =       499.8394
 1-4 NB =       167.3387  1-4 EEL =      -350.0461  VDWAALS    =      4800.4665
 EELEC  =    -46130.9138  EHBOND  =         0.0000  RESTRAINT  =         0.0000
 EKCMT  =      3337.2749  VIRIAL  =      3570.7235  VOLUME     =    117060.4118
                                                    Density    =         1.0327
 Ewald error estimate:   0.6130E-04
 ------------------------------------------------------------------------------


 NSTEP =     4750   TIME(PS) =     829.500  TEMP(K) =   297.32  PRESS =  -213.4
 Etot   =    -33420.0106  EKtot   =      7040.3317  EPtot      =    -40460.3424
 BOND   =       171.0420  ANGLE   =       331.5580  DIHED      =       503.7235
 1-4 NB =       176.3906  1-4 EEL =      -350.3780  VDWAALS    =      4857.1582
 EELEC  =    -46149.8367  EHBOND  =         0.0000  RESTRAINT  =         0.0000
 EKCMT  =      3348.8888  VIRIAL  =      3888.0853  VOLUME     =    117016.9235
                                                    Density    =         1.0331
 Ewald error estimate:   0.2615E-04
 ------------------------------------------------------------------------------


 NSTEP =     5000   TIME(PS) =     830.000  TEMP(K) =   296.87  PRESS =  -202.3
 Etot   =    -33381.9494  EKtot   =      7029.6184  EPtot      =    -40411.5678
 BOND   =       138.6634  ANGLE   =       350.7755  DIHED      =       500.9676
 1-4 NB =       185.1773  1-4 EEL =      -344.6879  VDWAALS    =      4855.7136
 EELEC  =    -46098.1773  EHBOND  =         0.0000  RESTRAINT  =         0.0000
 EKCMT  =      3232.4783  VIRIAL  =      3743.9059  VOLUME     =    117085.4877
                                                    Density    =         1.0325
 Ewald error estimate:   0.2854E-04
 ------------------------------------------------------------------------------


 NSTEP =     5250   TIME(PS) =     830.500  TEMP(K) =   300.88  PRESS =    84.5
 Etot   =    -33413.8201  EKtot   =      7124.7527  EPtot      =    -40538.5728
 BOND   =       162.0410  ANGLE   =       363.2540  DIHED      =       499.0009
 1-4 NB =       157.0760  1-4 EEL =      -358.0261  VDWAALS    =      4930.9696
 EELEC  =    -46292.8882  EHBOND  =         0.0000  RESTRAINT  =         0.0000
 EKCMT  =      3323.5247  VIRIAL  =      3109.8712  VOLUME     =    117052.6879
                                                    Density    =         1.0328
 Ewald error estimate:   0.2147E-04
 ------------------------------------------------------------------------------


 NSTEP =     5500   TIME(PS) =     831.000  TEMP(K) =   300.12  PRESS =   162.9
 Etot   =    -33332.5732  EKtot   =      7106.7084  EPtot      =    -40439.2816
 BOND   =       144.9856  ANGLE   =       353.1619  DIHED      =       503.7910
 1-4 NB =       168.0690  1-4 EEL =      -351.2484  VDWAALS    =      4867.3468
 EELEC  =    -46125.3876  EHBOND  =         0.0000  RESTRAINT  =         0.0000
 EKCMT  =      3342.7562  VIRIAL  =      2931.0263  VOLUME     =    117062.5618
                                                    Density    =         1.0327
 Ewald error estimate:   0.1810E-03
 ------------------------------------------------------------------------------


 NSTEP =     5750   TIME(PS) =     831.500  TEMP(K) =   296.10  PRESS =  -240.3
 Etot   =    -33131.6468  EKtot   =      7011.5688  EPtot      =    -40143.2156
 BOND   =       152.3949  ANGLE   =       352.1796  DIHED      =       496.2334
 1-4 NB =       168.8009  1-4 EEL =      -348.4578  VDWAALS    =      4683.2487
 EELEC  =    -45647.6154  EHBOND  =         0.0000  RESTRAINT  =         0.0000
 EKCMT  =      3284.5480  VIRIAL  =      3891.9502  VOLUME     =    117092.2649
                                                    Density    =         1.0324
 Ewald error estimate:   0.2089E-03
 ------------------------------------------------------------------------------


 NSTEP =     6000   TIME(PS) =     832.000  TEMP(K) =   298.28  PRESS =  -142.5
 Etot   =    -33222.1011  EKtot   =      7063.1965  EPtot      =    -40285.2976
 BOND   =       148.9840  ANGLE   =       347.7463  DIHED      =       503.6221
 1-4 NB =       166.0107  1-4 EEL =      -355.1388  VDWAALS    =      4678.0958
 EELEC  =    -45774.6176  EHBOND  =         0.0000  RESTRAINT  =         0.0000
 EKCMT  =      3321.0852  VIRIAL  =      3681.0855  VOLUME     =    117046.1039
                                                    Density    =         1.0328
 Ewald error estimate:   0.4101E-06
 ------------------------------------------------------------------------------


 NSTEP =     6250   TIME(PS) =     832.500  TEMP(K) =   298.76  PRESS =  -145.0
 Etot   =    -33228.7999  EKtot   =      7074.4352  EPtot      =    -40303.2350
 BOND   =       147.7058  ANGLE   =       345.2870  DIHED      =       493.3139
 1-4 NB =       167.5052  1-4 EEL =      -362.5449  VDWAALS    =      4853.2093
 EELEC  =    -45947.7114  EHBOND  =         0.0000  RESTRAINT  =         0.0000
 EKCMT  =      3319.8831  VIRIAL  =      3686.4694  VOLUME     =    117110.2626
                                                    Density    =         1.0322
 Ewald error estimate:   0.3996E-04
 ------------------------------------------------------------------------------


 NSTEP =     6500   TIME(PS) =     833.000  TEMP(K) =   301.53  PRESS =  -204.0
 Etot   =    -33303.5232  EKtot   =      7139.9532  EPtot      =    -40443.4764
 BOND   =       152.6488  ANGLE   =       362.0533  DIHED      =       488.2575
 1-4 NB =       176.5747  1-4 EEL =      -342.6918  VDWAALS    =      4779.2872
 EELEC  =    -46059.6061  EHBOND  =         0.0000  RESTRAINT  =         0.0000
 EKCMT  =      3332.3490  VIRIAL  =      3848.8529  VOLUME     =    117248.5434
                                                    Density    =         1.0310
 Ewald error estimate:   0.1929E-03
 ------------------------------------------------------------------------------


 NSTEP =     6750   TIME(PS) =     833.500  TEMP(K) =   296.63  PRESS =  -299.8
 Etot   =    -33245.4364  EKtot   =      7023.9844  EPtot      =    -40269.4208
 BOND   =       149.2108  ANGLE   =       326.0479  DIHED      =       499.5510
 1-4 NB =       170.0535  1-4 EEL =      -349.7047  VDWAALS    =      4778.4896
 EELEC  =    -45843.0689  EHBOND  =         0.0000  RESTRAINT  =         0.0000
 EKCMT  =      3199.1264  VIRIAL  =      3956.9082  VOLUME     =    117071.2621
                                                    Density    =         1.0326
 Ewald error estimate:   0.6900E-04
 ------------------------------------------------------------------------------


 NSTEP =     7000   TIME(PS) =     834.000  TEMP(K) =   300.77  PRESS =  -151.2
 Etot   =    -33208.0536  EKtot   =      7121.9953  EPtot      =    -40330.0489
 BOND   =       153.0811  ANGLE   =       367.0070  DIHED      =       501.5307
 1-4 NB =       163.3211  1-4 EEL =      -360.7981  VDWAALS    =      4864.4159
 EELEC  =    -46018.6066  EHBOND  =         0.0000  RESTRAINT  =         0.0000
 EKCMT  =      3362.0013  VIRIAL  =      3743.9989  VOLUME     =    117029.4429
                                                    Density    =         1.0330
 Ewald error estimate:   0.1215E-03
 ------------------------------------------------------------------------------


 NSTEP =     7250   TIME(PS) =     834.500  TEMP(K) =   300.96  PRESS =   -46.5
 Etot   =    -33231.0997  EKtot   =      7126.5287  EPtot      =    -40357.6284
 BOND   =       154.5525  ANGLE   =       365.4587  DIHED      =       513.4746
 1-4 NB =       171.9996  1-4 EEL =      -356.1718  VDWAALS    =      4868.8386
 EELEC  =    -46075.7806  EHBOND  =         0.0000  RESTRAINT  =         0.0000
 EKCMT  =      3343.0201  VIRIAL  =      3460.4694  VOLUME     =    117036.1038
                                                    Density    =         1.0329
 Ewald error estimate:   0.1065E-03
 ------------------------------------------------------------------------------


 NSTEP =     7500   TIME(PS) =     835.000  TEMP(K) =   298.23  PRESS =    68.1
 Etot   =    -33278.4537  EKtot   =      7061.9972  EPtot      =    -40340.4509
 BOND   =       150.0825  ANGLE   =       354.0475  DIHED      =       505.9835
 1-4 NB =       176.9386  1-4 EEL =      -340.6358  VDWAALS    =      4875.2861
 EELEC  =    -46062.1532  EHBOND  =         0.0000  RESTRAINT  =         0.0000
 EKCMT  =      3301.9984  VIRIAL  =      3129.9453  VOLUME     =    117044.1791
                                                    Density    =         1.0328
 Ewald error estimate:   0.8423E-04
 ------------------------------------------------------------------------------


 NSTEP =     7750   TIME(PS) =     835.500  TEMP(K) =   298.42  PRESS =   133.8
 Etot   =    -33270.2926  EKtot   =      7066.3860  EPtot      =    -40336.6786
 BOND   =       140.2755  ANGLE   =       376.6620  DIHED      =       493.7895
 1-4 NB =       166.1671  1-4 EEL =      -348.0170  VDWAALS    =      4992.0253
 EELEC  =    -46157.5811  EHBOND  =         0.0000  RESTRAINT  =         0.0000
 EKCMT  =      3290.4023  VIRIAL  =      2952.2581  VOLUME     =    117025.4029
                                                    Density    =         1.0330
 Ewald error estimate:   0.3406E-03
 ------------------------------------------------------------------------------


 NSTEP =     8000   TIME(PS) =     836.000  TEMP(K) =   294.91  PRESS =   169.8
 Etot   =    -33348.6386  EKtot   =      6983.1782  EPtot      =    -40331.8168
 BOND   =       152.8236  ANGLE   =       361.5239  DIHED      =       501.2601
 1-4 NB =       165.7036  1-4 EEL =      -337.8053  VDWAALS    =      4838.5093
 EELEC  =    -46013.8320  EHBOND  =         0.0000  RESTRAINT  =         0.0000
 EKCMT  =      3257.3262  VIRIAL  =      2827.9673  VOLUME     =    117115.7101
                                                    Density    =         1.0322
 Ewald error estimate:   0.8876E-04
 ------------------------------------------------------------------------------


 NSTEP =     8250   TIME(PS) =     836.500  TEMP(K) =   298.78  PRESS =   372.6
 Etot   =    -33320.4847  EKtot   =      7074.9458  EPtot      =    -40395.4305
 BOND   =       159.6239  ANGLE   =       359.1129  DIHED      =       492.6426
 1-4 NB =       178.0386  1-4 EEL =      -337.0244  VDWAALS    =      5032.6922
 EELEC  =    -46280.5162  EHBOND  =         0.0000  RESTRAINT  =         0.0000
 EKCMT  =      3264.4681  VIRIAL  =      2321.9080  VOLUME     =    117157.9101
                                                    Density    =         1.0318
 Ewald error estimate:   0.1692E-03
 ------------------------------------------------------------------------------


 NSTEP =     8500   TIME(PS) =     837.000  TEMP(K) =   301.63  PRESS =    11.3
 Etot   =    -33156.6778  EKtot   =      7142.4170  EPtot      =    -40299.0948
 BOND   =       143.6871  ANGLE   =       340.0315  DIHED      =       501.4854
 1-4 NB =       173.4416  1-4 EEL =      -322.3868  VDWAALS    =      4771.9126
 EELEC  =    -45907.2661  EHBOND  =         0.0000  RESTRAINT  =         0.0000
 EKCMT  =      3342.3406  VIRIAL  =      3313.8398  VOLUME     =    117203.9864
                                                    Density    =         1.0314
 Ewald error estimate:   0.1157E-03
 ------------------------------------------------------------------------------


 NSTEP =     8750   TIME(PS) =     837.500  TEMP(K) =   299.76  PRESS =  -104.5
 Etot   =    -33323.9096  EKtot   =      7098.1147  EPtot      =    -40422.0242
 BOND   =       161.3858  ANGLE   =       336.1206  DIHED      =       504.9378
 1-4 NB =       173.9868  1-4 EEL =      -353.8923  VDWAALS    =      4795.6671
 EELEC  =    -46040.2301  EHBOND  =         0.0000  RESTRAINT  =         0.0000
 EKCMT  =      3332.1558  VIRIAL  =      3596.5898  VOLUME     =    117150.5292
                                                    Density    =         1.0319
 Ewald error estimate:   0.1134E-03
 ------------------------------------------------------------------------------


 NSTEP =     9000   TIME(PS) =     838.000  TEMP(K) =   297.96  PRESS =    43.8
 Etot   =    -33406.0666  EKtot   =      7055.5135  EPtot      =    -40461.5800
 BOND   =       156.8471  ANGLE   =       371.3147  DIHED      =       498.5580
 1-4 NB =       163.6007  1-4 EEL =      -349.0691  VDWAALS    =      4952.3223
 EELEC  =    -46255.1538  EHBOND  =         0.0000  RESTRAINT  =         0.0000
 EKCMT  =      3303.3487  VIRIAL  =      3192.4727  VOLUME     =    117194.7926
                                                    Density    =         1.0315
 Ewald error estimate:   0.1792E-03
 ------------------------------------------------------------------------------


 NSTEP =     9250   TIME(PS) =     838.500  TEMP(K) =   297.86  PRESS =   -88.0
 Etot   =    -33356.7253  EKtot   =      7053.1434  EPtot      =    -40409.8687
 BOND   =       149.8616  ANGLE   =       366.2963  DIHED      =       500.6932
 1-4 NB =       168.8917  1-4 EEL =      -366.1856  VDWAALS    =      4920.1518
 EELEC  =    -46149.5777  EHBOND  =         0.0000  RESTRAINT  =         0.0000
 EKCMT  =      3294.4244  VIRIAL  =      3516.9033  VOLUME     =    117099.7784
                                                    Density    =         1.0323
 Ewald error estimate:   0.5127E-04
 ------------------------------------------------------------------------------


 NSTEP =     9500   TIME(PS) =     839.000  TEMP(K) =   303.39  PRESS =    18.1
 Etot   =    -33274.5749  EKtot   =      7184.0580  EPtot      =    -40458.6329
 BOND   =       165.1452  ANGLE   =       338.2337  DIHED      =       513.7101
 1-4 NB =       173.0842  1-4 EEL =      -349.5661  VDWAALS    =      4926.5078
 EELEC  =    -46225.7477  EHBOND  =         0.0000  RESTRAINT  =         0.0000
 EKCMT  =      3371.2894  VIRIAL  =      3325.3891  VOLUME     =    117142.7108
                                                    Density    =         1.0320
 Ewald error estimate:   0.1296E-03
 ------------------------------------------------------------------------------


 NSTEP =     9750   TIME(PS) =     839.500  TEMP(K) =   303.18  PRESS =   276.2
 Etot   =    -33266.4847  EKtot   =      7179.2233  EPtot      =    -40445.7080
 BOND   =       160.6816  ANGLE   =       355.7331  DIHED      =       507.9575
 1-4 NB =       174.8575  1-4 EEL =      -368.5099  VDWAALS    =      4923.7079
 EELEC  =    -46200.1357  EHBOND  =         0.0000  RESTRAINT  =         0.0000
 EKCMT  =      3329.1412  VIRIAL  =      2629.5448  VOLUME     =    117303.1943
                                                    Density    =         1.0306
 Ewald error estimate:   0.9250E-04
 ------------------------------------------------------------------------------


 NSTEP =    10000   TIME(PS) =     840.000  TEMP(K) =   297.83  PRESS =  -334.7
 Etot   =    -33317.4358  EKtot   =      7052.5396  EPtot      =    -40369.9754
 BOND   =       155.4986  ANGLE   =       369.9937  DIHED      =       510.5355
 1-4 NB =       163.4472  1-4 EEL =      -400.3030  VDWAALS    =      4669.3344
 EELEC  =    -45838.4818  EHBOND  =         0.0000  RESTRAINT  =         0.0000
 EKCMT  =      3300.4315  VIRIAL  =      4146.7893  VOLUME     =    117102.6152
                                                    Density    =         1.0323
 Ewald error estimate:   0.2515E-03
 ------------------------------------------------------------------------------


 NSTEP =    10250   TIME(PS) =     840.500  TEMP(K) =   300.37  PRESS =   163.1
 Etot   =    -33271.6231  EKtot   =      7112.5372  EPtot      =    -40384.1604
 BOND   =       160.0133  ANGLE   =       344.4956  DIHED      =       505.3769
 1-4 NB =       174.8455  1-4 EEL =      -352.9809  VDWAALS    =      4977.4938
 EELEC  =    -46193.4046  EHBOND  =         0.0000  RESTRAINT  =         0.0000
 EKCMT  =      3254.0645  VIRIAL  =      2841.0632  VOLUME     =    117303.1749
                                                    Density    =         1.0306
 Ewald error estimate:   0.7491E-04
 ------------------------------------------------------------------------------


 NSTEP =    10500   TIME(PS) =     841.000  TEMP(K) =   299.73  PRESS =    20.6
 Etot   =    -33270.5180  EKtot   =      7097.4877  EPtot      =    -40368.0057
 BOND   =       160.0407  ANGLE   =       357.6089  DIHED      =       492.5926
 1-4 NB =       172.5367  1-4 EEL =      -351.5109  VDWAALS    =      4892.1391
 EELEC  =    -46091.4128  EHBOND  =         0.0000  RESTRAINT  =         0.0000
 EKCMT  =      3327.7376  VIRIAL  =      3275.4930  VOLUME     =    117319.4115
                                                    Density    =         1.0304
 Ewald error estimate:   0.2233E-03
 ------------------------------------------------------------------------------


 NSTEP =    10750   TIME(PS) =     841.500  TEMP(K) =   298.04  PRESS =     3.8
 Etot   =    -33292.6390  EKtot   =      7057.4546  EPtot      =    -40350.0936
 BOND   =       156.4106  ANGLE   =       344.0384  DIHED      =       506.3770
 1-4 NB =       170.3701  1-4 EEL =      -382.7257  VDWAALS    =      4841.0337
 EELEC  =    -45985.5977  EHBOND  =         0.0000  RESTRAINT  =         0.0000
 EKCMT  =      3366.4054  VIRIAL  =      3356.8726  VOLUME     =    117273.0855
                                                    Density    =         1.0308
 Ewald error estimate:   0.1023E-03
 ------------------------------------------------------------------------------


 NSTEP =    11000   TIME(PS) =     842.000  TEMP(K) =   299.96  PRESS =   172.9
 Etot   =    -33334.8207  EKtot   =      7102.7982  EPtot      =    -40437.6189
 BOND   =       165.6768  ANGLE   =       350.1094  DIHED      =       500.3397
 1-4 NB =       166.6822  1-4 EEL =      -332.2302  VDWAALS    =      4847.7456
 EELEC  =    -46135.9423  EHBOND  =         0.0000  RESTRAINT  =         0.0000
 EKCMT  =      3379.8970  VIRIAL  =      2942.4938  VOLUME     =    117162.7857
                                                    Density    =         1.0318
 Ewald error estimate:   0.1019E-04
 ------------------------------------------------------------------------------


 NSTEP =    11250   TIME(PS) =     842.500  TEMP(K) =   297.89  PRESS =   -13.5
 Etot   =    -33343.4913  EKtot   =      7053.7458  EPtot      =    -40397.2371
 BOND   =       156.0238  ANGLE   =       368.9582  DIHED      =       500.8189
 1-4 NB =       165.4097  1-4 EEL =      -373.6248  VDWAALS    =      4761.5316
 EELEC  =    -45976.3544  EHBOND  =         0.0000  RESTRAINT  =         0.0000
 EKCMT  =      3283.1573  VIRIAL  =      3317.3380  VOLUME     =    116993.0560
                                                    Density    =         1.0333
 Ewald error estimate:   0.5560E-04
 ------------------------------------------------------------------------------


 NSTEP =    11500   TIME(PS) =     843.000  TEMP(K) =   299.85  PRESS =   162.8
 Etot   =    -33368.0108  EKtot   =      7100.1861  EPtot      =    -40468.1969
 BOND   =       161.1517  ANGLE   =       350.8256  DIHED      =       490.3960
 1-4 NB =       166.0007  1-4 EEL =      -347.5628  VDWAALS    =      4941.5265
 EELEC  =    -46230.5345  EHBOND  =         0.0000  RESTRAINT  =         0.0000
 EKCMT  =      3312.6470  VIRIAL  =      2901.4389  VOLUME     =    117011.7984
                                                    Density    =         1.0331
 Ewald error estimate:   0.3788E-04
 ------------------------------------------------------------------------------


 NSTEP =    11750   TIME(PS) =     843.500  TEMP(K) =   300.40  PRESS =   105.4
 Etot   =    -33312.5342  EKtot   =      7113.3145  EPtot      =    -40425.8487
 BOND   =       183.5718  ANGLE   =       354.5080  DIHED      =       518.6028
 1-4 NB =       172.8365  1-4 EEL =      -346.4818  VDWAALS    =      4926.0660
 EELEC  =    -46234.9519  EHBOND  =         0.0000  RESTRAINT  =         0.0000
 EKCMT  =      3395.9543  VIRIAL  =      3129.5381  VOLUME     =    117040.2520
                                                    Density    =         1.0329
 Ewald error estimate:   0.3054E-05
 ------------------------------------------------------------------------------


 NSTEP =    12000   TIME(PS) =     844.000  TEMP(K) =   302.22  PRESS =   -95.5
 Etot   =    -33239.4242  EKtot   =      7156.3952  EPtot      =    -40395.8194
 BOND   =       158.6883  ANGLE   =       352.2499  DIHED      =       506.2618
 1-4 NB =       171.1335  1-4 EEL =      -368.0540  VDWAALS    =      4794.0373
 EELEC  =    -46010.1363  EHBOND  =         0.0000  RESTRAINT  =         0.0000
 EKCMT  =      3391.7246  VIRIAL  =      3632.9664  VOLUME     =    116997.6530
                                                    Density    =         1.0332
 Ewald error estimate:   0.8605E-04
 ------------------------------------------------------------------------------


 NSTEP =    12250   TIME(PS) =     844.500  TEMP(K) =   297.05  PRESS =   253.3
 Etot   =    -33354.6850  EKtot   =      7033.9377  EPtot      =    -40388.6227
 BOND   =       171.3958  ANGLE   =       337.7087  DIHED      =       504.9046
 1-4 NB =       176.5880  1-4 EEL =      -346.0498  VDWAALS    =      4955.5205
 EELEC  =    -46188.6904  EHBOND  =         0.0000  RESTRAINT  =         0.0000
 EKCMT  =      3292.4886  VIRIAL  =      2652.5820  VOLUME     =    116983.1529
                                                    Density    =         1.0334
 Ewald error estimate:   0.1320E-03
 ------------------------------------------------------------------------------


 NSTEP =    12500   TIME(PS) =     845.000  TEMP(K) =   299.70  PRESS =    29.9
 Etot   =    -33416.4968  EKtot   =      7096.6278  EPtot      =    -40513.1246
 BOND   =       168.1109  ANGLE   =       365.7498  DIHED      =       502.8329
 1-4 NB =       173.3406  1-4 EEL =      -364.2940  VDWAALS    =      4863.4620
 EELEC  =    -46222.3269  EHBOND  =         0.0000  RESTRAINT  =         0.0000
 EKCMT  =      3309.7994  VIRIAL  =      3234.2269  VOLUME     =    117090.0436
                                                    Density    =         1.0324
 Ewald error estimate:   0.2594E-04
 ------------------------------------------------------------------------------


 NSTEP =    12750   TIME(PS) =     845.500  TEMP(K) =   294.02  PRESS =   -58.5
 Etot   =    -33404.7479  EKtot   =      6962.1754  EPtot      =    -40366.9233
 BOND   =       157.3786  ANGLE   =       363.8300  DIHED      =       499.1604
 1-4 NB =       171.7144  1-4 EEL =      -353.4138  VDWAALS    =      4785.3927
 EELEC  =    -45990.9855  EHBOND  =         0.0000  RESTRAINT  =         0.0000
 EKCMT  =      3251.5823  VIRIAL  =      3399.4777  VOLUME     =    117189.1563
                                                    Density    =         1.0316
 Ewald error estimate:   0.2463E-03
 ------------------------------------------------------------------------------


 NSTEP =    13000   TIME(PS) =     846.000  TEMP(K) =   305.91  PRESS =   -66.4
 Etot   =    -33183.2809  EKtot   =      7243.8759  EPtot      =    -40427.1568
 BOND   =       151.1213  ANGLE   =       352.3366  DIHED      =       517.8930
 1-4 NB =       175.3113  1-4 EEL =      -363.9655  VDWAALS    =      4828.9620
 EELEC  =    -46088.8154  EHBOND  =         0.0000  RESTRAINT  =         0.0000
 EKCMT  =      3422.5330  VIRIAL  =      3590.4183  VOLUME     =    117160.3488
                                                    Density    =         1.0318
 Ewald error estimate:   0.1993E-03
 ------------------------------------------------------------------------------


 NSTEP =    13250   TIME(PS) =     846.500  TEMP(K) =   302.40  PRESS =  -186.8
 Etot   =    -33268.0697  EKtot   =      7160.7263  EPtot      =    -40428.7960
 BOND   =       159.0000  ANGLE   =       358.1446  DIHED      =       510.1333
 1-4 NB =       168.0076  1-4 EEL =      -372.6602  VDWAALS    =      4710.4878
 EELEC  =    -45961.9092  EHBOND  =         0.0000  RESTRAINT  =         0.0000
 EKCMT  =      3366.2910  VIRIAL  =      3838.8055  VOLUME     =    117162.4833
                                                    Density    =         1.0318
 Ewald error estimate:   0.5485E-04
 ------------------------------------------------------------------------------


 NSTEP =    13500   TIME(PS) =     847.000  TEMP(K) =   299.63  PRESS =  -274.0
 Etot   =    -33295.2832  EKtot   =      7095.0914  EPtot      =    -40390.3746
 BOND   =       150.3773  ANGLE   =       368.8596  DIHED      =       491.4273
 1-4 NB =       167.4214  1-4 EEL =      -352.4672  VDWAALS    =      4752.0456
 EELEC  =    -45968.0386  EHBOND  =         0.0000  RESTRAINT  =         0.0000
 EKCMT  =      3291.5944  VIRIAL  =      3984.9431  VOLUME     =    117201.2941
                                                    Density    =         1.0314
 Ewald error estimate:   0.6249E-04
 ------------------------------------------------------------------------------


 NSTEP =    13750   TIME(PS) =     847.500  TEMP(K) =   298.65  PRESS =  -145.1
 Etot   =    -33311.3886  EKtot   =      7071.7929  EPtot      =    -40383.1815
 BOND   =       158.7693  ANGLE   =       343.4965  DIHED      =       511.9280
 1-4 NB =       176.4741  1-4 EEL =      -337.7832  VDWAALS    =      4979.3253
 EELEC  =    -46215.3914  EHBOND  =         0.0000  RESTRAINT  =         0.0000
 EKCMT  =      3271.0892  VIRIAL  =      3638.4138  VOLUME     =    117263.7982
                                                    Density    =         1.0309
 Ewald error estimate:   0.2261E-03
 ------------------------------------------------------------------------------


 NSTEP =    14000   TIME(PS) =     848.000  TEMP(K) =   298.77  PRESS =    11.9
 Etot   =    -33348.0229  EKtot   =      7074.7608  EPtot      =    -40422.7837
 BOND   =       146.9675  ANGLE   =       353.4484  DIHED      =       509.9376
 1-4 NB =       169.1503  1-4 EEL =      -347.0564  VDWAALS    =      5046.7846
 EELEC  =    -46302.0157  EHBOND  =         0.0000  RESTRAINT  =         0.0000
 EKCMT  =      3252.1866  VIRIAL  =      3222.2007  VOLUME     =    117128.2542
                                                    Density    =         1.0321
 Ewald error estimate:   0.6918E-04
 ------------------------------------------------------------------------------


 NSTEP =    14250   TIME(PS) =     848.500  TEMP(K) =   296.46  PRESS =  -262.3
 Etot   =    -33316.8507  EKtot   =      7019.9412  EPtot      =    -40336.7920
 BOND   =       141.5782  ANGLE   =       342.9418  DIHED      =       514.8296
 1-4 NB =       159.3375  1-4 EEL =      -343.2935  VDWAALS    =      4732.1067
 EELEC  =    -45884.2922  EHBOND  =         0.0000  RESTRAINT  =         0.0000
 EKCMT  =      3300.9602  VIRIAL  =      3963.8452  VOLUME     =    117043.9480
                                                    Density    =         1.0328
 Ewald error estimate:   0.8664E-04
 ------------------------------------------------------------------------------


 NSTEP =    14500   TIME(PS) =     849.000  TEMP(K) =   296.23  PRESS =   259.0
 Etot   =    -33322.1333  EKtot   =      7014.5742  EPtot      =    -40336.7075
 BOND   =       170.3475  ANGLE   =       335.2548  DIHED      =       491.7026
 1-4 NB =       164.7443  1-4 EEL =      -366.6468  VDWAALS    =      4976.8228
 EELEC  =    -46108.9327  EHBOND  =         0.0000  RESTRAINT  =         0.0000
 EKCMT  =      3266.2293  VIRIAL  =      2611.6943  VOLUME     =    117052.8443
                                                    Density    =         1.0328
 Ewald error estimate:   0.8911E-04
 ------------------------------------------------------------------------------


 NSTEP =    14750   TIME(PS) =     849.500  TEMP(K) =   303.18  PRESS =   -48.1
 Etot   =    -33121.0181  EKtot   =      7179.0062  EPtot      =    -40300.0243
 BOND   =       174.1595  ANGLE   =       354.3820  DIHED      =       483.3094
 1-4 NB =       168.5765  1-4 EEL =      -357.7581  VDWAALS    =      4734.8416
 EELEC  =    -45857.5352  EHBOND  =         0.0000  RESTRAINT  =         0.0000
 EKCMT  =      3365.4798  VIRIAL  =      3487.0866  VOLUME     =    117022.9769
                                                    Density    =         1.0330
 Ewald error estimate:   0.8380E-04
 ------------------------------------------------------------------------------


 NSTEP =    15000   TIME(PS) =     850.000  TEMP(K) =   298.18  PRESS =   273.1
 Etot   =    -33295.8265  EKtot   =      7060.7596  EPtot      =    -40356.5860
 BOND   =       153.4597  ANGLE   =       342.0449  DIHED      =       500.1868
 1-4 NB =       173.3144  1-4 EEL =      -350.3166  VDWAALS    =      4987.1285
 EELEC  =    -46162.4037  EHBOND  =         0.0000  RESTRAINT  =         0.0000
 EKCMT  =      3204.1282  VIRIAL  =      2513.8267  VOLUME     =    117071.3166
                                                    Density    =         1.0326
 Ewald error estimate:   0.3431E-03
 ------------------------------------------------------------------------------


 NSTEP =    15250   TIME(PS) =     850.500  TEMP(K) =   298.76  PRESS =   243.2
 Etot   =    -33393.5102  EKtot   =      7074.4491  EPtot      =    -40467.9594
 BOND   =       166.7298  ANGLE   =       353.0456  DIHED      =       498.3418
 1-4 NB =       160.4643  1-4 EEL =      -355.8356  VDWAALS    =      4886.7443
 EELEC  =    -46177.4496  EHBOND  =         0.0000  RESTRAINT  =         0.0000
 EKCMT  =      3306.7356  VIRIAL  =      2691.9804  VOLUME     =    117090.8754
                                                    Density    =         1.0324
 Ewald error estimate:   0.1829E-03
 ------------------------------------------------------------------------------


 NSTEP =    15500   TIME(PS) =     851.000  TEMP(K) =   298.99  PRESS =   168.2
 Etot   =    -33346.6052  EKtot   =      7079.7999  EPtot      =    -40426.4051
 BOND   =       137.8407  ANGLE   =       346.3634  DIHED      =       504.4453
 1-4 NB =       174.5041  1-4 EEL =      -346.1451  VDWAALS    =      4908.2232
 EELEC  =    -46151.6367  EHBOND  =         0.0000  RESTRAINT  =         0.0000
 EKCMT  =      3302.0719  VIRIAL  =      2877.2777  VOLUME     =    117004.8399
                                                    Density    =         1.0332
 Ewald error estimate:   0.2135E-04
 ------------------------------------------------------------------------------


 NSTEP =    15750   TIME(PS) =     851.500  TEMP(K) =   301.92  PRESS =  -337.6
 Etot   =    -33310.4434  EKtot   =      7149.2988  EPtot      =    -40459.7422
 BOND   =       142.6998  ANGLE   =       339.9532  DIHED      =       508.2084
 1-4 NB =       167.5202  1-4 EEL =      -338.5707  VDWAALS    =      4795.7087
 EELEC  =    -46075.2617  EHBOND  =         0.0000  RESTRAINT  =         0.0000
 EKCMT  =      3300.1118  VIRIAL  =      4153.1245  VOLUME     =    117017.3183
                                                    Density    =         1.0331
 Ewald error estimate:   0.1541E-03
 ------------------------------------------------------------------------------


 NSTEP =    16000   TIME(PS) =     852.000  TEMP(K) =   302.87  PRESS =   346.7
 Etot   =    -33085.9974  EKtot   =      7171.6940  EPtot      =    -40257.6913
 BOND   =       156.2450  ANGLE   =       364.8664  DIHED      =       497.9843
 1-4 NB =       173.9240  1-4 EEL =      -346.7330  VDWAALS    =      5030.6863
 EELEC  =    -46134.6643  EHBOND  =         0.0000  RESTRAINT  =         0.0000
 EKCMT  =      3300.7371  VIRIAL  =      2424.2477  VOLUME     =    117087.2278
                                                    Density    =         1.0325
 Ewald error estimate:   0.8254E-04
 ------------------------------------------------------------------------------


 NSTEP =    16250   TIME(PS) =     852.500  TEMP(K) =   300.83  PRESS =   -41.4
 Etot   =    -33109.6821  EKtot   =      7123.3867  EPtot      =    -40233.0688
 BOND   =       157.1617  ANGLE   =       367.1129  DIHED      =       491.9582
 1-4 NB =       168.0840  1-4 EEL =      -333.4635  VDWAALS    =      4790.7918
 EELEC  =    -45874.7138  EHBOND  =         0.0000  RESTRAINT  =         0.0000
 EKCMT  =      3315.6544  VIRIAL  =      3420.3770  VOLUME     =    117175.4820
                                                    Density    =         1.0317
 Ewald error estimate:   0.9392E-04
 ------------------------------------------------------------------------------


 NSTEP =    16500   TIME(PS) =     853.000  TEMP(K) =   301.76  PRESS =   118.6
 Etot   =    -33240.0128  EKtot   =      7145.5723  EPtot      =    -40385.5850
 BOND   =       150.5467  ANGLE   =       358.0126  DIHED      =       503.1529
 1-4 NB =       161.2036  1-4 EEL =      -356.4341  VDWAALS    =      4877.0719
 EELEC  =    -46079.1386  EHBOND  =         0.0000  RESTRAINT  =         0.0000
 EKCMT  =      3366.0580  VIRIAL  =      3066.1507  VOLUME     =    117129.8746
                                                    Density    =         1.0321
 Ewald error estimate:   0.7150E-04
 ------------------------------------------------------------------------------


 NSTEP =    16750   TIME(PS) =     853.500  TEMP(K) =   300.79  PRESS =  -120.1
 Etot   =    -33212.8758  EKtot   =      7122.5824  EPtot      =    -40335.4583
 BOND   =       153.3808  ANGLE   =       358.8196  DIHED      =       497.7885
 1-4 NB =       181.3051  1-4 EEL =      -350.0883  VDWAALS    =      4759.8843
 EELEC  =    -45936.5482  EHBOND  =         0.0000  RESTRAINT  =         0.0000
 EKCMT  =      3340.1618  VIRIAL  =      3643.7372  VOLUME     =    117099.8524
                                                    Density    =         1.0323
 Ewald error estimate:   0.7667E-04
 ------------------------------------------------------------------------------


 NSTEP =    17000   TIME(PS) =     854.000  TEMP(K) =   306.43  PRESS =  -432.5
 Etot   =    -33220.7410  EKtot   =      7255.9856  EPtot      =    -40476.7266
 BOND   =       152.3403  ANGLE   =       344.0095  DIHED      =       499.8295
 1-4 NB =       168.5748  1-4 EEL =      -355.0920  VDWAALS    =      4685.1142
 EELEC  =    -45971.5029  EHBOND  =         0.0000  RESTRAINT  =         0.0000
 EKCMT  =      3423.7784  VIRIAL  =      4518.0196  VOLUME     =    117181.6179
                                                    Density    =         1.0316
 Ewald error estimate:   0.1538E-03
 ------------------------------------------------------------------------------


 NSTEP =    17250   TIME(PS) =     854.500  TEMP(K) =   300.95  PRESS =    30.6
 Etot   =    -33044.3748  EKtot   =      7126.4192  EPtot      =    -40170.7940
 BOND   =       159.5066  ANGLE   =       346.5670  DIHED      =       506.3458
 1-4 NB =       159.7818  1-4 EEL =      -359.9934  VDWAALS    =      4796.1170
 EELEC  =    -45779.1189  EHBOND  =         0.0000  RESTRAINT  =         0.0000
 EKCMT  =      3310.0758  VIRIAL  =      3232.5573  VOLUME     =    117283.1340
                                                    Density    =         1.0307
 Ewald error estimate:   0.1685E-03
 ------------------------------------------------------------------------------


 NSTEP =    17500   TIME(PS) =     855.000  TEMP(K) =   303.20  PRESS =  -157.4
 Etot   =    -33123.2700  EKtot   =      7179.6925  EPtot      =    -40302.9625
 BOND   =       139.5024  ANGLE   =       354.9234  DIHED      =       496.2503
 1-4 NB =       173.2554  1-4 EEL =      -338.0020  VDWAALS    =      4716.4034
 EELEC  =    -45845.2953  EHBOND  =         0.0000  RESTRAINT  =         0.0000
 EKCMT  =      3365.4106  VIRIAL  =      3763.6948  VOLUME     =    117230.3953
                                                    Density    =         1.0312
 Ewald error estimate:   0.9105E-04
 ------------------------------------------------------------------------------


 NSTEP =    17750   TIME(PS) =     855.500  TEMP(K) =   299.78  PRESS =  -158.8
 Etot   =    -33236.2913  EKtot   =      7098.5019  EPtot      =    -40334.7932
 BOND   =       149.8794  ANGLE   =       347.0510  DIHED      =       514.3470
 1-4 NB =       166.6195  1-4 EEL =      -352.1640  VDWAALS    =      4846.8666
 EELEC  =    -46007.3927  EHBOND  =         0.0000  RESTRAINT  =         0.0000
 EKCMT  =      3326.6880  VIRIAL  =      3728.8498  VOLUME     =    117304.3658
                                                    Density    =         1.0305
 Ewald error estimate:   0.2766E-03
 ------------------------------------------------------------------------------


 NSTEP =    18000   TIME(PS) =     856.000  TEMP(K) =   300.08  PRESS =  -252.3
 Etot   =    -33276.8596  EKtot   =      7105.7253  EPtot      =    -40382.5849
 BOND   =       153.7090  ANGLE   =       328.3782  DIHED      =       504.8367
 1-4 NB =       173.0645  1-4 EEL =      -369.1118  VDWAALS    =      4841.9798
 EELEC  =    -46015.4413  EHBOND  =         0.0000  RESTRAINT  =         0.0000
 EKCMT  =      3291.1679  VIRIAL  =      3930.7457  VOLUME     =    117394.5048
                                                    Density    =         1.0297
 Ewald error estimate:   0.1463E-03
 ------------------------------------------------------------------------------


 NSTEP =    18250   TIME(PS) =     856.500  TEMP(K) =   304.42  PRESS =  -203.0
 Etot   =    -33052.0231  EKtot   =      7208.5399  EPtot      =    -40260.5630
 BOND   =       146.1978  ANGLE   =       313.7162  DIHED      =       502.7920
 1-4 NB =       172.1879  1-4 EEL =      -360.2854  VDWAALS    =      4772.4946
 EELEC  =    -45807.6661  EHBOND  =         0.0000  RESTRAINT  =         0.0000
 EKCMT  =      3374.3609  VIRIAL  =      3888.3196  VOLUME     =    117277.6456
                                                    Density    =         1.0308
 Ewald error estimate:   0.2505E-03
 ------------------------------------------------------------------------------


 NSTEP =    18500   TIME(PS) =     857.000  TEMP(K) =   302.51  PRESS =    44.3
 Etot   =    -33079.5115  EKtot   =      7163.3230  EPtot      =    -40242.8345
 BOND   =       146.4882  ANGLE   =       346.5826  DIHED      =       501.3213
 1-4 NB =       168.5643  1-4 EEL =      -338.4600  VDWAALS    =      4913.7052
 EELEC  =    -45981.0361  EHBOND  =         0.0000  RESTRAINT  =         0.0000
 EKCMT  =      3346.3692  VIRIAL  =      3233.8710  VOLUME     =    117544.1057
                                                    Density    =         1.0284
 Ewald error estimate:   0.9811E-04
 ------------------------------------------------------------------------------


 NSTEP =    18750   TIME(PS) =     857.500  TEMP(K) =   300.16  PRESS =  -224.7
 Etot   =    -33251.3512  EKtot   =      7107.5108  EPtot      =    -40358.8620
 BOND   =       153.6710  ANGLE   =       354.2680  DIHED      =       495.4824
 1-4 NB =       168.5702  1-4 EEL =      -367.7580  VDWAALS    =      4759.6975
 EELEC  =    -45922.7931  EHBOND  =         0.0000  RESTRAINT  =         0.0000
 EKCMT  =      3242.2583  VIRIAL  =      3811.5286  VOLUME     =    117360.6506
                                                    Density    =         1.0300
 Ewald error estimate:   0.1070E-03
 ------------------------------------------------------------------------------


 NSTEP =    19000   TIME(PS) =     858.000  TEMP(K) =   303.95  PRESS =  -232.4
 Etot   =    -33060.9293  EKtot   =      7197.4518  EPtot      =    -40258.3811
 BOND   =       171.9174  ANGLE   =       348.8780  DIHED      =       507.6126
 1-4 NB =       161.3072  1-4 EEL =      -360.6085  VDWAALS    =      4738.9073
 EELEC  =    -45826.3952  EHBOND  =         0.0000  RESTRAINT  =         0.0000
 EKCMT  =      3336.9369  VIRIAL  =      3925.4296  VOLUME     =    117271.7909
                                                    Density    =         1.0308
 Ewald error estimate:   0.1147E-04
 ------------------------------------------------------------------------------


 NSTEP =    19250   TIME(PS) =     858.500  TEMP(K) =   304.26  PRESS =  -433.6
 Etot   =    -33079.1664  EKtot   =      7204.7573  EPtot      =    -40283.9237
 BOND   =       171.7378  ANGLE   =       345.9767  DIHED      =       506.4525
 1-4 NB =       165.9568  1-4 EEL =      -346.1371  VDWAALS    =      4711.3587
 EELEC  =    -45839.2692  EHBOND  =         0.0000  RESTRAINT  =         0.0000
 EKCMT  =      3407.1409  VIRIAL  =      4505.2030  VOLUME     =    117300.5195
                                                    Density    =         1.0306
 Ewald error estimate:   0.8575E-04
 ------------------------------------------------------------------------------


 NSTEP =    19500   TIME(PS) =     859.000  TEMP(K) =   306.02  PRESS =   199.4
 Etot   =    -33100.3187  EKtot   =      7246.3020  EPtot      =    -40346.6207
 BOND   =       153.2684  ANGLE   =       364.8524  DIHED      =       474.7321
 1-4 NB =       172.4735  1-4 EEL =      -375.7118  VDWAALS    =      4958.3927
 EELEC  =    -46094.6281  EHBOND  =         0.0000  RESTRAINT  =         0.0000
 EKCMT  =      3412.7020  VIRIAL  =      2907.0701  VOLUME     =    117428.9105
                                                    Density    =         1.0294
 Ewald error estimate:   0.5552E-04
 ------------------------------------------------------------------------------


 NSTEP =    19750   TIME(PS) =     859.500  TEMP(K) =   298.82  PRESS =   137.5
 Etot   =    -33276.6437  EKtot   =      7075.8828  EPtot      =    -40352.5264
 BOND   =       149.6799  ANGLE   =       346.2458  DIHED      =       499.4800
 1-4 NB =       174.6134  1-4 EEL =      -347.5512  VDWAALS    =      4822.3841
 EELEC  =    -45997.3785  EHBOND  =         0.0000  RESTRAINT  =         0.0000
 EKCMT  =      3295.0730  VIRIAL  =      2946.4380  VOLUME     =    117429.0236
                                                    Density    =         1.0294
 Ewald error estimate:   0.4052E-05
 ------------------------------------------------------------------------------


 NSTEP =    20000   TIME(PS) =     860.000  TEMP(K) =   300.31  PRESS =  -182.6
 Etot   =    -33344.7832  EKtot   =      7111.1530  EPtot      =    -40455.9362
 BOND   =       148.2776  ANGLE   =       316.0494  DIHED      =       509.3595
 1-4 NB =       162.2272  1-4 EEL =      -365.8350  VDWAALS    =      4789.4369
 EELEC  =    -46015.4517  EHBOND  =         0.0000  RESTRAINT  =         0.0000
 EKCMT  =      3345.1299  VIRIAL  =      3807.8806  VOLUME     =    117344.8340
                                                    Density    =         1.0302
 Ewald error estimate:   0.1963E-04
 ------------------------------------------------------------------------------


 NSTEP =    20250   TIME(PS) =     860.500  TEMP(K) =   299.75  PRESS =   438.7
 Etot   =    -33188.6135  EKtot   =      7097.9552  EPtot      =    -40286.5687
 BOND   =       161.5521  ANGLE   =       349.3379  DIHED      =       505.2294
 1-4 NB =       166.8770  1-4 EEL =      -334.8992  VDWAALS    =      4935.6467
 EELEC  =    -46070.3127  EHBOND  =         0.0000  RESTRAINT  =         0.0000
 EKCMT  =      3346.3668  VIRIAL  =      2234.1719  VOLUME     =    117413.2272
                                                    Density    =         1.0296
 Ewald error estimate:   0.4492E-04
 ------------------------------------------------------------------------------


 NSTEP =    20500   TIME(PS) =     861.000  TEMP(K) =   302.59  PRESS =   557.6
 Etot   =    -33158.7807  EKtot   =      7165.1181  EPtot      =    -40323.8987
 BOND   =       137.3683  ANGLE   =       343.5509  DIHED      =       508.2296
 1-4 NB =       176.0511  1-4 EEL =      -342.0128  VDWAALS    =      5004.0725
 EELEC  =    -46151.1583  EHBOND  =         0.0000  RESTRAINT  =         0.0000
 EKCMT  =      3468.7349  VIRIAL  =      2054.9295  VOLUME     =    117422.3504
                                                    Density    =         1.0295
 Ewald error estimate:   0.8740E-04
 ------------------------------------------------------------------------------


 NSTEP =    20750   TIME(PS) =     861.500  TEMP(K) =   302.74  PRESS =   325.0
 Etot   =    -33172.7405  EKtot   =      7168.7373  EPtot      =    -40341.4778
 BOND   =       155.4677  ANGLE   =       347.7505  DIHED      =       511.3530
 1-4 NB =       172.3405  1-4 EEL =      -371.2852  VDWAALS    =      4988.6895
 EELEC  =    -46145.7937  EHBOND  =         0.0000  RESTRAINT  =         0.0000
 EKCMT  =      3387.2423  VIRIAL  =      2563.2716  VOLUME     =    117435.4153
                                                    Density    =         1.0294
 Ewald error estimate:   0.7291E-04
 ------------------------------------------------------------------------------


 NSTEP =    21000   TIME(PS) =     862.000  TEMP(K) =   300.81  PRESS =    70.5
 Etot   =    -33270.7162  EKtot   =      7123.0314  EPtot      =    -40393.7477
 BOND   =       137.3022  ANGLE   =       338.1723  DIHED      =       504.9430
 1-4 NB =       165.9912  1-4 EEL =      -349.2986  VDWAALS    =      4943.4344
 EELEC  =    -46134.2921  EHBOND  =         0.0000  RESTRAINT  =         0.0000
 EKCMT  =      3262.1466  VIRIAL  =      3083.3468  VOLUME     =    117542.5363
                                                    Density    =         1.0285
 Ewald error estimate:   0.4049E-04
 ------------------------------------------------------------------------------


 NSTEP =    21250   TIME(PS) =     862.500  TEMP(K) =   300.92  PRESS =   128.4
 Etot   =    -33195.4943  EKtot   =      7125.6695  EPtot      =    -40321.1638
 BOND   =       158.4608  ANGLE   =       339.0747  DIHED      =       508.2803
 1-4 NB =       166.6539  1-4 EEL =      -380.3321  VDWAALS    =      4872.0132
 EELEC  =    -45985.3147  EHBOND  =         0.0000  RESTRAINT  =         0.0000
 EKCMT  =      3375.9188  VIRIAL  =      3050.4348  VOLUME     =    117417.3468
                                                    Density    =         1.0295
 Ewald error estimate:   0.1862E-04
 ------------------------------------------------------------------------------


 NSTEP =    21500   TIME(PS) =     863.000  TEMP(K) =   301.96  PRESS =   -27.7
 Etot   =    -33242.3931  EKtot   =      7150.3184  EPtot      =    -40392.7115
 BOND   =       155.0829  ANGLE   =       311.5720  DIHED      =       500.1414
 1-4 NB =       165.3961  1-4 EEL =      -346.8818  VDWAALS    =      4874.8429
 EELEC  =    -46052.8651  EHBOND  =         0.0000  RESTRAINT  =         0.0000
 EKCMT  =      3391.7312  VIRIAL  =      3461.8747  VOLUME     =    117371.3353
                                                    Density    =         1.0300
 Ewald error estimate:   0.3156E-04
 ------------------------------------------------------------------------------


 NSTEP =    21750   TIME(PS) =     863.500  TEMP(K) =   303.19  PRESS =  -131.5
 Etot   =    -33208.9283  EKtot   =      7179.4243  EPtot      =    -40388.3526
 BOND   =       145.7904  ANGLE   =       320.7795  DIHED      =       496.1193
 1-4 NB =       171.1578  1-4 EEL =      -354.0633  VDWAALS    =      4788.5713
 EELEC  =    -45956.7075  EHBOND  =         0.0000  RESTRAINT  =         0.0000
 EKCMT  =      3357.7077  VIRIAL  =      3690.8534  VOLUME     =    117329.2906
                                                    Density    =         1.0303
 Ewald error estimate:   0.5461E-04
 ------------------------------------------------------------------------------


 NSTEP =    22000   TIME(PS) =     864.000  TEMP(K) =   299.52  PRESS =   112.0
 Etot   =    -33158.2933  EKtot   =      7092.3317  EPtot      =    -40250.6250
 BOND   =       151.3275  ANGLE   =       363.8034  DIHED      =       505.0337
 1-4 NB =       170.9781  1-4 EEL =      -359.9876  VDWAALS    =      4794.2979
 EELEC  =    -45876.0782  EHBOND  =         0.0000  RESTRAINT  =         0.0000
 EKCMT  =      3320.2224  VIRIAL  =      3036.6889  VOLUME     =    117279.2463
                                                    Density    =         1.0308
 Ewald error estimate:   0.1553E-03
 ------------------------------------------------------------------------------


 NSTEP =    22250   TIME(PS) =     864.500  TEMP(K) =   299.15  PRESS =    97.5
 Etot   =    -33233.9268  EKtot   =      7083.5687  EPtot      =    -40317.4955
 BOND   =       145.8665  ANGLE   =       354.2458  DIHED      =       508.0141
 1-4 NB =       173.3645  1-4 EEL =      -381.6391  VDWAALS    =      4956.5992
 EELEC  =    -46073.9465  EHBOND  =         0.0000  RESTRAINT  =         0.0000
 EKCMT  =      3344.7960  VIRIAL  =      3098.0661  VOLUME     =    117213.1343
                                                    Density    =         1.0313
 Ewald error estimate:   0.1603E-03
 ------------------------------------------------------------------------------


 NSTEP =    22500   TIME(PS) =     865.000  TEMP(K) =   301.06  PRESS =   177.2
 Etot   =    -33311.0026  EKtot   =      7128.9388  EPtot      =    -40439.9414
 BOND   =       136.5132  ANGLE   =       343.3862  DIHED      =       509.3727
 1-4 NB =       177.2372  1-4 EEL =      -347.3842  VDWAALS    =      4965.4312
 EELEC  =    -46224.4978  EHBOND  =         0.0000  RESTRAINT  =         0.0000
 EKCMT  =      3363.3276  VIRIAL  =      2914.5507  VOLUME     =    117275.0148
                                                    Density    =         1.0308
 Ewald error estimate:   0.2118E-03
 ------------------------------------------------------------------------------


 NSTEP =    22750   TIME(PS) =     865.500  TEMP(K) =   302.00  PRESS =   351.0
 Etot   =    -33258.9715  EKtot   =      7151.2718  EPtot      =    -40410.2434
 BOND   =       150.8987  ANGLE   =       348.9733  DIHED      =       497.8432
 1-4 NB =       156.7739  1-4 EEL =      -344.5286  VDWAALS    =      5039.6090
 EELEC  =    -46259.8129  EHBOND  =         0.0000  RESTRAINT  =         0.0000
 EKCMT  =      3308.7564  VIRIAL  =      2419.4048  VOLUME     =    117336.5686
                                                    Density    =         1.0303
 Ewald error estimate:   0.2349E-04
 ------------------------------------------------------------------------------


 NSTEP =    23000   TIME(PS) =     866.000  TEMP(K) =   301.31  PRESS =    72.3
 Etot   =    -33272.0069  EKtot   =      7134.9289  EPtot      =    -40406.9358
 BOND   =       150.3572  ANGLE   =       348.0153  DIHED      =       494.4029
 1-4 NB =       169.2346  1-4 EEL =      -362.1508  VDWAALS    =      4836.7304
 EELEC  =    -46043.5253  EHBOND  =         0.0000  RESTRAINT  =         0.0000
 EKCMT  =      3345.7626  VIRIAL  =      3162.5022  VOLUME     =    117367.8405
                                                    Density    =         1.0300
 Ewald error estimate:   0.3468E-03
 ------------------------------------------------------------------------------


 NSTEP =    23250   TIME(PS) =     866.500  TEMP(K) =   300.59  PRESS =  -315.7
 Etot   =    -33305.2473  EKtot   =      7117.7233  EPtot      =    -40422.9706
 BOND   =       139.3044  ANGLE   =       338.0991  DIHED      =       506.5402
 1-4 NB =       166.8606  1-4 EEL =      -347.2028  VDWAALS    =      4712.7202
 EELEC  =    -45939.2923  EHBOND  =         0.0000  RESTRAINT  =         0.0000
 EKCMT  =      3297.8341  VIRIAL  =      4095.7126  VOLUME     =    117065.8881
                                                    Density    =         1.0326
 Ewald error estimate:   0.8361E-04
 ------------------------------------------------------------------------------


 NSTEP =    23500   TIME(PS) =     867.000  TEMP(K) =   301.57  PRESS =    60.3
 Etot   =    -33365.1986  EKtot   =      7141.0383  EPtot      =    -40506.2369
 BOND   =       147.6905  ANGLE   =       338.3993  DIHED      =       489.4370
 1-4 NB =       170.2824  1-4 EEL =      -355.2831  VDWAALS    =      4955.5801
 EELEC  =    -46252.3429  EHBOND  =         0.0000  RESTRAINT  =         0.0000
 EKCMT  =      3342.8442  VIRIAL  =      3190.6214  VOLUME     =    116912.3063
                                                    Density    =         1.0340
 Ewald error estimate:   0.8588E-04
 ------------------------------------------------------------------------------


 NSTEP =    23750   TIME(PS) =     867.500  TEMP(K) =   301.40  PRESS =   212.1
 Etot   =    -33290.7140  EKtot   =      7136.9596  EPtot      =    -40427.6736
 BOND   =       150.5874  ANGLE   =       318.2831  DIHED      =       503.2156
 1-4 NB =       170.3839  1-4 EEL =      -347.0493  VDWAALS    =      4884.6473
 EELEC  =    -46107.7415  EHBOND  =         0.0000  RESTRAINT  =         0.0000
 EKCMT  =      3351.6956  VIRIAL  =      2815.9289  VOLUME     =    117009.8468
                                                    Density    =         1.0331
 Ewald error estimate:   0.1083E-04
 ------------------------------------------------------------------------------


 NSTEP =    24000   TIME(PS) =     868.000  TEMP(K) =   304.13  PRESS =   -47.4
 Etot   =    -33225.4759  EKtot   =      7201.6831  EPtot      =    -40427.1589
 BOND   =       156.7199  ANGLE   =       322.7469  DIHED      =       491.5465
 1-4 NB =       173.2889  1-4 EEL =      -372.0784  VDWAALS    =      4866.3701
 EELEC  =    -46065.7528  EHBOND  =         0.0000  RESTRAINT  =         0.0000
 EKCMT  =      3379.7909  VIRIAL  =      3499.7128  VOLUME     =    117149.8254
                                                    Density    =         1.0319
 Ewald error estimate:   0.1368E-03
 ------------------------------------------------------------------------------


 NSTEP =    24250   TIME(PS) =     868.500  TEMP(K) =   299.87  PRESS =  -198.7
 Etot   =    -33264.8203  EKtot   =      7100.6205  EPtot      =    -40365.4408
 BOND   =       153.6944  ANGLE   =       341.1011  DIHED      =       517.6783
 1-4 NB =       170.8329  1-4 EEL =      -351.1829  VDWAALS    =      4728.3910
 EELEC  =    -45925.9558  EHBOND  =         0.0000  RESTRAINT  =         0.0000
 EKCMT  =      3305.3532  VIRIAL  =      3807.6484  VOLUME     =    117068.7608
                                                    Density    =         1.0326
 Ewald error estimate:   0.8564E-04
 ------------------------------------------------------------------------------


 NSTEP =    24500   TIME(PS) =     869.000  TEMP(K) =   302.98  PRESS =   156.2
 Etot   =    -33265.6622  EKtot   =      7174.2808  EPtot      =    -40439.9430
 BOND   =       163.7916  ANGLE   =       370.3931  DIHED      =       480.8110
 1-4 NB =       172.2727  1-4 EEL =      -372.5916  VDWAALS    =      4954.4486
 EELEC  =    -46209.0683  EHBOND  =         0.0000  RESTRAINT  =         0.0000
 EKCMT  =      3338.4650  VIRIAL  =      2943.6335  VOLUME     =    117047.8108
                                                    Density    =         1.0328
 Ewald error estimate:   0.1254E-03
 ------------------------------------------------------------------------------


 NSTEP =    24750   TIME(PS) =     869.500  TEMP(K) =   302.27  PRESS =   172.9
 Etot   =    -33341.3746  EKtot   =      7157.5536  EPtot      =    -40498.9282
 BOND   =       148.6986  ANGLE   =       332.0760  DIHED      =       492.5506
 1-4 NB =       160.5512  1-4 EEL =      -344.2654  VDWAALS    =      4883.3241
 EELEC  =    -46171.8632  EHBOND  =         0.0000  RESTRAINT  =         0.0000
 EKCMT  =      3251.6279  VIRIAL  =      2814.7692  VOLUME     =    117029.7317
                                                    Density    =         1.0330
 Ewald error estimate:   0.1195E-03
 ------------------------------------------------------------------------------


 NSTEP =    25000   TIME(PS) =     870.000  TEMP(K) =   299.39  PRESS =   290.1
 Etot   =    -33328.3903  EKtot   =      7089.2657  EPtot      =    -40417.6560
 BOND   =       165.3155  ANGLE   =       335.6743  DIHED      =       503.3332
 1-4 NB =       166.5583  1-4 EEL =      -351.0463  VDWAALS    =      4883.7330
 EELEC  =    -46121.2239  EHBOND  =         0.0000  RESTRAINT  =         0.0000
 EKCMT  =      3352.8628  VIRIAL  =      2620.1291  VOLUME     =    116989.0536
                                                    Density    =         1.0333
 Ewald error estimate:   0.1201E-03
 ------------------------------------------------------------------------------


 NSTEP =    25250   TIME(PS) =     870.500  TEMP(K) =   301.27  PRESS =    78.0
 Etot   =    -33230.7643  EKtot   =      7133.8263  EPtot      =    -40364.5905
 BOND   =       174.6256  ANGLE   =       367.1309  DIHED      =       513.7152
 1-4 NB =       166.6490  1-4 EEL =      -368.9664  VDWAALS    =      4862.7335
 EELEC  =    -46080.4783  EHBOND  =         0.0000  RESTRAINT  =         0.0000
 EKCMT  =      3380.0961  VIRIAL  =      3183.0597  VOLUME     =    116994.9552
                                                    Density    =         1.0333
 Ewald error estimate:   0.1400E-03
 ------------------------------------------------------------------------------


 NSTEP =    25500   TIME(PS) =     871.000  TEMP(K) =   296.48  PRESS =    89.4
 Etot   =    -33388.8884  EKtot   =      7020.3738  EPtot      =    -40409.2622
 BOND   =       146.3232  ANGLE   =       349.4713  DIHED      =       494.1450
 1-4 NB =       164.4597  1-4 EEL =      -354.8742  VDWAALS    =      4802.6561
 EELEC  =    -46011.4434  EHBOND  =         0.0000  RESTRAINT  =         0.0000
 EKCMT  =      3312.6918  VIRIAL  =      3086.7074  VOLUME     =    117028.1905
                                                    Density    =         1.0330
 Ewald error estimate:   0.3692E-04
 ------------------------------------------------------------------------------


 NSTEP =    25750   TIME(PS) =     871.500  TEMP(K) =   299.06  PRESS =   205.3
 Etot   =    -33393.9282  EKtot   =      7081.5424  EPtot      =    -40475.4706
 BOND   =       170.2177  ANGLE   =       358.5332  DIHED      =       481.4652
 1-4 NB =       161.3799  1-4 EEL =      -361.1944  VDWAALS    =      4881.8715
 EELEC  =    -46167.7437  EHBOND  =         0.0000  RESTRAINT  =         0.0000
 EKCMT  =      3363.9450  VIRIAL  =      2845.1391  VOLUME     =    117030.5582
                                                    Density    =         1.0330
 Ewald error estimate:   0.4258E-04
 ------------------------------------------------------------------------------


 NSTEP =    26000   TIME(PS) =     872.000  TEMP(K) =   300.14  PRESS =   158.9
 Etot   =    -33327.9340  EKtot   =      7107.0647  EPtot      =    -40434.9987
 BOND   =       165.7878  ANGLE   =       351.5148  DIHED      =       490.5983
 1-4 NB =       182.4670  1-4 EEL =      -333.2486  VDWAALS    =      4959.6171
 EELEC  =    -46251.7352  EHBOND  =         0.0000  RESTRAINT  =         0.0000
 EKCMT  =      3348.4036  VIRIAL  =      2946.4841  VOLUME     =    117119.4992
                                                    Density    =         1.0322
 Ewald error estimate:   0.6510E-04
 ------------------------------------------------------------------------------


 NSTEP =    26250   TIME(PS) =     872.500  TEMP(K) =   300.88  PRESS =   197.5
 Etot   =    -33388.4796  EKtot   =      7124.7206  EPtot      =    -40513.2003
 BOND   =       142.2044  ANGLE   =       342.4525  DIHED      =       506.1338
 1-4 NB =       170.6609  1-4 EEL =      -368.3521  VDWAALS    =      4897.2124
 EELEC  =    -46203.5122  EHBOND  =         0.0000  RESTRAINT  =         0.0000
 EKCMT  =      3316.7211  VIRIAL  =      2817.1797  VOLUME     =    117148.0771
                                                    Density    =         1.0319
 Ewald error estimate:   0.1338E-03
 ------------------------------------------------------------------------------


 NSTEP =    26500   TIME(PS) =     873.000  TEMP(K) =   299.78  PRESS =  -190.0
 Etot   =    -33285.0234  EKtot   =      7098.6721  EPtot      =    -40383.6955
 BOND   =       161.9167  ANGLE   =       349.4394  DIHED      =       502.3745
 1-4 NB =       168.9322  1-4 EEL =      -339.0771  VDWAALS    =      4716.1647
 EELEC  =    -45943.4459  EHBOND  =         0.0000  RESTRAINT  =         0.0000
 EKCMT  =      3316.0543  VIRIAL  =      3795.9048  VOLUME     =    116992.3401
                                                    Density    =         1.0333
 Ewald error estimate:   0.5424E-04
 ------------------------------------------------------------------------------


 NSTEP =    26750   TIME(PS) =     873.500  TEMP(K) =   302.30  PRESS =   196.9
 Etot   =    -33185.9261  EKtot   =      7158.3476  EPtot      =    -40344.2737
 BOND   =       163.5173  ANGLE   =       347.0723  DIHED      =       489.1282
 1-4 NB =       172.8502  1-4 EEL =      -323.8813  VDWAALS    =      4996.8129
 EELEC  =    -46189.7732  EHBOND  =         0.0000  RESTRAINT  =         0.0000
 EKCMT  =      3299.3101  VIRIAL  =      2802.0024  VOLUME     =    116955.7184
                                                    Density    =         1.0336
 Ewald error estimate:   0.1170E-03
 ------------------------------------------------------------------------------


 NSTEP =    27000   TIME(PS) =     874.000  TEMP(K) =   303.74  PRESS =   172.2
 Etot   =    -33234.5208  EKtot   =      7192.4802  EPtot      =    -40427.0009
 BOND   =       151.9528  ANGLE   =       367.4797  DIHED      =       507.0687
 1-4 NB =       172.3277  1-4 EEL =      -349.0784  VDWAALS    =      4912.9029
 EELEC  =    -46189.6543  EHBOND  =         0.0000  RESTRAINT  =         0.0000
 EKCMT  =      3389.2782  VIRIAL  =      2954.0847  VOLUME     =    117070.3318
                                                    Density    =         1.0326
 Ewald error estimate:   0.1459E-03
 ------------------------------------------------------------------------------


 NSTEP =    27250   TIME(PS) =     874.500  TEMP(K) =   300.39  PRESS =    13.9
 Etot   =    -33264.3557  EKtot   =      7112.9541  EPtot      =    -40377.3098
 BOND   =       152.0010  ANGLE   =       346.2212  DIHED      =       506.7109
 1-4 NB =       173.0402  1-4 EEL =      -342.4023  VDWAALS    =      4875.3406
 EELEC  =    -46088.2214  EHBOND  =         0.0000  RESTRAINT  =         0.0000
 EKCMT  =      3297.7146  VIRIAL  =      3262.5019  VOLUME     =    117098.9629
                                                    Density    =         1.0323
 Ewald error estimate:   0.6302E-04
 ------------------------------------------------------------------------------


 NSTEP =    27500   TIME(PS) =     875.000  TEMP(K) =   299.65  PRESS =    -4.4
 Etot   =    -33301.4214  EKtot   =      7095.5484  EPtot      =    -40396.9698
 BOND   =       129.1124  ANGLE   =       357.3559  DIHED      =       488.0940
 1-4 NB =       171.9672  1-4 EEL =      -342.0730  VDWAALS    =      4770.2901
 EELEC  =    -45971.7163  EHBOND  =         0.0000  RESTRAINT  =         0.0000
 EKCMT  =      3315.1901  VIRIAL  =      3326.2270  VOLUME     =    116948.9871
                                                    Density    =         1.0337
 Ewald error estimate:   0.7053E-05
 ------------------------------------------------------------------------------


 NSTEP =    27750   TIME(PS) =     875.500  TEMP(K) =   303.07  PRESS =  -309.7
 Etot   =    -33279.8502  EKtot   =      7176.5051  EPtot      =    -40456.3553
 BOND   =       161.5769  ANGLE   =       330.2948  DIHED      =       505.8854
 1-4 NB =       169.4746  1-4 EEL =      -345.1937  VDWAALS    =      4727.9082
 EELEC  =    -46006.3015  EHBOND  =         0.0000  RESTRAINT  =         0.0000
 EKCMT  =      3351.0562  VIRIAL  =      4132.8176  VOLUME     =    116900.4153
                                                    Density    =         1.0341
 Ewald error estimate:   0.2409E-03
 ------------------------------------------------------------------------------


 NSTEP =    28000   TIME(PS) =     876.000  TEMP(K) =   296.84  PRESS =   141.5
 Etot   =    -33257.7729  EKtot   =      7028.8808  EPtot      =    -40286.6538
 BOND   =       157.3082  ANGLE   =       363.7741  DIHED      =       505.2589
 1-4 NB =       177.0173  1-4 EEL =      -367.9487  VDWAALS    =      4865.8116
 EELEC  =    -45987.8753  EHBOND  =         0.0000  RESTRAINT  =         0.0000
 EKCMT  =      3309.4221  VIRIAL  =      2952.7703  VOLUME     =    116731.4395
                                                    Density    =         1.0356
 Ewald error estimate:   0.2318E-03
 ------------------------------------------------------------------------------


 NSTEP =    28250   TIME(PS) =     876.500  TEMP(K) =   303.66  PRESS =   182.7
 Etot   =    -33180.4218  EKtot   =      7190.5345  EPtot      =    -40370.9563
 BOND   =       131.8729  ANGLE   =       330.2401  DIHED      =       511.5912
 1-4 NB =       177.8561  1-4 EEL =      -334.4777  VDWAALS    =      4983.6820
 EELEC  =    -46171.7210  EHBOND  =         0.0000  RESTRAINT  =         0.0000
 EKCMT  =      3374.3814  VIRIAL  =      2913.5300  VOLUME     =    116824.7801
                                                    Density    =         1.0348
 Ewald error estimate:   0.5148E-04
 ------------------------------------------------------------------------------


 NSTEP =    28500   TIME(PS) =     877.000  TEMP(K) =   304.38  PRESS =   110.4
 Etot   =    -32991.4970  EKtot   =      7207.6047  EPtot      =    -40199.1017
 BOND   =       149.2413  ANGLE   =       351.5210  DIHED      =       495.5250
 1-4 NB =       174.0208  1-4 EEL =      -324.4603  VDWAALS    =      4786.3341
 EELEC  =    -45831.2834  EHBOND  =         0.0000  RESTRAINT  =         0.0000
 EKCMT  =      3400.3934  VIRIAL  =      3121.5959  VOLUME     =    116948.8923
                                                    Density    =         1.0337
 Ewald error estimate:   0.2530E-05
 ------------------------------------------------------------------------------


 NSTEP =    28750   TIME(PS) =     877.500  TEMP(K) =   296.45  PRESS =    90.2
 Etot   =    -33204.3801  EKtot   =      7019.7741  EPtot      =    -40224.1542
 BOND   =       168.5289  ANGLE   =       335.7637  DIHED      =       503.4028
 1-4 NB =       164.1981  1-4 EEL =      -336.8568  VDWAALS    =      4802.6249
 EELEC  =    -45861.8157  EHBOND  =         0.0000  RESTRAINT  =         0.0000
 EKCMT  =      3308.9074  VIRIAL  =      3081.1047  VOLUME     =    116954.4498
                                                    Density    =         1.0336
 Ewald error estimate:   0.2001E-03
 ------------------------------------------------------------------------------


 NSTEP =    29000   TIME(PS) =     878.000  TEMP(K) =   300.43  PRESS =   123.4
 Etot   =    -33233.0650  EKtot   =      7114.0192  EPtot      =    -40347.0842
 BOND   =       139.7024  ANGLE   =       331.3755  DIHED      =       507.5421
 1-4 NB =       174.6190  1-4 EEL =      -351.3886  VDWAALS    =      4925.3869
 EELEC  =    -46074.3216  EHBOND  =         0.0000  RESTRAINT  =         0.0000
 EKCMT  =      3336.6518  VIRIAL  =      3024.5317  VOLUME     =    117159.6129
                                                    Density    =         1.0318
 Ewald error estimate:   0.1702E-03
 ------------------------------------------------------------------------------


 NSTEP =    29250   TIME(PS) =     878.500  TEMP(K) =   301.48  PRESS =  -203.9
 Etot   =    -33294.6614  EKtot   =      7138.9645  EPtot      =    -40433.6258
 BOND   =       150.3420  ANGLE   =       351.4478  DIHED      =       494.5414
 1-4 NB =       167.0692  1-4 EEL =      -372.7554  VDWAALS    =      4722.0975
 EELEC  =    -45946.3683  EHBOND  =         0.0000  RESTRAINT  =         0.0000
 EKCMT  =      3339.2141  VIRIAL  =      3854.8464  VOLUME     =    117107.9032
                                                    Density    =         1.0323
 Ewald error estimate:   0.9396E-05
 ------------------------------------------------------------------------------


 NSTEP =    29500   TIME(PS) =     879.000  TEMP(K) =   301.11  PRESS =  -261.0
 Etot   =    -33269.6532  EKtot   =      7130.1597  EPtot      =    -40399.8129
 BOND   =       149.3444  ANGLE   =       336.1278  DIHED      =       508.8083
 1-4 NB =       169.0554  1-4 EEL =      -353.0451  VDWAALS    =      4783.9427
 EELEC  =    -45994.0463  EHBOND  =         0.0000  RESTRAINT  =         0.0000
 EKCMT  =      3300.1848  VIRIAL  =      3959.7853  VOLUME     =    117061.9239
                                                    Density    =         1.0327
 Ewald error estimate:   0.9998E-04
 ------------------------------------------------------------------------------


 NSTEP =    29750   TIME(PS) =     879.500  TEMP(K) =   300.60  PRESS =    56.2
 Etot   =    -33333.6923  EKtot   =      7117.9592  EPtot      =    -40451.6514
 BOND   =       137.1615  ANGLE   =       337.0338  DIHED      =       508.3422
 1-4 NB =       166.9797  1-4 EEL =      -352.7468  VDWAALS    =      4948.4778
 EELEC  =    -46196.8997  EHBOND  =         0.0000  RESTRAINT  =         0.0000
 EKCMT  =      3291.1822  VIRIAL  =      3149.0643  VOLUME     =    117092.9984
                                                    Density    =         1.0324
 Ewald error estimate:   0.5804E-04
 ------------------------------------------------------------------------------


 NSTEP =    30000   TIME(PS) =     880.000  TEMP(K) =   297.75  PRESS =  -250.1
 Etot   =    -33422.3037  EKtot   =      7050.5979  EPtot      =    -40472.9016
 BOND   =       148.0793  ANGLE   =       340.5342  DIHED      =       510.7139
 1-4 NB =       170.0955  1-4 EEL =      -358.1225  VDWAALS    =      4837.1835
 EELEC  =    -46121.3854  EHBOND  =         0.0000  RESTRAINT  =         0.0000
 EKCMT  =      3256.1199  VIRIAL  =      3888.0649  VOLUME     =    117008.4716
                                                    Density    =         1.0331
 Ewald error estimate:   0.2337E-03
 ------------------------------------------------------------------------------


 NSTEP =    30250   TIME(PS) =     880.500  TEMP(K) =   297.46  PRESS =  -224.9
 Etot   =    -33447.9709  EKtot   =      7043.5832  EPtot      =    -40491.5541
 BOND   =       141.4908  ANGLE   =       351.3083  DIHED      =       501.2691
 1-4 NB =       171.4597  1-4 EEL =      -348.5299  VDWAALS    =      4800.1102
 EELEC  =    -46108.6623  EHBOND  =         0.0000  RESTRAINT  =         0.0000
 EKCMT  =      3285.2353  VIRIAL  =      3853.5463  VOLUME     =    117017.4587
                                                    Density    =         1.0331
 Ewald error estimate:   0.9797E-04
 ------------------------------------------------------------------------------


 NSTEP =    30500   TIME(PS) =     881.000  TEMP(K) =   297.22  PRESS =   248.5
 Etot   =    -33354.1101  EKtot   =      7037.9565  EPtot      =    -40392.0667
 BOND   =       156.9673  ANGLE   =       349.9242  DIHED      =       497.5677
 1-4 NB =       175.2433  1-4 EEL =      -354.4922  VDWAALS    =      4965.1979
 EELEC  =    -46182.4748  EHBOND  =         0.0000  RESTRAINT  =         0.0000
 EKCMT  =      3302.2684  VIRIAL  =      2674.1670  VOLUME     =    117056.5253
                                                    Density    =         1.0327
 Ewald error estimate:   0.1419E-04
 ------------------------------------------------------------------------------


 NSTEP =    30750   TIME(PS) =     881.500  TEMP(K) =   300.65  PRESS =   156.6
 Etot   =    -33279.0311  EKtot   =      7119.2862  EPtot      =    -40398.3173
 BOND   =       147.5396  ANGLE   =       351.6001  DIHED      =       500.7842
 1-4 NB =       169.3891  1-4 EEL =      -359.0320  VDWAALS    =      4852.4232
 EELEC  =    -46061.0215  EHBOND  =         0.0000  RESTRAINT  =         0.0000
 EKCMT  =      3320.9799  VIRIAL  =      2924.8729  VOLUME     =    117153.4425
                                                    Density    =         1.0319
 Ewald error estimate:   0.1438E-03
 ------------------------------------------------------------------------------


 NSTEP =    31000   TIME(PS) =     882.000  TEMP(K) =   301.71  PRESS =  -175.3
 Etot   =    -33233.8597  EKtot   =      7144.4141  EPtot      =    -40378.2739
 BOND   =       156.5888  ANGLE   =       347.2727  DIHED      =       516.9757
 1-4 NB =       170.2886  1-4 EEL =      -353.2023  VDWAALS    =      4875.1462
 EELEC  =    -46091.3438  EHBOND  =         0.0000  RESTRAINT  =         0.0000
 EKCMT  =      3303.8709  VIRIAL  =      3747.2988  VOLUME     =    117152.5689
                                                    Density    =         1.0319
 Ewald error estimate:   0.1211E-03
 ------------------------------------------------------------------------------


 NSTEP =    31250   TIME(PS) =     882.500  TEMP(K) =   296.47  PRESS =  -263.4
 Etot   =    -33402.6032  EKtot   =      7020.1146  EPtot      =    -40422.7177
 BOND   =       155.5784  ANGLE   =       315.8648  DIHED      =       497.3868
 1-4 NB =       167.6794  1-4 EEL =      -350.8734  VDWAALS    =      4697.9914
 EELEC  =    -45906.3451  EHBOND  =         0.0000  RESTRAINT  =         0.0000
 EKCMT  =      3271.2946  VIRIAL  =      3937.0312  VOLUME     =    117076.9978
                                                    Density    =         1.0325
 Ewald error estimate:   0.2404E-03
 ------------------------------------------------------------------------------


 NSTEP =    31500   TIME(PS) =     883.000  TEMP(K) =   306.99  PRESS =   -12.2
 Etot   =    -33259.2098  EKtot   =      7269.3712  EPtot      =    -40528.5811
 BOND   =       155.2098  ANGLE   =       366.5306  DIHED      =       495.7721
 1-4 NB =       168.9746  1-4 EEL =      -360.8211  VDWAALS    =      4762.2024
 EELEC  =    -46116.4494  EHBOND  =         0.0000  RESTRAINT  =         0.0000
 EKCMT  =      3434.1676  VIRIAL  =      3465.0852  VOLUME     =    117165.7368
                                                    Density    =         1.0318
 Ewald error estimate:   0.1602E-03
 ------------------------------------------------------------------------------


 NSTEP =    31750   TIME(PS) =     883.500  TEMP(K) =   300.98  PRESS =    46.0
 Etot   =    -33158.3671  EKtot   =      7127.0610  EPtot      =    -40285.4281
 BOND   =       158.4458  ANGLE   =       341.2330  DIHED      =       493.7530
 1-4 NB =       176.3444  1-4 EEL =      -338.4908  VDWAALS    =      4845.7950
 EELEC  =    -45962.5085  EHBOND  =         0.0000  RESTRAINT  =         0.0000
 EKCMT  =      3322.4933  VIRIAL  =      3206.0780  VOLUME     =    117200.0167
                                                    Density    =         1.0315
 Ewald error estimate:   0.1865E-03
 ------------------------------------------------------------------------------


 NSTEP =    32000   TIME(PS) =     884.000  TEMP(K) =   298.70  PRESS =  -223.7
 Etot   =    -33116.2977  EKtot   =      7073.0875  EPtot      =    -40189.3852
 BOND   =       156.8612  ANGLE   =       357.8078  DIHED      =       504.2164
 1-4 NB =       172.4593  1-4 EEL =      -360.0651  VDWAALS    =      4743.4901
 EELEC  =    -45764.1549  EHBOND  =         0.0000  RESTRAINT  =         0.0000
 EKCMT  =      3304.6398  VIRIAL  =      3870.3874  VOLUME     =    117132.7660
                                                    Density    =         1.0321
 Ewald error estimate:   0.5570E-04
 ------------------------------------------------------------------------------


 NSTEP =    32250   TIME(PS) =     884.500  TEMP(K) =   302.62  PRESS =  -305.2
 Etot   =    -33095.1494  EKtot   =      7165.9342  EPtot      =    -40261.0836
 BOND   =       144.6361  ANGLE   =       352.6376  DIHED      =       503.9828
 1-4 NB =       175.1917  1-4 EEL =      -352.4050  VDWAALS    =      4685.1197
 EELEC  =    -45770.2464  EHBOND  =         0.0000  RESTRAINT  =         0.0000
 EKCMT  =      3329.8247  VIRIAL  =      4101.2946  VOLUME     =    117084.6780
                                                    Density    =         1.0325
 Ewald error estimate:   0.1455E-03
 ------------------------------------------------------------------------------


 NSTEP =    32500   TIME(PS) =     885.000  TEMP(K) =   300.15  PRESS =  -366.6
 Etot   =    -33191.9083  EKtot   =      7107.4460  EPtot      =    -40299.3543
 BOND   =       152.6572  ANGLE   =       341.6033  DIHED      =       514.1105
 1-4 NB =       167.8522  1-4 EEL =      -371.0903  VDWAALS    =      4767.8770
 EELEC  =    -45872.3642  EHBOND  =         0.0000  RESTRAINT  =         0.0000
 EKCMT  =      3299.0325  VIRIAL  =      4226.0714  VOLUME     =    117130.1234
                                                    Density    =         1.0321
 Ewald error estimate:   0.2161E-03
 ------------------------------------------------------------------------------


 NSTEP =    32750   TIME(PS) =     885.500  TEMP(K) =   300.49  PRESS =  -287.4
 Etot   =    -33146.5915  EKtot   =      7115.4328  EPtot      =    -40262.0243
 BOND   =       148.9327  ANGLE   =       360.2158  DIHED      =       501.3703
 1-4 NB =       166.9259  1-4 EEL =      -358.6699  VDWAALS    =      4774.3774
 EELEC  =    -45855.1766  EHBOND  =         0.0000  RESTRAINT  =         0.0000
 EKCMT  =      3361.5524  VIRIAL  =      4088.3833  VOLUME     =    117115.3814
                                                    Density    =         1.0322
 Ewald error estimate:   0.1005E-03
 ------------------------------------------------------------------------------


 NSTEP =    33000   TIME(PS) =     886.000  TEMP(K) =   302.09  PRESS =   -34.5
 Etot   =    -33125.2627  EKtot   =      7153.2850  EPtot      =    -40278.5477
 BOND   =       156.8740  ANGLE   =       363.8026  DIHED      =       502.5045
 1-4 NB =       167.7384  1-4 EEL =      -348.4759  VDWAALS    =      4826.2714
 EELEC  =    -45947.2627  EHBOND  =         0.0000  RESTRAINT  =         0.0000
 EKCMT  =      3370.9614  VIRIAL  =      3458.1076  VOLUME     =    117128.4939
                                                    Density    =         1.0321
 Ewald error estimate:   0.2526E-03
 ------------------------------------------------------------------------------


 NSTEP =    33250   TIME(PS) =     886.500  TEMP(K) =   300.85  PRESS =    92.9
 Etot   =    -33168.6968  EKtot   =      7123.8614  EPtot      =    -40292.5582
 BOND   =       158.9569  ANGLE   =       369.8472  DIHED      =       494.9855
 1-4 NB =       171.7922  1-4 EEL =      -360.5753  VDWAALS    =      4788.1723
 EELEC  =    -45915.7370  EHBOND  =         0.0000  RESTRAINT  =         0.0000
 EKCMT  =      3307.9849  VIRIAL  =      3072.8962  VOLUME     =    117196.8627
                                                    Density    =         1.0315
 Ewald error estimate:   0.6013E-05
 ------------------------------------------------------------------------------


 NSTEP =    33500   TIME(PS) =     887.000  TEMP(K) =   303.21  PRESS =    25.0
 Etot   =    -33169.2773  EKtot   =      7179.7794  EPtot      =    -40349.0567
 BOND   =       154.0272  ANGLE   =       347.0927  DIHED      =       500.4086
 1-4 NB =       166.4910  1-4 EEL =      -343.6848  VDWAALS    =      4867.1675
 EELEC  =    -46040.5588  EHBOND  =         0.0000  RESTRAINT  =         0.0000
 EKCMT  =      3390.6319  VIRIAL  =      3327.3644  VOLUME     =    117226.6212
                                                    Density    =         1.0312
 Ewald error estimate:   0.6503E-05
 ------------------------------------------------------------------------------


 NSTEP =    33750   TIME(PS) =     887.500  TEMP(K) =   302.87  PRESS =   212.4
 Etot   =    -33140.8957  EKtot   =      7171.7579  EPtot      =    -40312.6535
 BOND   =       169.1731  ANGLE   =       363.7855  DIHED      =       514.8935
 1-4 NB =       168.8652  1-4 EEL =      -368.7550  VDWAALS    =      4887.1395
 EELEC  =    -46047.7552  EHBOND  =         0.0000  RESTRAINT  =         0.0000
 EKCMT  =      3306.4980  VIRIAL  =      2769.0894  VOLUME     =    117174.9833
                                                    Density    =         1.0317
 Ewald error estimate:   0.1451E-03
 ------------------------------------------------------------------------------


 NSTEP =    34000   TIME(PS) =     888.000  TEMP(K) =   295.88  PRESS =  -371.3
 Etot   =    -33310.9393  EKtot   =      7006.3488  EPtot      =    -40317.2881
 BOND   =       149.5799  ANGLE   =       352.9918  DIHED      =       509.5266
 1-4 NB =       177.0280  1-4 EEL =      -349.5378  VDWAALS    =      4703.9737
 EELEC  =    -45860.8503  EHBOND  =         0.0000  RESTRAINT  =         0.0000
 EKCMT  =      3257.7298  VIRIAL  =      4197.5058  VOLUME     =    117238.6788
                                                    Density    =         1.0311
 Ewald error estimate:   0.7111E-05
 ------------------------------------------------------------------------------


 NSTEP =    34250   TIME(PS) =     888.500  TEMP(K) =   297.73  PRESS =   -18.3
 Etot   =    -33463.8762  EKtot   =      7050.1764  EPtot      =    -40514.0526
 BOND   =       164.2124  ANGLE   =       331.6511  DIHED      =       497.0593
 1-4 NB =       165.2658  1-4 EEL =      -352.1411  VDWAALS    =      4886.2730
 EELEC  =    -46206.3731  EHBOND  =         0.0000  RESTRAINT  =         0.0000
 EKCMT  =      3282.5399  VIRIAL  =      3328.8882  VOLUME     =    117092.1854
                                                    Density    =         1.0324
 Ewald error estimate:   0.1026E-03
 ------------------------------------------------------------------------------


 NSTEP =    34500   TIME(PS) =     889.000  TEMP(K) =   296.14  PRESS =  -518.3
 Etot   =    -33399.2615  EKtot   =      7012.3297  EPtot      =    -40411.5912
 BOND   =       173.5643  ANGLE   =       371.5344  DIHED      =       498.1140
 1-4 NB =       171.8696  1-4 EEL =      -361.7661  VDWAALS    =      4676.9859
 EELEC  =    -45941.8934  EHBOND  =         0.0000  RESTRAINT  =         0.0000
 EKCMT  =      3281.6848  VIRIAL  =      4591.3403  VOLUME     =    117031.5156
                                                    Density    =         1.0329
 Ewald error estimate:   0.4065E-04
 ------------------------------------------------------------------------------


 NSTEP =    34750   TIME(PS) =     889.500  TEMP(K) =   299.89  PRESS =   167.4
 Etot   =    -33301.6855  EKtot   =      7101.1888  EPtot      =    -40402.8744
 BOND   =       159.8944  ANGLE   =       358.5674  DIHED      =       493.6962
 1-4 NB =       173.6247  1-4 EEL =      -355.7226  VDWAALS    =      4818.5183
 EELEC  =    -46051.4528  EHBOND  =         0.0000  RESTRAINT  =         0.0000
 EKCMT  =      3342.0693  VIRIAL  =      2919.2241  VOLUME     =    116974.9301
                                                    Density    =         1.0334
 Ewald error estimate:   0.1417E-03
 ------------------------------------------------------------------------------


 NSTEP =    35000   TIME(PS) =     890.000  TEMP(K) =   298.11  PRESS =   -75.8
 Etot   =    -33397.0791  EKtot   =      7059.1344  EPtot      =    -40456.2135
 BOND   =       142.5967  ANGLE   =       364.9304  DIHED      =       515.7294
 1-4 NB =       180.6676  1-4 EEL =      -377.4315  VDWAALS    =      4915.8266
 EELEC  =    -46198.5328  EHBOND  =         0.0000  RESTRAINT  =         0.0000
 EKCMT  =      3322.5038  VIRIAL  =      3513.9594  VOLUME     =    116976.5052
                                                    Density    =         1.0334
 Ewald error estimate:   0.1852E-03
 ------------------------------------------------------------------------------


 NSTEP =    35250   TIME(PS) =     890.500  TEMP(K) =   301.86  PRESS =   -18.4
 Etot   =    -33449.3351  EKtot   =      7147.8345  EPtot      =    -40597.1696
 BOND   =       146.6076  ANGLE   =       345.2798  DIHED      =       480.4884
 1-4 NB =       165.4870  1-4 EEL =      -345.8282  VDWAALS    =      4875.9733
 EELEC  =    -46265.1775  EHBOND  =         0.0000  RESTRAINT  =         0.0000
 EKCMT  =      3336.2250  VIRIAL  =      3382.7202  VOLUME     =    117020.2815
                                                    Density    =         1.0330
 Ewald error estimate:   0.4041E-04
 ------------------------------------------------------------------------------


 NSTEP =    35500   TIME(PS) =     891.000  TEMP(K) =   295.54  PRESS =  -171.7
 Etot   =    -33339.7982  EKtot   =      6998.1916  EPtot      =    -40337.9898
 BOND   =       145.9862  ANGLE   =       335.0946  DIHED      =       498.1344
 1-4 NB =       168.3197  1-4 EEL =      -333.0882  VDWAALS    =      4750.5588
 EELEC  =    -45902.9953  EHBOND  =         0.0000  RESTRAINT  =         0.0000
 EKCMT  =      3295.8649  VIRIAL  =      3729.9527  VOLUME     =    117106.5481
                                                    Density    =         1.0323
 Ewald error estimate:   0.2928E-03
 ------------------------------------------------------------------------------


 NSTEP =    35750   TIME(PS) =     891.500  TEMP(K) =   301.50  PRESS =   433.4
 Etot   =    -33270.2341  EKtot   =      7139.3409  EPtot      =    -40409.5749
 BOND   =       145.5824  ANGLE   =       344.0018  DIHED      =       490.3864
 1-4 NB =       166.9149  1-4 EEL =      -336.9482  VDWAALS    =      4922.2266
 EELEC  =    -46141.7388  EHBOND  =         0.0000  RESTRAINT  =         0.0000
 EKCMT  =      3384.1534  VIRIAL  =      2288.5768  VOLUME     =    117084.1032
                                                    Density    =         1.0325
 Ewald error estimate:   0.2434E-03
 ------------------------------------------------------------------------------


 NSTEP =    36000   TIME(PS) =     892.000  TEMP(K) =   300.11  PRESS =    50.7
 Etot   =    -33181.5718  EKtot   =      7106.4314  EPtot      =    -40288.0032
 BOND   =       140.4724  ANGLE   =       336.0935  DIHED      =       518.4163
 1-4 NB =       170.5275  1-4 EEL =      -334.2527  VDWAALS    =      4887.5055
 EELEC  =    -46006.7656  EHBOND  =         0.0000  RESTRAINT  =         0.0000
 EKCMT  =      3281.8007  VIRIAL  =      3153.4955  VOLUME     =    117143.5191
                                                    Density    =         1.0320
 Ewald error estimate:   0.2775E-04
 ------------------------------------------------------------------------------


 NSTEP =    36250   TIME(PS) =     892.500  TEMP(K) =   302.70  PRESS =   186.8
 Etot   =    -33195.7607  EKtot   =      7167.7073  EPtot      =    -40363.4680
 BOND   =       141.1283  ANGLE   =       359.7504  DIHED      =       502.0880
 1-4 NB =       172.3032  1-4 EEL =      -373.6409  VDWAALS    =      4847.1975
 EELEC  =    -46012.2946  EHBOND  =         0.0000  RESTRAINT  =         0.0000
 EKCMT  =      3388.3244  VIRIAL  =      2915.2180  VOLUME     =    117303.2044
                                                    Density    =         1.0306
 Ewald error estimate:   0.1988E-03
 ------------------------------------------------------------------------------


 NSTEP =    36500   TIME(PS) =     893.000  TEMP(K) =   298.35  PRESS =   117.6
 Etot   =    -33230.8162  EKtot   =      7064.8322  EPtot      =    -40295.6484
 BOND   =       147.3939  ANGLE   =       349.2605  DIHED      =       524.3899
 1-4 NB =       175.3542  1-4 EEL =      -343.6333  VDWAALS    =      4849.4505
 EELEC  =    -45997.8642  EHBOND  =         0.0000  RESTRAINT  =         0.0000
 EKCMT  =      3299.0029  VIRIAL  =      3001.2626  VOLUME     =    117271.6261
                                                    Density    =         1.0308
 Ewald error estimate:   0.2743E-05
 ------------------------------------------------------------------------------


 NSTEP =    36750   TIME(PS) =     893.500  TEMP(K) =   298.34  PRESS =   -20.7
 Etot   =    -33221.5072  EKtot   =      7064.5651  EPtot      =    -40286.0723
 BOND   =       159.4050  ANGLE   =       362.5116  DIHED      =       499.8954
 1-4 NB =       174.5495  1-4 EEL =      -350.8287  VDWAALS    =      4841.0389
 EELEC  =    -45972.6440  EHBOND  =         0.0000  RESTRAINT  =         0.0000
 EKCMT  =      3338.6596  VIRIAL  =      3391.0922  VOLUME     =    117253.0541
                                                    Density    =         1.0310
 Ewald error estimate:   0.7163E-04
 ------------------------------------------------------------------------------


 NSTEP =    37000   TIME(PS) =     894.000  TEMP(K) =   299.35  PRESS =  -450.4
 Etot   =    -33295.8322  EKtot   =      7088.4531  EPtot      =    -40384.2853
 BOND   =       161.1114  ANGLE   =       344.5265  DIHED      =       484.3114
 1-4 NB =       165.0660  1-4 EEL =      -346.1376  VDWAALS    =      4741.0102
 EELEC  =    -45934.1733  EHBOND  =         0.0000  RESTRAINT  =         0.0000
 EKCMT  =      3296.5094  VIRIAL  =      4436.2794  VOLUME     =    117208.2209
                                                    Density    =         1.0314
 Ewald error estimate:   0.2082E-03
 ------------------------------------------------------------------------------


 NSTEP =    37250   TIME(PS) =     894.500  TEMP(K) =   302.78  PRESS =  -302.8
 Etot   =    -33175.8968  EKtot   =      7169.7487  EPtot      =    -40345.6455
 BOND   =       151.5454  ANGLE   =       354.2373  DIHED      =       508.3157
 1-4 NB =       170.4281  1-4 EEL =      -366.9665  VDWAALS    =      4746.8970
 EELEC  =    -45910.1026  EHBOND  =         0.0000  RESTRAINT  =         0.0000
 EKCMT  =      3349.9174  VIRIAL  =      4116.7716  VOLUME     =    117290.0630
                                                    Density    =         1.0307
 Ewald error estimate:   0.8419E-04
 ------------------------------------------------------------------------------


 NSTEP =    37500   TIME(PS) =     895.000  TEMP(K) =   302.91  PRESS =    38.4
 Etot   =    -33297.5511  EKtot   =      7172.7675  EPtot      =    -40470.3187
 BOND   =       146.9505  ANGLE   =       369.8515  DIHED      =       488.9204
 1-4 NB =       171.8065  1-4 EEL =      -361.6570  VDWAALS    =      4885.4599
 EELEC  =    -46171.6505  EHBOND  =         0.0000  RESTRAINT  =         0.0000
 EKCMT  =      3328.1653  VIRIAL  =      3230.8901  VOLUME     =    117266.0997
                                                    Density    =         1.0309
 Ewald error estimate:   0.2231E-03
 ------------------------------------------------------------------------------


 NSTEP =    37750   TIME(PS) =     895.500  TEMP(K) =   298.10  PRESS =   122.8
 Etot   =    -33238.2703  EKtot   =      7058.7861  EPtot      =    -40297.0564
 BOND   =       160.6370  ANGLE   =       333.9487  DIHED      =       501.7847
 1-4 NB =       158.6371  1-4 EEL =      -361.9307  VDWAALS    =      4836.5960
 EELEC  =    -45926.7291  EHBOND  =         0.0000  RESTRAINT  =         0.0000
 EKCMT  =      3319.6144  VIRIAL  =      3008.7352  VOLUME     =    117253.7172
                                                    Density    =         1.0310
 Ewald error estimate:   0.1441E-03
 ------------------------------------------------------------------------------


 NSTEP =    38000   TIME(PS) =     896.000  TEMP(K) =   299.71  PRESS =   234.2
 Etot   =    -33151.5214  EKtot   =      7096.9510  EPtot      =    -40248.4724
 BOND   =       149.2461  ANGLE   =       335.7687  DIHED      =       503.5794
 1-4 NB =       175.2834  1-4 EEL =      -348.7649  VDWAALS    =      4835.0987
 EELEC  =    -45898.6838  EHBOND  =         0.0000  RESTRAINT  =         0.0000
 EKCMT  =      3359.4682  VIRIAL  =      2766.5101  VOLUME     =    117266.3331
                                                    Density    =         1.0309
 Ewald error estimate:   0.4065E-04
 ------------------------------------------------------------------------------


 NSTEP =    38250   TIME(PS) =     896.500  TEMP(K) =   301.35  PRESS =  -215.4
 Etot   =    -33231.5108  EKtot   =      7135.8744  EPtot      =    -40367.3852
 BOND   =       172.6138  ANGLE   =       344.7427  DIHED      =       497.7936
 1-4 NB =       172.0536  1-4 EEL =      -380.0617  VDWAALS    =      4672.5513
 EELEC  =    -45847.0786  EHBOND  =         0.0000  RESTRAINT  =         0.0000
 EKCMT  =      3348.3240  VIRIAL  =      3893.6887  VOLUME     =    117237.9357
                                                    Density    =         1.0311
 Ewald error estimate:   0.1345E-03
 ------------------------------------------------------------------------------


 NSTEP =    38500   TIME(PS) =     897.000  TEMP(K) =   297.21  PRESS =   -63.4
 Etot   =    -33098.9513  EKtot   =      7037.8478  EPtot      =    -40136.7991
 BOND   =       159.6336  ANGLE   =       356.9084  DIHED      =       498.7492
 1-4 NB =       171.3753  1-4 EEL =      -350.2137  VDWAALS    =      4771.0344
 EELEC  =    -45744.2863  EHBOND  =         0.0000  RESTRAINT  =         0.0000
 EKCMT  =      3306.8710  VIRIAL  =      3467.2858  VOLUME     =    117221.8473
                                                    Density    =         1.0313
 Ewald error estimate:   0.1052E-03
 ------------------------------------------------------------------------------


 NSTEP =    38750   TIME(PS) =     897.500  TEMP(K) =   300.19  PRESS =   158.7
 Etot   =    -33179.2600  EKtot   =      7108.2842  EPtot      =    -40287.5441
 BOND   =       161.2269  ANGLE   =       342.3016  DIHED      =       506.7687
 1-4 NB =       171.6839  1-4 EEL =      -380.5353  VDWAALS    =      4868.2577
 EELEC  =    -45957.2476  EHBOND  =         0.0000  RESTRAINT  =         0.0000
 EKCMT  =      3329.4010  VIRIAL  =      2927.3424  VOLUME     =    117303.8184
                                                    Density    =         1.0305
 Ewald error estimate:   0.6642E-04
 ------------------------------------------------------------------------------


 NSTEP =    39000   TIME(PS) =     898.000  TEMP(K) =   299.15  PRESS =   408.3
 Etot   =    -33125.6980  EKtot   =      7083.6243  EPtot      =    -40209.3224
 BOND   =       162.4462  ANGLE   =       357.8149  DIHED      =       503.6322
 1-4 NB =       165.9903  1-4 EEL =      -363.5219  VDWAALS    =      4975.8511
 EELEC  =    -46011.5352  EHBOND  =         0.0000  RESTRAINT  =         0.0000
 EKCMT  =      3334.0350  VIRIAL  =      2300.3086  VOLUME     =    117257.3091
                                                    Density    =         1.0310
 Ewald error estimate:   0.7595E-04
 ------------------------------------------------------------------------------


 NSTEP =    39250   TIME(PS) =     898.500  TEMP(K) =   303.12  PRESS =   -30.0
 Etot   =    -33158.8947  EKtot   =      7177.6405  EPtot      =    -40336.5352
 BOND   =       143.4400  ANGLE   =       350.3411  DIHED      =       508.5542
 1-4 NB =       168.3991  1-4 EEL =      -349.7326  VDWAALS    =      4761.8557
 EELEC  =    -45919.3927  EHBOND  =         0.0000  RESTRAINT  =         0.0000
 EKCMT  =      3354.5830  VIRIAL  =      3430.5353  VOLUME     =    117350.5624
                                                    Density    =         1.0301
 Ewald error estimate:   0.1500E-03
 ------------------------------------------------------------------------------


 NSTEP =    39500   TIME(PS) =     899.000  TEMP(K) =   296.40  PRESS =   247.1
 Etot   =    -33296.6690  EKtot   =      7018.4874  EPtot      =    -40315.1565
 BOND   =       177.2298  ANGLE   =       350.8762  DIHED      =       504.1262
 1-4 NB =       164.9753  1-4 EEL =      -375.8052  VDWAALS    =      5055.6296
 EELEC  =    -46192.1882  EHBOND  =         0.0000  RESTRAINT  =         0.0000
 EKCMT  =      3282.0440  VIRIAL  =      2655.8999  VOLUME     =    117362.4433
                                                    Density    =         1.0300
 Ewald error estimate:   0.8505E-04
 ------------------------------------------------------------------------------


 NSTEP =    39750   TIME(PS) =     899.500  TEMP(K) =   300.82  PRESS =  -246.4
 Etot   =    -33294.9871  EKtot   =      7123.2110  EPtot      =    -40418.1982
 BOND   =       155.8971  ANGLE   =       344.4499  DIHED      =       507.5993
 1-4 NB =       172.0885  1-4 EEL =      -367.6940  VDWAALS    =      4884.2757
 EELEC  =    -46114.8147  EHBOND  =         0.0000  RESTRAINT  =         0.0000
 EKCMT  =      3350.2410  VIRIAL  =      3974.5987  VOLUME     =    117370.2678
                                                    Density    =         1.0300
 Ewald error estimate:   0.3336E-03
 ------------------------------------------------------------------------------


 NSTEP =    40000   TIME(PS) =     900.000  TEMP(K) =   300.50  PRESS =    13.5
 Etot   =    -33276.2686  EKtot   =      7115.6051  EPtot      =    -40391.8736
 BOND   =       168.7671  ANGLE   =       356.5131  DIHED      =       504.9358
 1-4 NB =       163.4582  1-4 EEL =      -350.8850  VDWAALS    =      4892.5400
 EELEC  =    -46127.2028  EHBOND  =         0.0000  RESTRAINT  =         0.0000
 EKCMT  =      3391.4657  VIRIAL  =      3357.2322  VOLUME     =    117286.1619
                                                    Density    =         1.0307
 Ewald error estimate:   0.2053E-03
 ------------------------------------------------------------------------------


 NSTEP =    40250   TIME(PS) =     900.500  TEMP(K) =   299.30  PRESS =   -40.9
 Etot   =    -33207.5600  EKtot   =      7087.2452  EPtot      =    -40294.8052
 BOND   =       155.2743  ANGLE   =       363.4959  DIHED      =       498.4456
 1-4 NB =       164.5690  1-4 EEL =      -346.4234  VDWAALS    =      4823.1680
 EELEC  =    -45953.3346  EHBOND  =         0.0000  RESTRAINT  =         0.0000
 EKCMT  =      3343.6095  VIRIAL  =      3447.2929  VOLUME     =    117332.7314
                                                    Density    =         1.0303
 Ewald error estimate:   0.1061E-03
 ------------------------------------------------------------------------------


 NSTEP =    40500   TIME(PS) =     901.000  TEMP(K) =   295.82  PRESS =  -138.1
 Etot   =    -33361.8066  EKtot   =      7004.7784  EPtot      =    -40366.5850
 BOND   =       150.9127  ANGLE   =       362.1562  DIHED      =       503.2766
 1-4 NB =       178.8881  1-4 EEL =      -344.2961  VDWAALS    =      4753.2153
 EELEC  =    -45970.7378  EHBOND  =         0.0000  RESTRAINT  =         0.0000
 EKCMT  =      3299.4895  VIRIAL  =      3648.9838  VOLUME     =    117242.2099
                                                    Density    =         1.0311
 Ewald error estimate:   0.2291E-03
 ------------------------------------------------------------------------------


 NSTEP =    40750   TIME(PS) =     901.500  TEMP(K) =   298.33  PRESS =   308.2
 Etot   =    -33365.5338  EKtot   =      7064.2096  EPtot      =    -40429.7434
 BOND   =       143.2698  ANGLE   =       323.3862  DIHED      =       501.2050
 1-4 NB =       177.4079  1-4 EEL =      -333.4680  VDWAALS    =      4936.2468
 EELEC  =    -46177.7910  EHBOND  =         0.0000  RESTRAINT  =         0.0000
 EKCMT  =      3370.7483  VIRIAL  =      2590.3300  VOLUME     =    117270.7272
                                                    Density    =         1.0308
 Ewald error estimate:   0.2205E-03
 ------------------------------------------------------------------------------


 NSTEP =    41000   TIME(PS) =     902.000  TEMP(K) =   299.73  PRESS =   148.6
 Etot   =    -33288.2877  EKtot   =      7097.3394  EPtot      =    -40385.6271
 BOND   =       158.4684  ANGLE   =       354.1760  DIHED      =       494.8632
 1-4 NB =       172.1109  1-4 EEL =      -351.7892  VDWAALS    =      4959.0082
 EELEC  =    -46172.4648  EHBOND  =         0.0000  RESTRAINT  =         0.0000
 EKCMT  =      3297.2874  VIRIAL  =      2921.4109  VOLUME     =    117114.0887
                                                    Density    =         1.0322
 Ewald error estimate:   0.1470E-03
 ------------------------------------------------------------------------------


 NSTEP =    41250   TIME(PS) =     902.500  TEMP(K) =   296.20  PRESS =   -46.5
 Etot   =    -33378.9676  EKtot   =      7013.8140  EPtot      =    -40392.7816
 BOND   =       157.4554  ANGLE   =       328.2157  DIHED      =       511.3045
 1-4 NB =       166.3711  1-4 EEL =      -367.5801  VDWAALS    =      4933.8090
 EELEC  =    -46122.3574  EHBOND  =         0.0000  RESTRAINT  =         0.0000
 EKCMT  =      3293.8300  VIRIAL  =      3411.3729  VOLUME     =    117153.0064
                                                    Density    =         1.0319
 Ewald error estimate:   0.2969E-04
 ------------------------------------------------------------------------------


 NSTEP =    41500   TIME(PS) =     903.000  TEMP(K) =   296.48  PRESS =    -5.1
 Etot   =    -33475.3413  EKtot   =      7020.4979  EPtot      =    -40495.8392
 BOND   =       138.2072  ANGLE   =       362.8698  DIHED      =       494.6232
 1-4 NB =       168.8204  1-4 EEL =      -354.0877  VDWAALS    =      4979.2169
 EELEC  =    -46285.4890  EHBOND  =         0.0000  RESTRAINT  =         0.0000
 EKCMT  =      3315.9298  VIRIAL  =      3328.8508  VOLUME     =    117227.8338
                                                    Density    =         1.0312
 Ewald error estimate:   0.2006E-03
 ------------------------------------------------------------------------------


 NSTEP =    41750   TIME(PS) =     903.500  TEMP(K) =   295.73  PRESS =  -155.5
 Etot   =    -33431.2292  EKtot   =      7002.6181  EPtot      =    -40433.8473
 BOND   =       156.7252  ANGLE   =       362.3836  DIHED      =       501.9156
 1-4 NB =       168.4954  1-4 EEL =      -355.0361  VDWAALS    =      4850.0980
 EELEC  =    -46118.4292  EHBOND  =         0.0000  RESTRAINT  =         0.0000
 EKCMT  =      3326.5530  VIRIAL  =      3719.6686  VOLUME     =    117111.4254
                                                    Density    =         1.0322
 Ewald error estimate:   0.1564E-03
 ------------------------------------------------------------------------------


 NSTEP =    42000   TIME(PS) =     904.000  TEMP(K) =   298.54  PRESS =    76.3
 Etot   =    -33468.0543  EKtot   =      7069.2050  EPtot      =    -40537.2593
 BOND   =       146.9549  ANGLE   =       349.8856  DIHED      =       496.5560
 1-4 NB =       173.1575  1-4 EEL =      -361.2396  VDWAALS    =      4988.7317
 EELEC  =    -46331.3054  EHBOND  =         0.0000  RESTRAINT  =         0.0000
 EKCMT  =      3230.0670  VIRIAL  =      3037.3493  VOLUME     =    116959.9443
                                                    Density    =         1.0336
 Ewald error estimate:   0.9099E-04
 ------------------------------------------------------------------------------


 NSTEP =    42250   TIME(PS) =     904.500  TEMP(K) =   297.67  PRESS =   293.0
 Etot   =    -33375.7746  EKtot   =      7048.7018  EPtot      =    -40424.4764
 BOND   =       157.7923  ANGLE   =       341.4352  DIHED      =       505.6268
 1-4 NB =       173.3860  1-4 EEL =      -370.7978  VDWAALS    =      4983.4123
 EELEC  =    -46215.3311  EHBOND  =         0.0000  RESTRAINT  =         0.0000
 EKCMT  =      3266.3776  VIRIAL  =      2527.0865  VOLUME     =    116864.5790
                                                    Density    =         1.0344
 Ewald error estimate:   0.9257E-04
 ------------------------------------------------------------------------------


 NSTEP =    42500   TIME(PS) =     905.000  TEMP(K) =   301.75  PRESS =   262.0
 Etot   =    -33293.5149  EKtot   =      7145.3315  EPtot      =    -40438.8464
 BOND   =       147.1419  ANGLE   =       363.8399  DIHED      =       518.2869
 1-4 NB =       162.9141  1-4 EEL =      -339.8935  VDWAALS    =      4839.6639
 EELEC  =    -46130.7996  EHBOND  =         0.0000  RESTRAINT  =         0.0000
 EKCMT  =      3357.4494  VIRIAL  =      2696.6158  VOLUME     =    116819.3743
                                                    Density    =         1.0348
 Ewald error estimate:   0.1203E-04
 ------------------------------------------------------------------------------


 NSTEP =    42750   TIME(PS) =     905.500  TEMP(K) =   298.88  PRESS =   107.1
 Etot   =    -33347.6158  EKtot   =      7077.3869  EPtot      =    -40425.0027
 BOND   =       154.4797  ANGLE   =       343.9493  DIHED      =       514.0115
 1-4 NB =       172.1978  1-4 EEL =      -358.2696  VDWAALS    =      4914.0259
 EELEC  =    -46165.3973  EHBOND  =         0.0000  RESTRAINT  =         0.0000
 EKCMT  =      3283.9868  VIRIAL  =      3013.7525  VOLUME     =    116912.3844
                                                    Density    =         1.0340
 Ewald error estimate:   0.5280E-04
 ------------------------------------------------------------------------------


 NSTEP =    43000   TIME(PS) =     906.000  TEMP(K) =   303.50  PRESS =   224.7
 Etot   =    -33149.5768  EKtot   =      7186.6353  EPtot      =    -40336.2121
 BOND   =       160.4297  ANGLE   =       339.6965  DIHED      =       501.0335
 1-4 NB =       174.4980  1-4 EEL =      -353.7879  VDWAALS    =      4944.5403
 EELEC  =    -46102.6222  EHBOND  =         0.0000  RESTRAINT  =         0.0000
 EKCMT  =      3358.3355  VIRIAL  =      2790.1646  VOLUME     =    117105.5376
                                                    Density    =         1.0323
 Ewald error estimate:   0.1919E-03
 ------------------------------------------------------------------------------


 NSTEP =    43250   TIME(PS) =     906.500  TEMP(K) =   305.54  PRESS =   221.6
 Etot   =    -33150.8662  EKtot   =      7235.0854  EPtot      =    -40385.9516
 BOND   =       167.5109  ANGLE   =       319.2696  DIHED      =       492.9843
 1-4 NB =       169.7797  1-4 EEL =      -356.1736  VDWAALS    =      4894.7884
 EELEC  =    -46074.1110  EHBOND  =         0.0000  RESTRAINT  =         0.0000
 EKCMT  =      3372.9995  VIRIAL  =      2812.0887  VOLUME     =    117206.8061
                                                    Density    =         1.0314
 Ewald error estimate:   0.8883E-04
 ------------------------------------------------------------------------------


 NSTEP =    43500   TIME(PS) =     907.000  TEMP(K) =   303.95  PRESS =   -96.9
 Etot   =    -33073.9078  EKtot   =      7197.4423  EPtot      =    -40271.3501
 BOND   =       136.2716  ANGLE   =       329.9460  DIHED      =       510.7844
 1-4 NB =       174.4108  1-4 EEL =      -352.2125  VDWAALS    =      4788.4338
 EELEC  =    -45858.9842  EHBOND  =         0.0000  RESTRAINT  =         0.0000
 EKCMT  =      3321.5652  VIRIAL  =      3566.5901  VOLUME     =    117158.2436
                                                    Density    =         1.0318
 Ewald error estimate:   0.1250E-04
 ------------------------------------------------------------------------------


 NSTEP =    43750   TIME(PS) =     907.500  TEMP(K) =   303.15  PRESS =  -294.4
 Etot   =    -33120.1579  EKtot   =      7178.3938  EPtot      =    -40298.5518
 BOND   =       161.1364  ANGLE   =       331.1772  DIHED      =       502.6247
 1-4 NB =       175.1087  1-4 EEL =      -347.6464  VDWAALS    =      4774.9114
 EELEC  =    -45895.8636  EHBOND  =         0.0000  RESTRAINT  =         0.0000
 EKCMT  =      3355.5066  VIRIAL  =      4099.9242  VOLUME     =    117094.3571
                                                    Density    =         1.0324
 Ewald error estimate:   0.2901E-04
 ------------------------------------------------------------------------------


 NSTEP =    44000   TIME(PS) =     908.000  TEMP(K) =   298.60  PRESS =  -106.8
 Etot   =    -33185.0530  EKtot   =      7070.7793  EPtot      =    -40255.8322
 BOND   =       163.8471  ANGLE   =       355.7181  DIHED      =       489.4981
 1-4 NB =       172.4734  1-4 EEL =      -371.9522  VDWAALS    =      4772.0489
 EELEC  =    -45837.4656  EHBOND  =         0.0000  RESTRAINT  =         0.0000
 EKCMT  =      3334.5320  VIRIAL  =      3604.9559  VOLUME     =    117305.1680
                                                    Density    =         1.0305
 Ewald error estimate:   0.1701E-03
 ------------------------------------------------------------------------------


 NSTEP =    44250   TIME(PS) =     908.500  TEMP(K) =   301.61  PRESS =   -83.8
 Etot   =    -33180.2747  EKtot   =      7141.9381  EPtot      =    -40322.2128
 BOND   =       165.6050  ANGLE   =       345.7133  DIHED      =       504.1420
 1-4 NB =       178.0513  1-4 EEL =      -344.1697  VDWAALS    =      4743.8611
 EELEC  =    -45915.4157  EHBOND  =         0.0000  RESTRAINT  =         0.0000
 EKCMT  =      3312.8791  VIRIAL  =      3525.0980  VOLUME     =    117247.4920
                                                    Density    =         1.0310
 Ewald error estimate:   0.5350E-04
 ------------------------------------------------------------------------------


 NSTEP =    44500   TIME(PS) =     909.000  TEMP(K) =   298.36  PRESS =  -117.1
 Etot   =    -33231.9262  EKtot   =      7065.0426  EPtot      =    -40296.9687
 BOND   =       144.9179  ANGLE   =       357.8885  DIHED      =       488.8754
 1-4 NB =       173.1864  1-4 EEL =      -345.5074  VDWAALS    =      4714.9527
 EELEC  =    -45831.2823  EHBOND  =         0.0000  RESTRAINT  =         0.0000
 EKCMT  =      3320.9986  VIRIAL  =      3617.2146  VOLUME     =    117141.5063
                                                    Density    =         1.0320
 Ewald error estimate:   0.1481E-04
 ------------------------------------------------------------------------------


 NSTEP =    44750   TIME(PS) =     909.500  TEMP(K) =   304.56  PRESS =    -1.3
 Etot   =    -33228.9498  EKtot   =      7211.7029  EPtot      =    -40440.6527
 BOND   =       146.0783  ANGLE   =       359.4239  DIHED      =       508.6140
 1-4 NB =       172.7061  1-4 EEL =      -366.8451  VDWAALS    =      4856.1382
 EELEC  =    -46116.7681  EHBOND  =         0.0000  RESTRAINT  =         0.0000
 EKCMT  =      3338.9111  VIRIAL  =      3342.3186  VOLUME     =    117130.0342
                                                    Density    =         1.0321
 Ewald error estimate:   0.2415E-03
 ------------------------------------------------------------------------------


 NSTEP =    45000   TIME(PS) =     910.000  TEMP(K) =   303.41  PRESS =   -84.0
 Etot   =    -33163.5043  EKtot   =      7184.5661  EPtot      =    -40348.0704
 BOND   =       174.1090  ANGLE   =       347.1348  DIHED      =       495.9087
 1-4 NB =       172.7921  1-4 EEL =      -334.9650  VDWAALS    =      4796.3944
 EELEC  =    -45999.4444  EHBOND  =         0.0000  RESTRAINT  =         0.0000
 EKCMT  =      3370.7519  VIRIAL  =      3583.1942  VOLUME     =    117107.6882
                                                    Density    =         1.0323
 Ewald error estimate:   0.1911E-03
 ------------------------------------------------------------------------------


 NSTEP =    45250   TIME(PS) =     910.500  TEMP(K) =   299.60  PRESS =  -323.7
 Etot   =    -33272.4017  EKtot   =      7094.4579  EPtot      =    -40366.8596
 BOND   =       149.6873  ANGLE   =       362.0325  DIHED      =       486.5963
 1-4 NB =       170.8793  1-4 EEL =      -347.9677  VDWAALS    =      4615.5931
 EELEC  =    -45803.6805  EHBOND  =         0.0000  RESTRAINT  =         0.0000
 EKCMT  =      3294.4306  VIRIAL  =      4111.9760  VOLUME     =    116976.3759
                                                    Density    =         1.0334
 Ewald error estimate:   0.9313E-04
 ------------------------------------------------------------------------------


 NSTEP =    45500   TIME(PS) =     911.000  TEMP(K) =   297.08  PRESS =    37.6
 Etot   =    -33416.9289  EKtot   =      7034.6450  EPtot      =    -40451.5739
 BOND   =       150.8597  ANGLE   =       358.6957  DIHED      =       493.1488
 1-4 NB =       164.2709  1-4 EEL =      -346.2474  VDWAALS    =      4879.3604
 EELEC  =    -46151.6621  EHBOND  =         0.0000  RESTRAINT  =         0.0000
 EKCMT  =      3314.0693  VIRIAL  =      3219.2165  VOLUME     =    116840.2946
                                                    Density    =         1.0346
 Ewald error estimate:   0.1479E-03
 ------------------------------------------------------------------------------


 NSTEP =    45750   TIME(PS) =     911.500  TEMP(K) =   295.29  PRESS =    83.2
 Etot   =    -33420.3179  EKtot   =      6992.2140  EPtot      =    -40412.5319
 BOND   =       148.1300  ANGLE   =       362.7778  DIHED      =       496.2786
 1-4 NB =       170.6980  1-4 EEL =      -356.0549  VDWAALS    =      4909.4870
 EELEC  =    -46143.8483  EHBOND  =         0.0000  RESTRAINT  =         0.0000
 EKCMT  =      3231.9931  VIRIAL  =      3022.3571  VOLUME     =    116763.5249
                                                    Density    =         1.0353
 Ewald error estimate:   0.6093E-05
 ------------------------------------------------------------------------------


 NSTEP =    46000   TIME(PS) =     912.000  TEMP(K) =   304.67  PRESS =   239.0
 Etot   =    -33211.9498  EKtot   =      7214.3781  EPtot      =    -40426.3279
 BOND   =       165.7298  ANGLE   =       350.4439  DIHED      =       509.1549
 1-4 NB =       163.4307  1-4 EEL =      -363.3645  VDWAALS    =      4877.3801
 EELEC  =    -46129.1029  EHBOND  =         0.0000  RESTRAINT  =         0.0000
 EKCMT  =      3430.0776  VIRIAL  =      2827.6220  VOLUME     =    116741.2232
                                                    Density    =         1.0355
 Ewald error estimate:   0.2875E-04
 ------------------------------------------------------------------------------


 NSTEP =    46250   TIME(PS) =     912.500  TEMP(K) =   301.84  PRESS =  -241.0
 Etot   =    -33301.8685  EKtot   =      7147.4611  EPtot      =    -40449.3296
 BOND   =       159.1526  ANGLE   =       348.5220  DIHED      =       495.5637
 1-4 NB =       171.1449  1-4 EEL =      -353.5273  VDWAALS    =      4779.0371
 EELEC  =    -46049.2226  EHBOND  =         0.0000  RESTRAINT  =         0.0000
 EKCMT  =      3341.2788  VIRIAL  =      3949.0095  VOLUME     =    116789.5319
                                                    Density    =         1.0351
 Ewald error estimate:   0.3566E-05
 ------------------------------------------------------------------------------


 NSTEP =    46500   TIME(PS) =     913.000  TEMP(K) =   297.33  PRESS =   104.0
 Etot   =    -33465.9915  EKtot   =      7040.5458  EPtot      =    -40506.5373
 BOND   =       161.6660  ANGLE   =       363.5267  DIHED      =       497.9717
 1-4 NB =       177.1047  1-4 EEL =      -352.1069  VDWAALS    =      4972.8930
 EELEC  =    -46327.5925  EHBOND  =         0.0000  RESTRAINT  =         0.0000
 EKCMT  =      3300.0323  VIRIAL  =      3037.8143  VOLUME     =    116751.5069
                                                    Density    =         1.0354
 Ewald error estimate:   0.3245E-04
 ------------------------------------------------------------------------------


 NSTEP =    46750   TIME(PS) =     913.500  TEMP(K) =   300.91  PRESS =    63.2
 Etot   =    -33438.5623  EKtot   =      7125.4334  EPtot      =    -40563.9956
 BOND   =       142.0387  ANGLE   =       338.3270  DIHED      =       507.9016
 1-4 NB =       162.5697  1-4 EEL =      -357.2282  VDWAALS    =      4930.9076
 EELEC  =    -46288.5119  EHBOND  =         0.0000  RESTRAINT  =         0.0000
 EKCMT  =      3268.4773  VIRIAL  =      3108.9970  VOLUME     =    116844.9272
                                                    Density    =         1.0346
 Ewald error estimate:   0.2987E-04
 ------------------------------------------------------------------------------


 NSTEP =    47000   TIME(PS) =     914.000  TEMP(K) =   290.55  PRESS =   -37.7
 Etot   =    -33473.3923  EKtot   =      6880.0289  EPtot      =    -40353.4212
 BOND   =       149.2046  ANGLE   =       352.8972  DIHED      =       507.9922
 1-4 NB =       175.5598  1-4 EEL =      -342.6410  VDWAALS    =      4840.5550
 EELEC  =    -46036.9890  EHBOND  =         0.0000  RESTRAINT  =         0.0000
 EKCMT  =      3217.7114  VIRIAL  =      3312.5958  VOLUME     =    116712.2995
                                                    Density    =         1.0358
 Ewald error estimate:   0.5133E-04
 ------------------------------------------------------------------------------


 NSTEP =    47250   TIME(PS) =     914.500  TEMP(K) =   302.12  PRESS =  -134.0
 Etot   =    -33352.1929  EKtot   =      7154.0190  EPtot      =    -40506.2119
 BOND   =       146.3212  ANGLE   =       332.1943  DIHED      =       506.7441
 1-4 NB =       163.4014  1-4 EEL =      -345.9607  VDWAALS    =      4754.2304
 EELEC  =    -46063.1427  EHBOND  =         0.0000  RESTRAINT  =         0.0000
 EKCMT  =      3253.9335  VIRIAL  =      3591.2836  VOLUME     =    116615.5667
                                                    Density    =         1.0366
 Ewald error estimate:   0.1698E-03
 ------------------------------------------------------------------------------


 NSTEP =    47500   TIME(PS) =     915.000  TEMP(K) =   301.51  PRESS =     2.2
 Etot   =    -33359.1407  EKtot   =      7139.6365  EPtot      =    -40498.7772
 BOND   =       176.1484  ANGLE   =       331.0257  DIHED      =       507.4711
 1-4 NB =       171.9406  1-4 EEL =      -353.6898  VDWAALS    =      4891.7880
 EELEC  =    -46223.4612  EHBOND  =         0.0000  RESTRAINT  =         0.0000
 EKCMT  =      3293.1216  VIRIAL  =      3287.6826  VOLUME     =    116565.8857
                                                    Density    =         1.0371
 Ewald error estimate:   0.8024E-05
 ------------------------------------------------------------------------------


 NSTEP =    47750   TIME(PS) =     915.500  TEMP(K) =   299.14  PRESS =   418.6
 Etot   =    -33377.6932  EKtot   =      7083.3561  EPtot      =    -40461.0492
 BOND   =       159.8676  ANGLE   =       338.4311  DIHED      =       527.5569
 1-4 NB =       161.8587  1-4 EEL =      -353.8137  VDWAALS    =      4943.5007
 EELEC  =    -46238.4505  EHBOND  =         0.0000  RESTRAINT  =         0.0000
 EKCMT  =      3289.8365  VIRIAL  =      2235.6041  VOLUME     =    116645.2683
                                                    Density    =         1.0364
 Ewald error estimate:   0.3222E-04
 ------------------------------------------------------------------------------


 NSTEP =    48000   TIME(PS) =     916.000  TEMP(K) =   298.86  PRESS =    65.1
 Etot   =    -33386.0930  EKtot   =      7076.7545  EPtot      =    -40462.8475
 BOND   =       149.5099  ANGLE   =       348.8374  DIHED      =       512.2871
 1-4 NB =       172.1487  1-4 EEL =      -339.0965  VDWAALS    =      4935.7916
 EELEC  =    -46242.3257  EHBOND  =         0.0000  RESTRAINT  =         0.0000
 EKCMT  =      3308.5369  VIRIAL  =      3144.5979  VOLUME     =    116606.9020
                                                    Density    =         1.0367
 Ewald error estimate:   0.7438E-05
 ------------------------------------------------------------------------------


 NSTEP =    48250   TIME(PS) =     916.500  TEMP(K) =   296.24  PRESS =    51.4
 Etot   =    -33356.1615  EKtot   =      7014.8016  EPtot      =    -40370.9630
 BOND   =       180.2279  ANGLE   =       350.5894  DIHED      =       502.5406
 1-4 NB =       173.4012  1-4 EEL =      -356.8708  VDWAALS    =      4926.4318
 EELEC  =    -46147.2831  EHBOND  =         0.0000  RESTRAINT  =         0.0000
 EKCMT  =      3292.3371  VIRIAL  =      3162.8567  VOLUME     =    116608.6726
                                                    Density    =         1.0367
 Ewald error estimate:   0.1922E-04
 ------------------------------------------------------------------------------


 NSTEP =    48500   TIME(PS) =     917.000  TEMP(K) =   299.20  PRESS =    37.4
 Etot   =    -33368.6603  EKtot   =      7084.8484  EPtot      =    -40453.5087
 BOND   =       146.6506  ANGLE   =       348.2480  DIHED      =       506.6420
 1-4 NB =       167.1075  1-4 EEL =      -364.4626  VDWAALS    =      4863.6543
 EELEC  =    -46121.3484  EHBOND  =         0.0000  RESTRAINT  =         0.0000
 EKCMT  =      3322.4202  VIRIAL  =      3228.1051  VOLUME     =    116733.7795
                                                    Density    =         1.0356
 Ewald error estimate:   0.1231E-03
 ------------------------------------------------------------------------------


 NSTEP =    48750   TIME(PS) =     917.500  TEMP(K) =   300.48  PRESS =   104.8
 Etot   =    -33331.2033  EKtot   =      7115.1400  EPtot      =    -40446.3433
 BOND   =       143.6563  ANGLE   =       349.1825  DIHED      =       500.6681
 1-4 NB =       178.3199  1-4 EEL =      -378.6031  VDWAALS    =      4863.9099
 EELEC  =    -46103.4770  EHBOND  =         0.0000  RESTRAINT  =         0.0000
 EKCMT  =      3339.5512  VIRIAL  =      3075.3723  VOLUME     =    116783.7145
                                                    Density    =         1.0351
 Ewald error estimate:   0.2170E-03
 ------------------------------------------------------------------------------


 NSTEP =    49000   TIME(PS) =     918.000  TEMP(K) =   298.88  PRESS =   -65.7
 Etot   =    -33343.1327  EKtot   =      7077.2697  EPtot      =    -40420.4025
 BOND   =       146.6648  ANGLE   =       332.1549  DIHED      =       498.7394
 1-4 NB =       164.1717  1-4 EEL =      -347.2566  VDWAALS    =      4814.3428
 EELEC  =    -46029.2195  EHBOND  =         0.0000  RESTRAINT  =         0.0000
 EKCMT  =      3277.4229  VIRIAL  =      3442.9077  VOLUME     =    116629.5402
                                                    Density    =         1.0365
 Ewald error estimate:   0.1681E-04
 ------------------------------------------------------------------------------


 NSTEP =    49250   TIME(PS) =     918.500  TEMP(K) =   298.44  PRESS =   159.7
 Etot   =    -33340.1710  EKtot   =      7066.9170  EPtot      =    -40407.0880
 BOND   =       174.0806  ANGLE   =       346.2341  DIHED      =       497.8104
 1-4 NB =       173.3232  1-4 EEL =      -336.8468  VDWAALS    =      4881.1933
 EELEC  =    -46142.8828  EHBOND  =         0.0000  RESTRAINT  =         0.0000
 EKCMT  =      3295.3987  VIRIAL  =      2893.3102  VOLUME     =    116576.2863
                                                    Density    =         1.0370
 Ewald error estimate:   0.2446E-03
 ------------------------------------------------------------------------------


 NSTEP =    49500   TIME(PS) =     919.000  TEMP(K) =   300.24  PRESS =    50.0
 Etot   =    -33318.6021  EKtot   =      7109.4352  EPtot      =    -40428.0373
 BOND   =       157.8550  ANGLE   =       361.5025  DIHED      =       505.3826
 1-4 NB =       173.0533  1-4 EEL =      -357.8907  VDWAALS    =      4902.5106
 EELEC  =    -46170.4505  EHBOND  =         0.0000  RESTRAINT  =         0.0000
 EKCMT  =      3375.6299  VIRIAL  =      3249.5224  VOLUME     =    116814.0476
                                                    Density    =         1.0349
 Ewald error estimate:   0.3655E-04
 ------------------------------------------------------------------------------


 NSTEP =    49750   TIME(PS) =     919.500  TEMP(K) =   298.87  PRESS =  -218.5
 Etot   =    -33286.4140  EKtot   =      7077.0552  EPtot      =    -40363.4691
 BOND   =       153.6534  ANGLE   =       345.4292  DIHED      =       502.7362
 1-4 NB =       166.4327  1-4 EEL =      -344.6754  VDWAALS    =      4837.9185
 EELEC  =    -46024.9637  EHBOND  =         0.0000  RESTRAINT  =         0.0000
 EKCMT  =      3300.8672  VIRIAL  =      3852.5278  VOLUME     =    116924.1568
                                                    Density    =         1.0339
 Ewald error estimate:   0.2316E-05
 ------------------------------------------------------------------------------


 NSTEP =    50000   TIME(PS) =     920.000  TEMP(K) =   294.84  PRESS =   231.7
 Etot   =    -33261.6756  EKtot   =      6981.5919  EPtot      =    -40243.2675
 BOND   =       143.0307  ANGLE   =       365.1757  DIHED      =       521.3920
 1-4 NB =       173.2592  1-4 EEL =      -337.2969  VDWAALS    =      4917.3115
 EELEC  =    -46026.1396  EHBOND  =         0.0000  RESTRAINT  =         0.0000
 EKCMT  =      3257.1429  VIRIAL  =      2671.3729  VOLUME     =    117083.8951
                                                    Density    =         1.0325
 Ewald error estimate:   0.3774E-03
 ------------------------------------------------------------------------------


 NSTEP =    50250   TIME(PS) =     920.500  TEMP(K) =   301.57  PRESS =    55.3
 Etot   =    -33281.2150  EKtot   =      7141.0037  EPtot      =    -40422.2187
 BOND   =       148.2923  ANGLE   =       374.4904  DIHED      =       492.4038
 1-4 NB =       171.6616  1-4 EEL =      -348.5130  VDWAALS    =      4868.3312
 EELEC  =    -46128.8850  EHBOND  =         0.0000  RESTRAINT  =         0.0000
 EKCMT  =      3292.2763  VIRIAL  =      3152.6803  VOLUME     =    117002.6551
                                                    Density    =         1.0332
 Ewald error estimate:   0.1867E-03
 ------------------------------------------------------------------------------


 NSTEP =    50500   TIME(PS) =     921.000  TEMP(K) =   302.35  PRESS =  -115.2
 Etot   =    -33195.4887  EKtot   =      7159.3779  EPtot      =    -40354.8665
 BOND   =       166.3855  ANGLE   =       363.3023  DIHED      =       503.7308
 1-4 NB =       170.4936  1-4 EEL =      -366.5003  VDWAALS    =      4818.9536
 EELEC  =    -46011.2320  EHBOND  =         0.0000  RESTRAINT  =         0.0000
 EKCMT  =      3374.1835  VIRIAL  =      3665.1520  VOLUME     =    116985.0600
                                                    Density    =         1.0334
 Ewald error estimate:   0.2521E-03
 ------------------------------------------------------------------------------


 NSTEP =    50750   TIME(PS) =     921.500  TEMP(K) =   303.51  PRESS =   -77.7
 Etot   =    -33108.7490  EKtot   =      7186.9700  EPtot      =    -40295.7190
 BOND   =       159.0984  ANGLE   =       391.3772  DIHED      =       498.3380
 1-4 NB =       182.0134  1-4 EEL =      -382.3616  VDWAALS    =      4801.8695
 EELEC  =    -45946.0538  EHBOND  =         0.0000  RESTRAINT  =         0.0000
 EKCMT  =      3372.1525  VIRIAL  =      3568.3930  VOLUME     =    117027.8501
                                                    Density    =         1.0330
 Ewald error estimate:   0.1108E-03
 ------------------------------------------------------------------------------


 NSTEP =    51000   TIME(PS) =     922.000  TEMP(K) =   302.26  PRESS =   137.5
 Etot   =    -33170.7963  EKtot   =      7157.2740  EPtot      =    -40328.0704
 BOND   =       138.3338  ANGLE   =       365.7784  DIHED      =       501.3618
 1-4 NB =       174.1528  1-4 EEL =      -348.1499  VDWAALS    =      4858.4139
 EELEC  =    -46017.9611  EHBOND  =         0.0000  RESTRAINT  =         0.0000
 EKCMT  =      3327.0220  VIRIAL  =      2979.0387  VOLUME     =    117212.2686
                                                    Density    =         1.0314
 Ewald error estimate:   0.3511E-04
 ------------------------------------------------------------------------------


 NSTEP =    51250   TIME(PS) =     922.500  TEMP(K) =   302.01  PRESS =  -157.2
 Etot   =    -33174.1860  EKtot   =      7151.3631  EPtot      =    -40325.5492
 BOND   =       155.7805  ANGLE   =       346.4459  DIHED      =       502.9783
 1-4 NB =       172.9787  1-4 EEL =      -352.1807  VDWAALS    =      4801.7750
 EELEC  =    -45953.3268  EHBOND  =         0.0000  RESTRAINT  =         0.0000
 EKCMT  =      3333.0045  VIRIAL  =      3731.1548  VOLUME     =    117321.6854
                                                    Density    =         1.0304
 Ewald error estimate:   0.1421E-03
 ------------------------------------------------------------------------------


 NSTEP =    51500   TIME(PS) =     923.000  TEMP(K) =   299.87  PRESS =  -104.6
 Etot   =    -33225.8430  EKtot   =      7100.7563  EPtot      =    -40326.5993
 BOND   =       158.1908  ANGLE   =       357.2042  DIHED      =       500.0239
 1-4 NB =       174.1737  1-4 EEL =      -358.7581  VDWAALS    =      4719.5938
 EELEC  =    -45877.0276  EHBOND  =         0.0000  RESTRAINT  =         0.0000
 EKCMT  =      3392.3002  VIRIAL  =      3657.1839  VOLUME     =    117306.3505
                                                    Density    =         1.0305
 Ewald error estimate:   0.1803E-04
 ------------------------------------------------------------------------------


 NSTEP =    51750   TIME(PS) =     923.500  TEMP(K) =   300.83  PRESS =   318.3
 Etot   =    -33252.0474  EKtot   =      7123.4857  EPtot      =    -40375.5331
 BOND   =       148.3420  ANGLE   =       370.2735  DIHED      =       498.5116
 1-4 NB =       168.3981  1-4 EEL =      -364.3879  VDWAALS    =      4961.3035
 EELEC  =    -46157.9740  EHBOND  =         0.0000  RESTRAINT  =         0.0000
 EKCMT  =      3316.6605  VIRIAL  =      2510.2982  VOLUME     =    117317.6209
                                                    Density    =         1.0304
 Ewald error estimate:   0.9590E-04
 ------------------------------------------------------------------------------


 NSTEP =    52000   TIME(PS) =     924.000  TEMP(K) =   297.26  PRESS =    54.8
 Etot   =    -33241.0992  EKtot   =      7038.9797  EPtot      =    -40280.0789
 BOND   =       160.1396  ANGLE   =       316.6313  DIHED      =       511.0437
 1-4 NB =       162.8545  1-4 EEL =      -369.6745  VDWAALS    =      4856.4208
 EELEC  =    -45917.4944  EHBOND  =         0.0000  RESTRAINT  =         0.0000
 EKCMT  =      3312.5508  VIRIAL  =      3173.5186  VOLUME     =    117401.2540
                                                    Density    =         1.0297
 Ewald error estimate:   0.2016E-04
 ------------------------------------------------------------------------------


 NSTEP =    52250   TIME(PS) =     924.500  TEMP(K) =   302.53  PRESS =  -214.8
 Etot   =    -33233.0988  EKtot   =      7163.7224  EPtot      =    -40396.8212
 BOND   =       169.2902  ANGLE   =       345.1773  DIHED      =       498.4101
 1-4 NB =       172.1372  1-4 EEL =      -330.1283  VDWAALS    =      4852.7791
 EELEC  =    -46104.4869  EHBOND  =         0.0000  RESTRAINT  =         0.0000
 EKCMT  =      3349.2239  VIRIAL  =      3893.9241  VOLUME     =    117474.8033
                                                    Density    =         1.0290
 Ewald error estimate:   0.6484E-04
 ------------------------------------------------------------------------------


 NSTEP =    52500   TIME(PS) =     925.000  TEMP(K) =   298.83  PRESS =  -385.1
 Etot   =    -33386.0275  EKtot   =      7076.0337  EPtot      =    -40462.0612
 BOND   =       154.0745  ANGLE   =       330.4098  DIHED      =       507.1729
 1-4 NB =       174.0263  1-4 EEL =      -348.4776  VDWAALS    =      4810.6328
 EELEC  =    -46089.9000  EHBOND  =         0.0000  RESTRAINT  =         0.0000
 EKCMT  =      3355.9581  VIRIAL  =      4333.0825  VOLUME     =    117518.0339
                                                    Density    =         1.0287
 Ewald error estimate:   0.9423E-05
 ------------------------------------------------------------------------------


 NSTEP =    52750   TIME(PS) =     925.500  TEMP(K) =   300.51  PRESS =  -164.2
 Etot   =    -33290.2969  EKtot   =      7115.8105  EPtot      =    -40406.1074
 BOND   =       141.7611  ANGLE   =       324.3340  DIHED      =       508.0788
 1-4 NB =       167.7845  1-4 EEL =      -343.7667  VDWAALS    =      4940.6860
 EELEC  =    -46144.9850  EHBOND  =         0.0000  RESTRAINT  =         0.0000
 EKCMT  =      3253.5553  VIRIAL  =      3669.6483  VOLUME     =    117395.3641
                                                    Density    =         1.0297
 Ewald error estimate:   0.1256E-03
 ------------------------------------------------------------------------------


 NSTEP =    53000   TIME(PS) =     926.000  TEMP(K) =   298.90  PRESS =   -29.2
 Etot   =    -33370.6308  EKtot   =      7077.6820  EPtot      =    -40448.3129
 BOND   =       151.1879  ANGLE   =       331.6826  DIHED      =       511.4182
 1-4 NB =       178.2100  1-4 EEL =      -364.3316  VDWAALS    =      4789.0574
 EELEC  =    -46045.5374  EHBOND  =         0.0000  RESTRAINT  =         0.0000
 EKCMT  =      3283.1036  VIRIAL  =      3357.0770  VOLUME     =    117225.6894
                                                    Density    =         1.0312
 Ewald error estimate:   0.7651E-04
 ------------------------------------------------------------------------------


 NSTEP =    53250   TIME(PS) =     926.500  TEMP(K) =   299.22  PRESS =   -61.9
 Etot   =    -33382.9096  EKtot   =      7085.2388  EPtot      =    -40468.1483
 BOND   =       157.5649  ANGLE   =       365.2068  DIHED      =       506.7111
 1-4 NB =       168.0835  1-4 EEL =      -357.8760  VDWAALS    =      4893.7045
 EELEC  =    -46201.5430  EHBOND  =         0.0000  RESTRAINT  =         0.0000
 EKCMT  =      3264.8560  VIRIAL  =      3421.4216  VOLUME     =    117230.4450
                                                    Density    =         1.0312
 Ewald error estimate:   0.1982E-03
 ------------------------------------------------------------------------------


 NSTEP =    53500   TIME(PS) =     927.000  TEMP(K) =   295.46  PRESS =  -144.5
 Etot   =    -33255.2588  EKtot   =      6996.4267  EPtot      =    -40251.6855
 BOND   =       161.1110  ANGLE   =       326.6512  DIHED      =       498.3695
 1-4 NB =       178.2925  1-4 EEL =      -342.2334  VDWAALS    =      4839.0929
 EELEC  =    -45912.9692  EHBOND  =         0.0000  RESTRAINT  =         0.0000
 EKCMT  =      3255.0013  VIRIAL  =      3620.3462  VOLUME     =    117096.1430
                                                    Density    =         1.0324
 Ewald error estimate:   0.6893E-04
 ------------------------------------------------------------------------------


 NSTEP =    53750   TIME(PS) =     927.500  TEMP(K) =   298.13  PRESS =  -100.2
 Etot   =    -33223.5079  EKtot   =      7059.6192  EPtot      =    -40283.1271
 BOND   =       157.0438  ANGLE   =       352.8855  DIHED      =       479.9900
 1-4 NB =       169.8015  1-4 EEL =      -357.9670  VDWAALS    =      4739.4276
 EELEC  =    -45824.3085  EHBOND  =         0.0000  RESTRAINT  =         0.0000
 EKCMT  =      3341.3822  VIRIAL  =      3594.3231  VOLUME     =    116969.5600
                                                    Density    =         1.0335
 Ewald error estimate:   0.1694E-03
 ------------------------------------------------------------------------------


 NSTEP =    54000   TIME(PS) =     928.000  TEMP(K) =   301.45  PRESS =   -45.9
 Etot   =    -33077.5541  EKtot   =      7138.0829  EPtot      =    -40215.6371
 BOND   =       156.6430  ANGLE   =       362.9089  DIHED      =       509.7238
 1-4 NB =       177.1118  1-4 EEL =      -364.6640  VDWAALS    =      4779.3900
 EELEC  =    -45836.7504  EHBOND  =         0.0000  RESTRAINT  =         0.0000
 EKCMT  =      3388.6974  VIRIAL  =      3504.6802  VOLUME     =    116958.6659
                                                    Density    =         1.0336
 Ewald error estimate:   0.6131E-04
 ------------------------------------------------------------------------------


 NSTEP =    54250   TIME(PS) =     928.500  TEMP(K) =   295.69  PRESS =  -257.0
 Etot   =    -33331.9865  EKtot   =      7001.8702  EPtot      =    -40333.8567
 BOND   =       160.8293  ANGLE   =       360.8972  DIHED      =       501.9485
 1-4 NB =       169.4638  1-4 EEL =      -360.1171  VDWAALS    =      4726.3306
 EELEC  =    -45893.2090  EHBOND  =         0.0000  RESTRAINT  =         0.0000
 EKCMT  =      3305.1967  VIRIAL  =      3954.1146  VOLUME     =    116955.4565
                                                    Density    =         1.0336
 Ewald error estimate:   0.1190E-04
 ------------------------------------------------------------------------------


 NSTEP =    54500   TIME(PS) =     929.000  TEMP(K) =   302.98  PRESS =   366.8
 Etot   =    -33223.1359  EKtot   =      7174.3660  EPtot      =    -40397.5019
 BOND   =       157.7334  ANGLE   =       355.2861  DIHED      =       510.7007
 1-4 NB =       163.2922  1-4 EEL =      -363.3717  VDWAALS    =      4951.2298
 EELEC  =    -46172.3724  EHBOND  =         0.0000  RESTRAINT  =         0.0000
 EKCMT  =      3330.1358  VIRIAL  =      2403.3821  VOLUME     =    117011.6978
                                                    Density    =         1.0331
 Ewald error estimate:   0.1544E-03
 ------------------------------------------------------------------------------


 NSTEP =    54750   TIME(PS) =     929.500  TEMP(K) =   301.48  PRESS =   -18.6
 Etot   =    -33173.0846  EKtot   =      7138.8234  EPtot      =    -40311.9080
 BOND   =       170.4732  ANGLE   =       359.6901  DIHED      =       506.5352
 1-4 NB =       166.6323  1-4 EEL =      -365.4969  VDWAALS    =      4766.7045
 EELEC  =    -45916.4464  EHBOND  =         0.0000  RESTRAINT  =         0.0000
 EKCMT  =      3336.6718  VIRIAL  =      3383.6658  VOLUME     =    117000.4705
                                                    Density    =         1.0332
 Ewald error estimate:   0.2645E-04
 ------------------------------------------------------------------------------


 NSTEP =    55000   TIME(PS) =     930.000  TEMP(K) =   302.00  PRESS =   -96.1
 Etot   =    -33191.1760  EKtot   =      7151.1954  EPtot      =    -40342.3714
 BOND   =       158.1247  ANGLE   =       352.5536  DIHED      =       501.5086
 1-4 NB =       171.5010  1-4 EEL =      -351.0056  VDWAALS    =      4852.2242
 EELEC  =    -46027.2778  EHBOND  =         0.0000  RESTRAINT  =         0.0000
 EKCMT  =      3406.0063  VIRIAL  =      3649.0881  VOLUME     =    117123.1403
                                                    Density    =         1.0321
 Ewald error estimate:   0.1520E-03
 ------------------------------------------------------------------------------


 NSTEP =    55250   TIME(PS) =     930.500  TEMP(K) =   300.41  PRESS =    56.5
 Etot   =    -33291.1851  EKtot   =      7113.4967  EPtot      =    -40404.6818
 BOND   =       145.4782  ANGLE   =       351.6411  DIHED      =       501.0147
 1-4 NB =       169.8474  1-4 EEL =      -356.3358  VDWAALS    =      4811.0038
 EELEC  =    -46027.3312  EHBOND  =         0.0000  RESTRAINT  =         0.0000
 EKCMT  =      3333.8362  VIRIAL  =      3191.1544  VOLUME     =    116935.8366
                                                    Density    =         1.0338
 Ewald error estimate:   0.1389E-03
 ------------------------------------------------------------------------------


 NSTEP =    55500   TIME(PS) =     931.000  TEMP(K) =   296.41  PRESS =   106.2
 Etot   =    -33271.0304  EKtot   =      7018.8860  EPtot      =    -40289.9164
 BOND   =       152.6017  ANGLE   =       347.5878  DIHED      =       511.2203
 1-4 NB =       174.7541  1-4 EEL =      -352.1109  VDWAALS    =      4923.0593
 EELEC  =    -46047.0287  EHBOND  =         0.0000  RESTRAINT  =         0.0000
 EKCMT  =      3304.0015  VIRIAL  =      3035.8647  VOLUME     =    116927.8479
                                                    Density    =         1.0339
 Ewald error estimate:   0.3757E-04
 ------------------------------------------------------------------------------


 NSTEP =    55750   TIME(PS) =     931.500  TEMP(K) =   303.70  PRESS =  -186.6
 Etot   =    -33115.9901  EKtot   =      7191.4797  EPtot      =    -40307.4698
 BOND   =       162.1127  ANGLE   =       364.5205  DIHED      =       500.4566
 1-4 NB =       171.0923  1-4 EEL =      -363.7235  VDWAALS    =      4780.3932
 EELEC  =    -45922.3214  EHBOND  =         0.0000  RESTRAINT  =         0.0000
 EKCMT  =      3381.9368  VIRIAL  =      3853.7918  VOLUME     =    117144.8438
                                                    Density    =         1.0319
 Ewald error estimate:   0.1223E-03
 ------------------------------------------------------------------------------


 NSTEP =    56000   TIME(PS) =     932.000  TEMP(K) =   299.52  PRESS =  -105.0
 Etot   =    -33179.9164  EKtot   =      7092.4801  EPtot      =    -40272.3965
 BOND   =       148.9473  ANGLE   =       357.2266  DIHED      =       490.7922
 1-4 NB =       181.9073  1-4 EEL =      -349.7294  VDWAALS    =      4768.1380
 EELEC  =    -45869.6785  EHBOND  =         0.0000  RESTRAINT  =         0.0000
 EKCMT  =      3332.9479  VIRIAL  =      3598.8269  VOLUME     =    117226.7815
                                                    Density    =         1.0312
 Ewald error estimate:   0.9706E-04
 ------------------------------------------------------------------------------


 NSTEP =    56250   TIME(PS) =     932.500  TEMP(K) =   298.53  PRESS =   -72.6
 Etot   =    -33251.1766  EKtot   =      7068.9745  EPtot      =    -40320.1511
 BOND   =       146.0699  ANGLE   =       370.0500  DIHED      =       501.2615
 1-4 NB =       178.2912  1-4 EEL =      -361.6956  VDWAALS    =      4797.9274
 EELEC  =    -45952.0554  EHBOND  =         0.0000  RESTRAINT  =         0.0000
 EKCMT  =      3305.9851  VIRIAL  =      3489.8488  VOLUME     =    117273.5573
                                                    Density    =         1.0308
 Ewald error estimate:   0.9891E-04
 ------------------------------------------------------------------------------


 NSTEP =    56500   TIME(PS) =     933.000  TEMP(K) =   293.50  PRESS =   181.7
 Etot   =    -33384.1543  EKtot   =      6949.9134  EPtot      =    -40334.0677
 BOND   =       151.3729  ANGLE   =       358.6256  DIHED      =       503.7167
 1-4 NB =       181.0505  1-4 EEL =      -357.3895  VDWAALS    =      4899.9910
 EELEC  =    -46071.4348  EHBOND  =         0.0000  RESTRAINT  =         0.0000
 EKCMT  =      3249.6303  VIRIAL  =      2789.3991  VOLUME     =    117295.2067
                                                    Density    =         1.0306
 Ewald error estimate:   0.5521E-04
 ------------------------------------------------------------------------------


 NSTEP =    56750   TIME(PS) =     933.500  TEMP(K) =   304.27  PRESS =    40.9
 Etot   =    -33262.4266  EKtot   =      7205.0372  EPtot      =    -40467.4638
 BOND   =       153.7728  ANGLE   =       349.1372  DIHED      =       486.3382
 1-4 NB =       168.5943  1-4 EEL =      -344.7755  VDWAALS    =      4909.4915
 EELEC  =    -46190.0224  EHBOND  =         0.0000  RESTRAINT  =         0.0000
 EKCMT  =      3376.4590  VIRIAL  =      3272.8423  VOLUME     =    117315.8646
                                                    Density    =         1.0304
 Ewald error estimate:   0.3909E-04
 ------------------------------------------------------------------------------


 NSTEP =    57000   TIME(PS) =     934.000  TEMP(K) =   301.98  PRESS =  -183.8
 Etot   =    -33197.3092  EKtot   =      7150.6210  EPtot      =    -40347.9302
 BOND   =       154.6604  ANGLE   =       349.5839  DIHED      =       483.7192
 1-4 NB =       169.8979  1-4 EEL =      -362.5589  VDWAALS    =      4775.7240
 EELEC  =    -45918.9565  EHBOND  =         0.0000  RESTRAINT  =         0.0000
 EKCMT  =      3322.6112  VIRIAL  =      3788.3413  VOLUME     =    117335.5891
                                                    Density    =         1.0303
 Ewald error estimate:   0.3632E-04
 ------------------------------------------------------------------------------


 NSTEP =    57250   TIME(PS) =     934.500  TEMP(K) =   302.92  PRESS =  -155.6
 Etot   =    -33080.2443  EKtot   =      7172.9355  EPtot      =    -40253.1797
 BOND   =       148.3631  ANGLE   =       356.4605  DIHED      =       521.8237
 1-4 NB =       172.0599  1-4 EEL =      -381.0521  VDWAALS    =      4784.3833
 EELEC  =    -45855.2181  EHBOND  =         0.0000  RESTRAINT  =         0.0000
 EKCMT  =      3359.4344  VIRIAL  =      3753.4228  VOLUME     =    117302.1990
                                                    Density    =         1.0306
 Ewald error estimate:   0.3093E-04
 ------------------------------------------------------------------------------


 NSTEP =    57500   TIME(PS) =     935.000  TEMP(K) =   297.31  PRESS =   156.7
 Etot   =    -33100.8422  EKtot   =      7040.0502  EPtot      =    -40140.8925
 BOND   =       147.5479  ANGLE   =       364.3633  DIHED      =       488.4329
 1-4 NB =       178.1964  1-4 EEL =      -329.0765  VDWAALS    =      4824.2063
 EELEC  =    -45814.5628  EHBOND  =         0.0000  RESTRAINT  =         0.0000
 EKCMT  =      3346.6712  VIRIAL  =      2949.5821  VOLUME     =    117338.2853
                                                    Density    =         1.0302
 Ewald error estimate:   0.2163E-03
 ------------------------------------------------------------------------------


 NSTEP =    57750   TIME(PS) =     935.500  TEMP(K) =   300.84  PRESS =  -274.5
 Etot   =    -33222.7863  EKtot   =      7123.7328  EPtot      =    -40346.5191
 BOND   =       159.3757  ANGLE   =       319.8362  DIHED      =       509.3414
 1-4 NB =       173.1499  1-4 EEL =      -361.8326  VDWAALS    =      4710.1252
 EELEC  =    -45856.5150  EHBOND  =         0.0000  RESTRAINT  =         0.0000
 EKCMT  =      3307.0550  VIRIAL  =      4001.2317  VOLUME     =    117107.9229
                                                    Density    =         1.0323
 Ewald error estimate:   0.1400E-03
 ------------------------------------------------------------------------------


 NSTEP =    58000   TIME(PS) =     936.000  TEMP(K) =   304.14  PRESS =  -271.6
 Etot   =    -33237.8820  EKtot   =      7201.8758  EPtot      =    -40439.7578
 BOND   =       136.2383  ANGLE   =       376.8908  DIHED      =       509.3642
 1-4 NB =       166.2560  1-4 EEL =      -357.8613  VDWAALS    =      4764.9764
 EELEC  =    -46035.6222  EHBOND  =         0.0000  RESTRAINT  =         0.0000
 EKCMT  =      3374.5865  VIRIAL  =      4061.2883  VOLUME     =    117105.7826
                                                    Density    =         1.0323
 Ewald error estimate:   0.1340E-03
 ------------------------------------------------------------------------------


 NSTEP =    58250   TIME(PS) =     936.500  TEMP(K) =   300.16  PRESS =   133.4
 Etot   =    -33331.2728  EKtot   =      7107.6889  EPtot      =    -40438.9616
 BOND   =       159.4211  ANGLE   =       331.3461  DIHED      =       505.7520
 1-4 NB =       168.8925  1-4 EEL =      -354.6550  VDWAALS    =      4946.9738
 EELEC  =    -46196.6921  EHBOND  =         0.0000  RESTRAINT  =         0.0000
 EKCMT  =      3286.8416  VIRIAL  =      2949.3285  VOLUME     =    117170.3039
                                                    Density    =         1.0317
 Ewald error estimate:   0.2488E-03
 ------------------------------------------------------------------------------


 NSTEP =    58500   TIME(PS) =     937.000  TEMP(K) =   301.28  PRESS =   -40.3
 Etot   =    -33286.1170  EKtot   =      7134.0943  EPtot      =    -40420.2113
 BOND   =       135.9581  ANGLE   =       364.0533  DIHED      =       507.7916
 1-4 NB =       174.5484  1-4 EEL =      -370.6909  VDWAALS    =      4887.4371
 EELEC  =    -46119.3090  EHBOND  =         0.0000  RESTRAINT  =         0.0000
 EKCMT  =      3352.2662  VIRIAL  =      3454.0122  VOLUME     =    117066.6854
                                                    Density    =         1.0326
 Ewald error estimate:   0.5083E-04
 ------------------------------------------------------------------------------


 NSTEP =    58750   TIME(PS) =     937.500  TEMP(K) =   303.30  PRESS =   -54.1
 Etot   =    -33229.2130  EKtot   =      7181.8754  EPtot      =    -40411.0884
 BOND   =       150.9013  ANGLE   =       366.9110  DIHED      =       501.2041
 1-4 NB =       173.8766  1-4 EEL =      -373.2847  VDWAALS    =      4897.3973
 EELEC  =    -46128.0939  EHBOND  =         0.0000  RESTRAINT  =         0.0000
 EKCMT  =      3361.8018  VIRIAL  =      3498.7314  VOLUME     =    117209.0693
                                                    Density    =         1.0314
 Ewald error estimate:   0.1871E-04
 ------------------------------------------------------------------------------


 NSTEP =    59000   TIME(PS) =     938.000  TEMP(K) =   297.13  PRESS =     5.0
 Etot   =    -33243.6962  EKtot   =      7035.9178  EPtot      =    -40279.6140
 BOND   =       156.6516  ANGLE   =       330.5382  DIHED      =       500.4740
 1-4 NB =       176.2668  1-4 EEL =      -349.3768  VDWAALS    =      4789.3896
 EELEC  =    -45883.5574  EHBOND  =         0.0000  RESTRAINT  =         0.0000
 EKCMT  =      3331.4585  VIRIAL  =      3318.7095  VOLUME     =    117376.4486
                                                    Density    =         1.0299
 Ewald error estimate:   0.6511E-04
 ------------------------------------------------------------------------------


 NSTEP =    59250   TIME(PS) =     938.500  TEMP(K) =   299.16  PRESS =   -45.8
 Etot   =    -33300.8241  EKtot   =      7083.8640  EPtot      =    -40384.6881
 BOND   =       165.5769  ANGLE   =       333.8592  DIHED      =       499.9562
 1-4 NB =       173.4000  1-4 EEL =      -351.8858  VDWAALS    =      4874.4270
 EELEC  =    -46080.0217  EHBOND  =         0.0000  RESTRAINT  =         0.0000
 EKCMT  =      3318.5503  VIRIAL  =      3434.7261  VOLUME     =    117491.4969
                                                    Density    =         1.0289
 Ewald error estimate:   0.9388E-04
 ------------------------------------------------------------------------------


 NSTEP =    59500   TIME(PS) =     939.000  TEMP(K) =   299.07  PRESS =   145.1
 Etot   =    -33413.4103  EKtot   =      7081.7702  EPtot      =    -40495.1805
 BOND   =       153.9154  ANGLE   =       375.5480  DIHED      =       496.9706
 1-4 NB =       169.1450  1-4 EEL =      -373.4782  VDWAALS    =      4904.6887
 EELEC  =    -46221.9700  EHBOND  =         0.0000  RESTRAINT  =         0.0000
 EKCMT  =      3299.7103  VIRIAL  =      2931.6294  VOLUME     =    117525.8501
                                                    Density    =         1.0286
 Ewald error estimate:   0.1773E-03
 ------------------------------------------------------------------------------


 NSTEP =    59750   TIME(PS) =     939.500  TEMP(K) =   293.64  PRESS =  -526.3
 Etot   =    -33463.2162  EKtot   =      6953.2681  EPtot      =    -40416.4843
 BOND   =       165.8953  ANGLE   =       330.0764  DIHED      =       500.9238
 1-4 NB =       172.7675  1-4 EEL =      -354.6392  VDWAALS    =      4719.5389
 EELEC  =    -45951.0470  EHBOND  =         0.0000  RESTRAINT  =         0.0000
 EKCMT  =      3253.6515  VIRIAL  =      4589.5971  VOLUME     =    117556.6742
                                                    Density    =         1.0283
 Ewald error estimate:   0.1212E-03
 ------------------------------------------------------------------------------


 NSTEP =    60000   TIME(PS) =     940.000  TEMP(K) =   296.94  PRESS =   249.5
 Etot   =    -33397.6481  EKtot   =      7031.4612  EPtot      =    -40429.1093
 BOND   =       148.5287  ANGLE   =       342.4267  DIHED      =       496.9560
 1-4 NB =       171.1044  1-4 EEL =      -357.9648  VDWAALS    =      4897.8573
 EELEC  =    -46128.0177  EHBOND  =         0.0000  RESTRAINT  =         0.0000
 EKCMT  =      3360.8042  VIRIAL  =      2729.0657  VOLUME     =    117273.8866
                                                    Density    =         1.0308
 Ewald error estimate:   0.6037E-04
 ------------------------------------------------------------------------------


 NSTEP =    60250   TIME(PS) =     940.500  TEMP(K) =   296.56  PRESS =  -288.0
 Etot   =    -33463.2689  EKtot   =      7022.4510  EPtot      =    -40485.7199
 BOND   =       156.9882  ANGLE   =       344.7166  DIHED      =       495.1471
 1-4 NB =       173.4312  1-4 EEL =      -361.3406  VDWAALS    =      4720.3540
 EELEC  =    -46015.0164  EHBOND  =         0.0000  RESTRAINT  =         0.0000
 EKCMT  =      3291.9055  VIRIAL  =      4020.2865  VOLUME     =    117152.0292
                                                    Density    =         1.0319
 Ewald error estimate:   0.7312E-04
 ------------------------------------------------------------------------------


 NSTEP =    60500   TIME(PS) =     941.000  TEMP(K) =   297.92  PRESS =  -283.8
 Etot   =    -33490.4870  EKtot   =      7054.6071  EPtot      =    -40545.0940
 BOND   =       138.2789  ANGLE   =       337.7138  DIHED      =       499.6570
 1-4 NB =       168.7246  1-4 EEL =      -352.5584  VDWAALS    =      4799.7084
 EELEC  =    -46136.6184  EHBOND  =         0.0000  RESTRAINT  =         0.0000
 EKCMT  =      3240.1114  VIRIAL  =      3958.2189  VOLUME     =    117186.2280
                                                    Density    =         1.0316
 Ewald error estimate:   0.2559E-04
 ------------------------------------------------------------------------------


 NSTEP =    60750   TIME(PS) =     941.500  TEMP(K) =   295.21  PRESS =   -63.1
 Etot   =    -33543.6222  EKtot   =      6990.4482  EPtot      =    -40534.0704
 BOND   =       143.2691  ANGLE   =       349.4883  DIHED      =       498.2569
 1-4 NB =       172.7066  1-4 EEL =      -370.2470  VDWAALS    =      4939.4272
 EELEC  =    -46266.9715  EHBOND  =         0.0000  RESTRAINT  =         0.0000
 EKCMT  =      3271.7229  VIRIAL  =      3431.3751  VOLUME     =    117119.2769
                                                    Density    =         1.0322
 Ewald error estimate:   0.2307E-03
 ------------------------------------------------------------------------------


 NSTEP =    61000   TIME(PS) =     942.000  TEMP(K) =   301.27  PRESS =   131.3
 Etot   =    -33526.3945  EKtot   =      7133.9027  EPtot      =    -40660.2973
 BOND   =       137.7845  ANGLE   =       352.1168  DIHED      =       507.7644
 1-4 NB =       168.9094  1-4 EEL =      -376.8327  VDWAALS    =      4983.7118
 EELEC  =    -46433.7516  EHBOND  =         0.0000  RESTRAINT  =         0.0000
 EKCMT  =      3355.6273  VIRIAL  =      3023.4768  VOLUME     =    117176.9834
                                                    Density    =         1.0317
 Ewald error estimate:   0.1427E-03
 ------------------------------------------------------------------------------


 NSTEP =    61250   TIME(PS) =     942.500  TEMP(K) =   297.72  PRESS =  -455.6
 Etot   =    -33501.6584  EKtot   =      7049.9371  EPtot      =    -40551.5955
 BOND   =       143.2059  ANGLE   =       369.1900  DIHED      =       495.6320
 1-4 NB =       169.8269  1-4 EEL =      -355.1309  VDWAALS    =      4737.8961
 EELEC  =    -46112.2156  EHBOND  =         0.0000  RESTRAINT  =         0.0000
 EKCMT  =      3298.1567  VIRIAL  =      4449.3778  VOLUME     =    117030.9031
                                                    Density    =         1.0329
 Ewald error estimate:   0.5767E-04
 ------------------------------------------------------------------------------


 NSTEP =    61500   TIME(PS) =     943.000  TEMP(K) =   299.98  PRESS =   332.7
 Etot   =    -33425.6593  EKtot   =      7103.2724  EPtot      =    -40528.9318
 BOND   =       151.1039  ANGLE   =       340.6340  DIHED      =       494.6395
 1-4 NB =       176.1411  1-4 EEL =      -364.5410  VDWAALS    =      4969.9616
 EELEC  =    -46296.8708  EHBOND  =         0.0000  RESTRAINT  =         0.0000
 EKCMT  =      3361.5639  VIRIAL  =      2521.6171  VOLUME     =    116930.5880
                                                    Density    =         1.0338
 Ewald error estimate:   0.6040E-04
 ------------------------------------------------------------------------------


 NSTEP =    61750   TIME(PS) =     943.500  TEMP(K) =   300.45  PRESS =   -12.8
 Etot   =    -33427.0644  EKtot   =      7114.5361  EPtot      =    -40541.6005
 BOND   =       155.9080  ANGLE   =       337.7665  DIHED      =       496.2145
 1-4 NB =       170.6882  1-4 EEL =      -356.5648  VDWAALS    =      4828.9654
 EELEC  =    -46174.5783  EHBOND  =         0.0000  RESTRAINT  =         0.0000
 EKCMT  =      3338.9036  VIRIAL  =      3371.2927  VOLUME     =    116986.1766
                                                    Density    =         1.0333
 Ewald error estimate:   0.9783E-04
 ------------------------------------------------------------------------------


 NSTEP =    62000   TIME(PS) =     944.000  TEMP(K) =   299.44  PRESS =  -119.3
 Etot   =    -33397.6842  EKtot   =      7090.5798  EPtot      =    -40488.2639
 BOND   =       152.0430  ANGLE   =       339.3079  DIHED      =       521.0046
 1-4 NB =       167.7105  1-4 EEL =      -333.9266  VDWAALS    =      4840.9014
 EELEC  =    -46175.3047  EHBOND  =         0.0000  RESTRAINT  =         0.0000
 EKCMT  =      3299.5030  VIRIAL  =      3601.0763  VOLUME     =    117054.0768
                                                    Density    =         1.0327
 Ewald error estimate:   0.2020E-03
 ------------------------------------------------------------------------------


 NSTEP =    62250   TIME(PS) =     944.500  TEMP(K) =   300.76  PRESS =   137.8
 Etot   =    -33335.0486  EKtot   =      7121.7826  EPtot      =    -40456.8311
 BOND   =       152.3125  ANGLE   =       359.9919  DIHED      =       508.2368
 1-4 NB =       175.3941  1-4 EEL =      -358.3430  VDWAALS    =      4913.1957
 EELEC  =    -46207.6193  EHBOND  =         0.0000  RESTRAINT  =         0.0000
 EKCMT  =      3367.9283  VIRIAL  =      3019.9402  VOLUME     =    116970.3907
                                                    Density    =         1.0335
 Ewald error estimate:   0.2371E-04
 ------------------------------------------------------------------------------


 NSTEP =    62500   TIME(PS) =     945.000  TEMP(K) =   302.93  PRESS =    34.5
 Etot   =    -33262.8172  EKtot   =      7173.1885  EPtot      =    -40436.0057
 BOND   =       160.8383  ANGLE   =       371.0199  DIHED      =       498.7391
 1-4 NB =       164.5993  1-4 EEL =      -367.0375  VDWAALS    =      4826.0467
 EELEC  =    -46090.2114  EHBOND  =         0.0000  RESTRAINT  =         0.0000
 EKCMT  =      3336.3482  VIRIAL  =      3249.1030  VOLUME     =    117168.3624
                                                    Density    =         1.0317
 Ewald error estimate:   0.6729E-04
 ------------------------------------------------------------------------------


 NSTEP =    62750   TIME(PS) =     945.500  TEMP(K) =   295.91  PRESS =    63.4
 Etot   =    -33381.7626  EKtot   =      7006.9621  EPtot      =    -40388.7247
 BOND   =       146.6199  ANGLE   =       368.4180  DIHED      =       508.2070
 1-4 NB =       172.1099  1-4 EEL =      -352.3191  VDWAALS    =      4851.4421
 EELEC  =    -46083.2024  EHBOND  =         0.0000  RESTRAINT  =         0.0000
 EKCMT  =      3240.5842  VIRIAL  =      3080.1502  VOLUME     =    117247.1044
                                                    Density    =         1.0310
 Ewald error estimate:   0.1529E-03
 ------------------------------------------------------------------------------


 NSTEP =    63000   TIME(PS) =     946.000  TEMP(K) =   300.28  PRESS =  -288.1
 Etot   =    -33239.5001  EKtot   =      7110.4363  EPtot      =    -40349.9364
 BOND   =       164.0185  ANGLE   =       345.8446  DIHED      =       495.7019
 1-4 NB =       166.6173  1-4 EEL =      -366.7205  VDWAALS    =      4833.7311
 EELEC  =    -45989.1293  EHBOND  =         0.0000  RESTRAINT  =         0.0000
 EKCMT  =      3307.0226  VIRIAL  =      4035.9855  VOLUME     =    117170.5039
                                                    Density    =         1.0317
 Ewald error estimate:   0.3097E-04
 ------------------------------------------------------------------------------


 NSTEP =    63250   TIME(PS) =     946.500  TEMP(K) =   296.51  PRESS =  -234.2
 Etot   =    -33431.6673  EKtot   =      7021.2305  EPtot      =    -40452.8978
 BOND   =       149.8687  ANGLE   =       349.2250  DIHED      =       493.9538
 1-4 NB =       163.4341  1-4 EEL =      -347.9139  VDWAALS    =      4805.0948
 EELEC  =    -46066.5604  EHBOND  =         0.0000  RESTRAINT  =         0.0000
 EKCMT  =      3290.9455  VIRIAL  =      3882.8771  VOLUME     =    117038.5874
                                                    Density    =         1.0329
 Ewald error estimate:   0.3660E-06
 ------------------------------------------------------------------------------


 NSTEP =    63500   TIME(PS) =     947.000  TEMP(K) =   295.79  PRESS =    79.5
 Etot   =    -33388.9607  EKtot   =      7004.0128  EPtot      =    -40392.9735
 BOND   =       176.5001  ANGLE   =       365.0521  DIHED      =       494.4736
 1-4 NB =       172.3107  1-4 EEL =      -369.7037  VDWAALS    =      4887.1515
 EELEC  =    -46118.7577  EHBOND  =         0.0000  RESTRAINT  =         0.0000
 EKCMT  =      3311.1832  VIRIAL  =      3110.3502  VOLUME     =    117041.0294
                                                    Density    =         1.0329
 Ewald error estimate:   0.1502E-03
 ------------------------------------------------------------------------------


 NSTEP =    63750   TIME(PS) =     947.500  TEMP(K) =   302.15  PRESS =   454.3
 Etot   =    -33314.8338  EKtot   =      7154.7975  EPtot      =    -40469.6313
 BOND   =       160.3777  ANGLE   =       361.5494  DIHED      =       487.3002
 1-4 NB =       163.9393  1-4 EEL =      -362.5967  VDWAALS    =      5053.6778
 EELEC  =    -46333.8790  EHBOND  =         0.0000  RESTRAINT  =         0.0000
 EKCMT  =      3366.6286  VIRIAL  =      2217.8667  VOLUME     =    117122.6153
                                                    Density    =         1.0321
 Ewald error estimate:   0.1380E-04
 ------------------------------------------------------------------------------


 NSTEP =    64000   TIME(PS) =     948.000  TEMP(K) =   298.93  PRESS =   102.9
 Etot   =    -33216.3398  EKtot   =      7078.4522  EPtot      =    -40294.7920
 BOND   =       133.0037  ANGLE   =       352.0789  DIHED      =       490.0195
 1-4 NB =       182.3982  1-4 EEL =      -371.4452  VDWAALS    =      4907.2898
 EELEC  =    -45988.1369  EHBOND  =         0.0000  RESTRAINT  =         0.0000
 EKCMT  =      3294.9002  VIRIAL  =      3034.8857  VOLUME     =    117074.1580
                                                    Density    =         1.0326
 Ewald error estimate:   0.1325E-03
 ------------------------------------------------------------------------------


 NSTEP =    64250   TIME(PS) =     948.500  TEMP(K) =   301.88  PRESS =    54.0
 Etot   =    -33143.1356  EKtot   =      7148.2539  EPtot      =    -40291.3895
 BOND   =       155.2359  ANGLE   =       376.6847  DIHED      =       495.2606
 1-4 NB =       168.3398  1-4 EEL =      -376.0805  VDWAALS    =      4817.3625
 EELEC  =    -45928.1925  EHBOND  =         0.0000  RESTRAINT  =         0.0000
 EKCMT  =      3306.8082  VIRIAL  =      3170.1609  VOLUME     =    117143.4594
                                                    Density    =         1.0320
 Ewald error estimate:   0.2837E-04
 ------------------------------------------------------------------------------


 NSTEP =    64500   TIME(PS) =     949.000  TEMP(K) =   300.11  PRESS =   219.4
 Etot   =    -33163.6935  EKtot   =      7106.3543  EPtot      =    -40270.0478
 BOND   =       164.9351  ANGLE   =       353.5051  DIHED      =       494.8502
 1-4 NB =       166.7714  1-4 EEL =      -366.5145  VDWAALS    =      4831.8971
 EELEC  =    -45915.4921  EHBOND  =         0.0000  RESTRAINT  =         0.0000
 EKCMT  =      3271.6403  VIRIAL  =      2717.0217  VOLUME     =    117054.9325
                                                    Density    =         1.0327
 Ewald error estimate:   0.1958E-05
 ------------------------------------------------------------------------------


 NSTEP =    64750   TIME(PS) =     949.500  TEMP(K) =   296.95  PRESS =  -231.7
 Etot   =    -33210.0866  EKtot   =      7031.6418  EPtot      =    -40241.7284
 BOND   =       188.3783  ANGLE   =       353.8907  DIHED      =       500.2029
 1-4 NB =       158.2116  1-4 EEL =      -356.6977  VDWAALS    =      4667.8162
 EELEC  =    -45753.5305  EHBOND  =         0.0000  RESTRAINT  =         0.0000
 EKCMT  =      3271.3556  VIRIAL  =      3856.8993  VOLUME     =    117036.0571
                                                    Density    =         1.0329
 Ewald error estimate:   0.9765E-04
 ------------------------------------------------------------------------------


 NSTEP =    65000   TIME(PS) =     950.000  TEMP(K) =   301.89  PRESS =   204.1
 Etot   =    -33230.0781  EKtot   =      7148.6772  EPtot      =    -40378.7553
 BOND   =       159.1125  ANGLE   =       344.9354  DIHED      =       493.4140
 1-4 NB =       173.8355  1-4 EEL =      -354.4158  VDWAALS    =      4865.6735
 EELEC  =    -46061.3104  EHBOND  =         0.0000  RESTRAINT  =         0.0000
 EKCMT  =      3312.9690  VIRIAL  =      2797.3718  VOLUME     =    116986.5053
                                                    Density    =         1.0333
 Ewald error estimate:   0.7732E-04
 ------------------------------------------------------------------------------


 NSTEP =    65250   TIME(PS) =     950.500  TEMP(K) =   294.39  PRESS =  -180.0
 Etot   =    -33455.3093  EKtot   =      6971.0439  EPtot      =    -40426.3532
 BOND   =       152.6336  ANGLE   =       353.4127  DIHED      =       504.4294
 1-4 NB =       174.4220  1-4 EEL =      -369.2994  VDWAALS    =      4694.2069
 EELEC  =    -45936.1584  EHBOND  =         0.0000  RESTRAINT  =         0.0000
 EKCMT  =      3281.5194  VIRIAL  =      3735.1400  VOLUME     =    116721.7424
                                                    Density    =         1.0357
 Ewald error estimate:   0.2021E-04
 ------------------------------------------------------------------------------


 NSTEP =    65500   TIME(PS) =     951.000  TEMP(K) =   297.98  PRESS =  -103.6
 Etot   =    -33359.4732  EKtot   =      7056.0737  EPtot      =    -40415.5469
 BOND   =       145.7422  ANGLE   =       378.7717  DIHED      =       495.1635
 1-4 NB =       161.9970  1-4 EEL =      -354.2821  VDWAALS    =      4848.9549
 EELEC  =    -46091.8942  EHBOND  =         0.0000  RESTRAINT  =         0.0000
 EKCMT  =      3287.7780  VIRIAL  =      3548.7039  VOLUME     =    116634.1171
                                                    Density    =         1.0365
 Ewald error estimate:   0.2755E-03
 ------------------------------------------------------------------------------


 NSTEP =    65750   TIME(PS) =     951.500  TEMP(K) =   300.97  PRESS =    41.0
 Etot   =    -33336.5623  EKtot   =      7126.8851  EPtot      =    -40463.4473
 BOND   =       167.4412  ANGLE   =       348.4376  DIHED      =       502.0922
 1-4 NB =       167.8066  1-4 EEL =      -369.3010  VDWAALS    =      4807.8182
 EELEC  =    -46087.7422  EHBOND  =         0.0000  RESTRAINT  =         0.0000
 EKCMT  =      3398.7824  VIRIAL  =      3295.4600  VOLUME     =    116682.7277
                                                    Density    =         1.0360
 Ewald error estimate:   0.8183E-04
 ------------------------------------------------------------------------------


 NSTEP =    66000   TIME(PS) =     952.000  TEMP(K) =   299.39  PRESS =   115.0
 Etot   =    -33395.6372  EKtot   =      7089.4711  EPtot      =    -40485.1083
 BOND   =       157.1876  ANGLE   =       352.2895  DIHED      =       495.2291
 1-4 NB =       176.5968  1-4 EEL =      -342.7016  VDWAALS    =      4853.9893
 EELEC  =    -46177.6990  EHBOND  =         0.0000  RESTRAINT  =         0.0000
 EKCMT  =      3335.4100  VIRIAL  =      3045.4770  VOLUME     =    116726.2866
                                                    Density    =         1.0356
 Ewald error estimate:   0.6983E-04
 ------------------------------------------------------------------------------


 NSTEP =    66250   TIME(PS) =     952.500  TEMP(K) =   298.46  PRESS =   186.6
 Etot   =    -33372.1607  EKtot   =      7067.2453  EPtot      =    -40439.4060
 BOND   =       172.3066  ANGLE   =       368.6496  DIHED      =       502.3084
 1-4 NB =       175.3310  1-4 EEL =      -380.4265  VDWAALS    =      4933.8758
 EELEC  =    -46211.4509  EHBOND  =         0.0000  RESTRAINT  =         0.0000
 EKCMT  =      3341.1234  VIRIAL  =      2870.9080  VOLUME     =    116694.3322
                                                    Density    =         1.0359
 Ewald error estimate:   0.3133E-04
 ------------------------------------------------------------------------------


 NSTEP =    66500   TIME(PS) =     953.000  TEMP(K) =   299.65  PRESS =   -42.3
 Etot   =    -33410.5796  EKtot   =      7095.4350  EPtot      =    -40506.0146
 BOND   =       153.9291  ANGLE   =       327.5534  DIHED      =       500.1559
 1-4 NB =       172.3081  1-4 EEL =      -364.1726  VDWAALS    =      4851.8449
 EELEC  =    -46147.6333  EHBOND  =         0.0000  RESTRAINT  =         0.0000
 EKCMT  =      3298.8989  VIRIAL  =      3405.4360  VOLUME     =    116756.0393
                                                    Density    =         1.0354
 Ewald error estimate:   0.1239E-03
 ------------------------------------------------------------------------------


 NSTEP =    66750   TIME(PS) =     953.500  TEMP(K) =   295.06  PRESS =   -33.4
 Etot   =    -33360.3841  EKtot   =      6986.7604  EPtot      =    -40347.1445
 BOND   =       146.6039  ANGLE   =       342.3293  DIHED      =       495.3334
 1-4 NB =       171.6118  1-4 EEL =      -350.7302  VDWAALS    =      4809.9472
 EELEC  =    -45962.2398  EHBOND  =         0.0000  RESTRAINT  =         0.0000
 EKCMT  =      3281.3923  VIRIAL  =      3365.6048  VOLUME     =    116657.0680
                                                    Density    =         1.0363
 Ewald error estimate:   0.1127E-03
 ------------------------------------------------------------------------------


 NSTEP =    67000   TIME(PS) =     954.000  TEMP(K) =   304.07  PRESS =  -141.3
 Etot   =    -33253.7597  EKtot   =      7200.0968  EPtot      =    -40453.8565
 BOND   =       138.2821  ANGLE   =       329.1513  DIHED      =       511.5230
 1-4 NB =       182.2221  1-4 EEL =      -345.5336  VDWAALS    =      4773.8342
 EELEC  =    -46043.3355  EHBOND  =         0.0000  RESTRAINT  =         0.0000
 EKCMT  =      3347.7796  VIRIAL  =      3703.8703  VOLUME     =    116686.7119
                                                    Density    =         1.0360
 Ewald error estimate:   0.1223E-03
 ------------------------------------------------------------------------------


 NSTEP =    67250   TIME(PS) =     954.500  TEMP(K) =   303.37  PRESS =  -186.7
 Etot   =    -33094.9620  EKtot   =      7183.5871  EPtot      =    -40278.5491
 BOND   =       144.8996  ANGLE   =       346.6008  DIHED      =       505.0247
 1-4 NB =       169.7057  1-4 EEL =      -328.9163  VDWAALS    =      4755.1246
 EELEC  =    -45870.9883  EHBOND  =         0.0000  RESTRAINT  =         0.0000
 EKCMT  =      3349.4491  VIRIAL  =      3820.5944  VOLUME     =    116847.2039
                                                    Density    =         1.0346
 Ewald error estimate:   0.1269E-03
 ------------------------------------------------------------------------------


 NSTEP =    67500   TIME(PS) =     955.000  TEMP(K) =   305.43  PRESS =   221.0
 Etot   =    -33070.4570  EKtot   =      7232.3606  EPtot      =    -40302.8176
 BOND   =       140.6785  ANGLE   =       357.1194  DIHED      =       504.3070
 1-4 NB =       162.9712  1-4 EEL =      -361.5657  VDWAALS    =      4910.2143
 EELEC  =    -46016.5422  EHBOND  =         0.0000  RESTRAINT  =         0.0000
 EKCMT  =      3390.9640  VIRIAL  =      2833.3681  VOLUME     =    116838.9624
                                                    Density    =         1.0346
 Ewald error estimate:   0.1300E-03
 ------------------------------------------------------------------------------


 NSTEP =    67750   TIME(PS) =     955.500  TEMP(K) =   302.29  PRESS =   239.1
 Etot   =    -33115.8533  EKtot   =      7158.1421  EPtot      =    -40273.9955
 BOND   =       138.0159  ANGLE   =       336.1285  DIHED      =       499.9343
 1-4 NB =       174.0851  1-4 EEL =      -345.5394  VDWAALS    =      4955.9849
 EELEC  =    -46032.6047  EHBOND  =         0.0000  RESTRAINT  =         0.0000
 EKCMT  =      3354.0936  VIRIAL  =      2750.3839  VOLUME     =    116964.8072
                                                    Density    =         1.0335
 Ewald error estimate:   0.1036E-03
 ------------------------------------------------------------------------------


 NSTEP =    68000   TIME(PS) =     956.000  TEMP(K) =   301.69  PRESS =    -1.1
 Etot   =    -33101.0180  EKtot   =      7143.7838  EPtot      =    -40244.8017
 BOND   =       149.9903  ANGLE   =       362.1435  DIHED      =       479.4442
 1-4 NB =       166.8013  1-4 EEL =      -346.1584  VDWAALS    =      4938.0230
 EELEC  =    -45995.0457  EHBOND  =         0.0000  RESTRAINT  =         0.0000
 EKCMT  =      3337.2856  VIRIAL  =      3340.1812  VOLUME     =    117178.4879
                                                    Density    =         1.0316
 Ewald error estimate:   0.1422E-03
 ------------------------------------------------------------------------------


 NSTEP =    68250   TIME(PS) =     956.500  TEMP(K) =   301.03  PRESS =   237.2
 Etot   =    -33186.9899  EKtot   =      7128.1521  EPtot      =    -40315.1419
 BOND   =       128.9572  ANGLE   =       338.2833  DIHED      =       507.1355
 1-4 NB =       175.8586  1-4 EEL =      -330.1470  VDWAALS    =      4926.1647
 EELEC  =    -46061.3942  EHBOND  =         0.0000  RESTRAINT  =         0.0000
 EKCMT  =      3319.9694  VIRIAL  =      2719.1595  VOLUME     =    117297.2348
                                                    Density    =         1.0306
 Ewald error estimate:   0.4961E-04
 ------------------------------------------------------------------------------


 NSTEP =    68500   TIME(PS) =     957.000  TEMP(K) =   299.91  PRESS =  -225.5
 Etot   =    -33252.5468  EKtot   =      7101.7162  EPtot      =    -40354.2631
 BOND   =       144.5805  ANGLE   =       332.1305  DIHED      =       497.6281
 1-4 NB =       169.8747  1-4 EEL =      -349.1104  VDWAALS    =      4815.5302
 EELEC  =    -45964.8967  EHBOND  =         0.0000  RESTRAINT  =         0.0000
 EKCMT  =      3395.2187  VIRIAL  =      3966.3503  VOLUME     =    117298.9272
                                                    Density    =         1.0306
 Ewald error estimate:   0.4445E-04
 ------------------------------------------------------------------------------


 NSTEP =    68750   TIME(PS) =     957.500  TEMP(K) =   295.81  PRESS =    37.7
 Etot   =    -33301.3535  EKtot   =      7004.6830  EPtot      =    -40306.0365
 BOND   =       154.8105  ANGLE   =       368.9698  DIHED      =       500.6129
 1-4 NB =       170.4720  1-4 EEL =      -361.7243  VDWAALS    =      4852.8933
 EELEC  =    -45992.0708  EHBOND  =         0.0000  RESTRAINT  =         0.0000
 EKCMT  =      3290.4149  VIRIAL  =      3194.8944  VOLUME     =    117361.7345
                                                    Density    =         1.0300
 Ewald error estimate:   0.6997E-05
 ------------------------------------------------------------------------------


 NSTEP =    69000   TIME(PS) =     958.000  TEMP(K) =   295.02  PRESS =  -148.9
 Etot   =    -33367.4741  EKtot   =      6985.8849  EPtot      =    -40353.3590
 BOND   =       145.3888  ANGLE   =       354.7373  DIHED      =       501.7680
 1-4 NB =       169.7356  1-4 EEL =      -366.3854  VDWAALS    =      4869.2715
 EELEC  =    -46027.8748  EHBOND  =         0.0000  RESTRAINT  =         0.0000
 EKCMT  =      3314.4095  VIRIAL  =      3691.1821  VOLUME     =    117226.8904
                                                    Density    =         1.0312
 Ewald error estimate:   0.1930E-03
 ------------------------------------------------------------------------------


 NSTEP =    69250   TIME(PS) =     958.500  TEMP(K) =   297.58  PRESS =  -538.8
 Etot   =    -33464.2568  EKtot   =      7046.5029  EPtot      =    -40510.7597
 BOND   =       160.2258  ANGLE   =       332.0877  DIHED      =       508.6758
 1-4 NB =       178.8403  1-4 EEL =      -370.1161  VDWAALS    =      4715.9814
 EELEC  =    -46036.4545  EHBOND  =         0.0000  RESTRAINT  =         0.0000
 EKCMT  =      3312.2502  VIRIAL  =      4674.9177  VOLUME     =    117135.3661
                                                    Density    =         1.0320
 Ewald error estimate:   0.1613E-03
 ------------------------------------------------------------------------------


 NSTEP =    69500   TIME(PS) =     959.000  TEMP(K) =   301.34  PRESS =   166.6
 Etot   =    -33341.9762  EKtot   =      7135.5979  EPtot      =    -40477.5741
 BOND   =       153.8485  ANGLE   =       344.2547  DIHED      =       511.1091
 1-4 NB =       163.6562  1-4 EEL =      -352.4081  VDWAALS    =      5000.8930
 EELEC  =    -46298.9275  EHBOND  =         0.0000  RESTRAINT  =         0.0000
 EKCMT  =      3363.4745  VIRIAL  =      2942.5798  VOLUME     =    117024.0426
                                                    Density    =         1.0330
 Ewald error estimate:   0.2824E-04
 ------------------------------------------------------------------------------


 NSTEP =    69750   TIME(PS) =     959.500  TEMP(K) =   296.32  PRESS =  -119.2
 Etot   =    -33358.3654  EKtot   =      7016.6659  EPtot      =    -40375.0312
 BOND   =       140.6809  ANGLE   =       339.8545  DIHED      =       516.2178
 1-4 NB =       175.7573  1-4 EEL =      -353.6438  VDWAALS    =      4740.5049
 EELEC  =    -45934.4029  EHBOND  =         0.0000  RESTRAINT  =         0.0000
 EKCMT  =      3300.7327  VIRIAL  =      3601.4525  VOLUME     =    116876.3590
                                                    Density    =         1.0343
 Ewald error estimate:   0.1061E-04
 ------------------------------------------------------------------------------


 NSTEP =    70000   TIME(PS) =     960.000  TEMP(K) =   300.26  PRESS =     8.0
 Etot   =    -33236.7653  EKtot   =      7109.8809  EPtot      =    -40346.6463
 BOND   =       148.3083  ANGLE   =       369.6709  DIHED      =       502.1120
 1-4 NB =       165.8252  1-4 EEL =      -376.9495  VDWAALS    =      4806.8277
 EELEC  =    -45962.4408  EHBOND  =         0.0000  RESTRAINT  =         0.0000
 EKCMT  =      3345.6182  VIRIAL  =      3325.4953  VOLUME     =    116887.4617
                                                    Density    =         1.0342
 Ewald error estimate:   0.2968E-05
 ------------------------------------------------------------------------------


 NSTEP =    70250   TIME(PS) =     960.500  TEMP(K) =   305.41  PRESS =    59.1
 Etot   =    -33107.7515  EKtot   =      7232.0192  EPtot      =    -40339.7706
 BOND   =       144.8860  ANGLE   =       364.9811  DIHED      =       512.6684
 1-4 NB =       169.5730  1-4 EEL =      -360.2998  VDWAALS    =      4826.4629
 EELEC  =    -45998.0421  EHBOND  =         0.0000  RESTRAINT  =         0.0000
 EKCMT  =      3368.2350  VIRIAL  =      3219.0944  VOLUME     =    116926.8681
                                                    Density    =         1.0339
 Ewald error estimate:   0.3408E-04
 ------------------------------------------------------------------------------


 NSTEP =    70500   TIME(PS) =     961.000  TEMP(K) =   303.73  PRESS =   316.8
 Etot   =    -33197.2794  EKtot   =      7192.0490  EPtot      =    -40389.3284
 BOND   =       162.5616  ANGLE   =       370.3409  DIHED      =       497.0579
 1-4 NB =       161.5242  1-4 EEL =      -380.7970  VDWAALS    =      4933.9047
 EELEC  =    -46133.9206  EHBOND  =         0.0000  RESTRAINT  =         0.0000
 EKCMT  =      3419.9806  VIRIAL  =      2619.0889  VOLUME     =    117079.2313
                                                    Density    =         1.0325
 Ewald error estimate:   0.1996E-04
 ------------------------------------------------------------------------------


 NSTEP =    70750   TIME(PS) =     961.500  TEMP(K) =   298.43  PRESS =    77.9
 Etot   =    -33233.0693  EKtot   =      7066.7155  EPtot      =    -40299.7848
 BOND   =       148.4204  ANGLE   =       379.9895  DIHED      =       510.5321
 1-4 NB =       172.7857  1-4 EEL =      -359.4922  VDWAALS    =      4864.6528
 EELEC  =    -46016.6731  EHBOND  =         0.0000  RESTRAINT  =         0.0000
 EKCMT  =      3310.3026  VIRIAL  =      3113.1538  VOLUME     =    117192.4784
                                                    Density    =         1.0315
 Ewald error estimate:   0.3117E-04
 ------------------------------------------------------------------------------


 NSTEP =    71000   TIME(PS) =     962.000  TEMP(K) =   299.64  PRESS =  -155.0
 Etot   =    -33252.1942  EKtot   =      7095.3428  EPtot      =    -40347.5369
 BOND   =       157.7625  ANGLE   =       374.0165  DIHED      =       496.7553
 1-4 NB =       173.9407  1-4 EEL =      -364.1968  VDWAALS    =      4760.6962
 EELEC  =    -45946.5113  EHBOND  =         0.0000  RESTRAINT  =         0.0000
 EKCMT  =      3356.2495  VIRIAL  =      3748.8107  VOLUME     =    117299.4051
                                                    Density    =         1.0306
 Ewald error estimate:   0.3921E-04
 ------------------------------------------------------------------------------


 NSTEP =    71250   TIME(PS) =     962.500  TEMP(K) =   298.24  PRESS =   117.3
 Etot   =    -33140.8103  EKtot   =      7062.1465  EPtot      =    -40202.9568
 BOND   =       162.8127  ANGLE   =       365.9132  DIHED      =       495.3437
 1-4 NB =       170.0979  1-4 EEL =      -371.2899  VDWAALS    =      4846.3959
 EELEC  =    -45872.2303  EHBOND  =         0.0000  RESTRAINT  =         0.0000
 EKCMT  =      3255.7661  VIRIAL  =      2958.6666  VOLUME     =    117322.0557
                                                    Density    =         1.0304
 Ewald error estimate:   0.1269E-03
 ------------------------------------------------------------------------------


 NSTEP =    71500   TIME(PS) =     963.000  TEMP(K) =   299.51  PRESS =  -200.4
 Etot   =    -33237.7120  EKtot   =      7092.2611  EPtot      =    -40329.9730
 BOND   =       148.7221  ANGLE   =       342.9519  DIHED      =       506.3838
 1-4 NB =       166.4768  1-4 EEL =      -346.0778  VDWAALS    =      4864.9158
 EELEC  =    -46013.3456  EHBOND  =         0.0000  RESTRAINT  =         0.0000
 EKCMT  =      3321.3508  VIRIAL  =      3829.2020  VOLUME     =    117388.6301
                                                    Density    =         1.0298
 Ewald error estimate:   0.2057E-04
 ------------------------------------------------------------------------------


 NSTEP =    71750   TIME(PS) =     963.500  TEMP(K) =   301.93  PRESS =     5.2
 Etot   =    -33228.3808  EKtot   =      7149.5301  EPtot      =    -40377.9109
 BOND   =       144.6499  ANGLE   =       333.7804  DIHED      =       500.5030
 1-4 NB =       168.3754  1-4 EEL =      -352.3033  VDWAALS    =      4804.8801
 EELEC  =    -45977.7964  EHBOND  =         0.0000  RESTRAINT  =         0.0000
 EKCMT  =      3351.3662  VIRIAL  =      3338.1790  VOLUME     =    117329.1351
                                                    Density    =         1.0303
 Ewald error estimate:   0.1405E-03
 ------------------------------------------------------------------------------


 NSTEP =    72000   TIME(PS) =     964.000  TEMP(K) =   298.27  PRESS =   -93.7
 Etot   =    -33257.1573  EKtot   =      7062.8245  EPtot      =    -40319.9818
 BOND   =       166.0119  ANGLE   =       361.1609  DIHED      =       497.1364
 1-4 NB =       166.2242  1-4 EEL =      -351.4769  VDWAALS    =      4784.5898
 EELEC  =    -45943.6280  EHBOND  =         0.0000  RESTRAINT  =         0.0000
 EKCMT  =      3338.0157  VIRIAL  =      3575.4102  VOLUME     =    117301.8841
                                                    Density    =         1.0306
 Ewald error estimate:   0.1660E-03
 ------------------------------------------------------------------------------


 NSTEP =    72250   TIME(PS) =     964.500  TEMP(K) =   299.02  PRESS =   -16.4
 Etot   =    -33353.0204  EKtot   =      7080.5137  EPtot      =    -40433.5341
 BOND   =       155.7405  ANGLE   =       337.2163  DIHED      =       490.9035
 1-4 NB =       166.8624  1-4 EEL =      -339.6415  VDWAALS    =      4887.2818
 EELEC  =    -46131.8973  EHBOND  =         0.0000  RESTRAINT  =         0.0000
 EKCMT  =      3330.9530  VIRIAL  =      3372.3807  VOLUME     =    117336.1032
                                                    Density    =         1.0303
 Ewald error estimate:   0.2641E-04
 ------------------------------------------------------------------------------


 NSTEP =    72500   TIME(PS) =     965.000  TEMP(K) =   298.83  PRESS =   -80.9
 Etot   =    -33290.3231  EKtot   =      7076.2221  EPtot      =    -40366.5452
 BOND   =       158.4822  ANGLE   =       323.4891  DIHED      =       505.0560
 1-4 NB =       170.0352  1-4 EEL =      -366.9658  VDWAALS    =      4841.6289
 EELEC  =    -45998.2708  EHBOND  =         0.0000  RESTRAINT  =         0.0000
 EKCMT  =      3281.9691  VIRIAL  =      3486.7865  VOLUME     =    117220.6064
                                                    Density    =         1.0313
 Ewald error estimate:   0.1469E-03
 ------------------------------------------------------------------------------


 NSTEP =    72750   TIME(PS) =     965.500  TEMP(K) =   298.70  PRESS =  -189.7
 Etot   =    -33238.2410  EKtot   =      7073.0767  EPtot      =    -40311.3178
 BOND   =       140.6906  ANGLE   =       349.7037  DIHED      =       503.0280
 1-4 NB =       164.3165  1-4 EEL =      -356.8854  VDWAALS    =      4774.4237
 EELEC  =    -45886.5948  EHBOND  =         0.0000  RESTRAINT  =         0.0000
 EKCMT  =      3271.8197  VIRIAL  =      3751.8139  VOLUME     =    117200.7878
                                                    Density    =         1.0315
 Ewald error estimate:   0.2006E-03
 ------------------------------------------------------------------------------


 NSTEP =    73000   TIME(PS) =     966.000  TEMP(K) =   298.86  PRESS =  -174.9
 Etot   =    -33236.5866  EKtot   =      7076.9329  EPtot      =    -40313.5195
 BOND   =       146.8616  ANGLE   =       332.4603  DIHED      =       492.7403
 1-4 NB =       174.0925  1-4 EEL =      -342.8052  VDWAALS    =      4718.9962
 EELEC  =    -45835.8651  EHBOND  =         0.0000  RESTRAINT  =         0.0000
 EKCMT  =      3323.3973  VIRIAL  =      3765.4569  VOLUME     =    117053.1512
                                                    Density    =         1.0328
 Ewald error estimate:   0.1468E-03
 ------------------------------------------------------------------------------


 NSTEP =    73250   TIME(PS) =     966.500  TEMP(K) =   302.95  PRESS =  -149.0
 Etot   =    -33299.2843  EKtot   =      7173.7567  EPtot      =    -40473.0411
 BOND   =       153.5958  ANGLE   =       371.1017  DIHED      =       488.6756
 1-4 NB =       163.7590  1-4 EEL =      -372.7241  VDWAALS    =      4866.3196
 EELEC  =    -46143.7687  EHBOND  =         0.0000  RESTRAINT  =         0.0000
 EKCMT  =      3360.0066  VIRIAL  =      3736.3009  VOLUME     =    116953.7721
                                                    Density    =         1.0336
 Ewald error estimate:   0.5159E-04
 ------------------------------------------------------------------------------


 NSTEP =    73500   TIME(PS) =     967.000  TEMP(K) =   297.58  PRESS =  -181.3
 Etot   =    -33308.3253  EKtot   =      7046.4164  EPtot      =    -40354.7418
 BOND   =       162.7707  ANGLE   =       344.6443  DIHED      =       492.4307
 1-4 NB =       175.3821  1-4 EEL =      -361.8402  VDWAALS    =      4790.2603
 EELEC  =    -45958.3897  EHBOND  =         0.0000  RESTRAINT  =         0.0000
 EKCMT  =      3302.6239  VIRIAL  =      3760.0670  VOLUME     =    116858.2143
                                                    Density    =         1.0345
 Ewald error estimate:   0.1666E-03
 ------------------------------------------------------------------------------


 NSTEP =    73750   TIME(PS) =     967.500  TEMP(K) =   301.49  PRESS =    70.9
 Etot   =    -33274.1729  EKtot   =      7139.1352  EPtot      =    -40413.3080
 BOND   =       165.0354  ANGLE   =       331.8366  DIHED      =       507.9199
 1-4 NB =       157.7134  1-4 EEL =      -360.7397  VDWAALS    =      4822.9981
 EELEC  =    -46038.0718  EHBOND  =         0.0000  RESTRAINT  =         0.0000
 EKCMT  =      3337.5145  VIRIAL  =      3158.5444  VOLUME     =    116866.1049
                                                    Density    =         1.0344
 Ewald error estimate:   0.7359E-04
 ------------------------------------------------------------------------------


 NSTEP =    74000   TIME(PS) =     968.000  TEMP(K) =   299.52  PRESS =   405.2
 Etot   =    -33294.3949  EKtot   =      7092.4549  EPtot      =    -40386.8498
 BOND   =       143.7339  ANGLE   =       339.5637  DIHED      =       491.5838
 1-4 NB =       166.9625  1-4 EEL =      -342.2556  VDWAALS    =      5011.2346
 EELEC  =    -46197.6728  EHBOND  =         0.0000  RESTRAINT  =         0.0000
 EKCMT  =      3332.9876  VIRIAL  =      2308.7384  VOLUME     =    117083.4411
                                                    Density    =         1.0325
 Ewald error estimate:   0.4115E-04
 ------------------------------------------------------------------------------


 NSTEP =    74250   TIME(PS) =     968.500  TEMP(K) =   301.78  PRESS =   -49.7
 Etot   =    -33283.9540  EKtot   =      7145.9196  EPtot      =    -40429.8736
 BOND   =       162.3908  ANGLE   =       361.9337  DIHED      =       504.0923
 1-4 NB =       168.5459  1-4 EEL =      -345.0478  VDWAALS    =      4924.6294
 EELEC  =    -46206.4179  EHBOND  =         0.0000  RESTRAINT  =         0.0000
 EKCMT  =      3329.3823  VIRIAL  =      3454.9722  VOLUME     =    117013.5547
                                                    Density    =         1.0331
 Ewald error estimate:   0.1097E-03
 ------------------------------------------------------------------------------


 NSTEP =    74500   TIME(PS) =     969.000  TEMP(K) =   298.74  PRESS =    70.4
 Etot   =    -33359.4674  EKtot   =      7073.9895  EPtot      =    -40433.4569
 BOND   =       151.0278  ANGLE   =       360.9278  DIHED      =       500.7766
 1-4 NB =       161.8312  1-4 EEL =      -364.7628  VDWAALS    =      4888.6535
 EELEC  =    -46131.9111  EHBOND  =         0.0000  RESTRAINT  =         0.0000
 EKCMT  =      3370.2598  VIRIAL  =      3192.1014  VOLUME     =    117169.7253
                                                    Density    =         1.0317
 Ewald error estimate:   0.1226E-03
 ------------------------------------------------------------------------------


 NSTEP =    74750   TIME(PS) =     969.500  TEMP(K) =   301.49  PRESS =   108.3
 Etot   =    -33423.5283  EKtot   =      7139.1443  EPtot      =    -40562.6726
 BOND   =       157.7902  ANGLE   =       373.0560  DIHED      =       497.7636
 1-4 NB =       165.8873  1-4 EEL =      -371.2177  VDWAALS    =      4934.7271
 EELEC  =    -46320.6791  EHBOND  =         0.0000  RESTRAINT  =         0.0000
 EKCMT  =      3359.6866  VIRIAL  =      3085.5634  VOLUME     =    117205.9412
                                                    Density    =         1.0314
 Ewald error estimate:   0.2403E-03
 ------------------------------------------------------------------------------


 NSTEP =    75000   TIME(PS) =     970.000  TEMP(K) =   295.50  PRESS =  -385.9
 Etot   =    -33479.1585  EKtot   =      6997.3034  EPtot      =    -40476.4618
 BOND   =       155.0493  ANGLE   =       340.2958  DIHED      =       507.1061
 1-4 NB =       166.0235  1-4 EEL =      -357.3407  VDWAALS    =      4770.0932
 EELEC  =    -46057.6889  EHBOND  =         0.0000  RESTRAINT  =         0.0000
 EKCMT  =      3246.1312  VIRIAL  =      4222.1962  VOLUME     =    117148.3654
                                                    Density    =         1.0319
 Ewald error estimate:   0.1802E-03
 ------------------------------------------------------------------------------


 NSTEP =    75250   TIME(PS) =     970.500  TEMP(K) =   295.15  PRESS =   129.9
 Etot   =    -33512.5121  EKtot   =      6988.9956  EPtot      =    -40501.5076
 BOND   =       158.8932  ANGLE   =       356.8879  DIHED      =       496.3685
 1-4 NB =       167.7374  1-4 EEL =      -368.1804  VDWAALS    =      5033.7543
 EELEC  =    -46346.9686  EHBOND  =         0.0000  RESTRAINT  =         0.0000
 EKCMT  =      3280.4992  VIRIAL  =      2951.9425  VOLUME     =    117152.7865
                                                    Density    =         1.0319
 Ewald error estimate:   0.6973E-04
 ------------------------------------------------------------------------------


 NSTEP =    75500   TIME(PS) =     971.000  TEMP(K) =   296.86  PRESS =  -297.7
 Etot   =    -33446.8434  EKtot   =      7029.4670  EPtot      =    -40476.3104
 BOND   =       176.0217  ANGLE   =       345.4467  DIHED      =       492.8214
 1-4 NB =       172.1177  1-4 EEL =      -326.3649  VDWAALS    =      4842.7505
 EELEC  =    -46179.1034  EHBOND  =         0.0000  RESTRAINT  =         0.0000
 EKCMT  =      3352.2620  VIRIAL  =      4104.6249  VOLUME     =    117043.3022
                                                    Density    =         1.0328
 Ewald error estimate:   0.1554E-03
 ------------------------------------------------------------------------------


 NSTEP =    75750   TIME(PS) =     971.500  TEMP(K) =   297.05  PRESS =   253.2
 Etot   =    -33424.1110  EKtot   =      7034.0347  EPtot      =    -40458.1457
 BOND   =       167.8214  ANGLE   =       333.5471  DIHED      =       492.6589
 1-4 NB =       156.8986  1-4 EEL =      -332.1467  VDWAALS    =      4960.8375
 EELEC  =    -46237.7624  EHBOND  =         0.0000  RESTRAINT  =         0.0000
 EKCMT  =      3328.2146  VIRIAL  =      2688.1916  VOLUME     =    117072.2159
                                                    Density    =         1.0326
 Ewald error estimate:   0.1548E-03
 ------------------------------------------------------------------------------


 NSTEP =    76000   TIME(PS) =     972.000  TEMP(K) =   301.59  PRESS =    31.7
 Etot   =    -33293.9825  EKtot   =      7141.4823  EPtot      =    -40435.4648
 BOND   =       148.7084  ANGLE   =       324.6274  DIHED      =       494.4521
 1-4 NB =       164.5071  1-4 EEL =      -329.5227  VDWAALS    =      4857.3531
 EELEC  =    -46095.5902  EHBOND  =         0.0000  RESTRAINT  =         0.0000
 EKCMT  =      3347.8774  VIRIAL  =      3267.8309  VOLUME     =    117113.1749
                                                    Density    =         1.0322
 Ewald error estimate:   0.3350E-03
 ------------------------------------------------------------------------------


 NSTEP =    76250   TIME(PS) =     972.500  TEMP(K) =   301.58  PRESS =  -177.7
 Etot   =    -33314.0540  EKtot   =      7141.2172  EPtot      =    -40455.2711
 BOND   =       154.8350  ANGLE   =       355.8730  DIHED      =       504.6003
 1-4 NB =       171.4419  1-4 EEL =      -337.4971  VDWAALS    =      4866.2167
 EELEC  =    -46170.7408  EHBOND  =         0.0000  RESTRAINT  =         0.0000
 EKCMT  =      3349.9597  VIRIAL  =      3799.8117  VOLUME     =    117230.2091
                                                    Density    =         1.0312
 Ewald error estimate:   0.1625E-03
 ------------------------------------------------------------------------------


 NSTEP =    76500   TIME(PS) =     973.000  TEMP(K) =   301.62  PRESS =   312.0
 Etot   =    -33236.4101  EKtot   =      7142.1572  EPtot      =    -40378.5673
 BOND   =       147.2939  ANGLE   =       374.5061  DIHED      =       493.9165
 1-4 NB =       175.9753  1-4 EEL =      -363.3461  VDWAALS    =      4948.6232
 EELEC  =    -46155.5363  EHBOND  =         0.0000  RESTRAINT  =         0.0000
 EKCMT  =      3336.6616  VIRIAL  =      2546.3477  VOLUME     =    117315.4310
                                                    Density    =         1.0304
 Ewald error estimate:   0.8773E-04
 ------------------------------------------------------------------------------


 NSTEP =    76750   TIME(PS) =     973.500  TEMP(K) =   300.31  PRESS =    82.6
 Etot   =    -33258.1114  EKtot   =      7111.2258  EPtot      =    -40369.3372
 BOND   =       146.7681  ANGLE   =       327.7060  DIHED      =       514.1716
 1-4 NB =       185.8239  1-4 EEL =      -365.4946  VDWAALS    =      4940.6812
 EELEC  =    -46118.9933  EHBOND  =         0.0000  RESTRAINT  =         0.0000
 EKCMT  =      3291.6402  VIRIAL  =      3082.2580  VOLUME     =    117353.1905
                                                    Density    =         1.0301
 Ewald error estimate:   0.7542E-04
 ------------------------------------------------------------------------------


 NSTEP =    77000   TIME(PS) =     974.000  TEMP(K) =   298.93  PRESS =   -38.1
 Etot   =    -33322.4828  EKtot   =      7078.4906  EPtot      =    -40400.9734
 BOND   =       155.9692  ANGLE   =       331.7648  DIHED      =       506.7828
 1-4 NB =       169.8783  1-4 EEL =      -368.6738  VDWAALS    =      4861.3632
 EELEC  =    -46058.0579  EHBOND  =         0.0000  RESTRAINT  =         0.0000
 EKCMT  =      3282.0014  VIRIAL  =      3378.5136  VOLUME     =    117276.1250
                                                    Density    =         1.0308
 Ewald error estimate:   0.3141E-04
 ------------------------------------------------------------------------------


 NSTEP =    77250   TIME(PS) =     974.500  TEMP(K) =   302.13  PRESS =   216.7
 Etot   =    -33256.9715  EKtot   =      7154.2910  EPtot      =    -40411.2626
 BOND   =       152.2667  ANGLE   =       346.1454  DIHED      =       509.3175
 1-4 NB =       156.8960  1-4 EEL =      -363.6780  VDWAALS    =      4950.3795
 EELEC  =    -46162.5898  EHBOND  =         0.0000  RESTRAINT  =         0.0000
 EKCMT  =      3377.7013  VIRIAL  =      2829.0259  VOLUME     =    117279.7641
                                                    Density    =         1.0308
 Ewald error estimate:   0.1796E-03
 ------------------------------------------------------------------------------


 NSTEP =    77500   TIME(PS) =     975.000  TEMP(K) =   300.62  PRESS =  -218.5
 Etot   =    -33358.5203  EKtot   =      7118.5395  EPtot      =    -40477.0598
 BOND   =       181.2866  ANGLE   =       347.8054  DIHED      =       511.0366
 1-4 NB =       162.7651  1-4 EEL =      -373.5616  VDWAALS    =      4846.1027
 EELEC  =    -46152.4946  EHBOND  =         0.0000  RESTRAINT  =         0.0000
 EKCMT  =      3321.8995  VIRIAL  =      3875.3333  VOLUME     =    117305.2934
                                                    Density    =         1.0305
 Ewald error estimate:   0.2557E-04
 ------------------------------------------------------------------------------


 NSTEP =    77750   TIME(PS) =     975.500  TEMP(K) =   299.24  PRESS =  -129.5
 Etot   =    -33463.7260  EKtot   =      7085.7910  EPtot      =    -40549.5170
 BOND   =       147.4354  ANGLE   =       339.2434  DIHED      =       505.7853
 1-4 NB =       171.5086  1-4 EEL =      -339.7831  VDWAALS    =      4789.9289
 EELEC  =    -46163.6354  EHBOND  =         0.0000  RESTRAINT  =         0.0000
 EKCMT  =      3321.0649  VIRIAL  =      3648.5266  VOLUME     =    117118.0084
                                                    Density    =         1.0322
 Ewald error estimate:   0.8117E-04
 ------------------------------------------------------------------------------


 NSTEP =    78000   TIME(PS) =     976.000  TEMP(K) =   295.95  PRESS =   -32.6
 Etot   =    -33362.0538  EKtot   =      7007.7991  EPtot      =    -40369.8529
 BOND   =       153.5420  ANGLE   =       352.1511  DIHED      =       507.8872
 1-4 NB =       172.0504  1-4 EEL =      -360.0125  VDWAALS    =      4922.3002
 EELEC  =    -46117.7715  EHBOND  =         0.0000  RESTRAINT  =         0.0000
 EKCMT  =      3288.4179  VIRIAL  =      3370.8047  VOLUME     =    117066.3321
                                                    Density    =         1.0326
 Ewald error estimate:   0.6653E-04
 ------------------------------------------------------------------------------


 NSTEP =    78250   TIME(PS) =     976.500  TEMP(K) =   306.04  PRESS =   149.2
 Etot   =    -33164.1405  EKtot   =      7246.9406  EPtot      =    -40411.0811
 BOND   =       149.6639  ANGLE   =       343.2931  DIHED      =       503.4684
 1-4 NB =       165.1342  1-4 EEL =      -363.1917  VDWAALS    =      4933.4921
 EELEC  =    -46142.9410  EHBOND  =         0.0000  RESTRAINT  =         0.0000
 EKCMT  =      3391.1385  VIRIAL  =      3014.4055  VOLUME     =    116970.2650
                                                    Density    =         1.0335
 Ewald error estimate:   0.2690E-04
 ------------------------------------------------------------------------------


 NSTEP =    78500   TIME(PS) =     977.000  TEMP(K) =   301.71  PRESS =  -107.8
 Etot   =    -33110.8298  EKtot   =      7144.2800  EPtot      =    -40255.1098
 BOND   =       162.4292  ANGLE   =       324.5776  DIHED      =       507.3600
 1-4 NB =       158.8241  1-4 EEL =      -348.9846  VDWAALS    =      4797.9170
 EELEC  =    -45857.2331  EHBOND  =         0.0000  RESTRAINT  =         0.0000
 EKCMT  =      3299.5446  VIRIAL  =      3572.0071  VOLUME     =    117078.7656
                                                    Density    =         1.0325
 Ewald error estimate:   0.6524E-04
 ------------------------------------------------------------------------------


 NSTEP =    78750   TIME(PS) =     977.500  TEMP(K) =   301.70  PRESS =    43.5
 Etot   =    -33249.3080  EKtot   =      7143.9815  EPtot      =    -40393.2895
 BOND   =       147.5401  ANGLE   =       339.6226  DIHED      =       504.9629
 1-4 NB =       168.8546  1-4 EEL =      -365.6404  VDWAALS    =      4809.4737
 EELEC  =    -45998.1030  EHBOND  =         0.0000  RESTRAINT  =         0.0000
 EKCMT  =      3365.6969  VIRIAL  =      3255.8960  VOLUME     =    116921.3665
                                                    Density    =         1.0339
 Ewald error estimate:   0.8208E-04
 ------------------------------------------------------------------------------


 NSTEP =    79000   TIME(PS) =     978.000  TEMP(K) =   300.00  PRESS =  -162.5
 Etot   =    -33110.6254  EKtot   =      7103.7516  EPtot      =    -40214.3770
 BOND   =       158.0202  ANGLE   =       348.5129  DIHED      =       499.6324
 1-4 NB =       166.0554  1-4 EEL =      -346.6239  VDWAALS    =      4584.9581
 EELEC  =    -45624.9321  EHBOND  =         0.0000  RESTRAINT  =         0.0000
 EKCMT  =      3329.0873  VIRIAL  =      3739.3139  VOLUME     =    116906.0560
                                                    Density    =         1.0341
 Ewald error estimate:   0.7533E-04
 ------------------------------------------------------------------------------


 NSTEP =    79250   TIME(PS) =     978.500  TEMP(K) =   298.54  PRESS =   177.6
 Etot   =    -33101.5082  EKtot   =      7069.1284  EPtot      =    -40170.6366
 BOND   =       165.8050  ANGLE   =       364.2947  DIHED      =       509.7566
 1-4 NB =       171.1740  1-4 EEL =      -377.8665  VDWAALS    =      4769.7784
 EELEC  =    -45773.5789  EHBOND  =         0.0000  RESTRAINT  =         0.0000
 EKCMT  =      3279.1158  VIRIAL  =      2831.1957  VOLUME     =    116828.0227
                                                    Density    =         1.0347
 Ewald error estimate:   0.2942E-04
 ------------------------------------------------------------------------------


 NSTEP =    79500   TIME(PS) =     979.000  TEMP(K) =   308.45  PRESS =    55.7
 Etot   =    -33063.9063  EKtot   =      7303.9821  EPtot      =    -40367.8884
 BOND   =       166.4267  ANGLE   =       357.9046  DIHED      =       507.4869
 1-4 NB =       168.9883  1-4 EEL =      -373.2151  VDWAALS    =      4869.3817
 EELEC  =    -46064.8616  EHBOND  =         0.0000  RESTRAINT  =         0.0000
 EKCMT  =      3458.6838  VIRIAL  =      3318.2191  VOLUME     =    116863.1951
                                                    Density    =         1.0344
 Ewald error estimate:   0.7628E-04
 ------------------------------------------------------------------------------


 NSTEP =    79750   TIME(PS) =     979.500  TEMP(K) =   302.23  PRESS =   -92.5
 Etot   =    -33195.7226  EKtot   =      7156.5274  EPtot      =    -40352.2500
 BOND   =       154.2067  ANGLE   =       362.6172  DIHED      =       498.6501
 1-4 NB =       163.7443  1-4 EEL =      -351.7917  VDWAALS    =      4723.3511
 EELEC  =    -45903.0277  EHBOND  =         0.0000  RESTRAINT  =         0.0000
 EKCMT  =      3347.7358  VIRIAL  =      3581.1763  VOLUME     =    116933.5535
                                                    Density    =         1.0338
 Ewald error estimate:   0.9644E-04
 ------------------------------------------------------------------------------


 NSTEP =    80000   TIME(PS) =     980.000  TEMP(K) =   299.25  PRESS =  -229.5
 Etot   =    -33403.1475  EKtot   =      7086.0033  EPtot      =    -40489.1508
 BOND   =       162.4785  ANGLE   =       366.3367  DIHED      =       498.5825
 1-4 NB =       166.6140  1-4 EEL =      -360.7573  VDWAALS    =      4750.0403
 EELEC  =    -46072.4455  EHBOND  =         0.0000  RESTRAINT  =         0.0000
 EKCMT  =      3321.2127  VIRIAL  =      3899.9609  VOLUME     =    116809.6647
                                                    Density    =         1.0349
 Ewald error estimate:   0.4682E-04
 ------------------------------------------------------------------------------


 NSTEP =    80250   TIME(PS) =     980.500  TEMP(K) =   302.04  PRESS =   159.1
 Etot   =    -33338.2423  EKtot   =      7152.2346  EPtot      =    -40490.4770
 BOND   =       150.8899  ANGLE   =       342.0056  DIHED      =       506.8344
 1-4 NB =       176.6821  1-4 EEL =      -345.0369  VDWAALS    =      4988.9508
 EELEC  =    -46310.8029  EHBOND  =         0.0000  RESTRAINT  =         0.0000
 EKCMT  =      3382.4816  VIRIAL  =      2980.4458  VOLUME     =    117008.3992
                                                    Density    =         1.0331
 Ewald error estimate:   0.2118E-04
 ------------------------------------------------------------------------------


 NSTEP =    80500   TIME(PS) =     981.000  TEMP(K) =   300.17  PRESS =   118.7
 Etot   =    -33260.9770  EKtot   =      7107.8734  EPtot      =    -40368.8504
 BOND   =       137.7785  ANGLE   =       348.9223  DIHED      =       517.2203
 1-4 NB =       168.7370  1-4 EEL =      -348.3683  VDWAALS    =      4929.3412
 EELEC  =    -46122.4815  EHBOND  =         0.0000  RESTRAINT  =         0.0000
 EKCMT  =      3344.7793  VIRIAL  =      3044.4311  VOLUME     =    117169.8353
                                                    Density    =         1.0317
 Ewald error estimate:   0.6539E-04
 ------------------------------------------------------------------------------


 NSTEP =    80750   TIME(PS) =     981.500  TEMP(K) =   300.15  PRESS =  -254.0
 Etot   =    -33176.5175  EKtot   =      7107.2797  EPtot      =    -40283.7972
 BOND   =       146.8062  ANGLE   =       338.8612  DIHED      =       506.9626
 1-4 NB =       172.3966  1-4 EEL =      -344.3177  VDWAALS    =      4781.8318
 EELEC  =    -45886.3379  EHBOND  =         0.0000  RESTRAINT  =         0.0000
 EKCMT  =      3306.8856  VIRIAL  =      3949.5883  VOLUME     =    117183.9001
                                                    Density    =         1.0316
 Ewald error estimate:   0.2689E-04
 ------------------------------------------------------------------------------


 NSTEP =    81000   TIME(PS) =     982.000  TEMP(K) =   297.03  PRESS =  -216.1
 Etot   =    -33328.8394  EKtot   =      7033.4902  EPtot      =    -40362.3296
 BOND   =       158.4718  ANGLE   =       344.7881  DIHED      =       506.1740
 1-4 NB =       163.3218  1-4 EEL =      -379.3115  VDWAALS    =      4829.7032
 EELEC  =    -45985.4770  EHBOND  =         0.0000  RESTRAINT  =         0.0000
 EKCMT  =      3267.9983  VIRIAL  =      3814.7346  VOLUME     =    117167.0639
                                                    Density    =         1.0317
 Ewald error estimate:   0.1826E-04
 ------------------------------------------------------------------------------


 NSTEP =    81250   TIME(PS) =     982.500  TEMP(K) =   298.22  PRESS =  -100.9
 Etot   =    -33293.9514  EKtot   =      7061.6974  EPtot      =    -40355.6488
 BOND   =       164.3948  ANGLE   =       339.1910  DIHED      =       498.4410
 1-4 NB =       174.2310  1-4 EEL =      -332.1283  VDWAALS    =      4802.0075
 EELEC  =    -46001.7859  EHBOND  =         0.0000  RESTRAINT  =         0.0000
 EKCMT  =      3362.4319  VIRIAL  =      3617.7514  VOLUME     =    117166.7149
                                                    Density    =         1.0318
 Ewald error estimate:   0.8132E-04
 ------------------------------------------------------------------------------


 NSTEP =    81500   TIME(PS) =     983.000  TEMP(K) =   297.71  PRESS =   405.1
 Etot   =    -33160.3299  EKtot   =      7049.5439  EPtot      =    -40209.8737
 BOND   =       159.6636  ANGLE   =       346.4275  DIHED      =       506.9098
 1-4 NB =       170.8867  1-4 EEL =      -370.2121  VDWAALS    =      4896.4687
 EELEC  =    -45920.0180  EHBOND  =         0.0000  RESTRAINT  =         0.0000
 EKCMT  =      3342.1577  VIRIAL  =      2318.9407  VOLUME     =    116984.4069
                                                    Density    =         1.0334
 Ewald error estimate:   0.1497E-03
 ------------------------------------------------------------------------------


 NSTEP =    81750   TIME(PS) =     983.500  TEMP(K) =   299.45  PRESS =     6.0
 Etot   =    -33161.0535  EKtot   =      7090.7014  EPtot      =    -40251.7550
 BOND   =       165.1204  ANGLE   =       345.0553  DIHED      =       518.3712
 1-4 NB =       169.0880  1-4 EEL =      -363.6490  VDWAALS    =      4801.4636
 EELEC  =    -45887.2044  EHBOND  =         0.0000  RESTRAINT  =         0.0000
 EKCMT  =      3329.5306  VIRIAL  =      3314.2964  VOLUME     =    117181.9913
                                                    Density    =         1.0316
 Ewald error estimate:   0.3577E-04
 ------------------------------------------------------------------------------


 NSTEP =    82000   TIME(PS) =     984.000  TEMP(K) =   303.51  PRESS =     9.3
 Etot   =    -33236.9089  EKtot   =      7186.8803  EPtot      =    -40423.7891
 BOND   =       166.3964  ANGLE   =       345.1511  DIHED      =       500.8124
 1-4 NB =       167.0493  1-4 EEL =      -361.6055  VDWAALS    =      4826.2939
 EELEC  =    -46067.8868  EHBOND  =         0.0000  RESTRAINT  =         0.0000
 EKCMT  =      3364.4721  VIRIAL  =      3340.9469  VOLUME     =    117184.4814
                                                    Density    =         1.0316
 Ewald error estimate:   0.5711E-04
 ------------------------------------------------------------------------------


 NSTEP =    82250   TIME(PS) =     984.500  TEMP(K) =   301.65  PRESS =   -34.0
 Etot   =    -33299.3736  EKtot   =      7142.8841  EPtot      =    -40442.2577
 BOND   =       154.6168  ANGLE   =       342.9835  DIHED      =       502.2807
 1-4 NB =       165.1948  1-4 EEL =      -342.7125  VDWAALS    =      4806.7294
 EELEC  =    -46071.3504  EHBOND  =         0.0000  RESTRAINT  =         0.0000
 EKCMT  =      3387.4286  VIRIAL  =      3473.3552  VOLUME     =    117156.5788
                                                    Density    =         1.0318
 Ewald error estimate:   0.1809E-04
 ------------------------------------------------------------------------------


 NSTEP =    82500   TIME(PS) =     985.000  TEMP(K) =   299.18  PRESS =   279.2
 Etot   =    -33294.7183  EKtot   =      7084.4482  EPtot      =    -40379.1665
 BOND   =       148.3244  ANGLE   =       355.7245  DIHED      =       510.7809
 1-4 NB =       173.2390  1-4 EEL =      -373.8760  VDWAALS    =      4913.7834
 EELEC  =    -46107.1427  EHBOND  =         0.0000  RESTRAINT  =         0.0000
 EKCMT  =      3284.5567  VIRIAL  =      2578.2475  VOLUME     =    117173.9317
                                                    Density    =         1.0317
 Ewald error estimate:   0.7558E-04
 ------------------------------------------------------------------------------


 NSTEP =    82750   TIME(PS) =     985.500  TEMP(K) =   297.75  PRESS =    12.1
 Etot   =    -33227.5100  EKtot   =      7050.4444  EPtot      =    -40277.9544
 BOND   =       149.7462  ANGLE   =       364.8634  DIHED      =       499.4976
 1-4 NB =       173.6664  1-4 EEL =      -371.4672  VDWAALS    =      4874.1379
 EELEC  =    -45968.3987  EHBOND  =         0.0000  RESTRAINT  =         0.0000
 EKCMT  =      3273.4507  VIRIAL  =      3242.9475  VOLUME     =    117117.7566
                                                    Density    =         1.0322
 Ewald error estimate:   0.2047E-03
 ------------------------------------------------------------------------------


 NSTEP =    83000   TIME(PS) =     986.000  TEMP(K) =   302.88  PRESS =   155.6
 Etot   =    -33188.5544  EKtot   =      7172.1093  EPtot      =    -40360.6638
 BOND   =       155.6298  ANGLE   =       332.6340  DIHED      =       496.5144
 1-4 NB =       167.1414  1-4 EEL =      -339.5467  VDWAALS    =      4969.5436
 EELEC  =    -46142.5802  EHBOND  =         0.0000  RESTRAINT  =         0.0000
 EKCMT  =      3326.0163  VIRIAL  =      2932.6079  VOLUME     =    117064.4202
                                                    Density    =         1.0327
 Ewald error estimate:   0.2921E-04
 ------------------------------------------------------------------------------


 NSTEP =    83250   TIME(PS) =     986.500  TEMP(K) =   302.53  PRESS =  -170.1
 Etot   =    -33232.1096  EKtot   =      7163.6554  EPtot      =    -40395.7651
 BOND   =       135.4609  ANGLE   =       362.3288  DIHED      =       505.3971
 1-4 NB =       161.6800  1-4 EEL =      -375.2498  VDWAALS    =      4883.9686
 EELEC  =    -46069.3507  EHBOND  =         0.0000  RESTRAINT  =         0.0000
 EKCMT  =      3338.5774  VIRIAL  =      3768.6914  VOLUME     =    117117.8846
                                                    Density    =         1.0322
 Ewald error estimate:   0.1159E-03
 ------------------------------------------------------------------------------


 NSTEP =    83500   TIME(PS) =     987.000  TEMP(K) =   303.12  PRESS =    50.8
 Etot   =    -33170.5185  EKtot   =      7177.6278  EPtot      =    -40348.1464
 BOND   =       149.1039  ANGLE   =       361.8413  DIHED      =       499.7530
 1-4 NB =       176.1095  1-4 EEL =      -350.9541  VDWAALS    =      4755.6271
 EELEC  =    -45939.6271  EHBOND  =         0.0000  RESTRAINT  =         0.0000
 EKCMT  =      3385.5877  VIRIAL  =      3256.8056  VOLUME     =    117431.7519
                                                    Density    =         1.0294
 Ewald error estimate:   0.1289E-03
 ------------------------------------------------------------------------------


 NSTEP =    83750   TIME(PS) =     987.500  TEMP(K) =   296.96  PRESS =  -303.6
 Etot   =    -33277.9837  EKtot   =      7031.8656  EPtot      =    -40309.8494
 BOND   =       168.2242  ANGLE   =       341.3449  DIHED      =       508.5324
 1-4 NB =       168.5733  1-4 EEL =      -345.5855  VDWAALS    =      4747.5069
 EELEC  =    -45898.4455  EHBOND  =         0.0000  RESTRAINT  =         0.0000
 EKCMT  =      3310.6191  VIRIAL  =      4078.8600  VOLUME     =    117195.5956
                                                    Density    =         1.0315
 Ewald error estimate:   0.7092E-04
 ------------------------------------------------------------------------------


 NSTEP =    84000   TIME(PS) =     988.000  TEMP(K) =   303.72  PRESS =   285.3
 Etot   =    -33194.5085  EKtot   =      7191.8464  EPtot      =    -40386.3549
 BOND   =       145.3192  ANGLE   =       364.3984  DIHED      =       502.5440
 1-4 NB =       167.6264  1-4 EEL =      -342.4231  VDWAALS    =      4943.6708
 EELEC  =    -46167.4905  EHBOND  =         0.0000  RESTRAINT  =         0.0000
 EKCMT  =      3328.3463  VIRIAL  =      2606.6954  VOLUME     =    117151.9119
                                                    Density    =         1.0319
 Ewald error estimate:   0.5807E-04
 ------------------------------------------------------------------------------


 NSTEP =    84250   TIME(PS) =     988.500  TEMP(K) =   297.92  PRESS =   -69.0
 Etot   =    -33157.5388  EKtot   =      7054.6054  EPtot      =    -40212.1442
 BOND   =       133.5961  ANGLE   =       375.4232  DIHED      =       496.2162
 1-4 NB =       169.0737  1-4 EEL =      -370.4079  VDWAALS    =      4773.8277
 EELEC  =    -45789.8731  EHBOND  =         0.0000  RESTRAINT  =         0.0000
 EKCMT  =      3241.3216  VIRIAL  =      3415.7431  VOLUME     =    117091.3973
                                                    Density    =         1.0324
 Ewald error estimate:   0.9900E-04
 ------------------------------------------------------------------------------


 NSTEP =    84500   TIME(PS) =     989.000  TEMP(K) =   302.63  PRESS =   160.6
 Etot   =    -33160.2371  EKtot   =      7166.0526  EPtot      =    -40326.2897
 BOND   =       186.1886  ANGLE   =       337.7694  DIHED      =       502.2118
 1-4 NB =       165.8819  1-4 EEL =      -352.9782  VDWAALS    =      4840.6859
 EELEC  =    -46006.0491  EHBOND  =         0.0000  RESTRAINT  =         0.0000
 EKCMT  =      3451.1684  VIRIAL  =      3044.7689  VOLUME     =    117172.5065
                                                    Density    =         1.0317
 Ewald error estimate:   0.1661E-03
 ------------------------------------------------------------------------------


 NSTEP =    84750   TIME(PS) =     989.500  TEMP(K) =   297.37  PRESS =  -100.7
 Etot   =    -33281.3840  EKtot   =      7041.5176  EPtot      =    -40322.9016
 BOND   =       155.2378  ANGLE   =       346.6046  DIHED      =       497.7798
 1-4 NB =       163.0309  1-4 EEL =      -352.2003  VDWAALS    =      4832.2639
 EELEC  =    -45965.6183  EHBOND  =         0.0000  RESTRAINT  =         0.0000
 EKCMT  =      3293.9924  VIRIAL  =      3548.6934  VOLUME     =    117113.5436
                                                    Density    =         1.0322
 Ewald error estimate:   0.1522E-03
 ------------------------------------------------------------------------------


 NSTEP =    85000   TIME(PS) =     990.000  TEMP(K) =   298.33  PRESS =   209.2
 Etot   =    -33250.9605  EKtot   =      7064.3579  EPtot      =    -40315.3183
 BOND   =       160.7305  ANGLE   =       337.0837  DIHED      =       507.5438
 1-4 NB =       167.8546  1-4 EEL =      -354.1452  VDWAALS    =      4985.8516
 EELEC  =    -46120.2373  EHBOND  =         0.0000  RESTRAINT  =         0.0000
 EKCMT  =      3275.9490  VIRIAL  =      2746.8272  VOLUME     =    117154.1564
                                                    Density    =         1.0319
 Ewald error estimate:   0.1310E-03
 ------------------------------------------------------------------------------


 NSTEP =    85250   TIME(PS) =     990.500  TEMP(K) =   298.33  PRESS =    15.2
 Etot   =    -33308.7274  EKtot   =      7064.3021  EPtot      =    -40373.0296
 BOND   =       171.1905  ANGLE   =       335.2215  DIHED      =       508.0552
 1-4 NB =       172.5917  1-4 EEL =      -338.6601  VDWAALS    =      4802.4868
 EELEC  =    -46023.9152  EHBOND  =         0.0000  RESTRAINT  =         0.0000
 EKCMT  =      3357.2831  VIRIAL  =      3318.9640  VOLUME     =    117122.4695
                                                    Density    =         1.0321
 Ewald error estimate:   0.2802E-04
 ------------------------------------------------------------------------------


 NSTEP =    85500   TIME(PS) =     991.000  TEMP(K) =   303.01  PRESS =   -29.7
 Etot   =    -33294.0866  EKtot   =      7175.1012  EPtot      =    -40469.1878
 BOND   =       149.8478  ANGLE   =       367.7941  DIHED      =       518.8449
 1-4 NB =       166.1605  1-4 EEL =      -364.5667  VDWAALS    =      4883.0755
 EELEC  =    -46190.3440  EHBOND  =         0.0000  RESTRAINT  =         0.0000
 EKCMT  =      3356.2871  VIRIAL  =      3431.2268  VOLUME     =    116940.2417
                                                    Density    =         1.0337
 Ewald error estimate:   0.9233E-04
 ------------------------------------------------------------------------------


 NSTEP =    85750   TIME(PS) =     991.500  TEMP(K) =   301.07  PRESS =   -67.3
 Etot   =    -33249.0530  EKtot   =      7129.0376  EPtot      =    -40378.0906
 BOND   =       143.1336  ANGLE   =       349.5494  DIHED      =       517.4450
 1-4 NB =       164.4077  1-4 EEL =      -338.2434  VDWAALS    =      4742.6461
 EELEC  =    -45957.0290  EHBOND  =         0.0000  RESTRAINT  =         0.0000
 EKCMT  =      3311.4148  VIRIAL  =      3481.0988  VOLUME     =    116813.9305
                                                    Density    =         1.0349
 Ewald error estimate:   0.1411E-03
 ------------------------------------------------------------------------------


 NSTEP =    86000   TIME(PS) =     992.000  TEMP(K) =   296.91  PRESS =   237.8
 Etot   =    -33291.6082  EKtot   =      7030.7154  EPtot      =    -40322.3235
 BOND   =       155.7411  ANGLE   =       367.0192  DIHED      =       518.8191
 1-4 NB =       158.8486  1-4 EEL =      -358.9112  VDWAALS    =      4860.2138
 EELEC  =    -46024.0541  EHBOND  =         0.0000  RESTRAINT  =         0.0000
 EKCMT  =      3364.1041  VIRIAL  =      2764.3035  VOLUME     =    116830.8730
                                                    Density    =         1.0347
 Ewald error estimate:   0.6207E-04
 ------------------------------------------------------------------------------


 NSTEP =    86250   TIME(PS) =     992.500  TEMP(K) =   306.91  PRESS =  -216.9
 Etot   =    -33290.5916  EKtot   =      7267.4706  EPtot      =    -40558.0622
 BOND   =       143.8253  ANGLE   =       344.1521  DIHED      =       497.4992
 1-4 NB =       171.0351  1-4 EEL =      -364.7598  VDWAALS    =      4815.7403
 EELEC  =    -46165.5544  EHBOND  =         0.0000  RESTRAINT  =         0.0000
 EKCMT  =      3421.4250  VIRIAL  =      3968.5039  VOLUME     =    116832.6582
                                                    Density    =         1.0347
 Ewald error estimate:   0.2290E-04
 ------------------------------------------------------------------------------


 NSTEP =    86500   TIME(PS) =     993.000  TEMP(K) =   296.08  PRESS =  -273.1
 Etot   =    -33338.5474  EKtot   =      7011.0664  EPtot      =    -40349.6137
 BOND   =       154.3607  ANGLE   =       350.0361  DIHED      =       504.7524
 1-4 NB =       175.7433  1-4 EEL =      -345.7860  VDWAALS    =      4733.9135
 EELEC  =    -45922.6337  EHBOND  =         0.0000  RESTRAINT  =         0.0000
 EKCMT  =      3306.0282  VIRIAL  =      3994.4677  VOLUME     =    116734.5473
                                                    Density    =         1.0356
 Ewald error estimate:   0.3553E-05
 ------------------------------------------------------------------------------


 NSTEP =    86750   TIME(PS) =     993.500  TEMP(K) =   300.43  PRESS =   218.9
 Etot   =    -33328.2891  EKtot   =      7113.9852  EPtot      =    -40442.2744
 BOND   =       139.4148  ANGLE   =       327.6266  DIHED      =       525.1697
 1-4 NB =       165.0096  1-4 EEL =      -358.3204  VDWAALS    =      4891.1561
 EELEC  =    -46132.3307  EHBOND  =         0.0000  RESTRAINT  =         0.0000
 EKCMT  =      3347.4470  VIRIAL  =      2794.7415  VOLUME     =    116915.9254
                                                    Density    =         1.0340
 Ewald error estimate:   0.8132E-04
 ------------------------------------------------------------------------------


 NSTEP =    87000   TIME(PS) =     994.000  TEMP(K) =   295.58  PRESS =    97.7
 Etot   =    -33296.4545  EKtot   =      6999.1060  EPtot      =    -40295.5605
 BOND   =       146.4699  ANGLE   =       343.1252  DIHED      =       506.6338
 1-4 NB =       171.7127  1-4 EEL =      -358.4589  VDWAALS    =      4911.1022
 EELEC  =    -46016.1454  EHBOND  =         0.0000  RESTRAINT  =         0.0000
 EKCMT  =      3345.8859  VIRIAL  =      3099.2794  VOLUME     =    116943.5787
                                                    Density    =         1.0337
 Ewald error estimate:   0.2358E-03
 ------------------------------------------------------------------------------


 NSTEP =    87250   TIME(PS) =     994.500  TEMP(K) =   299.86  PRESS =   -28.5
 Etot   =    -33235.4885  EKtot   =      7100.5654  EPtot      =    -40336.0539
 BOND   =       157.4258  ANGLE   =       351.8683  DIHED      =       508.1205
 1-4 NB =       171.3431  1-4 EEL =      -353.8345  VDWAALS    =      4843.1757
 EELEC  =    -46014.1528  EHBOND  =         0.0000  RESTRAINT  =         0.0000
 EKCMT  =      3292.0972  VIRIAL  =      3364.0897  VOLUME     =    116932.7789
                                                    Density    =         1.0338
 Ewald error estimate:   0.8701E-04
 ------------------------------------------------------------------------------


 NSTEP =    87500   TIME(PS) =     995.000  TEMP(K) =   300.53  PRESS =   154.9
 Etot   =    -33393.3041  EKtot   =      7116.2525  EPtot      =    -40509.5566
 BOND   =       154.5093  ANGLE   =       335.2806  DIHED      =       522.4149
 1-4 NB =       172.6686  1-4 EEL =      -330.9561  VDWAALS    =      4994.1010
 EELEC  =    -46357.5750  EHBOND  =         0.0000  RESTRAINT  =         0.0000
 EKCMT  =      3316.1181  VIRIAL  =      2924.6693  VOLUME     =    117009.5662
                                                    Density    =         1.0331
 Ewald error estimate:   0.3582E-05
 ------------------------------------------------------------------------------


 NSTEP =    87750   TIME(PS) =     995.500  TEMP(K) =   296.96  PRESS =    -8.1
 Etot   =    -33397.3274  EKtot   =      7031.7524  EPtot      =    -40429.0797
 BOND   =       144.3247  ANGLE   =       346.9363  DIHED      =       510.7173
 1-4 NB =       161.9919  1-4 EEL =      -344.4135  VDWAALS    =      4878.5290
 EELEC  =    -46127.1655  EHBOND  =         0.0000  RESTRAINT  =         0.0000
 EKCMT  =      3309.3775  VIRIAL  =      3329.8103  VOLUME     =    116900.4440
                                                    Density    =         1.0341
 Ewald error estimate:   0.9172E-05
 ------------------------------------------------------------------------------


 NSTEP =    88000   TIME(PS) =     996.000  TEMP(K) =   297.95  PRESS =    41.3
 Etot   =    -33229.8444  EKtot   =      7055.3686  EPtot      =    -40285.2130
 BOND   =       154.9300  ANGLE   =       362.2417  DIHED      =       501.4046
 1-4 NB =       166.3277  1-4 EEL =      -376.5838  VDWAALS    =      4872.3799
 EELEC  =    -45965.9130  EHBOND  =         0.0000  RESTRAINT  =         0.0000
 EKCMT  =      3315.2655  VIRIAL  =      3211.0308  VOLUME     =    116864.7672
                                                    Density    =         1.0344
 Ewald error estimate:   0.3989E-04
 ------------------------------------------------------------------------------


 NSTEP =    88250   TIME(PS) =     996.500  TEMP(K) =   298.05  PRESS =  -563.5
 Etot   =    -33250.7639  EKtot   =      7057.5968  EPtot      =    -40308.3607
 BOND   =       158.3295  ANGLE   =       354.3309  DIHED      =       506.0251
 1-4 NB =       172.5802  1-4 EEL =      -333.4615  VDWAALS    =      4611.0574
 EELEC  =    -45777.2222  EHBOND  =         0.0000  RESTRAINT  =         0.0000
 EKCMT  =      3325.7732  VIRIAL  =      4747.3407  VOLUME     =    116831.3689
                                                    Density    =         1.0347
 Ewald error estimate:   0.4171E-04
 ------------------------------------------------------------------------------


 NSTEP =    88500   TIME(PS) =     997.000  TEMP(K) =   301.30  PRESS =    88.9
 Etot   =    -33248.3849  EKtot   =      7134.5456  EPtot      =    -40382.9305
 BOND   =       146.4639  ANGLE   =       352.0594  DIHED      =       508.4522
 1-4 NB =       165.6666  1-4 EEL =      -341.6612  VDWAALS    =      4814.2100
 EELEC  =    -46028.1215  EHBOND  =         0.0000  RESTRAINT  =         0.0000
 EKCMT  =      3372.0709  VIRIAL  =      3147.9457  VOLUME     =    116724.1960
                                                    Density    =         1.0357
 Ewald error estimate:   0.8509E-05
 ------------------------------------------------------------------------------


 NSTEP =    88750   TIME(PS) =     997.500  TEMP(K) =   298.33  PRESS =  -248.2
 Etot   =    -33297.4766  EKtot   =      7064.1570  EPtot      =    -40361.6335
 BOND   =       147.2266  ANGLE   =       360.9957  DIHED      =       491.0910
 1-4 NB =       166.3990  1-4 EEL =      -338.5520  VDWAALS    =      4724.4831
 EELEC  =    -45913.2770  EHBOND  =         0.0000  RESTRAINT  =         0.0000
 EKCMT  =      3241.9876  VIRIAL  =      3867.2855  VOLUME     =    116684.3205
                                                    Density    =         1.0360
 Ewald error estimate:   0.2868E-04
 ------------------------------------------------------------------------------


 NSTEP =    89000   TIME(PS) =     998.000  TEMP(K) =   300.78  PRESS =    29.5
 Etot   =    -33294.8106  EKtot   =      7122.3787  EPtot      =    -40417.1892
 BOND   =       162.6620  ANGLE   =       339.8679  DIHED      =       516.1284
 1-4 NB =       164.1510  1-4 EEL =      -342.0703  VDWAALS    =      4946.3220
 EELEC  =    -46204.2504  EHBOND  =         0.0000  RESTRAINT  =         0.0000
 EKCMT  =      3327.3133  VIRIAL  =      3253.0733  VOLUME     =    116633.2511
                                                    Density    =         1.0365
 Ewald error estimate:   0.1226E-03
 ------------------------------------------------------------------------------


 NSTEP =    89250   TIME(PS) =     998.500  TEMP(K) =   298.49  PRESS =   -45.9
 Etot   =    -33344.2198  EKtot   =      7067.9991  EPtot      =    -40412.2189
 BOND   =       153.4744  ANGLE   =       348.7554  DIHED      =       507.4150
 1-4 NB =       174.2146  1-4 EEL =      -330.8061  VDWAALS    =      4950.5951
 EELEC  =    -46215.8674  EHBOND  =         0.0000  RESTRAINT  =         0.0000
 EKCMT  =      3281.6434  VIRIAL  =      3397.3904  VOLUME     =    116718.5753
                                                    Density    =         1.0357
 Ewald error estimate:   0.3492E-04
 ------------------------------------------------------------------------------


 NSTEP =    89500   TIME(PS) =     999.000  TEMP(K) =   298.35  PRESS =   194.4
 Etot   =    -33281.5392  EKtot   =      7064.7342  EPtot      =    -40346.2735
 BOND   =       158.6703  ANGLE   =       390.8185  DIHED      =       513.1838
 1-4 NB =       165.1502  1-4 EEL =      -369.1140  VDWAALS    =      4922.0930
 EELEC  =    -46127.0754  EHBOND  =         0.0000  RESTRAINT  =         0.0000
 EKCMT  =      3313.7621  VIRIAL  =      2823.4122  VOLUME     =    116806.4287
                                                    Density    =         1.0349
 Ewald error estimate:   0.5689E-04
 ------------------------------------------------------------------------------


 NSTEP =    89750   TIME(PS) =     999.500  TEMP(K) =   299.73  PRESS =  -130.2
 Etot   =    -33264.1591  EKtot   =      7097.3982  EPtot      =    -40361.5573
 BOND   =       160.1848  ANGLE   =       358.4319  DIHED      =       515.4193
 1-4 NB =       171.7274  1-4 EEL =      -343.3790  VDWAALS    =      4833.1346
 EELEC  =    -46057.0764  EHBOND  =         0.0000  RESTRAINT  =         0.0000
 EKCMT  =      3295.0618  VIRIAL  =      3623.3331  VOLUME     =    116763.2101
                                                    Density    =         1.0353
 Ewald error estimate:   0.2446E-04
 ------------------------------------------------------------------------------


 NSTEP =    90000   TIME(PS) =    1000.000  TEMP(K) =   300.46  PRESS =   -70.3
 Etot   =    -33315.9551  EKtot   =      7114.8114  EPtot      =    -40430.7664
 BOND   =       153.2896  ANGLE   =       348.2267  DIHED      =       524.6346
 1-4 NB =       169.9119  1-4 EEL =      -347.2501  VDWAALS    =      4803.1456
 EELEC  =    -46082.7248  EHBOND  =         0.0000  RESTRAINT  =         0.0000
 EKCMT  =      3340.4535  VIRIAL  =      3517.7580  VOLUME     =    116836.6635
                                                    Density    =         1.0347
 Ewald error estimate:   0.7298E-04
 ------------------------------------------------------------------------------


 NSTEP =    90250   TIME(PS) =    1000.500  TEMP(K) =   296.28  PRESS =   -41.2
 Etot   =    -33405.8861  EKtot   =      7015.8065  EPtot      =    -40421.6926
 BOND   =       141.2419  ANGLE   =       329.7027  DIHED      =       519.2943
 1-4 NB =       171.2249  1-4 EEL =      -335.2308  VDWAALS    =      4862.6811
 EELEC  =    -46110.6067  EHBOND  =         0.0000  RESTRAINT  =         0.0000
 EKCMT  =      3246.8854  VIRIAL  =      3350.7070  VOLUME     =    116833.2042
                                                    Density    =         1.0347
 Ewald error estimate:   0.1157E-03
 ------------------------------------------------------------------------------


 NSTEP =    90500   TIME(PS) =    1001.000  TEMP(K) =   300.55  PRESS =  -293.0
 Etot   =    -33373.0747  EKtot   =      7116.7609  EPtot      =    -40489.8356
 BOND   =       144.5553  ANGLE   =       343.5939  DIHED      =       492.0235
 1-4 NB =       177.6712  1-4 EEL =      -343.0752  VDWAALS    =      4707.7488
 EELEC  =    -46012.3533  EHBOND  =         0.0000  RESTRAINT  =         0.0000
 EKCMT  =      3317.5248  VIRIAL  =      4056.3372  VOLUME     =    116794.7430
                                                    Density    =         1.0350
 Ewald error estimate:   0.2738E-04
 ------------------------------------------------------------------------------


 NSTEP =    90750   TIME(PS) =    1001.500  TEMP(K) =   300.34  PRESS =   -30.4
 Etot   =    -33331.4362  EKtot   =      7111.7917  EPtot      =    -40443.2279
 BOND   =       172.6303  ANGLE   =       366.7348  DIHED      =       500.7752
 1-4 NB =       163.0001  1-4 EEL =      -346.2679  VDWAALS    =      4955.4581
 EELEC  =    -46255.5585  EHBOND  =         0.0000  RESTRAINT  =         0.0000
 EKCMT  =      3284.5573  VIRIAL  =      3361.1721  VOLUME     =    116836.8114
                                                    Density    =         1.0347
 Ewald error estimate:   0.2029E-03
 ------------------------------------------------------------------------------


 NSTEP =    91000   TIME(PS) =    1002.000  TEMP(K) =   301.99  PRESS =     1.1
 Etot   =    -33204.0228  EKtot   =      7150.8243  EPtot      =    -40354.8471
 BOND   =       168.7509  ANGLE   =       358.1222  DIHED      =       505.7892
 1-4 NB =       171.5472  1-4 EEL =      -347.7685  VDWAALS    =      4781.6966
 EELEC  =    -45992.9847  EHBOND  =         0.0000  RESTRAINT  =         0.0000
 EKCMT  =      3374.4111  VIRIAL  =      3371.5578  VOLUME     =    116939.8227
                                                    Density    =         1.0338
 Ewald error estimate:   0.3189E-04
 ------------------------------------------------------------------------------


 NSTEP =    91250   TIME(PS) =    1002.500  TEMP(K) =   296.77  PRESS =   211.3
 Etot   =    -33126.1162  EKtot   =      7027.2595  EPtot      =    -40153.3757
 BOND   =       162.8052  ANGLE   =       373.0124  DIHED      =       516.0040
 1-4 NB =       170.4272  1-4 EEL =      -364.0039  VDWAALS    =      4874.1224
 EELEC  =    -45885.7429  EHBOND  =         0.0000  RESTRAINT  =         0.0000
 EKCMT  =      3237.4686  VIRIAL  =      2704.0290  VOLUME     =    116918.7117
                                                    Density    =         1.0339
 Ewald error estimate:   0.8413E-05
 ------------------------------------------------------------------------------


 NSTEP =    91500   TIME(PS) =    1003.000  TEMP(K) =   299.57  PRESS =    46.6
 Etot   =    -33174.9609  EKtot   =      7093.6512  EPtot      =    -40268.6121
 BOND   =       160.4544  ANGLE   =       352.4336  DIHED      =       507.3325
 1-4 NB =       169.8732  1-4 EEL =      -342.0551  VDWAALS    =      4811.6031
 EELEC  =    -45928.2538  EHBOND  =         0.0000  RESTRAINT  =         0.0000
 EKCMT  =      3310.1857  VIRIAL  =      3192.4822  VOLUME     =    116890.9480
                                                    Density    =         1.0342
 Ewald error estimate:   0.1653E-03
 ------------------------------------------------------------------------------


 NSTEP =    91750   TIME(PS) =    1003.500  TEMP(K) =   300.10  PRESS =  -100.5
 Etot   =    -33238.5028  EKtot   =      7106.2780  EPtot      =    -40344.7808
 BOND   =       145.1395  ANGLE   =       354.1397  DIHED      =       516.7426
 1-4 NB =       163.9668  1-4 EEL =      -367.9735  VDWAALS    =      4816.3316
 EELEC  =    -45973.1276  EHBOND  =         0.0000  RESTRAINT  =         0.0000
 EKCMT  =      3269.9992  VIRIAL  =      3523.7719  VOLUME     =    116960.4580
                                                    Density    =         1.0336
 Ewald error estimate:   0.1080E-03
 ------------------------------------------------------------------------------


 NSTEP =    92000   TIME(PS) =    1004.000  TEMP(K) =   302.94  PRESS =   461.7
 Etot   =    -33175.6930  EKtot   =      7173.4693  EPtot      =    -40349.1623
 BOND   =       156.2660  ANGLE   =       347.4597  DIHED      =       507.3663
 1-4 NB =       165.8832  1-4 EEL =      -350.8986  VDWAALS    =      4977.7985
 EELEC  =    -46153.0375  EHBOND  =         0.0000  RESTRAINT  =         0.0000
 EKCMT  =      3370.7281  VIRIAL  =      2202.0071  VOLUME     =    117232.1198
                                                    Density    =         1.0312
 Ewald error estimate:   0.1623E-03
 ------------------------------------------------------------------------------


 NSTEP =    92250   TIME(PS) =    1004.500  TEMP(K) =   302.19  PRESS =   -41.3
 Etot   =    -33323.1375  EKtot   =      7155.7593  EPtot      =    -40478.8968
 BOND   =       161.7084  ANGLE   =       353.4120  DIHED      =       516.8210
 1-4 NB =       174.5540  1-4 EEL =      -347.0088  VDWAALS    =      4870.8908
 EELEC  =    -46209.2742  EHBOND  =         0.0000  RESTRAINT  =         0.0000
 EKCMT  =      3325.8741  VIRIAL  =      3430.6253  VOLUME     =    117477.2373
                                                    Density    =         1.0290
 Ewald error estimate:   0.2215E-05
 ------------------------------------------------------------------------------


 NSTEP =    92500   TIME(PS) =    1005.000  TEMP(K) =   300.70  PRESS =   -27.8
 Etot   =    -33282.6044  EKtot   =      7120.2771  EPtot      =    -40402.8815
 BOND   =       140.6767  ANGLE   =       330.2484  DIHED      =       524.9812
 1-4 NB =       167.5687  1-4 EEL =      -342.2765  VDWAALS    =      4819.5090
 EELEC  =    -46043.5890  EHBOND  =         0.0000  RESTRAINT  =         0.0000
 EKCMT  =      3372.6408  VIRIAL  =      3443.0442  VOLUME     =    117315.6578
                                                    Density    =         1.0304
 Ewald error estimate:   0.1668E-03
 ------------------------------------------------------------------------------


 NSTEP =    92750   TIME(PS) =    1005.500  TEMP(K) =   295.87  PRESS =   -46.8
 Etot   =    -33429.3527  EKtot   =      7006.1067  EPtot      =    -40435.4595
 BOND   =       146.7676  ANGLE   =       371.2367  DIHED      =       513.4875
 1-4 NB =       171.8200  1-4 EEL =      -366.3876  VDWAALS    =      4908.2318
 EELEC  =    -46180.6155  EHBOND  =         0.0000  RESTRAINT  =         0.0000
 EKCMT  =      3286.7872  VIRIAL  =      3405.3135  VOLUME     =    117218.4987
                                                    Density    =         1.0313
 Ewald error estimate:   0.1140E-03
 ------------------------------------------------------------------------------


 NSTEP =    93000   TIME(PS) =    1006.000  TEMP(K) =   299.21  PRESS =    17.8
 Etot   =    -33282.0373  EKtot   =      7085.2211  EPtot      =    -40367.2583
 BOND   =       166.5506  ANGLE   =       340.4422  DIHED      =       508.1516
 1-4 NB =       167.9320  1-4 EEL =      -356.6680  VDWAALS    =      4900.6380
 EELEC  =    -46094.3046  EHBOND  =         0.0000  RESTRAINT  =         0.0000
 EKCMT  =      3327.0956  VIRIAL  =      3282.1308  VOLUME     =    117280.2788
                                                    Density    =         1.0308
 Ewald error estimate:   0.2423E-04
 ------------------------------------------------------------------------------


 NSTEP =    93250   TIME(PS) =    1006.500  TEMP(K) =   298.94  PRESS =    53.9
 Etot   =    -33353.3362  EKtot   =      7078.8061  EPtot      =    -40432.1422
 BOND   =       161.7046  ANGLE   =       328.9122  DIHED      =       506.4245
 1-4 NB =       168.8724  1-4 EEL =      -344.0980  VDWAALS    =      4842.0556
 EELEC  =    -46096.0135  EHBOND  =         0.0000  RESTRAINT  =         0.0000
 EKCMT  =      3229.4673  VIRIAL  =      3093.1713  VOLUME     =    117117.7278
                                                    Density    =         1.0322
 Ewald error estimate:   0.9980E-04
 ------------------------------------------------------------------------------


 NSTEP =    93500   TIME(PS) =    1007.000  TEMP(K) =   299.84  PRESS =  -143.7
 Etot   =    -33425.2294  EKtot   =      7099.9973  EPtot      =    -40525.2267
 BOND   =       170.6995  ANGLE   =       353.5275  DIHED      =       515.3879
 1-4 NB =       169.9879  1-4 EEL =      -372.2632  VDWAALS    =      4877.3720
 EELEC  =    -46239.9382  EHBOND  =         0.0000  RESTRAINT  =         0.0000
 EKCMT  =      3326.0223  VIRIAL  =      3689.1514  VOLUME     =    116999.8735
                                                    Density    =         1.0332
 Ewald error estimate:   0.9363E-05
 ------------------------------------------------------------------------------


 NSTEP =    93750   TIME(PS) =    1007.500  TEMP(K) =   295.87  PRESS =   277.8
 Etot   =    -33350.3405  EKtot   =      7005.9055  EPtot      =    -40356.2460
 BOND   =       143.0119  ANGLE   =       362.3834  DIHED      =       508.7948
 1-4 NB =       175.3203  1-4 EEL =      -340.9634  VDWAALS    =      4980.3280
 EELEC  =    -46185.1211  EHBOND  =         0.0000  RESTRAINT  =         0.0000
 EKCMT  =      3316.6828  VIRIAL  =      2615.0276  VOLUME     =    117000.2308
                                                    Density    =         1.0332
 Ewald error estimate:   0.9076E-05
 ------------------------------------------------------------------------------


 NSTEP =    94000   TIME(PS) =    1008.000  TEMP(K) =   297.03  PRESS =   264.3
 Etot   =    -33440.3686  EKtot   =      7033.4526  EPtot      =    -40473.8212
 BOND   =       151.6836  ANGLE   =       364.0061  DIHED      =       500.5211
 1-4 NB =       170.1144  1-4 EEL =      -336.0128  VDWAALS    =      4918.7521
 EELEC  =    -46242.8857  EHBOND  =         0.0000  RESTRAINT  =         0.0000
 EKCMT  =      3262.3051  VIRIAL  =      2594.4865  VOLUME     =    117030.8859
                                                    Density    =         1.0329
 Ewald error estimate:   0.2670E-04
 ------------------------------------------------------------------------------


 NSTEP =    94250   TIME(PS) =    1008.500  TEMP(K) =   299.11  PRESS =   196.0
 Etot   =    -33362.1612  EKtot   =      7082.7080  EPtot      =    -40444.8693
 BOND   =       153.8897  ANGLE   =       373.9792  DIHED      =       496.9991
 1-4 NB =       161.7826  1-4 EEL =      -353.2903  VDWAALS    =      4887.3996
 EELEC  =    -46165.6292  EHBOND  =         0.0000  RESTRAINT  =         0.0000
 EKCMT  =      3320.6755  VIRIAL  =      2825.3866  VOLUME     =    117043.9881
                                                    Density    =         1.0328
 Ewald error estimate:   0.1694E-03
 ------------------------------------------------------------------------------


 NSTEP =    94500   TIME(PS) =    1009.000  TEMP(K) =   301.58  PRESS =   313.2
 Etot   =    -33445.4273  EKtot   =      7141.1998  EPtot      =    -40586.6270
 BOND   =       153.0460  ANGLE   =       328.4491  DIHED      =       491.1297
 1-4 NB =       177.1439  1-4 EEL =      -341.1537  VDWAALS    =      5022.0640
 EELEC  =    -46417.3060  EHBOND  =         0.0000  RESTRAINT  =         0.0000
 EKCMT  =      3298.2553  VIRIAL  =      2506.8015  VOLUME     =    117045.1744
                                                    Density    =         1.0328
 Ewald error estimate:   0.3646E-04
 ------------------------------------------------------------------------------


 NSTEP =    94750   TIME(PS) =    1009.500  TEMP(K) =   303.53  PRESS =   167.0
 Etot   =    -33221.6710  EKtot   =      7187.4283  EPtot      =    -40409.0993
 BOND   =       164.3441  ANGLE   =       354.5512  DIHED      =       504.4911
 1-4 NB =       165.0881  1-4 EEL =      -349.0462  VDWAALS    =      4918.4369
 EELEC  =    -46166.9645  EHBOND  =         0.0000  RESTRAINT  =         0.0000
 EKCMT  =      3300.8207  VIRIAL  =      2878.6643  VOLUME     =    117083.6448
                                                    Density    =         1.0325
 Ewald error estimate:   0.2496E-04
 ------------------------------------------------------------------------------


 NSTEP =    95000   TIME(PS) =    1010.000  TEMP(K) =   303.17  PRESS =     6.9
 Etot   =    -33215.5855  EKtot   =      7178.9720  EPtot      =    -40394.5575
 BOND   =       164.0928  ANGLE   =       368.6810  DIHED      =       505.2506
 1-4 NB =       165.5441  1-4 EEL =      -358.2292  VDWAALS    =      4887.5040
 EELEC  =    -46127.4008  EHBOND  =         0.0000  RESTRAINT  =         0.0000
 EKCMT  =      3327.3887  VIRIAL  =      3309.9516  VOLUME     =    117147.9416
                                                    Density    =         1.0319
 Ewald error estimate:   0.6433E-04
 ------------------------------------------------------------------------------


 NSTEP =    95250   TIME(PS) =    1010.500  TEMP(K) =   300.91  PRESS =   -80.0
 Etot   =    -33299.0860  EKtot   =      7125.2526  EPtot      =    -40424.3387
 BOND   =       186.7447  ANGLE   =       339.6319  DIHED      =       497.9914
 1-4 NB =       172.9641  1-4 EEL =      -376.7229  VDWAALS    =      4874.6567
 EELEC  =    -46119.6045  EHBOND  =         0.0000  RESTRAINT  =         0.0000
 EKCMT  =      3338.7156  VIRIAL  =      3541.0907  VOLUME     =    117163.1318
                                                    Density    =         1.0318
 Ewald error estimate:   0.3936E-04
 ------------------------------------------------------------------------------


 NSTEP =    95500   TIME(PS) =    1011.000  TEMP(K) =   297.90  PRESS =     9.1
 Etot   =    -33356.1487  EKtot   =      7053.9759  EPtot      =    -40410.1246
 BOND   =       164.6490  ANGLE   =       353.9413  DIHED      =       488.8937
 1-4 NB =       167.4065  1-4 EEL =      -345.1462  VDWAALS    =      4915.5959
 EELEC  =    -46155.4648  EHBOND  =         0.0000  RESTRAINT  =         0.0000
 EKCMT  =      3295.1154  VIRIAL  =      3272.0913  VOLUME     =    117180.7740
                                                    Density    =         1.0316
 Ewald error estimate:   0.7959E-04
 ------------------------------------------------------------------------------


 NSTEP =    95750   TIME(PS) =    1011.500  TEMP(K) =   298.10  PRESS =   111.9
 Etot   =    -33339.7538  EKtot   =      7058.7635  EPtot      =    -40398.5174
 BOND   =       156.4236  ANGLE   =       374.8615  DIHED      =       499.2621
 1-4 NB =       178.1157  1-4 EEL =      -348.0137  VDWAALS    =      4930.5812
 EELEC  =    -46189.7478  EHBOND  =         0.0000  RESTRAINT  =         0.0000
 EKCMT  =      3316.7835  VIRIAL  =      3033.6566  VOLUME     =    117174.6927
                                                    Density    =         1.0317
 Ewald error estimate:   0.5557E-05
 ------------------------------------------------------------------------------


 NSTEP =    96000   TIME(PS) =    1012.000  TEMP(K) =   300.20  PRESS =   186.8
 Etot   =    -33366.3678  EKtot   =      7108.6086  EPtot      =    -40474.9764
 BOND   =       151.9003  ANGLE   =       337.2679  DIHED      =       504.6449
 1-4 NB =       170.1592  1-4 EEL =      -364.0712  VDWAALS    =      4914.7821
 EELEC  =    -46189.6596  EHBOND  =         0.0000  RESTRAINT  =         0.0000
 EKCMT  =      3357.0674  VIRIAL  =      2884.5058  VOLUME     =    117161.8658
                                                    Density    =         1.0318
 Ewald error estimate:   0.8496E-04
 ------------------------------------------------------------------------------


 NSTEP =    96250   TIME(PS) =    1012.500  TEMP(K) =   298.51  PRESS =   127.5
 Etot   =    -33312.9537  EKtot   =      7068.5781  EPtot      =    -40381.5317
 BOND   =       147.6115  ANGLE   =       360.5752  DIHED      =       508.7145
 1-4 NB =       163.4947  1-4 EEL =      -360.9972  VDWAALS    =      4914.2311
 EELEC  =    -46115.1617  EHBOND  =         0.0000  RESTRAINT  =         0.0000
 EKCMT  =      3312.6944  VIRIAL  =      2990.4172  VOLUME     =    117104.1060
                                                    Density    =         1.0323
 Ewald error estimate:   0.6268E-04
 ------------------------------------------------------------------------------


 NSTEP =    96500   TIME(PS) =    1013.000  TEMP(K) =   299.74  PRESS =   306.1
 Etot   =    -33308.9353  EKtot   =      7097.6393  EPtot      =    -40406.5747
 BOND   =       162.9248  ANGLE   =       325.9126  DIHED      =       511.4236
 1-4 NB =       170.9564  1-4 EEL =      -340.1284  VDWAALS    =      4942.7039
 EELEC  =    -46180.3675  EHBOND  =         0.0000  RESTRAINT  =         0.0000
 EKCMT  =      3371.4896  VIRIAL  =      2597.5579  VOLUME     =    117092.5841
                                                    Density    =         1.0324
 Ewald error estimate:   0.8950E-04
 ------------------------------------------------------------------------------


 NSTEP =    96750   TIME(PS) =    1013.500  TEMP(K) =   301.99  PRESS =   146.7
 Etot   =    -33253.6002  EKtot   =      7151.0399  EPtot      =    -40404.6401
 BOND   =       141.7568  ANGLE   =       350.1119  DIHED      =       516.7687
 1-4 NB =       173.1896  1-4 EEL =      -348.7412  VDWAALS    =      4824.8509
 EELEC  =    -46062.5767  EHBOND  =         0.0000  RESTRAINT  =         0.0000
 EKCMT  =      3339.3195  VIRIAL  =      2968.4920  VOLUME     =    117069.9923
                                                    Density    =         1.0326
 Ewald error estimate:   0.3487E-04
 ------------------------------------------------------------------------------


 NSTEP =    97000   TIME(PS) =    1014.000  TEMP(K) =   304.62  PRESS =   -49.1
 Etot   =    -33161.1331  EKtot   =      7213.3015  EPtot      =    -40374.4346
 BOND   =       148.6042  ANGLE   =       341.9389  DIHED      =       511.8603
 1-4 NB =       164.0158  1-4 EEL =      -346.8564  VDWAALS    =      4874.4225
 EELEC  =    -46068.4198  EHBOND  =         0.0000  RESTRAINT  =         0.0000
 EKCMT  =      3330.9511  VIRIAL  =      3454.9429  VOLUME     =    117043.9953
                                                    Density    =         1.0328
 Ewald error estimate:   0.1777E-03
 ------------------------------------------------------------------------------


 NSTEP =    97250   TIME(PS) =    1014.500  TEMP(K) =   302.70  PRESS =   197.6
 Etot   =    -33104.7936  EKtot   =      7167.7362  EPtot      =    -40272.5299
 BOND   =       170.7526  ANGLE   =       357.9604  DIHED      =       512.9168
 1-4 NB =       169.4678  1-4 EEL =      -342.7618  VDWAALS    =      4960.4065
 EELEC  =    -46101.2722  EHBOND  =         0.0000  RESTRAINT  =         0.0000
 EKCMT  =      3369.9526  VIRIAL  =      2870.5994  VOLUME     =    117024.2804
                                                    Density    =         1.0330
 Ewald error estimate:   0.8689E-04
 ------------------------------------------------------------------------------


 NSTEP =    97500   TIME(PS) =    1015.000  TEMP(K) =   304.04  PRESS =   116.6
 Etot   =    -33080.1266  EKtot   =      7199.4739  EPtot      =    -40279.6004
 BOND   =       166.5072  ANGLE   =       363.8401  DIHED      =       514.0333
 1-4 NB =       163.1801  1-4 EEL =      -349.8450  VDWAALS    =      4888.3181
 EELEC  =    -46025.6342  EHBOND  =         0.0000  RESTRAINT  =         0.0000
 EKCMT  =      3377.4526  VIRIAL  =      3082.5222  VOLUME     =    117195.1180
                                                    Density    =         1.0315
 Ewald error estimate:   0.3596E-03
 ------------------------------------------------------------------------------


 NSTEP =    97750   TIME(PS) =    1015.500  TEMP(K) =   300.73  PRESS =   295.1
 Etot   =    -33181.1365  EKtot   =      7121.0822  EPtot      =    -40302.2187
 BOND   =       168.3876  ANGLE   =       354.6264  DIHED      =       502.2573
 1-4 NB =       172.5567  1-4 EEL =      -364.6899  VDWAALS    =      4868.5470
 EELEC  =    -46003.9038  EHBOND  =         0.0000  RESTRAINT  =         0.0000
 EKCMT  =      3306.8597  VIRIAL  =      2560.2028  VOLUME     =    117174.6745
                                                    Density    =         1.0317
 Ewald error estimate:   0.9857E-04
 ------------------------------------------------------------------------------


 NSTEP =    98000   TIME(PS) =    1016.000  TEMP(K) =   297.78  PRESS =   187.7
 Etot   =    -33253.0848  EKtot   =      7051.1681  EPtot      =    -40304.2529
 BOND   =       156.1682  ANGLE   =       361.8103  DIHED      =       507.8532
 1-4 NB =       175.4561  1-4 EEL =      -344.4144  VDWAALS    =      4824.3469
 EELEC  =    -45985.4732  EHBOND  =         0.0000  RESTRAINT  =         0.0000
 EKCMT  =      3326.3402  VIRIAL  =      2851.3984  VOLUME     =    117173.1750
                                                    Density    =         1.0317
 Ewald error estimate:   0.9660E-04
 ------------------------------------------------------------------------------


 NSTEP =    98250   TIME(PS) =    1016.500  TEMP(K) =   300.23  PRESS =  -479.0
 Etot   =    -33277.7083  EKtot   =      7109.3480  EPtot      =    -40387.0563
 BOND   =       184.2005  ANGLE   =       342.4947  DIHED      =       522.2204
 1-4 NB =       164.5910  1-4 EEL =      -373.1175  VDWAALS    =      4676.1530
 EELEC  =    -45903.5985  EHBOND  =         0.0000  RESTRAINT  =         0.0000
 EKCMT  =      3366.2644  VIRIAL  =      4579.2401  VOLUME     =    117290.4979
                                                    Density    =         1.0307
 Ewald error estimate:   0.6750E-04
 ------------------------------------------------------------------------------


 NSTEP =    98500   TIME(PS) =    1017.000  TEMP(K) =   300.96  PRESS =  -398.1
 Etot   =    -33267.3314  EKtot   =      7126.6010  EPtot      =    -40393.9324
 BOND   =       161.7888  ANGLE   =       352.6329  DIHED      =       499.0693
 1-4 NB =       163.4737  1-4 EEL =      -360.6062  VDWAALS    =      4709.0270
 EELEC  =    -45919.3178  EHBOND  =         0.0000  RESTRAINT  =         0.0000
 EKCMT  =      3313.3181  VIRIAL  =      4320.4191  VOLUME     =    117164.3223
                                                    Density    =         1.0318
 Ewald error estimate:   0.6222E-04
 ------------------------------------------------------------------------------


 NSTEP =    98750   TIME(PS) =    1017.500  TEMP(K) =   299.27  PRESS =  -273.4
 Etot   =    -33084.1790  EKtot   =      7086.6239  EPtot      =    -40170.8029
 BOND   =       179.0087  ANGLE   =       372.7511  DIHED      =       503.6399
 1-4 NB =       168.7490  1-4 EEL =      -364.9476  VDWAALS    =      4675.2383
 EELEC  =    -45705.2423  EHBOND  =         0.0000  RESTRAINT  =         0.0000
 EKCMT  =      3321.6426  VIRIAL  =      4013.2325  VOLUME     =    117141.6847
                                                    Density    =         1.0320
 Ewald error estimate:   0.3176E-04
 ------------------------------------------------------------------------------


 NSTEP =    99000   TIME(PS) =    1018.000  TEMP(K) =   300.70  PRESS =  -141.5
 Etot   =    -33195.0003  EKtot   =      7120.3362  EPtot      =    -40315.3365
 BOND   =       160.6422  ANGLE   =       344.9960  DIHED      =       504.4567
 1-4 NB =       171.0126  1-4 EEL =      -349.7034  VDWAALS    =      4744.1218
 EELEC  =    -45890.8623  EHBOND  =         0.0000  RESTRAINT  =         0.0000
 EKCMT  =      3287.3956  VIRIAL  =      3644.8997  VOLUME     =    116998.6345
                                                    Density    =         1.0332
 Ewald error estimate:   0.1606E-04
 ------------------------------------------------------------------------------


 NSTEP =    99250   TIME(PS) =    1018.500  TEMP(K) =   302.04  PRESS =   129.2
 Etot   =    -33166.5740  EKtot   =      7152.0768  EPtot      =    -40318.6508
 BOND   =       150.8147  ANGLE   =       352.8362  DIHED      =       513.8578
 1-4 NB =       166.4495  1-4 EEL =      -346.3860  VDWAALS    =      4876.7286
 EELEC  =    -46032.9515  EHBOND  =         0.0000  RESTRAINT  =         0.0000
 EKCMT  =      3394.1966  VIRIAL  =      3067.0828  VOLUME     =    117227.9695
                                                    Density    =         1.0312
 Ewald error estimate:   0.1947E-03
 ------------------------------------------------------------------------------


 NSTEP =    99500   TIME(PS) =    1019.000  TEMP(K) =   304.50  PRESS =   335.3
 Etot   =    -33070.4681  EKtot   =      7210.3792  EPtot      =    -40280.8473
 BOND   =       172.1196  ANGLE   =       335.8791  DIHED      =       518.1669
 1-4 NB =       162.2108  1-4 EEL =      -346.1901  VDWAALS    =      4963.4320
 EELEC  =    -46086.4656  EHBOND  =         0.0000  RESTRAINT  =         0.0000
 EKCMT  =      3344.2780  VIRIAL  =      2494.7894  VOLUME     =    117332.7362
                                                    Density    =         1.0303
 Ewald error estimate:   0.1842E-04
 ------------------------------------------------------------------------------


 NSTEP =    99750   TIME(PS) =    1019.500  TEMP(K) =   298.23  PRESS =    62.8
 Etot   =    -33282.3380  EKtot   =      7061.9013  EPtot      =    -40344.2393
 BOND   =       156.6085  ANGLE   =       351.7798  DIHED      =       501.4765
 1-4 NB =       174.2593  1-4 EEL =      -349.7585  VDWAALS    =      4827.0814
 EELEC  =    -46005.6863  EHBOND  =         0.0000  RESTRAINT  =         0.0000
 EKCMT  =      3306.1149  VIRIAL  =      3147.0471  VOLUME     =    117335.8107
                                                    Density    =         1.0303
 Ewald error estimate:   0.2037E-03
 ------------------------------------------------------------------------------


 NSTEP =   100000   TIME(PS) =    1020.000  TEMP(K) =   297.47  PRESS =    68.3
 Etot   =    -33373.1832  EKtot   =      7043.7945  EPtot      =    -40416.9777
 BOND   =       155.9020  ANGLE   =       352.3949  DIHED      =       495.3558
 1-4 NB =       161.4868  1-4 EEL =      -340.6874  VDWAALS    =      4870.3125
 EELEC  =    -46111.7422  EHBOND  =         0.0000  RESTRAINT  =         0.0000
 EKCMT  =      3278.0706  VIRIAL  =      3105.3915  VOLUME     =    117164.0569
                                                    Density    =         1.0318
 Ewald error estimate:   0.4870E-04
 ------------------------------------------------------------------------------


      A V E R A G E S   O V E R  100000 S T E P S


 NSTEP =   100000   TIME(PS) =    1020.000  TEMP(K) =   299.20  PRESS =     1.4
 Etot   =    -33331.9459  EKtot   =      7084.7603  EPtot      =    -40416.7062
 BOND   =       154.1360  ANGLE   =       349.6792  DIHED      =       502.2861
 1-4 NB =       170.1422  1-4 EEL =      -355.2291  VDWAALS    =      4866.9731
 EELEC  =    -46104.6937  EHBOND  =         0.0000  RESTRAINT  =         0.0000
 EKCMT  =      3314.5202  VIRIAL  =      3310.9937  VOLUME     =    117046.8760
                                                    Density    =         1.0328
 Ewald error estimate:   0.9898E-04
 ------------------------------------------------------------------------------


      R M S  F L U C T U A T I O N S


 NSTEP =   100000   TIME(PS) =    1020.000  TEMP(K) =     7.23  PRESS =   225.0
 Etot   =       437.1511  EKtot   =       171.3017  EPtot      =       285.1883
 BOND   =        10.6911  ANGLE   =        15.3560  DIHED      =         8.8942
 1-4 NB =         4.8571  1-4 EEL =        12.8717  VDWAALS    =       119.7568
 EELEC  =       364.6451  EHBOND  =         0.0000  RESTRAINT  =         0.0000
 EKCMT  =        85.4061  VIRIAL  =       550.1294  VOLUME     =       348.8417
                                                    Density    =         0.0031
 Ewald error estimate:   0.7406E-04
 ------------------------------------------------------------------------------


--------------------------------------------------------------------------------
   5.  TIMINGS
--------------------------------------------------------------------------------

|                Build the list          1992.10 (99.85% of List )
|                Other                      3.01 ( 0.15% of List )
|             List time               1995.12 (13.39% of Nonbo)
|                   Short_ene time         11045.99 (99.41% of Direc)
|                   Other                     65.28 ( 0.59% of Direc)
|                Direct Ewald time      11111.27 (86.07% of Ewald)
|                Adjust Ewald time         51.03 ( 0.40% of Ewald)
|                   Fill Bspline coeffs       65.19 ( 3.75% of Recip)
|                   Fill charge grid         157.75 ( 9.08% of Recip)
|                   Scalar sum               504.05 (29.02% of Recip)
|                   Grad sum                 343.85 (19.80% of Recip)
|                   FFT time                 665.94 (38.34% of Recip)
|                Recip Ewald time        1736.86 (13.45% of Ewald)
|                Force Adjust               1.17 ( 0.01% of Ewald)
|                Virial junk                4.37 ( 0.03% of Ewald)
|                Other                      4.56 ( 0.04% of Ewald)
|             Ewald time             12909.37 (86.61% of Nonbo)
|          Nonbond force          14904.54 (99.67% of Force)
|          Bond/Angle/Dihedral       48.33 ( 0.32% of Force)
|          Other                      1.15 ( 0.01% of Force)
|       Force time             14954.02 (97.96% of Runmd)
|       Shake time                55.32 ( 0.36% of Runmd)
|       Verlet update time       246.71 ( 1.62% of Runmd)
|       Ekcmr time                 5.89 ( 0.04% of Runmd)
|       Other                      3.18 ( 0.02% of Runmd)
|    Runmd Time             15265.13 (100.0% of Total)
| Total time             15265.20 (100.0% of ALL  )

| Number of list builds   :      10289

| Highest rstack allocated:     664033
| Highest istack allocated:      11705

| Final Performance Info:
| -----------------------------------------------------
| Average timings for all steps:
|     Elapsed(s) =   15265.13 Per Step(ms) =     152.65
|         ns/day =       1.13   seconds/ns =   76325.64
| -----------------------------------------------------

|           Job began  at 09:31:57.930  on 05/28/2026
|           Setup done at 09:31:58.000  on 05/28/2026
|           Run   done at 13:46:23.128  on 05/28/2026
|     wallclock() was called 4620991 times

|3D-RISM memory allocation summary
|Type          Maximum        Current   
|Integer       0.00000 GB     0.00000 GB
|Real          0.00000 GB     0.00000 GB
|Logical       0.00000 GB     0.00000 GB
|Character     0.00000 GB     0.00000 GB
|---------------------------------------
|Total         0.00000 GB     0.00000 GB
