
          -------------------------------------------------------
          Amber 18 SANDER                              2018
          -------------------------------------------------------

| Run on 05/29/2026 at 02:30:56

|   Executable path: /home/ando/amber/amber18/bin/sander
| Working directory: /home/test/yazawa/tutorial6
|          Hostname: Unknown
  [-O]verwriting output

File Assignments:
|  MDIN: a-dna_md_1800ps.in                                                    
| MDOUT: a-dna_md10.out                                                        
|INPCRD: a-dna_md9.ncrst                                                       
|  PARM: a-dna_wat.prmtop                                                      
|RESTRT: a-dna_md10.ncrst                                                      
|  REFC: refc                                                                  
| MDVEL: mdvel                                                                 
| MDFRC: mdfrc                                                                 
|  MDEN: mden                                                                  
| MDCRD: a-dna_md10.nc                                                         
|MDINFO: mdinfo                                                                
|  MTMD: mtmd                                                                  
|INPDIP: inpdip                                                                
|RSTDIP: rstdip                                                                
|INPTRA: inptraj                                                               


 Here is the input file:

A-DNA 10-mer: 200ps of MD                                                      
 &cntrl                                                                        
  imin = 0, irest = 1, ntx = 7,                                                
  ntb = 2, pres0 = 1.0, ntp = 1,                                               
  taup = 2.0,                                                                  
  cut = 10.0, ntr = 0,                                                         
  ntc = 2, ntf = 2,                                                            
  tempi = 300.0, temp0 = 300.0,                                                
  ntt = 3, gamma_ln = 1.0,                                                     
  nstlim = 100000, dt = 0.002,                                                 
  ntpr = 250, ntwx = 250, ntwr = 10000                                         
 /                                                                             

--------------------------------------------------------------------------------
   1.  RESOURCE   USE: 
--------------------------------------------------------------------------------

| Flags:                                                                        
 getting box info from netcdf restart file
| NetCDF restart box info found
|Largest sphere to fit in unit cell has radius =    21.807
| New format PARM file being parsed.
| Version =    1.000 Date = 05/27/26 Time = 15:52:42
 NATOM  =   11705 NTYPES =      17 NBONH =   11283 MBONA  =     452
 NTHETH =     554 MTHETA =     694 NPHIH =    1084 MPHIA  =    1326
 NHPARM =       0 NPARM  =       0 NNB   =   18294 NRES   =    3721
 NBONA  =     452 NTHETA =     694 NPHIA =    1326 NUMBND =      41
 NUMANG =      75 NPTRA  =      56 NATYP =      29 NPHB   =       1
 IFBOX  =       2 NMXRS  =      33 IFCAP =       0 NEXTRA =       0
 NCOPY  =       0


|     Memory Use     Allocated
|     Real              859321
|     Hollerith          38838
|     Integer           405322
|     Max Pairs        6742080
|     nblistReal        140460
|     nblist Int        358030
|       Total            37280 kbytes

| Note: 1-4 EEL scale factors are being read from the topology file.

| Note: 1-4 VDW scale factors are being read from the topology file.
| Duplicated    0 dihedrals
| Duplicated    0 dihedrals

     BOX TYPE: TRUNCATED OCTAHEDRON

--------------------------------------------------------------------------------
   2.  CONTROL  DATA  FOR  THE  RUN
--------------------------------------------------------------------------------

default_name                                                                    

General flags:
     imin    =       0, nmropt  =       0

Nature and format of input:
     ntx     =       7, irest   =       1, ntrx    =       1

Nature and format of output:
     ntxo    =       2, ntpr    =     250, ntrx    =       1, ntwr    =   10000
     iwrap   =       0, ntwx    =     250, ntwv    =       0, ntwe    =       0
     ioutfm  =       1, ntwprt  =       0, idecomp =       0, rbornstat=      0

Potential function:
     ntf     =       2, ntb     =       2, igb     =       0, nsnb    =      25
     ipol    =       0, gbsa    =       0, iesp    =       0
     dielc   =   1.00000, cut     =  10.00000, intdiel =   1.00000

Frozen or restrained atoms:
     ibelly  =       0, ntr     =       0

Molecular dynamics:
     nstlim  =    100000, nscm    =      1000, nrespa  =         1
     t       =   0.00000, dt      =   0.00200, vlimit  =  20.00000

Langevin dynamics temperature regulation:
     ig      =   71277
     temp0   = 300.00000, tempi   = 300.00000, gamma_ln=   1.00000

Pressure regulation:
     ntp     =       1
     pres0   =   1.00000, comp    =  44.60000, taup    =   2.00000

SHAKE:
     ntc     =       2, jfastw  =       0
     tol     =   0.00001

Ewald parameters:
     verbose =       0, ew_type =       0, nbflag  =       1, use_pme =       1
     vdwmeth =       1, eedmeth =       1, netfrc  =       1
     Box X =   53.415   Box Y =   53.415   Box Z =   53.415
     Alpha =  109.471   Beta  =  109.471   Gamma =  109.471
     NFFT1 =   54       NFFT2 =   54       NFFT3 =   54
     Cutoff=   10.000   Tol   =0.100E-04
     Ewald Coefficient =  0.27511
     Interpolation order =    4
|  INFO: Old style inpcrd file read


--------------------------------------------------------------------------------
   3.  ATOMIC COORDINATES AND VELOCITIES
--------------------------------------------------------------------------------

default_name                                                                    
 begin time read from input coords =  1620.000 ps

 Number of triangulated 3-point waters found:     3683

     Sum of charges from parm topology file =   0.00000008
     Forcing neutrality...

--------------------------------------------------------------------------------
   4.  RESULTS
--------------------------------------------------------------------------------

|  # of SOLUTE  degrees of freedom (RNDFP):   23832.
|  # of SOLVENT degrees of freedom (RNDFS):       0.
|  NDFMIN =   23832.     NUM_NOSHAKE =      0     CORRECTED RNDFP =   23832.
|  TOTAL # of degrees of freedom (RNDF) =   23832.
 ---------------------------------------------------
 APPROXIMATING switch and d/dx switch using CUBIC SPLINE INTERPOLATION
 using   5000.0 points per unit in tabled values
 TESTING RELATIVE ERROR over r ranging from 0.0 to cutoff
| CHECK switch(x): max rel err =   0.2738E-14   at   2.422500
| CHECK d/dx switch(x): max rel err =   0.8314E-11   at   2.736960
 ---------------------------------------------------
| Local SIZE OF NONBOND LIST =    4208750
| TOTAL SIZE OF NONBOND LIST =    4208750

 NSTEP =      250   TIME(PS) =    1620.500  TEMP(K) =   227.61  PRESS =  -360.0
 Etot   =    -38043.2001  EKtot   =      5389.6006  EPtot      =    -43432.8007
 BOND   =       113.8260  ANGLE   =       306.2310  DIHED      =       482.0543
 1-4 NB =       169.7326  1-4 EEL =      -346.8531  VDWAALS    =      5884.4094
 EELEC  =    -50042.2010  EHBOND  =         0.0000  RESTRAINT  =         0.0000
 EKCMT  =      2599.6429  VIRIAL  =      3496.9923  VOLUME     =    115454.4012
                                                    Density    =         1.0471
 Ewald error estimate:   0.1382E-03
 ------------------------------------------------------------------------------


 NSTEP =      500   TIME(PS) =    1621.000  TEMP(K) =   253.83  PRESS =   105.5
 Etot   =    -36589.7406  EKtot   =      6010.6196  EPtot      =    -42600.3602
 BOND   =       137.6182  ANGLE   =       310.1703  DIHED      =       485.1142
 1-4 NB =       171.9063  1-4 EEL =      -345.4495  VDWAALS    =      5667.8703
 EELEC  =    -49027.5901  EHBOND  =         0.0000  RESTRAINT  =         0.0000
 EKCMT  =      2836.0975  VIRIAL  =      2573.1754  VOLUME     =    115452.7225
                                                    Density    =         1.0471
 Ewald error estimate:   0.2730E-04
 ------------------------------------------------------------------------------


 NSTEP =      750   TIME(PS) =    1621.500  TEMP(K) =   273.97  PRESS =  -262.0
 Etot   =    -35634.7787  EKtot   =      6487.3570  EPtot      =    -42122.1357
 BOND   =       138.1240  ANGLE   =       325.9374  DIHED      =       494.5435
 1-4 NB =       172.2359  1-4 EEL =      -330.6103  VDWAALS    =      5360.7012
 EELEC  =    -48283.0674  EHBOND  =         0.0000  RESTRAINT  =         0.0000
 EKCMT  =      3025.2617  VIRIAL  =      3677.9114  VOLUME     =    115351.1528
                                                    Density    =         1.0480
 Ewald error estimate:   0.8481E-04
 ------------------------------------------------------------------------------


 NSTEP =     1000   TIME(PS) =    1622.000  TEMP(K) =   279.58  PRESS =    69.2
 Etot   =    -35034.0225  EKtot   =      6620.3970  EPtot      =    -41654.4195
 BOND   =       164.4332  ANGLE   =       337.6537  DIHED      =       495.6670
 1-4 NB =       163.2900  1-4 EEL =      -361.1726  VDWAALS    =      5300.7499
 EELEC  =    -47755.0407  EHBOND  =         0.0000  RESTRAINT  =         0.0000
 EKCMT  =      3056.6493  VIRIAL  =      2884.3028  VOLUME     =    115267.8332
                                                    Density    =         1.0487
 Ewald error estimate:   0.2622E-04
 ------------------------------------------------------------------------------


 NSTEP =     1250   TIME(PS) =    1622.500  TEMP(K) =   285.07  PRESS =  -222.3
 Etot   =    -34744.5875  EKtot   =      6750.1637  EPtot      =    -41494.7512
 BOND   =       155.1332  ANGLE   =       345.5499  DIHED      =       484.5339
 1-4 NB =       171.8582  1-4 EEL =      -330.2530  VDWAALS    =      5161.1953
 EELEC  =    -47482.7688  EHBOND  =         0.0000  RESTRAINT  =         0.0000
 EKCMT  =      3087.8870  VIRIAL  =      3641.2863  VOLUME     =    115300.7247
                                                    Density    =         1.0484
 Ewald error estimate:   0.1274E-03
 ------------------------------------------------------------------------------


 NSTEP =     1500   TIME(PS) =    1623.000  TEMP(K) =   294.49  PRESS =   124.0
 Etot   =    -34238.3965  EKtot   =      6973.3248  EPtot      =    -41211.7213
 BOND   =       158.6786  ANGLE   =       346.9852  DIHED      =       486.5589
 1-4 NB =       161.5872  1-4 EEL =      -352.9730  VDWAALS    =      5107.2316
 EELEC  =    -47119.7899  EHBOND  =         0.0000  RESTRAINT  =         0.0000
 EKCMT  =      3237.1370  VIRIAL  =      2928.1222  VOLUME     =    115406.2427
                                                    Density    =         1.0475
 Ewald error estimate:   0.7847E-05
 ------------------------------------------------------------------------------


 NSTEP =     1750   TIME(PS) =    1623.500  TEMP(K) =   292.67  PRESS =    31.9
 Etot   =    -34071.4053  EKtot   =      6930.3445  EPtot      =    -41001.7498
 BOND   =       163.3146  ANGLE   =       352.3369  DIHED      =       491.4327
 1-4 NB =       171.7406  1-4 EEL =      -333.4328  VDWAALS    =      5063.6225
 EELEC  =    -46910.7643  EHBOND  =         0.0000  RESTRAINT  =         0.0000
 EKCMT  =      3215.6533  VIRIAL  =      3136.0827  VOLUME     =    115566.9000
                                                    Density    =         1.0460
 Ewald error estimate:   0.1014E-03
 ------------------------------------------------------------------------------


 NSTEP =     2000   TIME(PS) =    1624.000  TEMP(K) =   295.24  PRESS =    11.0
 Etot   =    -33812.5308  EKtot   =      6991.1378  EPtot      =    -40803.6686
 BOND   =       175.2699  ANGLE   =       349.3213  DIHED      =       497.5869
 1-4 NB =       166.6543  1-4 EEL =      -364.9072  VDWAALS    =      4942.8693
 EELEC  =    -46570.4632  EHBOND  =         0.0000  RESTRAINT  =         0.0000
 EKCMT  =      3326.0845  VIRIAL  =      3298.6318  VOLUME     =    115676.1961
                                                    Density    =         1.0450
 Ewald error estimate:   0.1629E-03
 ------------------------------------------------------------------------------


 NSTEP =     2250   TIME(PS) =    1624.500  TEMP(K) =   295.05  PRESS =   340.6
 Etot   =    -33726.5328  EKtot   =      6986.6604  EPtot      =    -40713.1932
 BOND   =       152.8723  ANGLE   =       366.2296  DIHED      =       495.9206
 1-4 NB =       166.5423  1-4 EEL =      -362.5192  VDWAALS    =      5096.1112
 EELEC  =    -46628.3501  EHBOND  =         0.0000  RESTRAINT  =         0.0000
 EKCMT  =      3263.6963  VIRIAL  =      2410.7456  VOLUME     =    115987.9758
                                                    Density    =         1.0422
 Ewald error estimate:   0.2837E-04
 ------------------------------------------------------------------------------


 NSTEP =     2500   TIME(PS) =    1625.000  TEMP(K) =   291.52  PRESS =   -29.2
 Etot   =    -33723.2994  EKtot   =      6902.9999  EPtot      =    -40626.2993
 BOND   =       172.4907  ANGLE   =       353.5363  DIHED      =       498.4145
 1-4 NB =       170.9521  1-4 EEL =      -354.0174  VDWAALS    =      4847.9619
 EELEC  =    -46315.6374  EHBOND  =         0.0000  RESTRAINT  =         0.0000
 EKCMT  =      3224.9150  VIRIAL  =      3298.2123  VOLUME     =    116123.2868
                                                    Density    =         1.0410
 Ewald error estimate:   0.9879E-04
 ------------------------------------------------------------------------------


 NSTEP =     2750   TIME(PS) =    1625.500  TEMP(K) =   299.04  PRESS =   123.2
 Etot   =    -33596.2350  EKtot   =      7080.9769  EPtot      =    -40677.2119
 BOND   =       175.6445  ANGLE   =       368.8962  DIHED      =       494.5636
 1-4 NB =       165.4838  1-4 EEL =      -352.4612  VDWAALS    =      4928.1669
 EELEC  =    -46457.5055  EHBOND  =         0.0000  RESTRAINT  =         0.0000
 EKCMT  =      3305.7156  VIRIAL  =      2996.6858  VOLUME     =    116208.5010
                                                    Density    =         1.0403
 Ewald error estimate:   0.1466E-03
 ------------------------------------------------------------------------------


 NSTEP =     3000   TIME(PS) =    1626.000  TEMP(K) =   297.28  PRESS =   395.0
 Etot   =    -33491.7554  EKtot   =      7039.4066  EPtot      =    -40531.1620
 BOND   =       162.5269  ANGLE   =       350.7555  DIHED      =       500.6656
 1-4 NB =       169.8983  1-4 EEL =      -316.9996  VDWAALS    =      5024.4338
 EELEC  =    -46422.4426  EHBOND  =         0.0000  RESTRAINT  =         0.0000
 EKCMT  =      3339.1264  VIRIAL  =      2347.9567  VOLUME     =    116231.2945
                                                    Density    =         1.0401
 Ewald error estimate:   0.1227E-03
 ------------------------------------------------------------------------------


 NSTEP =     3250   TIME(PS) =    1626.500  TEMP(K) =   298.86  PRESS =    89.1
 Etot   =    -33476.1128  EKtot   =      7076.7767  EPtot      =    -40552.8895
 BOND   =       156.7902  ANGLE   =       320.5333  DIHED      =       511.1602
 1-4 NB =       170.2125  1-4 EEL =      -352.3128  VDWAALS    =      4835.8020
 EELEC  =    -46195.0749  EHBOND  =         0.0000  RESTRAINT  =         0.0000
 EKCMT  =      3315.0240  VIRIAL  =      3091.2932  VOLUME     =    116290.5830
                                                    Density    =         1.0395
 Ewald error estimate:   0.2224E-03
 ------------------------------------------------------------------------------


 NSTEP =     3500   TIME(PS) =    1627.000  TEMP(K) =   303.15  PRESS =   135.1
 Etot   =    -33417.9881  EKtot   =      7178.4784  EPtot      =    -40596.4665
 BOND   =       134.0647  ANGLE   =       337.9748  DIHED      =       506.2903
 1-4 NB =       166.7145  1-4 EEL =      -350.2523  VDWAALS    =      4947.9155
 EELEC  =    -46339.1740  EHBOND  =         0.0000  RESTRAINT  =         0.0000
 EKCMT  =      3346.1396  VIRIAL  =      3006.4533  VOLUME     =    116451.7422
                                                    Density    =         1.0381
 Ewald error estimate:   0.3443E-04
 ------------------------------------------------------------------------------


 NSTEP =     3750   TIME(PS) =    1627.500  TEMP(K) =   296.13  PRESS =   -49.6
 Etot   =    -33496.1384  EKtot   =      7012.2598  EPtot      =    -40508.3982
 BOND   =       151.5730  ANGLE   =       362.2722  DIHED      =       510.3075
 1-4 NB =       173.5574  1-4 EEL =      -340.9022  VDWAALS    =      4818.2715
 EELEC  =    -46183.4776  EHBOND  =         0.0000  RESTRAINT  =         0.0000
 EKCMT  =      3315.4926  VIRIAL  =      3440.2043  VOLUME     =    116480.0145
                                                    Density    =         1.0378
 Ewald error estimate:   0.1702E-03
 ------------------------------------------------------------------------------


 NSTEP =     4000   TIME(PS) =    1628.000  TEMP(K) =   300.72  PRESS =   244.9
 Etot   =    -33591.9203  EKtot   =      7120.9603  EPtot      =    -40712.8806
 BOND   =       123.4680  ANGLE   =       347.3006  DIHED      =       496.8469
 1-4 NB =       180.1564  1-4 EEL =      -344.3111  VDWAALS    =      4907.8155
 EELEC  =    -46424.1570  EHBOND  =         0.0000  RESTRAINT  =         0.0000
 EKCMT  =      3332.6522  VIRIAL  =      2716.3907  VOLUME     =    116565.1509
                                                    Density    =         1.0371
 Ewald error estimate:   0.1212E-03
 ------------------------------------------------------------------------------


 NSTEP =     4250   TIME(PS) =    1628.500  TEMP(K) =   296.81  PRESS =  -109.6
 Etot   =    -33491.7238  EKtot   =      7028.3143  EPtot      =    -40520.0382
 BOND   =       153.4932  ANGLE   =       358.2282  DIHED      =       496.1855
 1-4 NB =       172.2830  1-4 EEL =      -337.0081  VDWAALS    =      4970.2894
 EELEC  =    -46333.5095  EHBOND  =         0.0000  RESTRAINT  =         0.0000
 EKCMT  =      3232.4443  VIRIAL  =      3508.4795  VOLUME     =    116675.7720
                                                    Density    =         1.0361
 Ewald error estimate:   0.3203E-03
 ------------------------------------------------------------------------------


 NSTEP =     4500   TIME(PS) =    1629.000  TEMP(K) =   301.60  PRESS =   195.8
 Etot   =    -33338.2944  EKtot   =      7141.6126  EPtot      =    -40479.9069
 BOND   =       146.1749  ANGLE   =       349.5718  DIHED      =       496.2314
 1-4 NB =       170.2529  1-4 EEL =      -344.4177  VDWAALS    =      4950.2409
 EELEC  =    -46247.9610  EHBOND  =         0.0000  RESTRAINT  =         0.0000
 EKCMT  =      3344.4561  VIRIAL  =      2851.0076  VOLUME     =    116713.6276
                                                    Density    =         1.0358
 Ewald error estimate:   0.4219E-04
 ------------------------------------------------------------------------------


 NSTEP =     4750   TIME(PS) =    1629.500  TEMP(K) =   298.24  PRESS =   199.3
 Etot   =    -33366.9234  EKtot   =      7062.0885  EPtot      =    -40429.0119
 BOND   =       156.2541  ANGLE   =       354.4077  DIHED      =       485.9680
 1-4 NB =       168.7264  1-4 EEL =      -341.1090  VDWAALS    =      4977.1965
 EELEC  =    -46230.4556  EHBOND  =         0.0000  RESTRAINT  =         0.0000
 EKCMT  =      3348.6077  VIRIAL  =      2845.1443  VOLUME     =    116977.6203
                                                    Density    =         1.0334
 Ewald error estimate:   0.8686E-05
 ------------------------------------------------------------------------------


 NSTEP =     5000   TIME(PS) =    1630.000  TEMP(K) =   300.26  PRESS =   121.6
 Etot   =    -33307.1739  EKtot   =      7110.0865  EPtot      =    -40417.2605
 BOND   =       158.8349  ANGLE   =       339.3613  DIHED      =       497.7944
 1-4 NB =       177.5971  1-4 EEL =      -326.8712  VDWAALS    =      5024.4571
 EELEC  =    -46288.4340  EHBOND  =         0.0000  RESTRAINT  =         0.0000
 EKCMT  =      3344.9929  VIRIAL  =      3037.4157  VOLUME     =    117126.1783
                                                    Density    =         1.0321
 Ewald error estimate:   0.9128E-04
 ------------------------------------------------------------------------------


 NSTEP =     5250   TIME(PS) =    1630.500  TEMP(K) =   301.98  PRESS =  -205.7
 Etot   =    -33204.6568  EKtot   =      7150.6007  EPtot      =    -40355.2574
 BOND   =       131.5473  ANGLE   =       360.8647  DIHED      =       500.4748
 1-4 NB =       166.3536  1-4 EEL =      -363.8535  VDWAALS    =      4780.9695
 EELEC  =    -45931.6140  EHBOND  =         0.0000  RESTRAINT  =         0.0000
 EKCMT  =      3395.9447  VIRIAL  =      3915.6642  VOLUME     =    117023.2175
                                                    Density    =         1.0330
 Ewald error estimate:   0.1968E-03
 ------------------------------------------------------------------------------


 NSTEP =     5500   TIME(PS) =    1631.000  TEMP(K) =   300.31  PRESS =  -139.7
 Etot   =    -33271.1099  EKtot   =      7111.0661  EPtot      =    -40382.1760
 BOND   =       148.4024  ANGLE   =       351.3984  DIHED      =       495.3393
 1-4 NB =       173.9592  1-4 EEL =      -318.3085  VDWAALS    =      4688.7447
 EELEC  =    -45921.7115  EHBOND  =         0.0000  RESTRAINT  =         0.0000
 EKCMT  =      3349.2936  VIRIAL  =      3702.0221  VOLUME     =    116964.3675
                                                    Density    =         1.0335
 Ewald error estimate:   0.1391E-03
 ------------------------------------------------------------------------------


 NSTEP =     5750   TIME(PS) =    1631.500  TEMP(K) =   300.94  PRESS =  -167.5
 Etot   =    -33270.2288  EKtot   =      7126.0381  EPtot      =    -40396.2669
 BOND   =       152.0634  ANGLE   =       355.3016  DIHED      =       496.7821
 1-4 NB =       171.6820  1-4 EEL =      -327.7497  VDWAALS    =      4725.4074
 EELEC  =    -45969.7539  EHBOND  =         0.0000  RESTRAINT  =         0.0000
 EKCMT  =      3296.3750  VIRIAL  =      3719.0273  VOLUME     =    116859.1074
                                                    Density    =         1.0345
 Ewald error estimate:   0.2346E-04
 ------------------------------------------------------------------------------


 NSTEP =     6000   TIME(PS) =    1632.000  TEMP(K) =   297.72  PRESS =   -47.7
 Etot   =    -33427.4921  EKtot   =      7049.7598  EPtot      =    -40477.2519
 BOND   =       170.2301  ANGLE   =       365.2946  DIHED      =       501.1132
 1-4 NB =       173.6324  1-4 EEL =      -358.7404  VDWAALS    =      4882.7253
 EELEC  =    -46211.5071  EHBOND  =         0.0000  RESTRAINT  =         0.0000
 EKCMT  =      3286.6725  VIRIAL  =      3406.9296  VOLUME     =    116840.8045
                                                    Density    =         1.0346
 Ewald error estimate:   0.4019E-04
 ------------------------------------------------------------------------------


 NSTEP =     6250   TIME(PS) =    1632.500  TEMP(K) =   300.09  PRESS =   -62.2
 Etot   =    -33350.4383  EKtot   =      7105.8745  EPtot      =    -40456.3129
 BOND   =       153.8421  ANGLE   =       359.2980  DIHED      =       518.6034
 1-4 NB =       171.3312  1-4 EEL =      -330.2353  VDWAALS    =      4825.1303
 EELEC  =    -46154.2827  EHBOND  =         0.0000  RESTRAINT  =         0.0000
 EKCMT  =      3285.5516  VIRIAL  =      3442.2868  VOLUME     =    116772.2570
                                                    Density    =         1.0352
 Ewald error estimate:   0.3643E-04
 ------------------------------------------------------------------------------


 NSTEP =     6500   TIME(PS) =    1633.000  TEMP(K) =   300.18  PRESS =    23.9
 Etot   =    -33346.0665  EKtot   =      7108.1173  EPtot      =    -40454.1839
 BOND   =       161.2160  ANGLE   =       383.3129  DIHED      =       498.6746
 1-4 NB =       169.1455  1-4 EEL =      -328.4688  VDWAALS    =      4892.9705
 EELEC  =    -46231.0345  EHBOND  =         0.0000  RESTRAINT  =         0.0000
 EKCMT  =      3287.8582  VIRIAL  =      3227.6280  VOLUME     =    116826.6031
                                                    Density    =         1.0348
 Ewald error estimate:   0.2373E-03
 ------------------------------------------------------------------------------


 NSTEP =     6750   TIME(PS) =    1633.500  TEMP(K) =   297.59  PRESS =  -178.1
 Etot   =    -33444.7567  EKtot   =      7046.7968  EPtot      =    -40491.5536
 BOND   =       175.4800  ANGLE   =       365.9994  DIHED      =       493.7168
 1-4 NB =       166.9781  1-4 EEL =      -343.9872  VDWAALS    =      4808.6046
 EELEC  =    -46158.3454  EHBOND  =         0.0000  RESTRAINT  =         0.0000
 EKCMT  =      3305.0550  VIRIAL  =      3754.6954  VOLUME     =    116954.4722
                                                    Density    =         1.0336
 Ewald error estimate:   0.9512E-04
 ------------------------------------------------------------------------------


 NSTEP =     7000   TIME(PS) =    1634.000  TEMP(K) =   302.92  PRESS =  -173.7
 Etot   =    -33314.6440  EKtot   =      7172.9661  EPtot      =    -40487.6101
 BOND   =       154.3000  ANGLE   =       342.0900  DIHED      =       483.0281
 1-4 NB =       168.0964  1-4 EEL =      -317.2818  VDWAALS    =      4934.8509
 EELEC  =    -46252.6937  EHBOND  =         0.0000  RESTRAINT  =         0.0000
 EKCMT  =      3386.3354  VIRIAL  =      3824.7018  VOLUME     =    116916.9702
                                                    Density    =         1.0340
 Ewald error estimate:   0.1118E-03
 ------------------------------------------------------------------------------


 NSTEP =     7250   TIME(PS) =    1634.500  TEMP(K) =   300.57  PRESS =   -91.0
 Etot   =    -33264.1677  EKtot   =      7117.2887  EPtot      =    -40381.4564
 BOND   =       148.8710  ANGLE   =       357.8026  DIHED      =       498.9819
 1-4 NB =       167.6063  1-4 EEL =      -344.0946  VDWAALS    =      4794.6256
 EELEC  =    -46005.2493  EHBOND  =         0.0000  RESTRAINT  =         0.0000
 EKCMT  =      3337.9916  VIRIAL  =      3568.0388  VOLUME     =    117146.4983
                                                    Density    =         1.0319
 Ewald error estimate:   0.1968E-04
 ------------------------------------------------------------------------------


 NSTEP =     7500   TIME(PS) =    1635.000  TEMP(K) =   302.38  PRESS =   -96.1
 Etot   =    -33156.7750  EKtot   =      7160.2347  EPtot      =    -40317.0096
 BOND   =       161.2638  ANGLE   =       401.3048  DIHED      =       486.8816
 1-4 NB =       168.2922  1-4 EEL =      -348.2156  VDWAALS    =      4772.5246
 EELEC  =    -45959.0611  EHBOND  =         0.0000  RESTRAINT  =         0.0000
 EKCMT  =      3340.2207  VIRIAL  =      3583.0901  VOLUME     =    117001.7869
                                                    Density    =         1.0332
 Ewald error estimate:   0.1579E-03
 ------------------------------------------------------------------------------


 NSTEP =     7750   TIME(PS) =    1635.500  TEMP(K) =   302.92  PRESS =   333.2
 Etot   =    -33205.9091  EKtot   =      7173.0273  EPtot      =    -40378.9364
 BOND   =       152.2374  ANGLE   =       336.5168  DIHED      =       510.0507
 1-4 NB =       170.6305  1-4 EEL =      -348.3408  VDWAALS    =      5049.5846
 EELEC  =    -46249.6157  EHBOND  =         0.0000  RESTRAINT  =         0.0000
 EKCMT  =      3298.7762  VIRIAL  =      2456.4856  VOLUME     =    117064.9676
                                                    Density    =         1.0326
 Ewald error estimate:   0.1107E-03
 ------------------------------------------------------------------------------


 NSTEP =     8000   TIME(PS) =    1636.000  TEMP(K) =   296.50  PRESS =   -23.5
 Etot   =    -33168.5277  EKtot   =      7020.9448  EPtot      =    -40189.4725
 BOND   =       171.4020  ANGLE   =       346.4859  DIHED      =       505.0765
 1-4 NB =       176.8221  1-4 EEL =      -345.2123  VDWAALS    =      4869.2734
 EELEC  =    -45913.3201  EHBOND  =         0.0000  RESTRAINT  =         0.0000
 EKCMT  =      3260.3065  VIRIAL  =      3319.6163  VOLUME     =    117083.9420
                                                    Density    =         1.0325
 Ewald error estimate:   0.1588E-03
 ------------------------------------------------------------------------------


 NSTEP =     8250   TIME(PS) =    1636.500  TEMP(K) =   300.92  PRESS =   244.2
 Etot   =    -33163.8979  EKtot   =      7125.6242  EPtot      =    -40289.5222
 BOND   =       153.6734  ANGLE   =       368.1641  DIHED      =       498.6516
 1-4 NB =       164.1087  1-4 EEL =      -316.7381  VDWAALS    =      4885.2049
 EELEC  =    -46042.5868  EHBOND  =         0.0000  RESTRAINT  =         0.0000
 EKCMT  =      3289.1963  VIRIAL  =      2672.1176  VOLUME     =    117020.3195
                                                    Density    =         1.0330
 Ewald error estimate:   0.1016E-04
 ------------------------------------------------------------------------------


 NSTEP =     8500   TIME(PS) =    1637.000  TEMP(K) =   297.58  PRESS =   238.0
 Etot   =    -33201.9388  EKtot   =      7046.6039  EPtot      =    -40248.5427
 BOND   =       151.8777  ANGLE   =       376.0313  DIHED      =       510.7761
 1-4 NB =       172.6952  1-4 EEL =      -352.1469  VDWAALS    =      4752.7896
 EELEC  =    -45860.5657  EHBOND  =         0.0000  RESTRAINT  =         0.0000
 EKCMT  =      3331.1947  VIRIAL  =      2730.1676  VOLUME     =    116966.1480
                                                    Density    =         1.0335
 Ewald error estimate:   0.1430E-03
 ------------------------------------------------------------------------------


 NSTEP =     8750   TIME(PS) =    1637.500  TEMP(K) =   298.67  PRESS =   355.3
 Etot   =    -33358.5714  EKtot   =      7072.2760  EPtot      =    -40430.8475
 BOND   =       157.4715  ANGLE   =       348.4038  DIHED      =       506.9532
 1-4 NB =       169.6007  1-4 EEL =      -339.5512  VDWAALS    =      4984.4480
 EELEC  =    -46258.1735  EHBOND  =         0.0000  RESTRAINT  =         0.0000
 EKCMT  =      3303.5938  VIRIAL  =      2405.9594  VOLUME     =    117002.4011
                                                    Density    =         1.0332
 Ewald error estimate:   0.2313E-03
 ------------------------------------------------------------------------------


 NSTEP =     9000   TIME(PS) =    1638.000  TEMP(K) =   298.47  PRESS =   -51.1
 Etot   =    -33439.8841  EKtot   =      7067.5919  EPtot      =    -40507.4761
 BOND   =       149.7254  ANGLE   =       321.5278  DIHED      =       523.5853
 1-4 NB =       174.0440  1-4 EEL =      -342.2165  VDWAALS    =      4879.5486
 EELEC  =    -46213.6907  EHBOND  =         0.0000  RESTRAINT  =         0.0000
 EKCMT  =      3279.7781  VIRIAL  =      3408.7680  VOLUME     =    117020.6551
                                                    Density    =         1.0330
 Ewald error estimate:   0.1620E-03
 ------------------------------------------------------------------------------


 NSTEP =     9250   TIME(PS) =    1638.500  TEMP(K) =   297.70  PRESS =    65.9
 Etot   =    -33444.1776  EKtot   =      7049.3633  EPtot      =    -40493.5409
 BOND   =       164.9177  ANGLE   =       362.3845  DIHED      =       509.9353
 1-4 NB =       169.1698  1-4 EEL =      -349.0015  VDWAALS    =      4894.3394
 EELEC  =    -46245.2861  EHBOND  =         0.0000  RESTRAINT  =         0.0000
 EKCMT  =      3322.1514  VIRIAL  =      3155.6584  VOLUME     =    116999.5406
                                                    Density    =         1.0332
 Ewald error estimate:   0.2106E-03
 ------------------------------------------------------------------------------


 NSTEP =     9500   TIME(PS) =    1639.000  TEMP(K) =   298.08  PRESS =   257.0
 Etot   =    -33246.5516  EKtot   =      7058.3274  EPtot      =    -40304.8790
 BOND   =       147.5235  ANGLE   =       369.5492  DIHED      =       507.5769
 1-4 NB =       173.3898  1-4 EEL =      -342.0217  VDWAALS    =      4931.2782
 EELEC  =    -46092.1749  EHBOND  =         0.0000  RESTRAINT  =         0.0000
 EKCMT  =      3370.8535  VIRIAL  =      2720.7713  VOLUME     =    117152.8021
                                                    Density    =         1.0319
 Ewald error estimate:   0.1297E-04
 ------------------------------------------------------------------------------


 NSTEP =     9750   TIME(PS) =    1639.500  TEMP(K) =   301.25  PRESS =   120.9
 Etot   =    -33262.3113  EKtot   =      7133.5075  EPtot      =    -40395.8188
 BOND   =       157.8866  ANGLE   =       367.8078  DIHED      =       494.7276
 1-4 NB =       176.6419  1-4 EEL =      -345.1771  VDWAALS    =      4964.7296
 EELEC  =    -46212.4352  EHBOND  =         0.0000  RESTRAINT  =         0.0000
 EKCMT  =      3274.5563  VIRIAL  =      2968.6306  VOLUME     =    117167.1098
                                                    Density    =         1.0317
 Ewald error estimate:   0.3487E-04
 ------------------------------------------------------------------------------


 NSTEP =    10000   TIME(PS) =    1640.000  TEMP(K) =   299.45  PRESS =  -101.6
 Etot   =    -33189.7332  EKtot   =      7090.8065  EPtot      =    -40280.5397
 BOND   =       150.8853  ANGLE   =       377.6710  DIHED      =       505.0090
 1-4 NB =       167.9990  1-4 EEL =      -348.4867  VDWAALS    =      4881.8127
 EELEC  =    -46015.4299  EHBOND  =         0.0000  RESTRAINT  =         0.0000
 EKCMT  =      3184.1994  VIRIAL  =      3441.5012  VOLUME     =    117258.4487
                                                    Density    =         1.0309
 Ewald error estimate:   0.1164E-03
 ------------------------------------------------------------------------------


 NSTEP =    10250   TIME(PS) =    1640.500  TEMP(K) =   301.61  PRESS =   211.8
 Etot   =    -33147.2820  EKtot   =      7141.9423  EPtot      =    -40289.2244
 BOND   =       150.8037  ANGLE   =       363.6759  DIHED      =       506.0084
 1-4 NB =       167.2143  1-4 EEL =      -331.8002  VDWAALS    =      4951.0772
 EELEC  =    -46096.2038  EHBOND  =         0.0000  RESTRAINT  =         0.0000
 EKCMT  =      3344.3557  VIRIAL  =      2807.6383  VOLUME     =    117351.5664
                                                    Density    =         1.0301
 Ewald error estimate:   0.1023E-03
 ------------------------------------------------------------------------------


 NSTEP =    10500   TIME(PS) =    1641.000  TEMP(K) =   299.16  PRESS =  -203.7
 Etot   =    -33196.5953  EKtot   =      7083.9916  EPtot      =    -40280.5870
 BOND   =       135.9039  ANGLE   =       367.6474  DIHED      =       502.2748
 1-4 NB =       169.6697  1-4 EEL =      -351.6130  VDWAALS    =      4739.5906
 EELEC  =    -45844.0604  EHBOND  =         0.0000  RESTRAINT  =         0.0000
 EKCMT  =      3303.3731  VIRIAL  =      3819.1356  VOLUME     =    117278.3427
                                                    Density    =         1.0308
 Ewald error estimate:   0.2662E-03
 ------------------------------------------------------------------------------


 NSTEP =    10750   TIME(PS) =    1641.500  TEMP(K) =   303.67  PRESS =  -139.2
 Etot   =    -33143.6305  EKtot   =      7190.7433  EPtot      =    -40334.3738
 BOND   =       156.1590  ANGLE   =       344.4263  DIHED      =       524.9633
 1-4 NB =       172.1327  1-4 EEL =      -342.5943  VDWAALS    =      4816.5563
 EELEC  =    -46006.0170  EHBOND  =         0.0000  RESTRAINT  =         0.0000
 EKCMT  =      3371.0475  VIRIAL  =      3723.3765  VOLUME     =    117256.5023
                                                    Density    =         1.0310
 Ewald error estimate:   0.6538E-04
 ------------------------------------------------------------------------------


 NSTEP =    11000   TIME(PS) =    1642.000  TEMP(K) =   299.64  PRESS =  -301.9
 Etot   =    -33256.1398  EKtot   =      7095.2577  EPtot      =    -40351.3975
 BOND   =       139.2753  ANGLE   =       365.1582  DIHED      =       499.4796
 1-4 NB =       167.0975  1-4 EEL =      -351.2776  VDWAALS    =      4660.2293
 EELEC  =    -45831.3596  EHBOND  =         0.0000  RESTRAINT  =         0.0000
 EKCMT  =      3354.7137  VIRIAL  =      4118.5415  VOLUME     =    117183.1611
                                                    Density    =         1.0316
 Ewald error estimate:   0.2263E-04
 ------------------------------------------------------------------------------


 NSTEP =    11250   TIME(PS) =    1642.500  TEMP(K) =   297.84  PRESS =  -247.0
 Etot   =    -33359.7603  EKtot   =      7052.7060  EPtot      =    -40412.4663
 BOND   =       154.7563  ANGLE   =       378.2281  DIHED      =       492.0585
 1-4 NB =       173.6701  1-4 EEL =      -344.8661  VDWAALS    =      4735.9687
 EELEC  =    -46002.2818  EHBOND  =         0.0000  RESTRAINT  =         0.0000
 EKCMT  =      3280.1224  VIRIAL  =      3905.8591  VOLUME     =    117322.0358
                                                    Density    =         1.0304
 Ewald error estimate:   0.6385E-04
 ------------------------------------------------------------------------------


 NSTEP =    11500   TIME(PS) =    1643.000  TEMP(K) =   297.77  PRESS =   140.5
 Etot   =    -33459.0691  EKtot   =      7051.0738  EPtot      =    -40510.1429
 BOND   =       165.4913  ANGLE   =       341.9214  DIHED      =       503.4895
 1-4 NB =       168.3253  1-4 EEL =      -325.7441  VDWAALS    =      4958.3488
 EELEC  =    -46321.9751  EHBOND  =         0.0000  RESTRAINT  =         0.0000
 EKCMT  =      3287.5758  VIRIAL  =      2931.6668  VOLUME     =    117327.5017
                                                    Density    =         1.0303
 Ewald error estimate:   0.1777E-04
 ------------------------------------------------------------------------------


 NSTEP =    11750   TIME(PS) =    1643.500  TEMP(K) =   297.37  PRESS =  -443.1
 Etot   =    -33334.7325  EKtot   =      7041.5576  EPtot      =    -40376.2901
 BOND   =       147.8823  ANGLE   =       366.3887  DIHED      =       505.6860
 1-4 NB =       172.0944  1-4 EEL =      -342.7378  VDWAALS    =      4733.4090
 EELEC  =    -45959.0128  EHBOND  =         0.0000  RESTRAINT  =         0.0000
 EKCMT  =      3308.8150  VIRIAL  =      4431.6562  VOLUME     =    117376.4012
                                                    Density    =         1.0299
 Ewald error estimate:   0.1425E-03
 ------------------------------------------------------------------------------


 NSTEP =    12000   TIME(PS) =    1644.000  TEMP(K) =   301.73  PRESS =   -18.0
 Etot   =    -33343.0205  EKtot   =      7144.8714  EPtot      =    -40487.8919
 BOND   =       145.5270  ANGLE   =       362.4645  DIHED      =       511.7883
 1-4 NB =       169.1803  1-4 EEL =      -338.1935  VDWAALS    =      4909.5078
 EELEC  =    -46248.1663  EHBOND  =         0.0000  RESTRAINT  =         0.0000
 EKCMT  =      3326.1988  VIRIAL  =      3371.6834  VOLUME     =    117173.0156
                                                    Density    =         1.0317
 Ewald error estimate:   0.2852E-05
 ------------------------------------------------------------------------------


 NSTEP =    12250   TIME(PS) =    1644.500  TEMP(K) =   299.38  PRESS =   215.7
 Etot   =    -33297.6243  EKtot   =      7089.1645  EPtot      =    -40386.7888
 BOND   =       180.2703  ANGLE   =       360.7076  DIHED      =       515.3130
 1-4 NB =       167.7047  1-4 EEL =      -361.6856  VDWAALS    =      4940.0233
 EELEC  =    -46189.1221  EHBOND  =         0.0000  RESTRAINT  =         0.0000
 EKCMT  =      3326.3121  VIRIAL  =      2780.3449  VOLUME     =    117230.7630
                                                    Density    =         1.0312
 Ewald error estimate:   0.3197E-04
 ------------------------------------------------------------------------------


 NSTEP =    12500   TIME(PS) =    1645.000  TEMP(K) =   296.51  PRESS =    25.4
 Etot   =    -33329.8982  EKtot   =      7021.0792  EPtot      =    -40350.9774
 BOND   =       147.4726  ANGLE   =       352.3552  DIHED      =       531.3086
 1-4 NB =       168.0403  1-4 EEL =      -347.4272  VDWAALS    =      4850.3224
 EELEC  =    -46053.0494  EHBOND  =         0.0000  RESTRAINT  =         0.0000
 EKCMT  =      3226.7505  VIRIAL  =      3162.4235  VOLUME     =    117301.3721
                                                    Density    =         1.0306
 Ewald error estimate:   0.2085E-03
 ------------------------------------------------------------------------------


 NSTEP =    12750   TIME(PS) =    1645.500  TEMP(K) =   296.50  PRESS =  -196.6
 Etot   =    -33487.4798  EKtot   =      7020.8570  EPtot      =    -40508.3368
 BOND   =       163.0034  ANGLE   =       358.5460  DIHED      =       500.0055
 1-4 NB =       177.5046  1-4 EEL =      -316.5159  VDWAALS    =      4780.9939
 EELEC  =    -46171.8743  EHBOND  =         0.0000  RESTRAINT  =         0.0000
 EKCMT  =      3287.8602  VIRIAL  =      3785.5752  VOLUME     =    117245.5937
                                                    Density    =         1.0311
 Ewald error estimate:   0.9336E-04
 ------------------------------------------------------------------------------


 NSTEP =    13000   TIME(PS) =    1646.000  TEMP(K) =   298.64  PRESS =  -138.8
 Etot   =    -33501.0848  EKtot   =      7071.7093  EPtot      =    -40572.7941
 BOND   =       166.5968  ANGLE   =       364.0839  DIHED      =       509.9833
 1-4 NB =       174.2306  1-4 EEL =      -335.4475  VDWAALS    =      4840.8770
 EELEC  =    -46293.1182  EHBOND  =         0.0000  RESTRAINT  =         0.0000
 EKCMT  =      3316.8333  VIRIAL  =      3667.6483  VOLUME     =    117092.6307
                                                    Density    =         1.0324
 Ewald error estimate:   0.3640E-04
 ------------------------------------------------------------------------------


 NSTEP =    13250   TIME(PS) =    1646.500  TEMP(K) =   299.04  PRESS =  -201.4
 Etot   =    -33422.6182  EKtot   =      7081.1634  EPtot      =    -40503.7816
 BOND   =       146.6449  ANGLE   =       369.1036  DIHED      =       523.4786
 1-4 NB =       167.0728  1-4 EEL =      -339.6955  VDWAALS    =      4789.6057
 EELEC  =    -46159.9916  EHBOND  =         0.0000  RESTRAINT  =         0.0000
 EKCMT  =      3303.5709  VIRIAL  =      3812.4602  VOLUME     =    117013.4732
                                                    Density    =         1.0331
 Ewald error estimate:   0.4720E-04
 ------------------------------------------------------------------------------


 NSTEP =    13500   TIME(PS) =    1647.000  TEMP(K) =   297.97  PRESS =   -68.6
 Etot   =    -33277.9185  EKtot   =      7055.7168  EPtot      =    -40333.6353
 BOND   =       161.4512  ANGLE   =       374.4315  DIHED      =       512.5792
 1-4 NB =       171.0514  1-4 EEL =      -346.2661  VDWAALS    =      4771.8082
 EELEC  =    -45978.6908  EHBOND  =         0.0000  RESTRAINT  =         0.0000
 EKCMT  =      3316.6392  VIRIAL  =      3489.7443  VOLUME     =    116807.0915
                                                    Density    =         1.0349
 Ewald error estimate:   0.1181E-03
 ------------------------------------------------------------------------------


 NSTEP =    13750   TIME(PS) =    1647.500  TEMP(K) =   303.95  PRESS =   319.9
 Etot   =    -33258.4387  EKtot   =      7197.2991  EPtot      =    -40455.7378
 BOND   =       167.6985  ANGLE   =       354.8868  DIHED      =       516.5985
 1-4 NB =       167.9975  1-4 EEL =      -354.5025  VDWAALS    =      4960.1303
 EELEC  =    -46268.5469  EHBOND  =         0.0000  RESTRAINT  =         0.0000
 EKCMT  =      3376.8197  VIRIAL  =      2568.9926  VOLUME     =    116969.0703
                                                    Density    =         1.0335
 Ewald error estimate:   0.4397E-04
 ------------------------------------------------------------------------------


 NSTEP =    14000   TIME(PS) =    1648.000  TEMP(K) =   299.47  PRESS =   -39.5
 Etot   =    -33260.3739  EKtot   =      7091.2922  EPtot      =    -40351.6661
 BOND   =       142.0170  ANGLE   =       347.9751  DIHED      =       519.1327
 1-4 NB =       171.6527  1-4 EEL =      -356.9043  VDWAALS    =      4808.2726
 EELEC  =    -45983.8119  EHBOND  =         0.0000  RESTRAINT  =         0.0000
 EKCMT  =      3273.4647  VIRIAL  =      3373.3668  VOLUME     =    117117.5501
                                                    Density    =         1.0322
 Ewald error estimate:   0.3070E-04
 ------------------------------------------------------------------------------


 NSTEP =    14250   TIME(PS) =    1648.500  TEMP(K) =   297.93  PRESS =   140.8
 Etot   =    -33383.7970  EKtot   =      7054.7950  EPtot      =    -40438.5920
 BOND   =       147.5353  ANGLE   =       339.7282  DIHED      =       522.3021
 1-4 NB =       167.8317  1-4 EEL =      -345.6724  VDWAALS    =      4971.8181
 EELEC  =    -46242.1349  EHBOND  =         0.0000  RESTRAINT  =         0.0000
 EKCMT  =      3245.5999  VIRIAL  =      2889.6784  VOLUME     =    117086.2441
                                                    Density    =         1.0325
 Ewald error estimate:   0.1336E-03
 ------------------------------------------------------------------------------


 NSTEP =    14500   TIME(PS) =    1649.000  TEMP(K) =   299.36  PRESS =  -109.7
 Etot   =    -33237.4257  EKtot   =      7088.7008  EPtot      =    -40326.1265
 BOND   =       157.9464  ANGLE   =       341.5858  DIHED      =       530.1618
 1-4 NB =       173.3422  1-4 EEL =      -338.8508  VDWAALS    =      4750.0702
 EELEC  =    -45940.3822  EHBOND  =         0.0000  RESTRAINT  =         0.0000
 EKCMT  =      3270.1370  VIRIAL  =      3547.3963  VOLUME     =    117007.0737
                                                    Density    =         1.0332
 Ewald error estimate:   0.1619E-03
 ------------------------------------------------------------------------------


 NSTEP =    14750   TIME(PS) =    1649.500  TEMP(K) =   300.26  PRESS =  -237.5
 Etot   =    -33283.5505  EKtot   =      7110.0685  EPtot      =    -40393.6190
 BOND   =       175.8127  ANGLE   =       356.9999  DIHED      =       517.3588
 1-4 NB =       163.1229  1-4 EEL =      -349.7635  VDWAALS    =      4802.0535
 EELEC  =    -46059.2033  EHBOND  =         0.0000  RESTRAINT  =         0.0000
 EKCMT  =      3284.3005  VIRIAL  =      3884.0074  VOLUME     =    116972.8882
                                                    Density    =         1.0335
 Ewald error estimate:   0.8281E-04
 ------------------------------------------------------------------------------


 NSTEP =    15000   TIME(PS) =    1650.000  TEMP(K) =   303.05  PRESS =    -2.0
 Etot   =    -33196.6804  EKtot   =      7176.0428  EPtot      =    -40372.7232
 BOND   =       146.9175  ANGLE   =       372.6435  DIHED      =       503.0819
 1-4 NB =       173.1021  1-4 EEL =      -360.3746  VDWAALS    =      4829.3913
 EELEC  =    -46037.4850  EHBOND  =         0.0000  RESTRAINT  =         0.0000
 EKCMT  =      3314.9250  VIRIAL  =      3320.0320  VOLUME     =    117018.8421
                                                    Density    =         1.0331
 Ewald error estimate:   0.7408E-04
 ------------------------------------------------------------------------------


 NSTEP =    15250   TIME(PS) =    1650.500  TEMP(K) =   299.74  PRESS =   148.7
 Etot   =    -33274.6881  EKtot   =      7097.5966  EPtot      =    -40372.2847
 BOND   =       154.5011  ANGLE   =       366.0310  DIHED      =       495.8238
 1-4 NB =       175.6837  1-4 EEL =      -341.0817  VDWAALS    =      4961.2221
 EELEC  =    -46184.4647  EHBOND  =         0.0000  RESTRAINT  =         0.0000
 EKCMT  =      3318.0632  VIRIAL  =      2942.3464  VOLUME     =    116986.3442
                                                    Density    =         1.0333
 Ewald error estimate:   0.4656E-05
 ------------------------------------------------------------------------------


 NSTEP =    15500   TIME(PS) =    1651.000  TEMP(K) =   301.25  PRESS =   -65.1
 Etot   =    -33155.8020  EKtot   =      7133.5033  EPtot      =    -40289.3052
 BOND   =       141.8522  ANGLE   =       369.3472  DIHED      =       499.9658
 1-4 NB =       173.8885  1-4 EEL =      -335.8853  VDWAALS    =      4816.1482
 EELEC  =    -45954.6218  EHBOND  =         0.0000  RESTRAINT  =         0.0000
 EKCMT  =      3358.0294  VIRIAL  =      3522.8370  VOLUME     =    117223.2309
                                                    Density    =         1.0313
 Ewald error estimate:   0.1455E-03
 ------------------------------------------------------------------------------


 NSTEP =    15750   TIME(PS) =    1651.500  TEMP(K) =   301.35  PRESS =   -40.5
 Etot   =    -33361.9116  EKtot   =      7135.8757  EPtot      =    -40497.7873
 BOND   =       148.9332  ANGLE   =       357.0163  DIHED      =       516.1286
 1-4 NB =       166.9614  1-4 EEL =      -352.5324  VDWAALS    =      4966.7424
 EELEC  =    -46301.0368  EHBOND  =         0.0000  RESTRAINT  =         0.0000
 EKCMT  =      3319.9596  VIRIAL  =      3422.4743  VOLUME     =    117244.2398
                                                    Density    =         1.0311
 Ewald error estimate:   0.1789E-03
 ------------------------------------------------------------------------------


 NSTEP =    16000   TIME(PS) =    1652.000  TEMP(K) =   298.10  PRESS =   -19.2
 Etot   =    -33317.9962  EKtot   =      7058.8924  EPtot      =    -40376.8886
 BOND   =       167.7771  ANGLE   =       355.4722  DIHED      =       488.9209
 1-4 NB =       169.5697  1-4 EEL =      -354.1197  VDWAALS    =      4887.3252
 EELEC  =    -46091.8340  EHBOND  =         0.0000  RESTRAINT  =         0.0000
 EKCMT  =      3291.2843  VIRIAL  =      3339.9340  VOLUME     =    117197.1431
                                                    Density    =         1.0315
 Ewald error estimate:   0.1576E-03
 ------------------------------------------------------------------------------


 NSTEP =    16250   TIME(PS) =    1652.500  TEMP(K) =   297.61  PRESS =  -372.1
 Etot   =    -33368.1033  EKtot   =      7047.2311  EPtot      =    -40415.3344
 BOND   =       156.1352  ANGLE   =       354.2719  DIHED      =       510.8479
 1-4 NB =       171.2079  1-4 EEL =      -355.4671  VDWAALS    =      4839.9893
 EELEC  =    -46092.3194  EHBOND  =         0.0000  RESTRAINT  =         0.0000
 EKCMT  =      3210.4157  VIRIAL  =      4151.6952  VOLUME     =    117167.5217
                                                    Density    =         1.0317
 Ewald error estimate:   0.1768E-03
 ------------------------------------------------------------------------------


 NSTEP =    16500   TIME(PS) =    1653.000  TEMP(K) =   301.55  PRESS =    -5.4
 Etot   =    -33332.8647  EKtot   =      7140.5394  EPtot      =    -40473.4041
 BOND   =       159.4956  ANGLE   =       341.3131  DIHED      =       511.9477
 1-4 NB =       169.9119  1-4 EEL =      -320.9314  VDWAALS    =      4860.3429
 EELEC  =    -46195.4839  EHBOND  =         0.0000  RESTRAINT  =         0.0000
 EKCMT  =      3371.4596  VIRIAL  =      3385.1261  VOLUME     =    117102.9364
                                                    Density    =         1.0323
 Ewald error estimate:   0.6016E-06
 ------------------------------------------------------------------------------


 NSTEP =    16750   TIME(PS) =    1653.500  TEMP(K) =   300.49  PRESS =  -130.5
 Etot   =    -33191.0621  EKtot   =      7115.5026  EPtot      =    -40306.5647
 BOND   =       152.9518  ANGLE   =       367.8663  DIHED      =       518.7350
 1-4 NB =       171.5502  1-4 EEL =      -352.0434  VDWAALS    =      4760.8958
 EELEC  =    -45926.5205  EHBOND  =         0.0000  RESTRAINT  =         0.0000
 EKCMT  =      3347.7045  VIRIAL  =      3677.7543  VOLUME     =    117118.7272
                                                    Density    =         1.0322
 Ewald error estimate:   0.2796E-04
 ------------------------------------------------------------------------------


 NSTEP =    17000   TIME(PS) =    1654.000  TEMP(K) =   299.30  PRESS =    52.8
 Etot   =    -33140.7866  EKtot   =      7087.2297  EPtot      =    -40228.0163
 BOND   =       154.7295  ANGLE   =       352.7302  DIHED      =       512.6487
 1-4 NB =       170.5232  1-4 EEL =      -342.1762  VDWAALS    =      4782.2760
 EELEC  =    -45858.7478  EHBOND  =         0.0000  RESTRAINT  =         0.0000
 EKCMT  =      3326.5241  VIRIAL  =      3193.1980  VOLUME     =    117047.3813
                                                    Density    =         1.0328
 Ewald error estimate:   0.2077E-03
 ------------------------------------------------------------------------------


 NSTEP =    17250   TIME(PS) =    1654.500  TEMP(K) =   300.41  PRESS =   250.5
 Etot   =    -33179.3532  EKtot   =      7113.5010  EPtot      =    -40292.8542
 BOND   =       166.6676  ANGLE   =       331.8259  DIHED      =       522.1629
 1-4 NB =       171.3616  1-4 EEL =      -335.6571  VDWAALS    =      4896.3928
 EELEC  =    -46045.6080  EHBOND  =         0.0000  RESTRAINT  =         0.0000
 EKCMT  =      3306.0397  VIRIAL  =      2673.1309  VOLUME     =    117029.6717
                                                    Density    =         1.0330
 Ewald error estimate:   0.6714E-04
 ------------------------------------------------------------------------------


 NSTEP =    17500   TIME(PS) =    1655.000  TEMP(K) =   298.57  PRESS =   340.8
 Etot   =    -33214.5690  EKtot   =      7069.8968  EPtot      =    -40284.4658
 BOND   =       146.1927  ANGLE   =       340.7531  DIHED      =       495.8648
 1-4 NB =       170.3136  1-4 EEL =      -342.0669  VDWAALS    =      4958.2323
 EELEC  =    -46053.7554  EHBOND  =         0.0000  RESTRAINT  =         0.0000
 EKCMT  =      3290.6284  VIRIAL  =      2428.5782  VOLUME     =    117155.3207
                                                    Density    =         1.0319
 Ewald error estimate:   0.7236E-04
 ------------------------------------------------------------------------------


 NSTEP =    17750   TIME(PS) =    1655.500  TEMP(K) =   303.18  PRESS =  -142.4
 Etot   =    -33180.2326  EKtot   =      7179.0095  EPtot      =    -40359.2421
 BOND   =       140.7878  ANGLE   =       339.1211  DIHED      =       502.6724
 1-4 NB =       171.6360  1-4 EEL =      -336.1956  VDWAALS    =      4882.7447
 EELEC  =    -46060.0085  EHBOND  =         0.0000  RESTRAINT  =         0.0000
 EKCMT  =      3404.2211  VIRIAL  =      3764.4903  VOLUME     =    117175.3690
                                                    Density    =         1.0317
 Ewald error estimate:   0.1794E-03
 ------------------------------------------------------------------------------


 NSTEP =    18000   TIME(PS) =    1656.000  TEMP(K) =   299.78  PRESS =   -38.5
 Etot   =    -33194.4789  EKtot   =      7098.4996  EPtot      =    -40292.9785
 BOND   =       154.0585  ANGLE   =       361.7376  DIHED      =       502.3766
 1-4 NB =       163.7156  1-4 EEL =      -338.9576  VDWAALS    =      4768.8114
 EELEC  =    -45904.7207  EHBOND  =         0.0000  RESTRAINT  =         0.0000
 EKCMT  =      3336.9510  VIRIAL  =      3434.4497  VOLUME     =    117166.2167
                                                    Density    =         1.0318
 Ewald error estimate:   0.2555E-03
 ------------------------------------------------------------------------------


 NSTEP =    18250   TIME(PS) =    1656.500  TEMP(K) =   302.36  PRESS =  -120.4
 Etot   =    -33130.2952  EKtot   =      7159.6468  EPtot      =    -40289.9419
 BOND   =       147.2457  ANGLE   =       349.0505  DIHED      =       511.0469
 1-4 NB =       172.1873  1-4 EEL =      -347.0243  VDWAALS    =      4791.9239
 EELEC  =    -45914.3720  EHBOND  =         0.0000  RESTRAINT  =         0.0000
 EKCMT  =      3325.2687  VIRIAL  =      3629.9938  VOLUME     =    117204.2077
                                                    Density    =         1.0314
 Ewald error estimate:   0.1384E-03
 ------------------------------------------------------------------------------


 NSTEP =    18500   TIME(PS) =    1657.000  TEMP(K) =   299.74  PRESS =    75.6
 Etot   =    -33134.7819  EKtot   =      7097.7505  EPtot      =    -40232.5324
 BOND   =       160.1742  ANGLE   =       339.4460  DIHED      =       484.8105
 1-4 NB =       169.2190  1-4 EEL =      -327.8420  VDWAALS    =      4814.9933
 EELEC  =    -45873.3333  EHBOND  =         0.0000  RESTRAINT  =         0.0000
 EKCMT  =      3338.7428  VIRIAL  =      3147.4423  VOLUME     =    117191.2556
                                                    Density    =         1.0315
 Ewald error estimate:   0.1327E-03
 ------------------------------------------------------------------------------


 NSTEP =    18750   TIME(PS) =    1657.500  TEMP(K) =   303.18  PRESS =   -64.6
 Etot   =    -33150.7617  EKtot   =      7179.0636  EPtot      =    -40329.8254
 BOND   =       154.7809  ANGLE   =       356.0327  DIHED      =       495.5451
 1-4 NB =       174.6743  1-4 EEL =      -341.1956  VDWAALS    =      4662.0823
 EELEC  =    -45831.7451  EHBOND  =         0.0000  RESTRAINT  =         0.0000
 EKCMT  =      3399.4096  VIRIAL  =      3562.6562  VOLUME     =    117081.8643
                                                    Density    =         1.0325
 Ewald error estimate:   0.2283E-03
 ------------------------------------------------------------------------------


 NSTEP =    19000   TIME(PS) =    1658.000  TEMP(K) =   300.10  PRESS =   -38.1
 Etot   =    -33121.6510  EKtot   =      7106.2480  EPtot      =    -40227.8990
 BOND   =       152.1007  ANGLE   =       342.3748  DIHED      =       508.9531
 1-4 NB =       166.4530  1-4 EEL =      -330.0015  VDWAALS    =      4751.9083
 EELEC  =    -45819.6874  EHBOND  =         0.0000  RESTRAINT  =         0.0000
 EKCMT  =      3335.0110  VIRIAL  =      3431.3595  VOLUME     =    117077.5362
                                                    Density    =         1.0325
 Ewald error estimate:   0.2564E-04
 ------------------------------------------------------------------------------


 NSTEP =    19250   TIME(PS) =    1658.500  TEMP(K) =   302.38  PRESS =  -201.8
 Etot   =    -33137.9571  EKtot   =      7160.1082  EPtot      =    -40298.0652
 BOND   =       155.7528  ANGLE   =       343.8878  DIHED      =       507.3413
 1-4 NB =       168.7974  1-4 EEL =      -365.1438  VDWAALS    =      4759.5703
 EELEC  =    -45868.2710  EHBOND  =         0.0000  RESTRAINT  =         0.0000
 EKCMT  =      3329.4146  VIRIAL  =      3839.0840  VOLUME     =    116963.3998
                                                    Density    =         1.0335
 Ewald error estimate:   0.7484E-04
 ------------------------------------------------------------------------------


 NSTEP =    19500   TIME(PS) =    1659.000  TEMP(K) =   299.91  PRESS =   127.9
 Etot   =    -33097.5590  EKtot   =      7101.6286  EPtot      =    -40199.1876
 BOND   =       149.8248  ANGLE   =       361.1232  DIHED      =       491.0105
 1-4 NB =       170.5874  1-4 EEL =      -311.8056  VDWAALS    =      4852.3735
 EELEC  =    -45912.3014  EHBOND  =         0.0000  RESTRAINT  =         0.0000
 EKCMT  =      3297.4352  VIRIAL  =      2974.6492  VOLUME     =    116882.9727
                                                    Density    =         1.0343
 Ewald error estimate:   0.7527E-04
 ------------------------------------------------------------------------------


 NSTEP =    19750   TIME(PS) =    1659.500  TEMP(K) =   299.32  PRESS =  -117.2
 Etot   =    -33186.4763  EKtot   =      7087.7284  EPtot      =    -40274.2046
 BOND   =       164.5327  ANGLE   =       340.8723  DIHED      =       497.9573
 1-4 NB =       178.4349  1-4 EEL =      -332.9166  VDWAALS    =      4756.2971
 EELEC  =    -45879.3824  EHBOND  =         0.0000  RESTRAINT  =         0.0000
 EKCMT  =      3252.9292  VIRIAL  =      3548.5959  VOLUME     =    116876.0303
                                                    Density    =         1.0343
 Ewald error estimate:   0.2765E-03
 ------------------------------------------------------------------------------


 NSTEP =    20000   TIME(PS) =    1660.000  TEMP(K) =   300.81  PRESS =   -54.3
 Etot   =    -33206.2063  EKtot   =      7123.0375  EPtot      =    -40329.2438
 BOND   =       155.5632  ANGLE   =       364.5850  DIHED      =       485.6454
 1-4 NB =       179.6157  1-4 EEL =      -347.3096  VDWAALS    =      4766.0758
 EELEC  =    -45933.4194  EHBOND  =         0.0000  RESTRAINT  =         0.0000
 EKCMT  =      3327.0513  VIRIAL  =      3464.0977  VOLUME     =    116823.9923
                                                    Density    =         1.0348
 Ewald error estimate:   0.1209E-03
 ------------------------------------------------------------------------------


 NSTEP =    20250   TIME(PS) =    1660.500  TEMP(K) =   298.39  PRESS =    58.8
 Etot   =    -33305.2964  EKtot   =      7065.6751  EPtot      =    -40370.9715
 BOND   =       153.9283  ANGLE   =       339.9495  DIHED      =       490.3536
 1-4 NB =       167.6870  1-4 EEL =      -333.3260  VDWAALS    =      4860.3721
 EELEC  =    -46049.9360  EHBOND  =         0.0000  RESTRAINT  =         0.0000
 EKCMT  =      3375.7149  VIRIAL  =      3227.3937  VOLUME     =    116752.6378
                                                    Density    =         1.0354
 Ewald error estimate:   0.2847E-03
 ------------------------------------------------------------------------------


 NSTEP =    20500   TIME(PS) =    1661.000  TEMP(K) =   303.80  PRESS =    32.2
 Etot   =    -33232.6704  EKtot   =      7193.7944  EPtot      =    -40426.4648
 BOND   =       148.6987  ANGLE   =       327.7770  DIHED      =       512.3859
 1-4 NB =       172.2435  1-4 EEL =      -329.6986  VDWAALS    =      4782.8630
 EELEC  =    -46040.7342  EHBOND  =         0.0000  RESTRAINT  =         0.0000
 EKCMT  =      3343.2995  VIRIAL  =      3262.1542  VOLUME     =    116714.0384
                                                    Density    =         1.0358
 Ewald error estimate:   0.1324E-03
 ------------------------------------------------------------------------------


 NSTEP =    20750   TIME(PS) =    1661.500  TEMP(K) =   303.02  PRESS =   268.5
 Etot   =    -33281.7119  EKtot   =      7175.3855  EPtot      =    -40457.0974
 BOND   =       159.0674  ANGLE   =       338.2884  DIHED      =       488.8833
 1-4 NB =       170.8207  1-4 EEL =      -334.1090  VDWAALS    =      4890.6706
 EELEC  =    -46170.7188  EHBOND  =         0.0000  RESTRAINT  =         0.0000
 EKCMT  =      3354.5915  VIRIAL  =      2677.6524  VOLUME     =    116778.6065
                                                    Density    =         1.0352
 Ewald error estimate:   0.1487E-03
 ------------------------------------------------------------------------------


 NSTEP =    21000   TIME(PS) =    1662.000  TEMP(K) =   303.29  PRESS =  -328.2
 Etot   =    -33303.6579  EKtot   =      7181.6781  EPtot      =    -40485.3359
 BOND   =       147.0688  ANGLE   =       368.6857  DIHED      =       502.1825
 1-4 NB =       168.8269  1-4 EEL =      -341.9817  VDWAALS    =      4809.0738
 EELEC  =    -46139.1920  EHBOND  =         0.0000  RESTRAINT  =         0.0000
 EKCMT  =      3335.0754  VIRIAL  =      4162.6918  VOLUME     =    116781.2065
                                                    Density    =         1.0352
 Ewald error estimate:   0.1397E-03
 ------------------------------------------------------------------------------


 NSTEP =    21250   TIME(PS) =    1662.500  TEMP(K) =   301.16  PRESS =  -231.6
 Etot   =    -33298.6799  EKtot   =      7131.1689  EPtot      =    -40429.8488
 BOND   =       147.8403  ANGLE   =       331.2307  DIHED      =       516.5045
 1-4 NB =       168.1826  1-4 EEL =      -342.7715  VDWAALS    =      4774.8891
 EELEC  =    -46025.7245  EHBOND  =         0.0000  RESTRAINT  =         0.0000
 EKCMT  =      3369.3920  VIRIAL  =      3953.4225  VOLUME     =    116777.9953
                                                    Density    =         1.0352
 Ewald error estimate:   0.3043E-03
 ------------------------------------------------------------------------------


 NSTEP =    21500   TIME(PS) =    1663.000  TEMP(K) =   304.22  PRESS =     5.0
 Etot   =    -33287.3836  EKtot   =      7203.6645  EPtot      =    -40491.0481
 BOND   =       152.1471  ANGLE   =       339.0649  DIHED      =       507.8920
 1-4 NB =       170.8586  1-4 EEL =      -339.9016  VDWAALS    =      4818.2312
 EELEC  =    -46139.3403  EHBOND  =         0.0000  RESTRAINT  =         0.0000
 EKCMT  =      3391.8698  VIRIAL  =      3379.3137  VOLUME     =    116656.9734
                                                    Density    =         1.0363
 Ewald error estimate:   0.1936E-03
 ------------------------------------------------------------------------------


 NSTEP =    21750   TIME(PS) =    1663.500  TEMP(K) =   300.41  PRESS =   532.1
 Etot   =    -33254.8847  EKtot   =      7113.4811  EPtot      =    -40368.3659
 BOND   =       168.2149  ANGLE   =       351.8862  DIHED      =       503.5637
 1-4 NB =       168.9062  1-4 EEL =      -363.7222  VDWAALS    =      4917.9677
 EELEC  =    -46115.1824  EHBOND  =         0.0000  RESTRAINT  =         0.0000
 EKCMT  =      3339.3297  VIRIAL  =      1999.5329  VOLUME     =    116620.8087
                                                    Density    =         1.0366
 Ewald error estimate:   0.1703E-03
 ------------------------------------------------------------------------------


 NSTEP =    22000   TIME(PS) =    1664.000  TEMP(K) =   302.25  PRESS =    -6.6
 Etot   =    -33348.9622  EKtot   =      7157.1481  EPtot      =    -40506.1103
 BOND   =       142.8126  ANGLE   =       347.6868  DIHED      =       509.7630
 1-4 NB =       172.1001  1-4 EEL =      -329.2797  VDWAALS    =      4932.7765
 EELEC  =    -46281.9695  EHBOND  =         0.0000  RESTRAINT  =         0.0000
 EKCMT  =      3315.4823  VIRIAL  =      3332.0455  VOLUME     =    116699.4468
                                                    Density    =         1.0359
 Ewald error estimate:   0.7225E-04
 ------------------------------------------------------------------------------


 NSTEP =    22250   TIME(PS) =    1664.500  TEMP(K) =   301.50  PRESS =  -313.1
 Etot   =    -33386.9004  EKtot   =      7139.3682  EPtot      =    -40526.2686
 BOND   =       143.4549  ANGLE   =       362.3223  DIHED      =       497.2274
 1-4 NB =       176.8371  1-4 EEL =      -331.6701  VDWAALS    =      4793.6696
 EELEC  =    -46168.1097  EHBOND  =         0.0000  RESTRAINT  =         0.0000
 EKCMT  =      3379.0268  VIRIAL  =      4167.9093  VOLUME     =    116677.4625
                                                    Density    =         1.0361
 Ewald error estimate:   0.5561E-04
 ------------------------------------------------------------------------------


 NSTEP =    22500   TIME(PS) =    1665.000  TEMP(K) =   297.31  PRESS =  -553.4
 Etot   =    -33439.0368  EKtot   =      7040.0756  EPtot      =    -40479.1124
 BOND   =       151.0982  ANGLE   =       349.3521  DIHED      =       500.8941
 1-4 NB =       170.7434  1-4 EEL =      -330.5880  VDWAALS    =      4617.9902
 EELEC  =    -45938.6024  EHBOND  =         0.0000  RESTRAINT  =         0.0000
 EKCMT  =      3293.4965  VIRIAL  =      4685.9608  VOLUME     =    116547.9118
                                                    Density    =         1.0372
 Ewald error estimate:   0.8740E-04
 ------------------------------------------------------------------------------


 NSTEP =    22750   TIME(PS) =    1665.500  TEMP(K) =   304.81  PRESS =   134.5
 Etot   =    -33368.8400  EKtot   =      7217.6041  EPtot      =    -40586.4441
 BOND   =       144.6545  ANGLE   =       358.8097  DIHED      =       508.3391
 1-4 NB =       162.8485  1-4 EEL =      -353.3489  VDWAALS    =      4989.0251
 EELEC  =    -46396.7720  EHBOND  =         0.0000  RESTRAINT  =         0.0000
 EKCMT  =      3330.2849  VIRIAL  =      2991.5806  VOLUME     =    116597.9118
                                                    Density    =         1.0368
 Ewald error estimate:   0.5356E-04
 ------------------------------------------------------------------------------


 NSTEP =    23000   TIME(PS) =    1666.000  TEMP(K) =   303.62  PRESS =   -38.3
 Etot   =    -33264.8195  EKtot   =      7189.4699  EPtot      =    -40454.2893
 BOND   =       163.3378  ANGLE   =       356.8654  DIHED      =       487.5969
 1-4 NB =       163.8951  1-4 EEL =      -347.6832  VDWAALS    =      4897.5981
 EELEC  =    -46175.8995  EHBOND  =         0.0000  RESTRAINT  =         0.0000
 EKCMT  =      3301.1484  VIRIAL  =      3397.8019  VOLUME     =    116829.3359
                                                    Density    =         1.0347
 Ewald error estimate:   0.2197E-03
 ------------------------------------------------------------------------------


 NSTEP =    23250   TIME(PS) =    1666.500  TEMP(K) =   296.37  PRESS =   323.6
 Etot   =    -33353.6209  EKtot   =      7017.8329  EPtot      =    -40371.4538
 BOND   =       165.2064  ANGLE   =       371.1609  DIHED      =       494.0765
 1-4 NB =       171.5281  1-4 EEL =      -335.5108  VDWAALS    =      4868.1607
 EELEC  =    -46106.0756  EHBOND  =         0.0000  RESTRAINT  =         0.0000
 EKCMT  =      3342.9146  VIRIAL  =      2526.6219  VOLUME     =    116837.1564
                                                    Density    =         1.0347
 Ewald error estimate:   0.8373E-04
 ------------------------------------------------------------------------------


 NSTEP =    23500   TIME(PS) =    1667.000  TEMP(K) =   300.00  PRESS =  -245.5
 Etot   =    -33342.2962  EKtot   =      7103.7049  EPtot      =    -40446.0012
 BOND   =       167.3269  ANGLE   =       375.5065  DIHED      =       500.6413
 1-4 NB =       173.0201  1-4 EEL =      -344.9059  VDWAALS    =      4765.7544
 EELEC  =    -46083.3444  EHBOND  =         0.0000  RESTRAINT  =         0.0000
 EKCMT  =      3306.3907  VIRIAL  =      3926.2989  VOLUME     =    116956.4306
                                                    Density    =         1.0336
 Ewald error estimate:   0.5431E-04
 ------------------------------------------------------------------------------


 NSTEP =    23750   TIME(PS) =    1667.500  TEMP(K) =   302.69  PRESS =  -268.5
 Etot   =    -33301.9537  EKtot   =      7167.5681  EPtot      =    -40469.5218
 BOND   =       156.1866  ANGLE   =       350.1631  DIHED      =       503.2671
 1-4 NB =       171.2511  1-4 EEL =      -341.2479  VDWAALS    =      4695.2909
 EELEC  =    -46004.4326  EHBOND  =         0.0000  RESTRAINT  =         0.0000
 EKCMT  =      3370.5198  VIRIAL  =      4048.2441  VOLUME     =    116923.5274
                                                    Density    =         1.0339
 Ewald error estimate:   0.1479E-04
 ------------------------------------------------------------------------------


 NSTEP =    24000   TIME(PS) =    1668.000  TEMP(K) =   302.07  PRESS =  -295.0
 Etot   =    -33269.3875  EKtot   =      7152.7558  EPtot      =    -40422.1433
 BOND   =       140.1352  ANGLE   =       343.5143  DIHED      =       494.8547
 1-4 NB =       168.4368  1-4 EEL =      -345.4246  VDWAALS    =      4785.3874
 EELEC  =    -46009.0471  EHBOND  =         0.0000  RESTRAINT  =         0.0000
 EKCMT  =      3291.7734  VIRIAL  =      4036.5589  VOLUME     =    116938.3063
                                                    Density    =         1.0338
 Ewald error estimate:   0.9204E-05
 ------------------------------------------------------------------------------


 NSTEP =    24250   TIME(PS) =    1668.500  TEMP(K) =   295.79  PRESS =   192.4
 Etot   =    -33341.0803  EKtot   =      7004.0462  EPtot      =    -40345.1266
 BOND   =       142.4572  ANGLE   =       362.2242  DIHED      =       496.7038
 1-4 NB =       176.2503  1-4 EEL =      -327.4483  VDWAALS    =      4887.6073
 EELEC  =    -46082.9210  EHBOND  =         0.0000  RESTRAINT  =         0.0000
 EKCMT  =      3280.3428  VIRIAL  =      2794.5846  VOLUME     =    116906.4190
                                                    Density    =         1.0340
 Ewald error estimate:   0.1707E-03
 ------------------------------------------------------------------------------


 NSTEP =    24500   TIME(PS) =    1669.000  TEMP(K) =   298.32  PRESS =   111.0
 Etot   =    -33336.8800  EKtot   =      7064.0306  EPtot      =    -40400.9105
 BOND   =       156.4668  ANGLE   =       346.6933  DIHED      =       494.9013
 1-4 NB =       169.3181  1-4 EEL =      -350.5149  VDWAALS    =      4894.4846
 EELEC  =    -46112.2598  EHBOND  =         0.0000  RESTRAINT  =         0.0000
 EKCMT  =      3283.7817  VIRIAL  =      3003.3711  VOLUME     =    117018.5946
                                                    Density    =         1.0331
 Ewald error estimate:   0.1007E-03
 ------------------------------------------------------------------------------


 NSTEP =    24750   TIME(PS) =    1669.500  TEMP(K) =   299.61  PRESS =    43.3
 Etot   =    -33349.3687  EKtot   =      7094.5944  EPtot      =    -40443.9630
 BOND   =       150.5520  ANGLE   =       349.2544  DIHED      =       500.8764
 1-4 NB =       176.4763  1-4 EEL =      -333.7221  VDWAALS    =      4911.3155
 EELEC  =    -46198.7155  EHBOND  =         0.0000  RESTRAINT  =         0.0000
 EKCMT  =      3343.0863  VIRIAL  =      3233.5473  VOLUME     =    117051.3540
                                                    Density    =         1.0328
 Ewald error estimate:   0.5529E-04
 ------------------------------------------------------------------------------


 NSTEP =    25000   TIME(PS) =    1670.000  TEMP(K) =   298.96  PRESS =  -176.0
 Etot   =    -33252.7716  EKtot   =      7079.2441  EPtot      =    -40332.0157
 BOND   =       165.8989  ANGLE   =       363.0552  DIHED      =       508.2361
 1-4 NB =       167.2141  1-4 EEL =      -358.2359  VDWAALS    =      4830.4522
 EELEC  =    -46008.6363  EHBOND  =         0.0000  RESTRAINT  =         0.0000
 EKCMT  =      3306.5405  VIRIAL  =      3751.5769  VOLUME     =    117085.5146
                                                    Density    =         1.0325
 Ewald error estimate:   0.4281E-04
 ------------------------------------------------------------------------------


 NSTEP =    25250   TIME(PS) =    1670.500  TEMP(K) =   300.96  PRESS =   458.4
 Etot   =    -33290.5673  EKtot   =      7126.5734  EPtot      =    -40417.1407
 BOND   =       135.8149  ANGLE   =       374.1452  DIHED      =       494.3917
 1-4 NB =       167.1962  1-4 EEL =      -332.6912  VDWAALS    =      5013.8034
 EELEC  =    -46269.8009  EHBOND  =         0.0000  RESTRAINT  =         0.0000
 EKCMT  =      3347.8395  VIRIAL  =      2187.5753  VOLUME     =    117238.0306
                                                    Density    =         1.0311
 Ewald error estimate:   0.7109E-04
 ------------------------------------------------------------------------------


 NSTEP =    25500   TIME(PS) =    1671.000  TEMP(K) =   298.76  PRESS =  -336.1
 Etot   =    -33289.5436  EKtot   =      7074.5203  EPtot      =    -40364.0638
 BOND   =       126.2102  ANGLE   =       368.6573  DIHED      =       500.0262
 1-4 NB =       169.7149  1-4 EEL =      -334.4841  VDWAALS    =      4606.1265
 EELEC  =    -45800.3148  EHBOND  =         0.0000  RESTRAINT  =         0.0000
 EKCMT  =      3312.7717  VIRIAL  =      4163.6632  VOLUME     =    117238.3246
                                                    Density    =         1.0311
 Ewald error estimate:   0.1483E-04
 ------------------------------------------------------------------------------


 NSTEP =    25750   TIME(PS) =    1671.500  TEMP(K) =   297.98  PRESS =   218.3
 Etot   =    -33222.6311  EKtot   =      7055.9603  EPtot      =    -40278.5913
 BOND   =       163.8814  ANGLE   =       332.7718  DIHED      =       507.7343
 1-4 NB =       169.2614  1-4 EEL =      -349.5112  VDWAALS    =      4844.0804
 EELEC  =    -45946.8095  EHBOND  =         0.0000  RESTRAINT  =         0.0000
 EKCMT  =      3294.2261  VIRIAL  =      2741.9906  VOLUME     =    117146.2384
                                                    Density    =         1.0319
 Ewald error estimate:   0.1489E-03
 ------------------------------------------------------------------------------


 NSTEP =    26000   TIME(PS) =    1672.000  TEMP(K) =   300.00  PRESS =  -168.9
 Etot   =    -33244.1887  EKtot   =      7103.8891  EPtot      =    -40348.0779
 BOND   =       165.8534  ANGLE   =       342.8905  DIHED      =       509.9332
 1-4 NB =       179.2137  1-4 EEL =      -344.1407  VDWAALS    =      4684.8588
 EELEC  =    -45886.6868  EHBOND  =         0.0000  RESTRAINT  =         0.0000
 EKCMT  =      3290.6566  VIRIAL  =      3717.4761  VOLUME     =    117053.3334
                                                    Density    =         1.0328
 Ewald error estimate:   0.6612E-04
 ------------------------------------------------------------------------------


 NSTEP =    26250   TIME(PS) =    1672.500  TEMP(K) =   304.47  PRESS =  -167.3
 Etot   =    -33159.1364  EKtot   =      7209.7078  EPtot      =    -40368.8441
 BOND   =       160.3202  ANGLE   =       352.6568  DIHED      =       507.2866
 1-4 NB =       176.3521  1-4 EEL =      -343.7594  VDWAALS    =      4801.8236
 EELEC  =    -46023.5240  EHBOND  =         0.0000  RESTRAINT  =         0.0000
 EKCMT  =      3381.3685  VIRIAL  =      3804.3559  VOLUME     =    117099.7151
                                                    Density    =         1.0323
 Ewald error estimate:   0.1038E-04
 ------------------------------------------------------------------------------


 NSTEP =    26500   TIME(PS) =    1673.000  TEMP(K) =   299.84  PRESS =    22.2
 Etot   =    -33278.2386  EKtot   =      7099.9860  EPtot      =    -40378.2245
 BOND   =       155.7601  ANGLE   =       356.8457  DIHED      =       508.7881
 1-4 NB =       172.4548  1-4 EEL =      -325.0724  VDWAALS    =      4806.3803
 EELEC  =    -46053.3813  EHBOND  =         0.0000  RESTRAINT  =         0.0000
 EKCMT  =      3334.0001  VIRIAL  =      3277.8978  VOLUME     =    117038.7392
                                                    Density    =         1.0329
 Ewald error estimate:   0.5599E-04
 ------------------------------------------------------------------------------


 NSTEP =    26750   TIME(PS) =    1673.500  TEMP(K) =   298.81  PRESS =  -119.4
 Etot   =    -33282.1971  EKtot   =      7075.7322  EPtot      =    -40357.9293
 BOND   =       152.5184  ANGLE   =       366.3477  DIHED      =       493.7385
 1-4 NB =       174.1541  1-4 EEL =      -345.9837  VDWAALS    =      4845.8961
 EELEC  =    -46044.6004  EHBOND  =         0.0000  RESTRAINT  =         0.0000
 EKCMT  =      3284.0311  VIRIAL  =      3585.7597  VOLUME     =    117022.7499
                                                    Density    =         1.0330
 Ewald error estimate:   0.3381E-04
 ------------------------------------------------------------------------------


 NSTEP =    27000   TIME(PS) =    1674.000  TEMP(K) =   297.81  PRESS =   -95.9
 Etot   =    -33246.2275  EKtot   =      7051.9160  EPtot      =    -40298.1435
 BOND   =       155.7525  ANGLE   =       361.8963  DIHED      =       512.1661
 1-4 NB =       176.5493  1-4 EEL =      -332.6128  VDWAALS    =      4820.4159
 EELEC  =    -45992.3108  EHBOND  =         0.0000  RESTRAINT  =         0.0000
 EKCMT  =      3311.2113  VIRIAL  =      3553.4654  VOLUME     =    117016.1651
                                                    Density    =         1.0331
 Ewald error estimate:   0.1647E-05
 ------------------------------------------------------------------------------


 NSTEP =    27250   TIME(PS) =    1674.500  TEMP(K) =   296.64  PRESS =   323.5
 Etot   =    -33309.7966  EKtot   =      7024.2652  EPtot      =    -40334.0618
 BOND   =       144.5641  ANGLE   =       351.3204  DIHED      =       497.5488
 1-4 NB =       181.5396  1-4 EEL =      -340.6519  VDWAALS    =      4961.0621
 EELEC  =    -46129.4449  EHBOND  =         0.0000  RESTRAINT  =         0.0000
 EKCMT  =      3309.6081  VIRIAL  =      2490.8966  VOLUME     =    117216.4426
                                                    Density    =         1.0313
 Ewald error estimate:   0.5817E-04
 ------------------------------------------------------------------------------


 NSTEP =    27500   TIME(PS) =    1675.000  TEMP(K) =   297.57  PRESS =   -51.8
 Etot   =    -33377.2134  EKtot   =      7046.3498  EPtot      =    -40423.5632
 BOND   =       148.1595  ANGLE   =       365.5167  DIHED      =       500.5695
 1-4 NB =       176.4416  1-4 EEL =      -339.1185  VDWAALS    =      4887.6029
 EELEC  =    -46162.7348  EHBOND  =         0.0000  RESTRAINT  =         0.0000
 EKCMT  =      3302.2519  VIRIAL  =      3433.2078  VOLUME     =    117201.4039
                                                    Density    =         1.0314
 Ewald error estimate:   0.1321E-03
 ------------------------------------------------------------------------------


 NSTEP =    27750   TIME(PS) =    1675.500  TEMP(K) =   297.99  PRESS =  -130.0
 Etot   =    -33359.6661  EKtot   =      7056.1196  EPtot      =    -40415.7857
 BOND   =       146.0020  ANGLE   =       375.2124  DIHED      =       500.0882
 1-4 NB =       177.2788  1-4 EEL =      -369.2137  VDWAALS    =      4695.9091
 EELEC  =    -45941.0624  EHBOND  =         0.0000  RESTRAINT  =         0.0000
 EKCMT  =      3312.2870  VIRIAL  =      3640.9309  VOLUME     =    117119.8934
                                                    Density    =         1.0322
 Ewald error estimate:   0.8522E-04
 ------------------------------------------------------------------------------


 NSTEP =    28000   TIME(PS) =    1676.000  TEMP(K) =   299.60  PRESS =   122.3
 Etot   =    -33257.2693  EKtot   =      7094.2814  EPtot      =    -40351.5507
 BOND   =       156.8882  ANGLE   =       336.2579  DIHED      =       513.0769
 1-4 NB =       172.2155  1-4 EEL =      -350.0517  VDWAALS    =      4794.3046
 EELEC  =    -45974.2423  EHBOND  =         0.0000  RESTRAINT  =         0.0000
 EKCMT  =      3339.9991  VIRIAL  =      3030.7702  VOLUME     =    117063.4648
                                                    Density    =         1.0327
 Ewald error estimate:   0.5613E-04
 ------------------------------------------------------------------------------


 NSTEP =    28250   TIME(PS) =    1676.500  TEMP(K) =   305.22  PRESS =    65.0
 Etot   =    -33278.1765  EKtot   =      7227.3255  EPtot      =    -40505.5020
 BOND   =       152.9429  ANGLE   =       350.2957  DIHED      =       505.5107
 1-4 NB =       173.9750  1-4 EEL =      -343.1576  VDWAALS    =      4897.4069
 EELEC  =    -46242.4757  EHBOND  =         0.0000  RESTRAINT  =         0.0000
 EKCMT  =      3359.5585  VIRIAL  =      3195.4702  VOLUME     =    116903.5958
                                                    Density    =         1.0341
 Ewald error estimate:   0.2817E-04
 ------------------------------------------------------------------------------


 NSTEP =    28500   TIME(PS) =    1677.000  TEMP(K) =   298.49  PRESS =   166.0
 Etot   =    -33208.1450  EKtot   =      7068.0604  EPtot      =    -40276.2054
 BOND   =       150.5591  ANGLE   =       343.8650  DIHED      =       502.3998
 1-4 NB =       177.6483  1-4 EEL =      -321.0696  VDWAALS    =      4877.6056
 EELEC  =    -46007.2137  EHBOND  =         0.0000  RESTRAINT  =         0.0000
 EKCMT  =      3282.9277  VIRIAL  =      2863.4541  VOLUME     =    117044.8533
                                                    Density    =         1.0328
 Ewald error estimate:   0.7432E-04
 ------------------------------------------------------------------------------


 NSTEP =    28750   TIME(PS) =    1677.500  TEMP(K) =   307.40  PRESS =  -119.7
 Etot   =    -33269.1431  EKtot   =      7279.0130  EPtot      =    -40548.1561
 BOND   =       164.8669  ANGLE   =       375.3978  DIHED      =       497.2467
 1-4 NB =       164.2120  1-4 EEL =      -329.5209  VDWAALS    =      4827.6712
 EELEC  =    -46248.0298  EHBOND  =         0.0000  RESTRAINT  =         0.0000
 EKCMT  =      3385.9107  VIRIAL  =      3688.5140  VOLUME     =    117080.8010
                                                    Density    =         1.0325
 Ewald error estimate:   0.9058E-04
 ------------------------------------------------------------------------------


 NSTEP =    29000   TIME(PS) =    1678.000  TEMP(K) =   296.86  PRESS =    31.7
 Etot   =    -33252.5961  EKtot   =      7029.3610  EPtot      =    -40281.9571
 BOND   =       145.4931  ANGLE   =       341.0107  DIHED      =       510.4485
 1-4 NB =       162.5556  1-4 EEL =      -344.8381  VDWAALS    =      4950.4256
 EELEC  =    -46047.0525  EHBOND  =         0.0000  RESTRAINT  =         0.0000
 EKCMT  =      3260.2460  VIRIAL  =      3180.1114  VOLUME     =    117253.0557
                                                    Density    =         1.0310
 Ewald error estimate:   0.1508E-03
 ------------------------------------------------------------------------------


 NSTEP =    29250   TIME(PS) =    1678.500  TEMP(K) =   301.35  PRESS =   -46.6
 Etot   =    -33231.1138  EKtot   =      7135.7198  EPtot      =    -40366.8336
 BOND   =       168.3694  ANGLE   =       364.9161  DIHED      =       485.1308
 1-4 NB =       168.7179  1-4 EEL =      -357.8118  VDWAALS    =      4950.6405
 EELEC  =    -46146.7966  EHBOND  =         0.0000  RESTRAINT  =         0.0000
 EKCMT  =      3307.8181  VIRIAL  =      3425.7724  VOLUME     =    117229.5953
                                                    Density    =         1.0312
 Ewald error estimate:   0.1289E-03
 ------------------------------------------------------------------------------


 NSTEP =    29500   TIME(PS) =    1679.000  TEMP(K) =   301.46  PRESS =  -532.5
 Etot   =    -33348.0789  EKtot   =      7138.3990  EPtot      =    -40486.4779
 BOND   =       167.6667  ANGLE   =       357.6767  DIHED      =       497.4843
 1-4 NB =       172.9669  1-4 EEL =      -329.4246  VDWAALS    =      4717.6696
 EELEC  =    -46070.5175  EHBOND  =         0.0000  RESTRAINT  =         0.0000
 EKCMT  =      3348.5138  VIRIAL  =      4695.7601  VOLUME     =    117183.9014
                                                    Density    =         1.0316
 Ewald error estimate:   0.1940E-04
 ------------------------------------------------------------------------------


 NSTEP =    29750   TIME(PS) =    1679.500  TEMP(K) =   301.32  PRESS =    93.1
 Etot   =    -33310.4694  EKtot   =      7135.1215  EPtot      =    -40445.5908
 BOND   =       164.7578  ANGLE   =       341.2657  DIHED      =       498.6177
 1-4 NB =       173.9496  1-4 EEL =      -349.8283  VDWAALS    =      4831.3197
 EELEC  =    -46105.6730  EHBOND  =         0.0000  RESTRAINT  =         0.0000
 EKCMT  =      3324.3404  VIRIAL  =      3088.8917  VOLUME     =    117118.1213
                                                    Density    =         1.0322
 Ewald error estimate:   0.1290E-03
 ------------------------------------------------------------------------------


 NSTEP =    30000   TIME(PS) =    1680.000  TEMP(K) =   298.16  PRESS =    60.7
 Etot   =    -33391.6760  EKtot   =      7060.3611  EPtot      =    -40452.0372
 BOND   =       144.1776  ANGLE   =       382.2829  DIHED      =       489.1757
 1-4 NB =       166.7373  1-4 EEL =      -345.5507  VDWAALS    =      4917.5906
 EELEC  =    -46206.4506  EHBOND  =         0.0000  RESTRAINT  =         0.0000
 EKCMT  =      3344.7820  VIRIAL  =      3191.5493  VOLUME     =    116961.4374
                                                    Density    =         1.0336
 Ewald error estimate:   0.5564E-05
 ------------------------------------------------------------------------------


 NSTEP =    30250   TIME(PS) =    1680.500  TEMP(K) =   297.56  PRESS =  -377.1
 Etot   =    -33368.2610  EKtot   =      7046.0806  EPtot      =    -40414.3416
 BOND   =       161.5198  ANGLE   =       360.1180  DIHED      =       492.9838
 1-4 NB =       172.4137  1-4 EEL =      -347.1237  VDWAALS    =      4708.0906
 EELEC  =    -45962.3439  EHBOND  =         0.0000  RESTRAINT  =         0.0000
 EKCMT  =      3319.8455  VIRIAL  =      4271.3919  VOLUME     =    116860.9800
                                                    Density    =         1.0345
 Ewald error estimate:   0.9989E-04
 ------------------------------------------------------------------------------


 NSTEP =    30500   TIME(PS) =    1681.000  TEMP(K) =   301.19  PRESS =    84.8
 Etot   =    -33396.6562  EKtot   =      7131.9384  EPtot      =    -40528.5946
 BOND   =       150.1389  ANGLE   =       364.5640  DIHED      =       489.3428
 1-4 NB =       180.5187  1-4 EEL =      -370.8516  VDWAALS    =      4896.8945
 EELEC  =    -46239.2019  EHBOND  =         0.0000  RESTRAINT  =         0.0000
 EKCMT  =      3301.1645  VIRIAL  =      3087.3750  VOLUME     =    116824.6179
                                                    Density    =         1.0348
 Ewald error estimate:   0.2245E-03
 ------------------------------------------------------------------------------


 NSTEP =    30750   TIME(PS) =    1681.500  TEMP(K) =   296.00  PRESS =  -260.0
 Etot   =    -33389.0839  EKtot   =      7009.0766  EPtot      =    -40398.1605
 BOND   =       160.3065  ANGLE   =       349.4614  DIHED      =       495.6616
 1-4 NB =       171.3819  1-4 EEL =      -330.2346  VDWAALS    =      4718.0825
 EELEC  =    -45962.8197  EHBOND  =         0.0000  RESTRAINT  =         0.0000
 EKCMT  =      3308.1828  VIRIAL  =      3964.4813  VOLUME     =    116907.0211
                                                    Density    =         1.0340
 Ewald error estimate:   0.7900E-04
 ------------------------------------------------------------------------------


 NSTEP =    31000   TIME(PS) =    1682.000  TEMP(K) =   303.15  PRESS =   -62.1
 Etot   =    -33358.4723  EKtot   =      7178.4654  EPtot      =    -40536.9377
 BOND   =       169.9162  ANGLE   =       357.0380  DIHED      =       514.4895
 1-4 NB =       173.1802  1-4 EEL =      -344.7775  VDWAALS    =      4858.0960
 EELEC  =    -46264.8801  EHBOND  =         0.0000  RESTRAINT  =         0.0000
 EKCMT  =      3375.9081  VIRIAL  =      3532.7325  VOLUME     =    116875.9510
                                                    Density    =         1.0343
 Ewald error estimate:   0.8874E-04
 ------------------------------------------------------------------------------


 NSTEP =    31250   TIME(PS) =    1682.500  TEMP(K) =   296.62  PRESS =   -10.7
 Etot   =    -33258.3508  EKtot   =      7023.6598  EPtot      =    -40282.0106
 BOND   =       158.0492  ANGLE   =       339.4058  DIHED      =       513.7805
 1-4 NB =       163.2201  1-4 EEL =      -350.9097  VDWAALS    =      4862.2417
 EELEC  =    -45967.7981  EHBOND  =         0.0000  RESTRAINT  =         0.0000
 EKCMT  =      3254.8039  VIRIAL  =      3281.7076  VOLUME     =    116848.2355
                                                    Density    =         1.0346
 Ewald error estimate:   0.1626E-03
 ------------------------------------------------------------------------------


 NSTEP =    31500   TIME(PS) =    1683.000  TEMP(K) =   301.43  PRESS =    92.8
 Etot   =    -33292.4130  EKtot   =      7137.7419  EPtot      =    -40430.1549
 BOND   =       157.3302  ANGLE   =       347.7713  DIHED      =       507.0947
 1-4 NB =       168.5562  1-4 EEL =      -348.7032  VDWAALS    =      4911.6237
 EELEC  =    -46173.8278  EHBOND  =         0.0000  RESTRAINT  =         0.0000
 EKCMT  =      3420.4306  VIRIAL  =      3186.1771  VOLUME     =    116971.0651
                                                    Density    =         1.0335
 Ewald error estimate:   0.1057E-03
 ------------------------------------------------------------------------------


 NSTEP =    31750   TIME(PS) =    1683.500  TEMP(K) =   299.68  PRESS =  -238.4
 Etot   =    -33365.7766  EKtot   =      7096.2196  EPtot      =    -40461.9962
 BOND   =       136.9470  ANGLE   =       328.4977  DIHED      =       507.7357
 1-4 NB =       171.4335  1-4 EEL =      -366.7895  VDWAALS    =      4766.5975
 EELEC  =    -46006.4182  EHBOND  =         0.0000  RESTRAINT  =         0.0000
 EKCMT  =      3303.5358  VIRIAL  =      3906.1148  VOLUME     =    117045.3613
                                                    Density    =         1.0328
 Ewald error estimate:   0.1005E-03
 ------------------------------------------------------------------------------


 NSTEP =    32000   TIME(PS) =    1684.000  TEMP(K) =   299.82  PRESS =    -7.2
 Etot   =    -33291.8749  EKtot   =      7099.4658  EPtot      =    -40391.3407
 BOND   =       161.9730  ANGLE   =       368.3162  DIHED      =       507.2790
 1-4 NB =       173.8542  1-4 EEL =      -375.1323  VDWAALS    =      4874.9671
 EELEC  =    -46102.5979  EHBOND  =         0.0000  RESTRAINT  =         0.0000
 EKCMT  =      3384.6116  VIRIAL  =      3402.8821  VOLUME     =    117028.0940
                                                    Density    =         1.0330
 Ewald error estimate:   0.1206E-03
 ------------------------------------------------------------------------------


 NSTEP =    32250   TIME(PS) =    1684.500  TEMP(K) =   301.75  PRESS =  -193.4
 Etot   =    -33306.1602  EKtot   =      7145.1759  EPtot      =    -40451.3361
 BOND   =       132.5511  ANGLE   =       357.5084  DIHED      =       523.9342
 1-4 NB =       170.1143  1-4 EEL =      -359.5654  VDWAALS    =      4891.1321
 EELEC  =    -46167.0108  EHBOND  =         0.0000  RESTRAINT  =         0.0000
 EKCMT  =      3344.0448  VIRIAL  =      3833.1668  VOLUME     =    117135.7520
                                                    Density    =         1.0320
 Ewald error estimate:   0.4228E-04
 ------------------------------------------------------------------------------


 NSTEP =    32500   TIME(PS) =    1685.000  TEMP(K) =   302.28  PRESS =   289.0
 Etot   =    -33120.7079  EKtot   =      7157.8827  EPtot      =    -40278.5906
 BOND   =       147.9718  ANGLE   =       353.7917  DIHED      =       505.6992
 1-4 NB =       165.6725  1-4 EEL =      -358.2688  VDWAALS    =      4884.2274
 EELEC  =    -45977.6844  EHBOND  =         0.0000  RESTRAINT  =         0.0000
 EKCMT  =      3366.9732  VIRIAL  =      2635.3542  VOLUME     =    117265.2552
                                                    Density    =         1.0309
 Ewald error estimate:   0.2815E-04
 ------------------------------------------------------------------------------


 NSTEP =    32750   TIME(PS) =    1685.500  TEMP(K) =   301.89  PRESS =    32.6
 Etot   =    -33222.2030  EKtot   =      7148.6174  EPtot      =    -40370.8203
 BOND   =       163.2630  ANGLE   =       340.4463  DIHED      =       506.8455
 1-4 NB =       169.3917  1-4 EEL =      -352.8095  VDWAALS    =      4909.7855
 EELEC  =    -46107.7428  EHBOND  =         0.0000  RESTRAINT  =         0.0000
 EKCMT  =      3362.8626  VIRIAL  =      3280.4444  VOLUME     =    117226.8483
                                                    Density    =         1.0312
 Ewald error estimate:   0.9040E-04
 ------------------------------------------------------------------------------


 NSTEP =    33000   TIME(PS) =    1686.000  TEMP(K) =   301.83  PRESS =  -327.8
 Etot   =    -33143.1242  EKtot   =      7147.1062  EPtot      =    -40290.2305
 BOND   =       151.7229  ANGLE   =       350.4793  DIHED      =       504.3173
 1-4 NB =       170.1262  1-4 EEL =      -340.1393  VDWAALS    =      4696.8196
 EELEC  =    -45823.5563  EHBOND  =         0.0000  RESTRAINT  =         0.0000
 EKCMT  =      3341.3896  VIRIAL  =      4171.7781  VOLUME     =    117332.1186
                                                    Density    =         1.0303
 Ewald error estimate:   0.1276E-03
 ------------------------------------------------------------------------------


 NSTEP =    33250   TIME(PS) =    1686.500  TEMP(K) =   303.65  PRESS =  -248.2
 Etot   =    -32994.1751  EKtot   =      7190.2055  EPtot      =    -40184.3806
 BOND   =       160.6248  ANGLE   =       384.0894  DIHED      =       519.4918
 1-4 NB =       171.1011  1-4 EEL =      -366.4361  VDWAALS    =      4796.8746
 EELEC  =    -45850.1263  EHBOND  =         0.0000  RESTRAINT  =         0.0000
 EKCMT  =      3375.2098  VIRIAL  =      4004.3579  VOLUME     =    117418.0612
                                                    Density    =         1.0295
 Ewald error estimate:   0.2986E-03
 ------------------------------------------------------------------------------


 NSTEP =    33500   TIME(PS) =    1687.000  TEMP(K) =   302.21  PRESS =  -214.5
 Etot   =    -33120.9623  EKtot   =      7156.2277  EPtot      =    -40277.1901
 BOND   =       163.9489  ANGLE   =       356.7208  DIHED      =       508.2707
 1-4 NB =       170.1246  1-4 EEL =      -327.1522  VDWAALS    =      4739.3372
 EELEC  =    -45888.4399  EHBOND  =         0.0000  RESTRAINT  =         0.0000
 EKCMT  =      3366.2841  VIRIAL  =      3909.1836  VOLUME     =    117222.0344
                                                    Density    =         1.0313
 Ewald error estimate:   0.1445E-03
 ------------------------------------------------------------------------------


 NSTEP =    33750   TIME(PS) =    1687.500  TEMP(K) =   300.66  PRESS =  -211.6
 Etot   =    -33225.1183  EKtot   =      7119.3439  EPtot      =    -40344.4622
 BOND   =       166.9885  ANGLE   =       347.5987  DIHED      =       493.7443
 1-4 NB =       170.2481  1-4 EEL =      -337.5176  VDWAALS    =      4871.0043
 EELEC  =    -46056.5286  EHBOND  =         0.0000  RESTRAINT  =         0.0000
 EKCMT  =      3353.1529  VIRIAL  =      3888.3748  VOLUME     =    117134.0374
                                                    Density    =         1.0320
 Ewald error estimate:   0.2889E-05
 ------------------------------------------------------------------------------


 NSTEP =    34000   TIME(PS) =    1688.000  TEMP(K) =   298.75  PRESS =    85.1
 Etot   =    -33329.4037  EKtot   =      7074.1489  EPtot      =    -40403.5526
 BOND   =       152.8547  ANGLE   =       371.4360  DIHED      =       487.9320
 1-4 NB =       175.9510  1-4 EEL =      -346.6170  VDWAALS    =      4863.3083
 EELEC  =    -46108.4177  EHBOND  =         0.0000  RESTRAINT  =         0.0000
 EKCMT  =      3369.5700  VIRIAL  =      3154.2104  VOLUME     =    117196.5074
                                                    Density    =         1.0315
 Ewald error estimate:   0.3265E-03
 ------------------------------------------------------------------------------


 NSTEP =    34250   TIME(PS) =    1688.500  TEMP(K) =   296.44  PRESS =   -50.8
 Etot   =    -33415.2258  EKtot   =      7019.5346  EPtot      =    -40434.7604
 BOND   =       155.6630  ANGLE   =       359.2197  DIHED      =       498.5287
 1-4 NB =       169.4484  1-4 EEL =      -344.5496  VDWAALS    =      4876.4607
 EELEC  =    -46149.5312  EHBOND  =         0.0000  RESTRAINT  =         0.0000
 EKCMT  =      3298.8796  VIRIAL  =      3427.2803  VOLUME     =    117040.7167
                                                    Density    =         1.0329
 Ewald error estimate:   0.2283E-03
 ------------------------------------------------------------------------------


 NSTEP =    34500   TIME(PS) =    1689.000  TEMP(K) =   296.31  PRESS =  -230.5
 Etot   =    -33377.8287  EKtot   =      7016.4305  EPtot      =    -40394.2593
 BOND   =       143.4295  ANGLE   =       366.7944  DIHED      =       497.6282
 1-4 NB =       173.3883  1-4 EEL =      -340.6650  VDWAALS    =      4801.9759
 EELEC  =    -46036.8106  EHBOND  =         0.0000  RESTRAINT  =         0.0000
 EKCMT  =      3193.3877  VIRIAL  =      3775.6620  VOLUME     =    117011.7794
                                                    Density    =         1.0331
 Ewald error estimate:   0.1630E-03
 ------------------------------------------------------------------------------


 NSTEP =    34750   TIME(PS) =    1689.500  TEMP(K) =   299.83  PRESS =   -21.4
 Etot   =    -33369.2806  EKtot   =      7099.7719  EPtot      =    -40469.0525
 BOND   =       143.1513  ANGLE   =       356.0519  DIHED      =       488.0996
 1-4 NB =       179.7165  1-4 EEL =      -343.9131  VDWAALS    =      4796.6094
 EELEC  =    -46088.7681  EHBOND  =         0.0000  RESTRAINT  =         0.0000
 EKCMT  =      3339.3550  VIRIAL  =      3393.4728  VOLUME     =    117012.5028
                                                    Density    =         1.0331
 Ewald error estimate:   0.7328E-04
 ------------------------------------------------------------------------------


 NSTEP =    35000   TIME(PS) =    1690.000  TEMP(K) =   296.88  PRESS =  -295.4
 Etot   =    -33387.1048  EKtot   =      7029.8366  EPtot      =    -40416.9414
 BOND   =       155.9277  ANGLE   =       332.3294  DIHED      =       490.9832
 1-4 NB =       172.7642  1-4 EEL =      -338.3159  VDWAALS    =      4788.4664
 EELEC  =    -46019.0963  EHBOND  =         0.0000  RESTRAINT  =         0.0000
 EKCMT  =      3333.9657  VIRIAL  =      4079.8147  VOLUME     =    116954.2074
                                                    Density    =         1.0336
 Ewald error estimate:   0.1193E-03
 ------------------------------------------------------------------------------


 NSTEP =    35250   TIME(PS) =    1690.500  TEMP(K) =   295.84  PRESS =    10.1
 Etot   =    -33494.6237  EKtot   =      7005.3053  EPtot      =    -40499.9290
 BOND   =       149.8780  ANGLE   =       348.8573  DIHED      =       502.5467
 1-4 NB =       167.9790  1-4 EEL =      -338.4150  VDWAALS    =      4894.1093
 EELEC  =    -46224.8843  EHBOND  =         0.0000  RESTRAINT  =         0.0000
 EKCMT  =      3254.3102  VIRIAL  =      3228.7304  VOLUME     =    117060.2474
                                                    Density    =         1.0327
 Ewald error estimate:   0.1947E-04
 ------------------------------------------------------------------------------


 NSTEP =    35500   TIME(PS) =    1691.000  TEMP(K) =   296.58  PRESS =    10.3
 Etot   =    -33330.7004  EKtot   =      7022.7277  EPtot      =    -40353.4280
 BOND   =       143.8099  ANGLE   =       370.5768  DIHED      =       501.2104
 1-4 NB =       164.8564  1-4 EEL =      -340.4057  VDWAALS    =      4799.8682
 EELEC  =    -45993.3441  EHBOND  =         0.0000  RESTRAINT  =         0.0000
 EKCMT  =      3301.7633  VIRIAL  =      3275.7853  VOLUME     =    117075.3027
                                                    Density    =         1.0326
 Ewald error estimate:   0.7011E-04
 ------------------------------------------------------------------------------


 NSTEP =    35750   TIME(PS) =    1691.500  TEMP(K) =   297.94  PRESS =  -325.4
 Etot   =    -33406.3574  EKtot   =      7055.0486  EPtot      =    -40461.4060
 BOND   =       152.4456  ANGLE   =       345.1234  DIHED      =       501.0005
 1-4 NB =       170.7418  1-4 EEL =      -337.1795  VDWAALS    =      4803.7816
 EELEC  =    -46097.3194  EHBOND  =         0.0000  RESTRAINT  =         0.0000
 EKCMT  =      3273.5894  VIRIAL  =      4096.4787  VOLUME     =    117117.7159
                                                    Density    =         1.0322
 Ewald error estimate:   0.1634E-03
 ------------------------------------------------------------------------------


 NSTEP =    36000   TIME(PS) =    1692.000  TEMP(K) =   298.71  PRESS =  -102.5
 Etot   =    -33356.3348  EKtot   =      7073.2826  EPtot      =    -40429.6173
 BOND   =       147.9219  ANGLE   =       352.5263  DIHED      =       499.0509
 1-4 NB =       162.4553  1-4 EEL =      -341.8520  VDWAALS    =      4846.1679
 EELEC  =    -46095.8877  EHBOND  =         0.0000  RESTRAINT  =         0.0000
 EKCMT  =      3298.1455  VIRIAL  =      3557.2254  VOLUME     =    117083.9732
                                                    Density    =         1.0325
 Ewald error estimate:   0.4097E-04
 ------------------------------------------------------------------------------


 NSTEP =    36250   TIME(PS) =    1692.500  TEMP(K) =   297.76  PRESS =   -18.2
 Etot   =    -33300.8198  EKtot   =      7050.7052  EPtot      =    -40351.5250
 BOND   =       154.0389  ANGLE   =       340.1591  DIHED      =       513.4920
 1-4 NB =       171.4257  1-4 EEL =      -339.1222  VDWAALS    =      4904.6088
 EELEC  =    -46096.1273  EHBOND  =         0.0000  RESTRAINT  =         0.0000
 EKCMT  =      3302.4792  VIRIAL  =      3348.4952  VOLUME     =    117098.5809
                                                    Density    =         1.0324
 Ewald error estimate:   0.1477E-03
 ------------------------------------------------------------------------------


 NSTEP =    36500   TIME(PS) =    1693.000  TEMP(K) =   297.89  PRESS =   142.2
 Etot   =    -33283.9642  EKtot   =      7053.7746  EPtot      =    -40337.7389
 BOND   =       158.7711  ANGLE   =       340.8297  DIHED      =       495.1962
 1-4 NB =       178.4479  1-4 EEL =      -313.7148  VDWAALS    =      4952.9954
 EELEC  =    -46150.2646  EHBOND  =         0.0000  RESTRAINT  =         0.0000
 EKCMT  =      3315.1915  VIRIAL  =      2954.8379  VOLUME     =    117332.6199
                                                    Density    =         1.0303
 Ewald error estimate:   0.2730E-04
 ------------------------------------------------------------------------------


 NSTEP =    36750   TIME(PS) =    1693.500  TEMP(K) =   298.86  PRESS =    63.0
 Etot   =    -33146.0808  EKtot   =      7076.7782  EPtot      =    -40222.8589
 BOND   =       164.7414  ANGLE   =       360.2124  DIHED      =       516.2828
 1-4 NB =       171.6746  1-4 EEL =      -347.3148  VDWAALS    =      4873.2140
 EELEC  =    -45961.6693  EHBOND  =         0.0000  RESTRAINT  =         0.0000
 EKCMT  =      3258.5172  VIRIAL  =      3099.0301  VOLUME     =    117240.8328
                                                    Density    =         1.0311
 Ewald error estimate:   0.5352E-04
 ------------------------------------------------------------------------------


 NSTEP =    37000   TIME(PS) =    1694.000  TEMP(K) =   302.06  PRESS =   -68.1
 Etot   =    -33184.3409  EKtot   =      7152.5447  EPtot      =    -40336.8856
 BOND   =       178.4874  ANGLE   =       354.0714  DIHED      =       504.8706
 1-4 NB =       175.7094  1-4 EEL =      -345.1072  VDWAALS    =      4818.7872
 EELEC  =    -46023.7045  EHBOND  =         0.0000  RESTRAINT  =         0.0000
 EKCMT  =      3389.8975  VIRIAL  =      3562.2777  VOLUME     =    117249.1997
                                                    Density    =         1.0310
 Ewald error estimate:   0.1192E-04
 ------------------------------------------------------------------------------


 NSTEP =    37250   TIME(PS) =    1694.500  TEMP(K) =   303.28  PRESS =  -405.4
 Etot   =    -33200.9294  EKtot   =      7181.3797  EPtot      =    -40382.3091
 BOND   =       163.4714  ANGLE   =       359.1317  DIHED      =       509.8255
 1-4 NB =       167.9229  1-4 EEL =      -343.2643  VDWAALS    =      4785.9082
 EELEC  =    -46025.3045  EHBOND  =         0.0000  RESTRAINT  =         0.0000
 EKCMT  =      3349.6682  VIRIAL  =      4374.8535  VOLUME     =    117126.7746
                                                    Density    =         1.0321
 Ewald error estimate:   0.1768E-04
 ------------------------------------------------------------------------------


 NSTEP =    37500   TIME(PS) =    1695.000  TEMP(K) =   301.72  PRESS =  -335.6
 Etot   =    -33318.2744  EKtot   =      7144.4988  EPtot      =    -40462.7732
 BOND   =       165.4960  ANGLE   =       376.6516  DIHED      =       510.9165
 1-4 NB =       169.8612  1-4 EEL =      -368.5768  VDWAALS    =      4811.6771
 EELEC  =    -46128.7989  EHBOND  =         0.0000  RESTRAINT  =         0.0000
 EKCMT  =      3318.6800  VIRIAL  =      4166.9531  VOLUME     =    117070.0391
                                                    Density    =         1.0326
 Ewald error estimate:   0.4538E-04
 ------------------------------------------------------------------------------


 NSTEP =    37750   TIME(PS) =    1695.500  TEMP(K) =   297.99  PRESS =  -220.2
 Etot   =    -33346.5395  EKtot   =      7056.1331  EPtot      =    -40402.6726
 BOND   =       156.8697  ANGLE   =       357.7555  DIHED      =       500.9596
 1-4 NB =       168.2800  1-4 EEL =      -352.2337  VDWAALS    =      4840.1372
 EELEC  =    -46074.4409  EHBOND  =         0.0000  RESTRAINT  =         0.0000
 EKCMT  =      3318.4255  VIRIAL  =      3874.8346  VOLUME     =    117018.3745
                                                    Density    =         1.0331
 Ewald error estimate:   0.8711E-04
 ------------------------------------------------------------------------------


 NSTEP =    38000   TIME(PS) =    1696.000  TEMP(K) =   299.06  PRESS =  -179.6
 Etot   =    -33400.9867  EKtot   =      7081.5037  EPtot      =    -40482.4904
 BOND   =       162.6634  ANGLE   =       345.7428  DIHED      =       501.7373
 1-4 NB =       172.8502  1-4 EEL =      -359.2406  VDWAALS    =      4867.8853
 EELEC  =    -46174.1287  EHBOND  =         0.0000  RESTRAINT  =         0.0000
 EKCMT  =      3279.9451  VIRIAL  =      3733.1882  VOLUME     =    116866.6139
                                                    Density    =         1.0344
 Ewald error estimate:   0.2059E-03
 ------------------------------------------------------------------------------


 NSTEP =    38250   TIME(PS) =    1696.500  TEMP(K) =   299.41  PRESS =    26.6
 Etot   =    -33395.2645  EKtot   =      7089.9160  EPtot      =    -40485.1805
 BOND   =       162.0272  ANGLE   =       347.4537  DIHED      =       489.4870
 1-4 NB =       180.3568  1-4 EEL =      -322.0797  VDWAALS    =      4869.4463
 EELEC  =    -46211.8719  EHBOND  =         0.0000  RESTRAINT  =         0.0000
 EKCMT  =      3374.8030  VIRIAL  =      3307.6746  VOLUME     =    116814.4378
                                                    Density    =         1.0349
 Ewald error estimate:   0.6937E-04
 ------------------------------------------------------------------------------


 NSTEP =    38500   TIME(PS) =    1697.000  TEMP(K) =   296.90  PRESS =   -48.7
 Etot   =    -33321.7245  EKtot   =      7030.4915  EPtot      =    -40352.2160
 BOND   =       152.0350  ANGLE   =       344.4353  DIHED      =       513.8485
 1-4 NB =       167.4456  1-4 EEL =      -328.8323  VDWAALS    =      4940.2275
 EELEC  =    -46141.3755  EHBOND  =         0.0000  RESTRAINT  =         0.0000
 EKCMT  =      3327.7354  VIRIAL  =      3450.7304  VOLUME     =    116860.4554
                                                    Density    =         1.0345
 Ewald error estimate:   0.1606E-03
 ------------------------------------------------------------------------------


 NSTEP =    38750   TIME(PS) =    1697.500  TEMP(K) =   301.17  PRESS =    -9.9
 Etot   =    -33276.5410  EKtot   =      7131.5803  EPtot      =    -40408.1213
 BOND   =       155.1911  ANGLE   =       357.3821  DIHED      =       512.2237
 1-4 NB =       162.0960  1-4 EEL =      -350.1024  VDWAALS    =      4885.5165
 EELEC  =    -46130.4282  EHBOND  =         0.0000  RESTRAINT  =         0.0000
 EKCMT  =      3332.8904  VIRIAL  =      3357.7764  VOLUME     =    116747.0559
                                                    Density    =         1.0355
 Ewald error estimate:   0.2548E-04
 ------------------------------------------------------------------------------


 NSTEP =    39000   TIME(PS) =    1698.000  TEMP(K) =   298.35  PRESS =    17.8
 Etot   =    -33356.3987  EKtot   =      7064.6806  EPtot      =    -40421.0793
 BOND   =       157.1801  ANGLE   =       339.1293  DIHED      =       500.0452
 1-4 NB =       162.6313  1-4 EEL =      -321.8550  VDWAALS    =      4853.3063
 EELEC  =    -46111.5165  EHBOND  =         0.0000  RESTRAINT  =         0.0000
 EKCMT  =      3335.1769  VIRIAL  =      3290.2306  VOLUME     =    116822.7556
                                                    Density    =         1.0348
 Ewald error estimate:   0.2085E-03
 ------------------------------------------------------------------------------


 NSTEP =    39250   TIME(PS) =    1698.500  TEMP(K) =   300.31  PRESS =     5.3
 Etot   =    -33292.4407  EKtot   =      7111.1052  EPtot      =    -40403.5460
 BOND   =       148.1008  ANGLE   =       352.6420  DIHED      =       510.8821
 1-4 NB =       168.9984  1-4 EEL =      -338.1190  VDWAALS    =      4829.9787
 EELEC  =    -46076.0290  EHBOND  =         0.0000  RESTRAINT  =         0.0000
 EKCMT  =      3364.5335  VIRIAL  =      3351.2477  VOLUME     =    116822.6651
                                                    Density    =         1.0348
 Ewald error estimate:   0.1512E-03
 ------------------------------------------------------------------------------


 NSTEP =    39500   TIME(PS) =    1699.000  TEMP(K) =   301.69  PRESS =     5.5
 Etot   =    -33318.1078  EKtot   =      7143.7526  EPtot      =    -40461.8604
 BOND   =       156.6582  ANGLE   =       365.1987  DIHED      =       520.4541
 1-4 NB =       163.5016  1-4 EEL =      -352.5783  VDWAALS    =      4893.8359
 EELEC  =    -46208.9305  EHBOND  =         0.0000  RESTRAINT  =         0.0000
 EKCMT  =      3373.7701  VIRIAL  =      3360.0243  VOLUME     =    116732.5077
                                                    Density    =         1.0356
 Ewald error estimate:   0.1181E-03
 ------------------------------------------------------------------------------


 NSTEP =    39750   TIME(PS) =    1699.500  TEMP(K) =   296.13  PRESS =   143.7
 Etot   =    -33291.3395  EKtot   =      7012.2006  EPtot      =    -40303.5401
 BOND   =       166.8073  ANGLE   =       338.3243  DIHED      =       508.3841
 1-4 NB =       169.3334  1-4 EEL =      -335.5561  VDWAALS    =      4958.9129
 EELEC  =    -46109.7460  EHBOND  =         0.0000  RESTRAINT  =         0.0000
 EKCMT  =      3286.4974  VIRIAL  =      2923.8891  VOLUME     =    116884.2299
                                                    Density    =         1.0342
 Ewald error estimate:   0.6478E-04
 ------------------------------------------------------------------------------


 NSTEP =    40000   TIME(PS) =    1700.000  TEMP(K) =   298.95  PRESS =  -360.3
 Etot   =    -33235.6981  EKtot   =      7079.0391  EPtot      =    -40314.7372
 BOND   =       156.9537  ANGLE   =       330.7455  DIHED      =       512.4534
 1-4 NB =       163.6732  1-4 EEL =      -316.9733  VDWAALS    =      4657.8081
 EELEC  =    -45819.3978  EHBOND  =         0.0000  RESTRAINT  =         0.0000
 EKCMT  =      3322.4272  VIRIAL  =      4232.5489  VOLUME     =    116998.9818
                                                    Density    =         1.0332
 Ewald error estimate:   0.1764E-04
 ------------------------------------------------------------------------------


 NSTEP =    40250   TIME(PS) =    1700.500  TEMP(K) =   299.72  PRESS =   104.7
 Etot   =    -33198.0250  EKtot   =      7097.1058  EPtot      =    -40295.1308
 BOND   =       155.3760  ANGLE   =       346.9606  DIHED      =       506.6043
 1-4 NB =       168.3431  1-4 EEL =      -356.3383  VDWAALS    =      4797.3103
 EELEC  =    -45913.3866  EHBOND  =         0.0000  RESTRAINT  =         0.0000
 EKCMT  =      3356.7714  VIRIAL  =      3092.1426  VOLUME     =    117071.1693
                                                    Density    =         1.0326
 Ewald error estimate:   0.9849E-04
 ------------------------------------------------------------------------------


 NSTEP =    40500   TIME(PS) =    1701.000  TEMP(K) =   299.74  PRESS =    53.3
 Etot   =    -33256.8540  EKtot   =      7097.5786  EPtot      =    -40354.4326
 BOND   =       168.3546  ANGLE   =       357.3561  DIHED      =       508.2129
 1-4 NB =       168.1656  1-4 EEL =      -342.4267  VDWAALS    =      4750.3406
 EELEC  =    -45964.4357  EHBOND  =         0.0000  RESTRAINT  =         0.0000
 EKCMT  =      3356.3567  VIRIAL  =      3221.6601  VOLUME     =    117006.2622
                                                    Density    =         1.0332
 Ewald error estimate:   0.1792E-03
 ------------------------------------------------------------------------------


 NSTEP =    40750   TIME(PS) =    1701.500  TEMP(K) =   302.36  PRESS =   -12.9
 Etot   =    -33148.1885  EKtot   =      7159.7210  EPtot      =    -40307.9095
 BOND   =       139.9586  ANGLE   =       338.3497  DIHED      =       521.4992
 1-4 NB =       168.2636  1-4 EEL =      -345.3112  VDWAALS    =      4804.4960
 EELEC  =    -45935.1654  EHBOND  =         0.0000  RESTRAINT  =         0.0000
 EKCMT  =      3358.9354  VIRIAL  =      3391.3900  VOLUME     =    116945.1968
                                                    Density    =         1.0337
 Ewald error estimate:   0.8363E-05
 ------------------------------------------------------------------------------


 NSTEP =    41000   TIME(PS) =    1702.000  TEMP(K) =   297.07  PRESS =  -201.8
 Etot   =    -33230.8576  EKtot   =      7034.4805  EPtot      =    -40265.3381
 BOND   =       154.3215  ANGLE   =       329.4090  DIHED      =       512.6625
 1-4 NB =       181.8517  1-4 EEL =      -324.2324  VDWAALS    =      4768.8596
 EELEC  =    -45888.2100  EHBOND  =         0.0000  RESTRAINT  =         0.0000
 EKCMT  =      3265.4936  VIRIAL  =      3775.1660  VOLUME     =    116982.3411
                                                    Density    =         1.0334
 Ewald error estimate:   0.4650E-04
 ------------------------------------------------------------------------------


 NSTEP =    41250   TIME(PS) =    1702.500  TEMP(K) =   301.82  PRESS =  -146.9
 Etot   =    -33276.7289  EKtot   =      7147.0178  EPtot      =    -40423.7467
 BOND   =       167.5364  ANGLE   =       348.7563  DIHED      =       501.5558
 1-4 NB =       161.8062  1-4 EEL =      -346.3457  VDWAALS    =      4666.6853
 EELEC  =    -45923.7410  EHBOND  =         0.0000  RESTRAINT  =         0.0000
 EKCMT  =      3308.1539  VIRIAL  =      3678.6608  VOLUME     =    116790.9182
                                                    Density    =         1.0351
 Ewald error estimate:   0.7945E-05
 ------------------------------------------------------------------------------


 NSTEP =    41500   TIME(PS) =    1703.000  TEMP(K) =   295.80  PRESS =   177.9
 Etot   =    -33353.8696  EKtot   =      7004.2886  EPtot      =    -40358.1582
 BOND   =       175.6621  ANGLE   =       360.7756  DIHED      =       479.2355
 1-4 NB =       167.6629  1-4 EEL =      -351.9273  VDWAALS    =      4988.3891
 EELEC  =    -46177.9562  EHBOND  =         0.0000  RESTRAINT  =         0.0000
 EKCMT  =      3289.0800  VIRIAL  =      2840.4048  VOLUME     =    116832.5795
                                                    Density    =         1.0347
 Ewald error estimate:   0.3648E-04
 ------------------------------------------------------------------------------


 NSTEP =    41750   TIME(PS) =    1703.500  TEMP(K) =   305.63  PRESS =  -113.4
 Etot   =    -33250.4326  EKtot   =      7237.1215  EPtot      =    -40487.5540
 BOND   =       160.4707  ANGLE   =       348.0286  DIHED      =       497.7555
 1-4 NB =       175.2261  1-4 EEL =      -360.6447  VDWAALS    =      4825.0320
 EELEC  =    -46133.4221  EHBOND  =         0.0000  RESTRAINT  =         0.0000
 EKCMT  =      3420.7460  VIRIAL  =      3706.8700  VOLUME     =    116894.3343
                                                    Density    =         1.0342
 Ewald error estimate:   0.2063E-03
 ------------------------------------------------------------------------------


 NSTEP =    42000   TIME(PS) =    1704.000  TEMP(K) =   300.14  PRESS =   122.3
 Etot   =    -33135.1857  EKtot   =      7107.1855  EPtot      =    -40242.3712
 BOND   =       159.9569  ANGLE   =       352.5147  DIHED      =       518.0064
 1-4 NB =       174.6581  1-4 EEL =      -332.4149  VDWAALS    =      4844.5510
 EELEC  =    -45959.6434  EHBOND  =         0.0000  RESTRAINT  =         0.0000
 EKCMT  =      3366.4414  VIRIAL  =      3057.7576  VOLUME     =    116929.0232
                                                    Density    =         1.0338
 Ewald error estimate:   0.1907E-04
 ------------------------------------------------------------------------------


 NSTEP =    42250   TIME(PS) =    1704.500  TEMP(K) =   301.52  PRESS =   225.3
 Etot   =    -33226.7307  EKtot   =      7139.8929  EPtot      =    -40366.6236
 BOND   =       168.3244  ANGLE   =       330.9846  DIHED      =       503.9588
 1-4 NB =       169.5775  1-4 EEL =      -341.4043  VDWAALS    =      4799.0569
 EELEC  =    -45997.1216  EHBOND  =         0.0000  RESTRAINT  =         0.0000
 EKCMT  =      3332.2950  VIRIAL  =      2764.1640  VOLUME     =    116793.6155
                                                    Density    =         1.0350
 Ewald error estimate:   0.2939E-04
 ------------------------------------------------------------------------------


 NSTEP =    42500   TIME(PS) =    1705.000  TEMP(K) =   301.54  PRESS =  -337.1
 Etot   =    -33311.2429  EKtot   =      7140.3085  EPtot      =    -40451.5514
 BOND   =       143.2221  ANGLE   =       345.1437  DIHED      =       508.1977
 1-4 NB =       165.2911  1-4 EEL =      -335.6632  VDWAALS    =      4773.2129
 EELEC  =    -46050.9557  EHBOND  =         0.0000  RESTRAINT  =         0.0000
 EKCMT  =      3340.6325  VIRIAL  =      4190.7113  VOLUME     =    116806.2068
                                                    Density    =         1.0349
 Ewald error estimate:   0.7213E-05
 ------------------------------------------------------------------------------


 NSTEP =    42750   TIME(PS) =    1705.500  TEMP(K) =   295.32  PRESS =    44.6
 Etot   =    -33292.3068  EKtot   =      6993.0160  EPtot      =    -40285.3228
 BOND   =       168.8464  ANGLE   =       342.1629  DIHED      =       488.7992
 1-4 NB =       171.4775  1-4 EEL =      -339.5343  VDWAALS    =      4930.1425
 EELEC  =    -46047.2170  EHBOND  =         0.0000  RESTRAINT  =         0.0000
 EKCMT  =      3256.4821  VIRIAL  =      3144.0560  VOLUME     =    116781.6997
                                                    Density    =         1.0352
 Ewald error estimate:   0.9145E-04
 ------------------------------------------------------------------------------


 NSTEP =    43000   TIME(PS) =    1706.000  TEMP(K) =   301.83  PRESS =   374.7
 Etot   =    -33273.0210  EKtot   =      7147.1394  EPtot      =    -40420.1604
 BOND   =       159.6811  ANGLE   =       348.7144  DIHED      =       503.8495
 1-4 NB =       179.8648  1-4 EEL =      -344.5559  VDWAALS    =      5044.4833
 EELEC  =    -46312.1976  EHBOND  =         0.0000  RESTRAINT  =         0.0000
 EKCMT  =      3363.9739  VIRIAL  =      2418.4151  VOLUME     =    116891.2651
                                                    Density    =         1.0342
 Ewald error estimate:   0.4155E-04
 ------------------------------------------------------------------------------


 NSTEP =    43250   TIME(PS) =    1706.500  TEMP(K) =   301.11  PRESS =    73.2
 Etot   =    -33303.2718  EKtot   =      7130.1541  EPtot      =    -40433.4259
 BOND   =       166.9830  ANGLE   =       322.5420  DIHED      =       505.6179
 1-4 NB =       167.9159  1-4 EEL =      -352.7260  VDWAALS    =      4807.8244
 EELEC  =    -46051.5831  EHBOND  =         0.0000  RESTRAINT  =         0.0000
 EKCMT  =      3358.6291  VIRIAL  =      3173.8995  VOLUME     =    116955.1039
                                                    Density    =         1.0336
 Ewald error estimate:   0.2399E-03
 ------------------------------------------------------------------------------


 NSTEP =    43500   TIME(PS) =    1707.000  TEMP(K) =   302.37  PRESS =   -42.7
 Etot   =    -33230.5360  EKtot   =      7159.8757  EPtot      =    -40390.4117
 BOND   =       151.6838  ANGLE   =       345.0024  DIHED      =       513.7421
 1-4 NB =       175.9630  1-4 EEL =      -347.0251  VDWAALS    =      4848.6558
 EELEC  =    -46078.4337  EHBOND  =         0.0000  RESTRAINT  =         0.0000
 EKCMT  =      3309.9780  VIRIAL  =      3417.7974  VOLUME     =    117005.0341
                                                    Density    =         1.0332
 Ewald error estimate:   0.2076E-03
 ------------------------------------------------------------------------------


 NSTEP =    43750   TIME(PS) =    1707.500  TEMP(K) =   299.33  PRESS =   243.2
 Etot   =    -33245.0555  EKtot   =      7087.9009  EPtot      =    -40332.9564
 BOND   =       144.3405  ANGLE   =       351.0141  DIHED      =       501.6263
 1-4 NB =       167.9905  1-4 EEL =      -344.0996  VDWAALS    =      4819.7341
 EELEC  =    -45973.5623  EHBOND  =         0.0000  RESTRAINT  =         0.0000
 EKCMT  =      3308.9276  VIRIAL  =      2694.8682  VOLUME     =    116943.2925
                                                    Density    =         1.0337
 Ewald error estimate:   0.6200E-05
 ------------------------------------------------------------------------------


 NSTEP =    44000   TIME(PS) =    1708.000  TEMP(K) =   300.95  PRESS =   205.5
 Etot   =    -33285.9629  EKtot   =      7126.2333  EPtot      =    -40412.1962
 BOND   =       150.8719  ANGLE   =       333.0492  DIHED      =       495.4462
 1-4 NB =       170.0366  1-4 EEL =      -341.7402  VDWAALS    =      5000.9924
 EELEC  =    -46220.8522  EHBOND  =         0.0000  RESTRAINT  =         0.0000
 EKCMT  =      3361.3900  VIRIAL  =      2842.2945  VOLUME     =    116991.1261
                                                    Density    =         1.0333
 Ewald error estimate:   0.8414E-04
 ------------------------------------------------------------------------------


 NSTEP =    44250   TIME(PS) =    1708.500  TEMP(K) =   304.98  PRESS =   -69.7
 Etot   =    -33249.2308  EKtot   =      7221.7293  EPtot      =    -40470.9601
 BOND   =       162.1099  ANGLE   =       327.4239  DIHED      =       504.7160
 1-4 NB =       167.1184  1-4 EEL =      -331.1829  VDWAALS    =      4862.3219
 EELEC  =    -46163.4672  EHBOND  =         0.0000  RESTRAINT  =         0.0000
 EKCMT  =      3400.9670  VIRIAL  =      3576.9766  VOLUME     =    116969.7846
                                                    Density    =         1.0335
 Ewald error estimate:   0.2294E-03
 ------------------------------------------------------------------------------


 NSTEP =    44500   TIME(PS) =    1709.000  TEMP(K) =   299.40  PRESS =   458.5
 Etot   =    -33325.8252  EKtot   =      7089.6279  EPtot      =    -40415.4531
 BOND   =       158.3674  ANGLE   =       340.6741  DIHED      =       510.9606
 1-4 NB =       171.4227  1-4 EEL =      -332.9900  VDWAALS    =      4956.4281
 EELEC  =    -46220.3159  EHBOND  =         0.0000  RESTRAINT  =         0.0000
 EKCMT  =      3327.4996  VIRIAL  =      2170.0189  VOLUME     =    116923.2862
                                                    Density    =         1.0339
 Ewald error estimate:   0.2114E-03
 ------------------------------------------------------------------------------


 NSTEP =    44750   TIME(PS) =    1709.500  TEMP(K) =   299.77  PRESS =   193.5
 Etot   =    -33274.4756  EKtot   =      7098.2998  EPtot      =    -40372.7755
 BOND   =       154.7810  ANGLE   =       340.4124  DIHED      =       492.2056
 1-4 NB =       170.6244  1-4 EEL =      -335.0258  VDWAALS    =      4949.5906
 EELEC  =    -46145.3637  EHBOND  =         0.0000  RESTRAINT  =         0.0000
 EKCMT  =      3265.5869  VIRIAL  =      2777.3269  VOLUME     =    116893.3557
                                                    Density    =         1.0342
 Ewald error estimate:   0.1369E-03
 ------------------------------------------------------------------------------


 NSTEP =    45000   TIME(PS) =    1710.000  TEMP(K) =   300.09  PRESS =   440.9
 Etot   =    -33300.2909  EKtot   =      7105.9288  EPtot      =    -40406.2197
 BOND   =       158.3835  ANGLE   =       316.0405  DIHED      =       514.5859
 1-4 NB =       175.3498  1-4 EEL =      -356.0662  VDWAALS    =      4974.5093
 EELEC  =    -46189.0227  EHBOND  =         0.0000  RESTRAINT  =         0.0000
 EKCMT  =      3268.6695  VIRIAL  =      2155.3017  VOLUME     =    116960.2526
                                                    Density    =         1.0336
 Ewald error estimate:   0.7831E-04
 ------------------------------------------------------------------------------


 NSTEP =    45250   TIME(PS) =    1710.500  TEMP(K) =   303.77  PRESS =    12.6
 Etot   =    -33192.4170  EKtot   =      7193.0183  EPtot      =    -40385.4353
 BOND   =       132.5633  ANGLE   =       377.3211  DIHED      =       509.2273
 1-4 NB =       167.1979  1-4 EEL =      -347.2503  VDWAALS    =      4756.6826
 EELEC  =    -45981.1772  EHBOND  =         0.0000  RESTRAINT  =         0.0000
 EKCMT  =      3404.1449  VIRIAL  =      3372.3200  VOLUME     =    117078.5978
                                                    Density    =         1.0325
 Ewald error estimate:   0.1133E-03
 ------------------------------------------------------------------------------


 NSTEP =    45500   TIME(PS) =    1711.000  TEMP(K) =   295.67  PRESS =   -45.7
 Etot   =    -33243.2642  EKtot   =      7001.2105  EPtot      =    -40244.4747
 BOND   =       142.2539  ANGLE   =       353.3642  DIHED      =       510.5173
 1-4 NB =       164.6981  1-4 EEL =      -341.6925  VDWAALS    =      4732.0379
 EELEC  =    -45805.6536  EHBOND  =         0.0000  RESTRAINT  =         0.0000
 EKCMT  =      3287.7461  VIRIAL  =      3403.2054  VOLUME     =    116912.8117
                                                    Density    =         1.0340
 Ewald error estimate:   0.1022E-04
 ------------------------------------------------------------------------------


 NSTEP =    45750   TIME(PS) =    1711.500  TEMP(K) =   301.02  PRESS =  -104.1
 Etot   =    -33224.3903  EKtot   =      7127.8483  EPtot      =    -40352.2386
 BOND   =       148.0391  ANGLE   =       363.4358  DIHED      =       493.9813
 1-4 NB =       178.1809  1-4 EEL =      -337.4838  VDWAALS    =      4783.4963
 EELEC  =    -45981.8882  EHBOND  =         0.0000  RESTRAINT  =         0.0000
 EKCMT  =      3324.6557  VIRIAL  =      3587.3798  VOLUME     =    116895.8796
                                                    Density    =         1.0341
 Ewald error estimate:   0.4783E-04
 ------------------------------------------------------------------------------


 NSTEP =    46000   TIME(PS) =    1712.000  TEMP(K) =   299.26  PRESS =   134.8
 Etot   =    -33257.5124  EKtot   =      7086.3283  EPtot      =    -40343.8407
 BOND   =       154.5052  ANGLE   =       347.1284  DIHED      =       497.9384
 1-4 NB =       164.3437  1-4 EEL =      -344.1849  VDWAALS    =      4914.0658
 EELEC  =    -46077.6373  EHBOND  =         0.0000  RESTRAINT  =         0.0000
 EKCMT  =      3363.8297  VIRIAL  =      3023.8666  VOLUME     =    116769.1722
                                                    Density    =         1.0353
 Ewald error estimate:   0.1014E-03
 ------------------------------------------------------------------------------


 NSTEP =    46250   TIME(PS) =    1712.500  TEMP(K) =   302.18  PRESS =    75.8
 Etot   =    -33260.8567  EKtot   =      7155.4472  EPtot      =    -40416.3039
 BOND   =       178.6103  ANGLE   =       346.8695  DIHED      =       503.1139
 1-4 NB =       169.0505  1-4 EEL =      -339.4129  VDWAALS    =      4851.5459
 EELEC  =    -46126.0809  EHBOND  =         0.0000  RESTRAINT  =         0.0000
 EKCMT  =      3403.4280  VIRIAL  =      3212.1347  VOLUME     =    116871.9456
                                                    Density    =         1.0344
 Ewald error estimate:   0.1757E-03
 ------------------------------------------------------------------------------


 NSTEP =    46500   TIME(PS) =    1713.000  TEMP(K) =   304.28  PRESS =    99.9
 Etot   =    -33010.6193  EKtot   =      7205.2157  EPtot      =    -40215.8350
 BOND   =       160.6965  ANGLE   =       375.6856  DIHED      =       499.7969
 1-4 NB =       170.6199  1-4 EEL =      -346.2721  VDWAALS    =      4933.3673
 EELEC  =    -46009.7291  EHBOND  =         0.0000  RESTRAINT  =         0.0000
 EKCMT  =      3417.3653  VIRIAL  =      3164.8830  VOLUME     =    117024.8123
                                                    Density    =         1.0330
 Ewald error estimate:   0.1279E-03
 ------------------------------------------------------------------------------


 NSTEP =    46750   TIME(PS) =    1713.500  TEMP(K) =   303.43  PRESS =   -45.6
 Etot   =    -33218.1534  EKtot   =      7185.1470  EPtot      =    -40403.3004
 BOND   =       144.5569  ANGLE   =       357.9824  DIHED      =       508.8351
 1-4 NB =       169.5995  1-4 EEL =      -337.6186  VDWAALS    =      4847.4049
 EELEC  =    -46094.0605  EHBOND  =         0.0000  RESTRAINT  =         0.0000
 EKCMT  =      3375.4005  VIRIAL  =      3490.9301  VOLUME     =    117219.9357
                                                    Density    =         1.0313
 Ewald error estimate:   0.1095E-03
 ------------------------------------------------------------------------------


 NSTEP =    47000   TIME(PS) =    1714.000  TEMP(K) =   298.50  PRESS =   -91.3
 Etot   =    -33327.9261  EKtot   =      7068.2308  EPtot      =    -40396.1569
 BOND   =       152.0037  ANGLE   =       346.2691  DIHED      =       505.7081
 1-4 NB =       174.4890  1-4 EEL =      -354.3661  VDWAALS    =      4790.4462
 EELEC  =    -46010.7070  EHBOND  =         0.0000  RESTRAINT  =         0.0000
 EKCMT  =      3325.6903  VIRIAL  =      3556.5134  VOLUME     =    117110.5505
                                                    Density    =         1.0322
 Ewald error estimate:   0.5932E-04
 ------------------------------------------------------------------------------


 NSTEP =    47250   TIME(PS) =    1714.500  TEMP(K) =   302.34  PRESS =  -383.1
 Etot   =    -33263.4363  EKtot   =      7159.2002  EPtot      =    -40422.6365
 BOND   =       156.1911  ANGLE   =       331.1773  DIHED      =       492.7993
 1-4 NB =       168.6218  1-4 EEL =      -333.5052  VDWAALS    =      4728.1836
 EELEC  =    -45966.1043  EHBOND  =         0.0000  RESTRAINT  =         0.0000
 EKCMT  =      3309.9097  VIRIAL  =      4278.0787  VOLUME     =    117052.7846
                                                    Density    =         1.0328
 Ewald error estimate:   0.4669E-04
 ------------------------------------------------------------------------------


 NSTEP =    47500   TIME(PS) =    1715.000  TEMP(K) =   306.19  PRESS =   -26.3
 Etot   =    -33052.2281  EKtot   =      7250.4988  EPtot      =    -40302.7270
 BOND   =       146.4913  ANGLE   =       354.2544  DIHED      =       498.0563
 1-4 NB =       172.9279  1-4 EEL =      -334.6469  VDWAALS    =      4823.9797
 EELEC  =    -45963.7896  EHBOND  =         0.0000  RESTRAINT  =         0.0000
 EKCMT  =      3330.3001  VIRIAL  =      3396.8874  VOLUME     =    117057.9861
                                                    Density    =         1.0327
 Ewald error estimate:   0.1965E-03
 ------------------------------------------------------------------------------


 NSTEP =    47750   TIME(PS) =    1715.500  TEMP(K) =   297.24  PRESS =  -264.5
 Etot   =    -33151.2417  EKtot   =      7038.3614  EPtot      =    -40189.6031
 BOND   =       162.5712  ANGLE   =       351.0646  DIHED      =       491.8078
 1-4 NB =       171.3139  1-4 EEL =      -348.4257  VDWAALS    =      4717.6480
 EELEC  =    -45735.5827  EHBOND  =         0.0000  RESTRAINT  =         0.0000
 EKCMT  =      3296.6756  VIRIAL  =      3965.2448  VOLUME     =    117049.0050
                                                    Density    =         1.0328
 Ewald error estimate:   0.2715E-03
 ------------------------------------------------------------------------------


 NSTEP =    48000   TIME(PS) =    1716.000  TEMP(K) =   301.49  PRESS =   391.4
 Etot   =    -33085.2370  EKtot   =      7139.0434  EPtot      =    -40224.2805
 BOND   =       162.7831  ANGLE   =       349.4337  DIHED      =       506.2455
 1-4 NB =       168.2638  1-4 EEL =      -339.1982  VDWAALS    =      4917.0774
 EELEC  =    -45988.8858  EHBOND  =         0.0000  RESTRAINT  =         0.0000
 EKCMT  =      3389.3336  VIRIAL  =      2399.5443  VOLUME     =    117123.2501
                                                    Density    =         1.0321
 Ewald error estimate:   0.1679E-03
 ------------------------------------------------------------------------------


 NSTEP =    48250   TIME(PS) =    1716.500  TEMP(K) =   297.66  PRESS =  -122.2
 Etot   =    -33096.5947  EKtot   =      7048.4748  EPtot      =    -40145.0695
 BOND   =       160.8195  ANGLE   =       365.0681  DIHED      =       497.1564
 1-4 NB =       170.7492  1-4 EEL =      -350.0763  VDWAALS    =      4657.1189
 EELEC  =    -45645.9052  EHBOND  =         0.0000  RESTRAINT  =         0.0000
 EKCMT  =      3288.6034  VIRIAL  =      3597.2194  VOLUME     =    116991.7188
                                                    Density    =         1.0333
 Ewald error estimate:   0.1038E-03
 ------------------------------------------------------------------------------


 NSTEP =    48500   TIME(PS) =    1717.000  TEMP(K) =   301.39  PRESS =   -11.3
 Etot   =    -33151.7699  EKtot   =      7136.7793  EPtot      =    -40288.5492
 BOND   =       166.0909  ANGLE   =       356.0312  DIHED      =       507.8563
 1-4 NB =       172.3553  1-4 EEL =      -372.0709  VDWAALS    =      4880.1963
 EELEC  =    -45999.0082  EHBOND  =         0.0000  RESTRAINT  =         0.0000
 EKCMT  =      3269.9373  VIRIAL  =      3298.3918  VOLUME     =    116880.7804
                                                    Density    =         1.0343
 Ewald error estimate:   0.1404E-04
 ------------------------------------------------------------------------------


 NSTEP =    48750   TIME(PS) =    1717.500  TEMP(K) =   304.53  PRESS =   -48.1
 Etot   =    -33155.4651  EKtot   =      7211.1863  EPtot      =    -40366.6514
 BOND   =       143.0707  ANGLE   =       359.1106  DIHED      =       483.1007
 1-4 NB =       186.0581  1-4 EEL =      -355.2835  VDWAALS    =      4767.0217
 EELEC  =    -45949.7297  EHBOND  =         0.0000  RESTRAINT  =         0.0000
 EKCMT  =      3354.6339  VIRIAL  =      3476.2648  VOLUME     =    117000.4224
                                                    Density    =         1.0332
 Ewald error estimate:   0.5275E-04
 ------------------------------------------------------------------------------


 NSTEP =    49000   TIME(PS) =    1718.000  TEMP(K) =   301.16  PRESS =   255.1
 Etot   =    -33120.4538  EKtot   =      7131.1719  EPtot      =    -40251.6257
 BOND   =       153.9673  ANGLE   =       327.1060  DIHED      =       508.8069
 1-4 NB =       168.6085  1-4 EEL =      -326.8370  VDWAALS    =      4901.8880
 EELEC  =    -45985.1654  EHBOND  =         0.0000  RESTRAINT  =         0.0000
 EKCMT  =      3316.7360  VIRIAL  =      2672.4222  VOLUME     =    117000.1259
                                                    Density    =         1.0332
 Ewald error estimate:   0.4255E-04
 ------------------------------------------------------------------------------


 NSTEP =    49250   TIME(PS) =    1718.500  TEMP(K) =   303.41  PRESS =  -100.7
 Etot   =    -33105.2684  EKtot   =      7184.5221  EPtot      =    -40289.7905
 BOND   =       146.7157  ANGLE   =       363.5132  DIHED      =       499.1983
 1-4 NB =       169.8465  1-4 EEL =      -358.5535  VDWAALS    =      4822.7576
 EELEC  =    -45933.2682  EHBOND  =         0.0000  RESTRAINT  =         0.0000
 EKCMT  =      3330.5263  VIRIAL  =      3585.0980  VOLUME     =    117064.2859
                                                    Density    =         1.0327
 Ewald error estimate:   0.5156E-04
 ------------------------------------------------------------------------------


 NSTEP =    49500   TIME(PS) =    1719.000  TEMP(K) =   302.48  PRESS =  -457.4
 Etot   =    -33230.2372  EKtot   =      7162.4529  EPtot      =    -40392.6901
 BOND   =       157.9732  ANGLE   =       357.2236  DIHED      =       497.5450
 1-4 NB =       170.3784  1-4 EEL =      -345.6905  VDWAALS    =      4704.9927
 EELEC  =    -45935.1126  EHBOND  =         0.0000  RESTRAINT  =         0.0000
 EKCMT  =      3387.8215  VIRIAL  =      4544.3146  VOLUME     =    117090.7027
                                                    Density    =         1.0324
 Ewald error estimate:   0.1643E-03
 ------------------------------------------------------------------------------


 NSTEP =    49750   TIME(PS) =    1719.500  TEMP(K) =   301.24  PRESS =    32.6
 Etot   =    -33089.6817  EKtot   =      7133.0980  EPtot      =    -40222.7796
 BOND   =       165.2556  ANGLE   =       391.1322  DIHED      =       502.9887
 1-4 NB =       164.0824  1-4 EEL =      -363.5585  VDWAALS    =      4788.7393
 EELEC  =    -45871.4193  EHBOND  =         0.0000  RESTRAINT  =         0.0000
 EKCMT  =      3302.4037  VIRIAL  =      3220.1074  VOLUME     =    117024.9886
                                                    Density    =         1.0330
 Ewald error estimate:   0.8930E-04
 ------------------------------------------------------------------------------


 NSTEP =    50000   TIME(PS) =    1720.000  TEMP(K) =   303.58  PRESS =    75.5
 Etot   =    -33079.6920  EKtot   =      7188.5411  EPtot      =    -40268.2331
 BOND   =       167.1443  ANGLE   =       358.1352  DIHED      =       522.0200
 1-4 NB =       175.0676  1-4 EEL =      -344.1594  VDWAALS    =      4889.3758
 EELEC  =    -46035.8165  EHBOND  =         0.0000  RESTRAINT  =         0.0000
 EKCMT  =      3384.5100  VIRIAL  =      3193.8308  VOLUME     =    117030.4247
                                                    Density    =         1.0330
 Ewald error estimate:   0.1997E-04
 ------------------------------------------------------------------------------


 NSTEP =    50250   TIME(PS) =    1720.500  TEMP(K) =   302.02  PRESS =   218.5
 Etot   =    -33177.8838  EKtot   =      7151.6157  EPtot      =    -40329.4995
 BOND   =       133.2231  ANGLE   =       351.9567  DIHED      =       504.5816
 1-4 NB =       174.8789  1-4 EEL =      -346.5913  VDWAALS    =      4873.8716
 EELEC  =    -46021.4200  EHBOND  =         0.0000  RESTRAINT  =         0.0000
 EKCMT  =      3362.0087  VIRIAL  =      2809.1969  VOLUME     =    117164.3813
                                                    Density    =         1.0318
 Ewald error estimate:   0.1366E-03
 ------------------------------------------------------------------------------


 NSTEP =    50500   TIME(PS) =    1721.000  TEMP(K) =   302.67  PRESS =   -29.6
 Etot   =    -33083.9481  EKtot   =      7167.1358  EPtot      =    -40251.0840
 BOND   =       164.2463  ANGLE   =       363.3313  DIHED      =       480.7078
 1-4 NB =       174.3975  1-4 EEL =      -357.1540  VDWAALS    =      4773.5687
 EELEC  =    -45850.1815  EHBOND  =         0.0000  RESTRAINT  =         0.0000
 EKCMT  =      3356.0844  VIRIAL  =      3430.9360  VOLUME     =    117290.2072
                                                    Density    =         1.0307
 Ewald error estimate:   0.3256E-04
 ------------------------------------------------------------------------------


 NSTEP =    50750   TIME(PS) =    1721.500  TEMP(K) =   298.12  PRESS =   -23.4
 Etot   =    -33181.6477  EKtot   =      7059.2412  EPtot      =    -40240.8889
 BOND   =       168.6940  ANGLE   =       345.9695  DIHED      =       502.2618
 1-4 NB =       175.0446  1-4 EEL =      -339.6226  VDWAALS    =      4835.6228
 EELEC  =    -45928.8590  EHBOND  =         0.0000  RESTRAINT  =         0.0000
 EKCMT  =      3300.5502  VIRIAL  =      3359.9540  VOLUME     =    117334.3080
                                                    Density    =         1.0303
 Ewald error estimate:   0.8899E-04
 ------------------------------------------------------------------------------


 NSTEP =    51000   TIME(PS) =    1722.000  TEMP(K) =   301.37  PRESS =  -437.1
 Etot   =    -33283.5917  EKtot   =      7136.3188  EPtot      =    -40419.9105
 BOND   =       156.8376  ANGLE   =       376.8653  DIHED      =       486.5380
 1-4 NB =       164.3228  1-4 EEL =      -352.1163  VDWAALS    =      4622.5672
 EELEC  =    -45874.9251  EHBOND  =         0.0000  RESTRAINT  =         0.0000
 EKCMT  =      3339.7484  VIRIAL  =      4445.4606  VOLUME     =    117159.2955
                                                    Density    =         1.0318
 Ewald error estimate:   0.7318E-04
 ------------------------------------------------------------------------------


 NSTEP =    51250   TIME(PS) =    1722.500  TEMP(K) =   302.54  PRESS =   -60.0
 Etot   =    -33142.6800  EKtot   =      7163.9465  EPtot      =    -40306.6264
 BOND   =       169.7671  ANGLE   =       327.6534  DIHED      =       512.9445
 1-4 NB =       168.8478  1-4 EEL =      -344.1864  VDWAALS    =      4847.8889
 EELEC  =    -45989.5417  EHBOND  =         0.0000  RESTRAINT  =         0.0000
 EKCMT  =      3293.5080  VIRIAL  =      3445.2560  VOLUME     =    117211.8038
                                                    Density    =         1.0314
 Ewald error estimate:   0.2996E-03
 ------------------------------------------------------------------------------


 NSTEP =    51500   TIME(PS) =    1723.000  TEMP(K) =   306.95  PRESS =   100.2
 Etot   =    -32925.6752  EKtot   =      7268.3763  EPtot      =    -40194.0515
 BOND   =       155.6327  ANGLE   =       353.1856  DIHED      =       492.2118
 1-4 NB =       176.6857  1-4 EEL =      -352.4657  VDWAALS    =      4749.3216
 EELEC  =    -45768.6232  EHBOND  =         0.0000  RESTRAINT  =         0.0000
 EKCMT  =      3431.6592  VIRIAL  =      3177.9942  VOLUME     =    117279.8859
                                                    Density    =         1.0308
 Ewald error estimate:   0.6967E-04
 ------------------------------------------------------------------------------


 NSTEP =    51750   TIME(PS) =    1723.500  TEMP(K) =   304.41  PRESS =  -255.3
 Etot   =    -32921.4596  EKtot   =      7208.1792  EPtot      =    -40129.6388
 BOND   =       151.7244  ANGLE   =       358.5659  DIHED      =       501.2893
 1-4 NB =       175.6679  1-4 EEL =      -349.4366  VDWAALS    =      4647.0617
 EELEC  =    -45614.5114  EHBOND  =         0.0000  RESTRAINT  =         0.0000
 EKCMT  =      3358.1628  VIRIAL  =      4004.6616  VOLUME     =    117272.4781
                                                    Density    =         1.0308
 Ewald error estimate:   0.9660E-04
 ------------------------------------------------------------------------------


 NSTEP =    52000   TIME(PS) =    1724.000  TEMP(K) =   302.42  PRESS =   218.4
 Etot   =    -33001.7629  EKtot   =      7161.1259  EPtot      =    -40162.8888
 BOND   =       167.5127  ANGLE   =       362.6971  DIHED      =       503.3367
 1-4 NB =       166.3120  1-4 EEL =      -351.1171  VDWAALS    =      4884.5857
 EELEC  =    -45896.2159  EHBOND  =         0.0000  RESTRAINT  =         0.0000
 EKCMT  =      3313.3447  VIRIAL  =      2760.9351  VOLUME     =    117120.9481
                                                    Density    =         1.0322
 Ewald error estimate:   0.3150E-04
 ------------------------------------------------------------------------------


 NSTEP =    52250   TIME(PS) =    1724.500  TEMP(K) =   302.29  PRESS =   230.2
 Etot   =    -33049.6668  EKtot   =      7158.0869  EPtot      =    -40207.7537
 BOND   =       170.3808  ANGLE   =       344.9128  DIHED      =       504.1684
 1-4 NB =       172.1798  1-4 EEL =      -357.7058  VDWAALS    =      4864.4384
 EELEC  =    -45906.1281  EHBOND  =         0.0000  RESTRAINT  =         0.0000
 EKCMT  =      3337.2466  VIRIAL  =      2754.2623  VOLUME     =    117277.3971
                                                    Density    =         1.0308
 Ewald error estimate:   0.4409E-04
 ------------------------------------------------------------------------------


 NSTEP =    52500   TIME(PS) =    1725.000  TEMP(K) =   303.26  PRESS =    83.8
 Etot   =    -33143.9670  EKtot   =      7180.9358  EPtot      =    -40324.9028
 BOND   =       165.2988  ANGLE   =       317.1897  DIHED      =       503.3170
 1-4 NB =       172.6149  1-4 EEL =      -331.7578  VDWAALS    =      4817.0669
 EELEC  =    -45968.6322  EHBOND  =         0.0000  RESTRAINT  =         0.0000
 EKCMT  =      3332.2493  VIRIAL  =      3119.7087  VOLUME     =    117513.7506
                                                    Density    =         1.0287
 Ewald error estimate:   0.4160E-04
 ------------------------------------------------------------------------------


 NSTEP =    52750   TIME(PS) =    1725.500  TEMP(K) =   303.11  PRESS =  -156.7
 Etot   =    -33189.7772  EKtot   =      7177.5401  EPtot      =    -40367.3173
 BOND   =       161.8113  ANGLE   =       327.6306  DIHED      =       493.3284
 1-4 NB =       174.0819  1-4 EEL =      -335.7677  VDWAALS    =      4770.8616
 EELEC  =    -45959.2635  EHBOND  =         0.0000  RESTRAINT  =         0.0000
 EKCMT  =      3379.3536  VIRIAL  =      3777.1643  VOLUME     =    117565.8318
                                                    Density    =         1.0282
 Ewald error estimate:   0.2524E-04
 ------------------------------------------------------------------------------


 NSTEP =    53000   TIME(PS) =    1726.000  TEMP(K) =   300.13  PRESS =  -115.9
 Etot   =    -33222.0285  EKtot   =      7106.8214  EPtot      =    -40328.8500
 BOND   =       152.1604  ANGLE   =       337.4441  DIHED      =       501.0279
 1-4 NB =       182.0436  1-4 EEL =      -347.6435  VDWAALS    =      4850.8757
 EELEC  =    -46004.7582  EHBOND  =         0.0000  RESTRAINT  =         0.0000
 EKCMT  =      3331.4858  VIRIAL  =      3625.3467  VOLUME     =    117473.8520
                                                    Density    =         1.0291
 Ewald error estimate:   0.2585E-03
 ------------------------------------------------------------------------------


 NSTEP =    53250   TIME(PS) =    1726.500  TEMP(K) =   302.08  PRESS =    49.9
 Etot   =    -33193.9492  EKtot   =      7153.1001  EPtot      =    -40347.0494
 BOND   =       146.8506  ANGLE   =       330.5935  DIHED      =       498.5765
 1-4 NB =       181.5681  1-4 EEL =      -359.3366  VDWAALS    =      4835.4131
 EELEC  =    -45980.7145  EHBOND  =         0.0000  RESTRAINT  =         0.0000
 EKCMT  =      3397.0151  VIRIAL  =      3270.4873  VOLUME     =    117350.9936
                                                    Density    =         1.0301
 Ewald error estimate:   0.2465E-03
 ------------------------------------------------------------------------------


 NSTEP =    53500   TIME(PS) =    1727.000  TEMP(K) =   303.26  PRESS =   245.0
 Etot   =    -33199.0649  EKtot   =      7180.9432  EPtot      =    -40380.0081
 BOND   =       162.4324  ANGLE   =       346.8266  DIHED      =       499.9532
 1-4 NB =       173.1618  1-4 EEL =      -350.9378  VDWAALS    =      4955.9976
 EELEC  =    -46167.4418  EHBOND  =         0.0000  RESTRAINT  =         0.0000
 EKCMT  =      3399.8124  VIRIAL  =      2778.3329  VOLUME     =    117487.4773
                                                    Density    =         1.0289
 Ewald error estimate:   0.1474E-03
 ------------------------------------------------------------------------------


 NSTEP =    53750   TIME(PS) =    1727.500  TEMP(K) =   300.65  PRESS =   188.1
 Etot   =    -33326.3157  EKtot   =      7119.2603  EPtot      =    -40445.5760
 BOND   =       148.1105  ANGLE   =       349.2256  DIHED      =       508.6453
 1-4 NB =       176.8719  1-4 EEL =      -332.7167  VDWAALS    =      4976.3571
 EELEC  =    -46272.0698  EHBOND  =         0.0000  RESTRAINT  =         0.0000
 EKCMT  =      3373.2463  VIRIAL  =      2895.8980  VOLUME     =    117525.1558
                                                    Density    =         1.0286
 Ewald error estimate:   0.6077E-04
 ------------------------------------------------------------------------------


 NSTEP =    54000   TIME(PS) =    1728.000  TEMP(K) =   299.68  PRESS =   444.9
 Etot   =    -33224.3365  EKtot   =      7096.2819  EPtot      =    -40320.6184
 BOND   =       158.6218  ANGLE   =       334.4512  DIHED      =       504.7011
 1-4 NB =       171.1406  1-4 EEL =      -348.3867  VDWAALS    =      5014.5215
 EELEC  =    -46155.6680  EHBOND  =         0.0000  RESTRAINT  =         0.0000
 EKCMT  =      3336.6219  VIRIAL  =      2206.6329  VOLUME     =    117641.2502
                                                    Density    =         1.0276
 Ewald error estimate:   0.2547E-04
 ------------------------------------------------------------------------------


 NSTEP =    54250   TIME(PS) =    1728.500  TEMP(K) =   300.13  PRESS =   321.6
 Etot   =    -33230.7873  EKtot   =      7106.8920  EPtot      =    -40337.6793
 BOND   =       162.5961  ANGLE   =       332.0164  DIHED      =       495.7777
 1-4 NB =       167.9140  1-4 EEL =      -349.0281  VDWAALS    =      5032.4078
 EELEC  =    -46179.3630  EHBOND  =         0.0000  RESTRAINT  =         0.0000
 EKCMT  =      3284.5187  VIRIAL  =      2467.5168  VOLUME     =    117651.6979
                                                    Density    =         1.0275
 Ewald error estimate:   0.4384E-04
 ------------------------------------------------------------------------------


 NSTEP =    54500   TIME(PS) =    1729.000  TEMP(K) =   299.60  PRESS =    -3.9
 Etot   =    -33253.1829  EKtot   =      7094.3259  EPtot      =    -40347.5089
 BOND   =       159.5810  ANGLE   =       350.1412  DIHED      =       496.3120
 1-4 NB =       160.1606  1-4 EEL =      -334.3954  VDWAALS    =      4848.3298
 EELEC  =    -46027.6382  EHBOND  =         0.0000  RESTRAINT  =         0.0000
 EKCMT  =      3320.8681  VIRIAL  =      3330.7366  VOLUME     =    117632.4129
                                                    Density    =         1.0277
 Ewald error estimate:   0.1135E-03
 ------------------------------------------------------------------------------


 NSTEP =    54750   TIME(PS) =    1729.500  TEMP(K) =   302.73  PRESS =   155.2
 Etot   =    -33207.5503  EKtot   =      7168.4506  EPtot      =    -40376.0009
 BOND   =       144.1307  ANGLE   =       341.8095  DIHED      =       501.7865
 1-4 NB =       173.4826  1-4 EEL =      -350.5125  VDWAALS    =      4963.2363
 EELEC  =    -46149.9340  EHBOND  =         0.0000  RESTRAINT  =         0.0000
 EKCMT  =      3316.5578  VIRIAL  =      2922.9772  VOLUME     =    117488.3604
                                                    Density    =         1.0289
 Ewald error estimate:   0.8072E-04
 ------------------------------------------------------------------------------


 NSTEP =    55000   TIME(PS) =    1730.000  TEMP(K) =   299.94  PRESS =   -41.6
 Etot   =    -33206.8964  EKtot   =      7102.3590  EPtot      =    -40309.2554
 BOND   =       147.2957  ANGLE   =       329.8500  DIHED      =       501.8043
 1-4 NB =       168.4774  1-4 EEL =      -337.4385  VDWAALS    =      4878.7931
 EELEC  =    -45998.0374  EHBOND  =         0.0000  RESTRAINT  =         0.0000
 EKCMT  =      3352.5291  VIRIAL  =      3458.1560  VOLUME     =    117656.0622
                                                    Density    =         1.0275
 Ewald error estimate:   0.1132E-03
 ------------------------------------------------------------------------------


 NSTEP =    55250   TIME(PS) =    1730.500  TEMP(K) =   298.85  PRESS =  -172.4
 Etot   =    -33235.5862  EKtot   =      7076.5559  EPtot      =    -40312.1421
 BOND   =       127.7174  ANGLE   =       353.1621  DIHED      =       505.6035
 1-4 NB =       173.0276  1-4 EEL =      -330.4922  VDWAALS    =      4773.0360
 EELEC  =    -45914.1964  EHBOND  =         0.0000  RESTRAINT  =         0.0000
 EKCMT  =      3349.8810  VIRIAL  =      3787.5275  VOLUME     =    117600.9947
                                                    Density    =         1.0279
 Ewald error estimate:   0.5560E-04
 ------------------------------------------------------------------------------


 NSTEP =    55500   TIME(PS) =    1731.000  TEMP(K) =   299.50  PRESS =  -166.1
 Etot   =    -33060.9041  EKtot   =      7091.9482  EPtot      =    -40152.8523
 BOND   =       158.4920  ANGLE   =       314.7585  DIHED      =       512.6492
 1-4 NB =       168.6950  1-4 EEL =      -336.2178  VDWAALS    =      4685.2332
 EELEC  =    -45656.4623  EHBOND  =         0.0000  RESTRAINT  =         0.0000
 EKCMT  =      3393.3620  VIRIAL  =      3814.5715  VOLUME     =    117474.6420
                                                    Density    =         1.0290
 Ewald error estimate:   0.2530E-04
 ------------------------------------------------------------------------------


 NSTEP =    55750   TIME(PS) =    1731.500  TEMP(K) =   297.33  PRESS =   250.5
 Etot   =    -33250.3963  EKtot   =      7040.4861  EPtot      =    -40290.8824
 BOND   =       156.8691  ANGLE   =       320.5538  DIHED      =       531.7539
 1-4 NB =       169.2489  1-4 EEL =      -340.4187  VDWAALS    =      4948.8390
 EELEC  =    -46077.7284  EHBOND  =         0.0000  RESTRAINT  =         0.0000
 EKCMT  =      3320.6029  VIRIAL  =      2685.5093  VOLUME     =    117444.0414
                                                    Density    =         1.0293
 Ewald error estimate:   0.4663E-04
 ------------------------------------------------------------------------------


 NSTEP =    56000   TIME(PS) =    1732.000  TEMP(K) =   298.75  PRESS =  -312.3
 Etot   =    -33283.6813  EKtot   =      7074.2486  EPtot      =    -40357.9300
 BOND   =       152.2004  ANGLE   =       343.7599  DIHED      =       514.3021
 1-4 NB =       169.5059  1-4 EEL =      -351.7328  VDWAALS    =      4778.7660
 EELEC  =    -45964.7315  EHBOND  =         0.0000  RESTRAINT  =         0.0000
 EKCMT  =      3309.4484  VIRIAL  =      4100.9291  VOLUME     =    117366.1546
                                                    Density    =         1.0300
 Ewald error estimate:   0.6199E-04
 ------------------------------------------------------------------------------


 NSTEP =    56250   TIME(PS) =    1732.500  TEMP(K) =   301.13  PRESS =  -120.2
 Etot   =    -33428.2549  EKtot   =      7130.4549  EPtot      =    -40558.7098
 BOND   =       143.8439  ANGLE   =       337.4724  DIHED      =       494.0890
 1-4 NB =       173.6553  1-4 EEL =      -341.7678  VDWAALS    =      4869.6204
 EELEC  =    -46235.6229  EHBOND  =         0.0000  RESTRAINT  =         0.0000
 EKCMT  =      3300.1907  VIRIAL  =      3604.7085  VOLUME     =    117327.5622
                                                    Density    =         1.0303
 Ewald error estimate:   0.3716E-04
 ------------------------------------------------------------------------------


 NSTEP =    56500   TIME(PS) =    1733.000  TEMP(K) =   301.93  PRESS =   152.8
 Etot   =    -33298.8708  EKtot   =      7149.4497  EPtot      =    -40448.3205
 BOND   =       160.4707  ANGLE   =       350.6279  DIHED      =       512.2645
 1-4 NB =       169.9611  1-4 EEL =      -348.2557  VDWAALS    =      5041.2987
 EELEC  =    -46334.6877  EHBOND  =         0.0000  RESTRAINT  =         0.0000
 EKCMT  =      3380.0068  VIRIAL  =      2992.9660  VOLUME     =    117292.7417
                                                    Density    =         1.0306
 Ewald error estimate:   0.1534E-04
 ------------------------------------------------------------------------------


 NSTEP =    56750   TIME(PS) =    1733.500  TEMP(K) =   302.75  PRESS =   135.0
 Etot   =    -33387.6112  EKtot   =      7169.0315  EPtot      =    -40556.6427
 BOND   =       146.5477  ANGLE   =       345.1130  DIHED      =       506.0992
 1-4 NB =       167.1703  1-4 EEL =      -346.2507  VDWAALS    =      4985.5712
 EELEC  =    -46360.8934  EHBOND  =         0.0000  RESTRAINT  =         0.0000
 EKCMT  =      3352.5484  VIRIAL  =      3010.5581  VOLUME     =    117317.1252
                                                    Density    =         1.0304
 Ewald error estimate:   0.4970E-04
 ------------------------------------------------------------------------------


 NSTEP =    57000   TIME(PS) =    1734.000  TEMP(K) =   295.43  PRESS =  -389.0
 Etot   =    -33493.3076  EKtot   =      6995.5192  EPtot      =    -40488.8268
 BOND   =       149.8896  ANGLE   =       367.9829  DIHED      =       501.4115
 1-4 NB =       173.6906  1-4 EEL =      -328.9760  VDWAALS    =      4768.4402
 EELEC  =    -46121.2656  EHBOND  =         0.0000  RESTRAINT  =         0.0000
 EKCMT  =      3309.5462  VIRIAL  =      4292.4974  VOLUME     =    117040.4523
                                                    Density    =         1.0329
 Ewald error estimate:   0.5436E-04
 ------------------------------------------------------------------------------


 NSTEP =    57250   TIME(PS) =    1734.500  TEMP(K) =   301.19  PRESS =   469.0
 Etot   =    -33290.2468  EKtot   =      7131.8857  EPtot      =    -40422.1325
 BOND   =       154.8561  ANGLE   =       354.5435  DIHED      =       510.0435
 1-4 NB =       166.6625  1-4 EEL =      -352.3780  VDWAALS    =      5040.4012
 EELEC  =    -46296.2614  EHBOND  =         0.0000  RESTRAINT  =         0.0000
 EKCMT  =      3322.2219  VIRIAL  =      2137.0474  VOLUME     =    117034.2459
                                                    Density    =         1.0329
 Ewald error estimate:   0.1104E-03
 ------------------------------------------------------------------------------


 NSTEP =    57500   TIME(PS) =    1735.000  TEMP(K) =   302.16  PRESS =    26.9
 Etot   =    -33251.2677  EKtot   =      7154.9036  EPtot      =    -40406.1713
 BOND   =       146.2860  ANGLE   =       352.1274  DIHED      =       504.5822
 1-4 NB =       172.1071  1-4 EEL =      -312.7439  VDWAALS    =      4818.9930
 EELEC  =    -46087.5232  EHBOND  =         0.0000  RESTRAINT  =         0.0000
 EKCMT  =      3359.8130  VIRIAL  =      3291.7201  VOLUME     =    117130.6300
                                                    Density    =         1.0321
 Ewald error estimate:   0.1445E-03
 ------------------------------------------------------------------------------


 NSTEP =    57750   TIME(PS) =    1735.500  TEMP(K) =   301.62  PRESS =   187.3
 Etot   =    -33233.6400  EKtot   =      7142.1493  EPtot      =    -40375.7893
 BOND   =       176.3704  ANGLE   =       330.1034  DIHED      =       504.2177
 1-4 NB =       178.2620  1-4 EEL =      -338.1249  VDWAALS    =      4880.5196
 EELEC  =    -46107.1374  EHBOND  =         0.0000  RESTRAINT  =         0.0000
 EKCMT  =      3364.3815  VIRIAL  =      2890.5927  VOLUME     =    117140.9514
                                                    Density    =         1.0320
 Ewald error estimate:   0.9455E-04
 ------------------------------------------------------------------------------


 NSTEP =    58000   TIME(PS) =    1736.000  TEMP(K) =   305.64  PRESS =  -103.2
 Etot   =    -33090.1054  EKtot   =      7237.3371  EPtot      =    -40327.4425
 BOND   =       154.6794  ANGLE   =       369.3415  DIHED      =       511.8951
 1-4 NB =       176.9927  1-4 EEL =      -336.7841  VDWAALS    =      4760.6151
 EELEC  =    -45964.1823  EHBOND  =         0.0000  RESTRAINT  =         0.0000
 EKCMT  =      3317.7636  VIRIAL  =      3578.9186  VOLUME     =    117203.8812
                                                    Density    =         1.0314
 Ewald error estimate:   0.4145E-04
 ------------------------------------------------------------------------------


 NSTEP =    58250   TIME(PS) =    1736.500  TEMP(K) =   300.98  PRESS =  -137.5
 Etot   =    -33106.0379  EKtot   =      7127.1356  EPtot      =    -40233.1735
 BOND   =       153.2483  ANGLE   =       342.7537  DIHED      =       503.3417
 1-4 NB =       174.0152  1-4 EEL =      -325.3752  VDWAALS    =      4809.7335
 EELEC  =    -45890.8908  EHBOND  =         0.0000  RESTRAINT  =         0.0000
 EKCMT  =      3357.3071  VIRIAL  =      3705.2957  VOLUME     =    117227.9388
                                                    Density    =         1.0312
 Ewald error estimate:   0.1635E-04
 ------------------------------------------------------------------------------


 NSTEP =    58500   TIME(PS) =    1737.000  TEMP(K) =   301.72  PRESS =   265.4
 Etot   =    -33141.7965  EKtot   =      7144.5115  EPtot      =    -40286.3080
 BOND   =       145.8137  ANGLE   =       337.5074  DIHED      =       499.7260
 1-4 NB =       171.8869  1-4 EEL =      -331.6505  VDWAALS    =      4931.4185
 EELEC  =    -46041.0101  EHBOND  =         0.0000  RESTRAINT  =         0.0000
 EKCMT  =      3318.8714  VIRIAL  =      2647.1671  VOLUME     =    117206.5400
                                                    Density    =         1.0314
 Ewald error estimate:   0.1538E-03
 ------------------------------------------------------------------------------


 NSTEP =    58750   TIME(PS) =    1737.500  TEMP(K) =   301.12  PRESS =   142.9
 Etot   =    -33285.2003  EKtot   =      7130.4045  EPtot      =    -40415.6049
 BOND   =       149.3436  ANGLE   =       338.4659  DIHED      =       502.2310
 1-4 NB =       167.5490  1-4 EEL =      -346.4910  VDWAALS    =      4922.7252
 EELEC  =    -46149.4287  EHBOND  =         0.0000  RESTRAINT  =         0.0000
 EKCMT  =      3351.9752  VIRIAL  =      2990.1276  VOLUME     =    117314.0684
                                                    Density    =         1.0305
 Ewald error estimate:   0.3893E-04
 ------------------------------------------------------------------------------


 NSTEP =    59000   TIME(PS) =    1738.000  TEMP(K) =   303.78  PRESS =    -5.8
 Etot   =    -33240.3188  EKtot   =      7193.3042  EPtot      =    -40433.6230
 BOND   =       149.8810  ANGLE   =       329.5163  DIHED      =       507.9315
 1-4 NB =       175.6191  1-4 EEL =      -336.8638  VDWAALS    =      4830.8993
 EELEC  =    -46090.6064  EHBOND  =         0.0000  RESTRAINT  =         0.0000
 EKCMT  =      3353.8365  VIRIAL  =      3368.5006  VOLUME     =    117398.3505
                                                    Density    =         1.0297
 Ewald error estimate:   0.4336E-04
 ------------------------------------------------------------------------------


 NSTEP =    59250   TIME(PS) =    1738.500  TEMP(K) =   299.95  PRESS =    88.3
 Etot   =    -33198.3810  EKtot   =      7102.7423  EPtot      =    -40301.1233
 BOND   =       157.9616  ANGLE   =       330.8699  DIHED      =       495.3009
 1-4 NB =       171.3629  1-4 EEL =      -318.2586  VDWAALS    =      4833.6573
 EELEC  =    -45972.0174  EHBOND  =         0.0000  RESTRAINT  =         0.0000
 EKCMT  =      3306.6354  VIRIAL  =      3082.8595  VOLUME     =    117353.0118
                                                    Density    =         1.0301
 Ewald error estimate:   0.1396E-04
 ------------------------------------------------------------------------------


 NSTEP =    59500   TIME(PS) =    1739.000  TEMP(K) =   300.53  PRESS =   135.6
 Etot   =    -33182.2155  EKtot   =      7116.4158  EPtot      =    -40298.6313
 BOND   =       149.5710  ANGLE   =       349.1311  DIHED      =       495.9813
 1-4 NB =       164.3774  1-4 EEL =      -325.3697  VDWAALS    =      4852.3041
 EELEC  =    -45984.6265  EHBOND  =         0.0000  RESTRAINT  =         0.0000
 EKCMT  =      3274.2393  VIRIAL  =      2931.0761  VOLUME     =    117199.5109
                                                    Density    =         1.0315
 Ewald error estimate:   0.3337E-04
 ------------------------------------------------------------------------------


 NSTEP =    59750   TIME(PS) =    1739.500  TEMP(K) =   302.93  PRESS =  -122.5
 Etot   =    -33248.7958  EKtot   =      7173.1128  EPtot      =    -40421.9086
 BOND   =       164.8683  ANGLE   =       329.6127  DIHED      =       498.8199
 1-4 NB =       172.1497  1-4 EEL =      -332.2194  VDWAALS    =      4862.0630
 EELEC  =    -46117.2028  EHBOND  =         0.0000  RESTRAINT  =         0.0000
 EKCMT  =      3410.0178  VIRIAL  =      3719.4250  VOLUME     =    116993.1413
                                                    Density    =         1.0333
 Ewald error estimate:   0.9801E-04
 ------------------------------------------------------------------------------


 NSTEP =    60000   TIME(PS) =    1740.000  TEMP(K) =   303.61  PRESS =   -39.8
 Etot   =    -33238.0258  EKtot   =      7189.2219  EPtot      =    -40427.2476
 BOND   =       158.8642  ANGLE   =       322.8383  DIHED      =       487.9563
 1-4 NB =       168.0806  1-4 EEL =      -343.5356  VDWAALS    =      4826.6064
 EELEC  =    -46048.0578  EHBOND  =         0.0000  RESTRAINT  =         0.0000
 EKCMT  =      3367.6809  VIRIAL  =      3468.2743  VOLUME     =    117068.5674
                                                    Density    =         1.0326
 Ewald error estimate:   0.5579E-04
 ------------------------------------------------------------------------------


 NSTEP =    60250   TIME(PS) =    1740.500  TEMP(K) =   299.11  PRESS =  -437.9
 Etot   =    -33318.9860  EKtot   =      7082.6702  EPtot      =    -40401.6562
 BOND   =       150.1299  ANGLE   =       354.4148  DIHED      =       513.3737
 1-4 NB =       173.5059  1-4 EEL =      -331.3136  VDWAALS    =      4682.2067
 EELEC  =    -45943.9737  EHBOND  =         0.0000  RESTRAINT  =         0.0000
 EKCMT  =      3330.7830  VIRIAL  =      4434.1360  VOLUME     =    116709.9638
                                                    Density    =         1.0358
 Ewald error estimate:   0.3878E-04
 ------------------------------------------------------------------------------


 NSTEP =    60500   TIME(PS) =    1741.000  TEMP(K) =   297.21  PRESS =   -88.1
 Etot   =    -33358.8362  EKtot   =      7037.8554  EPtot      =    -40396.6916
 BOND   =       143.1860  ANGLE   =       362.4329  DIHED      =       497.2235
 1-4 NB =       170.8760  1-4 EEL =      -348.3510  VDWAALS    =      4896.1544
 EELEC  =    -46118.2134  EHBOND  =         0.0000  RESTRAINT  =         0.0000
 EKCMT  =      3317.3940  VIRIAL  =      3539.6320  VOLUME     =    116806.1659
                                                    Density    =         1.0349
 Ewald error estimate:   0.3376E-04
 ------------------------------------------------------------------------------


 NSTEP =    60750   TIME(PS) =    1741.500  TEMP(K) =   294.73  PRESS =   339.7
 Etot   =    -33316.2971  EKtot   =      6979.0947  EPtot      =    -40295.3918
 BOND   =       148.9874  ANGLE   =       332.7461  DIHED      =       496.8553
 1-4 NB =       175.0285  1-4 EEL =      -334.5472  VDWAALS    =      4944.0241
 EELEC  =    -46058.4860  EHBOND  =         0.0000  RESTRAINT  =         0.0000
 EKCMT  =      3225.5813  VIRIAL  =      2368.5610  VOLUME     =    116833.1225
                                                    Density    =         1.0347
 Ewald error estimate:   0.6808E-04
 ------------------------------------------------------------------------------


 NSTEP =    61000   TIME(PS) =    1742.000  TEMP(K) =   301.85  PRESS =    27.9
 Etot   =    -33209.2794  EKtot   =      7147.5571  EPtot      =    -40356.8365
 BOND   =       157.6637  ANGLE   =       333.7069  DIHED      =       525.1988
 1-4 NB =       171.6502  1-4 EEL =      -334.4642  VDWAALS    =      4907.1616
 EELEC  =    -46117.7535  EHBOND  =         0.0000  RESTRAINT  =         0.0000
 EKCMT  =      3327.1401  VIRIAL  =      3256.7659  VOLUME     =    116780.1906
                                                    Density    =         1.0352
 Ewald error estimate:   0.2052E-03
 ------------------------------------------------------------------------------


 NSTEP =    61250   TIME(PS) =    1742.500  TEMP(K) =   301.19  PRESS =    21.0
 Etot   =    -33236.7472  EKtot   =      7131.9947  EPtot      =    -40368.7419
 BOND   =       149.6919  ANGLE   =       345.5462  DIHED      =       499.9357
 1-4 NB =       166.7631  1-4 EEL =      -335.4034  VDWAALS    =      4958.3197
 EELEC  =    -46153.5951  EHBOND  =         0.0000  RESTRAINT  =         0.0000
 EKCMT  =      3260.1970  VIRIAL  =      3207.1213  VOLUME     =    116782.3190
                                                    Density    =         1.0351
 Ewald error estimate:   0.5729E-04
 ------------------------------------------------------------------------------


 NSTEP =    61500   TIME(PS) =    1743.000  TEMP(K) =   301.32  PRESS =   -58.3
 Etot   =    -33175.3464  EKtot   =      7134.9909  EPtot      =    -40310.3373
 BOND   =       159.1642  ANGLE   =       331.5358  DIHED      =       502.7370
 1-4 NB =       167.5299  1-4 EEL =      -324.2089  VDWAALS    =      4860.4735
 EELEC  =    -46007.5687  EHBOND  =         0.0000  RESTRAINT  =         0.0000
 EKCMT  =      3376.9246  VIRIAL  =      3523.9349  VOLUME     =    116708.4413
                                                    Density    =         1.0358
 Ewald error estimate:   0.1058E-03
 ------------------------------------------------------------------------------


 NSTEP =    61750   TIME(PS) =    1743.500  TEMP(K) =   303.65  PRESS =   163.4
 Etot   =    -33206.6509  EKtot   =      7190.2518  EPtot      =    -40396.9027
 BOND   =       164.6544  ANGLE   =       343.7962  DIHED      =       521.9386
 1-4 NB =       175.9374  1-4 EEL =      -332.7414  VDWAALS    =      4961.7160
 EELEC  =    -46232.2038  EHBOND  =         0.0000  RESTRAINT  =         0.0000
 EKCMT  =      3287.7009  VIRIAL  =      2875.5507  VOLUME     =    116797.5128
                                                    Density    =         1.0350
 Ewald error estimate:   0.7682E-04
 ------------------------------------------------------------------------------


 NSTEP =    62000   TIME(PS) =    1744.000  TEMP(K) =   296.82  PRESS =   379.1
 Etot   =    -33241.2929  EKtot   =      7028.5668  EPtot      =    -40269.8597
 BOND   =       157.8984  ANGLE   =       332.0282  DIHED      =       500.8862
 1-4 NB =       168.8543  1-4 EEL =      -312.6698  VDWAALS    =      4983.3195
 EELEC  =    -46100.1766  EHBOND  =         0.0000  RESTRAINT  =         0.0000
 EKCMT  =      3291.5940  VIRIAL  =      2335.4247  VOLUME     =    116815.5061
                                                    Density    =         1.0349
 Ewald error estimate:   0.9225E-04
 ------------------------------------------------------------------------------


 NSTEP =    62250   TIME(PS) =    1744.500  TEMP(K) =   303.28  PRESS =   157.1
 Etot   =    -33122.2014  EKtot   =      7181.3775  EPtot      =    -40303.5789
 BOND   =       148.5993  ANGLE   =       355.8287  DIHED      =       500.5336
 1-4 NB =       173.5666  1-4 EEL =      -334.5534  VDWAALS    =      4946.1715
 EELEC  =    -46093.7252  EHBOND  =         0.0000  RESTRAINT  =         0.0000
 EKCMT  =      3357.7948  VIRIAL  =      2961.0551  VOLUME     =    116955.5767
                                                    Density    =         1.0336
 Ewald error estimate:   0.9635E-04
 ------------------------------------------------------------------------------


 NSTEP =    62500   TIME(PS) =    1745.000  TEMP(K) =   301.80  PRESS =  -349.9
 Etot   =    -33271.2922  EKtot   =      7146.3255  EPtot      =    -40417.6177
 BOND   =       158.6015  ANGLE   =       338.3822  DIHED      =       524.5764
 1-4 NB =       173.9547  1-4 EEL =      -371.0495  VDWAALS    =      4750.8408
 EELEC  =    -45992.9238  EHBOND  =         0.0000  RESTRAINT  =         0.0000
 EKCMT  =      3343.3212  VIRIAL  =      4226.7027  VOLUME     =    116939.8289
                                                    Density    =         1.0338
 Ewald error estimate:   0.4118E-04
 ------------------------------------------------------------------------------


 NSTEP =    62750   TIME(PS) =    1745.500  TEMP(K) =   298.82  PRESS =   -16.4
 Etot   =    -33352.7381  EKtot   =      7075.9367  EPtot      =    -40428.6748
 BOND   =       167.8970  ANGLE   =       365.1478  DIHED      =       504.3747
 1-4 NB =       164.9778  1-4 EEL =      -347.1252  VDWAALS    =      4875.5674
 EELEC  =    -46159.5144  EHBOND  =         0.0000  RESTRAINT  =         0.0000
 EKCMT  =      3278.3190  VIRIAL  =      3319.7347  VOLUME     =    116937.3378
                                                    Density    =         1.0338
 Ewald error estimate:   0.7204E-04
 ------------------------------------------------------------------------------


 NSTEP =    63000   TIME(PS) =    1746.000  TEMP(K) =   300.33  PRESS =   101.4
 Etot   =    -33385.9995  EKtot   =      7111.5603  EPtot      =    -40497.5598
 BOND   =       147.4116  ANGLE   =       373.8706  DIHED      =       493.4495
 1-4 NB =       163.0959  1-4 EEL =      -336.1745  VDWAALS    =      4978.9727
 EELEC  =    -46318.1857  EHBOND  =         0.0000  RESTRAINT  =         0.0000
 EKCMT  =      3320.5760  VIRIAL  =      3064.7757  VOLUME     =    116818.9556
                                                    Density    =         1.0348
 Ewald error estimate:   0.1562E-04
 ------------------------------------------------------------------------------


 NSTEP =    63250   TIME(PS) =    1746.500  TEMP(K) =   296.89  PRESS =  -200.6
 Etot   =    -33311.9310  EKtot   =      7030.2224  EPtot      =    -40342.1534
 BOND   =       152.2010  ANGLE   =       345.5960  DIHED      =       498.6910
 1-4 NB =       167.0984  1-4 EEL =      -339.2971  VDWAALS    =      4830.5327
 EELEC  =    -45996.9755  EHBOND  =         0.0000  RESTRAINT  =         0.0000
 EKCMT  =      3308.7054  VIRIAL  =      3815.1661  VOLUME     =    116955.2895
                                                    Density    =         1.0336
 Ewald error estimate:   0.1127E-03
 ------------------------------------------------------------------------------


 NSTEP =    63500   TIME(PS) =    1747.000  TEMP(K) =   295.63  PRESS =    35.3
 Etot   =    -33334.3496  EKtot   =      7000.3532  EPtot      =    -40334.7028
 BOND   =       184.7669  ANGLE   =       371.1704  DIHED      =       488.6578
 1-4 NB =       173.1826  1-4 EEL =      -375.5331  VDWAALS    =      4836.4596
 EELEC  =    -46013.4070  EHBOND  =         0.0000  RESTRAINT  =         0.0000
 EKCMT  =      3276.6699  VIRIAL  =      3187.6650  VOLUME     =    116721.3540
                                                    Density    =         1.0357
 Ewald error estimate:   0.1251E-03
 ------------------------------------------------------------------------------


 NSTEP =    63750   TIME(PS) =    1747.500  TEMP(K) =   294.98  PRESS =   256.8
 Etot   =    -33308.2553  EKtot   =      6984.9729  EPtot      =    -40293.2282
 BOND   =       164.6153  ANGLE   =       352.0894  DIHED      =       502.4944
 1-4 NB =       167.1644  1-4 EEL =      -387.3476  VDWAALS    =      4868.1779
 EELEC  =    -45960.4219  EHBOND  =         0.0000  RESTRAINT  =         0.0000
 EKCMT  =      3259.7885  VIRIAL  =      2612.9968  VOLUME     =    116657.0967
                                                    Density    =         1.0363
 Ewald error estimate:   0.6112E-04
 ------------------------------------------------------------------------------


 NSTEP =    64000   TIME(PS) =    1748.000  TEMP(K) =   301.46  PRESS =  -129.5
 Etot   =    -33346.8917  EKtot   =      7138.3197  EPtot      =    -40485.2114
 BOND   =       152.3349  ANGLE   =       335.0009  DIHED      =       508.6259
 1-4 NB =       169.7988  1-4 EEL =      -351.9107  VDWAALS    =      4803.0790
 EELEC  =    -46102.1401  EHBOND  =         0.0000  RESTRAINT  =         0.0000
 EKCMT  =      3359.9524  VIRIAL  =      3686.1696  VOLUME     =    116671.3535
                                                    Density    =         1.0361
 Ewald error estimate:   0.5783E-04
 ------------------------------------------------------------------------------


 NSTEP =    64250   TIME(PS) =    1748.500  TEMP(K) =   296.62  PRESS =    29.3
 Etot   =    -33326.5452  EKtot   =      7023.8728  EPtot      =    -40350.4180
 BOND   =       149.6416  ANGLE   =       334.9464  DIHED      =       496.8098
 1-4 NB =       173.0275  1-4 EEL =      -347.8437  VDWAALS    =      4796.7442
 EELEC  =    -45953.7439  EHBOND  =         0.0000  RESTRAINT  =         0.0000
 EKCMT  =      3339.0646  VIRIAL  =      3265.2774  VOLUME     =    116637.4630
                                                    Density    =         1.0364
 Ewald error estimate:   0.1463E-03
 ------------------------------------------------------------------------------


 NSTEP =    64500   TIME(PS) =    1749.000  TEMP(K) =   300.77  PRESS =   137.7
 Etot   =    -33238.5495  EKtot   =      7121.9748  EPtot      =    -40360.5243
 BOND   =       149.1941  ANGLE   =       342.6469  DIHED      =       514.5773
 1-4 NB =       158.6140  1-4 EEL =      -350.1100  VDWAALS    =      4851.8723
 EELEC  =    -46027.3188  EHBOND  =         0.0000  RESTRAINT  =         0.0000
 EKCMT  =      3314.0108  VIRIAL  =      2967.1937  VOLUME     =    116643.4390
                                                    Density    =         1.0364
 Ewald error estimate:   0.4879E-04
 ------------------------------------------------------------------------------


 NSTEP =    64750   TIME(PS) =    1749.500  TEMP(K) =   299.38  PRESS =   300.4
 Etot   =    -33224.0933  EKtot   =      7089.1755  EPtot      =    -40313.2688
 BOND   =       164.9286  ANGLE   =       341.4500  DIHED      =       494.0453
 1-4 NB =       172.5696  1-4 EEL =      -317.4030  VDWAALS    =      4910.1325
 EELEC  =    -46078.9919  EHBOND  =         0.0000  RESTRAINT  =         0.0000
 EKCMT  =      3310.8368  VIRIAL  =      2554.2690  VOLUME     =    116643.4176
                                                    Density    =         1.0364
 Ewald error estimate:   0.3607E-04
 ------------------------------------------------------------------------------


 NSTEP =    65000   TIME(PS) =    1750.000  TEMP(K) =   301.64  PRESS =  -351.9
 Etot   =    -33241.5205  EKtot   =      7142.6264  EPtot      =    -40384.1469
 BOND   =       150.4853  ANGLE   =       356.8380  DIHED      =       509.5783
 1-4 NB =       172.0521  1-4 EEL =      -363.6309  VDWAALS    =      4712.9553
 EELEC  =    -45922.4251  EHBOND  =         0.0000  RESTRAINT  =         0.0000
 EKCMT  =      3344.4754  VIRIAL  =      4231.4791  VOLUME     =    116745.6254
                                                    Density    =         1.0355
 Ewald error estimate:   0.1953E-03
 ------------------------------------------------------------------------------


 NSTEP =    65250   TIME(PS) =    1750.500  TEMP(K) =   296.90  PRESS =    47.4
 Etot   =    -33288.6512  EKtot   =      7030.4812  EPtot      =    -40319.1325
 BOND   =       134.6442  ANGLE   =       361.9509  DIHED      =       501.4657
 1-4 NB =       181.4945  1-4 EEL =      -319.9057  VDWAALS    =      4707.0710
 EELEC  =    -45885.8532  EHBOND  =         0.0000  RESTRAINT  =         0.0000
 EKCMT  =      3301.4260  VIRIAL  =      3182.1186  VOLUME     =    116573.4216
                                                    Density    =         1.0370
 Ewald error estimate:   0.2179E-03
 ------------------------------------------------------------------------------


 NSTEP =    65500   TIME(PS) =    1751.000  TEMP(K) =   302.91  PRESS =   -56.3
 Etot   =    -33242.2206  EKtot   =      7172.7682  EPtot      =    -40414.9888
 BOND   =       156.7074  ANGLE   =       385.8065  DIHED      =       509.7914
 1-4 NB =       168.6597  1-4 EEL =      -370.2685  VDWAALS    =      4845.5856
 EELEC  =    -46111.2707  EHBOND  =         0.0000  RESTRAINT  =         0.0000
 EKCMT  =      3321.4594  VIRIAL  =      3463.4420  VOLUME     =    116706.0553
                                                    Density    =         1.0358
 Ewald error estimate:   0.2099E-03
 ------------------------------------------------------------------------------


 NSTEP =    65750   TIME(PS) =    1751.500  TEMP(K) =   299.33  PRESS =    18.1
 Etot   =    -33275.9713  EKtot   =      7087.8636  EPtot      =    -40363.8349
 BOND   =       148.8747  ANGLE   =       345.4435  DIHED      =       502.9023
 1-4 NB =       170.7059  1-4 EEL =      -345.2546  VDWAALS    =      4796.7654
 EELEC  =    -45983.2721  EHBOND  =         0.0000  RESTRAINT  =         0.0000
 EKCMT  =      3298.7852  VIRIAL  =      3253.2172  VOLUME     =    116815.5158
                                                    Density    =         1.0349
 Ewald error estimate:   0.4790E-04
 ------------------------------------------------------------------------------


 NSTEP =    66000   TIME(PS) =    1752.000  TEMP(K) =   300.07  PRESS =   214.2
 Etot   =    -33288.0935  EKtot   =      7105.4549  EPtot      =    -40393.5485
 BOND   =       173.2646  ANGLE   =       344.8835  DIHED      =       496.6219
 1-4 NB =       174.3178  1-4 EEL =      -339.5878  VDWAALS    =      5031.4027
 EELEC  =    -46274.4511  EHBOND  =         0.0000  RESTRAINT  =         0.0000
 EKCMT  =      3346.3395  VIRIAL  =      2806.1764  VOLUME     =    116775.5926
                                                    Density    =         1.0352
 Ewald error estimate:   0.2636E-03
 ------------------------------------------------------------------------------


 NSTEP =    66250   TIME(PS) =    1752.500  TEMP(K) =   301.30  PRESS =   178.1
 Etot   =    -33307.6075  EKtot   =      7134.5909  EPtot      =    -40442.1984
 BOND   =       148.1697  ANGLE   =       341.4490  DIHED      =       496.1228
 1-4 NB =       164.0632  1-4 EEL =      -347.3202  VDWAALS    =      4954.6468
 EELEC  =    -46199.3298  EHBOND  =         0.0000  RESTRAINT  =         0.0000
 EKCMT  =      3308.5339  VIRIAL  =      2858.7746  VOLUME     =    116950.7413
                                                    Density    =         1.0337
 Ewald error estimate:   0.7140E-04
 ------------------------------------------------------------------------------


 NSTEP =    66500   TIME(PS) =    1753.000  TEMP(K) =   302.99  PRESS =    22.2
 Etot   =    -33332.0456  EKtot   =      7174.6879  EPtot      =    -40506.7335
 BOND   =       139.4720  ANGLE   =       339.8584  DIHED      =       503.3461
 1-4 NB =       174.9798  1-4 EEL =      -345.8443  VDWAALS    =      4904.0442
 EELEC  =    -46222.5897  EHBOND  =         0.0000  RESTRAINT  =         0.0000
 EKCMT  =      3410.2513  VIRIAL  =      3354.2466  VOLUME     =    117059.6546
                                                    Density    =         1.0327
 Ewald error estimate:   0.4668E-04
 ------------------------------------------------------------------------------


 NSTEP =    66750   TIME(PS) =    1753.500  TEMP(K) =   303.65  PRESS =  -144.4
 Etot   =    -33183.7825  EKtot   =      7190.2438  EPtot      =    -40374.0264
 BOND   =       176.7436  ANGLE   =       338.8301  DIHED      =       491.4868
 1-4 NB =       169.3721  1-4 EEL =      -350.5780  VDWAALS    =      4798.9353
 EELEC  =    -45998.8162  EHBOND  =         0.0000  RESTRAINT  =         0.0000
 EKCMT  =      3414.3515  VIRIAL  =      3779.7872  VOLUME     =    117192.7505
                                                    Density    =         1.0315
 Ewald error estimate:   0.1801E-03
 ------------------------------------------------------------------------------


 NSTEP =    67000   TIME(PS) =    1754.000  TEMP(K) =   297.13  PRESS =   113.1
 Etot   =    -33191.1152  EKtot   =      7035.8701  EPtot      =    -40226.9853
 BOND   =       153.9000  ANGLE   =       342.5974  DIHED      =       492.4591
 1-4 NB =       165.8721  1-4 EEL =      -340.4816  VDWAALS    =      4833.7956
 EELEC  =    -45875.1280  EHBOND  =         0.0000  RESTRAINT  =         0.0000
 EKCMT  =      3268.9105  VIRIAL  =      2982.9924  VOLUME     =    117078.0663
                                                    Density    =         1.0325
 Ewald error estimate:   0.8812E-04
 ------------------------------------------------------------------------------


 NSTEP =    67250   TIME(PS) =    1754.500  TEMP(K) =   300.86  PRESS =   466.0
 Etot   =    -33254.4775  EKtot   =      7124.1782  EPtot      =    -40378.6557
 BOND   =       163.4180  ANGLE   =       357.5102  DIHED      =       497.9978
 1-4 NB =       169.3039  1-4 EEL =      -345.2095  VDWAALS    =      4945.9366
 EELEC  =    -46167.6125  EHBOND  =         0.0000  RESTRAINT  =         0.0000
 EKCMT  =      3364.4609  VIRIAL  =      2186.3217  VOLUME     =    117092.0072
                                                    Density    =         1.0324
 Ewald error estimate:   0.1134E-06
 ------------------------------------------------------------------------------


 NSTEP =    67500   TIME(PS) =    1755.000  TEMP(K) =   299.95  PRESS =  -440.0
 Etot   =    -33423.1748  EKtot   =      7102.6141  EPtot      =    -40525.7889
 BOND   =       139.7319  ANGLE   =       307.5121  DIHED      =       510.9958
 1-4 NB =       174.1244  1-4 EEL =      -330.6406  VDWAALS    =      4776.8091
 EELEC  =    -46104.3216  EHBOND  =         0.0000  RESTRAINT  =         0.0000
 EKCMT  =      3343.1276  VIRIAL  =      4456.0514  VOLUME     =    117155.5448
                                                    Density    =         1.0318
 Ewald error estimate:   0.2885E-03
 ------------------------------------------------------------------------------


 NSTEP =    67750   TIME(PS) =    1755.500  TEMP(K) =   301.38  PRESS =  -136.2
 Etot   =    -33372.5119  EKtot   =      7136.3818  EPtot      =    -40508.8937
 BOND   =       143.8230  ANGLE   =       326.0847  DIHED      =       501.6189
 1-4 NB =       169.6127  1-4 EEL =      -337.2902  VDWAALS    =      4864.3228
 EELEC  =    -46177.0655  EHBOND  =         0.0000  RESTRAINT  =         0.0000
 EKCMT  =      3332.5388  VIRIAL  =      3677.1421  VOLUME     =    117198.4353
                                                    Density    =         1.0315
 Ewald error estimate:   0.1140E-03
 ------------------------------------------------------------------------------


 NSTEP =    68000   TIME(PS) =    1756.000  TEMP(K) =   296.67  PRESS =   100.0
 Etot   =    -33372.2286  EKtot   =      7024.9132  EPtot      =    -40397.1418
 BOND   =       166.2030  ANGLE   =       334.3018  DIHED      =       507.8216
 1-4 NB =       175.4345  1-4 EEL =      -312.7790  VDWAALS    =      4909.5064
 EELEC  =    -46177.6300  EHBOND  =         0.0000  RESTRAINT  =         0.0000
 EKCMT  =      3258.4030  VIRIAL  =      3005.7157  VOLUME     =    117086.0765
                                                    Density    =         1.0325
 Ewald error estimate:   0.2603E-03
 ------------------------------------------------------------------------------


 NSTEP =    68250   TIME(PS) =    1756.500  TEMP(K) =   294.74  PRESS =  -195.0
 Etot   =    -33366.5041  EKtot   =      6979.2004  EPtot      =    -40345.7046
 BOND   =       148.1811  ANGLE   =       364.0390  DIHED      =       503.4331
 1-4 NB =       172.9542  1-4 EEL =      -332.6203  VDWAALS    =      4739.7178
 EELEC  =    -45941.4094  EHBOND  =         0.0000  RESTRAINT  =         0.0000
 EKCMT  =      3216.7957  VIRIAL  =      3709.5439  VOLUME     =    117010.2889
                                                    Density    =         1.0331
 Ewald error estimate:   0.1017E-03
 ------------------------------------------------------------------------------


 NSTEP =    68500   TIME(PS) =    1757.000  TEMP(K) =   300.99  PRESS =   -28.2
 Etot   =    -33409.3644  EKtot   =      7127.2940  EPtot      =    -40536.6584
 BOND   =       142.5390  ANGLE   =       354.6440  DIHED      =       500.5368
 1-4 NB =       170.8929  1-4 EEL =      -334.1678  VDWAALS    =      4936.6720
 EELEC  =    -46307.7754  EHBOND  =         0.0000  RESTRAINT  =         0.0000
 EKCMT  =      3339.0743  VIRIAL  =      3410.1544  VOLUME     =    116920.9436
                                                    Density    =         1.0339
 Ewald error estimate:   0.1055E-03
 ------------------------------------------------------------------------------


 NSTEP =    68750   TIME(PS) =    1757.500  TEMP(K) =   302.58  PRESS =  -220.8
 Etot   =    -33408.9201  EKtot   =      7164.8514  EPtot      =    -40573.7715
 BOND   =       145.1951  ANGLE   =       336.3497  DIHED      =       507.4396
 1-4 NB =       166.3054  1-4 EEL =      -327.6079  VDWAALS    =      4826.1946
 EELEC  =    -46227.6481  EHBOND  =         0.0000  RESTRAINT  =         0.0000
 EKCMT  =      3403.7500  VIRIAL  =      3961.1370  VOLUME     =    116917.5669
                                                    Density    =         1.0340
 Ewald error estimate:   0.1355E-03
 ------------------------------------------------------------------------------


 NSTEP =    69000   TIME(PS) =    1758.000  TEMP(K) =   297.25  PRESS =    12.1
 Etot   =    -33480.5974  EKtot   =      7038.7988  EPtot      =    -40519.3962
 BOND   =       151.2429  ANGLE   =       342.5272  DIHED      =       508.8108
 1-4 NB =       164.8178  1-4 EEL =      -348.6859  VDWAALS    =      4889.8023
 EELEC  =    -46227.9113  EHBOND  =         0.0000  RESTRAINT  =         0.0000
 EKCMT  =      3313.7524  VIRIAL  =      3283.2830  VOLUME     =    116842.4614
                                                    Density    =         1.0346
 Ewald error estimate:   0.1972E-04
 ------------------------------------------------------------------------------


 NSTEP =    69250   TIME(PS) =    1758.500  TEMP(K) =   300.29  PRESS =  -149.5
 Etot   =    -33435.1234  EKtot   =      7110.7892  EPtot      =    -40545.9126
 BOND   =       161.0379  ANGLE   =       341.8449  DIHED      =       505.5763
 1-4 NB =       173.8052  1-4 EEL =      -335.2571  VDWAALS    =      4804.5639
 EELEC  =    -46197.4836  EHBOND  =         0.0000  RESTRAINT  =         0.0000
 EKCMT  =      3305.1754  VIRIAL  =      3681.9360  VOLUME     =    116756.9683
                                                    Density    =         1.0354
 Ewald error estimate:   0.3262E-04
 ------------------------------------------------------------------------------


 NSTEP =    69500   TIME(PS) =    1759.000  TEMP(K) =   295.45  PRESS =  -341.6
 Etot   =    -33354.1047  EKtot   =      6996.0992  EPtot      =    -40350.2039
 BOND   =       168.9662  ANGLE   =       355.1428  DIHED      =       520.9422
 1-4 NB =       170.3904  1-4 EEL =      -346.2694  VDWAALS    =      4829.4876
 EELEC  =    -46048.8637  EHBOND  =         0.0000  RESTRAINT  =         0.0000
 EKCMT  =      3212.3211  VIRIAL  =      4073.1884  VOLUME     =    116721.0807
                                                    Density    =         1.0357
 Ewald error estimate:   0.2134E-03
 ------------------------------------------------------------------------------


 NSTEP =    69750   TIME(PS) =    1759.500  TEMP(K) =   299.25  PRESS =   473.3
 Etot   =    -33473.7107  EKtot   =      7086.0308  EPtot      =    -40559.7416
 BOND   =       143.4519  ANGLE   =       359.4556  DIHED      =       533.2533
 1-4 NB =       173.6246  1-4 EEL =      -341.9854  VDWAALS    =      5054.8627
 EELEC  =    -46482.4042  EHBOND  =         0.0000  RESTRAINT  =         0.0000
 EKCMT  =      3337.1415  VIRIAL  =      2144.1585  VOLUME     =    116740.5977
                                                    Density    =         1.0355
 Ewald error estimate:   0.1077E-03
 ------------------------------------------------------------------------------


 NSTEP =    70000   TIME(PS) =    1760.000  TEMP(K) =   301.61  PRESS =   -99.8
 Etot   =    -33415.9409  EKtot   =      7141.9441  EPtot      =    -40557.8849
 BOND   =       143.2309  ANGLE   =       364.1647  DIHED      =       516.8725
 1-4 NB =       174.8470  1-4 EEL =      -339.5644  VDWAALS    =      4826.1004
 EELEC  =    -46243.5359  EHBOND  =         0.0000  RESTRAINT  =         0.0000
 EKCMT  =      3353.7039  VIRIAL  =      3605.4251  VOLUME     =    116863.1992
                                                    Density    =         1.0344
 Ewald error estimate:   0.4826E-04
 ------------------------------------------------------------------------------


 NSTEP =    70250   TIME(PS) =    1760.500  TEMP(K) =   303.76  PRESS =   100.0
 Etot   =    -33266.3149  EKtot   =      7192.9616  EPtot      =    -40459.2765
 BOND   =       142.5438  ANGLE   =       323.2962  DIHED      =       517.2548
 1-4 NB =       170.4548  1-4 EEL =      -317.0194  VDWAALS    =      4874.2028
 EELEC  =    -46170.0094  EHBOND  =         0.0000  RESTRAINT  =         0.0000
 EKCMT  =      3425.5048  VIRIAL  =      3172.7922  VOLUME     =    117066.1806
                                                    Density    =         1.0326
 Ewald error estimate:   0.8710E-04
 ------------------------------------------------------------------------------


 NSTEP =    70500   TIME(PS) =    1761.000  TEMP(K) =   302.05  PRESS =   155.6
 Etot   =    -33193.3237  EKtot   =      7152.4651  EPtot      =    -40345.7888
 BOND   =       140.4985  ANGLE   =       352.7086  DIHED      =       497.5273
 1-4 NB =       167.5464  1-4 EEL =      -329.9641  VDWAALS    =      4822.0133
 EELEC  =    -45996.1188  EHBOND  =         0.0000  RESTRAINT  =         0.0000
 EKCMT  =      3386.4097  VIRIAL  =      2992.3530  VOLUME     =    117256.7027
                                                    Density    =         1.0310
 Ewald error estimate:   0.1649E-04
 ------------------------------------------------------------------------------


 NSTEP =    70750   TIME(PS) =    1761.500  TEMP(K) =   296.26  PRESS =   232.7
 Etot   =    -33271.3432  EKtot   =      7015.2006  EPtot      =    -40286.5438
 BOND   =       158.8734  ANGLE   =       365.3525  DIHED      =       510.4074
 1-4 NB =       165.0678  1-4 EEL =      -331.8445  VDWAALS    =      4909.1685
 EELEC  =    -46063.5689  EHBOND  =         0.0000  RESTRAINT  =         0.0000
 EKCMT  =      3236.9014  VIRIAL  =      2648.8164  VOLUME     =    117058.5195
                                                    Density    =         1.0327
 Ewald error estimate:   0.4640E-04
 ------------------------------------------------------------------------------


 NSTEP =    71000   TIME(PS) =    1762.000  TEMP(K) =   295.85  PRESS =   244.5
 Etot   =    -33280.5419  EKtot   =      7005.5625  EPtot      =    -40286.1044
 BOND   =       153.0564  ANGLE   =       350.3818  DIHED      =       511.1295
 1-4 NB =       164.5428  1-4 EEL =      -337.6224  VDWAALS    =      4894.2885
 EELEC  =    -46021.8810  EHBOND  =         0.0000  RESTRAINT  =         0.0000
 EKCMT  =      3271.5254  VIRIAL  =      2653.5145  VOLUME     =    117059.2843
                                                    Density    =         1.0327
 Ewald error estimate:   0.2415E-03
 ------------------------------------------------------------------------------


 NSTEP =    71250   TIME(PS) =    1762.500  TEMP(K) =   298.05  PRESS =   -51.7
 Etot   =    -33312.1438  EKtot   =      7057.7291  EPtot      =    -40369.8729
 BOND   =       163.9995  ANGLE   =       346.6224  DIHED      =       502.8534
 1-4 NB =       169.2797  1-4 EEL =      -354.6944  VDWAALS    =      4877.8346
 EELEC  =    -46075.7682  EHBOND  =         0.0000  RESTRAINT  =         0.0000
 EKCMT  =      3297.0271  VIRIAL  =      3427.7773  VOLUME     =    117209.4030
                                                    Density    =         1.0314
 Ewald error estimate:   0.2811E-03
 ------------------------------------------------------------------------------


 NSTEP =    71500   TIME(PS) =    1763.000  TEMP(K) =   301.67  PRESS =   117.7
 Etot   =    -33277.9838  EKtot   =      7143.2518  EPtot      =    -40421.2356
 BOND   =       148.3275  ANGLE   =       341.8832  DIHED      =       512.3067
 1-4 NB =       164.0678  1-4 EEL =      -325.2011  VDWAALS    =      4867.4248
 EELEC  =    -46130.0444  EHBOND  =         0.0000  RESTRAINT  =         0.0000
 EKCMT  =      3360.9722  VIRIAL  =      3062.9486  VOLUME     =    117235.3105
                                                    Density    =         1.0311
 Ewald error estimate:   0.2001E-04
 ------------------------------------------------------------------------------


 NSTEP =    71750   TIME(PS) =    1763.500  TEMP(K) =   298.05  PRESS =   153.6
 Etot   =    -33293.3201  EKtot   =      7057.7492  EPtot      =    -40351.0694
 BOND   =       156.3311  ANGLE   =       348.2622  DIHED      =       494.7025
 1-4 NB =       172.9599  1-4 EEL =      -350.4787  VDWAALS    =      4877.0364
 EELEC  =    -46049.8828  EHBOND  =         0.0000  RESTRAINT  =         0.0000
 EKCMT  =      3304.4113  VIRIAL  =      2915.6325  VOLUME     =    117251.3977
                                                    Density    =         1.0310
 Ewald error estimate:   0.1056E-03
 ------------------------------------------------------------------------------


 NSTEP =    72000   TIME(PS) =    1764.000  TEMP(K) =   299.12  PRESS =    30.8
 Etot   =    -33281.7700  EKtot   =      7083.0892  EPtot      =    -40364.8591
 BOND   =       151.5169  ANGLE   =       342.0131  DIHED      =       505.2701
 1-4 NB =       163.6488  1-4 EEL =      -335.7567  VDWAALS    =      4791.4402
 EELEC  =    -45982.9916  EHBOND  =         0.0000  RESTRAINT  =         0.0000
 EKCMT  =      3292.1323  VIRIAL  =      3214.2381  VOLUME     =    117109.6935
                                                    Density    =         1.0323
 Ewald error estimate:   0.9506E-04
 ------------------------------------------------------------------------------


 NSTEP =    72250   TIME(PS) =    1764.500  TEMP(K) =   301.69  PRESS =  -307.0
 Etot   =    -33259.1445  EKtot   =      7143.7456  EPtot      =    -40402.8901
 BOND   =       164.5738  ANGLE   =       367.3051  DIHED      =       504.0751
 1-4 NB =       172.8444  1-4 EEL =      -318.4939  VDWAALS    =      4687.3151
 EELEC  =    -45980.5097  EHBOND  =         0.0000  RESTRAINT  =         0.0000
 EKCMT  =      3346.9353  VIRIAL  =      4123.6480  VOLUME     =    117176.4474
                                                    Density    =         1.0317
 Ewald error estimate:   0.6289E-05
 ------------------------------------------------------------------------------


 NSTEP =    72500   TIME(PS) =    1765.000  TEMP(K) =   302.50  PRESS =   338.0
 Etot   =    -33272.5620  EKtot   =      7162.9225  EPtot      =    -40435.4845
 BOND   =       163.7387  ANGLE   =       360.0011  DIHED      =       507.5942
 1-4 NB =       166.0994  1-4 EEL =      -328.9371  VDWAALS    =      4988.8428
 EELEC  =    -46292.8236  EHBOND  =         0.0000  RESTRAINT  =         0.0000
 EKCMT  =      3312.0662  VIRIAL  =      2456.5584  VOLUME     =    117229.0195
                                                    Density    =         1.0312
 Ewald error estimate:   0.1864E-03
 ------------------------------------------------------------------------------


 NSTEP =    72750   TIME(PS) =    1765.500  TEMP(K) =   299.61  PRESS =   -52.3
 Etot   =    -33342.7737  EKtot   =      7094.4812  EPtot      =    -40437.2549
 BOND   =       154.2644  ANGLE   =       363.0582  DIHED      =       519.9122
 1-4 NB =       165.9288  1-4 EEL =      -330.3881  VDWAALS    =      4879.5227
 EELEC  =    -46189.5531  EHBOND  =         0.0000  RESTRAINT  =         0.0000
 EKCMT  =      3290.9376  VIRIAL  =      3423.4919  VOLUME     =    117339.7852
                                                    Density    =         1.0302
 Ewald error estimate:   0.2127E-03
 ------------------------------------------------------------------------------


 NSTEP =    73000   TIME(PS) =    1766.000  TEMP(K) =   301.17  PRESS =    34.3
 Etot   =    -33229.4709  EKtot   =      7131.4629  EPtot      =    -40360.9338
 BOND   =       158.7912  ANGLE   =       368.2424  DIHED      =       500.3656
 1-4 NB =       170.1989  1-4 EEL =      -327.5921  VDWAALS    =      4830.6346
 EELEC  =    -46061.5745  EHBOND  =         0.0000  RESTRAINT  =         0.0000
 EKCMT  =      3289.6007  VIRIAL  =      3202.8373  VOLUME     =    117312.2977
                                                    Density    =         1.0305
 Ewald error estimate:   0.2229E-03
 ------------------------------------------------------------------------------


 NSTEP =    73250   TIME(PS) =    1766.500  TEMP(K) =   300.21  PRESS =   248.5
 Etot   =    -33267.6071  EKtot   =      7108.8214  EPtot      =    -40376.4285
 BOND   =       166.6049  ANGLE   =       330.0118  DIHED      =       495.9589
 1-4 NB =       167.7862  1-4 EEL =      -322.2020  VDWAALS    =      4889.8226
 EELEC  =    -46104.4109  EHBOND  =         0.0000  RESTRAINT  =         0.0000
 EKCMT  =      3359.6000  VIRIAL  =      2729.8231  VOLUME     =    117377.9577
                                                    Density    =         1.0299
 Ewald error estimate:   0.2849E-03
 ------------------------------------------------------------------------------


 NSTEP =    73500   TIME(PS) =    1767.000  TEMP(K) =   301.98  PRESS =  -100.2
 Etot   =    -33262.2650  EKtot   =      7150.8125  EPtot      =    -40413.0774
 BOND   =       172.8966  ANGLE   =       327.7130  DIHED      =       518.6176
 1-4 NB =       166.8008  1-4 EEL =      -350.1693  VDWAALS    =      4879.9526
 EELEC  =    -46128.8888  EHBOND  =         0.0000  RESTRAINT  =         0.0000
 EKCMT  =      3365.7428  VIRIAL  =      3619.6956  VOLUME     =    117370.2013
                                                    Density    =         1.0300
 Ewald error estimate:   0.9089E-04
 ------------------------------------------------------------------------------


 NSTEP =    73750   TIME(PS) =    1767.500  TEMP(K) =   300.28  PRESS =    25.4
 Etot   =    -33282.0532  EKtot   =      7110.5043  EPtot      =    -40392.5575
 BOND   =       165.5087  ANGLE   =       343.8868  DIHED      =       499.1910
 1-4 NB =       171.7877  1-4 EEL =      -337.7633  VDWAALS    =      4795.1867
 EELEC  =    -46030.3550  EHBOND  =         0.0000  RESTRAINT  =         0.0000
 EKCMT  =      3312.5342  VIRIAL  =      3248.2565  VOLUME     =    117407.7971
                                                    Density    =         1.0296
 Ewald error estimate:   0.2565E-04
 ------------------------------------------------------------------------------


 NSTEP =    74000   TIME(PS) =    1768.000  TEMP(K) =   298.34  PRESS =   -69.7
 Etot   =    -33114.3687  EKtot   =      7064.3928  EPtot      =    -40178.7615
 BOND   =       136.7498  ANGLE   =       347.0572  DIHED      =       518.4182
 1-4 NB =       169.5083  1-4 EEL =      -336.3629  VDWAALS    =      4807.2596
 EELEC  =    -45821.3917  EHBOND  =         0.0000  RESTRAINT  =         0.0000
 EKCMT  =      3295.0546  VIRIAL  =      3471.6489  VOLUME     =    117390.8591
                                                    Density    =         1.0298
 Ewald error estimate:   0.1879E-05
 ------------------------------------------------------------------------------


 NSTEP =    74250   TIME(PS) =    1768.500  TEMP(K) =   298.13  PRESS =  -394.6
 Etot   =    -33216.5185  EKtot   =      7059.5342  EPtot      =    -40276.0528
 BOND   =       141.3625  ANGLE   =       354.7916  DIHED      =       512.8231
 1-4 NB =       177.1904  1-4 EEL =      -341.5269  VDWAALS    =      4676.5206
 EELEC  =    -45797.2141  EHBOND  =         0.0000  RESTRAINT  =         0.0000
 EKCMT  =      3293.3079  VIRIAL  =      4294.7606  VOLUME     =    117530.5441
                                                    Density    =         1.0286
 Ewald error estimate:   0.2105E-03
 ------------------------------------------------------------------------------


 NSTEP =    74500   TIME(PS) =    1769.000  TEMP(K) =   302.86  PRESS =  -421.5
 Etot   =    -33093.0162  EKtot   =      7171.5960  EPtot      =    -40264.6122
 BOND   =       145.5494  ANGLE   =       353.5494  DIHED      =       505.1536
 1-4 NB =       171.4880  1-4 EEL =      -328.7668  VDWAALS    =      4633.9828
 EELEC  =    -45745.5687  EHBOND  =         0.0000  RESTRAINT  =         0.0000
 EKCMT  =      3352.6026  VIRIAL  =      4420.0151  VOLUME     =    117294.6408
                                                    Density    =         1.0306
 Ewald error estimate:   0.1976E-03
 ------------------------------------------------------------------------------


 NSTEP =    74750   TIME(PS) =    1769.500  TEMP(K) =   296.31  PRESS =   239.3
 Etot   =    -33179.7795  EKtot   =      7016.4253  EPtot      =    -40196.2048
 BOND   =       153.9131  ANGLE   =       368.4356  DIHED      =       513.4533
 1-4 NB =       174.2678  1-4 EEL =      -357.2709  VDWAALS    =      4900.6393
 EELEC  =    -45949.6430  EHBOND  =         0.0000  RESTRAINT  =         0.0000
 EKCMT  =      3310.7085  VIRIAL  =      2704.3957  VOLUME     =    117335.6294
                                                    Density    =         1.0303
 Ewald error estimate:   0.2292E-04
 ------------------------------------------------------------------------------


 NSTEP =    75000   TIME(PS) =    1770.000  TEMP(K) =   297.61  PRESS =   408.6
 Etot   =    -33213.7653  EKtot   =      7047.1366  EPtot      =    -40260.9019
 BOND   =       153.7835  ANGLE   =       362.7713  DIHED      =       499.8702
 1-4 NB =       166.8406  1-4 EEL =      -342.2575  VDWAALS    =      4929.2770
 EELEC  =    -46031.1869  EHBOND  =         0.0000  RESTRAINT  =         0.0000
 EKCMT  =      3389.5298  VIRIAL  =      2356.0302  VOLUME     =    117158.8340
                                                    Density    =         1.0318
 Ewald error estimate:   0.6677E-04
 ------------------------------------------------------------------------------


 NSTEP =    75250   TIME(PS) =    1770.500  TEMP(K) =   300.88  PRESS =  -280.9
 Etot   =    -33134.6776  EKtot   =      7124.7469  EPtot      =    -40259.4245
 BOND   =       171.7824  ANGLE   =       350.1859  DIHED      =       500.3177
 1-4 NB =       164.1270  1-4 EEL =      -356.4927  VDWAALS    =      4774.7525
 EELEC  =    -45864.0972  EHBOND  =         0.0000  RESTRAINT  =         0.0000
 EKCMT  =      3380.1363  VIRIAL  =      4090.9425  VOLUME     =    117199.5591
                                                    Density    =         1.0315
 Ewald error estimate:   0.1664E-03
 ------------------------------------------------------------------------------


 NSTEP =    75500   TIME(PS) =    1771.000  TEMP(K) =   302.30  PRESS =    -1.1
 Etot   =    -33246.6407  EKtot   =      7158.2951  EPtot      =    -40404.9358
 BOND   =       147.6298  ANGLE   =       351.2987  DIHED      =       495.4669
 1-4 NB =       174.8772  1-4 EEL =      -310.0807  VDWAALS    =      4908.3683
 EELEC  =    -46172.4960  EHBOND  =         0.0000  RESTRAINT  =         0.0000
 EKCMT  =      3291.3070  VIRIAL  =      3294.1634  VOLUME     =    117452.2290
                                                    Density    =         1.0292
 Ewald error estimate:   0.1730E-04
 ------------------------------------------------------------------------------


 NSTEP =    75750   TIME(PS) =    1771.500  TEMP(K) =   300.14  PRESS =  -213.3
 Etot   =    -33246.9359  EKtot   =      7107.1626  EPtot      =    -40354.0985
 BOND   =       138.9371  ANGLE   =       334.8770  DIHED      =       511.9229
 1-4 NB =       172.9147  1-4 EEL =      -309.2458  VDWAALS    =      4765.0812
 EELEC  =    -45968.5857  EHBOND  =         0.0000  RESTRAINT  =         0.0000
 EKCMT  =      3304.2103  VIRIAL  =      3844.4414  VOLUME     =    117307.8905
                                                    Density    =         1.0305
 Ewald error estimate:   0.1777E-03
 ------------------------------------------------------------------------------


 NSTEP =    76000   TIME(PS) =    1772.000  TEMP(K) =   301.07  PRESS =   153.1
 Etot   =    -33301.4669  EKtot   =      7129.2274  EPtot      =    -40430.6943
 BOND   =       136.6291  ANGLE   =       350.3586  DIHED      =       504.5458
 1-4 NB =       162.3571  1-4 EEL =      -327.9613  VDWAALS    =      4895.8898
 EELEC  =    -46152.5134  EHBOND  =         0.0000  RESTRAINT  =         0.0000
 EKCMT  =      3360.9185  VIRIAL  =      2973.4674  VOLUME     =    117204.1898
                                                    Density    =         1.0314
 Ewald error estimate:   0.1486E-04
 ------------------------------------------------------------------------------


 NSTEP =    76250   TIME(PS) =    1772.500  TEMP(K) =   296.55  PRESS =    20.9
 Etot   =    -33429.5381  EKtot   =      7022.2177  EPtot      =    -40451.7558
 BOND   =       155.1260  ANGLE   =       345.9454  DIHED      =       501.0065
 1-4 NB =       166.2827  1-4 EEL =      -314.6559  VDWAALS    =      4879.9188
 EELEC  =    -46185.3792  EHBOND  =         0.0000  RESTRAINT  =         0.0000
 EKCMT  =      3291.7700  VIRIAL  =      3238.8091  VOLUME     =    117154.5240
                                                    Density    =         1.0319
 Ewald error estimate:   0.2530E-04
 ------------------------------------------------------------------------------


 NSTEP =    76500   TIME(PS) =    1773.000  TEMP(K) =   296.64  PRESS =    56.7
 Etot   =    -33316.9870  EKtot   =      7024.2094  EPtot      =    -40341.1965
 BOND   =       154.6578  ANGLE   =       328.7189  DIHED      =       518.4797
 1-4 NB =       163.9446  1-4 EEL =      -337.5628  VDWAALS    =      4851.9804
 EELEC  =    -46021.4150  EHBOND  =         0.0000  RESTRAINT  =         0.0000
 EKCMT  =      3285.9543  VIRIAL  =      3142.4276  VOLUME     =    117301.9570
                                                    Density    =         1.0306
 Ewald error estimate:   0.1367E-03
 ------------------------------------------------------------------------------


 NSTEP =    76750   TIME(PS) =    1773.500  TEMP(K) =   297.96  PRESS =   162.3
 Etot   =    -33334.4216  EKtot   =      7055.4780  EPtot      =    -40389.8996
 BOND   =       134.6913  ANGLE   =       308.9699  DIHED      =       500.1233
 1-4 NB =       175.4505  1-4 EEL =      -299.4907  VDWAALS    =      4898.4099
 EELEC  =    -46108.0537  EHBOND  =         0.0000  RESTRAINT  =         0.0000
 EKCMT  =      3268.4083  VIRIAL  =      2857.5030  VOLUME     =    117244.3238
                                                    Density    =         1.0311
 Ewald error estimate:   0.8623E-04
 ------------------------------------------------------------------------------


 NSTEP =    77000   TIME(PS) =    1774.000  TEMP(K) =   297.45  PRESS =  -438.7
 Etot   =    -33306.5738  EKtot   =      7043.4051  EPtot      =    -40349.9790
 BOND   =       149.5800  ANGLE   =       348.5742  DIHED      =       507.7862
 1-4 NB =       167.5081  1-4 EEL =      -337.4469  VDWAALS    =      4633.3096
 EELEC  =    -45819.2902  EHBOND  =         0.0000  RESTRAINT  =         0.0000
 EKCMT  =      3227.1158  VIRIAL  =      4337.8381  VOLUME     =    117271.1744
                                                    Density    =         1.0308
 Ewald error estimate:   0.1623E-03
 ------------------------------------------------------------------------------


 NSTEP =    77250   TIME(PS) =    1774.500  TEMP(K) =   298.68  PRESS =  -277.0
 Etot   =    -33366.9057  EKtot   =      7072.4889  EPtot      =    -40439.3946
 BOND   =       149.3102  ANGLE   =       329.3858  DIHED      =       506.9656
 1-4 NB =       165.9589  1-4 EEL =      -327.3061  VDWAALS    =      4735.9462
 EELEC  =    -45999.6552  EHBOND  =         0.0000  RESTRAINT  =         0.0000
 EKCMT  =      3305.4737  VIRIAL  =      4004.5555  VOLUME     =    116908.6067
                                                    Density    =         1.0340
 Ewald error estimate:   0.1314E-03
 ------------------------------------------------------------------------------


 NSTEP =    77500   TIME(PS) =    1775.000  TEMP(K) =   299.02  PRESS =   335.9
 Etot   =    -33296.2287  EKtot   =      7080.6445  EPtot      =    -40376.8733
 BOND   =       141.7422  ANGLE   =       348.9579  DIHED      =       506.4071
 1-4 NB =       165.0319  1-4 EEL =      -341.4571  VDWAALS    =      4855.9511
 EELEC  =    -46053.5064  EHBOND  =         0.0000  RESTRAINT  =         0.0000
 EKCMT  =      3345.1733  VIRIAL  =      2497.5225  VOLUME     =    116876.3903
                                                    Density    =         1.0343
 Ewald error estimate:   0.3860E-05
 ------------------------------------------------------------------------------


 NSTEP =    77750   TIME(PS) =    1775.500  TEMP(K) =   300.30  PRESS =   348.5
 Etot   =    -33261.4465  EKtot   =      7111.0112  EPtot      =    -40372.4577
 BOND   =       150.8568  ANGLE   =       338.2517  DIHED      =       498.4633
 1-4 NB =       167.8043  1-4 EEL =      -344.8209  VDWAALS    =      4996.0628
 EELEC  =    -46179.0757  EHBOND  =         0.0000  RESTRAINT  =         0.0000
 EKCMT  =      3324.8374  VIRIAL  =      2444.9580  VOLUME     =    116931.5873
                                                    Density    =         1.0338
 Ewald error estimate:   0.1022E-03
 ------------------------------------------------------------------------------


 NSTEP =    78000   TIME(PS) =    1776.000  TEMP(K) =   295.48  PRESS =  -200.0
 Etot   =    -33373.2795  EKtot   =      6996.8543  EPtot      =    -40370.1338
 BOND   =       153.1972  ANGLE   =       351.3107  DIHED      =       501.1496
 1-4 NB =       168.8401  1-4 EEL =      -346.3575  VDWAALS    =      4901.2945
 EELEC  =    -46099.5684  EHBOND  =         0.0000  RESTRAINT  =         0.0000
 EKCMT  =      3211.1697  VIRIAL  =      3716.5955  VOLUME     =    117014.8463
                                                    Density    =         1.0331
 Ewald error estimate:   0.1437E-03
 ------------------------------------------------------------------------------


 NSTEP =    78250   TIME(PS) =    1776.500  TEMP(K) =   298.08  PRESS =    24.3
 Etot   =    -33340.0032  EKtot   =      7058.2852  EPtot      =    -40398.2885
 BOND   =       144.6930  ANGLE   =       360.2990  DIHED      =       493.8352
 1-4 NB =       163.7737  1-4 EEL =      -359.7327  VDWAALS    =      4883.5417
 EELEC  =    -46084.6984  EHBOND  =         0.0000  RESTRAINT  =         0.0000
 EKCMT  =      3340.2397  VIRIAL  =      3278.8098  VOLUME     =    116871.1823
                                                    Density    =         1.0344
 Ewald error estimate:   0.7167E-04
 ------------------------------------------------------------------------------


 NSTEP =    78500   TIME(PS) =    1777.000  TEMP(K) =   299.08  PRESS =    68.2
 Etot   =    -33373.2525  EKtot   =      7081.9350  EPtot      =    -40455.1875
 BOND   =       141.9522  ANGLE   =       315.9697  DIHED      =       504.5380
 1-4 NB =       168.8928  1-4 EEL =      -321.0514  VDWAALS    =      4823.0312
 EELEC  =    -46088.5198  EHBOND  =         0.0000  RESTRAINT  =         0.0000
 EKCMT  =      3304.7706  VIRIAL  =      3132.6377  VOLUME     =    116861.8947
                                                    Density    =         1.0344
 Ewald error estimate:   0.9393E-04
 ------------------------------------------------------------------------------


 NSTEP =    78750   TIME(PS) =    1777.500  TEMP(K) =   299.75  PRESS =  -184.3
 Etot   =    -33522.6663  EKtot   =      7097.9436  EPtot      =    -40620.6099
 BOND   =       149.2668  ANGLE   =       314.8537  DIHED      =       498.1904
 1-4 NB =       171.7239  1-4 EEL =      -354.6151  VDWAALS    =      4929.5822
 EELEC  =    -46329.6118  EHBOND  =         0.0000  RESTRAINT  =         0.0000
 EKCMT  =      3276.5372  VIRIAL  =      3740.9389  VOLUME     =    116674.7524
                                                    Density    =         1.0361
 Ewald error estimate:   0.6516E-04
 ------------------------------------------------------------------------------


 NSTEP =    79000   TIME(PS) =    1778.000  TEMP(K) =   300.76  PRESS =   -36.1
 Etot   =    -33428.5978  EKtot   =      7121.7882  EPtot      =    -40550.3860
 BOND   =       144.6045  ANGLE   =       347.5014  DIHED      =       504.8278
 1-4 NB =       168.7873  1-4 EEL =      -344.0782  VDWAALS    =      4825.4918
 EELEC  =    -46197.5206  EHBOND  =         0.0000  RESTRAINT  =         0.0000
 EKCMT  =      3351.3027  VIRIAL  =      3442.1973  VOLUME     =    116560.3344
                                                    Density    =         1.0371
 Ewald error estimate:   0.6533E-04
 ------------------------------------------------------------------------------


 NSTEP =    79250   TIME(PS) =    1778.500  TEMP(K) =   301.49  PRESS =  -260.6
 Etot   =    -33361.6967  EKtot   =      7139.0927  EPtot      =    -40500.7893
 BOND   =       164.5772  ANGLE   =       361.6222  DIHED      =       511.7723
 1-4 NB =       169.1943  1-4 EEL =      -356.7276  VDWAALS    =      4778.4366
 EELEC  =    -46129.6643  EHBOND  =         0.0000  RESTRAINT  =         0.0000
 EKCMT  =      3301.9918  VIRIAL  =      3957.8635  VOLUME     =    116559.7532
                                                    Density    =         1.0371
 Ewald error estimate:   0.1526E-03
 ------------------------------------------------------------------------------


 NSTEP =    79500   TIME(PS) =    1779.000  TEMP(K) =   295.99  PRESS =   327.1
 Etot   =    -33311.0685  EKtot   =      7008.8519  EPtot      =    -40319.9204
 BOND   =       138.5941  ANGLE   =       349.7490  DIHED      =       510.0340
 1-4 NB =       160.0821  1-4 EEL =      -345.5559  VDWAALS    =      5002.2809
 EELEC  =    -46135.1045  EHBOND  =         0.0000  RESTRAINT  =         0.0000
 EKCMT  =      3261.7663  VIRIAL  =      2437.1584  VOLUME     =    116769.9655
                                                    Density    =         1.0353
 Ewald error estimate:   0.3034E-03
 ------------------------------------------------------------------------------


 NSTEP =    79750   TIME(PS) =    1779.500  TEMP(K) =   295.65  PRESS =   236.0
 Etot   =    -33389.4305  EKtot   =      7000.9254  EPtot      =    -40390.3560
 BOND   =       149.8847  ANGLE   =       338.7756  DIHED      =       500.8926
 1-4 NB =       160.3608  1-4 EEL =      -341.6702  VDWAALS    =      4883.0291
 EELEC  =    -46081.6286  EHBOND  =         0.0000  RESTRAINT  =         0.0000
 EKCMT  =      3273.6214  VIRIAL  =      2677.1788  VOLUME     =    117043.2128
                                                    Density    =         1.0328
 Ewald error estimate:   0.7888E-04
 ------------------------------------------------------------------------------


 NSTEP =    80000   TIME(PS) =    1780.000  TEMP(K) =   299.00  PRESS =    38.4
 Etot   =    -33396.6657  EKtot   =      7080.2455  EPtot      =    -40476.9112
 BOND   =       159.0083  ANGLE   =       364.4173  DIHED      =       507.9315
 1-4 NB =       164.8714  1-4 EEL =      -355.0994  VDWAALS    =      4856.9971
 EELEC  =    -46175.0375  EHBOND  =         0.0000  RESTRAINT  =         0.0000
 EKCMT  =      3355.4859  VIRIAL  =      3258.3996  VOLUME     =    117017.2876
                                                    Density    =         1.0331
 Ewald error estimate:   0.2688E-03
 ------------------------------------------------------------------------------


 NSTEP =    80250   TIME(PS) =    1780.500  TEMP(K) =   298.84  PRESS =   263.3
 Etot   =    -33370.1448  EKtot   =      7076.3777  EPtot      =    -40446.5226
 BOND   =       163.9731  ANGLE   =       327.3401  DIHED      =       517.0457
 1-4 NB =       172.4458  1-4 EEL =      -335.0825  VDWAALS    =      5012.0160
 EELEC  =    -46304.2609  EHBOND  =         0.0000  RESTRAINT  =         0.0000
 EKCMT  =      3294.8739  VIRIAL  =      2629.0813  VOLUME     =    117120.0377
                                                    Density    =         1.0322
 Ewald error estimate:   0.4807E-04
 ------------------------------------------------------------------------------


 NSTEP =    80500   TIME(PS) =    1781.000  TEMP(K) =   297.60  PRESS =   290.3
 Etot   =    -33380.4409  EKtot   =      7047.0106  EPtot      =    -40427.4514
 BOND   =       156.8203  ANGLE   =       363.6788  DIHED      =       496.1314
 1-4 NB =       166.2957  1-4 EEL =      -345.6739  VDWAALS    =      4970.7612
 EELEC  =    -46235.4650  EHBOND  =         0.0000  RESTRAINT  =         0.0000
 EKCMT  =      3264.7713  VIRIAL  =      2529.7011  VOLUME     =    117280.6444
                                                    Density    =         1.0307
 Ewald error estimate:   0.2818E-03
 ------------------------------------------------------------------------------


 NSTEP =    80750   TIME(PS) =    1781.500  TEMP(K) =   299.75  PRESS =     8.0
 Etot   =    -33425.2332  EKtot   =      7097.9957  EPtot      =    -40523.2289
 BOND   =       156.6439  ANGLE   =       334.3456  DIHED      =       507.2909
 1-4 NB =       172.0845  1-4 EEL =      -316.7112  VDWAALS    =      4910.6571
 EELEC  =    -46287.5397  EHBOND  =         0.0000  RESTRAINT  =         0.0000
 EKCMT  =      3331.2380  VIRIAL  =      3311.0899  VOLUME     =    117216.8781
                                                    Density    =         1.0313
 Ewald error estimate:   0.7695E-04
 ------------------------------------------------------------------------------


 NSTEP =    81000   TIME(PS) =    1782.000  TEMP(K) =   297.65  PRESS =  -355.8
 Etot   =    -33374.6838  EKtot   =      7048.2728  EPtot      =    -40422.9566
 BOND   =       172.4468  ANGLE   =       342.8682  DIHED      =       512.1226
 1-4 NB =       163.6519  1-4 EEL =      -353.2069  VDWAALS    =      4698.5173
 EELEC  =    -45959.3565  EHBOND  =         0.0000  RESTRAINT  =         0.0000
 EKCMT  =      3314.0495  VIRIAL  =      4214.3606  VOLUME     =    117198.6556
                                                    Density    =         1.0315
 Ewald error estimate:   0.1421E-04
 ------------------------------------------------------------------------------


 NSTEP =    81250   TIME(PS) =    1782.500  TEMP(K) =   295.73  PRESS =  -231.5
 Etot   =    -33355.1149  EKtot   =      7002.7371  EPtot      =    -40357.8520
 BOND   =       154.6007  ANGLE   =       366.6700  DIHED      =       510.0826
 1-4 NB =       174.2221  1-4 EEL =      -321.9557  VDWAALS    =      4807.0932
 EELEC  =    -46048.5649  EHBOND  =         0.0000  RESTRAINT  =         0.0000
 EKCMT  =      3260.8571  VIRIAL  =      3846.1921  VOLUME     =    117090.5641
                                                    Density    =         1.0324
 Ewald error estimate:   0.3931E-04
 ------------------------------------------------------------------------------


 NSTEP =    81500   TIME(PS) =    1783.000  TEMP(K) =   295.55  PRESS =   187.4
 Etot   =    -33331.2988  EKtot   =      6998.3699  EPtot      =    -40329.6687
 BOND   =       152.3901  ANGLE   =       374.3870  DIHED      =       508.5897
 1-4 NB =       173.5347  1-4 EEL =      -348.2263  VDWAALS    =      4902.7466
 EELEC  =    -46093.0906  EHBOND  =         0.0000  RESTRAINT  =         0.0000
 EKCMT  =      3208.2602  VIRIAL  =      2734.5302  VOLUME     =    117106.3949
                                                    Density    =         1.0323
 Ewald error estimate:   0.5662E-05
 ------------------------------------------------------------------------------


 NSTEP =    81750   TIME(PS) =    1783.500  TEMP(K) =   296.11  PRESS =  -241.8
 Etot   =    -33433.5332  EKtot   =      7011.7867  EPtot      =    -40445.3199
 BOND   =       169.1587  ANGLE   =       356.2048  DIHED      =       516.6981
 1-4 NB =       167.4769  1-4 EEL =      -352.1236  VDWAALS    =      4778.1570
 EELEC  =    -46080.8917  EHBOND  =         0.0000  RESTRAINT  =         0.0000
 EKCMT  =      3229.3129  VIRIAL  =      3838.7788  VOLUME     =    116757.6626
                                                    Density    =         1.0354
 Ewald error estimate:   0.3071E-04
 ------------------------------------------------------------------------------


 NSTEP =    82000   TIME(PS) =    1784.000  TEMP(K) =   299.91  PRESS =    16.5
 Etot   =    -33358.1470  EKtot   =      7101.6252  EPtot      =    -40459.7722
 BOND   =       162.0168  ANGLE   =       354.2182  DIHED      =       506.5578
 1-4 NB =       166.0942  1-4 EEL =      -356.9580  VDWAALS    =      4841.7807
 EELEC  =    -46133.4819  EHBOND  =         0.0000  RESTRAINT  =         0.0000
 EKCMT  =      3328.8126  VIRIAL  =      3287.2563  VOLUME     =    116722.6767
                                                    Density    =         1.0357
 Ewald error estimate:   0.2401E-03
 ------------------------------------------------------------------------------


 NSTEP =    82250   TIME(PS) =    1784.500  TEMP(K) =   297.18  PRESS =   165.2
 Etot   =    -33381.8466  EKtot   =      7036.9315  EPtot      =    -40418.7781
 BOND   =       150.1120  ANGLE   =       336.1942  DIHED      =       500.3725
 1-4 NB =       174.6978  1-4 EEL =      -340.9512  VDWAALS    =      4863.6835
 EELEC  =    -46102.8868  EHBOND  =         0.0000  RESTRAINT  =         0.0000
 EKCMT  =      3261.1288  VIRIAL  =      2844.4930  VOLUME     =    116790.5630
                                                    Density    =         1.0351
 Ewald error estimate:   0.2756E-03
 ------------------------------------------------------------------------------


 NSTEP =    82500   TIME(PS) =    1785.000  TEMP(K) =   294.47  PRESS =  -161.2
 Etot   =    -33360.4599  EKtot   =      6972.9809  EPtot      =    -40333.4409
 BOND   =       147.8105  ANGLE   =       341.2414  DIHED      =       496.4573
 1-4 NB =       176.0348  1-4 EEL =      -337.1621  VDWAALS    =      4784.5750
 EELEC  =    -45942.3977  EHBOND  =         0.0000  RESTRAINT  =         0.0000
 EKCMT  =      3319.6535  VIRIAL  =      3725.9386  VOLUME     =    116746.6753
                                                    Density    =         1.0355
 Ewald error estimate:   0.6151E-04
 ------------------------------------------------------------------------------


 NSTEP =    82750   TIME(PS) =    1785.500  TEMP(K) =   298.50  PRESS =    52.5
 Etot   =    -33338.7618  EKtot   =      7068.3577  EPtot      =    -40407.1195
 BOND   =       153.1776  ANGLE   =       353.7634  DIHED      =       502.4591
 1-4 NB =       165.2774  1-4 EEL =      -356.7992  VDWAALS    =      4848.7757
 EELEC  =    -46073.7736  EHBOND  =         0.0000  RESTRAINT  =         0.0000
 EKCMT  =      3345.6229  VIRIAL  =      3213.1456  VOLUME     =    116781.7143
                                                    Density    =         1.0352
 Ewald error estimate:   0.1656E-03
 ------------------------------------------------------------------------------


 NSTEP =    83000   TIME(PS) =    1786.000  TEMP(K) =   297.66  PRESS =    98.6
 Etot   =    -33314.4509  EKtot   =      7048.3397  EPtot      =    -40362.7906
 BOND   =       155.8773  ANGLE   =       365.8069  DIHED      =       510.9738
 1-4 NB =       160.7338  1-4 EEL =      -354.8144  VDWAALS    =      4885.3882
 EELEC  =    -46086.7562  EHBOND  =         0.0000  RESTRAINT  =         0.0000
 EKCMT  =      3264.4069  VIRIAL  =      3015.4348  VOLUME     =    116970.2954
                                                    Density    =         1.0335
 Ewald error estimate:   0.5833E-04
 ------------------------------------------------------------------------------


 NSTEP =    83250   TIME(PS) =    1786.500  TEMP(K) =   296.91  PRESS =   428.9
 Etot   =    -33320.7097  EKtot   =      7030.6126  EPtot      =    -40351.3223
 BOND   =       153.8348  ANGLE   =       375.7011  DIHED      =       497.9570
 1-4 NB =       164.9795  1-4 EEL =      -335.3727  VDWAALS    =      5008.7637
 EELEC  =    -46217.1857  EHBOND  =         0.0000  RESTRAINT  =         0.0000
 EKCMT  =      3298.2054  VIRIAL  =      2215.6055  VOLUME     =    116899.3666
                                                    Density    =         1.0341
 Ewald error estimate:   0.2212E-03
 ------------------------------------------------------------------------------


 NSTEP =    83500   TIME(PS) =    1787.000  TEMP(K) =   301.19  PRESS =   194.1
 Etot   =    -33287.1597  EKtot   =      7131.9329  EPtot      =    -40419.0926
 BOND   =       156.7483  ANGLE   =       376.8171  DIHED      =       513.5390
 1-4 NB =       164.4968  1-4 EEL =      -327.9559  VDWAALS    =      4914.1752
 EELEC  =    -46216.9130  EHBOND  =         0.0000  RESTRAINT  =         0.0000
 EKCMT  =      3361.8150  VIRIAL  =      2871.9548  VOLUME     =    116878.3470
                                                    Density    =         1.0343
 Ewald error estimate:   0.2139E-03
 ------------------------------------------------------------------------------


 NSTEP =    83750   TIME(PS) =    1787.500  TEMP(K) =   301.35  PRESS =   -58.1
 Etot   =    -33270.8607  EKtot   =      7135.8536  EPtot      =    -40406.7143
 BOND   =       162.2844  ANGLE   =       339.8835  DIHED      =       503.7463
 1-4 NB =       173.9910  1-4 EEL =      -319.4016  VDWAALS    =      4821.4743
 EELEC  =    -46088.6922  EHBOND  =         0.0000  RESTRAINT  =         0.0000
 EKCMT  =      3291.7017  VIRIAL  =      3438.2264  VOLUME     =    116723.3894
                                                    Density    =         1.0357
 Ewald error estimate:   0.3731E-04
 ------------------------------------------------------------------------------


 NSTEP =    84000   TIME(PS) =    1788.000  TEMP(K) =   300.24  PRESS =    92.3
 Etot   =    -33268.1069  EKtot   =      7109.5129  EPtot      =    -40377.6199
 BOND   =       159.4231  ANGLE   =       370.5893  DIHED      =       509.8622
 1-4 NB =       161.0087  1-4 EEL =      -332.6860  VDWAALS    =      4915.4721
 EELEC  =    -46161.2892  EHBOND  =         0.0000  RESTRAINT  =         0.0000
 EKCMT  =      3340.4980  VIRIAL  =      3107.7374  VOLUME     =    116778.1219
                                                    Density    =         1.0352
 Ewald error estimate:   0.8523E-04
 ------------------------------------------------------------------------------


 NSTEP =    84250   TIME(PS) =    1788.500  TEMP(K) =   295.52  PRESS =    70.5
 Etot   =    -33291.0920  EKtot   =      6997.6954  EPtot      =    -40288.7873
 BOND   =       152.6576  ANGLE   =       351.2330  DIHED      =       499.6297
 1-4 NB =       172.1977  1-4 EEL =      -346.4084  VDWAALS    =      4842.8962
 EELEC  =    -45960.9932  EHBOND  =         0.0000  RESTRAINT  =         0.0000
 EKCMT  =      3241.7108  VIRIAL  =      3063.9955  VOLUME     =    116800.8193
                                                    Density    =         1.0350
 Ewald error estimate:   0.3283E-04
 ------------------------------------------------------------------------------


 NSTEP =    84500   TIME(PS) =    1789.000  TEMP(K) =   295.80  PRESS =  -239.4
 Etot   =    -33328.5014  EKtot   =      7004.4597  EPtot      =    -40332.9610
 BOND   =       151.9343  ANGLE   =       364.8593  DIHED      =       490.0345
 1-4 NB =       173.2444  1-4 EEL =      -361.7889  VDWAALS    =      4722.6863
 EELEC  =    -45873.9309  EHBOND  =         0.0000  RESTRAINT  =         0.0000
 EKCMT  =      3289.6830  VIRIAL  =      3893.5637  VOLUME     =    116806.0582
                                                    Density    =         1.0349
 Ewald error estimate:   0.7195E-04
 ------------------------------------------------------------------------------


 NSTEP =    84750   TIME(PS) =    1789.500  TEMP(K) =   300.55  PRESS =   331.2
 Etot   =    -33279.5063  EKtot   =      7116.7246  EPtot      =    -40396.2309
 BOND   =       163.5188  ANGLE   =       364.7420  DIHED      =       501.9325
 1-4 NB =       163.0297  1-4 EEL =      -347.7389  VDWAALS    =      4940.2639
 EELEC  =    -46181.9789  EHBOND  =         0.0000  RESTRAINT  =         0.0000
 EKCMT  =      3278.0557  VIRIAL  =      2442.5354  VOLUME     =    116827.8903
                                                    Density    =         1.0347
 Ewald error estimate:   0.4891E-04
 ------------------------------------------------------------------------------


 NSTEP =    85000   TIME(PS) =    1790.000  TEMP(K) =   298.09  PRESS =   -19.9
 Etot   =    -33319.1540  EKtot   =      7058.5660  EPtot      =    -40377.7200
 BOND   =       163.4523  ANGLE   =       350.7060  DIHED      =       510.9856
 1-4 NB =       179.7113  1-4 EEL =      -346.0475  VDWAALS    =      4815.0157
 EELEC  =    -46051.5435  EHBOND  =         0.0000  RESTRAINT  =         0.0000
 EKCMT  =      3280.3309  VIRIAL  =      3330.4721  VOLUME     =    116716.8119
                                                    Density    =         1.0357
 Ewald error estimate:   0.6422E-05
 ------------------------------------------------------------------------------


 NSTEP =    85250   TIME(PS) =    1790.500  TEMP(K) =   297.18  PRESS =   259.1
 Etot   =    -33372.1951  EKtot   =      7037.0750  EPtot      =    -40409.2701
 BOND   =       167.9073  ANGLE   =       347.8739  DIHED      =       497.3805
 1-4 NB =       169.0384  1-4 EEL =      -343.7785  VDWAALS    =      4942.0997
 EELEC  =    -46189.7913  EHBOND  =         0.0000  RESTRAINT  =         0.0000
 EKCMT  =      3254.6025  VIRIAL  =      2602.0393  VOLUME     =    116665.5732
                                                    Density    =         1.0362
 Ewald error estimate:   0.1282E-04
 ------------------------------------------------------------------------------


 NSTEP =    85500   TIME(PS) =    1791.000  TEMP(K) =   306.01  PRESS =   -31.5
 Etot   =    -33206.1039  EKtot   =      7246.0405  EPtot      =    -40452.1444
 BOND   =       161.9730  ANGLE   =       360.2604  DIHED      =       514.5815
 1-4 NB =       170.2022  1-4 EEL =      -332.9596  VDWAALS    =      4890.0868
 EELEC  =    -46216.2887  EHBOND  =         0.0000  RESTRAINT  =         0.0000
 EKCMT  =      3339.6559  VIRIAL  =      3419.0422  VOLUME     =    116653.9457
                                                    Density    =         1.0363
 Ewald error estimate:   0.1453E-03
 ------------------------------------------------------------------------------


 NSTEP =    85750   TIME(PS) =    1791.500  TEMP(K) =   299.86  PRESS =   -54.6
 Etot   =    -33352.3590  EKtot   =      7100.3822  EPtot      =    -40452.7412
 BOND   =       155.0561  ANGLE   =       354.5493  DIHED      =       516.1060
 1-4 NB =       171.6735  1-4 EEL =      -337.3128  VDWAALS    =      4837.4988
 EELEC  =    -46150.3121  EHBOND  =         0.0000  RESTRAINT  =         0.0000
 EKCMT  =      3369.9882  VIRIAL  =      3507.4116  VOLUME     =    116529.2203
                                                    Density    =         1.0374
 Ewald error estimate:   0.2276E-03
 ------------------------------------------------------------------------------


 NSTEP =    86000   TIME(PS) =    1792.000  TEMP(K) =   298.20  PRESS =  -327.3
 Etot   =    -33256.4181  EKtot   =      7061.1121  EPtot      =    -40317.5302
 BOND   =       155.1503  ANGLE   =       325.9092  DIHED      =       529.6310
 1-4 NB =       168.4004  1-4 EEL =      -331.2599  VDWAALS    =      4700.7220
 EELEC  =    -45866.0833  EHBOND  =         0.0000  RESTRAINT  =         0.0000
 EKCMT  =      3346.3220  VIRIAL  =      4170.3415  VOLUME     =    116596.5568
                                                    Density    =         1.0368
 Ewald error estimate:   0.7107E-05
 ------------------------------------------------------------------------------


 NSTEP =    86250   TIME(PS) =    1792.500  TEMP(K) =   299.75  PRESS =   298.1
 Etot   =    -33195.7660  EKtot   =      7097.8819  EPtot      =    -40293.6479
 BOND   =       141.8962  ANGLE   =       348.2840  DIHED      =       503.3923
 1-4 NB =       169.7312  1-4 EEL =      -349.1259  VDWAALS    =      4810.4158
 EELEC  =    -45918.2416  EHBOND  =         0.0000  RESTRAINT  =         0.0000
 EKCMT  =      3316.3901  VIRIAL  =      2566.2076  VOLUME     =    116564.5935
                                                    Density    =         1.0371
 Ewald error estimate:   0.3027E-03
 ------------------------------------------------------------------------------


 NSTEP =    86500   TIME(PS) =    1793.000  TEMP(K) =   304.29  PRESS =   117.2
 Etot   =    -33094.4007  EKtot   =      7205.3512  EPtot      =    -40299.7519
 BOND   =       153.8360  ANGLE   =       344.6055  DIHED      =       510.3957
 1-4 NB =       178.8147  1-4 EEL =      -341.9979  VDWAALS    =      4787.1004
 EELEC  =    -45932.5063  EHBOND  =         0.0000  RESTRAINT  =         0.0000
 EKCMT  =      3404.2313  VIRIAL  =      3108.7473  VOLUME     =    116731.3553
                                                    Density    =         1.0356
 Ewald error estimate:   0.1524E-04
 ------------------------------------------------------------------------------


 NSTEP =    86750   TIME(PS) =    1793.500  TEMP(K) =   302.69  PRESS =  -134.2
 Etot   =    -33246.6064  EKtot   =      7167.4204  EPtot      =    -40414.0268
 BOND   =       141.6269  ANGLE   =       336.6369  DIHED      =       506.9526
 1-4 NB =       162.7418  1-4 EEL =      -324.4439  VDWAALS    =      4795.3085
 EELEC  =    -46032.8495  EHBOND  =         0.0000  RESTRAINT  =         0.0000
 EKCMT  =      3391.5537  VIRIAL  =      3729.7705  VOLUME     =    116754.6535
                                                    Density    =         1.0354
 Ewald error estimate:   0.2588E-03
 ------------------------------------------------------------------------------


 NSTEP =    87000   TIME(PS) =    1794.000  TEMP(K) =   299.79  PRESS =   -48.9
 Etot   =    -33179.0978  EKtot   =      7098.7617  EPtot      =    -40277.8595
 BOND   =       162.5095  ANGLE   =       331.9316  DIHED      =       501.4353
 1-4 NB =       166.7852  1-4 EEL =      -333.8508  VDWAALS    =      4773.3653
 EELEC  =    -45880.0356  EHBOND  =         0.0000  RESTRAINT  =         0.0000
 EKCMT  =      3339.7010  VIRIAL  =      3463.0509  VOLUME     =    116716.9659
                                                    Density    =         1.0357
 Ewald error estimate:   0.1842E-03
 ------------------------------------------------------------------------------


 NSTEP =    87250   TIME(PS) =    1794.500  TEMP(K) =   299.43  PRESS =   241.2
 Etot   =    -33161.3991  EKtot   =      7090.3223  EPtot      =    -40251.7214
 BOND   =       140.0006  ANGLE   =       337.6488  DIHED      =       501.0556
 1-4 NB =       169.0964  1-4 EEL =      -313.8003  VDWAALS    =      4760.2749
 EELEC  =    -45845.9973  EHBOND  =         0.0000  RESTRAINT  =         0.0000
 EKCMT  =      3342.7258  VIRIAL  =      2734.7895  VOLUME     =    116735.3795
                                                    Density    =         1.0356
 Ewald error estimate:   0.8121E-04
 ------------------------------------------------------------------------------


 NSTEP =    87500   TIME(PS) =    1795.000  TEMP(K) =   301.11  PRESS =  -170.2
 Etot   =    -33193.5785  EKtot   =      7130.0338  EPtot      =    -40323.6123
 BOND   =       173.7356  ANGLE   =       357.6306  DIHED      =       520.7647
 1-4 NB =       168.7663  1-4 EEL =      -322.7070  VDWAALS    =      4740.0823
 EELEC  =    -45961.8848  EHBOND  =         0.0000  RESTRAINT  =         0.0000
 EKCMT  =      3328.4228  VIRIAL  =      3756.9290  VOLUME     =    116632.8515
                                                    Density    =         1.0365
 Ewald error estimate:   0.1367E-04
 ------------------------------------------------------------------------------


 NSTEP =    87750   TIME(PS) =    1795.500  TEMP(K) =   304.18  PRESS =  -185.6
 Etot   =    -33281.7612  EKtot   =      7202.8716  EPtot      =    -40484.6328
 BOND   =       151.3244  ANGLE   =       344.1387  DIHED      =       510.7143
 1-4 NB =       165.3530  1-4 EEL =      -329.9220  VDWAALS    =      4835.5081
 EELEC  =    -46161.7492  EHBOND  =         0.0000  RESTRAINT  =         0.0000
 EKCMT  =      3440.0623  VIRIAL  =      3907.8084  VOLUME     =    116740.2515
                                                    Density    =         1.0355
 Ewald error estimate:   0.1313E-03
 ------------------------------------------------------------------------------


 NSTEP =    88000   TIME(PS) =    1796.000  TEMP(K) =   299.18  PRESS =    21.5
 Etot   =    -33312.5970  EKtot   =      7084.3982  EPtot      =    -40396.9952
 BOND   =       163.9898  ANGLE   =       355.4680  DIHED      =       508.8937
 1-4 NB =       176.1707  1-4 EEL =      -351.7372  VDWAALS    =      4908.5226
 EELEC  =    -46158.3029  EHBOND  =         0.0000  RESTRAINT  =         0.0000
 EKCMT  =      3365.0478  VIRIAL  =      3310.7130  VOLUME     =    116815.3828
                                                    Density    =         1.0349
 Ewald error estimate:   0.3077E-03
 ------------------------------------------------------------------------------


 NSTEP =    88250   TIME(PS) =    1796.500  TEMP(K) =   297.21  PRESS =   154.1
 Etot   =    -33315.4280  EKtot   =      7037.7634  EPtot      =    -40353.1914
 BOND   =       148.5127  ANGLE   =       338.7241  DIHED      =       481.9665
 1-4 NB =       176.4812  1-4 EEL =      -341.0661  VDWAALS    =      4965.2445
 EELEC  =    -46123.0543  EHBOND  =         0.0000  RESTRAINT  =         0.0000
 EKCMT  =      3235.8381  VIRIAL  =      2846.7265  VOLUME     =    116941.5623
                                                    Density    =         1.0337
 Ewald error estimate:   0.1706E-03
 ------------------------------------------------------------------------------


 NSTEP =    88500   TIME(PS) =    1797.000  TEMP(K) =   295.72  PRESS =   449.9
 Etot   =    -33408.3544  EKtot   =      7002.4392  EPtot      =    -40410.7936
 BOND   =       164.8960  ANGLE   =       337.7922  DIHED      =       497.2189
 1-4 NB =       179.2269  1-4 EEL =      -341.1694  VDWAALS    =      5021.2557
 EELEC  =    -46270.0140  EHBOND  =         0.0000  RESTRAINT  =         0.0000
 EKCMT  =      3283.7889  VIRIAL  =      2147.8980  VOLUME     =    116932.2109
                                                    Density    =         1.0338
 Ewald error estimate:   0.2892E-04
 ------------------------------------------------------------------------------


 NSTEP =    88750   TIME(PS) =    1797.500  TEMP(K) =   298.08  PRESS =   321.2
 Etot   =    -33518.4835  EKtot   =      7058.3759  EPtot      =    -40576.8594
 BOND   =       150.5858  ANGLE   =       344.1867  DIHED      =       498.8890
 1-4 NB =       164.3883  1-4 EEL =      -360.0972  VDWAALS    =      5050.2059
 EELEC  =    -46425.0178  EHBOND  =         0.0000  RESTRAINT  =         0.0000
 EKCMT  =      3368.3730  VIRIAL  =      2556.2011  VOLUME     =    117092.8412
                                                    Density    =         1.0324
 Ewald error estimate:   0.1735E-05
 ------------------------------------------------------------------------------


 NSTEP =    89000   TIME(PS) =    1798.000  TEMP(K) =   296.02  PRESS =   261.5
 Etot   =    -33470.5684  EKtot   =      7009.5968  EPtot      =    -40480.1652
 BOND   =       163.7168  ANGLE   =       346.7848  DIHED      =       508.0590
 1-4 NB =       170.5143  1-4 EEL =      -335.2954  VDWAALS    =      4940.6017
 EELEC  =    -46274.5464  EHBOND  =         0.0000  RESTRAINT  =         0.0000
 EKCMT  =      3318.6717  VIRIAL  =      2657.2539  VOLUME     =    117156.4682
                                                    Density    =         1.0318
 Ewald error estimate:   0.1221E-03
 ------------------------------------------------------------------------------


 NSTEP =    89250   TIME(PS) =    1798.500  TEMP(K) =   293.10  PRESS =    73.2
 Etot   =    -33477.7028  EKtot   =      6940.3451  EPtot      =    -40418.0480
 BOND   =       164.1594  ANGLE   =       338.2016  DIHED      =       505.0789
 1-4 NB =       167.0462  1-4 EEL =      -322.9469  VDWAALS    =      4948.2918
 EELEC  =    -46217.8789  EHBOND  =         0.0000  RESTRAINT  =         0.0000
 EKCMT  =      3279.5509  VIRIAL  =      3094.4069  VOLUME     =    117143.6610
                                                    Density    =         1.0320
 Ewald error estimate:   0.2618E-04
 ------------------------------------------------------------------------------


 NSTEP =    89500   TIME(PS) =    1799.000  TEMP(K) =   300.58  PRESS =  -258.9
 Etot   =    -33396.9493  EKtot   =      7117.5700  EPtot      =    -40514.5193
 BOND   =       156.3875  ANGLE   =       344.5408  DIHED      =       503.8247
 1-4 NB =       170.1373  1-4 EEL =      -374.7082  VDWAALS    =      4826.8362
 EELEC  =    -46141.5376  EHBOND  =         0.0000  RESTRAINT  =         0.0000
 EKCMT  =      3376.0062  VIRIAL  =      4031.2100  VOLUME     =    117208.5115
                                                    Density    =         1.0314
 Ewald error estimate:   0.7563E-04
 ------------------------------------------------------------------------------


 NSTEP =    89750   TIME(PS) =    1799.500  TEMP(K) =   299.25  PRESS =   117.0
 Etot   =    -33319.4706  EKtot   =      7086.0458  EPtot      =    -40405.5164
 BOND   =       144.4344  ANGLE   =       326.7974  DIHED      =       505.5839
 1-4 NB =       172.0335  1-4 EEL =      -328.4194  VDWAALS    =      4924.9010
 EELEC  =    -46150.8471  EHBOND  =         0.0000  RESTRAINT  =         0.0000
 EKCMT  =      3371.8238  VIRIAL  =      3075.7706  VOLUME     =    117227.4197
                                                    Density    =         1.0312
 Ewald error estimate:   0.1998E-03
 ------------------------------------------------------------------------------


 NSTEP =    90000   TIME(PS) =    1800.000  TEMP(K) =   298.36  PRESS =   416.8
 Etot   =    -33291.9061  EKtot   =      7065.0362  EPtot      =    -40356.9423
 BOND   =       137.4917  ANGLE   =       359.7306  DIHED      =       505.4264
 1-4 NB =       162.2366  1-4 EEL =      -336.8639  VDWAALS    =      4993.1036
 EELEC  =    -46178.0674  EHBOND  =         0.0000  RESTRAINT  =         0.0000
 EKCMT  =      3235.7157  VIRIAL  =      2179.7428  VOLUME     =    117329.5158
                                                    Density    =         1.0303
 Ewald error estimate:   0.3050E-04
 ------------------------------------------------------------------------------


 NSTEP =    90250   TIME(PS) =    1800.500  TEMP(K) =   297.83  PRESS =  -106.1
 Etot   =    -33294.8529  EKtot   =      7052.3734  EPtot      =    -40347.2263
 BOND   =       149.0137  ANGLE   =       343.3154  DIHED      =       515.4154
 1-4 NB =       167.4268  1-4 EEL =      -325.1209  VDWAALS    =      4824.1093
 EELEC  =    -46021.3861  EHBOND  =         0.0000  RESTRAINT  =         0.0000
 EKCMT  =      3310.5724  VIRIAL  =      3579.4039  VOLUME     =    117340.7990
                                                    Density    =         1.0302
 Ewald error estimate:   0.2252E-03
 ------------------------------------------------------------------------------


 NSTEP =    90500   TIME(PS) =    1801.000  TEMP(K) =   292.24  PRESS =   236.8
 Etot   =    -33375.3611  EKtot   =      6920.1312  EPtot      =    -40295.4923
 BOND   =       167.9315  ANGLE   =       350.8406  DIHED      =       513.7526
 1-4 NB =       178.5939  1-4 EEL =      -339.7965  VDWAALS    =      4884.0562
 EELEC  =    -46050.8706  EHBOND  =         0.0000  RESTRAINT  =         0.0000
 EKCMT  =      3229.1414  VIRIAL  =      2630.2058  VOLUME     =    117141.7789
                                                    Density    =         1.0320
 Ewald error estimate:   0.1756E-03
 ------------------------------------------------------------------------------


 NSTEP =    90750   TIME(PS) =    1801.500  TEMP(K) =   301.25  PRESS =  -128.7
 Etot   =    -33338.6445  EKtot   =      7133.4596  EPtot      =    -40472.1041
 BOND   =       167.8072  ANGLE   =       341.0383  DIHED      =       511.9233
 1-4 NB =       170.1491  1-4 EEL =      -331.6402  VDWAALS    =      4799.7000
 EELEC  =    -46131.0819  EHBOND  =         0.0000  RESTRAINT  =         0.0000
 EKCMT  =      3401.5299  VIRIAL  =      3726.7497  VOLUME     =    116996.1786
                                                    Density    =         1.0333
 Ewald error estimate:   0.9990E-04
 ------------------------------------------------------------------------------


 NSTEP =    91000   TIME(PS) =    1802.000  TEMP(K) =   301.92  PRESS =  -104.7
 Etot   =    -33331.3868  EKtot   =      7149.2448  EPtot      =    -40480.6316
 BOND   =       124.0655  ANGLE   =       337.0362  DIHED      =       509.7138
 1-4 NB =       172.5673  1-4 EEL =      -328.1824  VDWAALS    =      4859.4673
 EELEC  =    -46155.2993  EHBOND  =         0.0000  RESTRAINT  =         0.0000
 EKCMT  =      3341.4675  VIRIAL  =      3606.0530  VOLUME     =    117063.7867
                                                    Density    =         1.0327
 Ewald error estimate:   0.4457E-06
 ------------------------------------------------------------------------------


 NSTEP =    91250   TIME(PS) =    1802.500  TEMP(K) =   297.81  PRESS =   296.9
 Etot   =    -33371.4071  EKtot   =      7051.8564  EPtot      =    -40423.2635
 BOND   =       161.9193  ANGLE   =       352.7570  DIHED      =       511.6564
 1-4 NB =       169.7059  1-4 EEL =      -341.5593  VDWAALS    =      4999.8769
 EELEC  =    -46277.6196  EHBOND  =         0.0000  RESTRAINT  =         0.0000
 EKCMT  =      3258.3175  VIRIAL  =      2507.8940  VOLUME     =    117052.4146
                                                    Density    =         1.0328
 Ewald error estimate:   0.1647E-03
 ------------------------------------------------------------------------------


 NSTEP =    91500   TIME(PS) =    1803.000  TEMP(K) =   299.85  PRESS =   118.9
 Etot   =    -33319.5411  EKtot   =      7100.2576  EPtot      =    -40419.7988
 BOND   =       166.6327  ANGLE   =       367.0240  DIHED      =       511.6423
 1-4 NB =       162.2738  1-4 EEL =      -333.4376  VDWAALS    =      4886.3741
 EELEC  =    -46180.3080  EHBOND  =         0.0000  RESTRAINT  =         0.0000
 EKCMT  =      3335.6639  VIRIAL  =      3034.8513  VOLUME     =    117131.5981
                                                    Density    =         1.0321
 Ewald error estimate:   0.1647E-03
 ------------------------------------------------------------------------------


 NSTEP =    91750   TIME(PS) =    1803.500  TEMP(K) =   301.33  PRESS =   -93.2
 Etot   =    -33320.8271  EKtot   =      7135.2494  EPtot      =    -40456.0766
 BOND   =       164.1132  ANGLE   =       369.2600  DIHED      =       505.6480
 1-4 NB =       165.3705  1-4 EEL =      -351.4189  VDWAALS    =      4885.5602
 EELEC  =    -46194.6096  EHBOND  =         0.0000  RESTRAINT  =         0.0000
 EKCMT  =      3300.6716  VIRIAL  =      3536.6100  VOLUME     =    117195.7717
                                                    Density    =         1.0315
 Ewald error estimate:   0.7286E-04
 ------------------------------------------------------------------------------


 NSTEP =    92000   TIME(PS) =    1804.000  TEMP(K) =   300.69  PRESS =  -309.1
 Etot   =    -33243.2024  EKtot   =      7120.1104  EPtot      =    -40363.3128
 BOND   =       153.4675  ANGLE   =       351.3172  DIHED      =       501.1484
 1-4 NB =       168.4869  1-4 EEL =      -333.9806  VDWAALS    =      4751.2017
 EELEC  =    -45954.9540  EHBOND  =         0.0000  RESTRAINT  =         0.0000
 EKCMT  =      3325.1036  VIRIAL  =      4107.0517  VOLUME     =    117165.7143
                                                    Density    =         1.0318
 Ewald error estimate:   0.1733E-03
 ------------------------------------------------------------------------------


 NSTEP =    92250   TIME(PS) =    1804.500  TEMP(K) =   302.35  PRESS =  -198.6
 Etot   =    -33144.7650  EKtot   =      7159.5219  EPtot      =    -40304.2869
 BOND   =       161.0016  ANGLE   =       369.9685  DIHED      =       505.0113
 1-4 NB =       173.8342  1-4 EEL =      -341.3904  VDWAALS    =      4843.4903
 EELEC  =    -46016.2023  EHBOND  =         0.0000  RESTRAINT  =         0.0000
 EKCMT  =      3310.2834  VIRIAL  =      3812.3565  VOLUME     =    117101.2354
                                                    Density    =         1.0323
 Ewald error estimate:   0.1772E-04
 ------------------------------------------------------------------------------


 NSTEP =    92500   TIME(PS) =    1805.000  TEMP(K) =   301.40  PRESS =   144.6
 Etot   =    -33075.8548  EKtot   =      7136.9390  EPtot      =    -40212.7938
 BOND   =       160.4856  ANGLE   =       354.6053  DIHED      =       509.3637
 1-4 NB =       167.0314  1-4 EEL =      -356.3455  VDWAALS    =      4874.8005
 EELEC  =    -45922.7348  EHBOND  =         0.0000  RESTRAINT  =         0.0000
 EKCMT  =      3343.0847  VIRIAL  =      2977.4100  VOLUME     =    117128.2052
                                                    Density    =         1.0321
 Ewald error estimate:   0.1999E-03
 ------------------------------------------------------------------------------


 NSTEP =    92750   TIME(PS) =    1805.500  TEMP(K) =   299.67  PRESS =   261.3
 Etot   =    -33165.6852  EKtot   =      7095.8900  EPtot      =    -40261.5752
 BOND   =       150.2309  ANGLE   =       352.0979  DIHED      =       495.9912
 1-4 NB =       167.3074  1-4 EEL =      -355.6488  VDWAALS    =      4920.0693
 EELEC  =    -45991.6231  EHBOND  =         0.0000  RESTRAINT  =         0.0000
 EKCMT  =      3311.8526  VIRIAL  =      2650.6338  VOLUME     =    117211.6155
                                                    Density    =         1.0314
 Ewald error estimate:   0.1612E-03
 ------------------------------------------------------------------------------


 NSTEP =    93000   TIME(PS) =    1806.000  TEMP(K) =   304.97  PRESS =  -263.0
 Etot   =    -33146.5068  EKtot   =      7221.4796  EPtot      =    -40367.9864
 BOND   =       137.4595  ANGLE   =       333.5531  DIHED      =       503.1131
 1-4 NB =       174.2947  1-4 EEL =      -361.5403  VDWAALS    =      4812.8523
 EELEC  =    -45967.7188  EHBOND  =         0.0000  RESTRAINT  =         0.0000
 EKCMT  =      3366.0647  VIRIAL  =      4031.8962  VOLUME     =    117269.7237
                                                    Density    =         1.0308
 Ewald error estimate:   0.3351E-04
 ------------------------------------------------------------------------------


 NSTEP =    93250   TIME(PS) =    1806.500  TEMP(K) =   302.08  PRESS =   -49.8
 Etot   =    -33320.9318  EKtot   =      7153.0203  EPtot      =    -40473.9521
 BOND   =       139.8251  ANGLE   =       347.4547  DIHED      =       495.4644
 1-4 NB =       174.2976  1-4 EEL =      -344.1958  VDWAALS    =      4794.6198
 EELEC  =    -46081.4180  EHBOND  =         0.0000  RESTRAINT  =         0.0000
 EKCMT  =      3362.6554  VIRIAL  =      3488.8471  VOLUME     =    117262.3262
                                                    Density    =         1.0309
 Ewald error estimate:   0.1281E-03
 ------------------------------------------------------------------------------


 NSTEP =    93500   TIME(PS) =    1807.000  TEMP(K) =   302.91  PRESS =  -209.6
 Etot   =    -33248.5768  EKtot   =      7172.7546  EPtot      =    -40421.3315
 BOND   =       155.4176  ANGLE   =       325.2734  DIHED      =       494.2167
 1-4 NB =       167.1777  1-4 EEL =      -340.3302  VDWAALS    =      4765.1324
 EELEC  =    -45988.2191  EHBOND  =         0.0000  RESTRAINT  =         0.0000
 EKCMT  =      3365.6254  VIRIAL  =      3896.5121  VOLUME     =    117287.1304
                                                    Density    =         1.0307
 Ewald error estimate:   0.9133E-04
 ------------------------------------------------------------------------------


 NSTEP =    93750   TIME(PS) =    1807.500  TEMP(K) =   304.10  PRESS =    -2.0
 Etot   =    -33105.8458  EKtot   =      7200.8518  EPtot      =    -40306.6976
 BOND   =       148.6029  ANGLE   =       333.9204  DIHED      =       509.1953
 1-4 NB =       170.4386  1-4 EEL =      -326.4347  VDWAALS    =      4776.4905
 EELEC  =    -45918.9107  EHBOND  =         0.0000  RESTRAINT  =         0.0000
 EKCMT  =      3375.8388  VIRIAL  =      3381.0013  VOLUME     =    117303.2143
                                                    Density    =         1.0306
 Ewald error estimate:   0.2297E-04
 ------------------------------------------------------------------------------


 NSTEP =    94000   TIME(PS) =    1808.000  TEMP(K) =   297.37  PRESS =    48.9
 Etot   =    -33259.2157  EKtot   =      7041.4665  EPtot      =    -40300.6822
 BOND   =       154.5807  ANGLE   =       338.0519  DIHED      =       514.5982
 1-4 NB =       168.6718  1-4 EEL =      -358.6909  VDWAALS    =      4823.6023
 EELEC  =    -45941.4963  EHBOND  =         0.0000  RESTRAINT  =         0.0000
 EKCMT  =      3371.2232  VIRIAL  =      3247.6262  VOLUME     =    117126.6513
                                                    Density    =         1.0321
 Ewald error estimate:   0.7413E-04
 ------------------------------------------------------------------------------


 NSTEP =    94250   TIME(PS) =    1808.500  TEMP(K) =   299.95  PRESS =  -247.3
 Etot   =    -33192.3891  EKtot   =      7102.5366  EPtot      =    -40294.9258
 BOND   =       157.1454  ANGLE   =       360.6223  DIHED      =       500.2862
 1-4 NB =       169.8609  1-4 EEL =      -352.1460  VDWAALS    =      4790.3523
 EELEC  =    -45921.0468  EHBOND  =         0.0000  RESTRAINT  =         0.0000
 EKCMT  =      3301.4292  VIRIAL  =      3927.2249  VOLUME     =    117185.8672
                                                    Density    =         1.0316
 Ewald error estimate:   0.2601E-04
 ------------------------------------------------------------------------------


 NSTEP =    94500   TIME(PS) =    1809.000  TEMP(K) =   296.61  PRESS =   219.4
 Etot   =    -33291.7080  EKtot   =      7023.6132  EPtot      =    -40315.3212
 BOND   =       145.0588  ANGLE   =       347.4162  DIHED      =       499.3449
 1-4 NB =       174.5147  1-4 EEL =      -354.6004  VDWAALS    =      4893.5921
 EELEC  =    -46020.6475  EHBOND  =         0.0000  RESTRAINT  =         0.0000
 EKCMT  =      3307.5499  VIRIAL  =      2752.5927  VOLUME     =    117173.7630
                                                    Density    =         1.0317
 Ewald error estimate:   0.3606E-04
 ------------------------------------------------------------------------------


 NSTEP =    94750   TIME(PS) =    1809.500  TEMP(K) =   298.11  PRESS =   -37.7
 Etot   =    -33242.1183  EKtot   =      7059.0916  EPtot      =    -40301.2098
 BOND   =       161.0911  ANGLE   =       349.7419  DIHED      =       514.7848
 1-4 NB =       166.6835  1-4 EEL =      -356.3010  VDWAALS    =      4744.5925
 EELEC  =    -45881.8026  EHBOND  =         0.0000  RESTRAINT  =         0.0000
 EKCMT  =      3270.0783  VIRIAL  =      3365.4876  VOLUME     =    117239.9010
                                                    Density    =         1.0311
 Ewald error estimate:   0.1105E-03
 ------------------------------------------------------------------------------


 NSTEP =    95000   TIME(PS) =    1810.000  TEMP(K) =   300.77  PRESS =    49.2
 Etot   =    -33149.8153  EKtot   =      7122.0233  EPtot      =    -40271.8387
 BOND   =       160.4452  ANGLE   =       366.4575  DIHED      =       486.8229
 1-4 NB =       169.3252  1-4 EEL =      -330.0041  VDWAALS    =      4738.4640
 EELEC  =    -45863.3492  EHBOND  =         0.0000  RESTRAINT  =         0.0000
 EKCMT  =      3308.1011  VIRIAL  =      3183.5207  VOLUME     =    117189.9285
                                                    Density    =         1.0315
 Ewald error estimate:   0.8695E-04
 ------------------------------------------------------------------------------


 NSTEP =    95250   TIME(PS) =    1810.500  TEMP(K) =   303.62  PRESS =   292.0
 Etot   =    -33177.1220  EKtot   =      7189.5487  EPtot      =    -40366.6707
 BOND   =       157.1904  ANGLE   =       351.0909  DIHED      =       498.6647
 1-4 NB =       164.1296  1-4 EEL =      -347.2617  VDWAALS    =      4998.9802
 EELEC  =    -46189.4648  EHBOND  =         0.0000  RESTRAINT  =         0.0000
 EKCMT  =      3332.9426  VIRIAL  =      2593.1151  VOLUME     =    117337.5868
                                                    Density    =         1.0302
 Ewald error estimate:   0.6386E-04
 ------------------------------------------------------------------------------


 NSTEP =    95500   TIME(PS) =    1811.000  TEMP(K) =   304.66  PRESS =   -22.5
 Etot   =    -33165.1576  EKtot   =      7214.0816  EPtot      =    -40379.2392
 BOND   =       163.0026  ANGLE   =       344.8321  DIHED      =       501.7248
 1-4 NB =       166.9516  1-4 EEL =      -340.8891  VDWAALS    =      4887.8427
 EELEC  =    -46102.7039  EHBOND  =         0.0000  RESTRAINT  =         0.0000
 EKCMT  =      3375.7445  VIRIAL  =      3432.6790  VOLUME     =    117431.7365
                                                    Density    =         1.0294
 Ewald error estimate:   0.2095E-03
 ------------------------------------------------------------------------------


 NSTEP =    95750   TIME(PS) =    1811.500  TEMP(K) =   300.74  PRESS =  -289.3
 Etot   =    -33159.4520  EKtot   =      7121.2642  EPtot      =    -40280.7163
 BOND   =       133.2545  ANGLE   =       347.3970  DIHED      =       499.8653
 1-4 NB =       177.1155  1-4 EEL =      -353.7895  VDWAALS    =      4834.8078
 EELEC  =    -45919.3668  EHBOND  =         0.0000  RESTRAINT  =         0.0000
 EKCMT  =      3335.9499  VIRIAL  =      4069.6840  VOLUME     =    117475.8211
                                                    Density    =         1.0290
 Ewald error estimate:   0.1284E-03
 ------------------------------------------------------------------------------


 NSTEP =    96000   TIME(PS) =    1812.000  TEMP(K) =   300.90  PRESS =  -229.8
 Etot   =    -33197.8541  EKtot   =      7125.1350  EPtot      =    -40322.9891
 BOND   =       151.2245  ANGLE   =       349.2425  DIHED      =       503.7289
 1-4 NB =       172.7918  1-4 EEL =      -313.6584  VDWAALS    =      4818.7441
 EELEC  =    -46005.0625  EHBOND  =         0.0000  RESTRAINT  =         0.0000
 EKCMT  =      3345.5141  VIRIAL  =      3927.5995  VOLUME     =    117337.3364
                                                    Density    =         1.0303
 Ewald error estimate:   0.3371E-06
 ------------------------------------------------------------------------------


 NSTEP =    96250   TIME(PS) =    1812.500  TEMP(K) =   301.72  PRESS =  -116.6
 Etot   =    -33143.3198  EKtot   =      7144.4366  EPtot      =    -40287.7563
 BOND   =       158.5280  ANGLE   =       320.2276  DIHED      =       517.1876
 1-4 NB =       159.4882  1-4 EEL =      -335.8069  VDWAALS    =      4774.7745
 EELEC  =    -45882.1553  EHBOND  =         0.0000  RESTRAINT  =         0.0000
 EKCMT  =      3388.1371  VIRIAL  =      3683.6493  VOLUME     =    117424.2748
                                                    Density    =         1.0295
 Ewald error estimate:   0.3270E-04
 ------------------------------------------------------------------------------


 NSTEP =    96500   TIME(PS) =    1813.000  TEMP(K) =   297.32  PRESS =   212.4
 Etot   =    -33288.8308  EKtot   =      7040.2815  EPtot      =    -40329.1123
 BOND   =       143.8913  ANGLE   =       363.2352  DIHED      =       514.9099
 1-4 NB =       168.5485  1-4 EEL =      -337.8495  VDWAALS    =      4905.3527
 EELEC  =    -46087.2003  EHBOND  =         0.0000  RESTRAINT  =         0.0000
 EKCMT  =      3254.3384  VIRIAL  =      2716.1539  VOLUME     =    117347.5110
                                                    Density    =         1.0302
 Ewald error estimate:   0.8136E-04
 ------------------------------------------------------------------------------


 NSTEP =    96750   TIME(PS) =    1813.500  TEMP(K) =   297.45  PRESS =   167.9
 Etot   =    -33388.4290  EKtot   =      7043.3943  EPtot      =    -40431.8233
 BOND   =       140.4990  ANGLE   =       342.5852  DIHED      =       519.8691
 1-4 NB =       178.3921  1-4 EEL =      -342.3014  VDWAALS    =      5035.2692
 EELEC  =    -46306.1365  EHBOND  =         0.0000  RESTRAINT  =         0.0000
 EKCMT  =      3268.6722  VIRIAL  =      2844.1393  VOLUME     =    117097.7821
                                                    Density    =         1.0324
 Ewald error estimate:   0.9080E-04
 ------------------------------------------------------------------------------


 NSTEP =    97000   TIME(PS) =    1814.000  TEMP(K) =   297.73  PRESS =   117.3
 Etot   =    -33386.0769  EKtot   =      7050.0074  EPtot      =    -40436.0843
 BOND   =       156.4253  ANGLE   =       360.6964  DIHED      =       513.8587
 1-4 NB =       168.4810  1-4 EEL =      -324.3957  VDWAALS    =      4876.0780
 EELEC  =    -46187.2279  EHBOND  =         0.0000  RESTRAINT  =         0.0000
 EKCMT  =      3343.2430  VIRIAL  =      3047.0456  VOLUME     =    116973.4785
                                                    Density    =         1.0335
 Ewald error estimate:   0.5837E-04
 ------------------------------------------------------------------------------


 NSTEP =    97250   TIME(PS) =    1814.500  TEMP(K) =   297.69  PRESS =   325.6
 Etot   =    -33341.0832  EKtot   =      7049.0723  EPtot      =    -40390.1555
 BOND   =       145.8829  ANGLE   =       349.2503  DIHED      =       492.7486
 1-4 NB =       176.4385  1-4 EEL =      -323.2060  VDWAALS    =      5010.0770
 EELEC  =    -46241.3467  EHBOND  =         0.0000  RESTRAINT  =         0.0000
 EKCMT  =      3330.3081  VIRIAL  =      2507.4410  VOLUME     =    117057.4622
                                                    Density    =         1.0327
 Ewald error estimate:   0.6425E-04
 ------------------------------------------------------------------------------


 NSTEP =    97500   TIME(PS) =    1815.000  TEMP(K) =   297.78  PRESS =   227.4
 Etot   =    -33424.3584  EKtot   =      7051.2562  EPtot      =    -40475.6147
 BOND   =       157.6921  ANGLE   =       352.0531  DIHED      =       510.2082
 1-4 NB =       165.1197  1-4 EEL =      -349.5380  VDWAALS    =      4926.3556
 EELEC  =    -46237.5054  EHBOND  =         0.0000  RESTRAINT  =         0.0000
 EKCMT  =      3297.6912  VIRIAL  =      2722.4784  VOLUME     =    117132.3755
                                                    Density    =         1.0321
 Ewald error estimate:   0.1154E-03
 ------------------------------------------------------------------------------


 NSTEP =    97750   TIME(PS) =    1815.500  TEMP(K) =   298.64  PRESS =   145.5
 Etot   =    -33422.4285  EKtot   =      7071.6779  EPtot      =    -40494.1064
 BOND   =       146.1356  ANGLE   =       342.5239  DIHED      =       506.4950
 1-4 NB =       169.9668  1-4 EEL =      -341.5086  VDWAALS    =      4890.4952
 EELEC  =    -46208.2144  EHBOND  =         0.0000  RESTRAINT  =         0.0000
 EKCMT  =      3295.5702  VIRIAL  =      2928.0381  VOLUME     =    117011.3476
                                                    Density    =         1.0331
 Ewald error estimate:   0.9525E-04
 ------------------------------------------------------------------------------


 NSTEP =    98000   TIME(PS) =    1816.000  TEMP(K) =   295.40  PRESS =    88.6
 Etot   =    -33406.9372  EKtot   =      6994.9334  EPtot      =    -40401.8706
 BOND   =       165.8798  ANGLE   =       340.4915  DIHED      =       511.7728
 1-4 NB =       171.1031  1-4 EEL =      -337.6515  VDWAALS    =      4860.5334
 EELEC  =    -46113.9996  EHBOND  =         0.0000  RESTRAINT  =         0.0000
 EKCMT  =      3273.7801  VIRIAL  =      3049.8640  VOLUME     =    117024.0455
                                                    Density    =         1.0330
 Ewald error estimate:   0.2599E-04
 ------------------------------------------------------------------------------


 NSTEP =    98250   TIME(PS) =    1816.500  TEMP(K) =   296.19  PRESS =  -323.3
 Etot   =    -33392.4524  EKtot   =      7013.4937  EPtot      =    -40405.9461
 BOND   =       142.7379  ANGLE   =       356.7610  DIHED      =       520.7317
 1-4 NB =       156.1082  1-4 EEL =      -356.7076  VDWAALS    =      4720.7330
 EELEC  =    -45946.3103  EHBOND  =         0.0000  RESTRAINT  =         0.0000
 EKCMT  =      3300.1812  VIRIAL  =      4116.8992  VOLUME     =    117017.9277
                                                    Density    =         1.0331
 Ewald error estimate:   0.1147E-04
 ------------------------------------------------------------------------------


 NSTEP =    98500   TIME(PS) =    1817.000  TEMP(K) =   297.69  PRESS =   -49.6
 Etot   =    -33453.3196  EKtot   =      7049.0239  EPtot      =    -40502.3435
 BOND   =       148.6203  ANGLE   =       357.6410  DIHED      =       497.7064
 1-4 NB =       161.9639  1-4 EEL =      -364.9779  VDWAALS    =      4862.1090
 EELEC  =    -46165.4061  EHBOND  =         0.0000  RESTRAINT  =         0.0000
 EKCMT  =      3329.5675  VIRIAL  =      3454.9353  VOLUME     =    117019.8304
                                                    Density    =         1.0330
 Ewald error estimate:   0.1389E-04
 ------------------------------------------------------------------------------


 NSTEP =    98750   TIME(PS) =    1817.500  TEMP(K) =   299.27  PRESS =   -71.3
 Etot   =    -33386.8397  EKtot   =      7086.4518  EPtot      =    -40473.2915
 BOND   =       145.9324  ANGLE   =       346.0977  DIHED      =       505.6993
 1-4 NB =       172.3038  1-4 EEL =      -347.4657  VDWAALS    =      4863.3488
 EELEC  =    -46159.2079  EHBOND  =         0.0000  RESTRAINT  =         0.0000
 EKCMT  =      3331.4158  VIRIAL  =      3511.3901  VOLUME     =    116961.7167
                                                    Density    =         1.0336
 Ewald error estimate:   0.1857E-05
 ------------------------------------------------------------------------------


 NSTEP =    99000   TIME(PS) =    1818.000  TEMP(K) =   301.33  PRESS =   -82.8
 Etot   =    -33261.7925  EKtot   =      7135.3989  EPtot      =    -40397.1914
 BOND   =       158.3810  ANGLE   =       366.7359  DIHED      =       517.3644
 1-4 NB =       168.3936  1-4 EEL =      -349.8857  VDWAALS    =      4916.4893
 EELEC  =    -46174.6698  EHBOND  =         0.0000  RESTRAINT  =         0.0000
 EKCMT  =      3315.8115  VIRIAL  =      3525.1629  VOLUME     =    117057.5924
                                                    Density    =         1.0327
 Ewald error estimate:   0.1734E-03
 ------------------------------------------------------------------------------


 NSTEP =    99250   TIME(PS) =    1818.500  TEMP(K) =   302.79  PRESS =   -43.6
 Etot   =    -33191.0300  EKtot   =      7169.8328  EPtot      =    -40360.8628
 BOND   =       160.4289  ANGLE   =       351.4336  DIHED      =       517.6439
 1-4 NB =       171.0780  1-4 EEL =      -335.6643  VDWAALS    =      4895.8639
 EELEC  =    -46121.6468  EHBOND  =         0.0000  RESTRAINT  =         0.0000
 EKCMT  =      3324.0323  VIRIAL  =      3434.0536  VOLUME     =    117002.5113
                                                    Density    =         1.0332
 Ewald error estimate:   0.1393E-03
 ------------------------------------------------------------------------------


 NSTEP =    99500   TIME(PS) =    1819.000  TEMP(K) =   300.41  PRESS =  -106.9
 Etot   =    -33270.5310  EKtot   =      7113.4540  EPtot      =    -40383.9850
 BOND   =       157.7823  ANGLE   =       329.2692  DIHED      =       499.6538
 1-4 NB =       169.7178  1-4 EEL =      -343.0106  VDWAALS    =      4739.0086
 EELEC  =    -45936.4063  EHBOND  =         0.0000  RESTRAINT  =         0.0000
 EKCMT  =      3328.7153  VIRIAL  =      3598.8835  VOLUME     =    117088.8831
                                                    Density    =         1.0324
 Ewald error estimate:   0.1016E-03
 ------------------------------------------------------------------------------


 NSTEP =    99750   TIME(PS) =    1819.500  TEMP(K) =   299.39  PRESS =   195.4
 Etot   =    -33262.1582  EKtot   =      7089.4140  EPtot      =    -40351.5722
 BOND   =       166.9330  ANGLE   =       330.1515  DIHED      =       510.4968
 1-4 NB =       168.4199  1-4 EEL =      -350.3713  VDWAALS    =      4878.2608
 EELEC  =    -46055.4628  EHBOND  =         0.0000  RESTRAINT  =         0.0000
 EKCMT  =      3353.7015  VIRIAL  =      2859.5845  VOLUME     =    117144.7918
                                                    Density    =         1.0319
 Ewald error estimate:   0.2628E-03
 ------------------------------------------------------------------------------


 NSTEP =   100000   TIME(PS) =    1820.000  TEMP(K) =   300.70  PRESS =  -219.7
 Etot   =    -33296.2023  EKtot   =      7120.4281  EPtot      =    -40416.6304
 BOND   =       174.7165  ANGLE   =       345.5315  DIHED      =       516.8659
 1-4 NB =       169.6442  1-4 EEL =      -338.7846  VDWAALS    =      4764.6978
 EELEC  =    -46049.3017  EHBOND  =         0.0000  RESTRAINT  =         0.0000
 EKCMT  =      3339.7495  VIRIAL  =      3896.0939  VOLUME     =    117287.1306
                                                    Density    =         1.0307
 Ewald error estimate:   0.1735E-04
 ------------------------------------------------------------------------------


      A V E R A G E S   O V E R  100000 S T E P S


 NSTEP =   100000   TIME(PS) =    1820.000  TEMP(K) =   299.23  PRESS =     0.9
 Etot   =    -33327.1709  EKtot   =      7085.6084  EPtot      =    -40412.7793
 BOND   =       154.5990  ANGLE   =       350.4747  DIHED      =       503.8241
 1-4 NB =       170.6128  1-4 EEL =      -341.3715  VDWAALS    =      4861.7604
 EELEC  =    -46112.6786  EHBOND  =         0.0000  RESTRAINT  =         0.0000
 EKCMT  =      3316.8688  VIRIAL  =      3314.5007  VOLUME     =    116996.7315
                                                    Density    =         1.0333
 Ewald error estimate:   0.1010E-03
 ------------------------------------------------------------------------------


      R M S  F L U C T U A T I O N S


 NSTEP =   100000   TIME(PS) =    1820.000  TEMP(K) =     7.03  PRESS =   226.1
 Etot   =       419.8996  EKtot   =       166.5383  EPtot      =       273.3993
 BOND   =        10.7237  ANGLE   =        15.2770  DIHED      =         8.9321
 1-4 NB =         4.7469  1-4 EEL =        13.0612  VDWAALS    =       121.4539
 EELEC  =       355.6516  EHBOND  =         0.0000  RESTRAINT  =         0.0000
 EKCMT  =        85.1630  VIRIAL  =       553.6207  VOLUME     =       333.1603
                                                    Density    =         0.0030
 Ewald error estimate:   0.7656E-04
 ------------------------------------------------------------------------------


--------------------------------------------------------------------------------
   5.  TIMINGS
--------------------------------------------------------------------------------

|                Build the list          1994.79 (99.85% of List )
|                Other                      2.97 ( 0.15% of List )
|             List time               1997.77 (13.41% of Nonbo)
|                   Short_ene time         11036.17 (99.42% of Direc)
|                   Other                     64.93 ( 0.58% of Direc)
|                Direct Ewald time      11101.11 (86.07% of Ewald)
|                Adjust Ewald time         50.98 ( 0.40% of Ewald)
|                   Fill Bspline coeffs       66.13 ( 3.81% of Recip)
|                   Fill charge grid         157.48 ( 9.08% of Recip)
|                   Scalar sum               504.78 (29.09% of Recip)
|                   Grad sum                 341.48 (19.68% of Recip)
|                   FFT time                 665.28 (38.34% of Recip)
|                Recip Ewald time        1735.21 (13.45% of Ewald)
|                Force Adjust               1.17 ( 0.01% of Ewald)
|                Virial junk                4.38 ( 0.03% of Ewald)
|                Other                      4.57 ( 0.04% of Ewald)
|             Ewald time             12897.52 (86.59% of Nonbo)
|          Nonbond force          14895.33 (99.67% of Force)
|          Bond/Angle/Dihedral       48.44 ( 0.32% of Force)
|          Other                      1.15 ( 0.01% of Force)
|       Force time             14944.93 (97.96% of Runmd)
|       Shake time                55.28 ( 0.36% of Runmd)
|       Verlet update time       247.09 ( 1.62% of Runmd)
|       Ekcmr time                 5.89 ( 0.04% of Runmd)
|       Other                      3.12 ( 0.02% of Runmd)
|    Runmd Time             15256.30 (100.0% of Total)
| Total time             15256.38 (100.0% of ALL  )

| Number of list builds   :      10308

| Highest rstack allocated:     664033
| Highest istack allocated:      11705

| Final Performance Info:
| -----------------------------------------------------
| Average timings for all steps:
|     Elapsed(s) =   15256.30 Per Step(ms) =     152.56
|         ns/day =       1.13   seconds/ns =   76281.52
| -----------------------------------------------------

|           Job began  at 02:30:56.574  on 05/29/2026
|           Setup done at 02:30:56.644  on 05/29/2026
|           Run   done at 06:45:12.949  on 05/29/2026
|     wallclock() was called 4621029 times

|3D-RISM memory allocation summary
|Type          Maximum        Current   
|Integer       0.00000 GB     0.00000 GB
|Real          0.00000 GB     0.00000 GB
|Logical       0.00000 GB     0.00000 GB
|Character     0.00000 GB     0.00000 GB
|---------------------------------------
|Total         0.00000 GB     0.00000 GB
