
          -------------------------------------------------------
          Amber 18 SANDER                              2018
          -------------------------------------------------------

| Run on 05/28/2026 at 18:00:23

|   Executable path: /home/ando/amber/amber18/bin/sander
| Working directory: /home/test/yazawa/tutorial6
|          Hostname: Unknown
  [-O]verwriting output

File Assignments:
|  MDIN: a-dna_md_1800ps.in                                                    
| MDOUT: a-dna_md8.out                                                         
|INPCRD: a-dna_md7.ncrst                                                       
|  PARM: a-dna_wat.prmtop                                                      
|RESTRT: a-dna_md8.ncrst                                                       
|  REFC: refc                                                                  
| MDVEL: mdvel                                                                 
| MDFRC: mdfrc                                                                 
|  MDEN: mden                                                                  
| MDCRD: a-dna_md8.nc                                                          
|MDINFO: mdinfo                                                                
|  MTMD: mtmd                                                                  
|INPDIP: inpdip                                                                
|RSTDIP: rstdip                                                                
|INPTRA: inptraj                                                               


 Here is the input file:

A-DNA 10-mer: 200ps of MD                                                      
 &cntrl                                                                        
  imin = 0, irest = 1, ntx = 7,                                                
  ntb = 2, pres0 = 1.0, ntp = 1,                                               
  taup = 2.0,                                                                  
  cut = 10.0, ntr = 0,                                                         
  ntc = 2, ntf = 2,                                                            
  tempi = 300.0, temp0 = 300.0,                                                
  ntt = 3, gamma_ln = 1.0,                                                     
  nstlim = 100000, dt = 0.002,                                                 
  ntpr = 250, ntwx = 250, ntwr = 10000                                         
 /                                                                             

--------------------------------------------------------------------------------
   1.  RESOURCE   USE: 
--------------------------------------------------------------------------------

| Flags:                                                                        
 getting box info from netcdf restart file
| NetCDF restart box info found
|Largest sphere to fit in unit cell has radius =    21.788
| New format PARM file being parsed.
| Version =    1.000 Date = 05/27/26 Time = 15:52:42
 NATOM  =   11705 NTYPES =      17 NBONH =   11283 MBONA  =     452
 NTHETH =     554 MTHETA =     694 NPHIH =    1084 MPHIA  =    1326
 NHPARM =       0 NPARM  =       0 NNB   =   18294 NRES   =    3721
 NBONA  =     452 NTHETA =     694 NPHIA =    1326 NUMBND =      41
 NUMANG =      75 NPTRA  =      56 NATYP =      29 NPHB   =       1
 IFBOX  =       2 NMXRS  =      33 IFCAP =       0 NEXTRA =       0
 NCOPY  =       0


|     Memory Use     Allocated
|     Real              859321
|     Hollerith          38838
|     Integer           405322
|     Max Pairs        6742080
|     nblistReal        140460
|     nblist Int        358030
|       Total            37280 kbytes

| Note: 1-4 EEL scale factors are being read from the topology file.

| Note: 1-4 VDW scale factors are being read from the topology file.
| Duplicated    0 dihedrals
| Duplicated    0 dihedrals

     BOX TYPE: TRUNCATED OCTAHEDRON

--------------------------------------------------------------------------------
   2.  CONTROL  DATA  FOR  THE  RUN
--------------------------------------------------------------------------------

default_name                                                                    

General flags:
     imin    =       0, nmropt  =       0

Nature and format of input:
     ntx     =       7, irest   =       1, ntrx    =       1

Nature and format of output:
     ntxo    =       2, ntpr    =     250, ntrx    =       1, ntwr    =   10000
     iwrap   =       0, ntwx    =     250, ntwv    =       0, ntwe    =       0
     ioutfm  =       1, ntwprt  =       0, idecomp =       0, rbornstat=      0

Potential function:
     ntf     =       2, ntb     =       2, igb     =       0, nsnb    =      25
     ipol    =       0, gbsa    =       0, iesp    =       0
     dielc   =   1.00000, cut     =  10.00000, intdiel =   1.00000

Frozen or restrained atoms:
     ibelly  =       0, ntr     =       0

Molecular dynamics:
     nstlim  =    100000, nscm    =      1000, nrespa  =         1
     t       =   0.00000, dt      =   0.00200, vlimit  =  20.00000

Langevin dynamics temperature regulation:
     ig      =   71277
     temp0   = 300.00000, tempi   = 300.00000, gamma_ln=   1.00000

Pressure regulation:
     ntp     =       1
     pres0   =   1.00000, comp    =  44.60000, taup    =   2.00000

SHAKE:
     ntc     =       2, jfastw  =       0
     tol     =   0.00001

Ewald parameters:
     verbose =       0, ew_type =       0, nbflag  =       1, use_pme =       1
     vdwmeth =       1, eedmeth =       1, netfrc  =       1
     Box X =   53.370   Box Y =   53.370   Box Z =   53.370
     Alpha =  109.471   Beta  =  109.471   Gamma =  109.471
     NFFT1 =   54       NFFT2 =   54       NFFT3 =   54
     Cutoff=   10.000   Tol   =0.100E-04
     Ewald Coefficient =  0.27511
     Interpolation order =    4
|  INFO: Old style inpcrd file read


--------------------------------------------------------------------------------
   3.  ATOMIC COORDINATES AND VELOCITIES
--------------------------------------------------------------------------------

default_name                                                                    
 begin time read from input coords =  1220.000 ps

 Number of triangulated 3-point waters found:     3683

     Sum of charges from parm topology file =   0.00000008
     Forcing neutrality...

--------------------------------------------------------------------------------
   4.  RESULTS
--------------------------------------------------------------------------------

|  # of SOLUTE  degrees of freedom (RNDFP):   23832.
|  # of SOLVENT degrees of freedom (RNDFS):       0.
|  NDFMIN =   23832.     NUM_NOSHAKE =      0     CORRECTED RNDFP =   23832.
|  TOTAL # of degrees of freedom (RNDF) =   23832.
 ---------------------------------------------------
 APPROXIMATING switch and d/dx switch using CUBIC SPLINE INTERPOLATION
 using   5000.0 points per unit in tabled values
 TESTING RELATIVE ERROR over r ranging from 0.0 to cutoff
| CHECK switch(x): max rel err =   0.2738E-14   at   2.422500
| CHECK d/dx switch(x): max rel err =   0.8314E-11   at   2.736960
 ---------------------------------------------------
| Local SIZE OF NONBOND LIST =    4220208
| TOTAL SIZE OF NONBOND LIST =    4220208

 NSTEP =      250   TIME(PS) =    1220.500  TEMP(K) =   230.02  PRESS =  -381.5
 Etot   =    -38159.9189  EKtot   =      5446.6783  EPtot      =    -43606.5972
 BOND   =       110.1381  ANGLE   =       291.3041  DIHED      =       480.1129
 1-4 NB =       164.8559  1-4 EEL =      -351.9900  VDWAALS    =      5806.3162
 EELEC  =    -50107.3343  EHBOND  =         0.0000  RESTRAINT  =         0.0000
 EKCMT  =      2621.4349  VIRIAL  =      3570.9516  VOLUME     =    115284.7592
                                                    Density    =         1.0486
 Ewald error estimate:   0.9143E-04
 ------------------------------------------------------------------------------


 NSTEP =      500   TIME(PS) =    1221.000  TEMP(K) =   249.15  PRESS =  -222.2
 Etot   =    -36821.9812  EKtot   =      5899.7757  EPtot      =    -42721.7569
 BOND   =       130.2828  ANGLE   =       308.7470  DIHED      =       488.0636
 1-4 NB =       168.9746  1-4 EEL =      -347.6449  VDWAALS    =      5688.5688
 EELEC  =    -49158.7489  EHBOND  =         0.0000  RESTRAINT  =         0.0000
 EKCMT  =      2822.0184  VIRIAL  =      3374.3625  VOLUME     =    115134.6060
                                                    Density    =         1.0500
 Ewald error estimate:   0.7565E-04
 ------------------------------------------------------------------------------


 NSTEP =      750   TIME(PS) =    1221.500  TEMP(K) =   267.14  PRESS =   239.5
 Etot   =    -35777.0978  EKtot   =      6325.7305  EPtot      =    -42102.8283
 BOND   =       143.8045  ANGLE   =       307.5947  DIHED      =       490.2923
 1-4 NB =       163.5522  1-4 EEL =      -338.3820  VDWAALS    =      5643.7107
 EELEC  =    -48513.4007  EHBOND  =         0.0000  RESTRAINT  =         0.0000
 EKCMT  =      2918.3879  VIRIAL  =      2323.4109  VOLUME     =    115071.9266
                                                    Density    =         1.0505
 Ewald error estimate:   0.1022E-03
 ------------------------------------------------------------------------------


 NSTEP =     1000   TIME(PS) =    1222.000  TEMP(K) =   276.07  PRESS =   338.4
 Etot   =    -35130.6769  EKtot   =      6537.2114  EPtot      =    -41667.8882
 BOND   =       143.0126  ANGLE   =       327.4134  DIHED      =       511.1039
 1-4 NB =       171.5416  1-4 EEL =      -337.0916  VDWAALS    =      5404.2784
 EELEC  =    -47888.1465  EHBOND  =         0.0000  RESTRAINT  =         0.0000
 EKCMT  =      3027.6024  VIRIAL  =      2185.7942  VOLUME     =    115207.6601
                                                    Density    =         1.0493
 Ewald error estimate:   0.2430E-04
 ------------------------------------------------------------------------------


 NSTEP =     1250   TIME(PS) =    1222.500  TEMP(K) =   278.92  PRESS =   -78.3
 Etot   =    -34767.0407  EKtot   =      6604.6256  EPtot      =    -41371.6664
 BOND   =       136.7457  ANGLE   =       353.9013  DIHED      =       504.7687
 1-4 NB =       167.4606  1-4 EEL =      -351.0677  VDWAALS    =      5181.9013
 EELEC  =    -47365.3762  EHBOND  =         0.0000  RESTRAINT  =         0.0000
 EKCMT  =      3079.2460  VIRIAL  =      3273.9416  VOLUME     =    115199.3730
                                                    Density    =         1.0494
 Ewald error estimate:   0.1571E-03
 ------------------------------------------------------------------------------


 NSTEP =     1500   TIME(PS) =    1223.000  TEMP(K) =   285.21  PRESS =   114.6
 Etot   =    -34343.7819  EKtot   =      6753.6414  EPtot      =    -41097.4233
 BOND   =       151.8541  ANGLE   =       348.9561  DIHED      =       502.5149
 1-4 NB =       168.8252  1-4 EEL =      -354.5967  VDWAALS    =      5116.1644
 EELEC  =    -47031.1415  EHBOND  =         0.0000  RESTRAINT  =         0.0000
 EKCMT  =      3175.9032  VIRIAL  =      2890.2467  VOLUME     =    115450.6717
                                                    Density    =         1.0471
 Ewald error estimate:   0.1209E-03
 ------------------------------------------------------------------------------


 NSTEP =     1750   TIME(PS) =    1223.500  TEMP(K) =   293.80  PRESS =  -102.9
 Etot   =    -34025.5282  EKtot   =      6957.0396  EPtot      =    -40982.5678
 BOND   =       156.6452  ANGLE   =       352.7870  DIHED      =       488.2653
 1-4 NB =       175.0917  1-4 EEL =      -338.2595  VDWAALS    =      5038.4843
 EELEC  =    -46855.5817  EHBOND  =         0.0000  RESTRAINT  =         0.0000
 EKCMT  =      3262.3791  VIRIAL  =      3519.0540  VOLUME     =    115533.7615
                                                    Density    =         1.0463
 Ewald error estimate:   0.1209E-03
 ------------------------------------------------------------------------------


 NSTEP =     2000   TIME(PS) =    1224.000  TEMP(K) =   299.34  PRESS =  -125.5
 Etot   =    -33735.0242  EKtot   =      7088.1130  EPtot      =    -40823.1372
 BOND   =       145.8900  ANGLE   =       348.9883  DIHED      =       494.7051
 1-4 NB =       166.5077  1-4 EEL =      -343.7910  VDWAALS    =      4942.4173
 EELEC  =    -46577.8547  EHBOND  =         0.0000  RESTRAINT  =         0.0000
 EKCMT  =      3314.7552  VIRIAL  =      3628.5666  VOLUME     =    115854.3807
                                                    Density    =         1.0434
 Ewald error estimate:   0.1198E-03
 ------------------------------------------------------------------------------


 NSTEP =     2250   TIME(PS) =    1224.500  TEMP(K) =   292.61  PRESS =   578.2
 Etot   =    -33694.0638  EKtot   =      6928.8854  EPtot      =    -40622.9491
 BOND   =       151.9723  ANGLE   =       358.3147  DIHED      =       487.3568
 1-4 NB =       167.2155  1-4 EEL =      -337.7247  VDWAALS    =      5171.5545
 EELEC  =    -46621.6382  EHBOND  =         0.0000  RESTRAINT  =         0.0000
 EKCMT  =      3247.5582  VIRIAL  =      1798.7674  VOLUME     =    116044.1285
                                                    Density    =         1.0417
 Ewald error estimate:   0.1123E-03
 ------------------------------------------------------------------------------


 NSTEP =     2500   TIME(PS) =    1225.000  TEMP(K) =   292.84  PRESS =    87.6
 Etot   =    -33637.3562  EKtot   =      6934.3804  EPtot      =    -40571.7367
 BOND   =       156.9921  ANGLE   =       349.2200  DIHED      =       504.0822
 1-4 NB =       166.3000  1-4 EEL =      -339.9685  VDWAALS    =      4854.9582
 EELEC  =    -46263.3206  EHBOND  =         0.0000  RESTRAINT  =         0.0000
 EKCMT  =      3195.0774  VIRIAL  =      2975.6439  VOLUME     =    116050.3591
                                                    Density    =         1.0417
 Ewald error estimate:   0.1466E-03
 ------------------------------------------------------------------------------


 NSTEP =     2750   TIME(PS) =    1225.500  TEMP(K) =   300.44  PRESS =   156.0
 Etot   =    -33536.1919  EKtot   =      7114.3011  EPtot      =    -40650.4929
 BOND   =       168.4080  ANGLE   =       357.4315  DIHED      =       515.8336
 1-4 NB =       168.5460  1-4 EEL =      -372.5452  VDWAALS    =      4923.8044
 EELEC  =    -46411.9712  EHBOND  =         0.0000  RESTRAINT  =         0.0000
 EKCMT  =      3382.0513  VIRIAL  =      2990.8039  VOLUME     =    116170.3001
                                                    Density    =         1.0406
 Ewald error estimate:   0.6683E-04
 ------------------------------------------------------------------------------


 NSTEP =     3000   TIME(PS) =    1226.000  TEMP(K) =   297.87  PRESS =   109.2
 Etot   =    -33558.2239  EKtot   =      7053.2605  EPtot      =    -40611.4844
 BOND   =       152.3444  ANGLE   =       340.5832  DIHED      =       505.7608
 1-4 NB =       174.2661  1-4 EEL =      -361.9041  VDWAALS    =      4945.9126
 EELEC  =    -46368.4475  EHBOND  =         0.0000  RESTRAINT  =         0.0000
 EKCMT  =      3306.5266  VIRIAL  =      3032.3870  VOLUME     =    116225.5806
                                                    Density    =         1.0401
 Ewald error estimate:   0.6763E-04
 ------------------------------------------------------------------------------


 NSTEP =     3250   TIME(PS) =    1226.500  TEMP(K) =   301.75  PRESS =  -139.0
 Etot   =    -33428.6385  EKtot   =      7145.2199  EPtot      =    -40573.8584
 BOND   =       164.2084  ANGLE   =       338.7483  DIHED      =       513.8078
 1-4 NB =       166.6168  1-4 EEL =      -364.5367  VDWAALS    =      4826.0620
 EELEC  =    -46218.7650  EHBOND  =         0.0000  RESTRAINT  =         0.0000
 EKCMT  =      3350.9936  VIRIAL  =      3699.9483  VOLUME     =    116292.9499
                                                    Density    =         1.0395
 Ewald error estimate:   0.2118E-04
 ------------------------------------------------------------------------------


 NSTEP =     3500   TIME(PS) =    1227.000  TEMP(K) =   298.88  PRESS =    42.8
 Etot   =    -33323.5849  EKtot   =      7077.3726  EPtot      =    -40400.9575
 BOND   =       148.9241  ANGLE   =       350.9453  DIHED      =       497.9110
 1-4 NB =       173.1317  1-4 EEL =      -354.6762  VDWAALS    =      4926.3957
 EELEC  =    -46143.5891  EHBOND  =         0.0000  RESTRAINT  =         0.0000
 EKCMT  =      3318.4407  VIRIAL  =      3210.9883  VOLUME     =    116410.4186
                                                    Density    =         1.0385
 Ewald error estimate:   0.6740E-04
 ------------------------------------------------------------------------------


 NSTEP =     3750   TIME(PS) =    1227.500  TEMP(K) =   299.85  PRESS =   128.4
 Etot   =    -33281.2712  EKtot   =      7100.3367  EPtot      =    -40381.6079
 BOND   =       155.0210  ANGLE   =       370.7598  DIHED      =       508.7322
 1-4 NB =       172.5307  1-4 EEL =      -343.1188  VDWAALS    =      4884.4374
 EELEC  =    -46129.9703  EHBOND  =         0.0000  RESTRAINT  =         0.0000
 EKCMT  =      3353.6187  VIRIAL  =      3030.8228  VOLUME     =    116472.5462
                                                    Density    =         1.0379
 Ewald error estimate:   0.1415E-03
 ------------------------------------------------------------------------------


 NSTEP =     4000   TIME(PS) =    1228.000  TEMP(K) =   302.10  PRESS =    13.7
 Etot   =    -33370.4511  EKtot   =      7153.4740  EPtot      =    -40523.9251
 BOND   =       138.5082  ANGLE   =       342.9121  DIHED      =       512.1277
 1-4 NB =       169.4001  1-4 EEL =      -343.2709  VDWAALS    =      4856.7952
 EELEC  =    -46200.3975  EHBOND  =         0.0000  RESTRAINT  =         0.0000
 EKCMT  =      3325.3273  VIRIAL  =      3290.8671  VOLUME     =    116763.8733
                                                    Density    =         1.0353
 Ewald error estimate:   0.1091E-04
 ------------------------------------------------------------------------------


 NSTEP =     4250   TIME(PS) =    1228.500  TEMP(K) =   299.72  PRESS =    53.6
 Etot   =    -33300.1190  EKtot   =      7097.0732  EPtot      =    -40397.1922
 BOND   =       166.1699  ANGLE   =       364.1196  DIHED      =       516.3520
 1-4 NB =       172.8526  1-4 EEL =      -357.4883  VDWAALS    =      4836.5659
 EELEC  =    -46095.7640  EHBOND  =         0.0000  RESTRAINT  =         0.0000
 EKCMT  =      3277.5135  VIRIAL  =      3142.1017  VOLUME     =    116993.9325
                                                    Density    =         1.0333
 Ewald error estimate:   0.6396E-04
 ------------------------------------------------------------------------------


 NSTEP =     4500   TIME(PS) =    1229.000  TEMP(K) =   299.59  PRESS =   -21.1
 Etot   =    -33339.4467  EKtot   =      7094.1503  EPtot      =    -40433.5969
 BOND   =       155.5032  ANGLE   =       349.1905  DIHED      =       500.6960
 1-4 NB =       163.1018  1-4 EEL =      -354.5951  VDWAALS    =      4819.4201
 EELEC  =    -46066.9133  EHBOND  =         0.0000  RESTRAINT  =         0.0000
 EKCMT  =      3345.9600  VIRIAL  =      3399.3706  VOLUME     =    117002.0241
                                                    Density    =         1.0332
 Ewald error estimate:   0.2934E-04
 ------------------------------------------------------------------------------


 NSTEP =     4750   TIME(PS) =    1229.500  TEMP(K) =   297.60  PRESS =   -97.8
 Etot   =    -33341.3591  EKtot   =      7046.9500  EPtot      =    -40388.3091
 BOND   =       164.5255  ANGLE   =       375.8146  DIHED      =       493.1410
 1-4 NB =       167.4215  1-4 EEL =      -362.1610  VDWAALS    =      4770.4788
 EELEC  =    -45997.5295  EHBOND  =         0.0000  RESTRAINT  =         0.0000
 EKCMT  =      3298.0815  VIRIAL  =      3545.1038  VOLUME     =    116989.1413
                                                    Density    =         1.0333
 Ewald error estimate:   0.1240E-03
 ------------------------------------------------------------------------------


 NSTEP =     5000   TIME(PS) =    1230.000  TEMP(K) =   299.55  PRESS =    64.5
 Etot   =    -33176.7784  EKtot   =      7093.1593  EPtot      =    -40269.9377
 BOND   =       146.9646  ANGLE   =       337.4558  DIHED      =       507.9933
 1-4 NB =       174.5030  1-4 EEL =      -321.9704  VDWAALS    =      4842.1154
 EELEC  =    -45956.9994  EHBOND  =         0.0000  RESTRAINT  =         0.0000
 EKCMT  =      3285.3511  VIRIAL  =      3122.5135  VOLUME     =    116885.6780
                                                    Density    =         1.0342
 Ewald error estimate:   0.3725E-04
 ------------------------------------------------------------------------------


 NSTEP =     5250   TIME(PS) =    1230.500  TEMP(K) =   302.76  PRESS =   -35.4
 Etot   =    -33139.9302  EKtot   =      7169.2069  EPtot      =    -40309.1372
 BOND   =       157.4545  ANGLE   =       353.7019  DIHED      =       499.7073
 1-4 NB =       157.8235  1-4 EEL =      -347.7810  VDWAALS    =      4847.8015
 EELEC  =    -45977.8448  EHBOND  =         0.0000  RESTRAINT  =         0.0000
 EKCMT  =      3334.9632  VIRIAL  =      3424.3000  VOLUME     =    116807.1592
                                                    Density    =         1.0349
 Ewald error estimate:   0.1874E-03
 ------------------------------------------------------------------------------


 NSTEP =     5500   TIME(PS) =    1231.000  TEMP(K) =   298.84  PRESS =   -57.3
 Etot   =    -33211.4722  EKtot   =      7076.3579  EPtot      =    -40287.8301
 BOND   =       156.5735  ANGLE   =       363.0996  DIHED      =       513.7950
 1-4 NB =       172.0866  1-4 EEL =      -345.4247  VDWAALS    =      4794.1586
 EELEC  =    -45942.1187  EHBOND  =         0.0000  RESTRAINT  =         0.0000
 EKCMT  =      3308.8340  VIRIAL  =      3453.6163  VOLUME     =    116944.1865
                                                    Density    =         1.0337
 Ewald error estimate:   0.9009E-04
 ------------------------------------------------------------------------------


 NSTEP =     5750   TIME(PS) =    1231.500  TEMP(K) =   304.14  PRESS =  -210.9
 Etot   =    -33211.0287  EKtot   =      7201.7652  EPtot      =    -40412.7939
 BOND   =       157.6308  ANGLE   =       343.0944  DIHED      =       499.3726
 1-4 NB =       176.6060  1-4 EEL =      -328.8717  VDWAALS    =      4790.3944
 EELEC  =    -46051.0206  EHBOND  =         0.0000  RESTRAINT  =         0.0000
 EKCMT  =      3318.1992  VIRIAL  =      3851.3737  VOLUME     =    117079.7634
                                                    Density    =         1.0325
 Ewald error estimate:   0.1544E-03
 ------------------------------------------------------------------------------


 NSTEP =     6000   TIME(PS) =    1232.000  TEMP(K) =   301.02  PRESS =  -465.9
 Etot   =    -33223.4530  EKtot   =      7128.0756  EPtot      =    -40351.5286
 BOND   =       166.0539  ANGLE   =       377.8002  DIHED      =       504.6820
 1-4 NB =       170.3698  1-4 EEL =      -346.1047  VDWAALS    =      4673.4057
 EELEC  =    -45897.7355  EHBOND  =         0.0000  RESTRAINT  =         0.0000
 EKCMT  =      3368.8410  VIRIAL  =      4545.0094  VOLUME     =    116927.9831
                                                    Density    =         1.0339
 Ewald error estimate:   0.2268E-03
 ------------------------------------------------------------------------------


 NSTEP =     6250   TIME(PS) =    1232.500  TEMP(K) =   300.47  PRESS =   -87.5
 Etot   =    -33316.4780  EKtot   =      7114.9108  EPtot      =    -40431.3888
 BOND   =       151.1704  ANGLE   =       336.5892  DIHED      =       492.5439
 1-4 NB =       168.3314  1-4 EEL =      -342.4704  VDWAALS    =      4869.6023
 EELEC  =    -46107.1556  EHBOND  =         0.0000  RESTRAINT  =         0.0000
 EKCMT  =      3302.3579  VIRIAL  =      3522.9211  VOLUME     =    116748.4547
                                                    Density    =         1.0354
 Ewald error estimate:   0.4088E-04
 ------------------------------------------------------------------------------


 NSTEP =     6500   TIME(PS) =    1233.000  TEMP(K) =   301.46  PRESS =    42.7
 Etot   =    -33152.4043  EKtot   =      7138.2978  EPtot      =    -40290.7021
 BOND   =       138.6300  ANGLE   =       350.7238  DIHED      =       500.1203
 1-4 NB =       168.7166  1-4 EEL =      -349.6245  VDWAALS    =      4754.4550
 EELEC  =    -45853.7234  EHBOND  =         0.0000  RESTRAINT  =         0.0000
 EKCMT  =      3286.1632  VIRIAL  =      3178.4469  VOLUME     =    116709.8729
                                                    Density    =         1.0358
 Ewald error estimate:   0.1382E-03
 ------------------------------------------------------------------------------


 NSTEP =     6750   TIME(PS) =    1233.500  TEMP(K) =   301.47  PRESS =    49.4
 Etot   =    -33158.6289  EKtot   =      7138.5798  EPtot      =    -40297.2086
 BOND   =       142.3172  ANGLE   =       346.4433  DIHED      =       494.3090
 1-4 NB =       171.3869  1-4 EEL =      -346.0083  VDWAALS    =      4810.9253
 EELEC  =    -45916.5820  EHBOND  =         0.0000  RESTRAINT  =         0.0000
 EKCMT  =      3300.4526  VIRIAL  =      3175.9569  VOLUME     =    116760.5400
                                                    Density    =         1.0353
 Ewald error estimate:   0.7501E-04
 ------------------------------------------------------------------------------


 NSTEP =     7000   TIME(PS) =    1234.000  TEMP(K) =   301.20  PRESS =  -184.7
 Etot   =    -33201.9207  EKtot   =      7132.2661  EPtot      =    -40334.1867
 BOND   =       159.3854  ANGLE   =       375.9530  DIHED      =       496.0257
 1-4 NB =       169.0536  1-4 EEL =      -332.6789  VDWAALS    =      4747.2009
 EELEC  =    -45949.1264  EHBOND  =         0.0000  RESTRAINT  =         0.0000
 EKCMT  =      3345.6472  VIRIAL  =      3811.3648  VOLUME     =    116805.1734
                                                    Density    =         1.0349
 Ewald error estimate:   0.2069E-03
 ------------------------------------------------------------------------------


 NSTEP =     7250   TIME(PS) =    1234.500  TEMP(K) =   301.06  PRESS =  -160.8
 Etot   =    -33271.2791  EKtot   =      7128.9926  EPtot      =    -40400.2717
 BOND   =       158.4819  ANGLE   =       359.1493  DIHED      =       506.6086
 1-4 NB =       164.2875  1-4 EEL =      -354.9549  VDWAALS    =      4828.2660
 EELEC  =    -46062.1101  EHBOND  =         0.0000  RESTRAINT  =         0.0000
 EKCMT  =      3331.0572  VIRIAL  =      3736.4398  VOLUME     =    116794.7516
                                                    Density    =         1.0350
 Ewald error estimate:   0.1107E-03
 ------------------------------------------------------------------------------


 NSTEP =     7500   TIME(PS) =    1235.000  TEMP(K) =   301.31  PRESS =  -271.9
 Etot   =    -33290.7714  EKtot   =      7134.7988  EPtot      =    -40425.5701
 BOND   =       171.2793  ANGLE   =       353.9596  DIHED      =       498.1661
 1-4 NB =       174.5333  1-4 EEL =      -348.9708  VDWAALS    =      4761.4349
 EELEC  =    -46035.9726  EHBOND  =         0.0000  RESTRAINT  =         0.0000
 EKCMT  =      3379.8562  VIRIAL  =      4065.0156  VOLUME     =    116724.4598
                                                    Density    =         1.0357
 Ewald error estimate:   0.2385E-04
 ------------------------------------------------------------------------------


 NSTEP =     7750   TIME(PS) =    1235.500  TEMP(K) =   303.82  PRESS =   -93.8
 Etot   =    -33219.4616  EKtot   =      7194.1760  EPtot      =    -40413.6376
 BOND   =       140.7702  ANGLE   =       354.5881  DIHED      =       512.9589
 1-4 NB =       162.3944  1-4 EEL =      -348.9320  VDWAALS    =      4780.0186
 EELEC  =    -46015.4358  EHBOND  =         0.0000  RESTRAINT  =         0.0000
 EKCMT  =      3324.2866  VIRIAL  =      3561.0480  VOLUME     =    116873.8445
                                                    Density    =         1.0343
 Ewald error estimate:   0.1072E-03
 ------------------------------------------------------------------------------


 NSTEP =     8000   TIME(PS) =    1236.000  TEMP(K) =   300.55  PRESS =     8.2
 Etot   =    -33317.5975  EKtot   =      7116.9038  EPtot      =    -40434.5013
 BOND   =       171.2651  ANGLE   =       348.5819  DIHED      =       519.1118
 1-4 NB =       170.1269  1-4 EEL =      -360.3593  VDWAALS    =      4890.0442
 EELEC  =    -46173.2719  EHBOND  =         0.0000  RESTRAINT  =         0.0000
 EKCMT  =      3326.6783  VIRIAL  =      3306.1062  VOLUME     =    116807.8264
                                                    Density    =         1.0349
 Ewald error estimate:   0.7413E-04
 ------------------------------------------------------------------------------


 NSTEP =     8250   TIME(PS) =    1236.500  TEMP(K) =   299.09  PRESS =  -213.4
 Etot   =    -33376.4788  EKtot   =      7082.2061  EPtot      =    -40458.6849
 BOND   =       163.6496  ANGLE   =       354.7394  DIHED      =       508.2457
 1-4 NB =       168.6508  1-4 EEL =      -350.8109  VDWAALS    =      4792.9676
 EELEC  =    -46096.1272  EHBOND  =         0.0000  RESTRAINT  =         0.0000
 EKCMT  =      3327.8661  VIRIAL  =      3866.6207  VOLUME     =    116934.9708
                                                    Density    =         1.0338
 Ewald error estimate:   0.2033E-03
 ------------------------------------------------------------------------------


 NSTEP =     8500   TIME(PS) =    1237.000  TEMP(K) =   300.98  PRESS =   430.7
 Etot   =    -33295.3438  EKtot   =      7126.9892  EPtot      =    -40422.3330
 BOND   =       142.4288  ANGLE   =       351.4128  DIHED      =       506.6445
 1-4 NB =       168.5606  1-4 EEL =      -336.6354  VDWAALS    =      4993.1811
 EELEC  =    -46247.9253  EHBOND  =         0.0000  RESTRAINT  =         0.0000
 EKCMT  =      3348.5401  VIRIAL  =      2260.7414  VOLUME     =    116973.1172
                                                    Density    =         1.0335
 Ewald error estimate:   0.2734E-04
 ------------------------------------------------------------------------------


 NSTEP =     8750   TIME(PS) =    1237.500  TEMP(K) =   303.29  PRESS =  -189.2
 Etot   =    -33165.9297  EKtot   =      7181.6651  EPtot      =    -40347.5948
 BOND   =       157.8878  ANGLE   =       339.3327  DIHED      =       507.8360
 1-4 NB =       170.8139  1-4 EEL =      -347.9226  VDWAALS    =      4848.9686
 EELEC  =    -46024.5110  EHBOND  =         0.0000  RESTRAINT  =         0.0000
 EKCMT  =      3349.8424  VIRIAL  =      3827.4796  VOLUME     =    116902.1496
                                                    Density    =         1.0341
 Ewald error estimate:   0.1519E-03
 ------------------------------------------------------------------------------


 NSTEP =     9000   TIME(PS) =    1238.000  TEMP(K) =   303.34  PRESS =   212.9
 Etot   =    -33206.9361  EKtot   =      7182.7976  EPtot      =    -40389.7337
 BOND   =       153.7956  ANGLE   =       357.1102  DIHED      =       509.6562
 1-4 NB =       165.0107  1-4 EEL =      -347.7169  VDWAALS    =      4878.0618
 EELEC  =    -46105.6512  EHBOND  =         0.0000  RESTRAINT  =         0.0000
 EKCMT  =      3342.7791  VIRIAL  =      2805.4209  VOLUME     =    116906.4253
                                                    Density    =         1.0340
 Ewald error estimate:   0.1108E-03
 ------------------------------------------------------------------------------


 NSTEP =     9250   TIME(PS) =    1238.500  TEMP(K) =   299.19  PRESS =  -180.2
 Etot   =    -33262.4693  EKtot   =      7084.5293  EPtot      =    -40346.9986
 BOND   =       133.1114  ANGLE   =       329.3234  DIHED      =       501.9729
 1-4 NB =       170.8573  1-4 EEL =      -333.9086  VDWAALS    =      4812.9157
 EELEC  =    -45961.2706  EHBOND  =         0.0000  RESTRAINT  =         0.0000
 EKCMT  =      3282.2827  VIRIAL  =      3737.1053  VOLUME     =    116928.9619
                                                    Density    =         1.0338
 Ewald error estimate:   0.1432E-03
 ------------------------------------------------------------------------------


 NSTEP =     9500   TIME(PS) =    1239.000  TEMP(K) =   295.60  PRESS =    93.7
 Etot   =    -33311.8945  EKtot   =      6999.5783  EPtot      =    -40311.4728
 BOND   =       143.9392  ANGLE   =       367.1009  DIHED      =       498.0922
 1-4 NB =       168.3966  1-4 EEL =      -355.3139  VDWAALS    =      4800.7589
 EELEC  =    -45934.4467  EHBOND  =         0.0000  RESTRAINT  =         0.0000
 EKCMT  =      3281.0557  VIRIAL  =      3044.3225  VOLUME     =    117054.9805
                                                    Density    =         1.0327
 Ewald error estimate:   0.2012E-03
 ------------------------------------------------------------------------------


 NSTEP =     9750   TIME(PS) =    1239.500  TEMP(K) =   299.35  PRESS =    29.0
 Etot   =    -33446.2153  EKtot   =      7088.4833  EPtot      =    -40534.6986
 BOND   =       146.4635  ANGLE   =       328.7768  DIHED      =       501.4355
 1-4 NB =       180.5326  1-4 EEL =      -343.4559  VDWAALS    =      4974.7632
 EELEC  =    -46323.2143  EHBOND  =         0.0000  RESTRAINT  =         0.0000
 EKCMT  =      3262.2217  VIRIAL  =      3188.9254  VOLUME     =    116937.5746
                                                    Density    =         1.0338
 Ewald error estimate:   0.7862E-04
 ------------------------------------------------------------------------------


 NSTEP =    10000   TIME(PS) =    1240.000  TEMP(K) =   300.06  PRESS =  -348.9
 Etot   =    -33465.1337  EKtot   =      7105.2919  EPtot      =    -40570.4256
 BOND   =       161.2060  ANGLE   =       329.2794  DIHED      =       501.8339
 1-4 NB =       165.4516  1-4 EEL =      -356.3049  VDWAALS    =      4915.7198
 EELEC  =    -46287.6113  EHBOND  =         0.0000  RESTRAINT  =         0.0000
 EKCMT  =      3309.4436  VIRIAL  =      4190.3000  VOLUME     =    116928.5235
                                                    Density    =         1.0339
 Ewald error estimate:   0.1672E-03
 ------------------------------------------------------------------------------


 NSTEP =    10250   TIME(PS) =    1240.500  TEMP(K) =   298.47  PRESS =  -299.5
 Etot   =    -33459.7706  EKtot   =      7067.6890  EPtot      =    -40527.4596
 BOND   =       164.5647  ANGLE   =       362.7925  DIHED      =       520.7157
 1-4 NB =       175.7716  1-4 EEL =      -360.4124  VDWAALS    =      4731.3146
 EELEC  =    -46122.2063  EHBOND  =         0.0000  RESTRAINT  =         0.0000
 EKCMT  =      3330.7462  VIRIAL  =      4086.2295  VOLUME     =    116821.5811
                                                    Density    =         1.0348
 Ewald error estimate:   0.6967E-06
 ------------------------------------------------------------------------------


 NSTEP =    10500   TIME(PS) =    1241.000  TEMP(K) =   299.25  PRESS =    65.8
 Etot   =    -33395.2192  EKtot   =      7086.0419  EPtot      =    -40481.2611
 BOND   =       150.8976  ANGLE   =       373.5282  DIHED      =       500.2855
 1-4 NB =       166.2519  1-4 EEL =      -351.2907  VDWAALS    =      4897.7875
 EELEC  =    -46218.7209  EHBOND  =         0.0000  RESTRAINT  =         0.0000
 EKCMT  =      3303.9921  VIRIAL  =      3137.8460  VOLUME     =    116905.9557
                                                    Density    =         1.0341
 Ewald error estimate:   0.1150E-04
 ------------------------------------------------------------------------------


 NSTEP =    10750   TIME(PS) =    1241.500  TEMP(K) =   299.53  PRESS =  -241.5
 Etot   =    -33500.8915  EKtot   =      7092.6778  EPtot      =    -40593.5693
 BOND   =       157.9482  ANGLE   =       366.6769  DIHED      =       490.7618
 1-4 NB =       178.1578  1-4 EEL =      -352.6553  VDWAALS    =      4893.7395
 EELEC  =    -46328.1982  EHBOND  =         0.0000  RESTRAINT  =         0.0000
 EKCMT  =      3299.5648  VIRIAL  =      3909.8422  VOLUME     =    117031.1810
                                                    Density    =         1.0329
 Ewald error estimate:   0.2447E-04
 ------------------------------------------------------------------------------


 NSTEP =    11000   TIME(PS) =    1242.000  TEMP(K) =   296.57  PRESS =   229.1
 Etot   =    -33449.8766  EKtot   =      7022.6766  EPtot      =    -40472.5532
 BOND   =       168.2676  ANGLE   =       355.3942  DIHED      =       495.9355
 1-4 NB =       168.7226  1-4 EEL =      -347.6764  VDWAALS    =      4973.4845
 EELEC  =    -46286.6812  EHBOND  =         0.0000  RESTRAINT  =         0.0000
 EKCMT  =      3247.3922  VIRIAL  =      2667.8595  VOLUME     =    117181.4310
                                                    Density    =         1.0316
 Ewald error estimate:   0.2263E-03
 ------------------------------------------------------------------------------


 NSTEP =    11250   TIME(PS) =    1242.500  TEMP(K) =   297.75  PRESS =  -338.3
 Etot   =    -33401.9258  EKtot   =      7050.5729  EPtot      =    -40452.4987
 BOND   =       141.9380  ANGLE   =       370.9416  DIHED      =       489.2492
 1-4 NB =       168.3870  1-4 EEL =      -385.8222  VDWAALS    =      4698.2771
 EELEC  =    -45935.4694  EHBOND  =         0.0000  RESTRAINT  =         0.0000
 EKCMT  =      3307.4604  VIRIAL  =      4162.8591  VOLUME     =    117091.6674
                                                    Density    =         1.0324
 Ewald error estimate:   0.1695E-03
 ------------------------------------------------------------------------------


 NSTEP =    11500   TIME(PS) =    1243.000  TEMP(K) =   298.23  PRESS =  -273.7
 Etot   =    -33267.7378  EKtot   =      7061.9851  EPtot      =    -40329.7229
 BOND   =       155.3433  ANGLE   =       354.6182  DIHED      =       513.0586
 1-4 NB =       171.9801  1-4 EEL =      -358.6358  VDWAALS    =      4754.4633
 EELEC  =    -45920.5506  EHBOND  =         0.0000  RESTRAINT  =         0.0000
 EKCMT  =      3300.3200  VIRIAL  =      3992.7270  VOLUME     =    117155.0023
                                                    Density    =         1.0319
 Ewald error estimate:   0.4198E-04
 ------------------------------------------------------------------------------


 NSTEP =    11750   TIME(PS) =    1243.500  TEMP(K) =   298.80  PRESS =   -23.8
 Etot   =    -33280.7891  EKtot   =      7075.4685  EPtot      =    -40356.2576
 BOND   =       143.2972  ANGLE   =       344.6720  DIHED      =       502.0771
 1-4 NB =       169.0260  1-4 EEL =      -339.5123  VDWAALS    =      4812.5872
 EELEC  =    -45988.4049  EHBOND  =         0.0000  RESTRAINT  =         0.0000
 EKCMT  =      3262.1915  VIRIAL  =      3322.2764  VOLUME     =    117112.7431
                                                    Density    =         1.0322
 Ewald error estimate:   0.2010E-03
 ------------------------------------------------------------------------------


 NSTEP =    12000   TIME(PS) =    1244.000  TEMP(K) =   302.60  PRESS =    56.5
 Etot   =    -33195.4019  EKtot   =      7165.4354  EPtot      =    -40360.8373
 BOND   =       150.8426  ANGLE   =       371.3984  DIHED      =       506.8869
 1-4 NB =       158.6685  1-4 EEL =      -348.3343  VDWAALS    =      4878.0043
 EELEC  =    -46078.3037  EHBOND  =         0.0000  RESTRAINT  =         0.0000
 EKCMT  =      3321.0918  VIRIAL  =      3178.2568  VOLUME     =    117123.5956
                                                    Density    =         1.0321
 Ewald error estimate:   0.1124E-03
 ------------------------------------------------------------------------------


 NSTEP =    12250   TIME(PS) =    1244.500  TEMP(K) =   306.36  PRESS =   275.0
 Etot   =    -33031.8316  EKtot   =      7254.4368  EPtot      =    -40286.2684
 BOND   =       176.5956  ANGLE   =       360.6475  DIHED      =       500.2422
 1-4 NB =       181.0140  1-4 EEL =      -345.6399  VDWAALS    =      4883.5497
 EELEC  =    -46042.6774  EHBOND  =         0.0000  RESTRAINT  =         0.0000
 EKCMT  =      3425.1728  VIRIAL  =      2728.8948  VOLUME     =    117275.9804
                                                    Density    =         1.0308
 Ewald error estimate:   0.4930E-04
 ------------------------------------------------------------------------------


 NSTEP =    12500   TIME(PS) =    1245.000  TEMP(K) =   303.90  PRESS =  -332.9
 Etot   =    -33176.5612  EKtot   =      7196.1722  EPtot      =    -40372.7334
 BOND   =       151.3208  ANGLE   =       349.7953  DIHED      =       505.9792
 1-4 NB =       175.3248  1-4 EEL =      -346.5792  VDWAALS    =      4767.6862
 EELEC  =    -45976.2605  EHBOND  =         0.0000  RESTRAINT  =         0.0000
 EKCMT  =      3388.3908  VIRIAL  =      4232.3763  VOLUME     =    117421.6954
                                                    Density    =         1.0295
 Ewald error estimate:   0.4284E-04
 ------------------------------------------------------------------------------


 NSTEP =    12750   TIME(PS) =    1245.500  TEMP(K) =   307.21  PRESS =  -247.3
 Etot   =    -33120.8421  EKtot   =      7274.6423  EPtot      =    -40395.4844
 BOND   =       139.4881  ANGLE   =       350.0104  DIHED      =       489.0818
 1-4 NB =       166.2506  1-4 EEL =      -341.2731  VDWAALS    =      4750.4346
 EELEC  =    -45949.4769  EHBOND  =         0.0000  RESTRAINT  =         0.0000
 EKCMT  =      3387.1224  VIRIAL  =      4014.5246  VOLUME     =    117524.2344
                                                    Density    =         1.0286
 Ewald error estimate:   0.1420E-03
 ------------------------------------------------------------------------------


 NSTEP =    13000   TIME(PS) =    1246.000  TEMP(K) =   299.99  PRESS =   -60.4
 Etot   =    -33179.5415  EKtot   =      7103.5258  EPtot      =    -40283.0672
 BOND   =       157.9108  ANGLE   =       350.4309  DIHED      =       503.3914
 1-4 NB =       170.7608  1-4 EEL =      -357.0779  VDWAALS    =      4742.4091
 EELEC  =    -45850.8923  EHBOND  =         0.0000  RESTRAINT  =         0.0000
 EKCMT  =      3325.3194  VIRIAL  =      3478.4459  VOLUME     =    117510.6080
                                                    Density    =         1.0287
 Ewald error estimate:   0.1810E-03
 ------------------------------------------------------------------------------


 NSTEP =    13250   TIME(PS) =    1246.500  TEMP(K) =   304.31  PRESS =  -177.6
 Etot   =    -33118.1411  EKtot   =      7205.8226  EPtot      =    -40323.9637
 BOND   =       167.3789  ANGLE   =       357.5551  DIHED      =       495.7292
 1-4 NB =       167.5599  1-4 EEL =      -337.6765  VDWAALS    =      4802.8492
 EELEC  =    -45977.3596  EHBOND  =         0.0000  RESTRAINT  =         0.0000
 EKCMT  =      3345.3712  VIRIAL  =      3795.8104  VOLUME     =    117474.3292
                                                    Density    =         1.0290
 Ewald error estimate:   0.2368E-05
 ------------------------------------------------------------------------------


 NSTEP =    13500   TIME(PS) =    1247.000  TEMP(K) =   298.56  PRESS =  -177.1
 Etot   =    -33209.6656  EKtot   =      7069.6772  EPtot      =    -40279.3428
 BOND   =       165.5802  ANGLE   =       347.0084  DIHED      =       510.8478
 1-4 NB =       172.5372  1-4 EEL =      -355.3155  VDWAALS    =      4771.0623
 EELEC  =    -45891.0633  EHBOND  =         0.0000  RESTRAINT  =         0.0000
 EKCMT  =      3264.0755  VIRIAL  =      3712.6719  VOLUME     =    117303.9083
                                                    Density    =         1.0305
 Ewald error estimate:   0.1636E-03
 ------------------------------------------------------------------------------


 NSTEP =    13750   TIME(PS) =    1247.500  TEMP(K) =   302.73  PRESS =    -0.2
 Etot   =    -33302.6551  EKtot   =      7168.4704  EPtot      =    -40471.1255
 BOND   =       149.5718  ANGLE   =       356.1298  DIHED      =       514.3052
 1-4 NB =       165.6062  1-4 EEL =      -359.6034  VDWAALS    =      4885.5017
 EELEC  =    -46182.6367  EHBOND  =         0.0000  RESTRAINT  =         0.0000
 EKCMT  =      3346.0030  VIRIAL  =      3346.4389  VOLUME     =    117010.9708
                                                    Density    =         1.0331
 Ewald error estimate:   0.1701E-03
 ------------------------------------------------------------------------------


 NSTEP =    14000   TIME(PS) =    1248.000  TEMP(K) =   300.52  PRESS =   316.2
 Etot   =    -33176.4451  EKtot   =      7116.1311  EPtot      =    -40292.5762
 BOND   =       163.5168  ANGLE   =       339.7473  DIHED      =       522.6924
 1-4 NB =       173.6525  1-4 EEL =      -368.7213  VDWAALS    =      4837.1887
 EELEC  =    -45960.6526  EHBOND  =         0.0000  RESTRAINT  =         0.0000
 EKCMT  =      3327.9943  VIRIAL  =      2529.2444  VOLUME     =    117002.4222
                                                    Density    =         1.0332
 Ewald error estimate:   0.3424E-04
 ------------------------------------------------------------------------------


 NSTEP =    14250   TIME(PS) =    1248.500  TEMP(K) =   302.15  PRESS =   124.4
 Etot   =    -33035.0001  EKtot   =      7154.7509  EPtot      =    -40189.7510
 BOND   =       158.5033  ANGLE   =       370.6469  DIHED      =       491.2590
 1-4 NB =       163.9647  1-4 EEL =      -352.0590  VDWAALS    =      4864.9556
 EELEC  =    -45887.0215  EHBOND  =         0.0000  RESTRAINT  =         0.0000
 EKCMT  =      3285.0630  VIRIAL  =      2970.5439  VOLUME     =    117092.3288
                                                    Density    =         1.0324
 Ewald error estimate:   0.7351E-04
 ------------------------------------------------------------------------------


 NSTEP =    14500   TIME(PS) =    1249.000  TEMP(K) =   301.95  PRESS =  -189.5
 Etot   =    -33216.0116  EKtot   =      7150.0984  EPtot      =    -40366.1100
 BOND   =       165.4023  ANGLE   =       363.0815  DIHED      =       491.3931
 1-4 NB =       166.4725  1-4 EEL =      -371.0096  VDWAALS    =      4717.5739
 EELEC  =    -45899.0236  EHBOND  =         0.0000  RESTRAINT  =         0.0000
 EKCMT  =      3328.7412  VIRIAL  =      3807.3938  VOLUME     =    117000.0304
                                                    Density    =         1.0332
 Ewald error estimate:   0.1604E-03
 ------------------------------------------------------------------------------


 NSTEP =    14750   TIME(PS) =    1249.500  TEMP(K) =   302.70  PRESS =  -223.3
 Etot   =    -33293.3647  EKtot   =      7167.7791  EPtot      =    -40461.1438
 BOND   =       163.3298  ANGLE   =       357.5111  DIHED      =       508.9811
 1-4 NB =       163.5047  1-4 EEL =      -369.5785  VDWAALS    =      4827.9917
 EELEC  =    -46112.8837  EHBOND  =         0.0000  RESTRAINT  =         0.0000
 EKCMT  =      3379.7266  VIRIAL  =      3943.4782  VOLUME     =    116930.8772
                                                    Density    =         1.0338
 Ewald error estimate:   0.1727E-03
 ------------------------------------------------------------------------------


 NSTEP =    15000   TIME(PS) =    1250.000  TEMP(K) =   299.09  PRESS =   -90.4
 Etot   =    -33357.0978  EKtot   =      7082.3764  EPtot      =    -40439.4742
 BOND   =       162.9090  ANGLE   =       342.0479  DIHED      =       503.3125
 1-4 NB =       175.7300  1-4 EEL =      -327.7065  VDWAALS    =      4841.3620
 EELEC  =    -46137.1292  EHBOND  =         0.0000  RESTRAINT  =         0.0000
 EKCMT  =      3324.8236  VIRIAL  =      3553.2455  VOLUME     =    116996.8283
                                                    Density    =         1.0332
 Ewald error estimate:   0.2853E-03
 ------------------------------------------------------------------------------


 NSTEP =    15250   TIME(PS) =    1250.500  TEMP(K) =   301.30  PRESS =    65.1
 Etot   =    -33204.4707  EKtot   =      7134.6042  EPtot      =    -40339.0749
 BOND   =       162.6408  ANGLE   =       351.2689  DIHED      =       501.2360
 1-4 NB =       167.1488  1-4 EEL =      -337.3217  VDWAALS    =      4847.0255
 EELEC  =    -46031.0732  EHBOND  =         0.0000  RESTRAINT  =         0.0000
 EKCMT  =      3339.3770  VIRIAL  =      3175.0867  VOLUME     =    116881.1969
                                                    Density    =         1.0343
 Ewald error estimate:   0.7424E-04
 ------------------------------------------------------------------------------


 NSTEP =    15500   TIME(PS) =    1251.000  TEMP(K) =   298.39  PRESS =   -65.6
 Etot   =    -33221.4242  EKtot   =      7065.7227  EPtot      =    -40287.1469
 BOND   =       130.7481  ANGLE   =       340.2540  DIHED      =       515.4037
 1-4 NB =       169.5457  1-4 EEL =      -347.4935  VDWAALS    =      4687.8059
 EELEC  =    -45783.4107  EHBOND  =         0.0000  RESTRAINT  =         0.0000
 EKCMT  =      3295.5022  VIRIAL  =      3460.9668  VOLUME     =    116830.7506
                                                    Density    =         1.0347
 Ewald error estimate:   0.3241E-04
 ------------------------------------------------------------------------------


 NSTEP =    15750   TIME(PS) =    1251.500  TEMP(K) =   297.18  PRESS =    70.7
 Etot   =    -33362.9216  EKtot   =      7036.9861  EPtot      =    -40399.9076
 BOND   =       144.5888  ANGLE   =       356.6306  DIHED      =       510.1613
 1-4 NB =       163.1797  1-4 EEL =      -335.1955  VDWAALS    =      4817.2794
 EELEC  =    -46056.5519  EHBOND  =         0.0000  RESTRAINT  =         0.0000
 EKCMT  =      3278.5608  VIRIAL  =      3100.1662  VOLUME     =    116814.1377
                                                    Density    =         1.0349
 Ewald error estimate:   0.3416E-04
 ------------------------------------------------------------------------------


 NSTEP =    16000   TIME(PS) =    1252.000  TEMP(K) =   302.13  PRESS =  -513.7
 Etot   =    -33243.5747  EKtot   =      7154.1696  EPtot      =    -40397.7443
 BOND   =       160.1016  ANGLE   =       322.4020  DIHED      =       515.4900
 1-4 NB =       171.6903  1-4 EEL =      -340.0407  VDWAALS    =      4629.0491
 EELEC  =    -45856.4366  EHBOND  =         0.0000  RESTRAINT  =         0.0000
 EKCMT  =      3337.9709  VIRIAL  =      4633.2653  VOLUME     =    116779.7991
                                                    Density    =         1.0352
 Ewald error estimate:   0.1118E-03
 ------------------------------------------------------------------------------


 NSTEP =    16250   TIME(PS) =    1252.500  TEMP(K) =   297.33  PRESS =   403.6
 Etot   =    -33296.2165  EKtot   =      7040.7041  EPtot      =    -40336.9206
 BOND   =       166.4268  ANGLE   =       364.0263  DIHED      =       509.9951
 1-4 NB =       162.1132  1-4 EEL =      -352.1879  VDWAALS    =      4960.3030
 EELEC  =    -46147.5970  EHBOND  =         0.0000  RESTRAINT  =         0.0000
 EKCMT  =      3314.7152  VIRIAL  =      2297.2023  VOLUME     =    116776.5607
                                                    Density    =         1.0352
 Ewald error estimate:   0.1331E-03
 ------------------------------------------------------------------------------


 NSTEP =    16500   TIME(PS) =    1253.000  TEMP(K) =   300.15  PRESS =   280.5
 Etot   =    -33332.9189  EKtot   =      7107.3807  EPtot      =    -40440.2996
 BOND   =       152.3211  ANGLE   =       348.6081  DIHED      =       498.0860
 1-4 NB =       159.8559  1-4 EEL =      -350.3880  VDWAALS    =      4940.1128
 EELEC  =    -46188.8955  EHBOND  =         0.0000  RESTRAINT  =         0.0000
 EKCMT  =      3332.3822  VIRIAL  =      2624.9571  VOLUME     =    116821.5725
                                                    Density    =         1.0348
 Ewald error estimate:   0.1831E-03
 ------------------------------------------------------------------------------


 NSTEP =    16750   TIME(PS) =    1253.500  TEMP(K) =   300.17  PRESS =   161.8
 Etot   =    -33136.6182  EKtot   =      7107.9463  EPtot      =    -40244.5645
 BOND   =       147.4968  ANGLE   =       357.8548  DIHED      =       509.4178
 1-4 NB =       170.3473  1-4 EEL =      -354.0894  VDWAALS    =      4936.2530
 EELEC  =    -46011.8447  EHBOND  =         0.0000  RESTRAINT  =         0.0000
 EKCMT  =      3302.6068  VIRIAL  =      2894.4684  VOLUME     =    116829.8607
                                                    Density    =         1.0347
 Ewald error estimate:   0.7768E-04
 ------------------------------------------------------------------------------


 NSTEP =    17000   TIME(PS) =    1254.000  TEMP(K) =   300.85  PRESS =   361.0
 Etot   =    -33196.4934  EKtot   =      7123.8730  EPtot      =    -40320.3664
 BOND   =       171.0150  ANGLE   =       347.2776  DIHED      =       517.6794
 1-4 NB =       164.1980  1-4 EEL =      -366.7119  VDWAALS    =      4889.3336
 EELEC  =    -46043.1581  EHBOND  =         0.0000  RESTRAINT  =         0.0000
 EKCMT  =      3369.8432  VIRIAL  =      2458.1738  VOLUME     =    116957.1076
                                                    Density    =         1.0336
 Ewald error estimate:   0.1670E-03
 ------------------------------------------------------------------------------


 NSTEP =    17250   TIME(PS) =    1254.500  TEMP(K) =   297.32  PRESS =   249.3
 Etot   =    -33239.3884  EKtot   =      7040.4237  EPtot      =    -40279.8121
 BOND   =       160.6117  ANGLE   =       348.5607  DIHED      =       516.8302
 1-4 NB =       163.5616  1-4 EEL =      -342.5966  VDWAALS    =      4914.6027
 EELEC  =    -46041.3824  EHBOND  =         0.0000  RESTRAINT  =         0.0000
 EKCMT  =      3343.9878  VIRIAL  =      2714.5055  VOLUME     =    116942.1945
                                                    Density    =         1.0337
 Ewald error estimate:   0.1955E-03
 ------------------------------------------------------------------------------


 NSTEP =    17500   TIME(PS) =    1255.000  TEMP(K) =   298.55  PRESS =  -245.1
 Etot   =    -33297.0313  EKtot   =      7069.3623  EPtot      =    -40366.3936
 BOND   =       152.3654  ANGLE   =       346.0592  DIHED      =       501.6448
 1-4 NB =       169.8420  1-4 EEL =      -325.3650  VDWAALS    =      4873.0149
 EELEC  =    -46083.9548  EHBOND  =         0.0000  RESTRAINT  =         0.0000
 EKCMT  =      3370.7902  VIRIAL  =      3990.4779  VOLUME     =    117114.1811
                                                    Density    =         1.0322
 Ewald error estimate:   0.5772E-04
 ------------------------------------------------------------------------------


 NSTEP =    17750   TIME(PS) =    1255.500  TEMP(K) =   297.31  PRESS =  -433.9
 Etot   =    -33345.0152  EKtot   =      7040.0839  EPtot      =    -40385.0991
 BOND   =       159.5426  ANGLE   =       334.4211  DIHED      =       507.5138
 1-4 NB =       180.6921  1-4 EEL =      -327.6097  VDWAALS    =      4763.3796
 EELEC  =    -46003.0387  EHBOND  =         0.0000  RESTRAINT  =         0.0000
 EKCMT  =      3293.0753  VIRIAL  =      4389.3016  VOLUME     =    117017.9257
                                                    Density    =         1.0331
 Ewald error estimate:   0.5215E-04
 ------------------------------------------------------------------------------


 NSTEP =    18000   TIME(PS) =    1256.000  TEMP(K) =   293.99  PRESS =   185.7
 Etot   =    -33386.2895  EKtot   =      6961.4828  EPtot      =    -40347.7723
 BOND   =       156.3457  ANGLE   =       355.7663  DIHED      =       504.8069
 1-4 NB =       172.9679  1-4 EEL =      -351.2094  VDWAALS    =      4970.4027
 EELEC  =    -46156.8524  EHBOND  =         0.0000  RESTRAINT  =         0.0000
 EKCMT  =      3241.4154  VIRIAL  =      2772.5686  VOLUME     =    116958.9801
                                                    Density    =         1.0336
 Ewald error estimate:   0.2194E-04
 ------------------------------------------------------------------------------


 NSTEP =    18250   TIME(PS) =    1256.500  TEMP(K) =   298.31  PRESS =   -41.7
 Etot   =    -33345.7633  EKtot   =      7063.8326  EPtot      =    -40409.5959
 BOND   =       145.3197  ANGLE   =       338.0940  DIHED      =       499.5392
 1-4 NB =       174.7119  1-4 EEL =      -357.1614  VDWAALS    =      4832.4841
 EELEC  =    -46042.5835  EHBOND  =         0.0000  RESTRAINT  =         0.0000
 EKCMT  =      3317.8741  VIRIAL  =      3423.1302  VOLUME     =    116828.0320
                                                    Density    =         1.0347
 Ewald error estimate:   0.5635E-05
 ------------------------------------------------------------------------------


 NSTEP =    18500   TIME(PS) =    1257.000  TEMP(K) =   297.38  PRESS =   291.9
 Etot   =    -33340.1672  EKtot   =      7041.8053  EPtot      =    -40381.9725
 BOND   =       161.9994  ANGLE   =       353.2259  DIHED      =       502.2281
 1-4 NB =       169.3104  1-4 EEL =      -337.0198  VDWAALS    =      4918.6765
 EELEC  =    -46150.3930  EHBOND  =         0.0000  RESTRAINT  =         0.0000
 EKCMT  =      3288.7714  VIRIAL  =      2552.0203  VOLUME     =    116888.1391
                                                    Density    =         1.0342
 Ewald error estimate:   0.8834E-04
 ------------------------------------------------------------------------------


 NSTEP =    18750   TIME(PS) =    1257.500  TEMP(K) =   298.84  PRESS =   -84.0
 Etot   =    -33250.8844  EKtot   =      7076.4511  EPtot      =    -40327.3355
 BOND   =       138.0639  ANGLE   =       356.9770  DIHED      =       514.5826
 1-4 NB =       168.4419  1-4 EEL =      -347.3740  VDWAALS    =      4762.3061
 EELEC  =    -45920.3331  EHBOND  =         0.0000  RESTRAINT  =         0.0000
 EKCMT  =      3323.1970  VIRIAL  =      3535.2992  VOLUME     =    116938.3880
                                                    Density    =         1.0338
 Ewald error estimate:   0.2936E-04
 ------------------------------------------------------------------------------


 NSTEP =    19000   TIME(PS) =    1258.000  TEMP(K) =   301.78  PRESS =  -274.8
 Etot   =    -33252.5898  EKtot   =      7146.0061  EPtot      =    -40398.5959
 BOND   =       154.8448  ANGLE   =       322.4591  DIHED      =       522.4289
 1-4 NB =       174.0119  1-4 EEL =      -337.5359  VDWAALS    =      4714.5623
 EELEC  =    -45949.3671  EHBOND  =         0.0000  RESTRAINT  =         0.0000
 EKCMT  =      3317.7436  VIRIAL  =      4010.9376  VOLUME     =    116814.5432
                                                    Density    =         1.0349
 Ewald error estimate:   0.3034E-04
 ------------------------------------------------------------------------------


 NSTEP =    19250   TIME(PS) =    1258.500  TEMP(K) =   303.23  PRESS =   -69.8
 Etot   =    -33176.5806  EKtot   =      7180.3676  EPtot      =    -40356.9482
 BOND   =       150.7268  ANGLE   =       358.6873  DIHED      =       502.1392
 1-4 NB =       175.8386  1-4 EEL =      -338.5425  VDWAALS    =      4868.3290
 EELEC  =    -46074.1266  EHBOND  =         0.0000  RESTRAINT  =         0.0000
 EKCMT  =      3330.7405  VIRIAL  =      3506.8117  VOLUME     =    116753.7666
                                                    Density    =         1.0354
 Ewald error estimate:   0.5779E-05
 ------------------------------------------------------------------------------


 NSTEP =    19500   TIME(PS) =    1259.000  TEMP(K) =   302.94  PRESS =  -191.0
 Etot   =    -33202.9076  EKtot   =      7173.3235  EPtot      =    -40376.2311
 BOND   =       161.4367  ANGLE   =       375.0756  DIHED      =       502.6611
 1-4 NB =       167.8390  1-4 EEL =      -353.1256  VDWAALS    =      4685.0826
 EELEC  =    -45915.2005  EHBOND  =         0.0000  RESTRAINT  =         0.0000
 EKCMT  =      3328.3617  VIRIAL  =      3809.9410  VOLUME     =    116764.7232
                                                    Density    =         1.0353
 Ewald error estimate:   0.7046E-05
 ------------------------------------------------------------------------------


 NSTEP =    19750   TIME(PS) =    1259.500  TEMP(K) =   303.03  PRESS =  -243.2
 Etot   =    -33287.3512  EKtot   =      7175.6787  EPtot      =    -40463.0299
 BOND   =       161.5278  ANGLE   =       345.8741  DIHED      =       507.6630
 1-4 NB =       178.0267  1-4 EEL =      -344.8059  VDWAALS    =      4746.7921
 EELEC  =    -46058.1078  EHBOND  =         0.0000  RESTRAINT  =         0.0000
 EKCMT  =      3359.2225  VIRIAL  =      3971.7545  VOLUME     =    116667.3450
                                                    Density    =         1.0362
 Ewald error estimate:   0.1113E-03
 ------------------------------------------------------------------------------


 NSTEP =    20000   TIME(PS) =    1260.000  TEMP(K) =   297.68  PRESS =   593.6
 Etot   =    -33348.1131  EKtot   =      7048.9472  EPtot      =    -40397.0603
 BOND   =       165.1542  ANGLE   =       347.9274  DIHED      =       521.8587
 1-4 NB =       173.1311  1-4 EEL =      -337.0492  VDWAALS    =      5087.2581
 EELEC  =    -46355.3405  EHBOND  =         0.0000  RESTRAINT  =         0.0000
 EKCMT  =      3301.7607  VIRIAL  =      1804.3716  VOLUME     =    116823.9833
                                                    Density    =         1.0348
 Ewald error estimate:   0.9480E-04
 ------------------------------------------------------------------------------


 NSTEP =    20250   TIME(PS) =    1260.500  TEMP(K) =   296.48  PRESS =   229.0
 Etot   =    -33356.4899  EKtot   =      7020.3714  EPtot      =    -40376.8612
 BOND   =       171.9744  ANGLE   =       359.1434  DIHED      =       504.8864
 1-4 NB =       164.2811  1-4 EEL =      -330.9734  VDWAALS    =      4997.6981
 EELEC  =    -46243.8712  EHBOND  =         0.0000  RESTRAINT  =         0.0000
 EKCMT  =      3329.4959  VIRIAL  =      2751.2309  VOLUME     =    116930.8717
                                                    Density    =         1.0338
 Ewald error estimate:   0.8992E-04
 ------------------------------------------------------------------------------


 NSTEP =    20500   TIME(PS) =    1261.000  TEMP(K) =   296.42  PRESS =   -43.1
 Etot   =    -33391.6117  EKtot   =      7019.0913  EPtot      =    -40410.7030
 BOND   =       154.9329  ANGLE   =       372.3116  DIHED      =       509.8469
 1-4 NB =       165.9984  1-4 EEL =      -360.5724  VDWAALS    =      4808.8972
 EELEC  =    -46062.1177  EHBOND  =         0.0000  RESTRAINT  =         0.0000
 EKCMT  =      3272.9233  VIRIAL  =      3381.7160  VOLUME     =    116997.5466
                                                    Density    =         1.0332
 Ewald error estimate:   0.7897E-05
 ------------------------------------------------------------------------------


 NSTEP =    20750   TIME(PS) =    1261.500  TEMP(K) =   296.30  PRESS =  -195.4
 Etot   =    -33401.0333  EKtot   =      7016.1960  EPtot      =    -40417.2292
 BOND   =       148.1360  ANGLE   =       341.8701  DIHED      =       524.6637
 1-4 NB =       175.3498  1-4 EEL =      -329.4978  VDWAALS    =      4776.1709
 EELEC  =    -46053.9220  EHBOND  =         0.0000  RESTRAINT  =         0.0000
 EKCMT  =      3251.9961  VIRIAL  =      3745.0896  VOLUME     =    116887.6361
                                                    Density    =         1.0342
 Ewald error estimate:   0.4549E-04
 ------------------------------------------------------------------------------


 NSTEP =    21000   TIME(PS) =    1262.000  TEMP(K) =   302.23  PRESS =   113.6
 Etot   =    -33286.3537  EKtot   =      7156.5255  EPtot      =    -40442.8792
 BOND   =       160.1098  ANGLE   =       343.5162  DIHED      =       516.4445
 1-4 NB =       175.1346  1-4 EEL =      -328.3399  VDWAALS    =      4863.6174
 EELEC  =    -46173.3617  EHBOND  =         0.0000  RESTRAINT  =         0.0000
 EKCMT  =      3355.7625  VIRIAL  =      3069.3565  VOLUME     =    116735.7146
                                                    Density    =         1.0356
 Ewald error estimate:   0.1468E-03
 ------------------------------------------------------------------------------


 NSTEP =    21250   TIME(PS) =    1262.500  TEMP(K) =   297.31  PRESS =   105.1
 Etot   =    -33396.1201  EKtot   =      7040.0993  EPtot      =    -40436.2194
 BOND   =       151.8496  ANGLE   =       336.7587  DIHED      =       500.1287
 1-4 NB =       169.1139  1-4 EEL =      -358.5017  VDWAALS    =      4851.2278
 EELEC  =    -46086.7963  EHBOND  =         0.0000  RESTRAINT  =         0.0000
 EKCMT  =      3285.4706  VIRIAL  =      3020.5261  VOLUME     =    116729.4939
                                                    Density    =         1.0356
 Ewald error estimate:   0.6558E-04
 ------------------------------------------------------------------------------


 NSTEP =    21500   TIME(PS) =    1263.000  TEMP(K) =   298.31  PRESS =  -246.8
 Etot   =    -33338.4169  EKtot   =      7063.7950  EPtot      =    -40402.2119
 BOND   =       167.9952  ANGLE   =       338.7734  DIHED      =       514.3719
 1-4 NB =       178.8970  1-4 EEL =      -339.1810  VDWAALS    =      4704.5349
 EELEC  =    -45967.6032  EHBOND  =         0.0000  RESTRAINT  =         0.0000
 EKCMT  =      3300.3867  VIRIAL  =      3922.6525  VOLUME     =    116763.0599
                                                    Density    =         1.0353
 Ewald error estimate:   0.2730E-03
 ------------------------------------------------------------------------------


 NSTEP =    21750   TIME(PS) =    1263.500  TEMP(K) =   301.40  PRESS =    71.5
 Etot   =    -33188.3997  EKtot   =      7136.9834  EPtot      =    -40325.3831
 BOND   =       141.1798  ANGLE   =       359.5934  DIHED      =       508.3614
 1-4 NB =       173.3150  1-4 EEL =      -345.2708  VDWAALS    =      4787.1254
 EELEC  =    -45949.6873  EHBOND  =         0.0000  RESTRAINT  =         0.0000
 EKCMT  =      3316.9241  VIRIAL  =      3136.3173  VOLUME     =    116924.1839
                                                    Density    =         1.0339
 Ewald error estimate:   0.7114E-04
 ------------------------------------------------------------------------------


 NSTEP =    22000   TIME(PS) =    1264.000  TEMP(K) =   300.92  PRESS =   -52.5
 Etot   =    -33294.6119  EKtot   =      7125.5188  EPtot      =    -40420.1307
 BOND   =       139.1137  ANGLE   =       353.2700  DIHED      =       504.6274
 1-4 NB =       170.0976  1-4 EEL =      -333.2464  VDWAALS    =      4857.2201
 EELEC  =    -46111.2131  EHBOND  =         0.0000  RESTRAINT  =         0.0000
 EKCMT  =      3359.8532  VIRIAL  =      3492.2305  VOLUME     =    116693.6662
                                                    Density    =         1.0359
 Ewald error estimate:   0.2042E-03
 ------------------------------------------------------------------------------


 NSTEP =    22250   TIME(PS) =    1264.500  TEMP(K) =   298.55  PRESS =   214.4
 Etot   =    -33239.6226  EKtot   =      7069.3750  EPtot      =    -40308.9976
 BOND   =       150.8369  ANGLE   =       348.7338  DIHED      =       512.7169
 1-4 NB =       165.0790  1-4 EEL =      -339.6774  VDWAALS    =      4940.6595
 EELEC  =    -46087.3463  EHBOND  =         0.0000  RESTRAINT  =         0.0000
 EKCMT  =      3275.7639  VIRIAL  =      2734.6609  VOLUME     =    116912.0640
                                                    Density    =         1.0340
 Ewald error estimate:   0.4638E-04
 ------------------------------------------------------------------------------


 NSTEP =    22500   TIME(PS) =    1265.000  TEMP(K) =   297.08  PRESS =  -157.9
 Etot   =    -33266.0838  EKtot   =      7034.6888  EPtot      =    -40300.7726
 BOND   =       147.9648  ANGLE   =       362.3929  DIHED      =       498.7219
 1-4 NB =       166.2701  1-4 EEL =      -356.0480  VDWAALS    =      4809.2626
 EELEC  =    -45929.3368  EHBOND  =         0.0000  RESTRAINT  =         0.0000
 EKCMT  =      3236.6876  VIRIAL  =      3635.1828  VOLUME     =    116908.3502
                                                    Density    =         1.0340
 Ewald error estimate:   0.4166E-04
 ------------------------------------------------------------------------------


 NSTEP =    22750   TIME(PS) =    1265.500  TEMP(K) =   301.51  PRESS =    89.6
 Etot   =    -33313.0205  EKtot   =      7139.6273  EPtot      =    -40452.6478
 BOND   =       157.5620  ANGLE   =       361.9724  DIHED      =       506.2240
 1-4 NB =       166.2891  1-4 EEL =      -338.6497  VDWAALS    =      4799.4918
 EELEC  =    -46105.5373  EHBOND  =         0.0000  RESTRAINT  =         0.0000
 EKCMT  =      3313.6699  VIRIAL  =      3087.5869  VOLUME     =    116888.7171
                                                    Density    =         1.0342
 Ewald error estimate:   0.3622E-04
 ------------------------------------------------------------------------------


 NSTEP =    23000   TIME(PS) =    1266.000  TEMP(K) =   301.58  PRESS =   171.9
 Etot   =    -33165.7761  EKtot   =      7141.1102  EPtot      =    -40306.8863
 BOND   =       148.3975  ANGLE   =       359.4426  DIHED      =       509.7018
 1-4 NB =       173.5276  1-4 EEL =      -328.8274  VDWAALS    =      4901.7848
 EELEC  =    -46070.9132  EHBOND  =         0.0000  RESTRAINT  =         0.0000
 EKCMT  =      3372.3653  VIRIAL  =      2937.7816  VOLUME     =    117114.8202
                                                    Density    =         1.0322
 Ewald error estimate:   0.1677E-03
 ------------------------------------------------------------------------------


 NSTEP =    23250   TIME(PS) =    1266.500  TEMP(K) =   299.68  PRESS =   -72.7
 Etot   =    -33172.3411  EKtot   =      7096.3408  EPtot      =    -40268.6819
 BOND   =       154.1457  ANGLE   =       349.4871  DIHED      =       510.4213
 1-4 NB =       172.8640  1-4 EEL =      -339.8438  VDWAALS    =      4726.0901
 EELEC  =    -45841.8464  EHBOND  =         0.0000  RESTRAINT  =         0.0000
 EKCMT  =      3342.7118  VIRIAL  =      3526.3237  VOLUME     =    117052.1532
                                                    Density    =         1.0328
 Ewald error estimate:   0.7672E-05
 ------------------------------------------------------------------------------


 NSTEP =    23500   TIME(PS) =    1267.000  TEMP(K) =   303.97  PRESS =    63.5
 Etot   =    -33265.9522  EKtot   =      7197.7957  EPtot      =    -40463.7480
 BOND   =       140.1947  ANGLE   =       374.6125  DIHED      =       498.4749
 1-4 NB =       165.0138  1-4 EEL =      -353.2989  VDWAALS    =      4873.6949
 EELEC  =    -46162.4397  EHBOND  =         0.0000  RESTRAINT  =         0.0000
 EKCMT  =      3416.3525  VIRIAL  =      3255.7512  VOLUME     =    117120.3812
                                                    Density    =         1.0322
 Ewald error estimate:   0.2594E-04
 ------------------------------------------------------------------------------


 NSTEP =    23750   TIME(PS) =    1267.500  TEMP(K) =   298.98  PRESS =   109.1
 Etot   =    -33231.2994  EKtot   =      7079.6220  EPtot      =    -40310.9214
 BOND   =       145.0534  ANGLE   =       358.3233  DIHED      =       501.9368
 1-4 NB =       161.5593  1-4 EEL =      -329.3611  VDWAALS    =      4764.6650
 EELEC  =    -45913.0981  EHBOND  =         0.0000  RESTRAINT  =         0.0000
 EKCMT  =      3266.3893  VIRIAL  =      2990.9403  VOLUME     =    116979.8016
                                                    Density    =         1.0334
 Ewald error estimate:   0.9985E-04
 ------------------------------------------------------------------------------


 NSTEP =    24000   TIME(PS) =    1268.000  TEMP(K) =   300.10  PRESS =   -52.3
 Etot   =    -33265.3836  EKtot   =      7106.1651  EPtot      =    -40371.5487
 BOND   =       138.8036  ANGLE   =       348.7799  DIHED      =       503.4072
 1-4 NB =       177.4636  1-4 EEL =      -349.5173  VDWAALS    =      4864.0416
 EELEC  =    -46054.5273  EHBOND  =         0.0000  RESTRAINT  =         0.0000
 EKCMT  =      3327.1721  VIRIAL  =      3459.2446  VOLUME     =    117002.2365
                                                    Density    =         1.0332
 Ewald error estimate:   0.1807E-03
 ------------------------------------------------------------------------------


 NSTEP =    24250   TIME(PS) =    1268.500  TEMP(K) =   301.00  PRESS =   642.2
 Etot   =    -33282.3581  EKtot   =      7127.5283  EPtot      =    -40409.8864
 BOND   =       142.0348  ANGLE   =       347.8772  DIHED      =       508.1081
 1-4 NB =       173.6309  1-4 EEL =      -354.5428  VDWAALS    =      5096.6947
 EELEC  =    -46323.6893  EHBOND  =         0.0000  RESTRAINT  =         0.0000
 EKCMT  =      3337.6837  VIRIAL  =      1714.6697  VOLUME     =    117043.4994
                                                    Density    =         1.0328
 Ewald error estimate:   0.1202E-03
 ------------------------------------------------------------------------------


 NSTEP =    24500   TIME(PS) =    1269.000  TEMP(K) =   302.22  PRESS =    16.3
 Etot   =    -33242.5382  EKtot   =      7156.4378  EPtot      =    -40398.9760
 BOND   =       149.4649  ANGLE   =       330.9145  DIHED      =       504.8108
 1-4 NB =       175.3879  1-4 EEL =      -355.4309  VDWAALS    =      4913.2268
 EELEC  =    -46117.3501  EHBOND  =         0.0000  RESTRAINT  =         0.0000
 EKCMT  =      3336.5445  VIRIAL  =      3295.2936  VOLUME     =    117210.6033
                                                    Density    =         1.0314
 Ewald error estimate:   0.2032E-03
 ------------------------------------------------------------------------------


 NSTEP =    24750   TIME(PS) =    1269.500  TEMP(K) =   297.12  PRESS =   -47.0
 Etot   =    -33321.9302  EKtot   =      7035.5253  EPtot      =    -40357.4555
 BOND   =       152.3943  ANGLE   =       311.8347  DIHED      =       506.7669
 1-4 NB =       165.4977  1-4 EEL =      -331.7206  VDWAALS    =      4851.9483
 EELEC  =    -46014.1769  EHBOND  =         0.0000  RESTRAINT  =         0.0000
 EKCMT  =      3289.1705  VIRIAL  =      3408.2320  VOLUME     =    117238.0799
                                                    Density    =         1.0311
 Ewald error estimate:   0.1979E-04
 ------------------------------------------------------------------------------


 NSTEP =    25000   TIME(PS) =    1270.000  TEMP(K) =   297.65  PRESS =    27.6
 Etot   =    -33349.2776  EKtot   =      7048.1157  EPtot      =    -40397.3934
 BOND   =       166.2945  ANGLE   =       345.0287  DIHED      =       504.0034
 1-4 NB =       169.1594  1-4 EEL =      -335.7286  VDWAALS    =      4939.7626
 EELEC  =    -46185.9135  EHBOND  =         0.0000  RESTRAINT  =         0.0000
 EKCMT  =      3259.2397  VIRIAL  =      3189.3060  VOLUME     =    117145.2232
                                                    Density    =         1.0319
 Ewald error estimate:   0.1129E-03
 ------------------------------------------------------------------------------


 NSTEP =    25250   TIME(PS) =    1270.500  TEMP(K) =   300.22  PRESS =   178.9
 Etot   =    -33314.6378  EKtot   =      7109.0139  EPtot      =    -40423.6517
 BOND   =       172.5488  ANGLE   =       332.4257  DIHED      =       514.3942
 1-4 NB =       169.0325  1-4 EEL =      -330.3359  VDWAALS    =      4983.4224
 EELEC  =    -46265.1396  EHBOND  =         0.0000  RESTRAINT  =         0.0000
 EKCMT  =      3358.2415  VIRIAL  =      2906.2339  VOLUME     =    116992.7552
                                                    Density    =         1.0333
 Ewald error estimate:   0.3616E-04
 ------------------------------------------------------------------------------


 NSTEP =    25500   TIME(PS) =    1271.000  TEMP(K) =   298.17  PRESS =   -39.4
 Etot   =    -33244.2296  EKtot   =      7060.4484  EPtot      =    -40304.6781
 BOND   =       152.7381  ANGLE   =       346.5277  DIHED      =       481.9509
 1-4 NB =       166.6375  1-4 EEL =      -339.5650  VDWAALS    =      4863.8797
 EELEC  =    -45976.8470  EHBOND  =         0.0000  RESTRAINT  =         0.0000
 EKCMT  =      3239.1597  VIRIAL  =      3338.8268  VOLUME     =    117120.6939
                                                    Density    =         1.0322
 Ewald error estimate:   0.1924E-03
 ------------------------------------------------------------------------------


 NSTEP =    25750   TIME(PS) =    1271.500  TEMP(K) =   303.28  PRESS =   -64.2
 Etot   =    -33254.2487  EKtot   =      7181.5947  EPtot      =    -40435.8434
 BOND   =       163.1358  ANGLE   =       339.9330  DIHED      =       501.2399
 1-4 NB =       166.7826  1-4 EEL =      -343.7372  VDWAALS    =      4869.0309
 EELEC  =    -46132.2283  EHBOND  =         0.0000  RESTRAINT  =         0.0000
 EKCMT  =      3310.2640  VIRIAL  =      3472.6019  VOLUME     =    117084.7346
                                                    Density    =         1.0325
 Ewald error estimate:   0.8500E-04
 ------------------------------------------------------------------------------


 NSTEP =    26000   TIME(PS) =    1272.000  TEMP(K) =   300.06  PRESS =  -233.5
 Etot   =    -33262.9576  EKtot   =      7105.1196  EPtot      =    -40368.0771
 BOND   =       173.3997  ANGLE   =       347.0119  DIHED      =       500.6038
 1-4 NB =       173.5522  1-4 EEL =      -360.5095  VDWAALS    =      4841.3307
 EELEC  =    -46043.4658  EHBOND  =         0.0000  RESTRAINT  =         0.0000
 EKCMT  =      3334.6077  VIRIAL  =      3924.7777  VOLUME     =    117038.7923
                                                    Density    =         1.0329
 Ewald error estimate:   0.1413E-03
 ------------------------------------------------------------------------------


 NSTEP =    26250   TIME(PS) =    1272.500  TEMP(K) =   298.21  PRESS =  -390.4
 Etot   =    -33322.0662  EKtot   =      7061.5243  EPtot      =    -40383.5905
 BOND   =       144.0641  ANGLE   =       356.7910  DIHED      =       503.3692
 1-4 NB =       164.7630  1-4 EEL =      -333.7621  VDWAALS    =      4815.6177
 EELEC  =    -46034.4334  EHBOND  =         0.0000  RESTRAINT  =         0.0000
 EKCMT  =      3333.2498  VIRIAL  =      4318.9107  VOLUME     =    116919.5916
                                                    Density    =         1.0339
 Ewald error estimate:   0.1200E-03
 ------------------------------------------------------------------------------


 NSTEP =    26500   TIME(PS) =    1273.000  TEMP(K) =   302.15  PRESS =   -94.0
 Etot   =    -33332.9570  EKtot   =      7154.8275  EPtot      =    -40487.7845
 BOND   =       139.3847  ANGLE   =       365.5794  DIHED      =       486.0908
 1-4 NB =       168.2716  1-4 EEL =      -329.2969  VDWAALS    =      4974.3736
 EELEC  =    -46292.1877  EHBOND  =         0.0000  RESTRAINT  =         0.0000
 EKCMT  =      3387.6337  VIRIAL  =      3624.6780  VOLUME     =    116812.5184
                                                    Density    =         1.0349
 Ewald error estimate:   0.1428E-03
 ------------------------------------------------------------------------------


 NSTEP =    26750   TIME(PS) =    1273.500  TEMP(K) =   298.78  PRESS =  -102.9
 Etot   =    -33251.0033  EKtot   =      7074.9843  EPtot      =    -40325.9876
 BOND   =       157.0895  ANGLE   =       344.5636  DIHED      =       520.2382
 1-4 NB =       171.0643  1-4 EEL =      -352.2144  VDWAALS    =      4757.4893
 EELEC  =    -45924.2180  EHBOND  =         0.0000  RESTRAINT  =         0.0000
 EKCMT  =      3319.6529  VIRIAL  =      3579.0549  VOLUME     =    116773.4710
                                                    Density    =         1.0352
 Ewald error estimate:   0.1282E-04
 ------------------------------------------------------------------------------


 NSTEP =    27000   TIME(PS) =    1274.000  TEMP(K) =   298.00  PRESS =   -49.7
 Etot   =    -33338.1822  EKtot   =      7056.3642  EPtot      =    -40394.5464
 BOND   =       159.6344  ANGLE   =       348.9753  DIHED      =       515.0774
 1-4 NB =       171.1313  1-4 EEL =      -353.3260  VDWAALS    =      4757.8852
 EELEC  =    -45993.9241  EHBOND  =         0.0000  RESTRAINT  =         0.0000
 EKCMT  =      3331.9782  VIRIAL  =      3457.4273  VOLUME     =    116919.2850
                                                    Density    =         1.0339
 Ewald error estimate:   0.8989E-04
 ------------------------------------------------------------------------------


 NSTEP =    27250   TIME(PS) =    1274.500  TEMP(K) =   297.62  PRESS =   266.8
 Etot   =    -33359.6400  EKtot   =      7047.5728  EPtot      =    -40407.2128
 BOND   =       147.7746  ANGLE   =       345.2546  DIHED      =       503.9817
 1-4 NB =       168.6624  1-4 EEL =      -317.2202  VDWAALS    =      4984.2416
 EELEC  =    -46239.9075  EHBOND  =         0.0000  RESTRAINT  =         0.0000
 EKCMT  =      3294.1434  VIRIAL  =      2620.9134  VOLUME     =    116847.9435
                                                    Density    =         1.0346
 Ewald error estimate:   0.6049E-04
 ------------------------------------------------------------------------------


 NSTEP =    27500   TIME(PS) =    1275.000  TEMP(K) =   297.45  PRESS =   -39.1
 Etot   =    -33402.9942  EKtot   =      7043.3547  EPtot      =    -40446.3488
 BOND   =       131.5013  ANGLE   =       362.3831  DIHED      =       505.4549
 1-4 NB =       168.8168  1-4 EEL =      -326.1548  VDWAALS    =      4914.1818
 EELEC  =    -46202.5320  EHBOND  =         0.0000  RESTRAINT  =         0.0000
 EKCMT  =      3250.9791  VIRIAL  =      3349.6462  VOLUME     =    116883.4927
                                                    Density    =         1.0343
 Ewald error estimate:   0.1259E-03
 ------------------------------------------------------------------------------


 NSTEP =    27750   TIME(PS) =    1275.500  TEMP(K) =   296.18  PRESS =   143.0
 Etot   =    -33547.0087  EKtot   =      7013.3289  EPtot      =    -40560.3377
 BOND   =       166.4057  ANGLE   =       336.6552  DIHED      =       496.2838
 1-4 NB =       165.4053  1-4 EEL =      -363.6598  VDWAALS    =      4937.8404
 EELEC  =    -46299.2683  EHBOND  =         0.0000  RESTRAINT  =         0.0000
 EKCMT  =      3308.9293  VIRIAL  =      2948.0699  VOLUME     =    116871.5283
                                                    Density    =         1.0344
 Ewald error estimate:   0.6957E-04
 ------------------------------------------------------------------------------


 NSTEP =    28000   TIME(PS) =    1276.000  TEMP(K) =   291.46  PRESS =   109.5
 Etot   =    -33574.4617  EKtot   =      6901.6254  EPtot      =    -40476.0871
 BOND   =       159.0309  ANGLE   =       355.8938  DIHED      =       512.6524
 1-4 NB =       180.7418  1-4 EEL =      -349.3635  VDWAALS    =      4917.4513
 EELEC  =    -46252.4939  EHBOND  =         0.0000  RESTRAINT  =         0.0000
 EKCMT  =      3223.7013  VIRIAL  =      2947.8599  VOLUME     =    116697.2206
                                                    Density    =         1.0359
 Ewald error estimate:   0.6091E-04
 ------------------------------------------------------------------------------


 NSTEP =    28250   TIME(PS) =    1276.500  TEMP(K) =   295.44  PRESS =   -73.6
 Etot   =    -33441.3051  EKtot   =      6995.8939  EPtot      =    -40437.1990
 BOND   =       141.3464  ANGLE   =       345.4217  DIHED      =       516.1497
 1-4 NB =       169.7115  1-4 EEL =      -346.0930  VDWAALS    =      4905.1092
 EELEC  =    -46168.8444  EHBOND  =         0.0000  RESTRAINT  =         0.0000
 EKCMT  =      3278.1375  VIRIAL  =      3463.6976  VOLUME     =    116694.1438
                                                    Density    =         1.0359
 Ewald error estimate:   0.2994E-04
 ------------------------------------------------------------------------------


 NSTEP =    28500   TIME(PS) =    1277.000  TEMP(K) =   298.93  PRESS =   -38.9
 Etot   =    -33385.5094  EKtot   =      7078.3860  EPtot      =    -40463.8953
 BOND   =       159.0860  ANGLE   =       328.9222  DIHED      =       521.9748
 1-4 NB =       169.9694  1-4 EEL =      -341.5411  VDWAALS    =      4925.4515
 EELEC  =    -46227.7581  EHBOND  =         0.0000  RESTRAINT  =         0.0000
 EKCMT  =      3338.7886  VIRIAL  =      3436.8485  VOLUME     =    116626.6440
                                                    Density    =         1.0365
 Ewald error estimate:   0.5406E-04
 ------------------------------------------------------------------------------


 NSTEP =    28750   TIME(PS) =    1277.500  TEMP(K) =   302.55  PRESS =    95.0
 Etot   =    -33323.8180  EKtot   =      7164.2748  EPtot      =    -40488.0927
 BOND   =       162.5506  ANGLE   =       329.9799  DIHED      =       504.9809
 1-4 NB =       170.2085  1-4 EEL =      -340.3503  VDWAALS    =      4910.8934
 EELEC  =    -46226.3556  EHBOND  =         0.0000  RESTRAINT  =         0.0000
 EKCMT  =      3332.9437  VIRIAL  =      3093.8095  VOLUME     =    116599.2995
                                                    Density    =         1.0368
 Ewald error estimate:   0.1520E-03
 ------------------------------------------------------------------------------


 NSTEP =    29000   TIME(PS) =    1278.000  TEMP(K) =   299.30  PRESS =    28.6
 Etot   =    -33363.1847  EKtot   =      7087.2896  EPtot      =    -40450.4744
 BOND   =       148.0784  ANGLE   =       339.0923  DIHED      =       498.5588
 1-4 NB =       168.2881  1-4 EEL =      -326.4242  VDWAALS    =      4901.4948
 EELEC  =    -46179.5626  EHBOND  =         0.0000  RESTRAINT  =         0.0000
 EKCMT  =      3286.2740  VIRIAL  =      3214.1911  VOLUME     =    116732.0616
                                                    Density    =         1.0356
 Ewald error estimate:   0.3134E-03
 ------------------------------------------------------------------------------


 NSTEP =    29250   TIME(PS) =    1278.500  TEMP(K) =   295.10  PRESS =   111.5
 Etot   =    -33490.6911  EKtot   =      6987.8156  EPtot      =    -40478.5067
 BOND   =       163.9764  ANGLE   =       355.4634  DIHED      =       499.9499
 1-4 NB =       167.4251  1-4 EEL =      -361.0973  VDWAALS    =      4921.9041
 EELEC  =    -46226.1282  EHBOND  =         0.0000  RESTRAINT  =         0.0000
 EKCMT  =      3244.4814  VIRIAL  =      2963.1707  VOLUME     =    116867.3997
                                                    Density    =         1.0344
 Ewald error estimate:   0.2164E-03
 ------------------------------------------------------------------------------


 NSTEP =    29500   TIME(PS) =    1279.000  TEMP(K) =   300.68  PRESS =  -132.4
 Etot   =    -33373.1323  EKtot   =      7119.9310  EPtot      =    -40493.0634
 BOND   =       145.6375  ANGLE   =       331.5363  DIHED      =       503.0367
 1-4 NB =       170.0877  1-4 EEL =      -339.5516  VDWAALS    =      4695.0043
 EELEC  =    -45998.8142  EHBOND  =         0.0000  RESTRAINT  =         0.0000
 EKCMT  =      3276.6513  VIRIAL  =      3610.3477  VOLUME     =    116718.3860
                                                    Density    =         1.0357
 Ewald error estimate:   0.9262E-04
 ------------------------------------------------------------------------------


 NSTEP =    29750   TIME(PS) =    1279.500  TEMP(K) =   303.16  PRESS =  -166.6
 Etot   =    -33428.7422  EKtot   =      7178.7354  EPtot      =    -40607.4776
 BOND   =       137.3029  ANGLE   =       336.4706  DIHED      =       496.3276
 1-4 NB =       170.0345  1-4 EEL =      -353.9367  VDWAALS    =      4858.5537
 EELEC  =    -46252.2302  EHBOND  =         0.0000  RESTRAINT  =         0.0000
 EKCMT  =      3379.3149  VIRIAL  =      3799.2460  VOLUME     =    116753.5017
                                                    Density    =         1.0354
 Ewald error estimate:   0.8383E-04
 ------------------------------------------------------------------------------


 NSTEP =    30000   TIME(PS) =    1280.000  TEMP(K) =   297.79  PRESS =   -83.1
 Etot   =    -33343.3040  EKtot   =      7051.5709  EPtot      =    -40394.8748
 BOND   =       161.6459  ANGLE   =       347.7581  DIHED      =       503.1626
 1-4 NB =       171.3369  1-4 EEL =      -346.2740  VDWAALS    =      4845.2816
 EELEC  =    -46077.7860  EHBOND  =         0.0000  RESTRAINT  =         0.0000
 EKCMT  =      3295.1227  VIRIAL  =      3504.9137  VOLUME     =    116864.8920
                                                    Density    =         1.0344
 Ewald error estimate:   0.1036E-03
 ------------------------------------------------------------------------------


 NSTEP =    30250   TIME(PS) =    1280.500  TEMP(K) =   297.59  PRESS =  -212.0
 Etot   =    -33295.2555  EKtot   =      7046.8054  EPtot      =    -40342.0609
 BOND   =       148.1770  ANGLE   =       334.7910  DIHED      =       503.1276
 1-4 NB =       168.5832  1-4 EEL =      -333.9630  VDWAALS    =      4733.2990
 EELEC  =    -45896.0756  EHBOND  =         0.0000  RESTRAINT  =         0.0000
 EKCMT  =      3305.4572  VIRIAL  =      3840.1689  VOLUME     =    116827.2632
                                                    Density    =         1.0347
 Ewald error estimate:   0.1163E-03
 ------------------------------------------------------------------------------


 NSTEP =    30500   TIME(PS) =    1281.000  TEMP(K) =   300.54  PRESS =   285.2
 Etot   =    -33086.4420  EKtot   =      7116.7119  EPtot      =    -40203.1539
 BOND   =       160.8118  ANGLE   =       367.5835  DIHED      =       510.7271
 1-4 NB =       175.7938  1-4 EEL =      -348.9736  VDWAALS    =      4935.8558
 EELEC  =    -46004.9521  EHBOND  =         0.0000  RESTRAINT  =         0.0000
 EKCMT  =      3321.5780  VIRIAL  =      2601.7581  VOLUME     =    116885.9635
                                                    Density    =         1.0342
 Ewald error estimate:   0.2558E-04
 ------------------------------------------------------------------------------


 NSTEP =    30750   TIME(PS) =    1281.500  TEMP(K) =   299.56  PRESS =   379.2
 Etot   =    -33257.1411  EKtot   =      7093.4280  EPtot      =    -40350.5691
 BOND   =       145.2945  ANGLE   =       353.2561  DIHED      =       510.3597
 1-4 NB =       179.5613  1-4 EEL =      -366.4574  VDWAALS    =      5001.5004
 EELEC  =    -46174.0836  EHBOND  =         0.0000  RESTRAINT  =         0.0000
 EKCMT  =      3273.3524  VIRIAL  =      2315.0036  VOLUME     =    117062.7148
                                                    Density    =         1.0327
 Ewald error estimate:   0.7997E-04
 ------------------------------------------------------------------------------


 NSTEP =    31000   TIME(PS) =    1282.000  TEMP(K) =   299.44  PRESS =  -212.0
 Etot   =    -33379.4510  EKtot   =      7090.6526  EPtot      =    -40470.1035
 BOND   =       152.9929  ANGLE   =       337.1097  DIHED      =       510.7859
 1-4 NB =       176.9112  1-4 EEL =      -351.7370  VDWAALS    =      4824.7170
 EELEC  =    -46120.8833  EHBOND  =         0.0000  RESTRAINT  =         0.0000
 EKCMT  =      3280.6109  VIRIAL  =      3816.5144  VOLUME     =    117053.4133
                                                    Density    =         1.0328
 Ewald error estimate:   0.4163E-05
 ------------------------------------------------------------------------------


 NSTEP =    31250   TIME(PS) =    1282.500  TEMP(K) =   299.57  PRESS =  -206.7
 Etot   =    -33466.6553  EKtot   =      7093.5740  EPtot      =    -40560.2294
 BOND   =       164.6372  ANGLE   =       341.0579  DIHED      =       505.5247
 1-4 NB =       169.3439  1-4 EEL =      -335.5307  VDWAALS    =      4915.5502
 EELEC  =    -46320.8125  EHBOND  =         0.0000  RESTRAINT  =         0.0000
 EKCMT  =      3282.9419  VIRIAL  =      3805.3136  VOLUME     =    117054.3042
                                                    Density    =         1.0327
 Ewald error estimate:   0.1547E-03
 ------------------------------------------------------------------------------


 NSTEP =    31500   TIME(PS) =    1283.000  TEMP(K) =   297.96  PRESS =   -34.4
 Etot   =    -33376.7816  EKtot   =      7055.5782  EPtot      =    -40432.3598
 BOND   =       151.8443  ANGLE   =       339.1441  DIHED      =       494.5558
 1-4 NB =       168.9622  1-4 EEL =      -348.1780  VDWAALS    =      4874.6054
 EELEC  =    -46113.2935  EHBOND  =         0.0000  RESTRAINT  =         0.0000
 EKCMT  =      3377.5438  VIRIAL  =      3464.4643  VOLUME     =    116971.8402
                                                    Density    =         1.0335
 Ewald error estimate:   0.1277E-03
 ------------------------------------------------------------------------------


 NSTEP =    31750   TIME(PS) =    1283.500  TEMP(K) =   298.99  PRESS =    -3.5
 Etot   =    -33340.3741  EKtot   =      7079.8948  EPtot      =    -40420.2689
 BOND   =       128.2477  ANGLE   =       339.5685  DIHED      =       501.1142
 1-4 NB =       180.2728  1-4 EEL =      -332.9162  VDWAALS    =      4866.7886
 EELEC  =    -46103.3445  EHBOND  =         0.0000  RESTRAINT  =         0.0000
 EKCMT  =      3267.3965  VIRIAL  =      3276.1332  VOLUME     =    117018.1553
                                                    Density    =         1.0331
 Ewald error estimate:   0.9644E-05
 ------------------------------------------------------------------------------


 NSTEP =    32000   TIME(PS) =    1284.000  TEMP(K) =   302.85  PRESS =  -374.5
 Etot   =    -33377.1057  EKtot   =      7171.2602  EPtot      =    -40548.3659
 BOND   =       163.6095  ANGLE   =       339.0050  DIHED      =       508.4177
 1-4 NB =       170.2143  1-4 EEL =      -346.1371  VDWAALS    =      4683.6221
 EELEC  =    -46067.0974  EHBOND  =         0.0000  RESTRAINT  =         0.0000
 EKCMT  =      3369.3222  VIRIAL  =      4314.8626  VOLUME     =    116921.6589
                                                    Density    =         1.0339
 Ewald error estimate:   0.9951E-04
 ------------------------------------------------------------------------------


 NSTEP =    32250   TIME(PS) =    1284.500  TEMP(K) =   299.80  PRESS =     1.5
 Etot   =    -33354.9055  EKtot   =      7099.0315  EPtot      =    -40453.9369
 BOND   =       151.7434  ANGLE   =       358.9610  DIHED      =       507.6185
 1-4 NB =       167.1209  1-4 EEL =      -366.3455  VDWAALS    =      4965.6774
 EELEC  =    -46238.7125  EHBOND  =         0.0000  RESTRAINT  =         0.0000
 EKCMT  =      3360.7837  VIRIAL  =      3356.9790  VOLUME     =    116823.2931
                                                    Density    =         1.0348
 Ewald error estimate:   0.2434E-04
 ------------------------------------------------------------------------------


 NSTEP =    32500   TIME(PS) =    1285.000  TEMP(K) =   297.04  PRESS =   239.2
 Etot   =    -33387.7585  EKtot   =      7033.6926  EPtot      =    -40421.4511
 BOND   =       146.3071  ANGLE   =       342.9627  DIHED      =       499.1320
 1-4 NB =       168.6995  1-4 EEL =      -346.4987  VDWAALS    =      4889.0840
 EELEC  =    -46121.1379  EHBOND  =         0.0000  RESTRAINT  =         0.0000
 EKCMT  =      3338.3014  VIRIAL  =      2734.7482  VOLUME     =    116865.6867
                                                    Density    =         1.0344
 Ewald error estimate:   0.3941E-04
 ------------------------------------------------------------------------------


 NSTEP =    32750   TIME(PS) =    1285.500  TEMP(K) =   298.41  PRESS =   159.8
 Etot   =    -33274.8743  EKtot   =      7066.2288  EPtot      =    -40341.1031
 BOND   =       157.6395  ANGLE   =       342.5061  DIHED      =       497.7706
 1-4 NB =       171.3790  1-4 EEL =      -337.6121  VDWAALS    =      4920.0897
 EELEC  =    -46092.8760  EHBOND  =         0.0000  RESTRAINT  =         0.0000
 EKCMT  =      3257.7557  VIRIAL  =      2854.6394  VOLUME     =    116821.3116
                                                    Density    =         1.0348
 Ewald error estimate:   0.2771E-03
 ------------------------------------------------------------------------------


 NSTEP =    33000   TIME(PS) =    1286.000  TEMP(K) =   297.40  PRESS =    11.9
 Etot   =    -33281.5936  EKtot   =      7042.1336  EPtot      =    -40323.7273
 BOND   =       157.7292  ANGLE   =       366.2728  DIHED      =       503.4839
 1-4 NB =       168.6838  1-4 EEL =      -332.8987  VDWAALS    =      4884.4619
 EELEC  =    -46071.4601  EHBOND  =         0.0000  RESTRAINT  =         0.0000
 EKCMT  =      3314.9133  VIRIAL  =      3284.8310  VOLUME     =    116998.0627
                                                    Density    =         1.0332
 Ewald error estimate:   0.8440E-04
 ------------------------------------------------------------------------------


 NSTEP =    33250   TIME(PS) =    1286.500  TEMP(K) =   303.71  PRESS =  -250.9
 Etot   =    -33299.2832  EKtot   =      7191.7710  EPtot      =    -40491.0543
 BOND   =       153.9403  ANGLE   =       336.7019  DIHED      =       497.8386
 1-4 NB =       176.0286  1-4 EEL =      -341.5526  VDWAALS    =      4714.0902
 EELEC  =    -46028.1012  EHBOND  =         0.0000  RESTRAINT  =         0.0000
 EKCMT  =      3310.3949  VIRIAL  =      3944.8250  VOLUME     =    117100.0945
                                                    Density    =         1.0323
 Ewald error estimate:   0.2805E-03
 ------------------------------------------------------------------------------


 NSTEP =    33500   TIME(PS) =    1287.000  TEMP(K) =   296.53  PRESS =  -132.4
 Etot   =    -33472.1163  EKtot   =      7021.7200  EPtot      =    -40493.8363
 BOND   =       144.6470  ANGLE   =       326.3033  DIHED      =       504.9445
 1-4 NB =       177.4811  1-4 EEL =      -329.8045  VDWAALS    =      4931.4608
 EELEC  =    -46248.8684  EHBOND  =         0.0000  RESTRAINT  =         0.0000
 EKCMT  =      3232.9133  VIRIAL  =      3567.5645  VOLUME     =    117049.9937
                                                    Density    =         1.0328
 Ewald error estimate:   0.2868E-03
 ------------------------------------------------------------------------------


 NSTEP =    33750   TIME(PS) =    1287.500  TEMP(K) =   299.00  PRESS =   146.9
 Etot   =    -33413.4838  EKtot   =      7080.1605  EPtot      =    -40493.6443
 BOND   =       164.4558  ANGLE   =       373.9777  DIHED      =       510.1494
 1-4 NB =       174.3523  1-4 EEL =      -368.2269  VDWAALS    =      5012.0825
 EELEC  =    -46360.4352  EHBOND  =         0.0000  RESTRAINT  =         0.0000
 EKCMT  =      3340.5769  VIRIAL  =      2969.1864  VOLUME     =    117056.6649
                                                    Density    =         1.0327
 Ewald error estimate:   0.5027E-04
 ------------------------------------------------------------------------------


 NSTEP =    34000   TIME(PS) =    1288.000  TEMP(K) =   293.56  PRESS =  -348.7
 Etot   =    -33502.5427  EKtot   =      6951.3084  EPtot      =    -40453.8511
 BOND   =       168.1563  ANGLE   =       358.6201  DIHED      =       489.1880
 1-4 NB =       179.4583  1-4 EEL =      -338.2835  VDWAALS    =      4794.7723
 EELEC  =    -46105.7625  EHBOND  =         0.0000  RESTRAINT  =         0.0000
 EKCMT  =      3238.3962  VIRIAL  =      4120.1268  VOLUME     =    117118.1323
                                                    Density    =         1.0322
 Ewald error estimate:   0.2161E-03
 ------------------------------------------------------------------------------


 NSTEP =    34250   TIME(PS) =    1288.500  TEMP(K) =   294.31  PRESS =   -44.0
 Etot   =    -33564.2934  EKtot   =      6969.1336  EPtot      =    -40533.4270
 BOND   =       155.6576  ANGLE   =       372.1477  DIHED      =       515.1371
 1-4 NB =       176.4611  1-4 EEL =      -330.9094  VDWAALS    =      5027.5844
 EELEC  =    -46449.5053  EHBOND  =         0.0000  RESTRAINT  =         0.0000
 EKCMT  =      3306.9542  VIRIAL  =      3418.1113  VOLUME     =    117043.2492
                                                    Density    =         1.0328
 Ewald error estimate:   0.1906E-03
 ------------------------------------------------------------------------------


 NSTEP =    34500   TIME(PS) =    1289.000  TEMP(K) =   295.66  PRESS =   -84.8
 Etot   =    -33570.6729  EKtot   =      7001.0840  EPtot      =    -40571.7568
 BOND   =       148.7951  ANGLE   =       361.2479  DIHED      =       510.7276
 1-4 NB =       165.0983  1-4 EEL =      -352.4324  VDWAALS    =      4962.3837
 EELEC  =    -46367.5771  EHBOND  =         0.0000  RESTRAINT  =         0.0000
 EKCMT  =      3297.9822  VIRIAL  =      3512.2295  VOLUME     =    117070.5615
                                                    Density    =         1.0326
 Ewald error estimate:   0.1714E-03
 ------------------------------------------------------------------------------


 NSTEP =    34750   TIME(PS) =    1289.500  TEMP(K) =   295.01  PRESS =   228.6
 Etot   =    -33626.1631  EKtot   =      6985.6490  EPtot      =    -40611.8120
 BOND   =       155.2557  ANGLE   =       353.3790  DIHED      =       486.8951
 1-4 NB =       167.4094  1-4 EEL =      -345.2075  VDWAALS    =      5013.3004
 EELEC  =    -46442.8441  EHBOND  =         0.0000  RESTRAINT  =         0.0000
 EKCMT  =      3274.8676  VIRIAL  =      2697.1424  VOLUME     =    117067.8626
                                                    Density    =         1.0326
 Ewald error estimate:   0.1203E-03
 ------------------------------------------------------------------------------


 NSTEP =    35000   TIME(PS) =    1290.000  TEMP(K) =   293.70  PRESS =    -2.8
 Etot   =    -33611.1737  EKtot   =      6954.5349  EPtot      =    -40565.7086
 BOND   =       161.7501  ANGLE   =       339.7433  DIHED      =       499.4682
 1-4 NB =       169.8857  1-4 EEL =      -351.2514  VDWAALS    =      4951.4970
 EELEC  =    -46336.8015  EHBOND  =         0.0000  RESTRAINT  =         0.0000
 EKCMT  =      3254.3617  VIRIAL  =      3261.4570  VOLUME     =    116977.2757
                                                    Density    =         1.0334
 Ewald error estimate:   0.1131E-03
 ------------------------------------------------------------------------------


 NSTEP =    35250   TIME(PS) =    1290.500  TEMP(K) =   296.68  PRESS =   -77.6
 Etot   =    -33501.2650  EKtot   =      7025.0956  EPtot      =    -40526.3606
 BOND   =       153.5323  ANGLE   =       356.8792  DIHED      =       488.5488
 1-4 NB =       166.8609  1-4 EEL =      -324.8432  VDWAALS    =      4922.7887
 EELEC  =    -46290.1272  EHBOND  =         0.0000  RESTRAINT  =         0.0000
 EKCMT  =      3363.9351  VIRIAL  =      3559.4425  VOLUME     =    116747.2231
                                                    Density    =         1.0355
 Ewald error estimate:   0.6034E-04
 ------------------------------------------------------------------------------


 NSTEP =    35500   TIME(PS) =    1291.000  TEMP(K) =   296.67  PRESS =   301.4
 Etot   =    -33313.9565  EKtot   =      7024.9397  EPtot      =    -40338.8962
 BOND   =       145.1642  ANGLE   =       351.2159  DIHED      =       488.6508
 1-4 NB =       169.6797  1-4 EEL =      -344.1800  VDWAALS    =      4880.8875
 EELEC  =    -46030.3142  EHBOND  =         0.0000  RESTRAINT  =         0.0000
 EKCMT  =      3372.6734  VIRIAL  =      2613.3691  VOLUME     =    116692.8594
                                                    Density    =         1.0359
 Ewald error estimate:   0.9652E-04
 ------------------------------------------------------------------------------


 NSTEP =    35750   TIME(PS) =    1291.500  TEMP(K) =   301.86  PRESS =  -384.5
 Etot   =    -33281.0041  EKtot   =      7147.9070  EPtot      =    -40428.9112
 BOND   =       149.7180  ANGLE   =       367.9060  DIHED      =       509.3809
 1-4 NB =       174.2140  1-4 EEL =      -346.9253  VDWAALS    =      4713.6304
 EELEC  =    -45996.8352  EHBOND  =         0.0000  RESTRAINT  =         0.0000
 EKCMT  =      3410.4077  VIRIAL  =      4378.6078  VOLUME     =    116618.9033
                                                    Density    =         1.0366
 Ewald error estimate:   0.6106E-04
 ------------------------------------------------------------------------------


 NSTEP =    36000   TIME(PS) =    1292.000  TEMP(K) =   298.16  PRESS =  -299.7
 Etot   =    -33346.3675  EKtot   =      7060.2566  EPtot      =    -40406.6241
 BOND   =       163.5285  ANGLE   =       368.3694  DIHED      =       504.8930
 1-4 NB =       166.7855  1-4 EEL =      -359.3228  VDWAALS    =      4730.8748
 EELEC  =    -45981.7525  EHBOND  =         0.0000  RESTRAINT  =         0.0000
 EKCMT  =      3270.8001  VIRIAL  =      4025.0656  VOLUME     =    116564.5548
                                                    Density    =         1.0371
 Ewald error estimate:   0.2393E-03
 ------------------------------------------------------------------------------


 NSTEP =    36250   TIME(PS) =    1292.500  TEMP(K) =   298.43  PRESS =   138.8
 Etot   =    -33345.5724  EKtot   =      7066.5989  EPtot      =    -40412.1714
 BOND   =       144.6608  ANGLE   =       338.4881  DIHED      =       511.5694
 1-4 NB =       175.2669  1-4 EEL =      -354.5271  VDWAALS    =      4933.4153
 EELEC  =    -46161.0447  EHBOND  =         0.0000  RESTRAINT  =         0.0000
 EKCMT  =      3340.6415  VIRIAL  =      2991.0440  VOLUME     =    116684.3977
                                                    Density    =         1.0360
 Ewald error estimate:   0.9554E-06
 ------------------------------------------------------------------------------


 NSTEP =    36500   TIME(PS) =    1293.000  TEMP(K) =   301.02  PRESS =   129.3
 Etot   =    -33217.4439  EKtot   =      7128.0473  EPtot      =    -40345.4912
 BOND   =       156.4676  ANGLE   =       373.6060  DIHED      =       497.3936
 1-4 NB =       175.4261  1-4 EEL =      -339.4297  VDWAALS    =      4915.4679
 EELEC  =    -46124.4227  EHBOND  =         0.0000  RESTRAINT  =         0.0000
 EKCMT  =      3284.4509  VIRIAL  =      2958.7847  VOLUME     =    116640.2369
                                                    Density    =         1.0364
 Ewald error estimate:   0.1513E-03
 ------------------------------------------------------------------------------


 NSTEP =    36750   TIME(PS) =    1293.500  TEMP(K) =   302.05  PRESS =    40.2
 Etot   =    -33200.6353  EKtot   =      7152.4507  EPtot      =    -40353.0860
 BOND   =       168.1076  ANGLE   =       362.1219  DIHED      =       498.8744
 1-4 NB =       170.3897  1-4 EEL =      -344.1308  VDWAALS    =      4783.4995
 EELEC  =    -45991.9483  EHBOND  =         0.0000  RESTRAINT  =         0.0000
 EKCMT  =      3381.5497  VIRIAL  =      3280.2278  VOLUME     =    116823.8358
                                                    Density    =         1.0348
 Ewald error estimate:   0.1710E-03
 ------------------------------------------------------------------------------


 NSTEP =    37000   TIME(PS) =    1294.000  TEMP(K) =   298.62  PRESS =   -32.0
 Etot   =    -33149.0434  EKtot   =      7071.0619  EPtot      =    -40220.1054
 BOND   =       159.0492  ANGLE   =       340.0552  DIHED      =       499.9974
 1-4 NB =       179.7486  1-4 EEL =      -333.7140  VDWAALS    =      4762.2765
 EELEC  =    -45827.5183  EHBOND  =         0.0000  RESTRAINT  =         0.0000
 EKCMT  =      3305.0850  VIRIAL  =      3385.9648  VOLUME     =    116944.2146
                                                    Density    =         1.0337
 Ewald error estimate:   0.9361E-04
 ------------------------------------------------------------------------------


 NSTEP =    37250   TIME(PS) =    1294.500  TEMP(K) =   302.56  PRESS =  -117.9
 Etot   =    -33173.7742  EKtot   =      7164.4321  EPtot      =    -40338.2063
 BOND   =       130.5094  ANGLE   =       356.0869  DIHED      =       504.6831
 1-4 NB =       173.9552  1-4 EEL =      -340.6656  VDWAALS    =      4776.6877
 EELEC  =    -45939.4630  EHBOND  =         0.0000  RESTRAINT  =         0.0000
 EKCMT  =      3376.4498  VIRIAL  =      3674.4938  VOLUME     =    117073.9660
                                                    Density    =         1.0326
 Ewald error estimate:   0.2260E-03
 ------------------------------------------------------------------------------


 NSTEP =    37500   TIME(PS) =    1295.000  TEMP(K) =   297.11  PRESS =  -205.4
 Etot   =    -33232.3429  EKtot   =      7035.3696  EPtot      =    -40267.7125
 BOND   =       151.0254  ANGLE   =       380.0219  DIHED      =       509.7590
 1-4 NB =       162.6898  1-4 EEL =      -363.1930  VDWAALS    =      4819.0122
 EELEC  =    -45927.0279  EHBOND  =         0.0000  RESTRAINT  =         0.0000
 EKCMT  =      3325.8230  VIRIAL  =      3845.6197  VOLUME     =    117189.7721
                                                    Density    =         1.0315
 Ewald error estimate:   0.1660E-04
 ------------------------------------------------------------------------------


 NSTEP =    37750   TIME(PS) =    1295.500  TEMP(K) =   304.26  PRESS =  -172.2
 Etot   =    -33346.1019  EKtot   =      7204.6234  EPtot      =    -40550.7253
 BOND   =       156.7792  ANGLE   =       358.0040  DIHED      =       497.0237
 1-4 NB =       166.7265  1-4 EEL =      -348.5248  VDWAALS    =      4902.7541
 EELEC  =    -46283.4880  EHBOND  =         0.0000  RESTRAINT  =         0.0000
 EKCMT  =      3357.6982  VIRIAL  =      3792.9835  VOLUME     =    117082.4410
                                                    Density    =         1.0325
 Ewald error estimate:   0.1474E-03
 ------------------------------------------------------------------------------


 NSTEP =    38000   TIME(PS) =    1296.000  TEMP(K) =   297.31  PRESS =   122.0
 Etot   =    -33346.4588  EKtot   =      7040.1336  EPtot      =    -40386.5924
 BOND   =       159.3053  ANGLE   =       369.9647  DIHED      =       505.0693
 1-4 NB =       171.9705  1-4 EEL =      -347.6653  VDWAALS    =      4866.8507
 EELEC  =    -46112.0876  EHBOND  =         0.0000  RESTRAINT  =         0.0000
 EKCMT  =      3260.7122  VIRIAL  =      2952.4518  VOLUME     =    117059.4868
                                                    Density    =         1.0327
 Ewald error estimate:   0.2633E-03
 ------------------------------------------------------------------------------


 NSTEP =    38250   TIME(PS) =    1296.500  TEMP(K) =   299.58  PRESS =   362.6
 Etot   =    -33463.0488  EKtot   =      7093.8517  EPtot      =    -40556.9005
 BOND   =       170.9462  ANGLE   =       358.5976  DIHED      =       501.7201
 1-4 NB =       186.4806  1-4 EEL =      -349.9691  VDWAALS    =      5133.4548
 EELEC  =    -46558.1307  EHBOND  =         0.0000  RESTRAINT  =         0.0000
 EKCMT  =      3323.7218  VIRIAL  =      2407.4474  VOLUME     =    117047.7192
                                                    Density    =         1.0328
 Ewald error estimate:   0.8728E-04
 ------------------------------------------------------------------------------


 NSTEP =    38500   TIME(PS) =    1297.000  TEMP(K) =   296.94  PRESS =    32.2
 Etot   =    -33485.6547  EKtot   =      7031.3878  EPtot      =    -40517.0424
 BOND   =       172.6728  ANGLE   =       365.0319  DIHED      =       496.0131
 1-4 NB =       175.2972  1-4 EEL =      -337.6533  VDWAALS    =      4918.1932
 EELEC  =    -46306.5973  EHBOND  =         0.0000  RESTRAINT  =         0.0000
 EKCMT  =      3225.7612  VIRIAL  =      3144.3534  VOLUME     =    117018.7770
                                                    Density    =         1.0331
 Ewald error estimate:   0.3638E-04
 ------------------------------------------------------------------------------


 NSTEP =    38750   TIME(PS) =    1297.500  TEMP(K) =   298.98  PRESS =   -72.4
 Etot   =    -33353.0915  EKtot   =      7079.7011  EPtot      =    -40432.7926
 BOND   =       148.7499  ANGLE   =       374.8340  DIHED      =       500.1686
 1-4 NB =       177.7393  1-4 EEL =      -351.1940  VDWAALS    =      4938.8715
 EELEC  =    -46221.9619  EHBOND  =         0.0000  RESTRAINT  =         0.0000
 EKCMT  =      3246.6482  VIRIAL  =      3429.6978  VOLUME     =    117036.2319
                                                    Density    =         1.0329
 Ewald error estimate:   0.1216E-03
 ------------------------------------------------------------------------------


 NSTEP =    39000   TIME(PS) =    1298.000  TEMP(K) =   297.16  PRESS =   276.0
 Etot   =    -33344.2387  EKtot   =      7036.5724  EPtot      =    -40380.8111
 BOND   =       161.3754  ANGLE   =       335.4750  DIHED      =       510.0128
 1-4 NB =       170.1270  1-4 EEL =      -332.7838  VDWAALS    =      5038.3547
 EELEC  =    -46263.3722  EHBOND  =         0.0000  RESTRAINT  =         0.0000
 EKCMT  =      3245.7359  VIRIAL  =      2547.4352  VOLUME     =    117172.2336
                                                    Density    =         1.0317
 Ewald error estimate:   0.2636E-04
 ------------------------------------------------------------------------------


 NSTEP =    39250   TIME(PS) =    1298.500  TEMP(K) =   302.02  PRESS =   -53.4
 Etot   =    -33322.7016  EKtot   =      7151.6031  EPtot      =    -40474.3047
 BOND   =       156.0417  ANGLE   =       347.0138  DIHED      =       504.1621
 1-4 NB =       175.3461  1-4 EEL =      -338.0023  VDWAALS    =      4822.1100
 EELEC  =    -46140.9761  EHBOND  =         0.0000  RESTRAINT  =         0.0000
 EKCMT  =      3332.4074  VIRIAL  =      3467.5799  VOLUME     =    117222.5060
                                                    Density    =         1.0313
 Ewald error estimate:   0.1279E-03
 ------------------------------------------------------------------------------


 NSTEP =    39500   TIME(PS) =    1299.000  TEMP(K) =   298.66  PRESS =   -12.1
 Etot   =    -33343.5473  EKtot   =      7071.9661  EPtot      =    -40415.5133
 BOND   =       157.7920  ANGLE   =       342.4830  DIHED      =       501.7494
 1-4 NB =       168.7818  1-4 EEL =      -351.0413  VDWAALS    =      4866.0077
 EELEC  =    -46101.2859  EHBOND  =         0.0000  RESTRAINT  =         0.0000
 EKCMT  =      3286.4527  VIRIAL  =      3317.1801  VOLUME     =    117151.6722
                                                    Density    =         1.0319
 Ewald error estimate:   0.6356E-04
 ------------------------------------------------------------------------------


 NSTEP =    39750   TIME(PS) =    1299.500  TEMP(K) =   297.47  PRESS =   243.5
 Etot   =    -33320.7696  EKtot   =      7043.8635  EPtot      =    -40364.6331
 BOND   =       149.1273  ANGLE   =       354.2610  DIHED      =       502.6022
 1-4 NB =       178.5982  1-4 EEL =      -351.3255  VDWAALS    =      5008.4998
 EELEC  =    -46206.3961  EHBOND  =         0.0000  RESTRAINT  =         0.0000
 EKCMT  =      3261.8095  VIRIAL  =      2645.3100  VOLUME     =    117265.9402
                                                    Density    =         1.0309
 Ewald error estimate:   0.6170E-04
 ------------------------------------------------------------------------------


 NSTEP =    40000   TIME(PS) =    1300.000  TEMP(K) =   297.41  PRESS =   418.6
 Etot   =    -33255.7824  EKtot   =      7042.4210  EPtot      =    -40298.2035
 BOND   =       171.3824  ANGLE   =       365.6048  DIHED      =       504.0474
 1-4 NB =       168.3806  1-4 EEL =      -348.4165  VDWAALS    =      5074.9129
 EELEC  =    -46234.1151  EHBOND  =         0.0000  RESTRAINT  =         0.0000
 EKCMT  =      3291.4956  VIRIAL  =      2231.9188  VOLUME     =    117244.3514
                                                    Density    =         1.0311
 Ewald error estimate:   0.4927E-04
 ------------------------------------------------------------------------------


 NSTEP =    40250   TIME(PS) =    1300.500  TEMP(K) =   298.70  PRESS =   241.4
 Etot   =    -33197.5289  EKtot   =      7072.9807  EPtot      =    -40270.5096
 BOND   =       171.3313  ANGLE   =       356.4616  DIHED      =       509.5119
 1-4 NB =       165.1253  1-4 EEL =      -347.4794  VDWAALS    =      4940.3381
 EELEC  =    -46065.7985  EHBOND  =         0.0000  RESTRAINT  =         0.0000
 EKCMT  =      3326.5760  VIRIAL  =      2715.4682  VOLUME     =    117268.1297
                                                    Density    =         1.0309
 Ewald error estimate:   0.1694E-03
 ------------------------------------------------------------------------------


 NSTEP =    40500   TIME(PS) =    1301.000  TEMP(K) =   302.18  PRESS =  -198.8
 Etot   =    -33216.2350  EKtot   =      7155.5146  EPtot      =    -40371.7496
 BOND   =       157.1384  ANGLE   =       335.1177  DIHED      =       515.8943
 1-4 NB =       170.5932  1-4 EEL =      -342.6202  VDWAALS    =      4874.8747
 EELEC  =    -46082.7477  EHBOND  =         0.0000  RESTRAINT  =         0.0000
 EKCMT  =      3291.4480  VIRIAL  =      3794.4795  VOLUME     =    117201.0229
                                                    Density    =         1.0314
 Ewald error estimate:   0.4899E-04
 ------------------------------------------------------------------------------


 NSTEP =    40750   TIME(PS) =    1301.500  TEMP(K) =   300.93  PRESS =    46.8
 Etot   =    -33081.5375  EKtot   =      7125.7680  EPtot      =    -40207.3054
 BOND   =       153.5326  ANGLE   =       344.2503  DIHED      =       497.5917
 1-4 NB =       172.9156  1-4 EEL =      -334.5604  VDWAALS    =      4770.0328
 EELEC  =    -45811.0681  EHBOND  =         0.0000  RESTRAINT  =         0.0000
 EKCMT  =      3380.0497  VIRIAL  =      3261.8065  VOLUME     =    117032.0027
                                                    Density    =         1.0329
 Ewald error estimate:   0.1594E-03
 ------------------------------------------------------------------------------


 NSTEP =    41000   TIME(PS) =    1302.000  TEMP(K) =   303.83  PRESS =   -11.9
 Etot   =    -33114.1670  EKtot   =      7194.4965  EPtot      =    -40308.6636
 BOND   =       164.2804  ANGLE   =       362.7614  DIHED      =       495.5153
 1-4 NB =       168.3196  1-4 EEL =      -351.4140  VDWAALS    =      4881.2865
 EELEC  =    -46029.4128  EHBOND  =         0.0000  RESTRAINT  =         0.0000
 EKCMT  =      3348.1320  VIRIAL  =      3378.2024  VOLUME     =    116883.9928
                                                    Density    =         1.0342
 Ewald error estimate:   0.1614E-03
 ------------------------------------------------------------------------------


 NSTEP =    41250   TIME(PS) =    1302.500  TEMP(K) =   302.86  PRESS =  -352.6
 Etot   =    -33219.9396  EKtot   =      7171.5253  EPtot      =    -40391.4649
 BOND   =       177.1855  ANGLE   =       341.3419  DIHED      =       506.9229
 1-4 NB =       165.2278  1-4 EEL =      -344.3498  VDWAALS    =      4727.2461
 EELEC  =    -45965.0392  EHBOND  =         0.0000  RESTRAINT  =         0.0000
 EKCMT  =      3335.1472  VIRIAL  =      4225.8569  VOLUME     =    116991.0615
                                                    Density    =         1.0333
 Ewald error estimate:   0.8729E-04
 ------------------------------------------------------------------------------


 NSTEP =    41500   TIME(PS) =    1303.000  TEMP(K) =   300.24  PRESS =    36.0
 Etot   =    -33240.3819  EKtot   =      7109.4671  EPtot      =    -40349.8491
 BOND   =       160.5129  ANGLE   =       354.6587  DIHED      =       508.5432
 1-4 NB =       162.8101  1-4 EEL =      -357.6839  VDWAALS    =      4772.7981
 EELEC  =    -45951.4881  EHBOND  =         0.0000  RESTRAINT  =         0.0000
 EKCMT  =      3296.3085  VIRIAL  =      3205.5236  VOLUME     =    116737.1648
                                                    Density    =         1.0355
 Ewald error estimate:   0.7988E-06
 ------------------------------------------------------------------------------


 NSTEP =    41750   TIME(PS) =    1303.500  TEMP(K) =   303.14  PRESS =   493.7
 Etot   =    -33193.6822  EKtot   =      7178.2757  EPtot      =    -40371.9579
 BOND   =       153.0007  ANGLE   =       362.5364  DIHED      =       509.0151
 1-4 NB =       175.6714  1-4 EEL =      -335.1111  VDWAALS    =      5063.5549
 EELEC  =    -46300.6252  EHBOND  =         0.0000  RESTRAINT  =         0.0000
 EKCMT  =      3379.6423  VIRIAL  =      2133.3411  VOLUME     =    116927.3586
                                                    Density    =         1.0339
 Ewald error estimate:   0.1110E-04
 ------------------------------------------------------------------------------


 NSTEP =    42000   TIME(PS) =    1304.000  TEMP(K) =   302.00  PRESS =   126.5
 Etot   =    -33210.8524  EKtot   =      7151.1654  EPtot      =    -40362.0178
 BOND   =       164.5067  ANGLE   =       371.3766  DIHED      =       509.5674
 1-4 NB =       172.4904  1-4 EEL =      -354.7902  VDWAALS    =      4890.9007
 EELEC  =    -46116.0693  EHBOND  =         0.0000  RESTRAINT  =         0.0000
 EKCMT  =      3301.9113  VIRIAL  =      2981.7352  VOLUME     =    117205.6840
                                                    Density    =         1.0314
 Ewald error estimate:   0.1058E-03
 ------------------------------------------------------------------------------


 NSTEP =    42250   TIME(PS) =    1304.500  TEMP(K) =   303.19  PRESS =  -115.9
 Etot   =    -33262.6698  EKtot   =      7179.4282  EPtot      =    -40442.0980
 BOND   =       167.0115  ANGLE   =       360.8835  DIHED      =       518.0991
 1-4 NB =       166.8718  1-4 EEL =      -356.9705  VDWAALS    =      4845.7264
 EELEC  =    -46143.7199  EHBOND  =         0.0000  RESTRAINT  =         0.0000
 EKCMT  =      3367.9513  VIRIAL  =      3660.8834  VOLUME     =    117082.6480
                                                    Density    =         1.0325
 Ewald error estimate:   0.7573E-04
 ------------------------------------------------------------------------------


 NSTEP =    42500   TIME(PS) =    1305.000  TEMP(K) =   302.51  PRESS =   345.8
 Etot   =    -33146.7397  EKtot   =      7163.3496  EPtot      =    -40310.0893
 BOND   =       160.9642  ANGLE   =       352.6054  DIHED      =       490.4361
 1-4 NB =       171.3929  1-4 EEL =      -378.7612  VDWAALS    =      4983.9062
 EELEC  =    -46090.6328  EHBOND  =         0.0000  RESTRAINT  =         0.0000
 EKCMT  =      3343.0773  VIRIAL  =      2468.4847  VOLUME     =    117131.6546
                                                    Density    =         1.0321
 Ewald error estimate:   0.1213E-03
 ------------------------------------------------------------------------------


 NSTEP =    42750   TIME(PS) =    1305.500  TEMP(K) =   296.82  PRESS =  -171.0
 Etot   =    -33214.4243  EKtot   =      7028.4508  EPtot      =    -40242.8751
 BOND   =       158.4908  ANGLE   =       360.6823  DIHED      =       507.1308
 1-4 NB =       162.4778  1-4 EEL =      -358.4886  VDWAALS    =      4754.7608
 EELEC  =    -45827.9290  EHBOND  =         0.0000  RESTRAINT  =         0.0000
 EKCMT  =      3304.4916  VIRIAL  =      3737.3834  VOLUME     =    117262.3432
                                                    Density    =         1.0309
 Ewald error estimate:   0.1008E-03
 ------------------------------------------------------------------------------


 NSTEP =    43000   TIME(PS) =    1306.000  TEMP(K) =   297.61  PRESS =  -229.5
 Etot   =    -33206.6282  EKtot   =      7047.1298  EPtot      =    -40253.7580
 BOND   =       171.7035  ANGLE   =       354.8700  DIHED      =       498.2937
 1-4 NB =       163.4874  1-4 EEL =      -335.9844  VDWAALS    =      4735.9272
 EELEC  =    -45842.0553  EHBOND  =         0.0000  RESTRAINT  =         0.0000
 EKCMT  =      3267.5399  VIRIAL  =      3846.9517  VOLUME     =    116950.3992
                                                    Density    =         1.0337
 Ewald error estimate:   0.1595E-03
 ------------------------------------------------------------------------------


 NSTEP =    43250   TIME(PS) =    1306.500  TEMP(K) =   307.23  PRESS =   466.4
 Etot   =    -33170.9084  EKtot   =      7274.9654  EPtot      =    -40445.8738
 BOND   =       153.6085  ANGLE   =       368.7986  DIHED      =       511.1452
 1-4 NB =       169.7092  1-4 EEL =      -359.3200  VDWAALS    =      4891.5059
 EELEC  =    -46181.3213  EHBOND  =         0.0000  RESTRAINT  =         0.0000
 EKCMT  =      3475.4877  VIRIAL  =      2296.6619  VOLUME     =    117073.2470
                                                    Density    =         1.0326
 Ewald error estimate:   0.1067E-03
 ------------------------------------------------------------------------------


 NSTEP =    43500   TIME(PS) =    1307.000  TEMP(K) =   301.01  PRESS =   359.8
 Etot   =    -33106.7769  EKtot   =      7127.8036  EPtot      =    -40234.5805
 BOND   =       141.9473  ANGLE   =       385.1967  DIHED      =       508.8910
 1-4 NB =       169.2032  1-4 EEL =      -324.4344  VDWAALS    =      4990.8685
 EELEC  =    -46106.2527  EHBOND  =         0.0000  RESTRAINT  =         0.0000
 EKCMT  =      3356.5082  VIRIAL  =      2444.8512  VOLUME     =    117351.3739
                                                    Density    =         1.0301
 Ewald error estimate:   0.9381E-04
 ------------------------------------------------------------------------------


 NSTEP =    43750   TIME(PS) =    1307.500  TEMP(K) =   305.35  PRESS =  -333.8
 Etot   =    -33068.6129  EKtot   =      7230.4469  EPtot      =    -40299.0598
 BOND   =       151.1011  ANGLE   =       361.3148  DIHED      =       500.8664
 1-4 NB =       166.1269  1-4 EEL =      -348.5776  VDWAALS    =      4852.2512
 EELEC  =    -45982.1427  EHBOND  =         0.0000  RESTRAINT  =         0.0000
 EKCMT  =      3338.1807  VIRIAL  =      4182.6238  VOLUME     =    117171.2768
                                                    Density    =         1.0317
 Ewald error estimate:   0.1122E-04
 ------------------------------------------------------------------------------


 NSTEP =    44000   TIME(PS) =    1308.000  TEMP(K) =   304.45  PRESS =   -36.3
 Etot   =    -33015.4036  EKtot   =      7209.0757  EPtot      =    -40224.4794
 BOND   =       162.0193  ANGLE   =       351.5988  DIHED      =       502.4727
 1-4 NB =       169.8770  1-4 EEL =      -363.5444  VDWAALS    =      4749.9493
 EELEC  =    -45796.8521  EHBOND  =         0.0000  RESTRAINT  =         0.0000
 EKCMT  =      3433.1512  VIRIAL  =      3525.0926  VOLUME     =    117247.4496
                                                    Density    =         1.0310
 Ewald error estimate:   0.4210E-04
 ------------------------------------------------------------------------------


 NSTEP =    44250   TIME(PS) =    1308.500  TEMP(K) =   299.65  PRESS =  -211.8
 Etot   =    -32978.8003  EKtot   =      7095.5517  EPtot      =    -40074.3520
 BOND   =       147.1717  ANGLE   =       343.6469  DIHED      =       502.2078
 1-4 NB =       175.5274  1-4 EEL =      -328.3111  VDWAALS    =      4683.4573
 EELEC  =    -45598.0519  EHBOND  =         0.0000  RESTRAINT  =         0.0000
 EKCMT  =      3306.1163  VIRIAL  =      3842.5899  VOLUME     =    117291.4688
                                                    Density    =         1.0307
 Ewald error estimate:   0.6971E-05
 ------------------------------------------------------------------------------


 NSTEP =    44500   TIME(PS) =    1309.000  TEMP(K) =   303.64  PRESS =   134.5
 Etot   =    -32911.3712  EKtot   =      7189.8914  EPtot      =    -40101.2626
 BOND   =       154.2365  ANGLE   =       369.6681  DIHED      =       488.0266
 1-4 NB =       167.4159  1-4 EEL =      -362.7839  VDWAALS    =      4886.2261
 EELEC  =    -45804.0519  EHBOND  =         0.0000  RESTRAINT  =         0.0000
 EKCMT  =      3310.7609  VIRIAL  =      2969.8626  VOLUME     =    117405.7517
                                                    Density    =         1.0297
 Ewald error estimate:   0.7774E-04
 ------------------------------------------------------------------------------


 NSTEP =    44750   TIME(PS) =    1309.500  TEMP(K) =   303.80  PRESS =    62.4
 Etot   =    -33048.0313  EKtot   =      7193.7359  EPtot      =    -40241.7672
 BOND   =       162.6019  ANGLE   =       361.4011  DIHED      =       494.5826
 1-4 NB =       165.0862  1-4 EEL =      -348.3806  VDWAALS    =      4893.3071
 EELEC  =    -45970.3655  EHBOND  =         0.0000  RESTRAINT  =         0.0000
 EKCMT  =      3325.5092  VIRIAL  =      3167.4048  VOLUME     =    117333.2962
                                                    Density    =         1.0303
 Ewald error estimate:   0.1113E-04
 ------------------------------------------------------------------------------


 NSTEP =    45000   TIME(PS) =    1310.000  TEMP(K) =   300.52  PRESS =   115.0
 Etot   =    -33122.9663  EKtot   =      7116.1696  EPtot      =    -40239.1359
 BOND   =       163.6080  ANGLE   =       341.1894  DIHED      =       493.0804
 1-4 NB =       163.2941  1-4 EEL =      -347.3620  VDWAALS    =      4909.8213
 EELEC  =    -45962.7670  EHBOND  =         0.0000  RESTRAINT  =         0.0000
 EKCMT  =      3357.8772  VIRIAL  =      3066.1198  VOLUME     =    117469.3900
                                                    Density    =         1.0291
 Ewald error estimate:   0.2920E-04
 ------------------------------------------------------------------------------


 NSTEP =    45250   TIME(PS) =    1310.500  TEMP(K) =   302.67  PRESS =   -63.5
 Etot   =    -33141.8025  EKtot   =      7167.0104  EPtot      =    -40308.8129
 BOND   =       139.0250  ANGLE   =       353.7447  DIHED      =       516.6494
 1-4 NB =       172.6324  1-4 EEL =      -339.3520  VDWAALS    =      4807.7803
 EELEC  =    -45959.2928  EHBOND  =         0.0000  RESTRAINT  =         0.0000
 EKCMT  =      3382.7266  VIRIAL  =      3543.4949  VOLUME     =    117348.1524
                                                    Density    =         1.0302
 Ewald error estimate:   0.6660E-04
 ------------------------------------------------------------------------------


 NSTEP =    45500   TIME(PS) =    1311.000  TEMP(K) =   305.66  PRESS =    48.5
 Etot   =    -33217.1780  EKtot   =      7237.8934  EPtot      =    -40455.0714
 BOND   =       161.7245  ANGLE   =       364.5687  DIHED      =       520.8649
 1-4 NB =       165.0781  1-4 EEL =      -356.7927  VDWAALS    =      4873.7419
 EELEC  =    -46184.2568  EHBOND  =         0.0000  RESTRAINT  =         0.0000
 EKCMT  =      3409.8197  VIRIAL  =      3286.8071  VOLUME     =    117419.0704
                                                    Density    =         1.0295
 Ewald error estimate:   0.8494E-04
 ------------------------------------------------------------------------------


 NSTEP =    45750   TIME(PS) =    1311.500  TEMP(K) =   301.01  PRESS =  -129.5
 Etot   =    -33172.2110  EKtot   =      7127.6442  EPtot      =    -40299.8552
 BOND   =       159.1940  ANGLE   =       362.6487  DIHED      =       514.3885
 1-4 NB =       170.5981  1-4 EEL =      -327.1480  VDWAALS    =      4798.2038
 EELEC  =    -45977.7404  EHBOND  =         0.0000  RESTRAINT  =         0.0000
 EKCMT  =      3332.1183  VIRIAL  =      3660.0880  VOLUME     =    117324.5103
                                                    Density    =         1.0304
 Ewald error estimate:   0.1708E-03
 ------------------------------------------------------------------------------


 NSTEP =    46000   TIME(PS) =    1312.000  TEMP(K) =   303.80  PRESS =  -180.5
 Etot   =    -33250.4647  EKtot   =      7193.9091  EPtot      =    -40444.3737
 BOND   =       166.3020  ANGLE   =       332.0269  DIHED      =       513.0629
 1-4 NB =       161.8727  1-4 EEL =      -364.9110  VDWAALS    =      4848.1672
 EELEC  =    -46100.8944  EHBOND  =         0.0000  RESTRAINT  =         0.0000
 EKCMT  =      3361.2071  VIRIAL  =      3817.9307  VOLUME     =    117164.8188
                                                    Density    =         1.0318
 Ewald error estimate:   0.7149E-04
 ------------------------------------------------------------------------------


 NSTEP =    46250   TIME(PS) =    1312.500  TEMP(K) =   297.52  PRESS =    53.2
 Etot   =    -33253.6057  EKtot   =      7045.1784  EPtot      =    -40298.7842
 BOND   =       163.3838  ANGLE   =       353.0920  DIHED      =       516.2622
 1-4 NB =       167.7736  1-4 EEL =      -367.9229  VDWAALS    =      4928.5417
 EELEC  =    -46059.9144  EHBOND  =         0.0000  RESTRAINT  =         0.0000
 EKCMT  =      3299.4066  VIRIAL  =      3164.8151  VOLUME     =    117150.5350
                                                    Density    =         1.0319
 Ewald error estimate:   0.7594E-04
 ------------------------------------------------------------------------------


 NSTEP =    46500   TIME(PS) =    1313.000  TEMP(K) =   302.46  PRESS =   127.9
 Etot   =    -33141.3153  EKtot   =      7161.9880  EPtot      =    -40303.3032
 BOND   =       153.8284  ANGLE   =       354.3558  DIHED      =       503.8588
 1-4 NB =       166.8024  1-4 EEL =      -353.8966  VDWAALS    =      4845.9247
 EELEC  =    -45974.1767  EHBOND  =         0.0000  RESTRAINT  =         0.0000
 EKCMT  =      3365.6229  VIRIAL  =      3042.7295  VOLUME     =    116969.7421
                                                    Density    =         1.0335
 Ewald error estimate:   0.1299E-04
 ------------------------------------------------------------------------------


 NSTEP =    46750   TIME(PS) =    1313.500  TEMP(K) =   297.66  PRESS =   -65.6
 Etot   =    -33157.8383  EKtot   =      7048.3329  EPtot      =    -40206.1712
 BOND   =       168.2379  ANGLE   =       366.0360  DIHED      =       510.2924
 1-4 NB =       167.6178  1-4 EEL =      -333.4728  VDWAALS    =      4765.7278
 EELEC  =    -45850.6104  EHBOND  =         0.0000  RESTRAINT  =         0.0000
 EKCMT  =      3280.3173  VIRIAL  =      3446.3036  VOLUME     =    117132.5487
                                                    Density    =         1.0321
 Ewald error estimate:   0.1767E-03
 ------------------------------------------------------------------------------


 NSTEP =    47000   TIME(PS) =    1314.000  TEMP(K) =   299.60  PRESS =   398.6
 Etot   =    -33143.8804  EKtot   =      7094.2887  EPtot      =    -40238.1691
 BOND   =       151.5885  ANGLE   =       349.6870  DIHED      =       504.7873
 1-4 NB =       161.4312  1-4 EEL =      -337.0750  VDWAALS    =      4991.2400
 EELEC  =    -46059.8282  EHBOND  =         0.0000  RESTRAINT  =         0.0000
 EKCMT  =      3277.6281  VIRIAL  =      2269.2524  VOLUME     =    117174.7229
                                                    Density    =         1.0317
 Ewald error estimate:   0.2379E-04
 ------------------------------------------------------------------------------


 NSTEP =    47250   TIME(PS) =    1314.500  TEMP(K) =   300.59  PRESS =  -144.2
 Etot   =    -33178.2886  EKtot   =      7117.7794  EPtot      =    -40296.0680
 BOND   =       168.7212  ANGLE   =       340.1405  DIHED      =       526.4437
 1-4 NB =       161.3913  1-4 EEL =      -358.7847  VDWAALS    =      4832.5621
 EELEC  =    -45966.5423  EHBOND  =         0.0000  RESTRAINT  =         0.0000
 EKCMT  =      3380.0570  VIRIAL  =      3744.8503  VOLUME     =    117194.0287
                                                    Density    =         1.0315
 Ewald error estimate:   0.2113E-04
 ------------------------------------------------------------------------------


 NSTEP =    47500   TIME(PS) =    1315.000  TEMP(K) =   297.88  PRESS =   182.5
 Etot   =    -33230.9126  EKtot   =      7053.5716  EPtot      =    -40284.4842
 BOND   =       144.5366  ANGLE   =       369.7242  DIHED      =       501.5489
 1-4 NB =       169.5535  1-4 EEL =      -347.4875  VDWAALS    =      4919.9844
 EELEC  =    -46042.3443  EHBOND  =         0.0000  RESTRAINT  =         0.0000
 EKCMT  =      3302.8838  VIRIAL  =      2841.0108  VOLUME     =    117227.6114
                                                    Density    =         1.0312
 Ewald error estimate:   0.2646E-04
 ------------------------------------------------------------------------------


 NSTEP =    47750   TIME(PS) =    1315.500  TEMP(K) =   296.29  PRESS =   143.6
 Etot   =    -33231.1538  EKtot   =      7015.9507  EPtot      =    -40247.1045
 BOND   =       161.9113  ANGLE   =       349.5913  DIHED      =       506.3691
 1-4 NB =       165.9370  1-4 EEL =      -356.7317  VDWAALS    =      4893.0627
 EELEC  =    -45967.2442  EHBOND  =         0.0000  RESTRAINT  =         0.0000
 EKCMT  =      3288.7121  VIRIAL  =      2924.9194  VOLUME     =    117314.8463
                                                    Density    =         1.0304
 Ewald error estimate:   0.1133E-03
 ------------------------------------------------------------------------------


 NSTEP =    48000   TIME(PS) =    1316.000  TEMP(K) =   299.88  PRESS =  -184.0
 Etot   =    -33338.1631  EKtot   =      7100.9111  EPtot      =    -40439.0742
 BOND   =       154.0861  ANGLE   =       346.3528  DIHED      =       505.4328
 1-4 NB =       174.3727  1-4 EEL =      -328.2834  VDWAALS    =      4831.2604
 EELEC  =    -46122.2954  EHBOND  =         0.0000  RESTRAINT  =         0.0000
 EKCMT  =      3287.8841  VIRIAL  =      3754.0778  VOLUME     =    117315.7047
                                                    Density    =         1.0304
 Ewald error estimate:   0.7782E-04
 ------------------------------------------------------------------------------


 NSTEP =    48250   TIME(PS) =    1316.500  TEMP(K) =   296.24  PRESS =     4.8
 Etot   =    -33457.1302  EKtot   =      7014.6951  EPtot      =    -40471.8253
 BOND   =       151.6564  ANGLE   =       364.2957  DIHED      =       501.1796
 1-4 NB =       172.6348  1-4 EEL =      -340.7128  VDWAALS    =      4965.7378
 EELEC  =    -46286.6167  EHBOND  =         0.0000  RESTRAINT  =         0.0000
 EKCMT  =      3280.6344  VIRIAL  =      3268.4955  VOLUME     =    117235.8455
                                                    Density    =         1.0311
 Ewald error estimate:   0.9408E-04
 ------------------------------------------------------------------------------


 NSTEP =    48500   TIME(PS) =    1317.000  TEMP(K) =   295.56  PRESS =  -466.5
 Etot   =    -33411.4993  EKtot   =      6998.5986  EPtot      =    -40410.0979
 BOND   =       153.0598  ANGLE   =       335.9795  DIHED      =       513.3287
 1-4 NB =       172.7310  1-4 EEL =      -352.1604  VDWAALS    =      4780.5429
 EELEC  =    -46013.5793  EHBOND  =         0.0000  RESTRAINT  =         0.0000
 EKCMT  =      3248.2736  VIRIAL  =      4427.1064  VOLUME     =    117033.6232
                                                    Density    =         1.0329
 Ewald error estimate:   0.1712E-03
 ------------------------------------------------------------------------------


 NSTEP =    48750   TIME(PS) =    1317.500  TEMP(K) =   298.12  PRESS =   498.4
 Etot   =    -33531.3810  EKtot   =      7059.3016  EPtot      =    -40590.6826
 BOND   =       148.7507  ANGLE   =       351.0500  DIHED      =       486.8552
 1-4 NB =       180.1878  1-4 EEL =      -335.7692  VDWAALS    =      5168.9121
 EELEC  =    -46590.6692  EHBOND  =         0.0000  RESTRAINT  =         0.0000
 EKCMT  =      3334.0758  VIRIAL  =      2074.5948  VOLUME     =    117051.8116
                                                    Density    =         1.0328
 Ewald error estimate:   0.1864E-03
 ------------------------------------------------------------------------------


 NSTEP =    49000   TIME(PS) =    1318.000  TEMP(K) =   298.05  PRESS =   121.5
 Etot   =    -33490.6191  EKtot   =      7057.7536  EPtot      =    -40548.3727
 BOND   =       154.8228  ANGLE   =       346.3258  DIHED      =       504.7955
 1-4 NB =       179.2840  1-4 EEL =      -335.2117  VDWAALS    =      4919.2317
 EELEC  =    -46317.6208  EHBOND  =         0.0000  RESTRAINT  =         0.0000
 EKCMT  =      3251.1009  VIRIAL  =      2943.8128  VOLUME     =    117154.1707
                                                    Density    =         1.0319
 Ewald error estimate:   0.1664E-03
 ------------------------------------------------------------------------------


 NSTEP =    49250   TIME(PS) =    1318.500  TEMP(K) =   298.65  PRESS =  -198.0
 Etot   =    -33481.5935  EKtot   =      7071.7917  EPtot      =    -40553.3852
 BOND   =       149.6541  ANGLE   =       360.7483  DIHED      =       506.9669
 1-4 NB =       165.7846  1-4 EEL =      -374.9176  VDWAALS    =      4861.2683
 EELEC  =    -46222.8897  EHBOND  =         0.0000  RESTRAINT  =         0.0000
 EKCMT  =      3345.3381  VIRIAL  =      3845.5303  VOLUME     =    117016.3693
                                                    Density    =         1.0331
 Ewald error estimate:   0.1768E-03
 ------------------------------------------------------------------------------


 NSTEP =    49500   TIME(PS) =    1319.000  TEMP(K) =   295.91  PRESS =  -164.8
 Etot   =    -33410.1371  EKtot   =      7006.8891  EPtot      =    -40417.0262
 BOND   =       158.1882  ANGLE   =       370.7033  DIHED      =       510.8798
 1-4 NB =       173.6527  1-4 EEL =      -348.2900  VDWAALS    =      4871.8265
 EELEC  =    -46153.9868  EHBOND  =         0.0000  RESTRAINT  =         0.0000
 EKCMT  =      3251.7635  VIRIAL  =      3668.5146  VOLUME     =    117103.7311
                                                    Density    =         1.0323
 Ewald error estimate:   0.7899E-04
 ------------------------------------------------------------------------------


 NSTEP =    49750   TIME(PS) =    1319.500  TEMP(K) =   300.37  PRESS =   -37.3
 Etot   =    -33438.7337  EKtot   =      7112.5498  EPtot      =    -40551.2835
 BOND   =       174.3564  ANGLE   =       352.4133  DIHED      =       508.8446
 1-4 NB =       166.3446  1-4 EEL =      -353.9575  VDWAALS    =      4920.0821
 EELEC  =    -46319.3670  EHBOND  =         0.0000  RESTRAINT  =         0.0000
 EKCMT  =      3337.6409  VIRIAL  =      3431.8381  VOLUME     =    116958.3198
                                                    Density    =         1.0336
 Ewald error estimate:   0.3195E-04
 ------------------------------------------------------------------------------


 NSTEP =    50000   TIME(PS) =    1320.000  TEMP(K) =   294.54  PRESS =   425.6
 Etot   =    -33390.9670  EKtot   =      6974.6158  EPtot      =    -40365.5828
 BOND   =       162.9255  ANGLE   =       371.5778  DIHED      =       508.2944
 1-4 NB =       168.9215  1-4 EEL =      -352.0167  VDWAALS    =      4972.7278
 EELEC  =    -46198.0130  EHBOND  =         0.0000  RESTRAINT  =         0.0000
 EKCMT  =      3263.6347  VIRIAL  =      2189.4172  VOLUME     =    116905.9914
                                                    Density    =         1.0341
 Ewald error estimate:   0.6145E-04
 ------------------------------------------------------------------------------


 NSTEP =    50250   TIME(PS) =    1320.500  TEMP(K) =   296.62  PRESS =   399.8
 Etot   =    -33408.6626  EKtot   =      7023.7890  EPtot      =    -40432.4516
 BOND   =       139.1029  ANGLE   =       338.1742  DIHED      =       507.6722
 1-4 NB =       177.7270  1-4 EEL =      -353.3424  VDWAALS    =      4904.5449
 EELEC  =    -46146.3305  EHBOND  =         0.0000  RESTRAINT  =         0.0000
 EKCMT  =      3273.8447  VIRIAL  =      2265.3394  VOLUME     =    116817.5267
                                                    Density    =         1.0348
 Ewald error estimate:   0.1384E-04
 ------------------------------------------------------------------------------


 NSTEP =    50500   TIME(PS) =    1321.000  TEMP(K) =   296.73  PRESS =  -183.4
 Etot   =    -33438.9003  EKtot   =      7026.2681  EPtot      =    -40465.1684
 BOND   =       149.8002  ANGLE   =       353.1123  DIHED      =       509.5741
 1-4 NB =       167.8980  1-4 EEL =      -358.0794  VDWAALS    =      4840.7203
 EELEC  =    -46128.1938  EHBOND  =         0.0000  RESTRAINT  =         0.0000
 EKCMT  =      3300.7937  VIRIAL  =      3763.4616  VOLUME     =    116841.1454
                                                    Density    =         1.0346
 Ewald error estimate:   0.8109E-04
 ------------------------------------------------------------------------------


 NSTEP =    50750   TIME(PS) =    1321.500  TEMP(K) =   301.27  PRESS =     0.1
 Etot   =    -33341.3537  EKtot   =      7133.9890  EPtot      =    -40475.3428
 BOND   =       153.1800  ANGLE   =       350.5556  DIHED      =       510.9227
 1-4 NB =       175.1991  1-4 EEL =      -353.5714  VDWAALS    =      4777.3590
 EELEC  =    -46088.9876  EHBOND  =         0.0000  RESTRAINT  =         0.0000
 EKCMT  =      3326.8093  VIRIAL  =      3326.5580  VOLUME     =    116850.4146
                                                    Density    =         1.0345
 Ewald error estimate:   0.3542E-05
 ------------------------------------------------------------------------------


 NSTEP =    51000   TIME(PS) =    1322.000  TEMP(K) =   300.13  PRESS =   -11.9
 Etot   =    -33450.0126  EKtot   =      7106.9215  EPtot      =    -40556.9341
 BOND   =       149.9850  ANGLE   =       348.9984  DIHED      =       496.5691
 1-4 NB =       166.7167  1-4 EEL =      -363.8399  VDWAALS    =      4905.1727
 EELEC  =    -46260.5362  EHBOND  =         0.0000  RESTRAINT  =         0.0000
 EKCMT  =      3288.5872  VIRIAL  =      3318.5397  VOLUME     =    116780.5086
                                                    Density    =         1.0352
 Ewald error estimate:   0.8542E-04
 ------------------------------------------------------------------------------


 NSTEP =    51250   TIME(PS) =    1322.500  TEMP(K) =   297.29  PRESS =  -102.7
 Etot   =    -33497.5144  EKtot   =      7039.7244  EPtot      =    -40537.2388
 BOND   =       139.7704  ANGLE   =       339.7707  DIHED      =       498.8889
 1-4 NB =       168.1836  1-4 EEL =      -348.7938  VDWAALS    =      4892.4453
 EELEC  =    -46227.5040  EHBOND  =         0.0000  RESTRAINT  =         0.0000
 EKCMT  =      3326.6841  VIRIAL  =      3585.4100  VOLUME     =    116633.5991
                                                    Density    =         1.0365
 Ewald error estimate:   0.9557E-05
 ------------------------------------------------------------------------------


 NSTEP =    51500   TIME(PS) =    1323.000  TEMP(K) =   298.82  PRESS =  -244.9
 Etot   =    -33473.3798  EKtot   =      7075.8665  EPtot      =    -40549.2463
 BOND   =       158.1232  ANGLE   =       337.3211  DIHED      =       514.0027
 1-4 NB =       159.8043  1-4 EEL =      -343.0724  VDWAALS    =      4730.4484
 EELEC  =    -46105.8736  EHBOND  =         0.0000  RESTRAINT  =         0.0000
 EKCMT  =      3344.1116  VIRIAL  =      3960.7064  VOLUME     =    116621.1111
                                                    Density    =         1.0366
 Ewald error estimate:   0.1132E-03
 ------------------------------------------------------------------------------


 NSTEP =    51750   TIME(PS) =    1323.500  TEMP(K) =   301.50  PRESS =   -70.4
 Etot   =    -33349.7796  EKtot   =      7139.2479  EPtot      =    -40489.0275
 BOND   =       158.5208  ANGLE   =       361.1598  DIHED      =       521.0977
 1-4 NB =       167.3174  1-4 EEL =      -366.9273  VDWAALS    =      4816.3780
 EELEC  =    -46146.5740  EHBOND  =         0.0000  RESTRAINT  =         0.0000
 EKCMT  =      3427.0404  VIRIAL  =      3604.2386  VOLUME     =    116577.2049
                                                    Density    =         1.0370
 Ewald error estimate:   0.9746E-04
 ------------------------------------------------------------------------------


 NSTEP =    52000   TIME(PS) =    1324.000  TEMP(K) =   296.12  PRESS =  -450.9
 Etot   =    -33377.4922  EKtot   =      7011.9395  EPtot      =    -40389.4316
 BOND   =       162.6510  ANGLE   =       346.8763  DIHED      =       511.8635
 1-4 NB =       164.1201  1-4 EEL =      -384.2645  VDWAALS    =      4639.0152
 EELEC  =    -45829.6933  EHBOND  =         0.0000  RESTRAINT  =         0.0000
 EKCMT  =      3328.9029  VIRIAL  =      4462.5256  VOLUME     =    116453.0823
                                                    Density    =         1.0381
 Ewald error estimate:   0.7827E-04
 ------------------------------------------------------------------------------


 NSTEP =    52250   TIME(PS) =    1324.500  TEMP(K) =   297.54  PRESS =   254.1
 Etot   =    -33340.7804  EKtot   =      7045.5093  EPtot      =    -40386.2897
 BOND   =       160.2336  ANGLE   =       345.0706  DIHED      =       498.6428
 1-4 NB =       171.7088  1-4 EEL =      -363.2978  VDWAALS    =      4916.2344
 EELEC  =    -46114.8820  EHBOND  =         0.0000  RESTRAINT  =         0.0000
 EKCMT  =      3343.2823  VIRIAL  =      2703.8441  VOLUME     =    116548.1846
                                                    Density    =         1.0372
 Ewald error estimate:   0.1491E-04
 ------------------------------------------------------------------------------


 NSTEP =    52500   TIME(PS) =    1325.000  TEMP(K) =   298.60  PRESS =   186.7
 Etot   =    -33270.5960  EKtot   =      7070.5558  EPtot      =    -40341.1518
 BOND   =       144.7961  ANGLE   =       358.4310  DIHED      =       502.6706
 1-4 NB =       166.7488  1-4 EEL =      -354.6617  VDWAALS    =      4923.5152
 EELEC  =    -46082.6518  EHBOND  =         0.0000  RESTRAINT  =         0.0000
 EKCMT  =      3269.4489  VIRIAL  =      2799.4591  VOLUME     =    116589.3500
                                                    Density    =         1.0369
 Ewald error estimate:   0.1153E-04
 ------------------------------------------------------------------------------


 NSTEP =    52750   TIME(PS) =    1325.500  TEMP(K) =   299.58  PRESS =   -44.2
 Etot   =    -33379.3787  EKtot   =      7093.8738  EPtot      =    -40473.2524
 BOND   =       141.4071  ANGLE   =       371.7948  DIHED      =       501.7993
 1-4 NB =       172.7356  1-4 EEL =      -335.3977  VDWAALS    =      4801.5763
 EELEC  =    -46127.1679  EHBOND  =         0.0000  RESTRAINT  =         0.0000
 EKCMT  =      3344.3177  VIRIAL  =      3455.6640  VOLUME     =    116687.1328
                                                    Density    =         1.0360
 Ewald error estimate:   0.4188E-04
 ------------------------------------------------------------------------------


 NSTEP =    53000   TIME(PS) =    1326.000  TEMP(K) =   301.58  PRESS =  -294.4
 Etot   =    -33250.5792  EKtot   =      7141.1287  EPtot      =    -40391.7080
 BOND   =       172.3776  ANGLE   =       333.3896  DIHED      =       517.4794
 1-4 NB =       171.2058  1-4 EEL =      -348.3120  VDWAALS    =      4796.1288
 EELEC  =    -46033.9770  EHBOND  =         0.0000  RESTRAINT  =         0.0000
 EKCMT  =      3334.4738  VIRIAL  =      4075.6586  VOLUME     =    116611.3624
                                                    Density    =         1.0367
 Ewald error estimate:   0.1443E-03
 ------------------------------------------------------------------------------


 NSTEP =    53250   TIME(PS) =    1326.500  TEMP(K) =   300.06  PRESS =   -12.4
 Etot   =    -33273.5129  EKtot   =      7105.3429  EPtot      =    -40378.8558
 BOND   =       149.9990  ANGLE   =       355.7858  DIHED      =       498.3165
 1-4 NB =       166.5811  1-4 EEL =      -351.3682  VDWAALS    =      4877.3226
 EELEC  =    -46075.4925  EHBOND  =         0.0000  RESTRAINT  =         0.0000
 EKCMT  =      3284.1826  VIRIAL  =      3315.4086  VOLUME     =    116696.6924
                                                    Density    =         1.0359
 Ewald error estimate:   0.1010E-03
 ------------------------------------------------------------------------------


 NSTEP =    53500   TIME(PS) =    1327.000  TEMP(K) =   300.60  PRESS =  -185.0
 Etot   =    -33286.2350  EKtot   =      7118.0392  EPtot      =    -40404.2742
 BOND   =       148.2583  ANGLE   =       360.6850  DIHED      =       506.8277
 1-4 NB =       173.7007  1-4 EEL =      -345.6658  VDWAALS    =      4775.2017
 EELEC  =    -46023.2818  EHBOND  =         0.0000  RESTRAINT  =         0.0000
 EKCMT  =      3338.4412  VIRIAL  =      3804.4458  VOLUME     =    116656.6970
                                                    Density    =         1.0363
 Ewald error estimate:   0.2055E-05
 ------------------------------------------------------------------------------


 NSTEP =    53750   TIME(PS) =    1327.500  TEMP(K) =   303.22  PRESS =   -41.5
 Etot   =    -33194.3004  EKtot   =      7180.0127  EPtot      =    -40374.3130
 BOND   =       161.1873  ANGLE   =       361.9909  DIHED      =       502.7367
 1-4 NB =       178.0456  1-4 EEL =      -342.4527  VDWAALS    =      4802.2359
 EELEC  =    -46038.0567  EHBOND  =         0.0000  RESTRAINT  =         0.0000
 EKCMT  =      3359.6878  VIRIAL  =      3464.0603  VOLUME     =    116576.6587
                                                    Density    =         1.0370
 Ewald error estimate:   0.5896E-04
 ------------------------------------------------------------------------------


 NSTEP =    54000   TIME(PS) =    1328.000  TEMP(K) =   299.90  PRESS =    29.2
 Etot   =    -33244.5921  EKtot   =      7101.4878  EPtot      =    -40346.0799
 BOND   =       152.8937  ANGLE   =       368.3777  DIHED      =       507.3300
 1-4 NB =       173.2549  1-4 EEL =      -345.9140  VDWAALS    =      4918.4182
 EELEC  =    -46120.4403  EHBOND  =         0.0000  RESTRAINT  =         0.0000
 EKCMT  =      3363.6301  VIRIAL  =      3290.1836  VOLUME     =    116416.2485
                                                    Density    =         1.0384
 Ewald error estimate:   0.1461E-03
 ------------------------------------------------------------------------------


 NSTEP =    54250   TIME(PS) =    1328.500  TEMP(K) =   305.18  PRESS =    72.4
 Etot   =    -33195.0417  EKtot   =      7226.4182  EPtot      =    -40421.4599
 BOND   =       169.7888  ANGLE   =       364.3155  DIHED      =       480.9251
 1-4 NB =       163.0281  1-4 EEL =      -365.1757  VDWAALS    =      4880.0624
 EELEC  =    -46114.4040  EHBOND  =         0.0000  RESTRAINT  =         0.0000
 EKCMT  =      3384.8796  VIRIAL  =      3202.6202  VOLUME     =    116605.2327
                                                    Density    =         1.0367
 Ewald error estimate:   0.3902E-03
 ------------------------------------------------------------------------------


 NSTEP =    54500   TIME(PS) =    1329.000  TEMP(K) =   299.32  PRESS =  -102.8
 Etot   =    -33370.8779  EKtot   =      7087.6535  EPtot      =    -40458.5314
 BOND   =       154.6060  ANGLE   =       357.2190  DIHED      =       497.7193
 1-4 NB =       167.7544  1-4 EEL =      -340.5553  VDWAALS    =      4831.9643
 EELEC  =    -46127.2392  EHBOND  =         0.0000  RESTRAINT  =         0.0000
 EKCMT  =      3254.7045  VIRIAL  =      3513.4894  VOLUME     =    116575.8614
                                                    Density    =         1.0370
 Ewald error estimate:   0.2462E-03
 ------------------------------------------------------------------------------


 NSTEP =    54750   TIME(PS) =    1329.500  TEMP(K) =   297.49  PRESS =   -47.5
 Etot   =    -33416.1324  EKtot   =      7044.3625  EPtot      =    -40460.4949
 BOND   =       173.3714  ANGLE   =       352.1099  DIHED      =       501.7187
 1-4 NB =       159.4871  1-4 EEL =      -344.4656  VDWAALS    =      4782.0647
 EELEC  =    -46084.7811  EHBOND  =         0.0000  RESTRAINT  =         0.0000
 EKCMT  =      3238.2078  VIRIAL  =      3357.8658  VOLUME     =    116590.2158
                                                    Density    =         1.0369
 Ewald error estimate:   0.2157E-03
 ------------------------------------------------------------------------------


 NSTEP =    55000   TIME(PS) =    1330.000  TEMP(K) =   297.77  PRESS =    21.0
 Etot   =    -33354.7864  EKtot   =      7051.0897  EPtot      =    -40405.8760
 BOND   =       175.9289  ANGLE   =       329.1603  DIHED      =       495.6035
 1-4 NB =       171.4550  1-4 EEL =      -337.2877  VDWAALS    =      4853.8065
 EELEC  =    -46094.5425  EHBOND  =         0.0000  RESTRAINT  =         0.0000
 EKCMT  =      3277.4593  VIRIAL  =      3224.6123  VOLUME     =    116559.1091
                                                    Density    =         1.0371
 Ewald error estimate:   0.4673E-04
 ------------------------------------------------------------------------------


 NSTEP =    55250   TIME(PS) =    1330.500  TEMP(K) =   297.97  PRESS =   -60.1
 Etot   =    -33349.5259  EKtot   =      7055.8382  EPtot      =    -40405.3641
 BOND   =       151.9415  ANGLE   =       336.2998  DIHED      =       506.5633
 1-4 NB =       175.0387  1-4 EEL =      -325.9191  VDWAALS    =      4763.8377
 EELEC  =    -46013.1260  EHBOND  =         0.0000  RESTRAINT  =         0.0000
 EKCMT  =      3321.9141  VIRIAL  =      3473.0713  VOLUME     =    116536.4009
                                                    Density    =         1.0373
 Ewald error estimate:   0.6638E-04
 ------------------------------------------------------------------------------


 NSTEP =    55500   TIME(PS) =    1331.000  TEMP(K) =   296.37  PRESS =   394.5
 Etot   =    -33282.4647  EKtot   =      7017.8211  EPtot      =    -40300.2858
 BOND   =       140.2041  ANGLE   =       344.6611  DIHED      =       513.9199
 1-4 NB =       175.2147  1-4 EEL =      -322.7832  VDWAALS    =      4838.0705
 EELEC  =    -45989.5729  EHBOND  =         0.0000  RESTRAINT  =         0.0000
 EKCMT  =      3243.4708  VIRIAL  =      2251.1957  VOLUME     =    116505.5448
                                                    Density    =         1.0376
 Ewald error estimate:   0.1221E-03
 ------------------------------------------------------------------------------


 NSTEP =    55750   TIME(PS) =    1331.500  TEMP(K) =   298.07  PRESS =  -202.6
 Etot   =    -33386.4850  EKtot   =      7058.1548  EPtot      =    -40444.6399
 BOND   =       151.8612  ANGLE   =       362.8260  DIHED      =       515.6311
 1-4 NB =       169.3193  1-4 EEL =      -346.8722  VDWAALS    =      4777.4938
 EELEC  =    -46074.8990  EHBOND  =         0.0000  RESTRAINT  =         0.0000
 EKCMT  =      3305.0474  VIRIAL  =      3815.2911  VOLUME     =    116626.5102
                                                    Density    =         1.0365
 Ewald error estimate:   0.2343E-03
 ------------------------------------------------------------------------------


 NSTEP =    56000   TIME(PS) =    1332.000  TEMP(K) =   296.25  PRESS =   -79.1
 Etot   =    -33366.2089  EKtot   =      7015.0041  EPtot      =    -40381.2130
 BOND   =       153.6970  ANGLE   =       342.9535  DIHED      =       505.0989
 1-4 NB =       168.4501  1-4 EEL =      -345.7362  VDWAALS    =      4763.8940
 EELEC  =    -45969.5703  EHBOND  =         0.0000  RESTRAINT  =         0.0000
 EKCMT  =      3260.1860  VIRIAL  =      3459.4102  VOLUME     =    116659.7026
                                                    Density    =         1.0362
 Ewald error estimate:   0.1366E-04
 ------------------------------------------------------------------------------


 NSTEP =    56250   TIME(PS) =    1332.500  TEMP(K) =   296.35  PRESS =    56.1
 Etot   =    -33334.7350  EKtot   =      7017.4416  EPtot      =    -40352.1765
 BOND   =       156.5891  ANGLE   =       328.2673  DIHED      =       525.4349
 1-4 NB =       168.9533  1-4 EEL =      -344.7222  VDWAALS    =      4767.0634
 EELEC  =    -45953.7625  EHBOND  =         0.0000  RESTRAINT  =         0.0000
 EKCMT  =      3265.3669  VIRIAL  =      3124.1023  VOLUME     =    116673.9645
                                                    Density    =         1.0361
 Ewald error estimate:   0.1399E-03
 ------------------------------------------------------------------------------


 NSTEP =    56500   TIME(PS) =    1333.000  TEMP(K) =   300.43  PRESS =   -74.3
 Etot   =    -33331.2000  EKtot   =      7114.0229  EPtot      =    -40445.2229
 BOND   =       164.4285  ANGLE   =       376.2616  DIHED      =       504.4155
 1-4 NB =       178.1566  1-4 EEL =      -335.8577  VDWAALS    =      4812.1078
 EELEC  =    -46144.7353  EHBOND  =         0.0000  RESTRAINT  =         0.0000
 EKCMT  =      3315.2161  VIRIAL  =      3502.1317  VOLUME     =    116495.5665
                                                    Density    =         1.0377
 Ewald error estimate:   0.7801E-04
 ------------------------------------------------------------------------------


 NSTEP =    56750   TIME(PS) =    1333.500  TEMP(K) =   299.00  PRESS =   -71.0
 Etot   =    -33224.5877  EKtot   =      7080.0186  EPtot      =    -40304.6063
 BOND   =       143.1962  ANGLE   =       330.7491  DIHED      =       520.3432
 1-4 NB =       171.1052  1-4 EEL =      -332.8075  VDWAALS    =      4787.8874
 EELEC  =    -45925.0800  EHBOND  =         0.0000  RESTRAINT  =         0.0000
 EKCMT  =      3276.3280  VIRIAL  =      3455.0766  VOLUME     =    116561.2483
                                                    Density    =         1.0371
 Ewald error estimate:   0.9842E-04
 ------------------------------------------------------------------------------


 NSTEP =    57000   TIME(PS) =    1334.000  TEMP(K) =   298.68  PRESS =    -7.0
 Etot   =    -33322.7500  EKtot   =      7072.6050  EPtot      =    -40395.3550
 BOND   =       145.8985  ANGLE   =       348.9618  DIHED      =       512.1029
 1-4 NB =       171.6268  1-4 EEL =      -323.3647  VDWAALS    =      4939.5140
 EELEC  =    -46190.0943  EHBOND  =         0.0000  RESTRAINT  =         0.0000
 EKCMT  =      3293.8778  VIRIAL  =      3311.6122  VOLUME     =    116547.0824
                                                    Density    =         1.0372
 Ewald error estimate:   0.1899E-04
 ------------------------------------------------------------------------------


 NSTEP =    57250   TIME(PS) =    1334.500  TEMP(K) =   300.77  PRESS =   -64.1
 Etot   =    -33283.8109  EKtot   =      7121.9757  EPtot      =    -40405.7866
 BOND   =       160.2330  ANGLE   =       357.6277  DIHED      =       526.9678
 1-4 NB =       167.7104  1-4 EEL =      -356.6358  VDWAALS    =      4825.1995
 EELEC  =    -46086.8891  EHBOND  =         0.0000  RESTRAINT  =         0.0000
 EKCMT  =      3306.9496  VIRIAL  =      3468.2823  VOLUME     =    116593.9889
                                                    Density    =         1.0368
 Ewald error estimate:   0.1299E-03
 ------------------------------------------------------------------------------


 NSTEP =    57500   TIME(PS) =    1335.000  TEMP(K) =   300.09  PRESS =   209.5
 Etot   =    -33192.2124  EKtot   =      7105.9592  EPtot      =    -40298.1716
 BOND   =       175.2721  ANGLE   =       357.9360  DIHED      =       507.2353
 1-4 NB =       172.1930  1-4 EEL =      -343.3158  VDWAALS    =      4870.1178
 EELEC  =    -46037.6099  EHBOND  =         0.0000  RESTRAINT  =         0.0000
 EKCMT  =      3251.7204  VIRIAL  =      2723.8357  VOLUME     =    116678.4765
                                                    Density    =         1.0361
 Ewald error estimate:   0.1333E-03
 ------------------------------------------------------------------------------


 NSTEP =    57750   TIME(PS) =    1335.500  TEMP(K) =   303.81  PRESS =    66.0
 Etot   =    -33149.9263  EKtot   =      7194.1311  EPtot      =    -40344.0574
 BOND   =       181.9306  ANGLE   =       329.8663  DIHED      =       515.4291
 1-4 NB =       170.1725  1-4 EEL =      -339.8668  VDWAALS    =      4826.8358
 EELEC  =    -46028.4248  EHBOND  =         0.0000  RESTRAINT  =         0.0000
 EKCMT  =      3340.1581  VIRIAL  =      3173.8279  VOLUME     =    116695.7603
                                                    Density    =         1.0359
 Ewald error estimate:   0.1602E-04
 ------------------------------------------------------------------------------


 NSTEP =    58000   TIME(PS) =    1336.000  TEMP(K) =   301.89  PRESS =  -182.5
 Etot   =    -33115.1606  EKtot   =      7148.6391  EPtot      =    -40263.7997
 BOND   =       153.9340  ANGLE   =       360.5384  DIHED      =       498.8862
 1-4 NB =       170.4932  1-4 EEL =      -343.3823  VDWAALS    =      4711.2765
 EELEC  =    -45815.5457  EHBOND  =         0.0000  RESTRAINT  =         0.0000
 EKCMT  =      3361.9035  VIRIAL  =      3822.0909  VOLUME     =    116802.9039
                                                    Density    =         1.0350
 Ewald error estimate:   0.1313E-03
 ------------------------------------------------------------------------------


 NSTEP =    58250   TIME(PS) =    1336.500  TEMP(K) =   299.09  PRESS =   377.1
 Etot   =    -33174.9914  EKtot   =      7082.2579  EPtot      =    -40257.2493
 BOND   =       150.4540  ANGLE   =       354.1867  DIHED      =       500.0020
 1-4 NB =       171.9802  1-4 EEL =      -344.1695  VDWAALS    =      4970.9117
 EELEC  =    -46060.6145  EHBOND  =         0.0000  RESTRAINT  =         0.0000
 EKCMT  =      3300.1032  VIRIAL  =      2348.9586  VOLUME     =    116803.4384
                                                    Density    =         1.0350
 Ewald error estimate:   0.2527E-04
 ------------------------------------------------------------------------------


 NSTEP =    58500   TIME(PS) =    1337.000  TEMP(K) =   294.48  PRESS =  -122.0
 Etot   =    -33343.0104  EKtot   =      6973.1149  EPtot      =    -40316.1253
 BOND   =       148.8832  ANGLE   =       357.9165  DIHED      =       503.7363
 1-4 NB =       167.8451  1-4 EEL =      -353.4601  VDWAALS    =      4875.5997
 EELEC  =    -46016.6459  EHBOND  =         0.0000  RESTRAINT  =         0.0000
 EKCMT  =      3269.2162  VIRIAL  =      3576.9848  VOLUME     =    116850.8683
                                                    Density    =         1.0345
 Ewald error estimate:   0.2211E-03
 ------------------------------------------------------------------------------


 NSTEP =    58750   TIME(PS) =    1337.500  TEMP(K) =   299.33  PRESS =   233.8
 Etot   =    -33354.5414  EKtot   =      7087.9892  EPtot      =    -40442.5306
 BOND   =       153.2304  ANGLE   =       345.6536  DIHED      =       514.2429
 1-4 NB =       169.3667  1-4 EEL =      -369.9865  VDWAALS    =      4905.8215
 EELEC  =    -46160.8592  EHBOND  =         0.0000  RESTRAINT  =         0.0000
 EKCMT  =      3288.6330  VIRIAL  =      2697.9967  VOLUME     =    117019.4935
                                                    Density    =         1.0330
 Ewald error estimate:   0.1680E-03
 ------------------------------------------------------------------------------


 NSTEP =    59000   TIME(PS) =    1338.000  TEMP(K) =   295.64  PRESS =   -89.6
 Etot   =    -33359.3494  EKtot   =      7000.5095  EPtot      =    -40359.8590
 BOND   =       159.5148  ANGLE   =       326.0506  DIHED      =       516.9226
 1-4 NB =       176.2202  1-4 EEL =      -342.9676  VDWAALS    =      4715.3915
 EELEC  =    -45910.9910  EHBOND  =         0.0000  RESTRAINT  =         0.0000
 EKCMT  =      3293.9735  VIRIAL  =      3520.2863  VOLUME     =    117042.0415
                                                    Density    =         1.0329
 Ewald error estimate:   0.1605E-03
 ------------------------------------------------------------------------------


 NSTEP =    59250   TIME(PS) =    1338.500  TEMP(K) =   298.81  PRESS =   388.1
 Etot   =    -33349.1498  EKtot   =      7075.6021  EPtot      =    -40424.7519
 BOND   =       149.0164  ANGLE   =       341.2247  DIHED      =       521.3931
 1-4 NB =       175.1647  1-4 EEL =      -354.3761  VDWAALS    =      5025.7468
 EELEC  =    -46282.9216  EHBOND  =         0.0000  RESTRAINT  =         0.0000
 EKCMT  =      3237.5906  VIRIAL  =      2256.9349  VOLUME     =    117037.5404
                                                    Density    =         1.0329
 Ewald error estimate:   0.1627E-03
 ------------------------------------------------------------------------------


 NSTEP =    59500   TIME(PS) =    1339.000  TEMP(K) =   300.43  PRESS =   203.9
 Etot   =    -33231.7864  EKtot   =      7114.0457  EPtot      =    -40345.8321
 BOND   =       151.5402  ANGLE   =       355.2965  DIHED      =       498.1831
 1-4 NB =       162.9722  1-4 EEL =      -370.6338  VDWAALS    =      4976.0259
 EELEC  =    -46119.2163  EHBOND  =         0.0000  RESTRAINT  =         0.0000
 EKCMT  =      3338.1080  VIRIAL  =      2822.1696  VOLUME     =    117184.2945
                                                    Density    =         1.0316
 Ewald error estimate:   0.2215E-03
 ------------------------------------------------------------------------------


 NSTEP =    59750   TIME(PS) =    1339.500  TEMP(K) =   300.21  PRESS =  -172.7
 Etot   =    -33265.0467  EKtot   =      7108.7907  EPtot      =    -40373.8375
 BOND   =       154.9302  ANGLE   =       338.2036  DIHED      =       503.1756
 1-4 NB =       171.2436  1-4 EEL =      -355.4001  VDWAALS    =      4825.0317
 EELEC  =    -46011.0220  EHBOND  =         0.0000  RESTRAINT  =         0.0000
 EKCMT  =      3333.2568  VIRIAL  =      3770.3444  VOLUME     =    117223.6480
                                                    Density    =         1.0313
 Ewald error estimate:   0.9544E-04
 ------------------------------------------------------------------------------


 NSTEP =    60000   TIME(PS) =    1340.000  TEMP(K) =   302.37  PRESS =   -50.9
 Etot   =    -33205.0529  EKtot   =      7159.9537  EPtot      =    -40365.0066
 BOND   =       143.8493  ANGLE   =       329.4124  DIHED      =       507.4666
 1-4 NB =       172.2135  1-4 EEL =      -359.5033  VDWAALS    =      4843.3526
 EELEC  =    -46001.7978  EHBOND  =         0.0000  RESTRAINT  =         0.0000
 EKCMT  =      3321.8164  VIRIAL  =      3450.5167  VOLUME     =    117134.5415
                                                    Density    =         1.0320
 Ewald error estimate:   0.4863E-04
 ------------------------------------------------------------------------------


 NSTEP =    60250   TIME(PS) =    1340.500  TEMP(K) =   298.71  PRESS =   110.5
 Etot   =    -33107.4677  EKtot   =      7073.2300  EPtot      =    -40180.6976
 BOND   =       151.2461  ANGLE   =       334.4245  DIHED      =       507.4843
 1-4 NB =       171.7915  1-4 EEL =      -365.1995  VDWAALS    =      4738.1119
 EELEC  =    -45718.5565  EHBOND  =         0.0000  RESTRAINT  =         0.0000
 EKCMT  =      3307.8708  VIRIAL  =      3028.7741  VOLUME     =    117018.9816
                                                    Density    =         1.0331
 Ewald error estimate:   0.7909E-04
 ------------------------------------------------------------------------------


 NSTEP =    60500   TIME(PS) =    1341.000  TEMP(K) =   303.44  PRESS =   -43.4
 Etot   =    -33190.4208  EKtot   =      7185.2494  EPtot      =    -40375.6702
 BOND   =       157.3507  ANGLE   =       333.9557  DIHED      =       501.4575
 1-4 NB =       162.1894  1-4 EEL =      -350.4700  VDWAALS    =      4819.1220
 EELEC  =    -45999.2755  EHBOND  =         0.0000  RESTRAINT  =         0.0000
 EKCMT  =      3332.4298  VIRIAL  =      3442.1192  VOLUME     =    116959.6733
                                                    Density    =         1.0336
 Ewald error estimate:   0.2587E-03
 ------------------------------------------------------------------------------


 NSTEP =    60750   TIME(PS) =    1341.500  TEMP(K) =   303.15  PRESS =  -126.8
 Etot   =    -33083.8610  EKtot   =      7178.3399  EPtot      =    -40262.2009
 BOND   =       146.0609  ANGLE   =       343.1587  DIHED      =       506.5000
 1-4 NB =       171.2274  1-4 EEL =      -353.2439  VDWAALS    =      4823.9368
 EELEC  =    -45899.8409  EHBOND  =         0.0000  RESTRAINT  =         0.0000
 EKCMT  =      3319.2905  VIRIAL  =      3639.6108  VOLUME     =    116985.6747
                                                    Density    =         1.0333
 Ewald error estimate:   0.2192E-03
 ------------------------------------------------------------------------------


 NSTEP =    61000   TIME(PS) =    1342.000  TEMP(K) =   305.57  PRESS =   167.8
 Etot   =    -33223.1676  EKtot   =      7235.8150  EPtot      =    -40458.9826
 BOND   =       142.9718  ANGLE   =       366.8500  DIHED      =       495.1714
 1-4 NB =       172.1103  1-4 EEL =      -356.6534  VDWAALS    =      4892.5259
 EELEC  =    -46171.9586  EHBOND  =         0.0000  RESTRAINT  =         0.0000
 EKCMT  =      3450.3435  VIRIAL  =      3026.1674  VOLUME     =    117068.8637
                                                    Density    =         1.0326
 Ewald error estimate:   0.2270E-03
 ------------------------------------------------------------------------------


 NSTEP =    61250   TIME(PS) =    1342.500  TEMP(K) =   299.64  PRESS =  -288.6
 Etot   =    -33255.3629  EKtot   =      7095.3607  EPtot      =    -40350.7235
 BOND   =       139.9967  ANGLE   =       351.6713  DIHED      =       485.9663
 1-4 NB =       169.6136  1-4 EEL =      -351.1531  VDWAALS    =      4759.5211
 EELEC  =    -45906.3394  EHBOND  =         0.0000  RESTRAINT  =         0.0000
 EKCMT  =      3307.6961  VIRIAL  =      4037.3367  VOLUME     =    117093.9791
                                                    Density    =         1.0324
 Ewald error estimate:   0.2528E-04
 ------------------------------------------------------------------------------


 NSTEP =    61500   TIME(PS) =    1343.000  TEMP(K) =   295.71  PRESS =  -117.6
 Etot   =    -33404.2246  EKtot   =      7002.3373  EPtot      =    -40406.5620
 BOND   =       164.0699  ANGLE   =       332.7393  DIHED      =       497.1535
 1-4 NB =       165.9987  1-4 EEL =      -350.8764  VDWAALS    =      4724.7004
 EELEC  =    -45940.3475  EHBOND  =         0.0000  RESTRAINT  =         0.0000
 EKCMT  =      3339.3631  VIRIAL  =      3636.6121  VOLUME     =    117017.7336
                                                    Density    =         1.0331
 Ewald error estimate:   0.6579E-05
 ------------------------------------------------------------------------------


 NSTEP =    61750   TIME(PS) =    1343.500  TEMP(K) =   297.76  PRESS =  -119.9
 Etot   =    -33267.3480  EKtot   =      7050.8310  EPtot      =    -40318.1790
 BOND   =       159.8562  ANGLE   =       359.9588  DIHED      =       498.8585
 1-4 NB =       168.0607  1-4 EEL =      -348.6354  VDWAALS    =      4905.1370
 EELEC  =    -46061.4149  EHBOND  =         0.0000  RESTRAINT  =         0.0000
 EKCMT  =      3322.7257  VIRIAL  =      3626.1313  VOLUME     =    117156.3062
                                                    Density    =         1.0318
 Ewald error estimate:   0.1647E-03
 ------------------------------------------------------------------------------


 NSTEP =    62000   TIME(PS) =    1344.000  TEMP(K) =   299.72  PRESS =  -301.1
 Etot   =    -33367.1477  EKtot   =      7097.1633  EPtot      =    -40464.3110
 BOND   =       165.2704  ANGLE   =       335.8346  DIHED      =       501.9450
 1-4 NB =       176.4253  1-4 EEL =      -346.0865  VDWAALS    =      4742.2207
 EELEC  =    -46039.9205  EHBOND  =         0.0000  RESTRAINT  =         0.0000
 EKCMT  =      3342.3028  VIRIAL  =      4103.9586  VOLUME     =    117139.9201
                                                    Density    =         1.0320
 Ewald error estimate:   0.2461E-03
 ------------------------------------------------------------------------------


 NSTEP =    62250   TIME(PS) =    1344.500  TEMP(K) =   302.44  PRESS =  -348.8
 Etot   =    -33296.1972  EKtot   =      7161.5931  EPtot      =    -40457.7903
 BOND   =       162.6815  ANGLE   =       354.3558  DIHED      =       505.8524
 1-4 NB =       171.2743  1-4 EEL =      -357.2287  VDWAALS    =      4667.4726
 EELEC  =    -45962.1981  EHBOND  =         0.0000  RESTRAINT  =         0.0000
 EKCMT  =      3380.7291  VIRIAL  =      4263.3674  VOLUME     =    117195.1235
                                                    Density    =         1.0315
 Ewald error estimate:   0.2117E-03
 ------------------------------------------------------------------------------


 NSTEP =    62500   TIME(PS) =    1345.000  TEMP(K) =   297.03  PRESS =   -59.1
 Etot   =    -33197.5198  EKtot   =      7033.5320  EPtot      =    -40231.0518
 BOND   =       157.5834  ANGLE   =       355.1951  DIHED      =       506.2978
 1-4 NB =       174.3273  1-4 EEL =      -340.8954  VDWAALS    =      4729.9740
 EELEC  =    -45813.5339  EHBOND  =         0.0000  RESTRAINT  =         0.0000
 EKCMT  =      3261.2520  VIRIAL  =      3410.7339  VOLUME     =    117220.0665
                                                    Density    =         1.0313
 Ewald error estimate:   0.1528E-03
 ------------------------------------------------------------------------------


 NSTEP =    62750   TIME(PS) =    1345.500  TEMP(K) =   299.97  PRESS =    21.5
 Etot   =    -33294.0484  EKtot   =      7103.2006  EPtot      =    -40397.2490
 BOND   =       147.9387  ANGLE   =       350.7944  DIHED      =       508.7444
 1-4 NB =       165.5953  1-4 EEL =      -352.0963  VDWAALS    =      4806.4603
 EELEC  =    -46024.6857  EHBOND  =         0.0000  RESTRAINT  =         0.0000
 EKCMT  =      3323.6259  VIRIAL  =      3269.3483  VOLUME     =    117129.5033
                                                    Density    =         1.0321
 Ewald error estimate:   0.2143E-03
 ------------------------------------------------------------------------------


 NSTEP =    63000   TIME(PS) =    1346.000  TEMP(K) =   300.82  PRESS =  -142.4
 Etot   =    -33345.4241  EKtot   =      7123.2710  EPtot      =    -40468.6951
 BOND   =       161.6931  ANGLE   =       345.5824  DIHED      =       490.7393
 1-4 NB =       165.0045  1-4 EEL =      -348.0371  VDWAALS    =      4895.4937
 EELEC  =    -46179.1709  EHBOND  =         0.0000  RESTRAINT  =         0.0000
 EKCMT  =      3348.4989  VIRIAL  =      3708.2882  VOLUME     =    117055.0740
                                                    Density    =         1.0327
 Ewald error estimate:   0.1298E-03
 ------------------------------------------------------------------------------


 NSTEP =    63250   TIME(PS) =    1346.500  TEMP(K) =   302.34  PRESS =  -187.8
 Etot   =    -33354.4267  EKtot   =      7159.3318  EPtot      =    -40513.7585
 BOND   =       140.1012  ANGLE   =       346.3090  DIHED      =       499.6466
 1-4 NB =       167.5696  1-4 EEL =      -333.2943  VDWAALS    =      4810.7123
 EELEC  =    -46144.8030  EHBOND  =         0.0000  RESTRAINT  =         0.0000
 EKCMT  =      3311.1709  VIRIAL  =      3785.9017  VOLUME     =    117048.4442
                                                    Density    =         1.0328
 Ewald error estimate:   0.1141E-03
 ------------------------------------------------------------------------------


 NSTEP =    63500   TIME(PS) =    1347.000  TEMP(K) =   296.62  PRESS =  -121.4
 Etot   =    -33406.1768  EKtot   =      7023.8014  EPtot      =    -40429.9781
 BOND   =       159.5433  ANGLE   =       368.0938  DIHED      =       496.8246
 1-4 NB =       173.0465  1-4 EEL =      -381.0004  VDWAALS    =      4832.7738
 EELEC  =    -46079.2598  EHBOND  =         0.0000  RESTRAINT  =         0.0000
 EKCMT  =      3268.8520  VIRIAL  =      3575.6713  VOLUME     =    117045.8436
                                                    Density    =         1.0328
 Ewald error estimate:   0.2842E-04
 ------------------------------------------------------------------------------


 NSTEP =    63750   TIME(PS) =    1347.500  TEMP(K) =   300.80  PRESS =   -29.5
 Etot   =    -33289.2907  EKtot   =      7122.7497  EPtot      =    -40412.0405
 BOND   =       147.8469  ANGLE   =       345.9329  DIHED      =       490.6333
 1-4 NB =       172.4431  1-4 EEL =      -350.7792  VDWAALS    =      4799.8821
 EELEC  =    -46017.9996  EHBOND  =         0.0000  RESTRAINT  =         0.0000
 EKCMT  =      3348.2562  VIRIAL  =      3422.8066  VOLUME     =    117169.2957
                                                    Density    =         1.0317
 Ewald error estimate:   0.1897E-03
 ------------------------------------------------------------------------------


 NSTEP =    64000   TIME(PS) =    1348.000  TEMP(K) =   299.82  PRESS =   149.4
 Etot   =    -33336.1301  EKtot   =      7099.5752  EPtot      =    -40435.7053
 BOND   =       135.9453  ANGLE   =       361.2461  DIHED      =       493.2696
 1-4 NB =       174.3572  1-4 EEL =      -355.2611  VDWAALS    =      4926.3182
 EELEC  =    -46171.5805  EHBOND  =         0.0000  RESTRAINT  =         0.0000
 EKCMT  =      3320.2487  VIRIAL  =      2942.7400  VOLUME     =    117050.2778
                                                    Density    =         1.0328
 Ewald error estimate:   0.1722E-03
 ------------------------------------------------------------------------------


 NSTEP =    64250   TIME(PS) =    1348.500  TEMP(K) =   297.43  PRESS =    40.2
 Etot   =    -33404.5186  EKtot   =      7042.9563  EPtot      =    -40447.4750
 BOND   =       152.3931  ANGLE   =       337.4503  DIHED      =       500.2515
 1-4 NB =       173.0397  1-4 EEL =      -332.8211  VDWAALS    =      4928.2821
 EELEC  =    -46206.0705  EHBOND  =         0.0000  RESTRAINT  =         0.0000
 EKCMT  =      3370.6825  VIRIAL  =      3269.0411  VOLUME     =    117153.3842
                                                    Density    =         1.0319
 Ewald error estimate:   0.1644E-03
 ------------------------------------------------------------------------------


 NSTEP =    64500   TIME(PS) =    1349.000  TEMP(K) =   302.85  PRESS =   100.9
 Etot   =    -33422.6265  EKtot   =      7171.3803  EPtot      =    -40594.0068
 BOND   =       138.8305  ANGLE   =       343.2700  DIHED      =       504.2600
 1-4 NB =       166.4777  1-4 EEL =      -356.2396  VDWAALS    =      4918.6311
 EELEC  =    -46309.2366  EHBOND  =         0.0000  RESTRAINT  =         0.0000
 EKCMT  =      3332.9465  VIRIAL  =      3077.4471  VOLUME     =    117253.0126
                                                    Density    =         1.0310
 Ewald error estimate:   0.2861E-04
 ------------------------------------------------------------------------------


 NSTEP =    64750   TIME(PS) =    1349.500  TEMP(K) =   292.15  PRESS =  -244.1
 Etot   =    -33403.6074  EKtot   =      6918.0014  EPtot      =    -40321.6087
 BOND   =       175.7976  ANGLE   =       383.9386  DIHED      =       485.2365
 1-4 NB =       160.1077  1-4 EEL =      -341.2429  VDWAALS    =      4846.9875
 EELEC  =    -46032.4337  EHBOND  =         0.0000  RESTRAINT  =         0.0000
 EKCMT  =      3192.7007  VIRIAL  =      3811.4609  VOLUME     =    117379.5044
                                                    Density    =         1.0299
 Ewald error estimate:   0.2827E-04
 ------------------------------------------------------------------------------


 NSTEP =    65000   TIME(PS) =    1350.000  TEMP(K) =   296.89  PRESS =   -11.6
 Etot   =    -33441.0411  EKtot   =      7030.2185  EPtot      =    -40471.2596
 BOND   =       160.6461  ANGLE   =       335.6020  DIHED      =       496.5546
 1-4 NB =       178.1352  1-4 EEL =      -331.0173  VDWAALS    =      4892.2813
 EELEC  =    -46203.4615  EHBOND  =         0.0000  RESTRAINT  =         0.0000
 EKCMT  =      3293.7739  VIRIAL  =      3323.0599  VOLUME     =    117280.4705
                                                    Density    =         1.0308
 Ewald error estimate:   0.5211E-04
 ------------------------------------------------------------------------------


 NSTEP =    65250   TIME(PS) =    1350.500  TEMP(K) =   299.12  PRESS =    22.7
 Etot   =    -33454.6727  EKtot   =      7083.0037  EPtot      =    -40537.6764
 BOND   =       132.9761  ANGLE   =       368.3268  DIHED      =       500.3548
 1-4 NB =       176.4293  1-4 EEL =      -368.3606  VDWAALS    =      4950.9050
 EELEC  =    -46298.3079  EHBOND  =         0.0000  RESTRAINT  =         0.0000
 EKCMT  =      3305.8054  VIRIAL  =      3248.3041  VOLUME     =    117202.8528
                                                    Density    =         1.0314
 Ewald error estimate:   0.2945E-05
 ------------------------------------------------------------------------------


 NSTEP =    65500   TIME(PS) =    1351.000  TEMP(K) =   298.47  PRESS =  -179.5
 Etot   =    -33469.6065  EKtot   =      7067.6792  EPtot      =    -40537.2857
 BOND   =       152.3566  ANGLE   =       369.9829  DIHED      =       501.5627
 1-4 NB =       163.6978  1-4 EEL =      -358.0228  VDWAALS    =      4921.3662
 EELEC  =    -46288.2291  EHBOND  =         0.0000  RESTRAINT  =         0.0000
 EKCMT  =      3293.2335  VIRIAL  =      3747.6755  VOLUME     =    117253.2180
                                                    Density    =         1.0310
 Ewald error estimate:   0.3349E-03
 ------------------------------------------------------------------------------


 NSTEP =    65750   TIME(PS) =    1351.500  TEMP(K) =   296.22  PRESS =   108.4
 Etot   =    -33458.3761  EKtot   =      7014.4170  EPtot      =    -40472.7931
 BOND   =       152.3086  ANGLE   =       332.5277  DIHED      =       498.6200
 1-4 NB =       172.7799  1-4 EEL =      -350.7917  VDWAALS    =      4902.5026
 EELEC  =    -46180.7402  EHBOND  =         0.0000  RESTRAINT  =         0.0000
 EKCMT  =      3349.7586  VIRIAL  =      3075.3067  VOLUME     =    117252.3566
                                                    Density    =         1.0310
 Ewald error estimate:   0.2802E-03
 ------------------------------------------------------------------------------


 NSTEP =    66000   TIME(PS) =    1352.000  TEMP(K) =   296.55  PRESS =   -27.5
 Etot   =    -33334.9318  EKtot   =      7022.0289  EPtot      =    -40356.9607
 BOND   =       149.4482  ANGLE   =       342.7833  DIHED      =       502.0991
 1-4 NB =       182.9329  1-4 EEL =      -362.0778  VDWAALS    =      4877.9749
 EELEC  =    -46050.1213  EHBOND  =         0.0000  RESTRAINT  =         0.0000
 EKCMT  =      3309.0968  VIRIAL  =      3378.6537  VOLUME     =    117292.6872
                                                    Density    =         1.0306
 Ewald error estimate:   0.1821E-03
 ------------------------------------------------------------------------------


 NSTEP =    66250   TIME(PS) =    1352.500  TEMP(K) =   300.08  PRESS =    80.4
 Etot   =    -33361.3127  EKtot   =      7105.7829  EPtot      =    -40467.0956
 BOND   =       154.1491  ANGLE   =       330.5045  DIHED      =       508.1562
 1-4 NB =       168.6369  1-4 EEL =      -338.2446  VDWAALS    =      4936.6831
 EELEC  =    -46226.9808  EHBOND  =         0.0000  RESTRAINT  =         0.0000
 EKCMT  =      3345.6453  VIRIAL  =      3142.2404  VOLUME     =    117191.5032
                                                    Density    =         1.0315
 Ewald error estimate:   0.1848E-03
 ------------------------------------------------------------------------------


 NSTEP =    66500   TIME(PS) =    1353.000  TEMP(K) =   296.90  PRESS =   310.9
 Etot   =    -33323.7905  EKtot   =      7030.3289  EPtot      =    -40354.1194
 BOND   =       150.0306  ANGLE   =       356.7151  DIHED      =       508.1011
 1-4 NB =       172.2717  1-4 EEL =      -361.5470  VDWAALS    =      4996.5258
 EELEC  =    -46176.2166  EHBOND  =         0.0000  RESTRAINT  =         0.0000
 EKCMT  =      3311.3325  VIRIAL  =      2523.4181  VOLUME     =    117377.9082
                                                    Density    =         1.0299
 Ewald error estimate:   0.8851E-04
 ------------------------------------------------------------------------------


 NSTEP =    66750   TIME(PS) =    1353.500  TEMP(K) =   300.01  PRESS =  -105.4
 Etot   =    -33309.7872  EKtot   =      7104.1478  EPtot      =    -40413.9350
 BOND   =       151.6696  ANGLE   =       343.9493  DIHED      =       505.4379
 1-4 NB =       174.8883  1-4 EEL =      -353.3201  VDWAALS    =      4829.7147
 EELEC  =    -46066.2746  EHBOND  =         0.0000  RESTRAINT  =         0.0000
 EKCMT  =      3338.9436  VIRIAL  =      3606.1994  VOLUME     =    117474.2545
                                                    Density    =         1.0291
 Ewald error estimate:   0.1897E-03
 ------------------------------------------------------------------------------


 NSTEP =    67000   TIME(PS) =    1354.000  TEMP(K) =   302.56  PRESS =   252.3
 Etot   =    -33136.0197  EKtot   =      7164.3279  EPtot      =    -40300.3476
 BOND   =       150.3598  ANGLE   =       342.5502  DIHED      =       510.2111
 1-4 NB =       167.9375  1-4 EEL =      -319.7784  VDWAALS    =      4948.8559
 EELEC  =    -46100.4839  EHBOND  =         0.0000  RESTRAINT  =         0.0000
 EKCMT  =      3317.1885  VIRIAL  =      2676.7406  VOLUME     =    117568.8731
                                                    Density    =         1.0282
 Ewald error estimate:   0.1253E-03
 ------------------------------------------------------------------------------


 NSTEP =    67250   TIME(PS) =    1354.500  TEMP(K) =   301.58  PRESS =   -96.0
 Etot   =    -33144.6896  EKtot   =      7141.1515  EPtot      =    -40285.8411
 BOND   =       170.6184  ANGLE   =       335.5904  DIHED      =       488.8499
 1-4 NB =       168.2112  1-4 EEL =      -352.2287  VDWAALS    =      4800.2766
 EELEC  =    -45897.1588  EHBOND  =         0.0000  RESTRAINT  =         0.0000
 EKCMT  =      3325.7213  VIRIAL  =      3569.2933  VOLUME     =    117526.2073
                                                    Density    =         1.0286
 Ewald error estimate:   0.7718E-04
 ------------------------------------------------------------------------------


 NSTEP =    67500   TIME(PS) =    1355.000  TEMP(K) =   296.92  PRESS =   100.8
 Etot   =    -33220.5088  EKtot   =      7030.8441  EPtot      =    -40251.3529
 BOND   =       157.0996  ANGLE   =       356.4743  DIHED      =       491.0606
 1-4 NB =       159.6432  1-4 EEL =      -360.3810  VDWAALS    =      4840.8671
 EELEC  =    -45896.1167  EHBOND  =         0.0000  RESTRAINT  =         0.0000
 EKCMT  =      3319.3126  VIRIAL  =      3063.6595  VOLUME     =    117522.2312
                                                    Density    =         1.0286
 Ewald error estimate:   0.3691E-04
 ------------------------------------------------------------------------------


 NSTEP =    67750   TIME(PS) =    1355.500  TEMP(K) =   299.16  PRESS =   277.8
 Etot   =    -33390.1827  EKtot   =      7083.8666  EPtot      =    -40474.0493
 BOND   =       135.3680  ANGLE   =       347.4234  DIHED      =       489.5983
 1-4 NB =       167.9192  1-4 EEL =      -337.9919  VDWAALS    =      4905.4727
 EELEC  =    -46181.8390  EHBOND  =         0.0000  RESTRAINT  =         0.0000
 EKCMT  =      3328.4604  VIRIAL  =      2624.7907  VOLUME     =    117299.6729
                                                    Density    =         1.0306
 Ewald error estimate:   0.2646E-04
 ------------------------------------------------------------------------------


 NSTEP =    68000   TIME(PS) =    1356.000  TEMP(K) =   297.23  PRESS =    94.2
 Etot   =    -33372.4029  EKtot   =      7038.3245  EPtot      =    -40410.7274
 BOND   =       151.8249  ANGLE   =       348.2459  DIHED      =       506.6439
 1-4 NB =       165.7616  1-4 EEL =      -341.2357  VDWAALS    =      4879.2114
 EELEC  =    -46121.1795  EHBOND  =         0.0000  RESTRAINT  =         0.0000
 EKCMT  =      3295.5519  VIRIAL  =      3057.4334  VOLUME     =    117104.2152
                                                    Density    =         1.0323
 Ewald error estimate:   0.8741E-04
 ------------------------------------------------------------------------------


 NSTEP =    68250   TIME(PS) =    1356.500  TEMP(K) =   300.89  PRESS =   -19.6
 Etot   =    -33145.4398  EKtot   =      7124.7754  EPtot      =    -40270.2152
 BOND   =       144.6893  ANGLE   =       361.7725  DIHED      =       496.3623
 1-4 NB =       161.7612  1-4 EEL =      -332.9840  VDWAALS    =      4790.8945
 EELEC  =    -45892.7110  EHBOND  =         0.0000  RESTRAINT  =         0.0000
 EKCMT  =      3322.3608  VIRIAL  =      3371.9048  VOLUME     =    117174.7636
                                                    Density    =         1.0317
 Ewald error estimate:   0.1561E-04
 ------------------------------------------------------------------------------


 NSTEP =    68500   TIME(PS) =    1357.000  TEMP(K) =   303.78  PRESS =   124.6
 Etot   =    -33122.3033  EKtot   =      7193.4228  EPtot      =    -40315.7261
 BOND   =       156.9870  ANGLE   =       344.0637  DIHED      =       488.5091
 1-4 NB =       170.5710  1-4 EEL =      -343.5307  VDWAALS    =      4942.6583
 EELEC  =    -46074.9846  EHBOND  =         0.0000  RESTRAINT  =         0.0000
 EKCMT  =      3335.8273  VIRIAL  =      3020.9171  VOLUME     =    117049.0582
                                                    Density    =         1.0328
 Ewald error estimate:   0.1772E-03
 ------------------------------------------------------------------------------


 NSTEP =    68750   TIME(PS) =    1357.500  TEMP(K) =   299.54  PRESS =    60.7
 Etot   =    -33286.8853  EKtot   =      7092.8175  EPtot      =    -40379.7028
 BOND   =       152.3807  ANGLE   =       351.8761  DIHED      =       499.5452
 1-4 NB =       169.4222  1-4 EEL =      -352.3339  VDWAALS    =      4791.0179
 EELEC  =    -45991.6110  EHBOND  =         0.0000  RESTRAINT  =         0.0000
 EKCMT  =      3339.0727  VIRIAL  =      3185.6089  VOLUME     =    117093.8777
                                                    Density    =         1.0324
 Ewald error estimate:   0.8206E-04
 ------------------------------------------------------------------------------


 NSTEP =    69000   TIME(PS) =    1358.000  TEMP(K) =   301.48  PRESS =   -12.9
 Etot   =    -33262.4030  EKtot   =      7138.9750  EPtot      =    -40401.3780
 BOND   =       163.8045  ANGLE   =       352.5895  DIHED      =       492.2990
 1-4 NB =       168.3379  1-4 EEL =      -339.9517  VDWAALS    =      4846.2767
 EELEC  =    -46084.7340  EHBOND  =         0.0000  RESTRAINT  =         0.0000
 EKCMT  =      3326.9060  VIRIAL  =      3359.4677  VOLUME     =    116821.6547
                                                    Density    =         1.0348
 Ewald error estimate:   0.6277E-04
 ------------------------------------------------------------------------------


 NSTEP =    69250   TIME(PS) =    1358.500  TEMP(K) =   296.55  PRESS =   -27.9
 Etot   =    -33384.1383  EKtot   =      7022.2203  EPtot      =    -40406.3585
 BOND   =       165.5372  ANGLE   =       377.4245  DIHED      =       499.2357
 1-4 NB =       172.4738  1-4 EEL =      -361.9308  VDWAALS    =      4876.3198
 EELEC  =    -46135.4187  EHBOND  =         0.0000  RESTRAINT  =         0.0000
 EKCMT  =      3279.6821  VIRIAL  =      3349.8133  VOLUME     =    116605.8246
                                                    Density    =         1.0367
 Ewald error estimate:   0.9507E-04
 ------------------------------------------------------------------------------


 NSTEP =    69500   TIME(PS) =    1359.000  TEMP(K) =   300.38  PRESS =  -234.2
 Etot   =    -33428.2580  EKtot   =      7112.7427  EPtot      =    -40541.0007
 BOND   =       143.3688  ANGLE   =       348.5051  DIHED      =       495.8896
 1-4 NB =       173.8148  1-4 EEL =      -332.6648  VDWAALS    =      4778.5530
 EELEC  =    -46148.4672  EHBOND  =         0.0000  RESTRAINT  =         0.0000
 EKCMT  =      3302.2056  VIRIAL  =      3891.6052  VOLUME     =    116540.4111
                                                    Density    =         1.0373
 Ewald error estimate:   0.2695E-04
 ------------------------------------------------------------------------------


 NSTEP =    69750   TIME(PS) =    1359.500  TEMP(K) =   298.44  PRESS =   102.2
 Etot   =    -33448.3475  EKtot   =      7066.8290  EPtot      =    -40515.1765
 BOND   =       153.5450  ANGLE   =       335.9432  DIHED      =       502.8406
 1-4 NB =       167.3817  1-4 EEL =      -335.5999  VDWAALS    =      4856.7351
 EELEC  =    -46196.0222  EHBOND  =         0.0000  RESTRAINT  =         0.0000
 EKCMT  =      3320.2288  VIRIAL  =      3063.1306  VOLUME     =    116560.1929
                                                    Density    =         1.0371
 Ewald error estimate:   0.2095E-03
 ------------------------------------------------------------------------------


 NSTEP =    70000   TIME(PS) =    1360.000  TEMP(K) =   297.68  PRESS =    94.0
 Etot   =    -33432.9373  EKtot   =      7048.8870  EPtot      =    -40481.8242
 BOND   =       149.0498  ANGLE   =       365.8807  DIHED      =       483.8077
 1-4 NB =       168.2411  1-4 EEL =      -368.0783  VDWAALS    =      4907.2817
 EELEC  =    -46188.0070  EHBOND  =         0.0000  RESTRAINT  =         0.0000
 EKCMT  =      3278.3804  VIRIAL  =      3041.5666  VOLUME     =    116661.7622
                                                    Density    =         1.0362
 Ewald error estimate:   0.2418E-03
 ------------------------------------------------------------------------------


 NSTEP =    70250   TIME(PS) =    1360.500  TEMP(K) =   297.40  PRESS =    83.8
 Etot   =    -33340.3753  EKtot   =      7042.2436  EPtot      =    -40382.6189
 BOND   =       160.7309  ANGLE   =       369.8491  DIHED      =       507.5445
 1-4 NB =       159.5567  1-4 EEL =      -350.5188  VDWAALS    =      4888.4741
 EELEC  =    -46118.2554  EHBOND  =         0.0000  RESTRAINT  =         0.0000
 EKCMT  =      3316.5986  VIRIAL  =      3105.1129  VOLUME     =    116818.0170
                                                    Density    =         1.0348
 Ewald error estimate:   0.6226E-04
 ------------------------------------------------------------------------------


 NSTEP =    70500   TIME(PS) =    1361.000  TEMP(K) =   299.64  PRESS =  -493.4
 Etot   =    -33328.9022  EKtot   =      7095.2249  EPtot      =    -40424.1271
 BOND   =       154.4007  ANGLE   =       363.3234  DIHED      =       506.8009
 1-4 NB =       164.6623  1-4 EEL =      -353.6429  VDWAALS    =      4728.5391
 EELEC  =    -45988.2106  EHBOND  =         0.0000  RESTRAINT  =         0.0000
 EKCMT  =      3311.4728  VIRIAL  =      4555.4288  VOLUME     =    116773.7262
                                                    Density    =         1.0352
 Ewald error estimate:   0.4350E-04
 ------------------------------------------------------------------------------


 NSTEP =    70750   TIME(PS) =    1361.500  TEMP(K) =   302.13  PRESS =   166.4
 Etot   =    -33276.9132  EKtot   =      7154.1791  EPtot      =    -40431.0922
 BOND   =       155.5934  ANGLE   =       336.2885  DIHED      =       498.8465
 1-4 NB =       165.0012  1-4 EEL =      -345.4558  VDWAALS    =      4836.6759
 EELEC  =    -46078.0420  EHBOND  =         0.0000  RESTRAINT  =         0.0000
 EKCMT  =      3342.8230  VIRIAL  =      2923.3110  VOLUME     =    116748.3437
                                                    Density    =         1.0354
 Ewald error estimate:   0.1206E-03
 ------------------------------------------------------------------------------


 NSTEP =    71000   TIME(PS) =    1362.000  TEMP(K) =   300.05  PRESS =  -113.6
 Etot   =    -33278.3676  EKtot   =      7104.9993  EPtot      =    -40383.3669
 BOND   =       155.3758  ANGLE   =       341.5780  DIHED      =       497.9945
 1-4 NB =       167.1577  1-4 EEL =      -342.3529  VDWAALS    =      4761.1638
 EELEC  =    -45964.2838  EHBOND  =         0.0000  RESTRAINT  =         0.0000
 EKCMT  =      3257.6545  VIRIAL  =      3544.0682  VOLUME     =    116773.9825
                                                    Density    =         1.0352
 Ewald error estimate:   0.7473E-04
 ------------------------------------------------------------------------------


 NSTEP =    71250   TIME(PS) =    1362.500  TEMP(K) =   301.21  PRESS =   -19.3
 Etot   =    -33195.3115  EKtot   =      7132.5528  EPtot      =    -40327.8643
 BOND   =       158.6263  ANGLE   =       348.0647  DIHED      =       524.5100
 1-4 NB =       173.0098  1-4 EEL =      -342.4391  VDWAALS    =      4810.1169
 EELEC  =    -45999.7530  EHBOND  =         0.0000  RESTRAINT  =         0.0000
 EKCMT  =      3332.7006  VIRIAL  =      3381.3436  VOLUME     =    116932.7467
                                                    Density    =         1.0338
 Ewald error estimate:   0.1421E-03
 ------------------------------------------------------------------------------


 NSTEP =    71500   TIME(PS) =    1363.000  TEMP(K) =   299.14  PRESS =    86.7
 Etot   =    -33185.1298  EKtot   =      7083.3849  EPtot      =    -40268.5146
 BOND   =       163.9961  ANGLE   =       339.0410  DIHED      =       500.5311
 1-4 NB =       171.4203  1-4 EEL =      -365.9769  VDWAALS    =      4837.6057
 EELEC  =    -45915.1319  EHBOND  =         0.0000  RESTRAINT  =         0.0000
 EKCMT  =      3265.5240  VIRIAL  =      3046.4554  VOLUME     =    117044.0456
                                                    Density    =         1.0328
 Ewald error estimate:   0.4523E-04
 ------------------------------------------------------------------------------


 NSTEP =    71750   TIME(PS) =    1363.500  TEMP(K) =   300.38  PRESS =  -121.7
 Etot   =    -33233.1102  EKtot   =      7112.9271  EPtot      =    -40346.0373
 BOND   =       166.3809  ANGLE   =       333.3682  DIHED      =       498.7048
 1-4 NB =       173.4816  1-4 EEL =      -349.0724  VDWAALS    =      4788.3067
 EELEC  =    -45957.2071  EHBOND  =         0.0000  RESTRAINT  =         0.0000
 EKCMT  =      3320.3524  VIRIAL  =      3627.8951  VOLUME     =    117077.9129
                                                    Density    =         1.0325
 Ewald error estimate:   0.1369E-03
 ------------------------------------------------------------------------------


 NSTEP =    72000   TIME(PS) =    1364.000  TEMP(K) =   299.38  PRESS =  -126.5
 Etot   =    -33248.7546  EKtot   =      7089.1605  EPtot      =    -40337.9150
 BOND   =       146.5761  ANGLE   =       345.6362  DIHED      =       509.8378
 1-4 NB =       176.1644  1-4 EEL =      -328.9597  VDWAALS    =      4843.6523
 EELEC  =    -46030.8221  EHBOND  =         0.0000  RESTRAINT  =         0.0000
 EKCMT  =      3302.4351  VIRIAL  =      3622.0878  VOLUME     =    117044.2191
                                                    Density    =         1.0328
 Ewald error estimate:   0.9482E-04
 ------------------------------------------------------------------------------


 NSTEP =    72250   TIME(PS) =    1364.500  TEMP(K) =   298.81  PRESS =    15.5
 Etot   =    -33408.7926  EKtot   =      7075.5591  EPtot      =    -40484.3517
 BOND   =       155.7867  ANGLE   =       321.4294  DIHED      =       498.8128
 1-4 NB =       179.7428  1-4 EEL =      -331.2427  VDWAALS    =      4847.7370
 EELEC  =    -46156.6177  EHBOND  =         0.0000  RESTRAINT  =         0.0000
 EKCMT  =      3290.4361  VIRIAL  =      3251.4051  VOLUME     =    116948.6190
                                                    Density    =         1.0337
 Ewald error estimate:   0.2410E-03
 ------------------------------------------------------------------------------


 NSTEP =    72500   TIME(PS) =    1365.000  TEMP(K) =   298.46  PRESS =    19.6
 Etot   =    -33282.8192  EKtot   =      7067.3621  EPtot      =    -40350.1813
 BOND   =       147.2457  ANGLE   =       343.0165  DIHED      =       508.4322
 1-4 NB =       173.8592  1-4 EEL =      -344.8476  VDWAALS    =      4821.5803
 EELEC  =    -45999.4676  EHBOND  =         0.0000  RESTRAINT  =         0.0000
 EKCMT  =      3337.5642  VIRIAL  =      3288.0027  VOLUME     =    116864.7349
                                                    Density    =         1.0344
 Ewald error estimate:   0.5500E-04
 ------------------------------------------------------------------------------


 NSTEP =    72750   TIME(PS) =    1365.500  TEMP(K) =   297.73  PRESS =  -150.5
 Etot   =    -33235.1179  EKtot   =      7050.0135  EPtot      =    -40285.1314
 BOND   =       152.2889  ANGLE   =       329.1502  DIHED      =       500.0577
 1-4 NB =       163.5778  1-4 EEL =      -350.8847  VDWAALS    =      4807.3164
 EELEC  =    -45886.6376  EHBOND  =         0.0000  RESTRAINT  =         0.0000
 EKCMT  =      3221.5247  VIRIAL  =      3601.6707  VOLUME     =    116958.4777
                                                    Density    =         1.0336
 Ewald error estimate:   0.1688E-04
 ------------------------------------------------------------------------------


 NSTEP =    73000   TIME(PS) =    1366.000  TEMP(K) =   298.82  PRESS =    50.7
 Etot   =    -33302.2345  EKtot   =      7075.8714  EPtot      =    -40378.1058
 BOND   =       145.1214  ANGLE   =       365.7514  DIHED      =       507.9115
 1-4 NB =       173.4296  1-4 EEL =      -352.6901  VDWAALS    =      4951.5927
 EELEC  =    -46169.2223  EHBOND  =         0.0000  RESTRAINT  =         0.0000
 EKCMT  =      3276.9608  VIRIAL  =      3148.9216  VOLUME     =    116890.2219
                                                    Density    =         1.0342
 Ewald error estimate:   0.1589E-03
 ------------------------------------------------------------------------------


 NSTEP =    73250   TIME(PS) =    1366.500  TEMP(K) =   297.90  PRESS =   175.3
 Etot   =    -33296.4267  EKtot   =      7054.0111  EPtot      =    -40350.4378
 BOND   =       169.3247  ANGLE   =       363.0706  DIHED      =       495.7914
 1-4 NB =       164.8070  1-4 EEL =      -359.9195  VDWAALS    =      4799.8568
 EELEC  =    -45983.3688  EHBOND  =         0.0000  RESTRAINT  =         0.0000
 EKCMT  =      3298.3642  VIRIAL  =      2855.7078  VOLUME     =    116971.2851
                                                    Density    =         1.0335
 Ewald error estimate:   0.8512E-04
 ------------------------------------------------------------------------------


 NSTEP =    73500   TIME(PS) =    1367.000  TEMP(K) =   300.29  PRESS =  -294.8
 Etot   =    -33239.9217  EKtot   =      7110.7138  EPtot      =    -40350.6355
 BOND   =       164.5885  ANGLE   =       360.3319  DIHED      =       506.8051
 1-4 NB =       171.0992  1-4 EEL =      -357.2314  VDWAALS    =      4800.3915
 EELEC  =    -45996.6203  EHBOND  =         0.0000  RESTRAINT  =         0.0000
 EKCMT  =      3280.6887  VIRIAL  =      4026.5648  VOLUME     =    117175.5477
                                                    Density    =         1.0317
 Ewald error estimate:   0.2643E-04
 ------------------------------------------------------------------------------


 NSTEP =    73750   TIME(PS) =    1367.500  TEMP(K) =   298.65  PRESS =   103.7
 Etot   =    -33245.2283  EKtot   =      7071.9518  EPtot      =    -40317.1801
 BOND   =       167.3805  ANGLE   =       344.0428  DIHED      =       510.1781
 1-4 NB =       173.1922  1-4 EEL =      -330.7858  VDWAALS    =      4897.8637
 EELEC  =    -46079.0516  EHBOND  =         0.0000  RESTRAINT  =         0.0000
 EKCMT  =      3273.3239  VIRIAL  =      3010.6257  VOLUME     =    117350.4241
                                                    Density    =         1.0301
 Ewald error estimate:   0.1710E-03
 ------------------------------------------------------------------------------


 NSTEP =    74000   TIME(PS) =    1368.000  TEMP(K) =   298.31  PRESS =   243.7
 Etot   =    -33221.7293  EKtot   =      7063.7510  EPtot      =    -40285.4803
 BOND   =       137.6059  ANGLE   =       339.6557  DIHED      =       502.8735
 1-4 NB =       176.9136  1-4 EEL =      -339.2614  VDWAALS    =      4912.2428
 EELEC  =    -46015.5104  EHBOND  =         0.0000  RESTRAINT  =         0.0000
 EKCMT  =      3295.2848  VIRIAL  =      2678.0308  VOLUME     =    117311.7101
                                                    Density    =         1.0305
 Ewald error estimate:   0.8245E-04
 ------------------------------------------------------------------------------


 NSTEP =    74250   TIME(PS) =    1368.500  TEMP(K) =   298.38  PRESS =   241.5
 Etot   =    -33333.3596  EKtot   =      7065.3528  EPtot      =    -40398.7124
 BOND   =       145.3652  ANGLE   =       338.3360  DIHED      =       520.3640
 1-4 NB =       166.7839  1-4 EEL =      -354.2289  VDWAALS    =      4951.0306
 EELEC  =    -46166.3631  EHBOND  =         0.0000  RESTRAINT  =         0.0000
 EKCMT  =      3365.3283  VIRIAL  =      2752.6090  VOLUME     =    117484.0766
                                                    Density    =         1.0290
 Ewald error estimate:   0.5945E-04
 ------------------------------------------------------------------------------


 NSTEP =    74500   TIME(PS) =    1369.000  TEMP(K) =   296.37  PRESS =  -382.8
 Etot   =    -33439.7975  EKtot   =      7017.7575  EPtot      =    -40457.5551
 BOND   =       153.3223  ANGLE   =       337.5462  DIHED      =       528.6462
 1-4 NB =       173.8894  1-4 EEL =      -340.0170  VDWAALS    =      4697.3379
 EELEC  =    -46008.2801  EHBOND  =         0.0000  RESTRAINT  =         0.0000
 EKCMT  =      3332.3780  VIRIAL  =      4301.9990  VOLUME     =    117313.3681
                                                    Density    =         1.0305
 Ewald error estimate:   0.1150E-03
 ------------------------------------------------------------------------------


 NSTEP =    74750   TIME(PS) =    1369.500  TEMP(K) =   299.32  PRESS =    48.5
 Etot   =    -33462.4759  EKtot   =      7087.6754  EPtot      =    -40550.1513
 BOND   =       147.8977  ANGLE   =       328.3985  DIHED      =       521.1545
 1-4 NB =       167.5874  1-4 EEL =      -362.2751  VDWAALS    =      4838.5547
 EELEC  =    -46191.4690  EHBOND  =         0.0000  RESTRAINT  =         0.0000
 EKCMT  =      3280.0292  VIRIAL  =      3157.3559  VOLUME     =    117086.4557
                                                    Density    =         1.0325
 Ewald error estimate:   0.1023E-03
 ------------------------------------------------------------------------------


 NSTEP =    75000   TIME(PS) =    1370.000  TEMP(K) =   294.68  PRESS =  -340.3
 Etot   =    -33333.9531  EKtot   =      6977.9161  EPtot      =    -40311.8692
 BOND   =       162.7553  ANGLE   =       319.8256  DIHED      =       511.3178
 1-4 NB =       170.9329  1-4 EEL =      -339.3747  VDWAALS    =      4685.0276
 EELEC  =    -45822.3537  EHBOND  =         0.0000  RESTRAINT  =         0.0000
 EKCMT  =      3217.5828  VIRIAL  =      4076.8083  VOLUME     =    116951.8974
                                                    Density    =         1.0336
 Ewald error estimate:   0.8314E-04
 ------------------------------------------------------------------------------


 NSTEP =    75250   TIME(PS) =    1370.500  TEMP(K) =   296.38  PRESS =   268.6
 Etot   =    -33339.9807  EKtot   =      7018.1978  EPtot      =    -40358.1785
 BOND   =       168.6234  ANGLE   =       342.9646  DIHED      =       520.1950
 1-4 NB =       169.1632  1-4 EEL =      -360.3722  VDWAALS    =      5010.2755
 EELEC  =    -46209.0280  EHBOND  =         0.0000  RESTRAINT  =         0.0000
 EKCMT  =      3308.3943  VIRIAL  =      2631.2776  VOLUME     =    116760.9311
                                                    Density    =         1.0353
 Ewald error estimate:   0.1307E-03
 ------------------------------------------------------------------------------


 NSTEP =    75500   TIME(PS) =    1371.000  TEMP(K) =   300.45  PRESS =   287.6
 Etot   =    -33305.0445  EKtot   =      7114.4095  EPtot      =    -40419.4539
 BOND   =       146.9808  ANGLE   =       344.4900  DIHED      =       493.2410
 1-4 NB =       167.9019  1-4 EEL =      -351.1890  VDWAALS    =      4911.6571
 EELEC  =    -46132.5358  EHBOND  =         0.0000  RESTRAINT  =         0.0000
 EKCMT  =      3299.8775  VIRIAL  =      2574.1820  VOLUME     =    116884.9328
                                                    Density    =         1.0342
 Ewald error estimate:   0.2339E-03
 ------------------------------------------------------------------------------


 NSTEP =    75750   TIME(PS) =    1371.500  TEMP(K) =   300.85  PRESS =   650.4
 Etot   =    -33244.7462  EKtot   =      7123.9071  EPtot      =    -40368.6534
 BOND   =       145.4632  ANGLE   =       355.6007  DIHED      =       488.0012
 1-4 NB =       173.7092  1-4 EEL =      -327.0101  VDWAALS    =      4963.8883
 EELEC  =    -46168.3059  EHBOND  =         0.0000  RESTRAINT  =         0.0000
 EKCMT  =      3341.2588  VIRIAL  =      1699.0634  VOLUME     =    116944.8582
                                                    Density    =         1.0337
 Ewald error estimate:   0.6515E-04
 ------------------------------------------------------------------------------


 NSTEP =    76000   TIME(PS) =    1372.000  TEMP(K) =   300.47  PRESS =   506.7
 Etot   =    -33260.6410  EKtot   =      7114.9730  EPtot      =    -40375.6140
 BOND   =       141.3635  ANGLE   =       344.4986  DIHED      =       507.3401
 1-4 NB =       167.8265  1-4 EEL =      -314.0188  VDWAALS    =      5004.1905
 EELEC  =    -46226.8143  EHBOND  =         0.0000  RESTRAINT  =         0.0000
 EKCMT  =      3351.8990  VIRIAL  =      2070.9627  VOLUME     =    117082.3365
                                                    Density    =         1.0325
 Ewald error estimate:   0.2604E-03
 ------------------------------------------------------------------------------


 NSTEP =    76250   TIME(PS) =    1372.500  TEMP(K) =   296.34  PRESS =  -285.2
 Etot   =    -33337.2392  EKtot   =      7017.1403  EPtot      =    -40354.3795
 BOND   =       151.9568  ANGLE   =       331.0727  DIHED      =       492.5428
 1-4 NB =       164.6991  1-4 EEL =      -344.1770  VDWAALS    =      4698.4684
 EELEC  =    -45848.9424  EHBOND  =         0.0000  RESTRAINT  =         0.0000
 EKCMT  =      3341.7959  VIRIAL  =      4061.4865  VOLUME     =    116888.5516
                                                    Density    =         1.0342
 Ewald error estimate:   0.5973E-04
 ------------------------------------------------------------------------------


 NSTEP =    76500   TIME(PS) =    1373.000  TEMP(K) =   297.89  PRESS =   131.3
 Etot   =    -33309.1419  EKtot   =      7053.9276  EPtot      =    -40363.0695
 BOND   =       151.4538  ANGLE   =       365.1326  DIHED      =       489.6645
 1-4 NB =       163.9520  1-4 EEL =      -344.5662  VDWAALS    =      4815.5958
 EELEC  =    -46004.3021  EHBOND  =         0.0000  RESTRAINT  =         0.0000
 EKCMT  =      3263.0975  VIRIAL  =      2931.4569  VOLUME     =    116942.9292
                                                    Density    =         1.0337
 Ewald error estimate:   0.1616E-03
 ------------------------------------------------------------------------------


 NSTEP =    76750   TIME(PS) =    1373.500  TEMP(K) =   302.25  PRESS =   200.8
 Etot   =    -33267.2389  EKtot   =      7157.0360  EPtot      =    -40424.2749
 BOND   =       158.9545  ANGLE   =       359.0697  DIHED      =       484.6789
 1-4 NB =       176.5144  1-4 EEL =      -347.3284  VDWAALS    =      4952.3841
 EELEC  =    -46208.5480  EHBOND  =         0.0000  RESTRAINT  =         0.0000
 EKCMT  =      3324.2095  VIRIAL  =      2816.5082  VOLUME     =    117100.3291
                                                    Density    =         1.0323
 Ewald error estimate:   0.1581E-03
 ------------------------------------------------------------------------------


 NSTEP =    77000   TIME(PS) =    1374.000  TEMP(K) =   299.88  PRESS =  -220.3
 Etot   =    -33252.3546  EKtot   =      7100.8535  EPtot      =    -40353.2081
 BOND   =       170.4560  ANGLE   =       355.2972  DIHED      =       491.4507
 1-4 NB =       167.9549  1-4 EEL =      -353.3687  VDWAALS    =      4818.3374
 EELEC  =    -46003.3356  EHBOND  =         0.0000  RESTRAINT  =         0.0000
 EKCMT  =      3378.4228  VIRIAL  =      3934.8169  VOLUME     =    116986.3425
                                                    Density    =         1.0333
 Ewald error estimate:   0.1796E-03
 ------------------------------------------------------------------------------


 NSTEP =    77250   TIME(PS) =    1374.500  TEMP(K) =   302.35  PRESS =   -11.9
 Etot   =    -33180.9242  EKtot   =      7159.5121  EPtot      =    -40340.4363
 BOND   =       168.4557  ANGLE   =       320.2011  DIHED      =       500.4914
 1-4 NB =       170.8634  1-4 EEL =      -350.7177  VDWAALS    =      4890.5996
 EELEC  =    -46040.3299  EHBOND  =         0.0000  RESTRAINT  =         0.0000
 EKCMT  =      3420.4602  VIRIAL  =      3450.5999  VOLUME     =    117007.9086
                                                    Density    =         1.0332
 Ewald error estimate:   0.9244E-04
 ------------------------------------------------------------------------------


 NSTEP =    77500   TIME(PS) =    1375.000  TEMP(K) =   303.33  PRESS =   276.8
 Etot   =    -33130.9176  EKtot   =      7182.7077  EPtot      =    -40313.6253
 BOND   =       132.9802  ANGLE   =       369.1593  DIHED      =       494.1956
 1-4 NB =       166.8519  1-4 EEL =      -337.9495  VDWAALS    =      4872.2209
 EELEC  =    -46011.0835  EHBOND  =         0.0000  RESTRAINT  =         0.0000
 EKCMT  =      3371.5896  VIRIAL  =      2672.4692  VOLUME     =    116963.9707
                                                    Density    =         1.0335
 Ewald error estimate:   0.1446E-03
 ------------------------------------------------------------------------------


 NSTEP =    77750   TIME(PS) =    1375.500  TEMP(K) =   308.39  PRESS =   283.6
 Etot   =    -33134.2072  EKtot   =      7302.4344  EPtot      =    -40436.6416
 BOND   =       146.3343  ANGLE   =       352.8441  DIHED      =       487.6837
 1-4 NB =       168.9277  1-4 EEL =      -367.9748  VDWAALS    =      4831.4740
 EELEC  =    -46055.9307  EHBOND  =         0.0000  RESTRAINT  =         0.0000
 EKCMT  =      3445.3027  VIRIAL  =      2728.9688  VOLUME     =    116976.5022
                                                    Density    =         1.0334
 Ewald error estimate:   0.1882E-03
 ------------------------------------------------------------------------------


 NSTEP =    78000   TIME(PS) =    1376.000  TEMP(K) =   301.66  PRESS =  -113.5
 Etot   =    -33020.4429  EKtot   =      7143.0037  EPtot      =    -40163.4466
 BOND   =       155.3756  ANGLE   =       365.6183  DIHED      =       493.6528
 1-4 NB =       173.5472  1-4 EEL =      -369.2569  VDWAALS    =      4751.8122
 EELEC  =    -45734.1959  EHBOND  =         0.0000  RESTRAINT  =         0.0000
 EKCMT  =      3367.8649  VIRIAL  =      3655.2042  VOLUME     =    117263.1409
                                                    Density    =         1.0309
 Ewald error estimate:   0.8620E-04
 ------------------------------------------------------------------------------


 NSTEP =    78250   TIME(PS) =    1376.500  TEMP(K) =   303.98  PRESS =    51.5
 Etot   =    -32954.0245  EKtot   =      7198.0912  EPtot      =    -40152.1157
 BOND   =       150.0593  ANGLE   =       366.6453  DIHED      =       489.7100
 1-4 NB =       161.7468  1-4 EEL =      -362.0654  VDWAALS    =      4730.8076
 EELEC  =    -45689.0193  EHBOND  =         0.0000  RESTRAINT  =         0.0000
 EKCMT  =      3351.7252  VIRIAL  =      3221.5032  VOLUME     =    117157.2068
                                                    Density    =         1.0318
 Ewald error estimate:   0.9521E-04
 ------------------------------------------------------------------------------


 NSTEP =    78500   TIME(PS) =    1377.000  TEMP(K) =   307.74  PRESS =   123.5
 Etot   =    -32892.9793  EKtot   =      7287.1880  EPtot      =    -40180.1673
 BOND   =       165.5393  ANGLE   =       345.5943  DIHED      =       498.8724
 1-4 NB =       166.1380  1-4 EEL =      -340.8073  VDWAALS    =      4783.6759
 EELEC  =    -45799.1800  EHBOND  =         0.0000  RESTRAINT  =         0.0000
 EKCMT  =      3443.5203  VIRIAL  =      3131.3165  VOLUME     =    117130.2872
                                                    Density    =         1.0321
 Ewald error estimate:   0.5812E-05
 ------------------------------------------------------------------------------


 NSTEP =    78750   TIME(PS) =    1377.500  TEMP(K) =   307.82  PRESS =  -224.3
 Etot   =    -33055.4333  EKtot   =      7289.0722  EPtot      =    -40344.5055
 BOND   =       150.0752  ANGLE   =       335.1585  DIHED      =       505.4613
 1-4 NB =       180.3094  1-4 EEL =      -363.2045  VDWAALS    =      4818.1527
 EELEC  =    -45970.4581  EHBOND  =         0.0000  RESTRAINT  =         0.0000
 EKCMT  =      3410.7502  VIRIAL  =      3979.1799  VOLUME     =    117397.2910
                                                    Density    =         1.0297
 Ewald error estimate:   0.6577E-04
 ------------------------------------------------------------------------------


 NSTEP =    79000   TIME(PS) =    1378.000  TEMP(K) =   301.52  PRESS =   167.5
 Etot   =    -32942.2028  EKtot   =      7139.6970  EPtot      =    -40081.8998
 BOND   =       155.9959  ANGLE   =       371.1427  DIHED      =       507.8173
 1-4 NB =       169.9754  1-4 EEL =      -351.5544  VDWAALS    =      4809.4787
 EELEC  =    -45744.7553  EHBOND  =         0.0000  RESTRAINT  =         0.0000
 EKCMT  =      3400.5202  VIRIAL  =      2976.1696  VOLUME     =    117348.8389
                                                    Density    =         1.0302
 Ewald error estimate:   0.1119E-03
 ------------------------------------------------------------------------------


 NSTEP =    79250   TIME(PS) =    1378.500  TEMP(K) =   303.34  PRESS =  -105.9
 Etot   =    -32961.8231  EKtot   =      7182.9880  EPtot      =    -40144.8112
 BOND   =       147.6846  ANGLE   =       330.1622  DIHED      =       498.9571
 1-4 NB =       173.0768  1-4 EEL =      -355.9842  VDWAALS    =      4724.5672
 EELEC  =    -45663.2749  EHBOND  =         0.0000  RESTRAINT  =         0.0000
 EKCMT  =      3350.3430  VIRIAL  =      3618.3954  VOLUME     =    117258.0599
                                                    Density    =         1.0309
 Ewald error estimate:   0.1355E-04
 ------------------------------------------------------------------------------


 NSTEP =    79500   TIME(PS) =    1379.000  TEMP(K) =   304.50  PRESS =   -67.9
 Etot   =    -33145.2672  EKtot   =      7210.4547  EPtot      =    -40355.7219
 BOND   =       146.1689  ANGLE   =       346.1515  DIHED      =       506.3292
 1-4 NB =       167.6022  1-4 EEL =      -338.3855  VDWAALS    =      4807.7804
 EELEC  =    -45991.3687  EHBOND  =         0.0000  RESTRAINT  =         0.0000
 EKCMT  =      3338.4409  VIRIAL  =      3510.3658  VOLUME     =    117282.1458
                                                    Density    =         1.0307
 Ewald error estimate:   0.2406E-06
 ------------------------------------------------------------------------------


 NSTEP =    79750   TIME(PS) =    1379.500  TEMP(K) =   296.35  PRESS =  -159.4
 Etot   =    -33252.3917  EKtot   =      7017.2822  EPtot      =    -40269.6740
 BOND   =       158.0424  ANGLE   =       356.6040  DIHED      =       507.0499
 1-4 NB =       164.1586  1-4 EEL =      -343.8285  VDWAALS    =      4697.9964
 EELEC  =    -45809.6968  EHBOND  =         0.0000  RESTRAINT  =         0.0000
 EKCMT  =      3317.4451  VIRIAL  =      3720.5960  VOLUME     =    117167.7896
                                                    Density    =         1.0317
 Ewald error estimate:   0.4114E-04
 ------------------------------------------------------------------------------


 NSTEP =    80000   TIME(PS) =    1380.000  TEMP(K) =   298.86  PRESS =    44.5
 Etot   =    -33223.0107  EKtot   =      7076.9220  EPtot      =    -40299.9328
 BOND   =       153.1387  ANGLE   =       346.1817  DIHED      =       490.1027
 1-4 NB =       167.2383  1-4 EEL =      -335.8543  VDWAALS    =      4890.7368
 EELEC  =    -46011.4768  EHBOND  =         0.0000  RESTRAINT  =         0.0000
 EKCMT  =      3299.5728  VIRIAL  =      3187.1500  VOLUME     =    117139.1832
                                                    Density    =         1.0320
 Ewald error estimate:   0.6311E-04
 ------------------------------------------------------------------------------


 NSTEP =    80250   TIME(PS) =    1380.500  TEMP(K) =   298.75  PRESS =    74.2
 Etot   =    -33272.7500  EKtot   =      7074.2200  EPtot      =    -40346.9700
 BOND   =       149.9260  ANGLE   =       341.5742  DIHED      =       504.3264
 1-4 NB =       174.6326  1-4 EEL =      -337.4509  VDWAALS    =      4813.0693
 EELEC  =    -45993.0476  EHBOND  =         0.0000  RESTRAINT  =         0.0000
 EKCMT  =      3374.2912  VIRIAL  =      3186.5718  VOLUME     =    117147.6243
                                                    Density    =         1.0319
 Ewald error estimate:   0.2773E-04
 ------------------------------------------------------------------------------


 NSTEP =    80500   TIME(PS) =    1381.000  TEMP(K) =   300.02  PRESS =  -209.9
 Etot   =    -33177.1918  EKtot   =      7104.2357  EPtot      =    -40281.4275
 BOND   =       155.4344  ANGLE   =       351.5024  DIHED      =       492.4610
 1-4 NB =       172.3356  1-4 EEL =      -366.3068  VDWAALS    =      4794.0970
 EELEC  =    -45880.9511  EHBOND  =         0.0000  RESTRAINT  =         0.0000
 EKCMT  =      3305.8424  VIRIAL  =      3836.7500  VOLUME     =    117162.8482
                                                    Density    =         1.0318
 Ewald error estimate:   0.6695E-04
 ------------------------------------------------------------------------------


 NSTEP =    80750   TIME(PS) =    1381.500  TEMP(K) =   298.02  PRESS =   -10.0
 Etot   =    -33142.4362  EKtot   =      7057.0226  EPtot      =    -40199.4588
 BOND   =       172.5597  ANGLE   =       353.3061  DIHED      =       499.2532
 1-4 NB =       172.8830  1-4 EEL =      -349.8142  VDWAALS    =      4774.0641
 EELEC  =    -45821.7107  EHBOND  =         0.0000  RESTRAINT  =         0.0000
 EKCMT  =      3304.5930  VIRIAL  =      3329.8278  VOLUME     =    117226.5715
                                                    Density    =         1.0312
 Ewald error estimate:   0.5858E-05
 ------------------------------------------------------------------------------


 NSTEP =    81000   TIME(PS) =    1382.000  TEMP(K) =   298.96  PRESS =   144.5
 Etot   =    -33092.1098  EKtot   =      7079.2729  EPtot      =    -40171.3827
 BOND   =       157.0399  ANGLE   =       338.9045  DIHED      =       507.1007
 1-4 NB =       169.3703  1-4 EEL =      -355.3075  VDWAALS    =      4737.6636
 EELEC  =    -45726.1543  EHBOND  =         0.0000  RESTRAINT  =         0.0000
 EKCMT  =      3299.1933  VIRIAL  =      2933.7023  VOLUME     =    117181.7135
                                                    Density    =         1.0316
 Ewald error estimate:   0.7209E-05
 ------------------------------------------------------------------------------


 NSTEP =    81250   TIME(PS) =    1382.500  TEMP(K) =   301.96  PRESS =  -121.8
 Etot   =    -33180.8226  EKtot   =      7150.1266  EPtot      =    -40330.9491
 BOND   =       159.9367  ANGLE   =       365.0275  DIHED      =       511.3052
 1-4 NB =       166.3255  1-4 EEL =      -337.9233  VDWAALS    =      4785.1734
 EELEC  =    -45980.7941  EHBOND  =         0.0000  RESTRAINT  =         0.0000
 EKCMT  =      3352.4405  VIRIAL  =      3660.3642  VOLUME     =    117095.2012
                                                    Density    =         1.0324
 Ewald error estimate:   0.1223E-03
 ------------------------------------------------------------------------------


 NSTEP =    81500   TIME(PS) =    1383.000  TEMP(K) =   304.86  PRESS =  -161.9
 Etot   =    -33111.1292  EKtot   =      7218.9479  EPtot      =    -40330.0770
 BOND   =       149.8126  ANGLE   =       340.5592  DIHED      =       504.8608
 1-4 NB =       166.7180  1-4 EEL =      -346.8465  VDWAALS    =      4890.0154
 EELEC  =    -46035.1965  EHBOND  =         0.0000  RESTRAINT  =         0.0000
 EKCMT  =      3355.0934  VIRIAL  =      3763.7992  VOLUME     =    116950.8580
                                                    Density    =         1.0337
 Ewald error estimate:   0.8650E-04
 ------------------------------------------------------------------------------


 NSTEP =    81750   TIME(PS) =    1383.500  TEMP(K) =   300.25  PRESS =  -530.3
 Etot   =    -33252.9038  EKtot   =      7109.7780  EPtot      =    -40362.6818
 BOND   =       157.1882  ANGLE   =       358.1614  DIHED      =       504.5542
 1-4 NB =       164.7657  1-4 EEL =      -345.8482  VDWAALS    =      4720.7882
 EELEC  =    -45922.2913  EHBOND  =         0.0000  RESTRAINT  =         0.0000
 EKCMT  =      3298.8974  VIRIAL  =      4637.0110  VOLUME     =    116863.0942
                                                    Density    =         1.0344
 Ewald error estimate:   0.1102E-03
 ------------------------------------------------------------------------------


 NSTEP =    82000   TIME(PS) =    1384.000  TEMP(K) =   301.68  PRESS =    55.6
 Etot   =    -33257.0279  EKtot   =      7143.6723  EPtot      =    -40400.7002
 BOND   =       177.2694  ANGLE   =       347.1849  DIHED      =       514.7835
 1-4 NB =       160.8547  1-4 EEL =      -343.9281  VDWAALS    =      4853.6195
 EELEC  =    -46110.4840  EHBOND  =         0.0000  RESTRAINT  =         0.0000
 EKCMT  =      3386.8646  VIRIAL  =      3246.6905  VOLUME     =    116832.8965
                                                    Density    =         1.0347
 Ewald error estimate:   0.2899E-03
 ------------------------------------------------------------------------------


 NSTEP =    82250   TIME(PS) =    1384.500  TEMP(K) =   303.52  PRESS =   -37.0
 Etot   =    -33099.2928  EKtot   =      7187.0837  EPtot      =    -40286.3765
 BOND   =       153.1999  ANGLE   =       352.1593  DIHED      =       506.4383
 1-4 NB =       172.3547  1-4 EEL =      -338.3023  VDWAALS    =      4733.7985
 EELEC  =    -45866.0249  EHBOND  =         0.0000  RESTRAINT  =         0.0000
 EKCMT  =      3325.7221  VIRIAL  =      3419.0771  VOLUME     =    116933.0882
                                                    Density    =         1.0338
 Ewald error estimate:   0.2082E-03
 ------------------------------------------------------------------------------


 NSTEP =    82500   TIME(PS) =    1385.000  TEMP(K) =   300.83  PRESS =  -100.3
 Etot   =    -33270.8240  EKtot   =      7123.5104  EPtot      =    -40394.3344
 BOND   =       158.5162  ANGLE   =       369.3334  DIHED      =       516.2701
 1-4 NB =       173.4163  1-4 EEL =      -362.3006  VDWAALS    =      4758.9268
 EELEC  =    -46008.4966  EHBOND  =         0.0000  RESTRAINT  =         0.0000
 EKCMT  =      3356.4776  VIRIAL  =      3609.6052  VOLUME     =    116935.0443
                                                    Density    =         1.0338
 Ewald error estimate:   0.1162E-03
 ------------------------------------------------------------------------------


 NSTEP =    82750   TIME(PS) =    1385.500  TEMP(K) =   299.02  PRESS =    90.0
 Etot   =    -33261.1806  EKtot   =      7080.6184  EPtot      =    -40341.7990
 BOND   =       163.1421  ANGLE   =       355.2022  DIHED      =       497.1722
 1-4 NB =       170.9531  1-4 EEL =      -331.7720  VDWAALS    =      4851.5247
 EELEC  =    -46048.0213  EHBOND  =         0.0000  RESTRAINT  =         0.0000
 EKCMT  =      3373.7720  VIRIAL  =      3146.1765  VOLUME     =    117097.2671
                                                    Density    =         1.0324
 Ewald error estimate:   0.8205E-04
 ------------------------------------------------------------------------------


 NSTEP =    83000   TIME(PS) =    1386.000  TEMP(K) =   303.10  PRESS =    63.7
 Etot   =    -33175.5025  EKtot   =      7177.1765  EPtot      =    -40352.6790
 BOND   =       157.6254  ANGLE   =       339.1094  DIHED      =       510.7230
 1-4 NB =       168.7467  1-4 EEL =      -344.2886  VDWAALS    =      4868.8867
 EELEC  =    -46053.4816  EHBOND  =         0.0000  RESTRAINT  =         0.0000
 EKCMT  =      3344.1549  VIRIAL  =      3182.9668  VOLUME     =    117266.9676
                                                    Density    =         1.0309
 Ewald error estimate:   0.1270E-03
 ------------------------------------------------------------------------------


 NSTEP =    83250   TIME(PS) =    1386.500  TEMP(K) =   302.62  PRESS =   125.4
 Etot   =    -33220.0673  EKtot   =      7165.8713  EPtot      =    -40385.9386
 BOND   =       139.5039  ANGLE   =       361.7680  DIHED      =       510.6420
 1-4 NB =       170.4570  1-4 EEL =      -363.8639  VDWAALS    =      4900.2385
 EELEC  =    -46104.6840  EHBOND  =         0.0000  RESTRAINT  =         0.0000
 EKCMT  =      3361.4769  VIRIAL  =      3044.0554  VOLUME     =    117242.5534
                                                    Density    =         1.0311
 Ewald error estimate:   0.6959E-04
 ------------------------------------------------------------------------------


 NSTEP =    83500   TIME(PS) =    1387.000  TEMP(K) =   298.32  PRESS =    19.4
 Etot   =    -33254.1030  EKtot   =      7063.9276  EPtot      =    -40318.0306
 BOND   =       147.8721  ANGLE   =       342.2515  DIHED      =       507.7768
 1-4 NB =       165.9158  1-4 EEL =      -339.7762  VDWAALS    =      4786.4957
 EELEC  =    -45928.5662  EHBOND  =         0.0000  RESTRAINT  =         0.0000
 EKCMT  =      3325.2849  VIRIAL  =      3276.2963  VOLUME     =    117251.5700
                                                    Density    =         1.0310
 Ewald error estimate:   0.2704E-04
 ------------------------------------------------------------------------------


 NSTEP =    83750   TIME(PS) =    1387.500  TEMP(K) =   304.22  PRESS =   203.3
 Etot   =    -33369.8551  EKtot   =      7203.6833  EPtot      =    -40573.5384
 BOND   =       156.6345  ANGLE   =       338.2811  DIHED      =       492.0623
 1-4 NB =       175.7289  1-4 EEL =      -337.2338  VDWAALS    =      4972.6499
 EELEC  =    -46371.6613  EHBOND  =         0.0000  RESTRAINT  =         0.0000
 EKCMT  =      3395.7280  VIRIAL  =      2881.7216  VOLUME     =    117079.6597
                                                    Density    =         1.0325
 Ewald error estimate:   0.1449E-03
 ------------------------------------------------------------------------------


 NSTEP =    84000   TIME(PS) =    1388.000  TEMP(K) =   298.39  PRESS =  -164.9
 Etot   =    -33374.5415  EKtot   =      7065.6074  EPtot      =    -40440.1489
 BOND   =       166.3688  ANGLE   =       366.8825  DIHED      =       509.3038
 1-4 NB =       164.7700  1-4 EEL =      -360.2064  VDWAALS    =      4769.4577
 EELEC  =    -46056.7252  EHBOND  =         0.0000  RESTRAINT  =         0.0000
 EKCMT  =      3286.7160  VIRIAL  =      3703.6371  VOLUME     =    117082.0971
                                                    Density    =         1.0325
 Ewald error estimate:   0.3336E-03
 ------------------------------------------------------------------------------


 NSTEP =    84250   TIME(PS) =    1388.500  TEMP(K) =   297.78  PRESS =   527.7
 Etot   =    -33279.6765  EKtot   =      7051.1399  EPtot      =    -40330.8164
 BOND   =       141.5954  ANGLE   =       371.2898  DIHED      =       498.2977
 1-4 NB =       164.1607  1-4 EEL =      -355.1840  VDWAALS    =      4975.6738
 EELEC  =    -46126.6499  EHBOND  =         0.0000  RESTRAINT  =         0.0000
 EKCMT  =      3301.2674  VIRIAL  =      1968.0200  VOLUME     =    117026.6999
                                                    Density    =         1.0330
 Ewald error estimate:   0.1702E-03
 ------------------------------------------------------------------------------


 NSTEP =    84500   TIME(PS) =    1389.000  TEMP(K) =   302.82  PRESS =   140.3
 Etot   =    -33178.6228  EKtot   =      7170.6611  EPtot      =    -40349.2839
 BOND   =       179.2227  ANGLE   =       374.9924  DIHED      =       504.1144
 1-4 NB =       176.3698  1-4 EEL =      -375.5082  VDWAALS    =      4892.9467
 EELEC  =    -46101.4217  EHBOND  =         0.0000  RESTRAINT  =         0.0000
 EKCMT  =      3401.7413  VIRIAL  =      3047.1104  VOLUME     =    117109.4474
                                                    Density    =         1.0323
 Ewald error estimate:   0.3831E-04
 ------------------------------------------------------------------------------


 NSTEP =    84750   TIME(PS) =    1389.500  TEMP(K) =   303.19  PRESS =   -70.4
 Etot   =    -33147.3139  EKtot   =      7179.3441  EPtot      =    -40326.6580
 BOND   =       144.6616  ANGLE   =       349.4215  DIHED      =       507.8310
 1-4 NB =       168.1086  1-4 EEL =      -355.0255  VDWAALS    =      4865.0906
 EELEC  =    -46006.7459  EHBOND  =         0.0000  RESTRAINT  =         0.0000
 EKCMT  =      3303.3146  VIRIAL  =      3481.1356  VOLUME     =    116934.0363
                                                    Density    =         1.0338
 Ewald error estimate:   0.8867E-04
 ------------------------------------------------------------------------------


 NSTEP =    85000   TIME(PS) =    1390.000  TEMP(K) =   297.65  PRESS =   109.3
 Etot   =    -33203.6475  EKtot   =      7048.1334  EPtot      =    -40251.7809
 BOND   =       154.8435  ANGLE   =       365.0505  DIHED      =       497.1472
 1-4 NB =       177.3673  1-4 EEL =      -360.6871  VDWAALS    =      4800.6104
 EELEC  =    -45886.1127  EHBOND  =         0.0000  RESTRAINT  =         0.0000
 EKCMT  =      3330.5817  VIRIAL  =      3054.5706  VOLUME     =    116965.4934
                                                    Density    =         1.0335
 Ewald error estimate:   0.1004E-03
 ------------------------------------------------------------------------------


 NSTEP =    85250   TIME(PS) =    1390.500  TEMP(K) =   297.04  PRESS =    83.9
 Etot   =    -33237.8476  EKtot   =      7033.6962  EPtot      =    -40271.5439
 BOND   =       156.0415  ANGLE   =       357.0802  DIHED      =       489.8542
 1-4 NB =       171.5800  1-4 EEL =      -334.5205  VDWAALS    =      4856.1813
 EELEC  =    -45967.7606  EHBOND  =         0.0000  RESTRAINT  =         0.0000
 EKCMT  =      3259.5435  VIRIAL  =      3047.1498  VOLUME     =    117228.7327
                                                    Density    =         1.0312
 Ewald error estimate:   0.3482E-04
 ------------------------------------------------------------------------------


 NSTEP =    85500   TIME(PS) =    1391.000  TEMP(K) =   299.61  PRESS =   -95.0
 Etot   =    -33171.5234  EKtot   =      7094.6221  EPtot      =    -40266.1454
 BOND   =       154.4377  ANGLE   =       364.9586  DIHED      =       492.5266
 1-4 NB =       181.7297  1-4 EEL =      -359.4530  VDWAALS    =      4786.9617
 EELEC  =    -45887.3068  EHBOND  =         0.0000  RESTRAINT  =         0.0000
 EKCMT  =      3326.8408  VIRIAL  =      3567.6976  VOLUME     =    117372.0272
                                                    Density    =         1.0299
 Ewald error estimate:   0.1142E-03
 ------------------------------------------------------------------------------


 NSTEP =    85750   TIME(PS) =    1391.500  TEMP(K) =   297.07  PRESS =   159.7
 Etot   =    -33183.6456  EKtot   =      7034.3633  EPtot      =    -40218.0088
 BOND   =       156.7696  ANGLE   =       386.0297  DIHED      =       491.2565
 1-4 NB =       169.2412  1-4 EEL =      -347.9318  VDWAALS    =      4834.6178
 EELEC  =    -45907.9918  EHBOND  =         0.0000  RESTRAINT  =         0.0000
 EKCMT  =      3359.9391  VIRIAL  =      2955.1549  VOLUME     =    117396.5890
                                                    Density    =         1.0297
 Ewald error estimate:   0.1327E-03
 ------------------------------------------------------------------------------


 NSTEP =    86000   TIME(PS) =    1392.000  TEMP(K) =   299.74  PRESS =    80.6
 Etot   =    -33221.0309  EKtot   =      7097.7460  EPtot      =    -40318.7768
 BOND   =       167.6929  ANGLE   =       367.7148  DIHED      =       505.9465
 1-4 NB =       167.2653  1-4 EEL =      -344.6380  VDWAALS    =      4863.1425
 EELEC  =    -46045.9008  EHBOND  =         0.0000  RESTRAINT  =         0.0000
 EKCMT  =      3329.8872  VIRIAL  =      3125.3464  VOLUME     =    117475.0517
                                                    Density    =         1.0290
 Ewald error estimate:   0.2813E-04
 ------------------------------------------------------------------------------


 NSTEP =    86250   TIME(PS) =    1392.500  TEMP(K) =   302.63  PRESS =   572.5
 Etot   =    -33278.8232  EKtot   =      7166.1749  EPtot      =    -40444.9981
 BOND   =       160.6354  ANGLE   =       337.5228  DIHED      =       480.6107
 1-4 NB =       172.9613  1-4 EEL =      -347.4675  VDWAALS    =      5018.1696
 EELEC  =    -46267.4305  EHBOND  =         0.0000  RESTRAINT  =         0.0000
 EKCMT  =      3341.5354  VIRIAL  =      1887.1195  VOLUME     =    117668.8421
                                                    Density    =         1.0273
 Ewald error estimate:   0.1144E-03
 ------------------------------------------------------------------------------


 NSTEP =    86500   TIME(PS) =    1393.000  TEMP(K) =   305.22  PRESS =   202.8
 Etot   =    -33157.7223  EKtot   =      7227.4949  EPtot      =    -40385.2171
 BOND   =       138.6698  ANGLE   =       348.0027  DIHED      =       500.2439
 1-4 NB =       165.7173  1-4 EEL =      -349.9996  VDWAALS    =      4923.9793
 EELEC  =    -46111.8304  EHBOND  =         0.0000  RESTRAINT  =         0.0000
 EKCMT  =      3440.8567  VIRIAL  =      2925.5546  VOLUME     =    117657.2140
                                                    Density    =         1.0275
 Ewald error estimate:   0.8445E-04
 ------------------------------------------------------------------------------


 NSTEP =    86750   TIME(PS) =    1393.500  TEMP(K) =   301.90  PRESS =   425.4
 Etot   =    -33198.7301  EKtot   =      7148.7115  EPtot      =    -40347.4416
 BOND   =       159.5112  ANGLE   =       346.0374  DIHED      =       502.9733
 1-4 NB =       172.2094  1-4 EEL =      -356.2249  VDWAALS    =      5008.0314
 EELEC  =    -46179.9792  EHBOND  =         0.0000  RESTRAINT  =         0.0000
 EKCMT  =      3384.1219  VIRIAL  =      2302.3340  VOLUME     =    117781.4158
                                                    Density    =         1.0264
 Ewald error estimate:   0.5864E-04
 ------------------------------------------------------------------------------


 NSTEP =    87000   TIME(PS) =    1394.000  TEMP(K) =   305.29  PRESS =     2.7
 Etot   =    -33069.7155  EKtot   =      7228.9977  EPtot      =    -40298.7132
 BOND   =       168.3973  ANGLE   =       353.0669  DIHED      =       489.2104
 1-4 NB =       165.1050  1-4 EEL =      -346.4561  VDWAALS    =      4883.5762
 EELEC  =    -46011.6129  EHBOND  =         0.0000  RESTRAINT  =         0.0000
 EKCMT  =      3416.0733  VIRIAL  =      3409.2684  VOLUME     =    117782.2985
                                                    Density    =         1.0264
 Ewald error estimate:   0.1317E-03
 ------------------------------------------------------------------------------


 NSTEP =    87250   TIME(PS) =    1394.500  TEMP(K) =   298.79  PRESS =   -48.4
 Etot   =    -33148.2248  EKtot   =      7075.0499  EPtot      =    -40223.2747
 BOND   =       157.5546  ANGLE   =       341.9117  DIHED      =       499.1992
 1-4 NB =       178.0292  1-4 EEL =      -350.0045  VDWAALS    =      4837.2625
 EELEC  =    -45887.2272  EHBOND  =         0.0000  RESTRAINT  =         0.0000
 EKCMT  =      3302.5810  VIRIAL  =      3425.4073  VOLUME     =    117634.1168
                                                    Density    =         1.0277
 Ewald error estimate:   0.5224E-04
 ------------------------------------------------------------------------------


 NSTEP =    87500   TIME(PS) =    1395.000  TEMP(K) =   301.07  PRESS =   -68.7
 Etot   =    -33011.0291  EKtot   =      7129.2078  EPtot      =    -40140.2369
 BOND   =       169.8575  ANGLE   =       346.8742  DIHED      =       495.9059
 1-4 NB =       167.3270  1-4 EEL =      -337.4173  VDWAALS    =      4801.0700
 EELEC  =    -45783.8542  EHBOND  =         0.0000  RESTRAINT  =         0.0000
 EKCMT  =      3368.8445  VIRIAL  =      3543.0416  VOLUME     =    117486.4575
                                                    Density    =         1.0289
 Ewald error estimate:   0.4484E-04
 ------------------------------------------------------------------------------


 NSTEP =    87750   TIME(PS) =    1395.500  TEMP(K) =   303.71  PRESS =   157.3
 Etot   =    -33132.7122  EKtot   =      7191.7695  EPtot      =    -40324.4817
 BOND   =       163.5675  ANGLE   =       373.7746  DIHED      =       485.9154
 1-4 NB =       167.3769  1-4 EEL =      -374.5703  VDWAALS    =      4979.3086
 EELEC  =    -46119.8545  EHBOND  =         0.0000  RESTRAINT  =         0.0000
 EKCMT  =      3373.3243  VIRIAL  =      2974.6184  VOLUME     =    117385.0785
                                                    Density    =         1.0298
 Ewald error estimate:   0.3012E-04
 ------------------------------------------------------------------------------


 NSTEP =    88000   TIME(PS) =    1396.000  TEMP(K) =   300.58  PRESS =   -70.9
 Etot   =    -33132.5514  EKtot   =      7117.5935  EPtot      =    -40250.1450
 BOND   =       167.6264  ANGLE   =       358.6363  DIHED      =       487.7837
 1-4 NB =       174.1951  1-4 EEL =      -368.9146  VDWAALS    =      4791.6534
 EELEC  =    -45861.1254  EHBOND  =         0.0000  RESTRAINT  =         0.0000
 EKCMT  =      3377.9321  VIRIAL  =      3557.5884  VOLUME     =    117420.4925
                                                    Density    =         1.0295
 Ewald error estimate:   0.7139E-04
 ------------------------------------------------------------------------------


 NSTEP =    88250   TIME(PS) =    1396.500  TEMP(K) =   299.78  PRESS =  -363.2
 Etot   =    -33301.2606  EKtot   =      7098.5002  EPtot      =    -40399.7609
 BOND   =       149.7666  ANGLE   =       357.1122  DIHED      =       490.8199
 1-4 NB =       177.8392  1-4 EEL =      -357.6800  VDWAALS    =      4809.1591
 EELEC  =    -46026.7779  EHBOND  =         0.0000  RESTRAINT  =         0.0000
 EKCMT  =      3306.8312  VIRIAL  =      4228.5434  VOLUME     =    117521.6777
                                                    Density    =         1.0286
 Ewald error estimate:   0.2001E-04
 ------------------------------------------------------------------------------


 NSTEP =    88500   TIME(PS) =    1397.000  TEMP(K) =   300.54  PRESS =   -89.7
 Etot   =    -33276.3208  EKtot   =      7116.5433  EPtot      =    -40392.8641
 BOND   =       157.8382  ANGLE   =       349.3631  DIHED      =       492.2338
 1-4 NB =       171.4971  1-4 EEL =      -349.0224  VDWAALS    =      4894.1594
 EELEC  =    -46108.9332  EHBOND  =         0.0000  RESTRAINT  =         0.0000
 EKCMT  =      3325.1317  VIRIAL  =      3552.5978  VOLUME     =    117446.5897
                                                    Density    =         1.0293
 Ewald error estimate:   0.2293E-04
 ------------------------------------------------------------------------------


 NSTEP =    88750   TIME(PS) =    1397.500  TEMP(K) =   299.36  PRESS =   399.5
 Etot   =    -33201.8737  EKtot   =      7088.7468  EPtot      =    -40290.6205
 BOND   =       145.8317  ANGLE   =       360.2317  DIHED      =       498.9503
 1-4 NB =       179.0577  1-4 EEL =      -344.6718  VDWAALS    =      5042.9213
 EELEC  =    -46172.9414  EHBOND  =         0.0000  RESTRAINT  =         0.0000
 EKCMT  =      3340.8526  VIRIAL  =      2328.6300  VOLUME     =    117362.2309
                                                    Density    =         1.0300
 Ewald error estimate:   0.1808E-03
 ------------------------------------------------------------------------------


 NSTEP =    89000   TIME(PS) =    1398.000  TEMP(K) =   299.53  PRESS =    88.3
 Etot   =    -33192.7675  EKtot   =      7092.6920  EPtot      =    -40285.4595
 BOND   =       165.1850  ANGLE   =       333.2433  DIHED      =       496.1633
 1-4 NB =       171.9812  1-4 EEL =      -338.5650  VDWAALS    =      4845.0447
 EELEC  =    -45958.5120  EHBOND  =         0.0000  RESTRAINT  =         0.0000
 EKCMT  =      3323.5051  VIRIAL  =      3099.4175  VOLUME     =    117498.5416
                                                    Density    =         1.0288
 Ewald error estimate:   0.1899E-03
 ------------------------------------------------------------------------------


 NSTEP =    89250   TIME(PS) =    1398.500  TEMP(K) =   301.05  PRESS =  -333.2
 Etot   =    -33237.8579  EKtot   =      7128.7053  EPtot      =    -40366.5632
 BOND   =       144.7520  ANGLE   =       351.6029  DIHED      =       493.9275
 1-4 NB =       180.1527  1-4 EEL =      -327.0514  VDWAALS    =      4801.5690
 EELEC  =    -46011.5160  EHBOND  =         0.0000  RESTRAINT  =         0.0000
 EKCMT  =      3321.3220  VIRIAL  =      4165.8229  VOLUME     =    117389.4684
                                                    Density    =         1.0298
 Ewald error estimate:   0.1027E-03
 ------------------------------------------------------------------------------


 NSTEP =    89500   TIME(PS) =    1399.000  TEMP(K) =   300.68  PRESS =    86.4
 Etot   =    -33244.4736  EKtot   =      7119.8296  EPtot      =    -40364.3031
 BOND   =       141.7566  ANGLE   =       343.5636  DIHED      =       504.3952
 1-4 NB =       176.7846  1-4 EEL =      -330.6716  VDWAALS    =      4917.8430
 EELEC  =    -46117.9745  EHBOND  =         0.0000  RESTRAINT  =         0.0000
 EKCMT  =      3314.7911  VIRIAL  =      3096.0479  VOLUME     =    117255.9207
                                                    Density    =         1.0310
 Ewald error estimate:   0.3330E-04
 ------------------------------------------------------------------------------


 NSTEP =    89750   TIME(PS) =    1399.500  TEMP(K) =   299.25  PRESS =  -300.6
 Etot   =    -33158.0703  EKtot   =      7086.0959  EPtot      =    -40244.1662
 BOND   =       136.0920  ANGLE   =       330.4288  DIHED      =       510.2878
 1-4 NB =       168.4831  1-4 EEL =      -335.0817  VDWAALS    =      4620.3336
 EELEC  =    -45674.7098  EHBOND  =         0.0000  RESTRAINT  =         0.0000
 EKCMT  =      3357.1790  VIRIAL  =      4118.0430  VOLUME     =    117231.0825
                                                    Density    =         1.0312
 Ewald error estimate:   0.1070E-04
 ------------------------------------------------------------------------------


 NSTEP =    90000   TIME(PS) =    1400.000  TEMP(K) =   309.50  PRESS =    58.3
 Etot   =    -33158.8891  EKtot   =      7328.8781  EPtot      =    -40487.7673
 BOND   =       146.4235  ANGLE   =       352.7832  DIHED      =       516.9784
 1-4 NB =       168.2893  1-4 EEL =      -349.9373  VDWAALS    =      4949.0009
 EELEC  =    -46271.3052  EHBOND  =         0.0000  RESTRAINT  =         0.0000
 EKCMT  =      3473.5388  VIRIAL  =      3326.0520  VOLUME     =    117156.0646
                                                    Density    =         1.0318
 Ewald error estimate:   0.7063E-04
 ------------------------------------------------------------------------------


 NSTEP =    90250   TIME(PS) =    1400.500  TEMP(K) =   300.99  PRESS =    -7.3
 Etot   =    -33205.6319  EKtot   =      7127.3650  EPtot      =    -40332.9969
 BOND   =       147.1640  ANGLE   =       341.6804  DIHED      =       486.7942
 1-4 NB =       167.3886  1-4 EEL =      -346.0283  VDWAALS    =      4797.7013
 EELEC  =    -45927.6971  EHBOND  =         0.0000  RESTRAINT  =         0.0000
 EKCMT  =      3289.7395  VIRIAL  =      3308.2486  VOLUME     =    117331.4636
                                                    Density    =         1.0303
 Ewald error estimate:   0.5422E-05
 ------------------------------------------------------------------------------


 NSTEP =    90500   TIME(PS) =    1401.000  TEMP(K) =   302.09  PRESS =  -116.9
 Etot   =    -33150.4976  EKtot   =      7153.2659  EPtot      =    -40303.7634
 BOND   =       132.4713  ANGLE   =       355.0925  DIHED      =       495.2707
 1-4 NB =       178.1398  1-4 EEL =      -332.8930  VDWAALS    =      4818.1626
 EELEC  =    -45950.0074  EHBOND  =         0.0000  RESTRAINT  =         0.0000
 EKCMT  =      3302.3855  VIRIAL  =      3598.4909  VOLUME     =    117298.8025
                                                    Density    =         1.0306
 Ewald error estimate:   0.4391E-04
 ------------------------------------------------------------------------------


 NSTEP =    90750   TIME(PS) =    1401.500  TEMP(K) =   305.05  PRESS =  -296.6
 Etot   =    -33074.5542  EKtot   =      7223.4408  EPtot      =    -40297.9950
 BOND   =       172.1100  ANGLE   =       358.7750  DIHED      =       507.4139
 1-4 NB =       173.6479  1-4 EEL =      -352.4303  VDWAALS    =      4791.0770
 EELEC  =    -45948.5885  EHBOND  =         0.0000  RESTRAINT  =         0.0000
 EKCMT  =      3411.3996  VIRIAL  =      4162.0978  VOLUME     =    117223.8575
                                                    Density    =         1.0312
 Ewald error estimate:   0.1073E-03
 ------------------------------------------------------------------------------


 NSTEP =    91000   TIME(PS) =    1402.000  TEMP(K) =   302.91  PRESS =  -113.3
 Etot   =    -33072.1403  EKtot   =      7172.7133  EPtot      =    -40244.8536
 BOND   =       146.0917  ANGLE   =       368.1777  DIHED      =       498.5125
 1-4 NB =       168.9423  1-4 EEL =      -334.3798  VDWAALS    =      4689.4446
 EELEC  =    -45781.6427  EHBOND  =         0.0000  RESTRAINT  =         0.0000
 EKCMT  =      3383.5358  VIRIAL  =      3670.1946  VOLUME     =    117158.4579
                                                    Density    =         1.0318
 Ewald error estimate:   0.4029E-05
 ------------------------------------------------------------------------------


 NSTEP =    91250   TIME(PS) =    1402.500  TEMP(K) =   298.11  PRESS =   -23.9
 Etot   =    -33171.6511  EKtot   =      7059.0782  EPtot      =    -40230.7292
 BOND   =       158.1112  ANGLE   =       379.5385  DIHED      =       500.1443
 1-4 NB =       181.9389  1-4 EEL =      -341.5334  VDWAALS    =      4759.3603
 EELEC  =    -45868.2891  EHBOND  =         0.0000  RESTRAINT  =         0.0000
 EKCMT  =      3333.2181  VIRIAL  =      3393.7246  VOLUME     =    117078.2019
                                                    Density    =         1.0325
 Ewald error estimate:   0.2699E-03
 ------------------------------------------------------------------------------


 NSTEP =    91500   TIME(PS) =    1403.000  TEMP(K) =   297.26  PRESS =   -53.0
 Etot   =    -33140.9443  EKtot   =      7038.9737  EPtot      =    -40179.9180
 BOND   =       159.8393  ANGLE   =       389.4943  DIHED      =       513.5572
 1-4 NB =       172.8453  1-4 EEL =      -348.5815  VDWAALS    =      4763.7260
 EELEC  =    -45830.7986  EHBOND  =         0.0000  RESTRAINT  =         0.0000
 EKCMT  =      3307.1760  VIRIAL  =      3441.2433  VOLUME     =    117124.8278
                                                    Density    =         1.0321
 Ewald error estimate:   0.1680E-05
 ------------------------------------------------------------------------------


 NSTEP =    91750   TIME(PS) =    1403.500  TEMP(K) =   299.96  PRESS =    62.7
 Etot   =    -33258.0303  EKtot   =      7102.8785  EPtot      =    -40360.9087
 BOND   =       163.4535  ANGLE   =       338.4331  DIHED      =       499.9297
 1-4 NB =       174.1023  1-4 EEL =      -355.4213  VDWAALS    =      4803.5801
 EELEC  =    -45984.9861  EHBOND  =         0.0000  RESTRAINT  =         0.0000
 EKCMT  =      3279.6438  VIRIAL  =      3121.2000  VOLUME     =    116999.5345
                                                    Density    =         1.0332
 Ewald error estimate:   0.3007E-04
 ------------------------------------------------------------------------------


 NSTEP =    92000   TIME(PS) =    1404.000  TEMP(K) =   298.81  PRESS =    39.5
 Etot   =    -33324.9132  EKtot   =      7075.6415  EPtot      =    -40400.5547
 BOND   =       145.4753  ANGLE   =       360.6648  DIHED      =       495.4416
 1-4 NB =       175.2874  1-4 EEL =      -335.3302  VDWAALS    =      4984.8728
 EELEC  =    -46226.9664  EHBOND  =         0.0000  RESTRAINT  =         0.0000
 EKCMT  =      3287.0666  VIRIAL  =      3187.1933  VOLUME     =    116969.5473
                                                    Density    =         1.0335
 Ewald error estimate:   0.7211E-04
 ------------------------------------------------------------------------------


 NSTEP =    92250   TIME(PS) =    1404.500  TEMP(K) =   298.04  PRESS =   -12.6
 Etot   =    -33292.9250  EKtot   =      7057.3374  EPtot      =    -40350.2625
 BOND   =       153.0674  ANGLE   =       342.9741  DIHED      =       496.4075
 1-4 NB =       177.1939  1-4 EEL =      -362.3228  VDWAALS    =      4886.8797
 EELEC  =    -46044.4623  EHBOND  =         0.0000  RESTRAINT  =         0.0000
 EKCMT  =      3307.8915  VIRIAL  =      3339.8072  VOLUME     =    117010.2293
                                                    Density    =         1.0331
 Ewald error estimate:   0.5700E-04
 ------------------------------------------------------------------------------


 NSTEP =    92500   TIME(PS) =    1405.000  TEMP(K) =   301.60  PRESS =  -113.3
 Etot   =    -33254.8745  EKtot   =      7141.6755  EPtot      =    -40396.5500
 BOND   =       163.8384  ANGLE   =       352.9859  DIHED      =       505.0942
 1-4 NB =       174.3142  1-4 EEL =      -343.1151  VDWAALS    =      4760.4969
 EELEC  =    -46010.1645  EHBOND  =         0.0000  RESTRAINT  =         0.0000
 EKCMT  =      3364.0612  VIRIAL  =      3650.0779  VOLUME     =    116876.6250
                                                    Density    =         1.0343
 Ewald error estimate:   0.4368E-05
 ------------------------------------------------------------------------------


 NSTEP =    92750   TIME(PS) =    1405.500  TEMP(K) =   300.20  PRESS =    -2.0
 Etot   =    -33295.6819  EKtot   =      7108.5099  EPtot      =    -40404.1918
 BOND   =       174.9518  ANGLE   =       359.4572  DIHED      =       507.2889
 1-4 NB =       173.1713  1-4 EEL =      -348.2948  VDWAALS    =      4756.0985
 EELEC  =    -46026.8647  EHBOND  =         0.0000  RESTRAINT  =         0.0000
 EKCMT  =      3335.1180  VIRIAL  =      3340.2670  VOLUME     =    117014.4195
                                                    Density    =         1.0331
 Ewald error estimate:   0.1391E-03
 ------------------------------------------------------------------------------


 NSTEP =    93000   TIME(PS) =    1406.000  TEMP(K) =   301.68  PRESS =  -294.9
 Etot   =    -33302.2226  EKtot   =      7143.6623  EPtot      =    -40445.8849
 BOND   =       162.3620  ANGLE   =       347.8177  DIHED      =       499.1809
 1-4 NB =       179.0695  1-4 EEL =      -319.3434  VDWAALS    =      4712.4236
 EELEC  =    -46027.3951  EHBOND  =         0.0000  RESTRAINT  =         0.0000
 EKCMT  =      3404.1805  VIRIAL  =      4149.1928  VOLUME     =    117005.0792
                                                    Density    =         1.0332
 Ewald error estimate:   0.8402E-04
 ------------------------------------------------------------------------------


 NSTEP =    93250   TIME(PS) =    1406.500  TEMP(K) =   298.18  PRESS =   236.3
 Etot   =    -33231.9470  EKtot   =      7060.7405  EPtot      =    -40292.6875
 BOND   =       163.5982  ANGLE   =       354.2267  DIHED      =       515.4864
 1-4 NB =       169.7482  1-4 EEL =      -344.6308  VDWAALS    =      4919.1756
 EELEC  =    -46070.2917  EHBOND  =         0.0000  RESTRAINT  =         0.0000
 EKCMT  =      3302.9100  VIRIAL  =      2705.2271  VOLUME     =    117127.0416
                                                    Density    =         1.0321
 Ewald error estimate:   0.2497E-04
 ------------------------------------------------------------------------------


 NSTEP =    93500   TIME(PS) =    1407.000  TEMP(K) =   302.23  PRESS =  -380.9
 Etot   =    -33140.9392  EKtot   =      7156.6984  EPtot      =    -40297.6375
 BOND   =       156.6143  ANGLE   =       352.8800  DIHED      =       514.0706
 1-4 NB =       168.6302  1-4 EEL =      -333.2948  VDWAALS    =      4688.5596
 EELEC  =    -45845.0974  EHBOND  =         0.0000  RESTRAINT  =         0.0000
 EKCMT  =      3326.8670  VIRIAL  =      4288.8410  VOLUME     =    116974.1810
                                                    Density    =         1.0334
 Ewald error estimate:   0.4749E-04
 ------------------------------------------------------------------------------


 NSTEP =    93750   TIME(PS) =    1407.500  TEMP(K) =   304.85  PRESS =   137.2
 Etot   =    -33017.2788  EKtot   =      7218.7385  EPtot      =    -40236.0173
 BOND   =       171.0527  ANGLE   =       367.0069  DIHED      =       491.0953
 1-4 NB =       169.7687  1-4 EEL =      -354.3424  VDWAALS    =      4831.3784
 EELEC  =    -45911.9769  EHBOND  =         0.0000  RESTRAINT  =         0.0000
 EKCMT  =      3402.8528  VIRIAL  =      3056.5160  VOLUME     =    116936.6857
                                                    Density    =         1.0338
 Ewald error estimate:   0.2047E-06
 ------------------------------------------------------------------------------


 NSTEP =    94000   TIME(PS) =    1408.000  TEMP(K) =   304.87  PRESS =  -261.1
 Etot   =    -33028.1402  EKtot   =      7219.0253  EPtot      =    -40247.1655
 BOND   =       154.9252  ANGLE   =       351.0158  DIHED      =       498.4893
 1-4 NB =       168.8377  1-4 EEL =      -325.3300  VDWAALS    =      4743.7285
 EELEC  =    -45838.8320  EHBOND  =         0.0000  RESTRAINT  =         0.0000
 EKCMT  =      3388.0937  VIRIAL  =      4048.0509  VOLUME     =    117076.4317
                                                    Density    =         1.0325
 Ewald error estimate:   0.3024E-04
 ------------------------------------------------------------------------------


 NSTEP =    94250   TIME(PS) =    1408.500  TEMP(K) =   308.33  PRESS =   -34.1
 Etot   =    -33084.7335  EKtot   =      7300.9753  EPtot      =    -40385.7088
 BOND   =       161.6796  ANGLE   =       346.3734  DIHED      =       501.2877
 1-4 NB =       176.2674  1-4 EEL =      -350.2353  VDWAALS    =      4843.7366
 EELEC  =    -46064.8182  EHBOND  =         0.0000  RESTRAINT  =         0.0000
 EKCMT  =      3404.2320  VIRIAL  =      3490.5362  VOLUME     =    117067.0692
                                                    Density    =         1.0326
 Ewald error estimate:   0.6608E-04
 ------------------------------------------------------------------------------


 NSTEP =    94500   TIME(PS) =    1409.000  TEMP(K) =   303.69  PRESS =   138.5
 Etot   =    -33047.5900  EKtot   =      7191.1330  EPtot      =    -40238.7230
 BOND   =       140.8529  ANGLE   =       352.1859  DIHED      =       506.4443
 1-4 NB =       172.7973  1-4 EEL =      -346.9146  VDWAALS    =      4828.5326
 EELEC  =    -45892.6215  EHBOND  =         0.0000  RESTRAINT  =         0.0000
 EKCMT  =      3369.0905  VIRIAL  =      3018.5859  VOLUME     =    117176.1813
                                                    Density    =         1.0317
 Ewald error estimate:   0.5587E-04
 ------------------------------------------------------------------------------


 NSTEP =    94750   TIME(PS) =    1409.500  TEMP(K) =   302.34  PRESS =   254.0
 Etot   =    -33048.4403  EKtot   =      7159.2244  EPtot      =    -40207.6647
 BOND   =       169.2630  ANGLE   =       343.1161  DIHED      =       506.1567
 1-4 NB =       170.2588  1-4 EEL =      -346.3508  VDWAALS    =      4812.4736
 EELEC  =    -45862.5821  EHBOND  =         0.0000  RESTRAINT  =         0.0000
 EKCMT  =      3409.1300  VIRIAL  =      2765.3156  VOLUME     =    117392.6854
                                                    Density    =         1.0298
 Ewald error estimate:   0.1938E-03
 ------------------------------------------------------------------------------


 NSTEP =    95000   TIME(PS) =    1410.000  TEMP(K) =   301.22  PRESS =  -145.8
 Etot   =    -33045.7067  EKtot   =      7132.8117  EPtot      =    -40178.5184
 BOND   =       166.8293  ANGLE   =       363.7222  DIHED      =       500.9750
 1-4 NB =       164.2540  1-4 EEL =      -337.6199  VDWAALS    =      4759.7101
 EELEC  =    -45796.3890  EHBOND  =         0.0000  RESTRAINT  =         0.0000
 EKCMT  =      3288.8163  VIRIAL  =      3658.1487  VOLUME     =    117315.1018
                                                    Density    =         1.0304
 Ewald error estimate:   0.4376E-04
 ------------------------------------------------------------------------------


 NSTEP =    95250   TIME(PS) =    1410.500  TEMP(K) =   299.66  PRESS =  -123.4
 Etot   =    -33107.7981  EKtot   =      7095.8169  EPtot      =    -40203.6150
 BOND   =       155.5998  ANGLE   =       368.8603  DIHED      =       495.3363
 1-4 NB =       172.9800  1-4 EEL =      -354.8910  VDWAALS    =      4802.8884
 EELEC  =    -45844.3888  EHBOND  =         0.0000  RESTRAINT  =         0.0000
 EKCMT  =      3265.8576  VIRIAL  =      3578.2541  VOLUME     =    117252.0250
                                                    Density    =         1.0310
 Ewald error estimate:   0.1611E-03
 ------------------------------------------------------------------------------


 NSTEP =    95500   TIME(PS) =    1411.000  TEMP(K) =   301.33  PRESS =  -172.5
 Etot   =    -32973.3185  EKtot   =      7135.3635  EPtot      =    -40108.6820
 BOND   =       154.2235  ANGLE   =       345.2934  DIHED      =       497.4300
 1-4 NB =       171.1924  1-4 EEL =      -329.7815  VDWAALS    =      4700.9978
 EELEC  =    -45648.0376  EHBOND  =         0.0000  RESTRAINT  =         0.0000
 EKCMT  =      3359.2594  VIRIAL  =      3796.2065  VOLUME     =    117325.3533
                                                    Density    =         1.0304
 Ewald error estimate:   0.1913E-03
 ------------------------------------------------------------------------------


 NSTEP =    95750   TIME(PS) =    1411.500  TEMP(K) =   306.26  PRESS =   -48.7
 Etot   =    -33049.5284  EKtot   =      7251.9276  EPtot      =    -40301.4560
 BOND   =       152.1791  ANGLE   =       361.1514  DIHED      =       506.4390
 1-4 NB =       165.5066  1-4 EEL =      -357.0410  VDWAALS    =      4881.3582
 EELEC  =    -46011.0493  EHBOND  =         0.0000  RESTRAINT  =         0.0000
 EKCMT  =      3424.9285  VIRIAL  =      3548.5110  VOLUME     =    117457.9254
                                                    Density    =         1.0292
 Ewald error estimate:   0.3664E-04
 ------------------------------------------------------------------------------


 NSTEP =    96000   TIME(PS) =    1412.000  TEMP(K) =   306.05  PRESS =    26.1
 Etot   =    -33093.6106  EKtot   =      7247.0043  EPtot      =    -40340.6149
 BOND   =       157.3329  ANGLE   =       364.4695  DIHED      =       508.1321
 1-4 NB =       170.8747  1-4 EEL =      -355.1831  VDWAALS    =      4852.5561
 EELEC  =    -46038.7971  EHBOND  =         0.0000  RESTRAINT  =         0.0000
 EKCMT  =      3421.5704  VIRIAL  =      3355.4548  VOLUME     =    117416.7302
                                                    Density    =         1.0296
 Ewald error estimate:   0.9706E-04
 ------------------------------------------------------------------------------


 NSTEP =    96250   TIME(PS) =    1412.500  TEMP(K) =   298.28  PRESS =   305.2
 Etot   =    -33135.3310  EKtot   =      7063.0831  EPtot      =    -40198.4141
 BOND   =       160.6325  ANGLE   =       359.3219  DIHED      =       499.9188
 1-4 NB =       167.9516  1-4 EEL =      -335.0368  VDWAALS    =      4918.2754
 EELEC  =    -45969.4775  EHBOND  =         0.0000  RESTRAINT  =         0.0000
 EKCMT  =      3360.4129  VIRIAL  =      2587.5161  VOLUME     =    117308.2649
                                                    Density    =         1.0305
 Ewald error estimate:   0.2933E-04
 ------------------------------------------------------------------------------


 NSTEP =    96500   TIME(PS) =    1413.000  TEMP(K) =   299.81  PRESS =  -105.6
 Etot   =    -33120.7586  EKtot   =      7099.3956  EPtot      =    -40220.1542
 BOND   =       160.2446  ANGLE   =       374.9611  DIHED      =       505.5942
 1-4 NB =       172.3844  1-4 EEL =      -350.6331  VDWAALS    =      4748.2308
 EELEC  =    -45830.9362  EHBOND  =         0.0000  RESTRAINT  =         0.0000
 EKCMT  =      3337.6425  VIRIAL  =      3605.2027  VOLUME     =    117326.6492
                                                    Density    =         1.0303
 Ewald error estimate:   0.1487E-03
 ------------------------------------------------------------------------------


 NSTEP =    96750   TIME(PS) =    1413.500  TEMP(K) =   300.98  PRESS =    42.5
 Etot   =    -33310.8884  EKtot   =      7126.9042  EPtot      =    -40437.7925
 BOND   =       154.8309  ANGLE   =       365.9822  DIHED      =       513.3944
 1-4 NB =       171.3130  1-4 EEL =      -353.9355  VDWAALS    =      4936.8406
 EELEC  =    -46226.2182  EHBOND  =         0.0000  RESTRAINT  =         0.0000
 EKCMT  =      3317.5104  VIRIAL  =      3209.7654  VOLUME     =    117361.0336
                                                    Density    =         1.0300
 Ewald error estimate:   0.1803E-03
 ------------------------------------------------------------------------------


 NSTEP =    97000   TIME(PS) =    1414.000  TEMP(K) =   291.60  PRESS =  -270.1
 Etot   =    -33363.9775  EKtot   =      6905.0189  EPtot      =    -40268.9964
 BOND   =       169.3377  ANGLE   =       348.6455  DIHED      =       495.8329
 1-4 NB =       170.9158  1-4 EEL =      -337.2132  VDWAALS    =      4799.2804
 EELEC  =    -45915.7955  EHBOND  =         0.0000  RESTRAINT  =         0.0000
 EKCMT  =      3226.1468  VIRIAL  =      3910.4502  VOLUME     =    117334.2206
                                                    Density    =         1.0303
 Ewald error estimate:   0.2248E-03
 ------------------------------------------------------------------------------


 NSTEP =    97250   TIME(PS) =    1414.500  TEMP(K) =   296.87  PRESS =  -172.7
 Etot   =    -33426.9515  EKtot   =      7029.5815  EPtot      =    -40456.5331
 BOND   =       162.3888  ANGLE   =       337.1990  DIHED      =       493.8405
 1-4 NB =       166.4529  1-4 EEL =      -344.0139  VDWAALS    =      4736.7061
 EELEC  =    -46009.1064  EHBOND  =         0.0000  RESTRAINT  =         0.0000
 EKCMT  =      3313.8569  VIRIAL  =      3750.9549  VOLUME     =    117220.0796
                                                    Density    =         1.0313
 Ewald error estimate:   0.8858E-04
 ------------------------------------------------------------------------------


 NSTEP =    97500   TIME(PS) =    1415.000  TEMP(K) =   301.60  PRESS =   -69.2
 Etot   =    -33206.0632  EKtot   =      7141.7566  EPtot      =    -40347.8198
 BOND   =       158.9147  ANGLE   =       331.1560  DIHED      =       511.6843
 1-4 NB =       177.1445  1-4 EEL =      -339.5697  VDWAALS    =      4805.1834
 EELEC  =    -45992.3329  EHBOND  =         0.0000  RESTRAINT  =         0.0000
 EKCMT  =      3348.2642  VIRIAL  =      3523.2443  VOLUME     =    117176.6944
                                                    Density    =         1.0317
 Ewald error estimate:   0.2652E-04
 ------------------------------------------------------------------------------


 NSTEP =    97750   TIME(PS) =    1415.500  TEMP(K) =   300.95  PRESS =   279.0
 Etot   =    -33210.6589  EKtot   =      7126.4198  EPtot      =    -40337.0786
 BOND   =       150.2131  ANGLE   =       381.5922  DIHED      =       504.6652
 1-4 NB =       169.5085  1-4 EEL =      -336.9681  VDWAALS    =      4913.5165
 EELEC  =    -46119.6060  EHBOND  =         0.0000  RESTRAINT  =         0.0000
 EKCMT  =      3301.6011  VIRIAL  =      2595.1205  VOLUME     =    117266.5983
                                                    Density    =         1.0309
 Ewald error estimate:   0.1228E-03
 ------------------------------------------------------------------------------


 NSTEP =    98000   TIME(PS) =    1416.000  TEMP(K) =   298.83  PRESS =   139.6
 Etot   =    -33259.9348  EKtot   =      7076.2096  EPtot      =    -40336.1443
 BOND   =       147.2202  ANGLE   =       397.9742  DIHED      =       505.9211
 1-4 NB =       166.2271  1-4 EEL =      -356.4761  VDWAALS    =      4965.4394
 EELEC  =    -46162.4503  EHBOND  =         0.0000  RESTRAINT  =         0.0000
 EKCMT  =      3391.9237  VIRIAL  =      3038.3467  VOLUME     =    117265.3254
                                                    Density    =         1.0309
 Ewald error estimate:   0.2067E-04
 ------------------------------------------------------------------------------


 NSTEP =    98250   TIME(PS) =    1416.500  TEMP(K) =   297.28  PRESS =  -139.7
 Etot   =    -33373.1578  EKtot   =      7039.4976  EPtot      =    -40412.6554
 BOND   =       160.5461  ANGLE   =       369.1298  DIHED      =       502.6625
 1-4 NB =       164.1185  1-4 EEL =      -356.4760  VDWAALS    =      4841.9919
 EELEC  =    -46094.6283  EHBOND  =         0.0000  RESTRAINT  =         0.0000
 EKCMT  =      3318.4176  VIRIAL  =      3672.3843  VOLUME     =    117365.6975
                                                    Density    =         1.0300
 Ewald error estimate:   0.1334E-04
 ------------------------------------------------------------------------------


 NSTEP =    98500   TIME(PS) =    1417.000  TEMP(K) =   300.49  PRESS =   295.4
 Etot   =    -33347.0818  EKtot   =      7115.3134  EPtot      =    -40462.3951
 BOND   =       148.0170  ANGLE   =       381.0458  DIHED      =       502.3807
 1-4 NB =       163.6227  1-4 EEL =      -357.1092  VDWAALS    =      4927.0080
 EELEC  =    -46227.3602  EHBOND  =         0.0000  RESTRAINT  =         0.0000
 EKCMT  =      3348.6443  VIRIAL  =      2600.5485  VOLUME     =    117289.4270
                                                    Density    =         1.0307
 Ewald error estimate:   0.1143E-03
 ------------------------------------------------------------------------------


 NSTEP =    98750   TIME(PS) =    1417.500  TEMP(K) =   301.31  PRESS =  -139.5
 Etot   =    -33270.3602  EKtot   =      7134.8693  EPtot      =    -40405.2295
 BOND   =       163.0430  ANGLE   =       342.6897  DIHED      =       515.9507
 1-4 NB =       167.2740  1-4 EEL =      -349.7710  VDWAALS    =      4844.8916
 EELEC  =    -46089.3076  EHBOND  =         0.0000  RESTRAINT  =         0.0000
 EKCMT  =      3335.8548  VIRIAL  =      3688.9200  VOLUME     =    117236.5316
                                                    Density    =         1.0311
 Ewald error estimate:   0.3502E-03
 ------------------------------------------------------------------------------


 NSTEP =    99000   TIME(PS) =    1418.000  TEMP(K) =   302.67  PRESS =   -76.4
 Etot   =    -33267.2025  EKtot   =      7167.0634  EPtot      =    -40434.2660
 BOND   =       166.4998  ANGLE   =       334.2065  DIHED      =       501.5140
 1-4 NB =       170.3569  1-4 EEL =      -354.2951  VDWAALS    =      4905.4734
 EELEC  =    -46158.0214  EHBOND  =         0.0000  RESTRAINT  =         0.0000
 EKCMT  =      3294.5230  VIRIAL  =      3487.8873  VOLUME     =    117236.3642
                                                    Density    =         1.0311
 Ewald error estimate:   0.3136E-03
 ------------------------------------------------------------------------------


 NSTEP =    99250   TIME(PS) =    1418.500  TEMP(K) =   296.80  PRESS =   129.7
 Etot   =    -33346.1671  EKtot   =      7028.1495  EPtot      =    -40374.3166
 BOND   =       173.3551  ANGLE   =       348.9694  DIHED      =       513.3195
 1-4 NB =       171.4863  1-4 EEL =      -360.5904  VDWAALS    =      4967.8923
 EELEC  =    -46188.7488  EHBOND  =         0.0000  RESTRAINT  =         0.0000
 EKCMT  =      3315.6967  VIRIAL  =      2987.6385  VOLUME     =    117122.2666
                                                    Density    =         1.0321
 Ewald error estimate:   0.1364E-03
 ------------------------------------------------------------------------------


 NSTEP =    99500   TIME(PS) =    1419.000  TEMP(K) =   298.31  PRESS =   161.8
 Etot   =    -33407.0880  EKtot   =      7063.8037  EPtot      =    -40470.8917
 BOND   =       166.4608  ANGLE   =       342.5400  DIHED      =       504.9273
 1-4 NB =       174.3463  1-4 EEL =      -345.4116  VDWAALS    =      4956.0560
 EELEC  =    -46269.8104  EHBOND  =         0.0000  RESTRAINT  =         0.0000
 EKCMT  =      3298.0396  VIRIAL  =      2888.6626  VOLUME     =    117183.5276
                                                    Density    =         1.0316
 Ewald error estimate:   0.9913E-04
 ------------------------------------------------------------------------------


 NSTEP =    99750   TIME(PS) =    1419.500  TEMP(K) =   296.99  PRESS =  -158.6
 Etot   =    -33469.1819  EKtot   =      7032.4300  EPtot      =    -40501.6119
 BOND   =       147.6134  ANGLE   =       350.1154  DIHED      =       516.3863
 1-4 NB =       176.6978  1-4 EEL =      -349.1272  VDWAALS    =      4882.2159
 EELEC  =    -46225.5135  EHBOND  =         0.0000  RESTRAINT  =         0.0000
 EKCMT  =      3256.7349  VIRIAL  =      3657.6982  VOLUME     =    117118.1663
                                                    Density    =         1.0322
 Ewald error estimate:   0.1311E-03
 ------------------------------------------------------------------------------


 NSTEP =   100000   TIME(PS) =    1420.000  TEMP(K) =   297.47  PRESS =   -30.7
 Etot   =    -33555.9809  EKtot   =      7043.7911  EPtot      =    -40599.7721
 BOND   =       155.0548  ANGLE   =       325.9903  DIHED      =       503.9886
 1-4 NB =       169.0870  1-4 EEL =      -335.8087  VDWAALS    =      4872.6592
 EELEC  =    -46290.7433  EHBOND  =         0.0000  RESTRAINT  =         0.0000
 EKCMT  =      3312.2208  VIRIAL  =      3389.8892  VOLUME     =    116991.9278
                                                    Density    =         1.0333
 Ewald error estimate:   0.1306E-03
 ------------------------------------------------------------------------------


      A V E R A G E S   O V E R  100000 S T E P S


 NSTEP =   100000   TIME(PS) =    1420.000  TEMP(K) =   299.35  PRESS =     0.9
 Etot   =    -33323.1071  EKtot   =      7088.3190  EPtot      =    -40411.4260
 BOND   =       155.0533  ANGLE   =       350.7875  DIHED      =       503.6504
 1-4 NB =       170.2491  1-4 EEL =      -347.6871  VDWAALS    =      4861.7064
 EELEC  =    -46105.1857  EHBOND  =         0.0000  RESTRAINT  =         0.0000
 EKCMT  =      3316.5880  VIRIAL  =      3314.2206  VOLUME     =    116981.3305
                                                    Density    =         1.0334
 Ewald error estimate:   0.1005E-03
 ------------------------------------------------------------------------------


      R M S  F L U C T U A T I O N S


 NSTEP =   100000   TIME(PS) =    1420.000  TEMP(K) =     7.29  PRESS =   228.2
 Etot   =       439.4852  EKtot   =       172.5991  EPtot      =       285.9778
 BOND   =        10.6195  ANGLE   =        15.1129  DIHED      =         9.1051
 1-4 NB =         4.8072  1-4 EEL =        12.7238  VDWAALS    =       124.0389
 EELEC  =       370.3147  EHBOND  =         0.0000  RESTRAINT  =         0.0000
 EKCMT  =        86.8587  VIRIAL  =       559.3475  VOLUME     =       356.6371
                                                    Density    =         0.0032
 Ewald error estimate:   0.7599E-04
 ------------------------------------------------------------------------------


--------------------------------------------------------------------------------
   5.  TIMINGS
--------------------------------------------------------------------------------

|                Build the list          1996.57 (99.85% of List )
|                Other                      3.02 ( 0.15% of List )
|             List time               1999.59 (13.43% of Nonbo)
|                   Short_ene time         11029.77 (99.41% of Direc)
|                   Other                     65.33 ( 0.59% of Direc)
|                Direct Ewald time      11095.10 (86.06% of Ewald)
|                Adjust Ewald time         51.14 ( 0.40% of Ewald)
|                   Fill Bspline coeffs       65.37 ( 3.76% of Recip)
|                   Fill charge grid         157.21 ( 9.05% of Recip)
|                   Scalar sum               504.09 (29.03% of Recip)
|                   Grad sum                 342.27 (19.71% of Recip)
|                   FFT time                 667.28 (38.43% of Recip)
|                Recip Ewald time        1736.30 (13.47% of Ewald)
|                Force Adjust               1.18 ( 0.01% of Ewald)
|                Virial junk                4.39 ( 0.03% of Ewald)
|                Other                      4.58 ( 0.04% of Ewald)
|             Ewald time             12892.82 (86.57% of Nonbo)
|          Nonbond force          14892.45 (99.67% of Force)
|          Bond/Angle/Dihedral       48.73 ( 0.33% of Force)
|          Other                      1.11 ( 0.01% of Force)
|       Force time             14942.29 (97.95% of Runmd)
|       Shake time                55.35 ( 0.36% of Runmd)
|       Verlet update time       247.51 ( 1.62% of Runmd)
|       Ekcmr time                 5.93 ( 0.04% of Runmd)
|       Other                      3.19 ( 0.02% of Runmd)
|    Runmd Time             15254.27 (100.0% of Total)
| Total time             15254.34 (100.0% of ALL  )

| Number of list builds   :      10305

| Highest rstack allocated:     664033
| Highest istack allocated:      11705

| Final Performance Info:
| -----------------------------------------------------
| Average timings for all steps:
|     Elapsed(s) =   15254.27 Per Step(ms) =     152.54
|         ns/day =       1.13   seconds/ns =   76271.34
| -----------------------------------------------------

|           Job began  at 18:00:23.102  on 05/28/2026
|           Setup done at 18:00:23.173  on 05/28/2026
|           Run   done at 22:14:37.441  on 05/28/2026
|     wallclock() was called 4621023 times

|3D-RISM memory allocation summary
|Type          Maximum        Current   
|Integer       0.00000 GB     0.00000 GB
|Real          0.00000 GB     0.00000 GB
|Logical       0.00000 GB     0.00000 GB
|Character     0.00000 GB     0.00000 GB
|---------------------------------------
|Total         0.00000 GB     0.00000 GB
