
          -------------------------------------------------------
          Amber 18 SANDER                              2018
          -------------------------------------------------------

| Run on 05/28/2026 at 13:46:26

|   Executable path: /home/ando/amber/amber18/bin/sander
| Working directory: /home/test/yazawa/tutorial6
|          Hostname: Unknown
  [-O]verwriting output

File Assignments:
|  MDIN: a-dna_md_1800ps.in                                                    
| MDOUT: a-dna_md7.out                                                         
|INPCRD: a-dna_md6.ncrst                                                       
|  PARM: a-dna_wat.prmtop                                                      
|RESTRT: a-dna_md7.ncrst                                                       
|  REFC: refc                                                                  
| MDVEL: mdvel                                                                 
| MDFRC: mdfrc                                                                 
|  MDEN: mden                                                                  
| MDCRD: a-dna_md7.nc                                                          
|MDINFO: mdinfo                                                                
|  MTMD: mtmd                                                                  
|INPDIP: inpdip                                                                
|RSTDIP: rstdip                                                                
|INPTRA: inptraj                                                               


 Here is the input file:

A-DNA 10-mer: 200ps of MD                                                      
 &cntrl                                                                        
  imin = 0, irest = 1, ntx = 7,                                                
  ntb = 2, pres0 = 1.0, ntp = 1,                                               
  taup = 2.0,                                                                  
  cut = 10.0, ntr = 0,                                                         
  ntc = 2, ntf = 2,                                                            
  tempi = 300.0, temp0 = 300.0,                                                
  ntt = 3, gamma_ln = 1.0,                                                     
  nstlim = 100000, dt = 0.002,                                                 
  ntpr = 250, ntwx = 250, ntwr = 10000                                         
 /                                                                             

--------------------------------------------------------------------------------
   1.  RESOURCE   USE: 
--------------------------------------------------------------------------------

| Flags:                                                                        
 getting box info from netcdf restart file
| NetCDF restart box info found
|Largest sphere to fit in unit cell has radius =    21.797
| New format PARM file being parsed.
| Version =    1.000 Date = 05/27/26 Time = 15:52:42
 NATOM  =   11705 NTYPES =      17 NBONH =   11283 MBONA  =     452
 NTHETH =     554 MTHETA =     694 NPHIH =    1084 MPHIA  =    1326
 NHPARM =       0 NPARM  =       0 NNB   =   18294 NRES   =    3721
 NBONA  =     452 NTHETA =     694 NPHIA =    1326 NUMBND =      41
 NUMANG =      75 NPTRA  =      56 NATYP =      29 NPHB   =       1
 IFBOX  =       2 NMXRS  =      33 IFCAP =       0 NEXTRA =       0
 NCOPY  =       0


|     Memory Use     Allocated
|     Real              859321
|     Hollerith          38838
|     Integer           405322
|     Max Pairs        6742080
|     nblistReal        140460
|     nblist Int        358030
|       Total            37280 kbytes

| Note: 1-4 EEL scale factors are being read from the topology file.

| Note: 1-4 VDW scale factors are being read from the topology file.
| Duplicated    0 dihedrals
| Duplicated    0 dihedrals

     BOX TYPE: TRUNCATED OCTAHEDRON

--------------------------------------------------------------------------------
   2.  CONTROL  DATA  FOR  THE  RUN
--------------------------------------------------------------------------------

default_name                                                                    

General flags:
     imin    =       0, nmropt  =       0

Nature and format of input:
     ntx     =       7, irest   =       1, ntrx    =       1

Nature and format of output:
     ntxo    =       2, ntpr    =     250, ntrx    =       1, ntwr    =   10000
     iwrap   =       0, ntwx    =     250, ntwv    =       0, ntwe    =       0
     ioutfm  =       1, ntwprt  =       0, idecomp =       0, rbornstat=      0

Potential function:
     ntf     =       2, ntb     =       2, igb     =       0, nsnb    =      25
     ipol    =       0, gbsa    =       0, iesp    =       0
     dielc   =   1.00000, cut     =  10.00000, intdiel =   1.00000

Frozen or restrained atoms:
     ibelly  =       0, ntr     =       0

Molecular dynamics:
     nstlim  =    100000, nscm    =      1000, nrespa  =         1
     t       =   0.00000, dt      =   0.00200, vlimit  =  20.00000

Langevin dynamics temperature regulation:
     ig      =   71277
     temp0   = 300.00000, tempi   = 300.00000, gamma_ln=   1.00000

Pressure regulation:
     ntp     =       1
     pres0   =   1.00000, comp    =  44.60000, taup    =   2.00000

SHAKE:
     ntc     =       2, jfastw  =       0
     tol     =   0.00001

Ewald parameters:
     verbose =       0, ew_type =       0, nbflag  =       1, use_pme =       1
     vdwmeth =       1, eedmeth =       1, netfrc  =       1
     Box X =   53.392   Box Y =   53.392   Box Z =   53.392
     Alpha =  109.471   Beta  =  109.471   Gamma =  109.471
     NFFT1 =   54       NFFT2 =   54       NFFT3 =   54
     Cutoff=   10.000   Tol   =0.100E-04
     Ewald Coefficient =  0.27511
     Interpolation order =    4
|  INFO: Old style inpcrd file read


--------------------------------------------------------------------------------
   3.  ATOMIC COORDINATES AND VELOCITIES
--------------------------------------------------------------------------------

default_name                                                                    
 begin time read from input coords =  1020.000 ps

 Number of triangulated 3-point waters found:     3683

     Sum of charges from parm topology file =   0.00000008
     Forcing neutrality...

--------------------------------------------------------------------------------
   4.  RESULTS
--------------------------------------------------------------------------------

|  # of SOLUTE  degrees of freedom (RNDFP):   23832.
|  # of SOLVENT degrees of freedom (RNDFS):       0.
|  NDFMIN =   23832.     NUM_NOSHAKE =      0     CORRECTED RNDFP =   23832.
|  TOTAL # of degrees of freedom (RNDF) =   23832.
 ---------------------------------------------------
 APPROXIMATING switch and d/dx switch using CUBIC SPLINE INTERPOLATION
 using   5000.0 points per unit in tabled values
 TESTING RELATIVE ERROR over r ranging from 0.0 to cutoff
| CHECK switch(x): max rel err =   0.2738E-14   at   2.422500
| CHECK d/dx switch(x): max rel err =   0.8314E-11   at   2.736960
 ---------------------------------------------------
| Local SIZE OF NONBOND LIST =    4215386
| TOTAL SIZE OF NONBOND LIST =    4215386

 NSTEP =      250   TIME(PS) =    1020.500  TEMP(K) =   227.67  PRESS =  -461.9
 Etot   =    -38067.6563  EKtot   =      5391.0794  EPtot      =    -43458.7357
 BOND   =       108.1004  ANGLE   =       289.3568  DIHED      =       479.0879
 1-4 NB =       163.0951  1-4 EEL =      -354.0403  VDWAALS    =      5862.1276
 EELEC  =    -50006.4631  EHBOND  =         0.0000  RESTRAINT  =         0.0000
 EKCMT  =      2645.6266  VIRIAL  =      3795.1803  VOLUME     =    115271.5528
                                                    Density    =         1.0487
 Ewald error estimate:   0.1802E-03
 ------------------------------------------------------------------------------


 NSTEP =      500   TIME(PS) =    1021.000  TEMP(K) =   256.21  PRESS =     4.9
 Etot   =    -36590.3833  EKtot   =      6066.7770  EPtot      =    -42657.1603
 BOND   =       140.8052  ANGLE   =       296.4645  DIHED      =       487.8536
 1-4 NB =       166.7739  1-4 EEL =      -350.5961  VDWAALS    =      5721.9499
 EELEC  =    -49120.4113  EHBOND  =         0.0000  RESTRAINT  =         0.0000
 EKCMT  =      2815.2137  VIRIAL  =      2803.0343  VOLUME     =    114778.3963
                                                    Density    =         1.0532
 Ewald error estimate:   0.1120E-03
 ------------------------------------------------------------------------------


 NSTEP =      750   TIME(PS) =    1021.500  TEMP(K) =   269.59  PRESS =  -307.3
 Etot   =    -35692.6192  EKtot   =      6383.8242  EPtot      =    -42076.4434
 BOND   =       140.5345  ANGLE   =       318.6488  DIHED      =       501.8431
 1-4 NB =       160.7678  1-4 EEL =      -343.5049  VDWAALS    =      5379.4559
 EELEC  =    -48234.1886  EHBOND  =         0.0000  RESTRAINT  =         0.0000
 EKCMT  =      3005.6416  VIRIAL  =      3766.5867  VOLUME     =    114695.3347
                                                    Density    =         1.0540
 Ewald error estimate:   0.2474E-03
 ------------------------------------------------------------------------------


 NSTEP =     1000   TIME(PS) =    1022.000  TEMP(K) =   279.40  PRESS =   259.4
 Etot   =    -35139.8547  EKtot   =      6616.0618  EPtot      =    -41755.9165
 BOND   =       132.1457  ANGLE   =       333.5932  DIHED      =       516.4573
 1-4 NB =       172.4801  1-4 EEL =      -350.0054  VDWAALS    =      5313.0390
 EELEC  =    -47873.6264  EHBOND  =         0.0000  RESTRAINT  =         0.0000
 EKCMT  =      3045.7856  VIRIAL  =      2402.2580  VOLUME     =    114879.6604
                                                    Density    =         1.0523
 Ewald error estimate:   0.8340E-04
 ------------------------------------------------------------------------------


 NSTEP =     1250   TIME(PS) =    1022.500  TEMP(K) =   284.41  PRESS =   -60.5
 Etot   =    -34648.6973  EKtot   =      6734.6259  EPtot      =    -41383.3233
 BOND   =       128.1963  ANGLE   =       351.3046  DIHED      =       502.4234
 1-4 NB =       164.0665  1-4 EEL =      -353.9269  VDWAALS    =      5066.5344
 EELEC  =    -47241.9215  EHBOND  =         0.0000  RESTRAINT  =         0.0000
 EKCMT  =      3182.2703  VIRIAL  =      3332.7266  VOLUME     =    115116.8724
                                                    Density    =         1.0501
 Ewald error estimate:   0.1523E-03
 ------------------------------------------------------------------------------


 NSTEP =     1500   TIME(PS) =    1023.000  TEMP(K) =   284.31  PRESS =   405.6
 Etot   =    -34344.1677  EKtot   =      6732.2337  EPtot      =    -41076.4013
 BOND   =       163.6565  ANGLE   =       345.9600  DIHED      =       497.5525
 1-4 NB =       159.6210  1-4 EEL =      -363.8971  VDWAALS    =      5185.8418
 EELEC  =    -47065.1360  EHBOND  =         0.0000  RESTRAINT  =         0.0000
 EKCMT  =      3200.1745  VIRIAL  =      2189.3164  VOLUME     =    115423.4411
                                                    Density    =         1.0473
 Ewald error estimate:   0.2899E-04
 ------------------------------------------------------------------------------


 NSTEP =     1750   TIME(PS) =    1023.500  TEMP(K) =   290.64  PRESS =   221.9
 Etot   =    -33958.5742  EKtot   =      6882.1950  EPtot      =    -40840.7692
 BOND   =       151.7936  ANGLE   =       357.6223  DIHED      =       514.3053
 1-4 NB =       171.0000  1-4 EEL =      -327.5472  VDWAALS    =      5004.9962
 EELEC  =    -46712.9394  EHBOND  =         0.0000  RESTRAINT  =         0.0000
 EKCMT  =      3237.0100  VIRIAL  =      2682.9463  VOLUME     =    115627.3620
                                                    Density    =         1.0455
 Ewald error estimate:   0.1649E-04
 ------------------------------------------------------------------------------


 NSTEP =     2000   TIME(PS) =    1024.000  TEMP(K) =   293.58  PRESS =    19.6
 Etot   =    -33880.2559  EKtot   =      6951.8608  EPtot      =    -40832.1167
 BOND   =       173.0034  ANGLE   =       336.2183  DIHED      =       499.7066
 1-4 NB =       168.2178  1-4 EEL =      -339.6525  VDWAALS    =      4949.9166
 EELEC  =    -46619.5267  EHBOND  =         0.0000  RESTRAINT  =         0.0000
 EKCMT  =      3305.1746  VIRIAL  =      3256.1450  VOLUME     =    115575.9255
                                                    Density    =         1.0460
 Ewald error estimate:   0.1518E-03
 ------------------------------------------------------------------------------


 NSTEP =     2250   TIME(PS) =    1024.500  TEMP(K) =   294.49  PRESS =    21.0
 Etot   =    -33642.1734  EKtot   =      6973.2317  EPtot      =    -40615.4052
 BOND   =       157.2783  ANGLE   =       318.5502  DIHED      =       512.3401
 1-4 NB =       170.2314  1-4 EEL =      -338.0467  VDWAALS    =      4916.6318
 EELEC  =    -46352.3904  EHBOND  =         0.0000  RESTRAINT  =         0.0000
 EKCMT  =      3265.9021  VIRIAL  =      3213.3222  VOLUME     =    115803.6268
                                                    Density    =         1.0439
 Ewald error estimate:   0.1513E-03
 ------------------------------------------------------------------------------


 NSTEP =     2500   TIME(PS) =    1025.000  TEMP(K) =   294.43  PRESS =   -27.6
 Etot   =    -33653.4073  EKtot   =      6971.8091  EPtot      =    -40625.2164
 BOND   =       142.3818  ANGLE   =       359.8086  DIHED      =       504.1831
 1-4 NB =       171.3812  1-4 EEL =      -359.9848  VDWAALS    =      4873.6397
 EELEC  =    -46316.6261  EHBOND  =         0.0000  RESTRAINT  =         0.0000
 EKCMT  =      3272.3757  VIRIAL  =      3341.4909  VOLUME     =    116124.2286
                                                    Density    =         1.0410
 Ewald error estimate:   0.3318E-03
 ------------------------------------------------------------------------------


 NSTEP =     2750   TIME(PS) =    1025.500  TEMP(K) =   296.37  PRESS =   345.2
 Etot   =    -33640.8933  EKtot   =      7017.9103  EPtot      =    -40658.8036
 BOND   =       190.6987  ANGLE   =       351.5395  DIHED      =       495.8560
 1-4 NB =       163.5608  1-4 EEL =      -339.6111  VDWAALS    =      4947.1079
 EELEC  =    -46467.9553  EHBOND  =         0.0000  RESTRAINT  =         0.0000
 EKCMT  =      3277.9693  VIRIAL  =      2412.1513  VOLUME     =    116169.4908
                                                    Density    =         1.0406
 Ewald error estimate:   0.8755E-04
 ------------------------------------------------------------------------------


 NSTEP =     3000   TIME(PS) =    1026.000  TEMP(K) =   299.87  PRESS =   173.2
 Etot   =    -33453.4751  EKtot   =      7100.6805  EPtot      =    -40554.1556
 BOND   =       146.0453  ANGLE   =       350.2289  DIHED      =       499.7635
 1-4 NB =       174.5571  1-4 EEL =      -341.0703  VDWAALS    =      5000.1947
 EELEC  =    -46383.8749  EHBOND  =         0.0000  RESTRAINT  =         0.0000
 EKCMT  =      3253.5271  VIRIAL  =      2818.2759  VOLUME     =    116380.5993
                                                    Density    =         1.0387
 Ewald error estimate:   0.1057E-03
 ------------------------------------------------------------------------------


 NSTEP =     3250   TIME(PS) =    1026.500  TEMP(K) =   296.09  PRESS =   200.5
 Etot   =    -33452.8960  EKtot   =      7011.2180  EPtot      =    -40464.1140
 BOND   =       144.9694  ANGLE   =       376.2875  DIHED      =       500.4983
 1-4 NB =       170.9363  1-4 EEL =      -357.2329  VDWAALS    =      4996.1723
 EELEC  =    -46295.7448  EHBOND  =         0.0000  RESTRAINT  =         0.0000
 EKCMT  =      3265.9395  VIRIAL  =      2761.5021  VOLUME     =    116512.0895
                                                    Density    =         1.0375
 Ewald error estimate:   0.2423E-03
 ------------------------------------------------------------------------------


 NSTEP =     3500   TIME(PS) =    1027.000  TEMP(K) =   295.69  PRESS =  -294.3
 Etot   =    -33473.8714  EKtot   =      7001.8500  EPtot      =    -40475.7214
 BOND   =       146.7983  ANGLE   =       358.3096  DIHED      =       512.9380
 1-4 NB =       172.2296  1-4 EEL =      -345.8650  VDWAALS    =      4748.9589
 EELEC  =    -46069.0908  EHBOND  =         0.0000  RESTRAINT  =         0.0000
 EKCMT  =      3296.4638  VIRIAL  =      4037.8394  VOLUME     =    116678.0998
                                                    Density    =         1.0361
 Ewald error estimate:   0.3387E-04
 ------------------------------------------------------------------------------


 NSTEP =     3750   TIME(PS) =    1027.500  TEMP(K) =   291.68  PRESS =   367.2
 Etot   =    -33422.3432  EKtot   =      6906.8149  EPtot      =    -40329.1581
 BOND   =       157.1518  ANGLE   =       346.3813  DIHED      =       500.6559
 1-4 NB =       173.2296  1-4 EEL =      -323.4970  VDWAALS    =      5016.9943
 EELEC  =    -46200.0741  EHBOND  =         0.0000  RESTRAINT  =         0.0000
 EKCMT  =      3197.1699  VIRIAL  =      2272.4936  VOLUME     =    116638.0875
                                                    Density    =         1.0364
 Ewald error estimate:   0.1887E-03
 ------------------------------------------------------------------------------


 NSTEP =     4000   TIME(PS) =    1028.000  TEMP(K) =   299.33  PRESS =   280.9
 Etot   =    -33396.4892  EKtot   =      7087.9409  EPtot      =    -40484.4301
 BOND   =       146.0501  ANGLE   =       336.6004  DIHED      =       517.9185
 1-4 NB =       170.1767  1-4 EEL =      -331.0946  VDWAALS    =      4928.2306
 EELEC  =    -46252.3118  EHBOND  =         0.0000  RESTRAINT  =         0.0000
 EKCMT  =      3356.0589  VIRIAL  =      2648.1078  VOLUME     =    116709.3394
                                                    Density    =         1.0358
 Ewald error estimate:   0.3679E-04
 ------------------------------------------------------------------------------


 NSTEP =     4250   TIME(PS) =    1028.500  TEMP(K) =   297.38  PRESS =   400.1
 Etot   =    -33332.3975  EKtot   =      7041.6629  EPtot      =    -40374.0604
 BOND   =       176.4877  ANGLE   =       350.7307  DIHED      =       511.0101
 1-4 NB =       171.6948  1-4 EEL =      -358.1683  VDWAALS    =      5018.4071
 EELEC  =    -46244.2225  EHBOND  =         0.0000  RESTRAINT  =         0.0000
 EKCMT  =      3314.5611  VIRIAL  =      2305.5086  VOLUME     =    116806.9031
                                                    Density    =         1.0349
 Ewald error estimate:   0.6395E-04
 ------------------------------------------------------------------------------


 NSTEP =     4500   TIME(PS) =    1029.000  TEMP(K) =   291.89  PRESS =  -127.7
 Etot   =    -33522.2151  EKtot   =      6911.8277  EPtot      =    -40434.0427
 BOND   =       155.8116  ANGLE   =       330.0241  DIHED      =       497.4758
 1-4 NB =       171.8437  1-4 EEL =      -342.2302  VDWAALS    =      4839.1030
 EELEC  =    -46086.0707  EHBOND  =         0.0000  RESTRAINT  =         0.0000
 EKCMT  =      3194.6877  VIRIAL  =      3516.7568  VOLUME     =    116830.4425
                                                    Density    =         1.0347
 Ewald error estimate:   0.2043E-04
 ------------------------------------------------------------------------------


 NSTEP =     4750   TIME(PS) =    1029.500  TEMP(K) =   300.21  PRESS =    35.5
 Etot   =    -33375.2833  EKtot   =      7108.7422  EPtot      =    -40484.0255
 BOND   =       156.6373  ANGLE   =       351.3142  DIHED      =       492.1935
 1-4 NB =       171.2404  1-4 EEL =      -351.3656  VDWAALS    =      4792.5095
 EELEC  =    -46096.5549  EHBOND  =         0.0000  RESTRAINT  =         0.0000
 EKCMT  =      3314.9600  VIRIAL  =      3225.5390  VOLUME     =    116800.2957
                                                    Density    =         1.0350
 Ewald error estimate:   0.6340E-05
 ------------------------------------------------------------------------------


 NSTEP =     5000   TIME(PS) =    1030.000  TEMP(K) =   302.90  PRESS =   136.7
 Etot   =    -33205.7548  EKtot   =      7172.5113  EPtot      =    -40378.2661
 BOND   =       148.5845  ANGLE   =       338.3055  DIHED      =       499.1850
 1-4 NB =       172.2359  1-4 EEL =      -339.9891  VDWAALS    =      4905.7834
 EELEC  =    -46102.3713  EHBOND  =         0.0000  RESTRAINT  =         0.0000
 EKCMT  =      3421.7405  VIRIAL  =      3076.7059  VOLUME     =    116926.7067
                                                    Density    =         1.0339
 Ewald error estimate:   0.2895E-04
 ------------------------------------------------------------------------------


 NSTEP =     5250   TIME(PS) =    1030.500  TEMP(K) =   302.94  PRESS =   403.9
 Etot   =    -33304.4217  EKtot   =      7173.3584  EPtot      =    -40477.7801
 BOND   =       136.6744  ANGLE   =       336.7829  DIHED      =       506.6825
 1-4 NB =       171.4236  1-4 EEL =      -353.5634  VDWAALS    =      4999.0937
 EELEC  =    -46274.8737  EHBOND  =         0.0000  RESTRAINT  =         0.0000
 EKCMT  =      3396.3172  VIRIAL  =      2375.8626  VOLUME     =    117024.9545
                                                    Density    =         1.0330
 Ewald error estimate:   0.1028E-03
 ------------------------------------------------------------------------------


 NSTEP =     5500   TIME(PS) =    1031.000  TEMP(K) =   301.95  PRESS =  -262.3
 Etot   =    -33272.6429  EKtot   =      7150.0675  EPtot      =    -40422.7105
 BOND   =       164.2985  ANGLE   =       319.9579  DIHED      =       505.5092
 1-4 NB =       175.0468  1-4 EEL =      -321.6896  VDWAALS    =      4778.2256
 EELEC  =    -46044.0588  EHBOND  =         0.0000  RESTRAINT  =         0.0000
 EKCMT  =      3376.7341  VIRIAL  =      4040.2539  VOLUME     =    117158.1220
                                                    Density    =         1.0318
 Ewald error estimate:   0.2114E-03
 ------------------------------------------------------------------------------


 NSTEP =     5750   TIME(PS) =    1031.500  TEMP(K) =   300.56  PRESS =  -426.0
 Etot   =    -33249.2846  EKtot   =      7116.9700  EPtot      =    -40366.2546
 BOND   =       160.5219  ANGLE   =       333.3743  DIHED      =       493.5635
 1-4 NB =       169.4106  1-4 EEL =      -328.1815  VDWAALS    =      4714.5769
 EELEC  =    -45909.5202  EHBOND  =         0.0000  RESTRAINT  =         0.0000
 EKCMT  =      3291.7059  VIRIAL  =      4368.3946  VOLUME     =    117062.5047
                                                    Density    =         1.0327
 Ewald error estimate:   0.1174E-03
 ------------------------------------------------------------------------------


 NSTEP =     6000   TIME(PS) =    1032.000  TEMP(K) =   298.85  PRESS =   -14.4
 Etot   =    -33159.4926  EKtot   =      7076.6182  EPtot      =    -40236.1108
 BOND   =       148.3641  ANGLE   =       359.0958  DIHED      =       499.5759
 1-4 NB =       162.0896  1-4 EEL =      -333.4134  VDWAALS    =      4809.8198
 EELEC  =    -45881.6427  EHBOND  =         0.0000  RESTRAINT  =         0.0000
 EKCMT  =      3338.7218  VIRIAL  =      3375.2244  VOLUME     =    117125.9763
                                                    Density    =         1.0321
 Ewald error estimate:   0.2966E-04
 ------------------------------------------------------------------------------


 NSTEP =     6250   TIME(PS) =    1032.500  TEMP(K) =   300.25  PRESS =     1.4
 Etot   =    -33129.8897  EKtot   =      7109.8224  EPtot      =    -40239.7121
 BOND   =       154.7840  ANGLE   =       340.6665  DIHED      =       518.8711
 1-4 NB =       176.0624  1-4 EEL =      -339.6968  VDWAALS    =      4693.4899
 EELEC  =    -45783.8893  EHBOND  =         0.0000  RESTRAINT  =         0.0000
 EKCMT  =      3324.2305  VIRIAL  =      3320.7320  VOLUME     =    116962.1767
                                                    Density    =         1.0336
 Ewald error estimate:   0.5135E-04
 ------------------------------------------------------------------------------


 NSTEP =     6500   TIME(PS) =    1033.000  TEMP(K) =   303.28  PRESS =    12.0
 Etot   =    -33119.8991  EKtot   =      7181.4795  EPtot      =    -40301.3786
 BOND   =       146.8247  ANGLE   =       337.6626  DIHED      =       509.4540
 1-4 NB =       170.3081  1-4 EEL =      -362.2502  VDWAALS    =      4813.9573
 EELEC  =    -45917.3350  EHBOND  =         0.0000  RESTRAINT  =         0.0000
 EKCMT  =      3372.4071  VIRIAL  =      3342.1388  VOLUME     =    116937.4697
                                                    Density    =         1.0338
 Ewald error estimate:   0.7149E-04
 ------------------------------------------------------------------------------


 NSTEP =     6750   TIME(PS) =    1033.500  TEMP(K) =   298.22  PRESS =    11.4
 Etot   =    -33245.4093  EKtot   =      7061.6405  EPtot      =    -40307.0498
 BOND   =       151.4503  ANGLE   =       336.7479  DIHED      =       507.8698
 1-4 NB =       165.4313  1-4 EEL =      -345.1276  VDWAALS    =      4929.9015
 EELEC  =    -46053.3231  EHBOND  =         0.0000  RESTRAINT  =         0.0000
 EKCMT  =      3304.2633  VIRIAL  =      3275.3654  VOLUME     =    117121.9903
                                                    Density    =         1.0321
 Ewald error estimate:   0.1416E-03
 ------------------------------------------------------------------------------


 NSTEP =     7000   TIME(PS) =    1034.000  TEMP(K) =   298.68  PRESS =   402.0
 Etot   =    -33255.8108  EKtot   =      7072.4428  EPtot      =    -40328.2536
 BOND   =       156.0009  ANGLE   =       346.1882  DIHED      =       497.2244
 1-4 NB =       167.4194  1-4 EEL =      -355.4474  VDWAALS    =      5029.8336
 EELEC  =    -46169.4727  EHBOND  =         0.0000  RESTRAINT  =         0.0000
 EKCMT  =      3318.9797  VIRIAL  =      2301.6024  VOLUME     =    117210.1529
                                                    Density    =         1.0314
 Ewald error estimate:   0.3864E-04
 ------------------------------------------------------------------------------


 NSTEP =     7250   TIME(PS) =    1034.500  TEMP(K) =   302.11  PRESS =  -312.4
 Etot   =    -33334.3917  EKtot   =      7153.8944  EPtot      =    -40488.2861
 BOND   =       157.3972  ANGLE   =       333.0101  DIHED      =       505.1241
 1-4 NB =       164.0657  1-4 EEL =      -345.7942  VDWAALS    =      4821.7367
 EELEC  =    -46123.8257  EHBOND  =         0.0000  RESTRAINT  =         0.0000
 EKCMT  =      3334.5754  VIRIAL  =      4125.1678  VOLUME     =    117210.9582
                                                    Density    =         1.0314
 Ewald error estimate:   0.1274E-03
 ------------------------------------------------------------------------------


 NSTEP =     7500   TIME(PS) =    1035.000  TEMP(K) =   300.67  PRESS =   -35.2
 Etot   =    -33290.5172  EKtot   =      7119.7341  EPtot      =    -40410.2513
 BOND   =       160.3792  ANGLE   =       365.7205  DIHED      =       482.0281
 1-4 NB =       170.6895  1-4 EEL =      -359.8632  VDWAALS    =      4881.7944
 EELEC  =    -46110.9999  EHBOND  =         0.0000  RESTRAINT  =         0.0000
 EKCMT  =      3302.4791  VIRIAL  =      3391.4889  VOLUME     =    117224.6802
                                                    Density    =         1.0312
 Ewald error estimate:   0.1730E-03
 ------------------------------------------------------------------------------


 NSTEP =     7750   TIME(PS) =    1035.500  TEMP(K) =   298.23  PRESS =    20.7
 Etot   =    -33240.9104  EKtot   =      7061.9821  EPtot      =    -40302.8925
 BOND   =       138.4113  ANGLE   =       348.4063  DIHED      =       500.8362
 1-4 NB =       169.3084  1-4 EEL =      -332.0386  VDWAALS    =      4905.6068
 EELEC  =    -46033.4228  EHBOND  =         0.0000  RESTRAINT  =         0.0000
 EKCMT  =      3286.2483  VIRIAL  =      3233.7738  VOLUME     =    117299.0269
                                                    Density    =         1.0306
 Ewald error estimate:   0.3770E-04
 ------------------------------------------------------------------------------


 NSTEP =     8000   TIME(PS) =    1036.000  TEMP(K) =   296.07  PRESS =   141.4
 Etot   =    -33379.4026  EKtot   =      7010.8289  EPtot      =    -40390.2314
 BOND   =       179.7270  ANGLE   =       313.9653  DIHED      =       519.5415
 1-4 NB =       164.0868  1-4 EEL =      -363.6856  VDWAALS    =      4951.0139
 EELEC  =    -46154.8804  EHBOND  =         0.0000  RESTRAINT  =         0.0000
 EKCMT  =      3241.1890  VIRIAL  =      2883.3766  VOLUME     =    117210.9599
                                                    Density    =         1.0314
 Ewald error estimate:   0.8960E-04
 ------------------------------------------------------------------------------


 NSTEP =     8250   TIME(PS) =    1036.500  TEMP(K) =   301.41  PRESS =  -350.0
 Etot   =    -33185.2108  EKtot   =      7137.0957  EPtot      =    -40322.3065
 BOND   =       153.5619  ANGLE   =       347.8191  DIHED      =       501.2843
 1-4 NB =       161.6298  1-4 EEL =      -341.5634  VDWAALS    =      4777.1373
 EELEC  =    -45922.1755  EHBOND  =         0.0000  RESTRAINT  =         0.0000
 EKCMT  =      3331.7879  VIRIAL  =      4218.4865  VOLUME     =    117319.3994
                                                    Density    =         1.0304
 Ewald error estimate:   0.7566E-04
 ------------------------------------------------------------------------------


 NSTEP =     8500   TIME(PS) =    1037.000  TEMP(K) =   300.80  PRESS =   144.1
 Etot   =    -33162.2644  EKtot   =      7122.6974  EPtot      =    -40284.9617
 BOND   =       151.1575  ANGLE   =       337.1288  DIHED      =       505.3343
 1-4 NB =       176.4541  1-4 EEL =      -343.5461  VDWAALS    =      4947.6230
 EELEC  =    -46059.1134  EHBOND  =         0.0000  RESTRAINT  =         0.0000
 EKCMT  =      3336.8619  VIRIAL  =      2971.7367  VOLUME     =    117359.6067
                                                    Density    =         1.0301
 Ewald error estimate:   0.1396E-03
 ------------------------------------------------------------------------------


 NSTEP =     8750   TIME(PS) =    1037.500  TEMP(K) =   301.85  PRESS =    50.4
 Etot   =    -33155.4511  EKtot   =      7147.5553  EPtot      =    -40303.0063
 BOND   =       168.1169  ANGLE   =       332.7006  DIHED      =       503.7636
 1-4 NB =       165.4393  1-4 EEL =      -339.1557  VDWAALS    =      4847.9664
 EELEC  =    -45981.8374  EHBOND  =         0.0000  RESTRAINT  =         0.0000
 EKCMT  =      3335.9781  VIRIAL  =      3208.0759  VOLUME     =    117505.0298
                                                    Density    =         1.0288
 Ewald error estimate:   0.8209E-05
 ------------------------------------------------------------------------------


 NSTEP =     9000   TIME(PS) =    1038.000  TEMP(K) =   301.07  PRESS =    31.7
 Etot   =    -33207.5472  EKtot   =      7129.0550  EPtot      =    -40336.6022
 BOND   =       149.5890  ANGLE   =       325.6685  DIHED      =       514.3437
 1-4 NB =       169.0839  1-4 EEL =      -346.1318  VDWAALS    =      4902.5175
 EELEC  =    -46051.6731  EHBOND  =         0.0000  RESTRAINT  =         0.0000
 EKCMT  =      3310.2834  VIRIAL  =      3229.7724  VOLUME     =    117465.1559
                                                    Density    =         1.0291
 Ewald error estimate:   0.4353E-04
 ------------------------------------------------------------------------------


 NSTEP =     9250   TIME(PS) =    1038.500  TEMP(K) =   296.60  PRESS =   192.2
 Etot   =    -33302.3166  EKtot   =      7023.3769  EPtot      =    -40325.6935
 BOND   =       164.8651  ANGLE   =       362.1283  DIHED      =       499.8484
 1-4 NB =       170.1900  1-4 EEL =      -374.6474  VDWAALS    =      4911.1791
 EELEC  =    -46059.2570  EHBOND  =         0.0000  RESTRAINT  =         0.0000
 EKCMT  =      3286.5817  VIRIAL  =      2799.6588  VOLUME     =    117336.1801
                                                    Density    =         1.0303
 Ewald error estimate:   0.8596E-05
 ------------------------------------------------------------------------------


 NSTEP =     9500   TIME(PS) =    1039.000  TEMP(K) =   299.86  PRESS =  -268.7
 Etot   =    -33289.4865  EKtot   =      7100.6045  EPtot      =    -40390.0909
 BOND   =       146.4073  ANGLE   =       353.3672  DIHED      =       501.6088
 1-4 NB =       168.4271  1-4 EEL =      -353.7077  VDWAALS    =      4753.5437
 EELEC  =    -45959.7374  EHBOND  =         0.0000  RESTRAINT  =         0.0000
 EKCMT  =      3316.2856  VIRIAL  =      3995.7304  VOLUME     =    117132.7307
                                                    Density    =         1.0321
 Ewald error estimate:   0.6927E-04
 ------------------------------------------------------------------------------


 NSTEP =     9750   TIME(PS) =    1039.500  TEMP(K) =   297.07  PRESS =    63.8
 Etot   =    -33335.1309  EKtot   =      7034.3622  EPtot      =    -40369.4931
 BOND   =       141.9540  ANGLE   =       338.2353  DIHED      =       502.5625
 1-4 NB =       178.3667  1-4 EEL =      -357.8967  VDWAALS    =      4914.0589
 EELEC  =    -46086.7738  EHBOND  =         0.0000  RESTRAINT  =         0.0000
 EKCMT  =      3310.3566  VIRIAL  =      3148.9750  VOLUME     =    117111.7202
                                                    Density    =         1.0322
 Ewald error estimate:   0.2015E-03
 ------------------------------------------------------------------------------


 NSTEP =    10000   TIME(PS) =    1040.000  TEMP(K) =   297.99  PRESS =  -160.4
 Etot   =    -33414.0040  EKtot   =      7056.2561  EPtot      =    -40470.2601
 BOND   =       156.7010  ANGLE   =       349.2749  DIHED      =       506.8708
 1-4 NB =       168.0890  1-4 EEL =      -360.2595  VDWAALS    =      4918.3796
 EELEC  =    -46209.3160  EHBOND  =         0.0000  RESTRAINT  =         0.0000
 EKCMT  =      3238.0120  VIRIAL  =      3643.9477  VOLUME     =    117236.1621
                                                    Density    =         1.0311
 Ewald error estimate:   0.3784E-04
 ------------------------------------------------------------------------------


 NSTEP =    10250   TIME(PS) =    1040.500  TEMP(K) =   300.40  PRESS =  -295.9
 Etot   =    -33388.8189  EKtot   =      7113.2386  EPtot      =    -40502.0575
 BOND   =       150.6977  ANGLE   =       356.2965  DIHED      =       507.7580
 1-4 NB =       170.4441  1-4 EEL =      -346.3621  VDWAALS    =      4795.5572
 EELEC  =    -46136.4488  EHBOND  =         0.0000  RESTRAINT  =         0.0000
 EKCMT  =      3375.0597  VIRIAL  =      4123.3544  VOLUME     =    117143.4632
                                                    Density    =         1.0320
 Ewald error estimate:   0.2857E-04
 ------------------------------------------------------------------------------


 NSTEP =    10500   TIME(PS) =    1041.000  TEMP(K) =   293.87  PRESS =    53.9
 Etot   =    -33462.2645  EKtot   =      6958.5569  EPtot      =    -40420.8214
 BOND   =       160.8139  ANGLE   =       344.1432  DIHED      =       497.7992
 1-4 NB =       171.7191  1-4 EEL =      -329.7903  VDWAALS    =      5006.4131
 EELEC  =    -46271.9196  EHBOND  =         0.0000  RESTRAINT  =         0.0000
 EKCMT  =      3185.8510  VIRIAL  =      3049.6540  VOLUME     =    117046.7578
                                                    Density    =         1.0328
 Ewald error estimate:   0.7205E-04
 ------------------------------------------------------------------------------


 NSTEP =    10750   TIME(PS) =    1041.500  TEMP(K) =   300.85  PRESS =  -175.0
 Etot   =    -33363.1473  EKtot   =      7123.9210  EPtot      =    -40487.0683
 BOND   =       144.0126  ANGLE   =       343.8177  DIHED      =       500.6412
 1-4 NB =       170.2560  1-4 EEL =      -337.9713  VDWAALS    =      4871.9563
 EELEC  =    -46179.7808  EHBOND  =         0.0000  RESTRAINT  =         0.0000
 EKCMT  =      3324.6284  VIRIAL  =      3766.4161  VOLUME     =    116909.0888
                                                    Density    =         1.0340
 Ewald error estimate:   0.7520E-04
 ------------------------------------------------------------------------------


 NSTEP =    11000   TIME(PS) =    1042.000  TEMP(K) =   299.95  PRESS =  -328.2
 Etot   =    -33272.6205  EKtot   =      7102.6858  EPtot      =    -40375.3064
 BOND   =       163.0752  ANGLE   =       355.8625  DIHED      =       512.7917
 1-4 NB =       165.5236  1-4 EEL =      -349.8210  VDWAALS    =      4736.7977
 EELEC  =    -45959.5360  EHBOND  =         0.0000  RESTRAINT  =         0.0000
 EKCMT  =      3355.5257  VIRIAL  =      4185.0547  VOLUME     =    117060.2903
                                                    Density    =         1.0327
 Ewald error estimate:   0.2423E-04
 ------------------------------------------------------------------------------


 NSTEP =    11250   TIME(PS) =    1042.500  TEMP(K) =   294.45  PRESS =    22.1
 Etot   =    -33531.2366  EKtot   =      6972.3248  EPtot      =    -40503.5614
 BOND   =       144.1119  ANGLE   =       373.2189  DIHED      =       514.4282
 1-4 NB =       167.8267  1-4 EEL =      -367.6535  VDWAALS    =      4943.8561
 EELEC  =    -46279.3497  EHBOND  =         0.0000  RESTRAINT  =         0.0000
 EKCMT  =      3261.9662  VIRIAL  =      3206.1854  VOLUME     =    117105.5503
                                                    Density    =         1.0323
 Ewald error estimate:   0.1285E-03
 ------------------------------------------------------------------------------


 NSTEP =    11500   TIME(PS) =    1043.000  TEMP(K) =   295.75  PRESS =   -41.0
 Etot   =    -33356.3203  EKtot   =      7003.1380  EPtot      =    -40359.4583
 BOND   =       138.3601  ANGLE   =       367.3702  DIHED      =       513.9281
 1-4 NB =       176.2166  1-4 EEL =      -349.2312  VDWAALS    =      4781.1044
 EELEC  =    -45987.2065  EHBOND  =         0.0000  RESTRAINT  =         0.0000
 EKCMT  =      3335.9036  VIRIAL  =      3439.4759  VOLUME     =    117005.3784
                                                    Density    =         1.0332
 Ewald error estimate:   0.6865E-04
 ------------------------------------------------------------------------------


 NSTEP =    11750   TIME(PS) =    1043.500  TEMP(K) =   299.18  PRESS =   -93.2
 Etot   =    -33297.4826  EKtot   =      7084.3744  EPtot      =    -40381.8570
 BOND   =       143.1913  ANGLE   =       336.4520  DIHED      =       511.0642
 1-4 NB =       173.3581  1-4 EEL =      -351.1769  VDWAALS    =      4805.7018
 EELEC  =    -46000.4475  EHBOND  =         0.0000  RESTRAINT  =         0.0000
 EKCMT  =      3306.6911  VIRIAL  =      3541.9514  VOLUME     =    116972.6309
                                                    Density    =         1.0335
 Ewald error estimate:   0.3245E-04
 ------------------------------------------------------------------------------


 NSTEP =    12000   TIME(PS) =    1044.000  TEMP(K) =   300.07  PRESS =  -162.1
 Etot   =    -33317.5237  EKtot   =      7105.4898  EPtot      =    -40423.0135
 BOND   =       141.7244  ANGLE   =       346.8890  DIHED      =       509.0171
 1-4 NB =       169.7915  1-4 EEL =      -345.6373  VDWAALS    =      4798.5119
 EELEC  =    -46043.3101  EHBOND  =         0.0000  RESTRAINT  =         0.0000
 EKCMT  =      3304.3943  VIRIAL  =      3713.3731  VOLUME     =    116825.3468
                                                    Density    =         1.0348
 Ewald error estimate:   0.4725E-04
 ------------------------------------------------------------------------------


 NSTEP =    12250   TIME(PS) =    1044.500  TEMP(K) =   302.78  PRESS =   159.9
 Etot   =    -33331.9644  EKtot   =      7169.6494  EPtot      =    -40501.6138
 BOND   =       154.2350  ANGLE   =       348.2006  DIHED      =       511.3238
 1-4 NB =       170.4108  1-4 EEL =      -344.5830  VDWAALS    =      4920.5995
 EELEC  =    -46261.8005  EHBOND  =         0.0000  RESTRAINT  =         0.0000
 EKCMT  =      3325.5702  VIRIAL  =      2922.1148  VOLUME     =    116866.4813
                                                    Density    =         1.0344
 Ewald error estimate:   0.1889E-03
 ------------------------------------------------------------------------------


 NSTEP =    12500   TIME(PS) =    1045.000  TEMP(K) =   299.65  PRESS =    31.0
 Etot   =    -33377.4466  EKtot   =      7095.5726  EPtot      =    -40473.0192
 BOND   =       129.6642  ANGLE   =       357.4620  DIHED      =       510.4448
 1-4 NB =       171.4687  1-4 EEL =      -344.9136  VDWAALS    =      4911.4974
 EELEC  =    -46208.6427  EHBOND  =         0.0000  RESTRAINT  =         0.0000
 EKCMT  =      3404.3942  VIRIAL  =      3326.0429  VOLUME     =    116896.7796
                                                    Density    =         1.0341
 Ewald error estimate:   0.6599E-04
 ------------------------------------------------------------------------------


 NSTEP =    12750   TIME(PS) =    1045.500  TEMP(K) =   300.14  PRESS =   269.6
 Etot   =    -33294.1310  EKtot   =      7107.1121  EPtot      =    -40401.2431
 BOND   =       166.9254  ANGLE   =       358.0786  DIHED      =       487.4713
 1-4 NB =       167.7844  1-4 EEL =      -333.0777  VDWAALS    =      4916.4112
 EELEC  =    -46164.8363  EHBOND  =         0.0000  RESTRAINT  =         0.0000
 EKCMT  =      3331.3435  VIRIAL  =      2650.8775  VOLUME     =    116878.7709
                                                    Density    =         1.0343
 Ewald error estimate:   0.5563E-05
 ------------------------------------------------------------------------------


 NSTEP =    13000   TIME(PS) =    1046.000  TEMP(K) =   302.76  PRESS =   221.7
 Etot   =    -33149.2235  EKtot   =      7169.2082  EPtot      =    -40318.4317
 BOND   =       147.8362  ANGLE   =       352.4180  DIHED      =       523.0339
 1-4 NB =       175.9020  1-4 EEL =      -342.5580  VDWAALS    =      4939.9622
 EELEC  =    -46115.0260  EHBOND  =         0.0000  RESTRAINT  =         0.0000
 EKCMT  =      3324.7317  VIRIAL  =      2764.2698  VOLUME     =    117061.3641
                                                    Density    =         1.0327
 Ewald error estimate:   0.1324E-03
 ------------------------------------------------------------------------------


 NSTEP =    13250   TIME(PS) =    1046.500  TEMP(K) =   304.30  PRESS =  -113.0
 Etot   =    -33185.7439  EKtot   =      7205.5408  EPtot      =    -40391.2847
 BOND   =       160.4672  ANGLE   =       324.1551  DIHED      =       510.5832
 1-4 NB =       171.6093  1-4 EEL =      -322.2521  VDWAALS    =      4892.7937
 EELEC  =    -46128.6410  EHBOND  =         0.0000  RESTRAINT  =         0.0000
 EKCMT  =      3324.6710  VIRIAL  =      3610.5834  VOLUME     =    117179.9650
                                                    Density    =         1.0316
 Ewald error estimate:   0.2871E-04
 ------------------------------------------------------------------------------


 NSTEP =    13500   TIME(PS) =    1047.000  TEMP(K) =   298.42  PRESS =   118.6
 Etot   =    -33270.7717  EKtot   =      7066.3841  EPtot      =    -40337.1558
 BOND   =       153.4628  ANGLE   =       330.7509  DIHED      =       499.5082
 1-4 NB =       167.8566  1-4 EEL =      -323.4806  VDWAALS    =      4778.8505
 EELEC  =    -45944.1043  EHBOND  =         0.0000  RESTRAINT  =         0.0000
 EKCMT  =      3346.8823  VIRIAL  =      3046.7860  VOLUME     =    117167.1972
                                                    Density    =         1.0317
 Ewald error estimate:   0.1616E-03
 ------------------------------------------------------------------------------


 NSTEP =    13750   TIME(PS) =    1047.500  TEMP(K) =   299.04  PRESS =  -159.4
 Etot   =    -33289.1194  EKtot   =      7081.1450  EPtot      =    -40370.2644
 BOND   =       140.4910  ANGLE   =       343.5563  DIHED      =       524.6595
 1-4 NB =       171.8972  1-4 EEL =      -349.5833  VDWAALS    =      4772.5072
 EELEC  =    -45973.7922  EHBOND  =         0.0000  RESTRAINT  =         0.0000
 EKCMT  =      3284.2045  VIRIAL  =      3687.1574  VOLUME     =    117079.3908
                                                    Density    =         1.0325
 Ewald error estimate:   0.1840E-03
 ------------------------------------------------------------------------------


 NSTEP =    14000   TIME(PS) =    1048.000  TEMP(K) =   305.51  PRESS =    30.8
 Etot   =    -33238.9070  EKtot   =      7234.1852  EPtot      =    -40473.0922
 BOND   =       143.4693  ANGLE   =       370.9588  DIHED      =       515.7587
 1-4 NB =       171.9361  1-4 EEL =      -352.0862  VDWAALS    =      4873.4038
 EELEC  =    -46196.5327  EHBOND  =         0.0000  RESTRAINT  =         0.0000
 EKCMT  =      3376.8109  VIRIAL  =      3298.9425  VOLUME     =    116937.8528
                                                    Density    =         1.0338
 Ewald error estimate:   0.4621E-04
 ------------------------------------------------------------------------------


 NSTEP =    14250   TIME(PS) =    1048.500  TEMP(K) =   299.64  PRESS =  -156.9
 Etot   =    -33213.2168  EKtot   =      7095.4058  EPtot      =    -40308.6226
 BOND   =       149.9020  ANGLE   =       340.5635  DIHED      =       502.0776
 1-4 NB =       171.0237  1-4 EEL =      -334.7396  VDWAALS    =      4730.5164
 EELEC  =    -45867.9662  EHBOND  =         0.0000  RESTRAINT  =         0.0000
 EKCMT  =      3338.1300  VIRIAL  =      3734.1671  VOLUME     =    116874.3164
                                                    Density    =         1.0343
 Ewald error estimate:   0.2294E-04
 ------------------------------------------------------------------------------


 NSTEP =    14500   TIME(PS) =    1049.000  TEMP(K) =   295.80  PRESS =    40.8
 Etot   =    -33365.2080  EKtot   =      7004.4120  EPtot      =    -40369.6200
 BOND   =       155.2641  ANGLE   =       337.7399  DIHED      =       493.6864
 1-4 NB =       168.5647  1-4 EEL =      -340.6137  VDWAALS    =      4862.5868
 EELEC  =    -46046.8482  EHBOND  =         0.0000  RESTRAINT  =         0.0000
 EKCMT  =      3255.7890  VIRIAL  =      3153.0777  VOLUME     =    116737.0978
                                                    Density    =         1.0355
 Ewald error estimate:   0.2369E-03
 ------------------------------------------------------------------------------


 NSTEP =    14750   TIME(PS) =    1049.500  TEMP(K) =   304.42  PRESS =   244.4
 Etot   =    -33199.1121  EKtot   =      7208.4956  EPtot      =    -40407.6077
 BOND   =       155.7478  ANGLE   =       347.1236  DIHED      =       497.0538
 1-4 NB =       170.6118  1-4 EEL =      -344.4735  VDWAALS    =      4999.7777
 EELEC  =    -46233.4490  EHBOND  =         0.0000  RESTRAINT  =         0.0000
 EKCMT  =      3396.4972  VIRIAL  =      2779.6474  VOLUME     =    116895.4245
                                                    Density    =         1.0341
 Ewald error estimate:   0.9041E-04
 ------------------------------------------------------------------------------


 NSTEP =    15000   TIME(PS) =    1050.000  TEMP(K) =   302.23  PRESS =  -288.1
 Etot   =    -33354.8619  EKtot   =      7156.7006  EPtot      =    -40511.5625
 BOND   =       162.5544  ANGLE   =       346.2828  DIHED      =       513.2997
 1-4 NB =       168.3190  1-4 EEL =      -343.9775  VDWAALS    =      4784.0131
 EELEC  =    -46142.0540  EHBOND  =         0.0000  RESTRAINT  =         0.0000
 EKCMT  =      3313.6460  VIRIAL  =      4040.2876  VOLUME     =    116804.3577
                                                    Density    =         1.0350
 Ewald error estimate:   0.1397E-03
 ------------------------------------------------------------------------------


 NSTEP =    15250   TIME(PS) =    1050.500  TEMP(K) =   297.47  PRESS =   193.0
 Etot   =    -33288.5652  EKtot   =      7043.9452  EPtot      =    -40332.5104
 BOND   =       151.6818  ANGLE   =       359.8982  DIHED      =       512.5423
 1-4 NB =       167.5872  1-4 EEL =      -331.0671  VDWAALS    =      4914.0949
 EELEC  =    -46107.2478  EHBOND  =         0.0000  RESTRAINT  =         0.0000
 EKCMT  =      3273.2032  VIRIAL  =      2786.7107  VOLUME     =    116741.7066
                                                    Density    =         1.0355
 Ewald error estimate:   0.7013E-04
 ------------------------------------------------------------------------------


 NSTEP =    15500   TIME(PS) =    1051.000  TEMP(K) =   300.92  PRESS =    46.1
 Etot   =    -33297.8680  EKtot   =      7125.5565  EPtot      =    -40423.4245
 BOND   =       169.9108  ANGLE   =       356.1286  DIHED      =       500.8959
 1-4 NB =       172.3495  1-4 EEL =      -354.4062  VDWAALS    =      4905.1271
 EELEC  =    -46173.4301  EHBOND  =         0.0000  RESTRAINT  =         0.0000
 EKCMT  =      3335.0222  VIRIAL  =      3218.6996  VOLUME     =    116855.9530
                                                    Density    =         1.0345
 Ewald error estimate:   0.1319E-03
 ------------------------------------------------------------------------------


 NSTEP =    15750   TIME(PS) =    1051.500  TEMP(K) =   302.37  PRESS =   161.6
 Etot   =    -33313.1472  EKtot   =      7159.9177  EPtot      =    -40473.0649
 BOND   =       129.8255  ANGLE   =       354.8547  DIHED      =       519.4657
 1-4 NB =       171.3948  1-4 EEL =      -363.3352  VDWAALS    =      4961.2582
 EELEC  =    -46246.5286  EHBOND  =         0.0000  RESTRAINT  =         0.0000
 EKCMT  =      3300.6857  VIRIAL  =      2892.7960  VOLUME     =    116876.8939
                                                    Density    =         1.0343
 Ewald error estimate:   0.1685E-03
 ------------------------------------------------------------------------------


 NSTEP =    16000   TIME(PS) =    1052.000  TEMP(K) =   298.08  PRESS =  -194.4
 Etot   =    -33405.4779  EKtot   =      7058.2804  EPtot      =    -40463.7583
 BOND   =       147.3710  ANGLE   =       335.9552  DIHED      =       507.8294
 1-4 NB =       173.8420  1-4 EEL =      -351.6701  VDWAALS    =      4831.5803
 EELEC  =    -46108.6661  EHBOND  =         0.0000  RESTRAINT  =         0.0000
 EKCMT  =      3248.9499  VIRIAL  =      3739.5002  VOLUME     =    116855.8784
                                                    Density    =         1.0345
 Ewald error estimate:   0.1274E-03
 ------------------------------------------------------------------------------


 NSTEP =    16250   TIME(PS) =    1052.500  TEMP(K) =   303.17  PRESS =   -45.1
 Etot   =    -33252.8911  EKtot   =      7178.7611  EPtot      =    -40431.6522
 BOND   =       156.8573  ANGLE   =       346.2507  DIHED      =       520.0142
 1-4 NB =       162.2014  1-4 EEL =      -349.0960  VDWAALS    =      4840.2978
 EELEC  =    -46108.1777  EHBOND  =         0.0000  RESTRAINT  =         0.0000
 EKCMT  =      3300.8920  VIRIAL  =      3414.6255  VOLUME     =    116857.8470
                                                    Density    =         1.0345
 Ewald error estimate:   0.8875E-04
 ------------------------------------------------------------------------------


 NSTEP =    16500   TIME(PS) =    1053.000  TEMP(K) =   298.04  PRESS =  -216.1
 Etot   =    -33271.9507  EKtot   =      7057.3877  EPtot      =    -40329.3384
 BOND   =       154.8682  ANGLE   =       344.3765  DIHED      =       509.4402
 1-4 NB =       172.4636  1-4 EEL =      -309.5492  VDWAALS    =      4742.3704
 EELEC  =    -45943.3081  EHBOND  =         0.0000  RESTRAINT  =         0.0000
 EKCMT  =      3324.3471  VIRIAL  =      3869.0982  VOLUME     =    116756.2884
                                                    Density    =         1.0354
 Ewald error estimate:   0.2719E-04
 ------------------------------------------------------------------------------


 NSTEP =    16750   TIME(PS) =    1053.500  TEMP(K) =   297.32  PRESS =     3.8
 Etot   =    -33405.3874  EKtot   =      7040.3238  EPtot      =    -40445.7111
 BOND   =       139.5470  ANGLE   =       347.4101  DIHED      =       505.0779
 1-4 NB =       176.0466  1-4 EEL =      -327.3783  VDWAALS    =      4878.2172
 EELEC  =    -46164.6317  EHBOND  =         0.0000  RESTRAINT  =         0.0000
 EKCMT  =      3304.1417  VIRIAL  =      3294.6264  VOLUME     =    116616.4064
                                                    Density    =         1.0366
 Ewald error estimate:   0.1520E-03
 ------------------------------------------------------------------------------


 NSTEP =    17000   TIME(PS) =    1054.000  TEMP(K) =   299.05  PRESS =   -56.2
 Etot   =    -33394.6536  EKtot   =      7081.3522  EPtot      =    -40476.0058
 BOND   =       171.2172  ANGLE   =       352.2789  DIHED      =       503.6105
 1-4 NB =       171.2782  1-4 EEL =      -339.3767  VDWAALS    =      4842.6476
 EELEC  =    -46177.6616  EHBOND  =         0.0000  RESTRAINT  =         0.0000
 EKCMT  =      3287.2489  VIRIAL  =      3428.8478  VOLUME     =    116677.4398
                                                    Density    =         1.0361
 Ewald error estimate:   0.1136E-03
 ------------------------------------------------------------------------------


 NSTEP =    17250   TIME(PS) =    1054.500  TEMP(K) =   296.67  PRESS =   155.0
 Etot   =    -33359.9990  EKtot   =      7025.0034  EPtot      =    -40385.0024
 BOND   =       157.7912  ANGLE   =       350.4897  DIHED      =       509.4831
 1-4 NB =       163.4372  1-4 EEL =      -320.5195  VDWAALS    =      4891.9738
 EELEC  =    -46137.6579  EHBOND  =         0.0000  RESTRAINT  =         0.0000
 EKCMT  =      3283.5181  VIRIAL  =      2893.1843  VOLUME     =    116641.7819
                                                    Density    =         1.0364
 Ewald error estimate:   0.1835E-04
 ------------------------------------------------------------------------------


 NSTEP =    17500   TIME(PS) =    1055.000  TEMP(K) =   293.58  PRESS =   364.9
 Etot   =    -33501.1382  EKtot   =      6951.6952  EPtot      =    -40452.8334
 BOND   =       149.1771  ANGLE   =       339.3179  DIHED      =       492.1599
 1-4 NB =       171.6488  1-4 EEL =      -326.6267  VDWAALS    =      5002.9420
 EELEC  =    -46281.4524  EHBOND  =         0.0000  RESTRAINT  =         0.0000
 EKCMT  =      3234.9466  VIRIAL  =      2315.1081  VOLUME     =    116737.9848
                                                    Density    =         1.0355
 Ewald error estimate:   0.2356E-04
 ------------------------------------------------------------------------------


 NSTEP =    17750   TIME(PS) =    1055.500  TEMP(K) =   297.09  PRESS =   141.5
 Etot   =    -33451.0685  EKtot   =      7034.8694  EPtot      =    -40485.9379
 BOND   =       165.9204  ANGLE   =       342.3477  DIHED      =       501.8800
 1-4 NB =       178.5611  1-4 EEL =      -328.4945  VDWAALS    =      4888.7566
 EELEC  =    -46234.9092  EHBOND  =         0.0000  RESTRAINT  =         0.0000
 EKCMT  =      3270.5548  VIRIAL  =      2913.7906  VOLUME     =    116783.4988
                                                    Density    =         1.0351
 Ewald error estimate:   0.2810E-05
 ------------------------------------------------------------------------------


 NSTEP =    18000   TIME(PS) =    1056.000  TEMP(K) =   295.25  PRESS =   318.3
 Etot   =    -33548.4959  EKtot   =      6991.4209  EPtot      =    -40539.9167
 BOND   =       159.6563  ANGLE   =       350.2130  DIHED      =       504.7496
 1-4 NB =       162.4972  1-4 EEL =      -334.1155  VDWAALS    =      4980.5258
 EELEC  =    -46363.4431  EHBOND  =         0.0000  RESTRAINT  =         0.0000
 EKCMT  =      3283.7040  VIRIAL  =      2481.3323  VOLUME     =    116742.6442
                                                    Density    =         1.0355
 Ewald error estimate:   0.6109E-04
 ------------------------------------------------------------------------------


 NSTEP =    18250   TIME(PS) =    1056.500  TEMP(K) =   295.83  PRESS =    94.7
 Etot   =    -33433.3289  EKtot   =      7005.1293  EPtot      =    -40438.4581
 BOND   =       163.9409  ANGLE   =       336.8105  DIHED      =       510.1120
 1-4 NB =       168.2953  1-4 EEL =      -333.8786  VDWAALS    =      4923.8682
 EELEC  =    -46207.6065  EHBOND  =         0.0000  RESTRAINT  =         0.0000
 EKCMT  =      3281.6033  VIRIAL  =      3042.6156  VOLUME     =    116882.5922
                                                    Density    =         1.0343
 Ewald error estimate:   0.2339E-04
 ------------------------------------------------------------------------------


 NSTEP =    18500   TIME(PS) =    1057.000  TEMP(K) =   296.15  PRESS =    78.1
 Etot   =    -33293.9889  EKtot   =      7012.7312  EPtot      =    -40306.7202
 BOND   =       171.6681  ANGLE   =       369.5674  DIHED      =       507.1173
 1-4 NB =       175.7679  1-4 EEL =      -335.6424  VDWAALS    =      4804.6081
 EELEC  =    -45999.8066  EHBOND  =         0.0000  RESTRAINT  =         0.0000
 EKCMT  =      3319.0550  VIRIAL  =      3121.8747  VOLUME     =    116928.9312
                                                    Density    =         1.0338
 Ewald error estimate:   0.2629E-03
 ------------------------------------------------------------------------------


 NSTEP =    18750   TIME(PS) =    1057.500  TEMP(K) =   297.16  PRESS =   -61.7
 Etot   =    -33378.4978  EKtot   =      7036.4794  EPtot      =    -40414.9772
 BOND   =       144.4463  ANGLE   =       355.8252  DIHED      =       510.2736
 1-4 NB =       168.3484  1-4 EEL =      -335.0724  VDWAALS    =      4850.3806
 EELEC  =    -46109.1788  EHBOND  =         0.0000  RESTRAINT  =         0.0000
 EKCMT  =      3298.3367  VIRIAL  =      3453.9851  VOLUME     =    116837.8875
                                                    Density    =         1.0347
 Ewald error estimate:   0.8053E-04
 ------------------------------------------------------------------------------


 NSTEP =    19000   TIME(PS) =    1058.000  TEMP(K) =   301.55  PRESS =   166.7
 Etot   =    -33268.7248  EKtot   =      7140.4852  EPtot      =    -40409.2101
 BOND   =       154.7023  ANGLE   =       350.1893  DIHED      =       503.4188
 1-4 NB =       169.6978  1-4 EEL =      -347.2840  VDWAALS    =      4829.5273
 EELEC  =    -46069.4617  EHBOND  =         0.0000  RESTRAINT  =         0.0000
 EKCMT  =      3344.0683  VIRIAL  =      2923.6782  VOLUME     =    116780.4604
                                                    Density    =         1.0352
 Ewald error estimate:   0.5363E-04
 ------------------------------------------------------------------------------


 NSTEP =    19250   TIME(PS) =    1058.500  TEMP(K) =   295.69  PRESS =    14.1
 Etot   =    -33367.3376  EKtot   =      7001.8057  EPtot      =    -40369.1432
 BOND   =       150.5209  ANGLE   =       360.8275  DIHED      =       511.4009
 1-4 NB =       172.4798  1-4 EEL =      -341.2846  VDWAALS    =      4841.3060
 EELEC  =    -46064.3937  EHBOND  =         0.0000  RESTRAINT  =         0.0000
 EKCMT  =      3290.9026  VIRIAL  =      3255.3263  VOLUME     =    116933.4237
                                                    Density    =         1.0338
 Ewald error estimate:   0.3478E-04
 ------------------------------------------------------------------------------


 NSTEP =    19500   TIME(PS) =    1059.000  TEMP(K) =   299.47  PRESS =  -122.5
 Etot   =    -33436.1316  EKtot   =      7091.3224  EPtot      =    -40527.4540
 BOND   =       165.3072  ANGLE   =       355.3851  DIHED      =       490.6387
 1-4 NB =       172.2612  1-4 EEL =      -329.0801  VDWAALS    =      4852.8719
 EELEC  =    -46234.8380  EHBOND  =         0.0000  RESTRAINT  =         0.0000
 EKCMT  =      3250.8678  VIRIAL  =      3559.9148  VOLUME     =    116886.2756
                                                    Density    =         1.0342
 Ewald error estimate:   0.6662E-04
 ------------------------------------------------------------------------------


 NSTEP =    19750   TIME(PS) =    1059.500  TEMP(K) =   301.25  PRESS =  -262.0
 Etot   =    -33271.3133  EKtot   =      7133.4674  EPtot      =    -40404.7808
 BOND   =       163.4012  ANGLE   =       335.3078  DIHED      =       510.1438
 1-4 NB =       171.4469  1-4 EEL =      -333.7598  VDWAALS    =      4782.5079
 EELEC  =    -46033.8285  EHBOND  =         0.0000  RESTRAINT  =         0.0000
 EKCMT  =      3364.8295  VIRIAL  =      4026.0310  VOLUME     =    116869.9882
                                                    Density    =         1.0344
 Ewald error estimate:   0.1877E-03
 ------------------------------------------------------------------------------


 NSTEP =    20000   TIME(PS) =    1060.000  TEMP(K) =   302.05  PRESS =  -109.7
 Etot   =    -33260.1129  EKtot   =      7152.4063  EPtot      =    -40412.5192
 BOND   =       165.4620  ANGLE   =       342.0624  DIHED      =       506.9453
 1-4 NB =       164.1276  1-4 EEL =      -326.5362  VDWAALS    =      4871.5310
 EELEC  =    -46136.1114  EHBOND  =         0.0000  RESTRAINT  =         0.0000
 EKCMT  =      3381.7703  VIRIAL  =      3658.4933  VOLUME     =    116861.7582
                                                    Density    =         1.0344
 Ewald error estimate:   0.1167E-03
 ------------------------------------------------------------------------------


 NSTEP =    20250   TIME(PS) =    1060.500  TEMP(K) =   297.82  PRESS =   -45.8
 Etot   =    -33496.9786  EKtot   =      7052.1664  EPtot      =    -40549.1450
 BOND   =       168.6417  ANGLE   =       334.5389  DIHED      =       490.9207
 1-4 NB =       171.9841  1-4 EEL =      -304.2599  VDWAALS    =      4900.4699
 EELEC  =    -46311.4404  EHBOND  =         0.0000  RESTRAINT  =         0.0000
 EKCMT  =      3305.0027  VIRIAL  =      3420.6757  VOLUME     =    116884.9829
                                                    Density    =         1.0342
 Ewald error estimate:   0.1108E-03
 ------------------------------------------------------------------------------


 NSTEP =    20500   TIME(PS) =    1061.000  TEMP(K) =   298.42  PRESS =  -259.6
 Etot   =    -33492.1812  EKtot   =      7066.5076  EPtot      =    -40558.6888
 BOND   =       149.7238  ANGLE   =       340.3783  DIHED      =       514.3076
 1-4 NB =       165.6483  1-4 EEL =      -329.8028  VDWAALS    =      4823.9338
 EELEC  =    -46222.8777  EHBOND  =         0.0000  RESTRAINT  =         0.0000
 EKCMT  =      3304.1541  VIRIAL  =      3958.2763  VOLUME     =    116689.6482
                                                    Density    =         1.0360
 Ewald error estimate:   0.2368E-03
 ------------------------------------------------------------------------------


 NSTEP =    20750   TIME(PS) =    1061.500  TEMP(K) =   297.30  PRESS =  -197.8
 Etot   =    -33465.0346  EKtot   =      7039.9352  EPtot      =    -40504.9698
 BOND   =       138.9870  ANGLE   =       348.4365  DIHED      =       508.3242
 1-4 NB =       177.9031  1-4 EEL =      -341.7193  VDWAALS    =      4775.5898
 EELEC  =    -46112.4912  EHBOND  =         0.0000  RESTRAINT  =         0.0000
 EKCMT  =      3288.7469  VIRIAL  =      3787.2555  VOLUME     =    116714.7226
                                                    Density    =         1.0357
 Ewald error estimate:   0.4337E-04
 ------------------------------------------------------------------------------


 NSTEP =    21000   TIME(PS) =    1062.000  TEMP(K) =   296.40  PRESS =  -188.4
 Etot   =    -33532.1944  EKtot   =      7018.6076  EPtot      =    -40550.8020
 BOND   =       161.4670  ANGLE   =       358.7094  DIHED      =       508.3835
 1-4 NB =       171.3282  1-4 EEL =      -352.3127  VDWAALS    =      4794.4867
 EELEC  =    -46192.8641  EHBOND  =         0.0000  RESTRAINT  =         0.0000
 EKCMT  =      3268.5989  VIRIAL  =      3743.2303  VOLUME     =    116693.3979
                                                    Density    =         1.0359
 Ewald error estimate:   0.2542E-04
 ------------------------------------------------------------------------------


 NSTEP =    21250   TIME(PS) =    1062.500  TEMP(K) =   297.95  PRESS =  -217.4
 Etot   =    -33502.1977  EKtot   =      7055.2972  EPtot      =    -40557.4948
 BOND   =       155.6912  ANGLE   =       371.8720  DIHED      =       504.1386
 1-4 NB =       167.9843  1-4 EEL =      -345.2800  VDWAALS    =      4844.6882
 EELEC  =    -46256.5892  EHBOND  =         0.0000  RESTRAINT  =         0.0000
 EKCMT  =      3337.2190  VIRIAL  =      3885.2374  VOLUME     =    116732.3531
                                                    Density    =         1.0356
 Ewald error estimate:   0.9771E-04
 ------------------------------------------------------------------------------


 NSTEP =    21500   TIME(PS) =    1063.000  TEMP(K) =   301.63  PRESS =   -64.9
 Etot   =    -33451.6782  EKtot   =      7142.3838  EPtot      =    -40594.0621
 BOND   =       155.9545  ANGLE   =       342.7035  DIHED      =       502.1209
 1-4 NB =       171.2507  1-4 EEL =      -345.0726  VDWAALS    =      4864.3472
 EELEC  =    -46285.3662  EHBOND  =         0.0000  RESTRAINT  =         0.0000
 EKCMT  =      3384.2140  VIRIAL  =      3547.7446  VOLUME     =    116715.5496
                                                    Density    =         1.0357
 Ewald error estimate:   0.9657E-04
 ------------------------------------------------------------------------------


 NSTEP =    21750   TIME(PS) =    1063.500  TEMP(K) =   302.08  PRESS =   134.3
 Etot   =    -33343.6424  EKtot   =      7153.0794  EPtot      =    -40496.7218
 BOND   =       131.6584  ANGLE   =       351.4552  DIHED      =       503.7695
 1-4 NB =       167.0823  1-4 EEL =      -330.1293  VDWAALS    =      4896.8737
 EELEC  =    -46217.4316  EHBOND  =         0.0000  RESTRAINT  =         0.0000
 EKCMT  =      3368.6554  VIRIAL  =      3030.5517  VOLUME     =    116628.5399
                                                    Density    =         1.0365
 Ewald error estimate:   0.1719E-03
 ------------------------------------------------------------------------------


 NSTEP =    22000   TIME(PS) =    1064.000  TEMP(K) =   295.69  PRESS =   428.9
 Etot   =    -33378.6263  EKtot   =      7001.6862  EPtot      =    -40380.3126
 BOND   =       152.4138  ANGLE   =       341.6209  DIHED      =       501.1364
 1-4 NB =       168.7230  1-4 EEL =      -323.1296  VDWAALS    =      5055.9922
 EELEC  =    -46277.0693  EHBOND  =         0.0000  RESTRAINT  =         0.0000
 EKCMT  =      3266.5950  VIRIAL  =      2184.6260  VOLUME     =    116836.8055
                                                    Density    =         1.0347
 Ewald error estimate:   0.6686E-04
 ------------------------------------------------------------------------------


 NSTEP =    22250   TIME(PS) =    1064.500  TEMP(K) =   296.24  PRESS =  -122.0
 Etot   =    -33389.4852  EKtot   =      7014.7780  EPtot      =    -40404.2633
 BOND   =       151.4279  ANGLE   =       350.1996  DIHED      =       506.2974
 1-4 NB =       172.1927  1-4 EEL =      -325.3861  VDWAALS    =      4856.3932
 EELEC  =    -46115.3880  EHBOND  =         0.0000  RESTRAINT  =         0.0000
 EKCMT  =      3291.6738  VIRIAL  =      3599.5870  VOLUME     =    116863.3839
                                                    Density    =         1.0344
 Ewald error estimate:   0.9035E-04
 ------------------------------------------------------------------------------


 NSTEP =    22500   TIME(PS) =    1065.000  TEMP(K) =   298.38  PRESS =  -180.9
 Etot   =    -33384.2251  EKtot   =      7065.5263  EPtot      =    -40449.7514
 BOND   =       148.7884  ANGLE   =       357.1427  DIHED      =       500.7014
 1-4 NB =       175.5201  1-4 EEL =      -339.6068  VDWAALS    =      4869.9637
 EELEC  =    -46162.2610  EHBOND  =         0.0000  RESTRAINT  =         0.0000
 EKCMT  =      3307.0192  VIRIAL  =      3763.4742  VOLUME     =    116872.1079
                                                    Density    =         1.0344
 Ewald error estimate:   0.2578E-04
 ------------------------------------------------------------------------------


 NSTEP =    22750   TIME(PS) =    1065.500  TEMP(K) =   301.38  PRESS =   -84.0
 Etot   =    -33345.3682  EKtot   =      7136.4400  EPtot      =    -40481.8082
 BOND   =       140.3811  ANGLE   =       381.9450  DIHED      =       490.7635
 1-4 NB =       170.6648  1-4 EEL =      -336.7236  VDWAALS    =      4864.0941
 EELEC  =    -46192.9331  EHBOND  =         0.0000  RESTRAINT  =         0.0000
 EKCMT  =      3368.1290  VIRIAL  =      3579.8393  VOLUME     =    116746.5191
                                                    Density    =         1.0355
 Ewald error estimate:   0.7438E-04
 ------------------------------------------------------------------------------


 NSTEP =    23000   TIME(PS) =    1066.000  TEMP(K) =   299.95  PRESS =    47.8
 Etot   =    -33266.7690  EKtot   =      7102.6588  EPtot      =    -40369.4278
 BOND   =       154.1851  ANGLE   =       378.7974  DIHED      =       505.1575
 1-4 NB =       168.5282  1-4 EEL =      -348.4622  VDWAALS    =      4834.9837
 EELEC  =    -46062.6176  EHBOND  =         0.0000  RESTRAINT  =         0.0000
 EKCMT  =      3338.5986  VIRIAL  =      3218.1083  VOLUME     =    116745.8557
                                                    Density    =         1.0355
 Ewald error estimate:   0.2727E-04
 ------------------------------------------------------------------------------


 NSTEP =    23250   TIME(PS) =    1066.500  TEMP(K) =   300.17  PRESS =    -8.4
 Etot   =    -33295.3057  EKtot   =      7107.8907  EPtot      =    -40403.1964
 BOND   =       178.9990  ANGLE   =       355.2205  DIHED      =       497.7778
 1-4 NB =       164.3387  1-4 EEL =      -343.8395  VDWAALS    =      4839.4753
 EELEC  =    -46095.1681  EHBOND  =         0.0000  RESTRAINT  =         0.0000
 EKCMT  =      3300.8814  VIRIAL  =      3322.0415  VOLUME     =    116604.5411
                                                    Density    =         1.0367
 Ewald error estimate:   0.4375E-05
 ------------------------------------------------------------------------------


 NSTEP =    23500   TIME(PS) =    1067.000  TEMP(K) =   298.71  PRESS =    41.4
 Etot   =    -33459.5689  EKtot   =      7073.2063  EPtot      =    -40532.7752
 BOND   =       134.9964  ANGLE   =       366.7999  DIHED      =       489.3655
 1-4 NB =       160.5620  1-4 EEL =      -344.5559  VDWAALS    =      4867.5184
 EELEC  =    -46207.4614  EHBOND  =         0.0000  RESTRAINT  =         0.0000
 EKCMT  =      3293.3227  VIRIAL  =      3189.1001  VOLUME     =    116700.5081
                                                    Density    =         1.0359
 Ewald error estimate:   0.1206E-03
 ------------------------------------------------------------------------------


 NSTEP =    23750   TIME(PS) =    1067.500  TEMP(K) =   299.56  PRESS =   155.9
 Etot   =    -33414.2766  EKtot   =      7093.3532  EPtot      =    -40507.6298
 BOND   =       150.9145  ANGLE   =       356.5015  DIHED      =       502.3017
 1-4 NB =       168.5942  1-4 EEL =      -351.3871  VDWAALS    =      4886.1536
 EELEC  =    -46220.7083  EHBOND  =         0.0000  RESTRAINT  =         0.0000
 EKCMT  =      3354.0031  VIRIAL  =      2961.3254  VOLUME     =    116671.5611
                                                    Density    =         1.0361
 Ewald error estimate:   0.9386E-04
 ------------------------------------------------------------------------------


 NSTEP =    24000   TIME(PS) =    1068.000  TEMP(K) =   296.47  PRESS =  -136.9
 Etot   =    -33458.2952  EKtot   =      7020.1372  EPtot      =    -40478.4324
 BOND   =       139.1574  ANGLE   =       345.8158  DIHED      =       502.4077
 1-4 NB =       170.4270  1-4 EEL =      -328.1023  VDWAALS    =      4827.1911
 EELEC  =    -46135.3291  EHBOND  =         0.0000  RESTRAINT  =         0.0000
 EKCMT  =      3236.1219  VIRIAL  =      3581.4317  VOLUME     =    116843.3571
                                                    Density    =         1.0346
 Ewald error estimate:   0.2732E-03
 ------------------------------------------------------------------------------


 NSTEP =    24250   TIME(PS) =    1068.500  TEMP(K) =   301.73  PRESS =   -32.8
 Etot   =    -33377.0531  EKtot   =      7144.7596  EPtot      =    -40521.8127
 BOND   =       158.4555  ANGLE   =       362.2970  DIHED      =       514.3189
 1-4 NB =       175.8433  1-4 EEL =      -335.5347  VDWAALS    =      4843.1625
 EELEC  =    -46240.3551  EHBOND  =         0.0000  RESTRAINT  =         0.0000
 EKCMT  =      3378.0866  VIRIAL  =      3460.8347  VOLUME     =    116813.1770
                                                    Density    =         1.0349
 Ewald error estimate:   0.7086E-04
 ------------------------------------------------------------------------------


 NSTEP =    24500   TIME(PS) =    1069.000  TEMP(K) =   299.16  PRESS =   -52.2
 Etot   =    -33424.3608  EKtot   =      7083.9200  EPtot      =    -40508.2808
 BOND   =       135.8118  ANGLE   =       340.0711  DIHED      =       507.4437
 1-4 NB =       173.2849  1-4 EEL =      -326.8102  VDWAALS    =      4860.7623
 EELEC  =    -46198.8444  EHBOND  =         0.0000  RESTRAINT  =         0.0000
 EKCMT  =      3279.2796  VIRIAL  =      3411.0122  VOLUME     =    116925.1441
                                                    Density    =         1.0339
 Ewald error estimate:   0.1314E-03
 ------------------------------------------------------------------------------


 NSTEP =    24750   TIME(PS) =    1069.500  TEMP(K) =   296.59  PRESS =  -131.3
 Etot   =    -33448.0814  EKtot   =      7022.9663  EPtot      =    -40471.0477
 BOND   =       155.6974  ANGLE   =       359.2853  DIHED      =       508.1364
 1-4 NB =       164.7614  1-4 EEL =      -342.9817  VDWAALS    =      4924.4088
 EELEC  =    -46240.3554  EHBOND  =         0.0000  RESTRAINT  =         0.0000
 EKCMT  =      3293.3287  VIRIAL  =      3624.5479  VOLUME     =    116826.9248
                                                    Density    =         1.0348
 Ewald error estimate:   0.4599E-04
 ------------------------------------------------------------------------------


 NSTEP =    25000   TIME(PS) =    1070.000  TEMP(K) =   297.98  PRESS =   220.3
 Etot   =    -33438.8327  EKtot   =      7055.8793  EPtot      =    -40494.7120
 BOND   =       161.5295  ANGLE   =       357.1610  DIHED      =       503.4637
 1-4 NB =       168.5044  1-4 EEL =      -346.6162  VDWAALS    =      5002.3090
 EELEC  =    -46341.0635  EHBOND  =         0.0000  RESTRAINT  =         0.0000
 EKCMT  =      3260.9158  VIRIAL  =      2704.5406  VOLUME     =    116991.3511
                                                    Density    =         1.0333
 Ewald error estimate:   0.5983E-04
 ------------------------------------------------------------------------------


 NSTEP =    25250   TIME(PS) =    1070.500  TEMP(K) =   303.28  PRESS =   -80.1
 Etot   =    -33274.7853  EKtot   =      7181.4523  EPtot      =    -40456.2376
 BOND   =       155.0550  ANGLE   =       374.3821  DIHED      =       507.6520
 1-4 NB =       171.0912  1-4 EEL =      -329.0396  VDWAALS    =      4875.0170
 EELEC  =    -46210.3952  EHBOND  =         0.0000  RESTRAINT  =         0.0000
 EKCMT  =      3352.5399  VIRIAL  =      3555.1683  VOLUME     =    117122.4239
                                                    Density    =         1.0321
 Ewald error estimate:   0.5087E-04
 ------------------------------------------------------------------------------


 NSTEP =    25500   TIME(PS) =    1071.000  TEMP(K) =   298.76  PRESS =   305.9
 Etot   =    -33364.7401  EKtot   =      7074.3475  EPtot      =    -40439.0876
 BOND   =       160.0901  ANGLE   =       342.5491  DIHED      =       501.0819
 1-4 NB =       179.8911  1-4 EEL =      -310.9666  VDWAALS    =      5060.5601
 EELEC  =    -46372.2934  EHBOND  =         0.0000  RESTRAINT  =         0.0000
 EKCMT  =      3314.1169  VIRIAL  =      2539.1958  VOLUME     =    117334.1342
                                                    Density    =         1.0303
 Ewald error estimate:   0.5615E-04
 ------------------------------------------------------------------------------


 NSTEP =    25750   TIME(PS) =    1071.500  TEMP(K) =   297.28  PRESS =   -52.7
 Etot   =    -33374.9999  EKtot   =      7039.4400  EPtot      =    -40414.4399
 BOND   =       177.5430  ANGLE   =       356.9664  DIHED      =       498.7801
 1-4 NB =       168.5690  1-4 EEL =      -375.8741  VDWAALS    =      4869.7049
 EELEC  =    -46110.1291  EHBOND  =         0.0000  RESTRAINT  =         0.0000
 EKCMT  =      3241.0371  VIRIAL  =      3374.5380  VOLUME     =    117401.4700
                                                    Density    =         1.0297
 Ewald error estimate:   0.7334E-05
 ------------------------------------------------------------------------------


 NSTEP =    26000   TIME(PS) =    1072.000  TEMP(K) =   300.46  PRESS =   -22.8
 Etot   =    -33260.4608  EKtot   =      7114.6298  EPtot      =    -40375.0906
 BOND   =       167.6079  ANGLE   =       356.9973  DIHED      =       500.4916
 1-4 NB =       177.3442  1-4 EEL =      -327.9789  VDWAALS    =      4855.7123
 EELEC  =    -46105.2651  EHBOND  =         0.0000  RESTRAINT  =         0.0000
 EKCMT  =      3330.9021  VIRIAL  =      3388.7258  VOLUME     =    117245.1699
                                                    Density    =         1.0311
 Ewald error estimate:   0.1533E-03
 ------------------------------------------------------------------------------


 NSTEP =    26250   TIME(PS) =    1072.500  TEMP(K) =   301.69  PRESS =  -209.8
 Etot   =    -33221.1937  EKtot   =      7143.7472  EPtot      =    -40364.9409
 BOND   =       167.5695  ANGLE   =       362.0221  DIHED      =       493.1582
 1-4 NB =       174.0302  1-4 EEL =      -320.3803  VDWAALS    =      4749.3063
 EELEC  =    -45990.6469  EHBOND  =         0.0000  RESTRAINT  =         0.0000
 EKCMT  =      3329.3454  VIRIAL  =      3860.0300  VOLUME     =    117172.2792
                                                    Density    =         1.0317
 Ewald error estimate:   0.2031E-04
 ------------------------------------------------------------------------------


 NSTEP =    26500   TIME(PS) =    1073.000  TEMP(K) =   297.30  PRESS =   131.0
 Etot   =    -33241.2519  EKtot   =      7039.9493  EPtot      =    -40281.2012
 BOND   =       168.5850  ANGLE   =       363.4321  DIHED      =       506.2938
 1-4 NB =       162.4357  1-4 EEL =      -359.0802  VDWAALS    =      4903.7582
 EELEC  =    -46026.6256  EHBOND  =         0.0000  RESTRAINT  =         0.0000
 EKCMT  =      3304.9398  VIRIAL  =      2973.7941  VOLUME     =    117066.2045
                                                    Density    =         1.0326
 Ewald error estimate:   0.3097E-04
 ------------------------------------------------------------------------------


 NSTEP =    26750   TIME(PS) =    1073.500  TEMP(K) =   301.94  PRESS =    38.8
 Etot   =    -33252.9946  EKtot   =      7149.6387  EPtot      =    -40402.6333
 BOND   =       158.1846  ANGLE   =       366.1814  DIHED      =       501.2188
 1-4 NB =       176.5361  1-4 EEL =      -356.0142  VDWAALS    =      4843.9781
 EELEC  =    -46092.7181  EHBOND  =         0.0000  RESTRAINT  =         0.0000
 EKCMT  =      3305.5521  VIRIAL  =      3207.6578  VOLUME     =    116969.5523
                                                    Density    =         1.0335
 Ewald error estimate:   0.2097E-03
 ------------------------------------------------------------------------------


 NSTEP =    27000   TIME(PS) =    1074.000  TEMP(K) =   299.22  PRESS =  -108.5
 Etot   =    -33179.9624  EKtot   =      7085.2788  EPtot      =    -40265.2412
 BOND   =       143.2712  ANGLE   =       361.1671  DIHED      =       509.9088
 1-4 NB =       175.5700  1-4 EEL =      -348.3722  VDWAALS    =      4713.1356
 EELEC  =    -45819.9218  EHBOND  =         0.0000  RESTRAINT  =         0.0000
 EKCMT  =      3326.5424  VIRIAL  =      3600.4894  VOLUME     =    116898.2342
                                                    Density    =         1.0341
 Ewald error estimate:   0.1199E-03
 ------------------------------------------------------------------------------


 NSTEP =    27250   TIME(PS) =    1074.500  TEMP(K) =   297.99  PRESS =   144.7
 Etot   =    -33284.8350  EKtot   =      7056.2160  EPtot      =    -40341.0510
 BOND   =       147.5195  ANGLE   =       317.8281  DIHED      =       511.3695
 1-4 NB =       170.4606  1-4 EEL =      -314.6763  VDWAALS    =      4854.9918
 EELEC  =    -46028.5443  EHBOND  =         0.0000  RESTRAINT  =         0.0000
 EKCMT  =      3289.8998  VIRIAL  =      2924.1259  VOLUME     =    117039.7631
                                                    Density    =         1.0329
 Ewald error estimate:   0.1408E-03
 ------------------------------------------------------------------------------


 NSTEP =    27500   TIME(PS) =    1075.000  TEMP(K) =   299.87  PRESS =   -73.2
 Etot   =    -33318.1722  EKtot   =      7100.6944  EPtot      =    -40418.8666
 BOND   =       135.4210  ANGLE   =       335.4693  DIHED      =       501.9930
 1-4 NB =       169.4978  1-4 EEL =      -341.2887  VDWAALS    =      4858.7281
 EELEC  =    -46078.6871  EHBOND  =         0.0000  RESTRAINT  =         0.0000
 EKCMT  =      3324.8145  VIRIAL  =      3509.8543  VOLUME     =    117149.8019
                                                    Density    =         1.0319
 Ewald error estimate:   0.1532E-03
 ------------------------------------------------------------------------------


 NSTEP =    27750   TIME(PS) =    1075.500  TEMP(K) =   301.25  PRESS =   -72.2
 Etot   =    -33323.0816  EKtot   =      7133.3835  EPtot      =    -40456.4651
 BOND   =       144.9602  ANGLE   =       326.9433  DIHED      =       495.5263
 1-4 NB =       174.1392  1-4 EEL =      -328.5450  VDWAALS    =      4925.3000
 EELEC  =    -46194.7891  EHBOND  =         0.0000  RESTRAINT  =         0.0000
 EKCMT  =      3327.0460  VIRIAL  =      3509.8366  VOLUME     =    117279.4781
                                                    Density    =         1.0308
 Ewald error estimate:   0.8280E-04
 ------------------------------------------------------------------------------


 NSTEP =    28000   TIME(PS) =    1076.000  TEMP(K) =   299.38  PRESS =  -231.1
 Etot   =    -33385.2115  EKtot   =      7089.1965  EPtot      =    -40474.4079
 BOND   =       161.6161  ANGLE   =       335.5927  DIHED      =       494.1591
 1-4 NB =       171.4363  1-4 EEL =      -336.2725  VDWAALS    =      4833.6543
 EELEC  =    -46134.5939  EHBOND  =         0.0000  RESTRAINT  =         0.0000
 EKCMT  =      3331.0482  VIRIAL  =      3915.8213  VOLUME     =    117186.9060
                                                    Density    =         1.0316
 Ewald error estimate:   0.7225E-05
 ------------------------------------------------------------------------------


 NSTEP =    28250   TIME(PS) =    1076.500  TEMP(K) =   296.20  PRESS =   223.1
 Etot   =    -33436.5096  EKtot   =      7013.8000  EPtot      =    -40450.3096
 BOND   =       167.5170  ANGLE   =       346.9658  DIHED      =       505.1733
 1-4 NB =       170.6751  1-4 EEL =      -352.8850  VDWAALS    =      5032.1228
 EELEC  =    -46319.8788  EHBOND  =         0.0000  RESTRAINT  =         0.0000
 EKCMT  =      3287.0201  VIRIAL  =      2723.0134  VOLUME     =    117107.2189
                                                    Density    =         1.0323
 Ewald error estimate:   0.1691E-03
 ------------------------------------------------------------------------------


 NSTEP =    28500   TIME(PS) =    1077.000  TEMP(K) =   300.17  PRESS =   -94.2
 Etot   =    -33317.2574  EKtot   =      7107.8280  EPtot      =    -40425.0854
 BOND   =       148.3944  ANGLE   =       348.4009  DIHED      =       497.6480
 1-4 NB =       175.6284  1-4 EEL =      -344.4447  VDWAALS    =      4893.7293
 EELEC  =    -46144.4417  EHBOND  =         0.0000  RESTRAINT  =         0.0000
 EKCMT  =      3275.7805  VIRIAL  =      3514.0658  VOLUME     =    117184.1126
                                                    Density    =         1.0316
 Ewald error estimate:   0.1858E-04
 ------------------------------------------------------------------------------


 NSTEP =    28750   TIME(PS) =    1077.500  TEMP(K) =   298.21  PRESS =  -418.6
 Etot   =    -33507.5796  EKtot   =      7061.5404  EPtot      =    -40569.1201
 BOND   =       147.4090  ANGLE   =       344.4160  DIHED      =       496.3829
 1-4 NB =       163.9747  1-4 EEL =      -330.1357  VDWAALS    =      4666.0070
 EELEC  =    -46057.1739  EHBOND  =         0.0000  RESTRAINT  =         0.0000
 EKCMT  =      3313.0799  VIRIAL  =      4370.4247  VOLUME     =    116980.2019
                                                    Density    =         1.0334
 Ewald error estimate:   0.1087E-03
 ------------------------------------------------------------------------------


 NSTEP =    29000   TIME(PS) =    1078.000  TEMP(K) =   298.28  PRESS =   242.2
 Etot   =    -33422.5697  EKtot   =      7063.1726  EPtot      =    -40485.7423
 BOND   =       149.5970  ANGLE   =       359.4617  DIHED      =       492.6550
 1-4 NB =       164.9615  1-4 EEL =      -329.9813  VDWAALS    =      5019.5070
 EELEC  =    -46341.9432  EHBOND  =         0.0000  RESTRAINT  =         0.0000
 EKCMT  =      3333.9263  VIRIAL  =      2722.4405  VOLUME     =    116925.5469
                                                    Density    =         1.0339
 Ewald error estimate:   0.1176E-03
 ------------------------------------------------------------------------------


 NSTEP =    29250   TIME(PS) =    1078.500  TEMP(K) =   300.85  PRESS =   210.8
 Etot   =    -33294.3306  EKtot   =      7124.0540  EPtot      =    -40418.3847
 BOND   =       174.7427  ANGLE   =       319.4636  DIHED      =       508.5169
 1-4 NB =       170.3390  1-4 EEL =      -330.6166  VDWAALS    =      4977.7649
 EELEC  =    -46238.5953  EHBOND  =         0.0000  RESTRAINT  =         0.0000
 EKCMT  =      3292.2203  VIRIAL  =      2760.1877  VOLUME     =    116917.3778
                                                    Density    =         1.0340
 Ewald error estimate:   0.3416E-03
 ------------------------------------------------------------------------------


 NSTEP =    29500   TIME(PS) =    1079.000  TEMP(K) =   299.57  PRESS =  -139.9
 Etot   =    -33289.0673  EKtot   =      7093.5713  EPtot      =    -40382.6386
 BOND   =       156.8192  ANGLE   =       338.0280  DIHED      =       504.3484
 1-4 NB =       161.3009  1-4 EEL =      -339.7039  VDWAALS    =      4729.9658
 EELEC  =    -45933.3969  EHBOND  =         0.0000  RESTRAINT  =         0.0000
 EKCMT  =      3354.9329  VIRIAL  =      3707.9936  VOLUME     =    116871.4028
                                                    Density    =         1.0344
 Ewald error estimate:   0.8010E-05
 ------------------------------------------------------------------------------


 NSTEP =    29750   TIME(PS) =    1079.500  TEMP(K) =   296.32  PRESS =     1.9
 Etot   =    -33266.3490  EKtot   =      7016.7195  EPtot      =    -40283.0684
 BOND   =       148.7968  ANGLE   =       367.2108  DIHED      =       482.6878
 1-4 NB =       164.2174  1-4 EEL =      -354.9026  VDWAALS    =      4851.9146
 EELEC  =    -45942.9932  EHBOND  =         0.0000  RESTRAINT  =         0.0000
 EKCMT  =      3324.6251  VIRIAL  =      3319.8855  VOLUME     =    116929.0899
                                                    Density    =         1.0338
 Ewald error estimate:   0.1134E-03
 ------------------------------------------------------------------------------


 NSTEP =    30000   TIME(PS) =    1080.000  TEMP(K) =   297.74  PRESS =   361.5
 Etot   =    -33164.8806  EKtot   =      7050.4142  EPtot      =    -40215.2948
 BOND   =       152.9386  ANGLE   =       346.7201  DIHED      =       505.5671
 1-4 NB =       168.4427  1-4 EEL =      -351.3719  VDWAALS    =      4973.1459
 EELEC  =    -46010.7372  EHBOND  =         0.0000  RESTRAINT  =         0.0000
 EKCMT  =      3329.3022  VIRIAL  =      2415.7915  VOLUME     =    117028.7708
                                                    Density    =         1.0330
 Ewald error estimate:   0.7286E-04
 ------------------------------------------------------------------------------


 NSTEP =    30250   TIME(PS) =    1080.500  TEMP(K) =   304.84  PRESS =    36.1
 Etot   =    -33164.9748  EKtot   =      7218.3279  EPtot      =    -40383.3027
 BOND   =       154.2619  ANGLE   =       363.7946  DIHED      =       507.9743
 1-4 NB =       172.0577  1-4 EEL =      -348.4930  VDWAALS    =      4848.8288
 EELEC  =    -46081.7270  EHBOND  =         0.0000  RESTRAINT  =         0.0000
 EKCMT  =      3383.8672  VIRIAL  =      3292.4537  VOLUME     =    117224.2157
                                                    Density    =         1.0312
 Ewald error estimate:   0.5175E-04
 ------------------------------------------------------------------------------


 NSTEP =    30500   TIME(PS) =    1081.000  TEMP(K) =   297.38  PRESS =   -60.4
 Etot   =    -33223.7034  EKtot   =      7041.8801  EPtot      =    -40265.5835
 BOND   =       165.0478  ANGLE   =       356.5137  DIHED      =       499.2954
 1-4 NB =       165.1506  1-4 EEL =      -369.2043  VDWAALS    =      4838.1872
 EELEC  =    -45920.5739  EHBOND  =         0.0000  RESTRAINT  =         0.0000
 EKCMT  =      3249.4827  VIRIAL  =      3402.3870  VOLUME     =    117307.4179
                                                    Density    =         1.0305
 Ewald error estimate:   0.3472E-04
 ------------------------------------------------------------------------------


 NSTEP =    30750   TIME(PS) =    1081.500  TEMP(K) =   299.70  PRESS =  -177.4
 Etot   =    -33240.2802  EKtot   =      7096.7310  EPtot      =    -40337.0113
 BOND   =       141.1113  ANGLE   =       351.3005  DIHED      =       506.3424
 1-4 NB =       171.3200  1-4 EEL =      -358.0389  VDWAALS    =      4716.6732
 EELEC  =    -45865.7197  EHBOND  =         0.0000  RESTRAINT  =         0.0000
 EKCMT  =      3308.5083  VIRIAL  =      3758.0962  VOLUME     =    117367.7391
                                                    Density    =         1.0300
 Ewald error estimate:   0.5664E-05
 ------------------------------------------------------------------------------


 NSTEP =    31000   TIME(PS) =    1082.000  TEMP(K) =   303.59  PRESS =   -83.1
 Etot   =    -33090.7425  EKtot   =      7188.8528  EPtot      =    -40279.5953
 BOND   =       153.0473  ANGLE   =       331.0882  DIHED      =       494.4934
 1-4 NB =       169.8528  1-4 EEL =      -327.2143  VDWAALS    =      4714.6205
 EELEC  =    -45815.4832  EHBOND  =         0.0000  RESTRAINT  =         0.0000
 EKCMT  =      3405.9722  VIRIAL  =      3616.7098  VOLUME     =    117458.1875
                                                    Density    =         1.0292
 Ewald error estimate:   0.1062E-04
 ------------------------------------------------------------------------------


 NSTEP =    31250   TIME(PS) =    1082.500  TEMP(K) =   300.67  PRESS =   -68.1
 Etot   =    -33006.7415  EKtot   =      7119.5672  EPtot      =    -40126.3087
 BOND   =       163.0895  ANGLE   =       351.0711  DIHED      =       502.4467
 1-4 NB =       164.0908  1-4 EEL =      -341.2309  VDWAALS    =      4651.2780
 EELEC  =    -45617.0539  EHBOND  =         0.0000  RESTRAINT  =         0.0000
 EKCMT  =      3330.5286  VIRIAL  =      3503.1882  VOLUME     =    117411.4785
                                                    Density    =         1.0296
 Ewald error estimate:   0.2956E-04
 ------------------------------------------------------------------------------


 NSTEP =    31500   TIME(PS) =    1083.000  TEMP(K) =   299.26  PRESS =    33.8
 Etot   =    -33207.5892  EKtot   =      7086.3009  EPtot      =    -40293.8901
 BOND   =       140.3325  ANGLE   =       364.0849  DIHED      =       485.8230
 1-4 NB =       164.8612  1-4 EEL =      -345.1323  VDWAALS    =      4821.2881
 EELEC  =    -45925.1476  EHBOND  =         0.0000  RESTRAINT  =         0.0000
 EKCMT  =      3287.0601  VIRIAL  =      3201.3442  VOLUME     =    117375.8380
                                                    Density    =         1.0299
 Ewald error estimate:   0.1301E-03
 ------------------------------------------------------------------------------


 NSTEP =    31750   TIME(PS) =    1083.500  TEMP(K) =   300.72  PRESS =  -276.7
 Etot   =    -33117.6791  EKtot   =      7120.8040  EPtot      =    -40238.4831
 BOND   =       140.8791  ANGLE   =       354.2488  DIHED      =       496.5504
 1-4 NB =       174.5283  1-4 EEL =      -345.5730  VDWAALS    =      4665.9589
 EELEC  =    -45725.0758  EHBOND  =         0.0000  RESTRAINT  =         0.0000
 EKCMT  =      3357.1241  VIRIAL  =      4057.2009  VOLUME     =    117188.2941
                                                    Density    =         1.0316
 Ewald error estimate:   0.1243E-03
 ------------------------------------------------------------------------------


 NSTEP =    32000   TIME(PS) =    1084.000  TEMP(K) =   297.73  PRESS =   406.2
 Etot   =    -33160.4697  EKtot   =      7050.1434  EPtot      =    -40210.6130
 BOND   =       161.0080  ANGLE   =       372.9014  DIHED      =       498.8254
 1-4 NB =       165.3350  1-4 EEL =      -349.6577  VDWAALS    =      4921.3208
 EELEC  =    -45980.3458  EHBOND  =         0.0000  RESTRAINT  =         0.0000
 EKCMT  =      3319.8895  VIRIAL  =      2291.4810  VOLUME     =    117258.0064
                                                    Density    =         1.0309
 Ewald error estimate:   0.2037E-03
 ------------------------------------------------------------------------------


 NSTEP =    32250   TIME(PS) =    1084.500  TEMP(K) =   301.54  PRESS =   244.9
 Etot   =    -33141.3909  EKtot   =      7140.2193  EPtot      =    -40281.6102
 BOND   =       153.4840  ANGLE   =       346.6455  DIHED      =       515.4140
 1-4 NB =       168.0772  1-4 EEL =      -363.6921  VDWAALS    =      4778.9736
 EELEC  =    -45880.5122  EHBOND  =         0.0000  RESTRAINT  =         0.0000
 EKCMT  =      3371.8774  VIRIAL  =      2751.4341  VOLUME     =    117348.7961
                                                    Density    =         1.0302
 Ewald error estimate:   0.5889E-04
 ------------------------------------------------------------------------------


 NSTEP =    32500   TIME(PS) =    1085.000  TEMP(K) =   299.11  PRESS =    13.7
 Etot   =    -33314.1694  EKtot   =      7082.7999  EPtot      =    -40396.9693
 BOND   =       157.5646  ANGLE   =       351.1446  DIHED      =       508.8896
 1-4 NB =       168.8472  1-4 EEL =      -338.4459  VDWAALS    =      4931.3479
 EELEC  =    -46176.3174  EHBOND  =         0.0000  RESTRAINT  =         0.0000
 EKCMT  =      3274.8672  VIRIAL  =      3240.1920  VOLUME     =    117287.4959
                                                    Density    =         1.0307
 Ewald error estimate:   0.5617E-06
 ------------------------------------------------------------------------------


 NSTEP =    32750   TIME(PS) =    1085.500  TEMP(K) =   295.89  PRESS =   170.1
 Etot   =    -33318.5507  EKtot   =      7006.4901  EPtot      =    -40325.0408
 BOND   =       149.7351  ANGLE   =       351.8110  DIHED      =       497.2438
 1-4 NB =       162.6518  1-4 EEL =      -335.4808  VDWAALS    =      4842.0455
 EELEC  =    -45993.0473  EHBOND  =         0.0000  RESTRAINT  =         0.0000
 EKCMT  =      3245.0651  VIRIAL  =      2814.1129  VOLUME     =    117314.1698
                                                    Density    =         1.0305
 Ewald error estimate:   0.1386E-04
 ------------------------------------------------------------------------------


 NSTEP =    33000   TIME(PS) =    1086.000  TEMP(K) =   299.91  PRESS =    -8.2
 Etot   =    -33285.0148  EKtot   =      7101.7386  EPtot      =    -40386.7533
 BOND   =       166.9616  ANGLE   =       350.7055  DIHED      =       506.0515
 1-4 NB =       171.4693  1-4 EEL =      -348.5481  VDWAALS    =      4915.8516
 EELEC  =    -46149.2447  EHBOND  =         0.0000  RESTRAINT  =         0.0000
 EKCMT  =      3304.6421  VIRIAL  =      3325.3422  VOLUME     =    117265.4305
                                                    Density    =         1.0309
 Ewald error estimate:   0.1038E-03
 ------------------------------------------------------------------------------


 NSTEP =    33250   TIME(PS) =    1086.500  TEMP(K) =   301.52  PRESS =     3.4
 Etot   =    -33222.5924  EKtot   =      7139.8346  EPtot      =    -40362.4271
 BOND   =       168.2180  ANGLE   =       337.9492  DIHED      =       502.5096
 1-4 NB =       181.8488  1-4 EEL =      -351.7650  VDWAALS    =      4877.0419
 EELEC  =    -46078.2295  EHBOND  =         0.0000  RESTRAINT  =         0.0000
 EKCMT  =      3294.3325  VIRIAL  =      3285.8066  VOLUME     =    117330.1142
                                                    Density    =         1.0303
 Ewald error estimate:   0.2993E-03
 ------------------------------------------------------------------------------


 NSTEP =    33500   TIME(PS) =    1087.000  TEMP(K) =   302.98  PRESS =   202.4
 Etot   =    -33065.6653  EKtot   =      7174.4582  EPtot      =    -40240.1235
 BOND   =       146.5071  ANGLE   =       362.3489  DIHED      =       500.5081
 1-4 NB =       172.9156  1-4 EEL =      -336.3788  VDWAALS    =      4873.4727
 EELEC  =    -45959.4971  EHBOND  =         0.0000  RESTRAINT  =         0.0000
 EKCMT  =      3415.4413  VIRIAL  =      2902.9245  VOLUME     =    117285.3839
                                                    Density    =         1.0307
 Ewald error estimate:   0.9818E-05
 ------------------------------------------------------------------------------


 NSTEP =    33750   TIME(PS) =    1087.500  TEMP(K) =   303.03  PRESS =   -21.7
 Etot   =    -33204.9413  EKtot   =      7175.6222  EPtot      =    -40380.5635
 BOND   =       162.6288  ANGLE   =       341.0623  DIHED      =       497.0321
 1-4 NB =       170.1660  1-4 EEL =      -330.2418  VDWAALS    =      4910.8891
 EELEC  =    -46132.1002  EHBOND  =         0.0000  RESTRAINT  =         0.0000
 EKCMT  =      3333.8681  VIRIAL  =      3388.7422  VOLUME     =    117278.9958
                                                    Density    =         1.0308
 Ewald error estimate:   0.1528E-03
 ------------------------------------------------------------------------------


 NSTEP =    34000   TIME(PS) =    1088.000  TEMP(K) =   301.82  PRESS =    37.1
 Etot   =    -33132.5758  EKtot   =      7146.8833  EPtot      =    -40279.4591
 BOND   =       162.3933  ANGLE   =       367.3819  DIHED      =       502.6293
 1-4 NB =       168.7279  1-4 EEL =      -353.7379  VDWAALS    =      4862.8142
 EELEC  =    -45989.6679  EHBOND  =         0.0000  RESTRAINT  =         0.0000
 EKCMT  =      3314.9845  VIRIAL  =      3221.1373  VOLUME     =    117203.0560
                                                    Density    =         1.0314
 Ewald error estimate:   0.1552E-05
 ------------------------------------------------------------------------------


 NSTEP =    34250   TIME(PS) =    1088.500  TEMP(K) =   302.91  PRESS =     7.0
 Etot   =    -33093.2273  EKtot   =      7172.8338  EPtot      =    -40266.0611
 BOND   =       157.0238  ANGLE   =       367.0290  DIHED      =       494.4998
 1-4 NB =       176.2949  1-4 EEL =      -337.3929  VDWAALS    =      4874.5934
 EELEC  =    -45998.1093  EHBOND  =         0.0000  RESTRAINT  =         0.0000
 EKCMT  =      3373.0168  VIRIAL  =      3355.2362  VOLUME     =    117071.4896
                                                    Density    =         1.0326
 Ewald error estimate:   0.2123E-04
 ------------------------------------------------------------------------------


 NSTEP =    34500   TIME(PS) =    1089.000  TEMP(K) =   299.92  PRESS =  -311.0
 Etot   =    -33303.3577  EKtot   =      7101.9437  EPtot      =    -40405.3015
 BOND   =       159.9612  ANGLE   =       356.8004  DIHED      =       508.6470
 1-4 NB =       179.0904  1-4 EEL =      -357.3130  VDWAALS    =      4687.1595
 EELEC  =    -45939.6470  EHBOND  =         0.0000  RESTRAINT  =         0.0000
 EKCMT  =      3322.4311  VIRIAL  =      4108.7145  VOLUME     =    117112.0173
                                                    Density    =         1.0322
 Ewald error estimate:   0.7395E-04
 ------------------------------------------------------------------------------


 NSTEP =    34750   TIME(PS) =    1089.500  TEMP(K) =   297.47  PRESS =    81.4
 Etot   =    -33344.4775  EKtot   =      7043.9651  EPtot      =    -40388.4425
 BOND   =       155.6269  ANGLE   =       357.5035  DIHED      =       494.4041
 1-4 NB =       173.7369  1-4 EEL =      -346.4570  VDWAALS    =      4803.1714
 EELEC  =    -46026.4284  EHBOND  =         0.0000  RESTRAINT  =         0.0000
 EKCMT  =      3303.7418  VIRIAL  =      3097.8148  VOLUME     =    117147.6708
                                                    Density    =         1.0319
 Ewald error estimate:   0.8305E-04
 ------------------------------------------------------------------------------


 NSTEP =    35000   TIME(PS) =    1090.000  TEMP(K) =   299.26  PRESS =  -110.3
 Etot   =    -33327.8410  EKtot   =      7086.2263  EPtot      =    -40414.0674
 BOND   =       151.6718  ANGLE   =       328.6888  DIHED      =       511.4913
 1-4 NB =       174.5645  1-4 EEL =      -330.0222  VDWAALS    =      4909.8243
 EELEC  =    -46160.2859  EHBOND  =         0.0000  RESTRAINT  =         0.0000
 EKCMT  =      3359.8627  VIRIAL  =      3639.3504  VOLUME     =    117390.2512
                                                    Density    =         1.0298
 Ewald error estimate:   0.2192E-04
 ------------------------------------------------------------------------------


 NSTEP =    35250   TIME(PS) =    1090.500  TEMP(K) =   299.71  PRESS =  -225.1
 Etot   =    -33253.3555  EKtot   =      7096.8555  EPtot      =    -40350.2110
 BOND   =       154.7243  ANGLE   =       355.2831  DIHED      =       507.0208
 1-4 NB =       173.5157  1-4 EEL =      -314.3519  VDWAALS    =      4849.6161
 EELEC  =    -46076.0189  EHBOND  =         0.0000  RESTRAINT  =         0.0000
 EKCMT  =      3282.2990  VIRIAL  =      3853.3147  VOLUME     =    117504.9002
                                                    Density    =         1.0288
 Ewald error estimate:   0.8238E-04
 ------------------------------------------------------------------------------


 NSTEP =    35500   TIME(PS) =    1091.000  TEMP(K) =   303.42  PRESS =     6.0
 Etot   =    -33303.9433  EKtot   =      7184.8202  EPtot      =    -40488.7635
 BOND   =       155.4955  ANGLE   =       324.1937  DIHED      =       497.7451
 1-4 NB =       160.0486  1-4 EEL =      -333.2165  VDWAALS    =      4876.7941
 EELEC  =    -46169.8242  EHBOND  =         0.0000  RESTRAINT  =         0.0000
 EKCMT  =      3337.4726  VIRIAL  =      3322.2232  VOLUME     =    117433.4519
                                                    Density    =         1.0294
 Ewald error estimate:   0.1440E-03
 ------------------------------------------------------------------------------


 NSTEP =    35750   TIME(PS) =    1091.500  TEMP(K) =   300.00  PRESS =  -329.2
 Etot   =    -33249.9205  EKtot   =      7103.7230  EPtot      =    -40353.6435
 BOND   =       139.4719  ANGLE   =       356.9903  DIHED      =       486.8307
 1-4 NB =       168.7192  1-4 EEL =      -361.1572  VDWAALS    =      4758.2224
 EELEC  =    -45902.7208  EHBOND  =         0.0000  RESTRAINT  =         0.0000
 EKCMT  =      3323.7049  VIRIAL  =      4157.4258  VOLUME     =    117313.7370
                                                    Density    =         1.0305
 Ewald error estimate:   0.1706E-04
 ------------------------------------------------------------------------------


 NSTEP =    36000   TIME(PS) =    1092.000  TEMP(K) =   300.88  PRESS =   -42.2
 Etot   =    -33216.8304  EKtot   =      7124.7504  EPtot      =    -40341.5809
 BOND   =       158.2454  ANGLE   =       340.3085  DIHED      =       493.0950
 1-4 NB =       165.6985  1-4 EEL =      -341.9512  VDWAALS    =      4887.0601
 EELEC  =    -46044.0372  EHBOND  =         0.0000  RESTRAINT  =         0.0000
 EKCMT  =      3329.4378  VIRIAL  =      3436.2424  VOLUME     =    117215.6301
                                                    Density    =         1.0313
 Ewald error estimate:   0.4934E-04
 ------------------------------------------------------------------------------


 NSTEP =    36250   TIME(PS) =    1092.500  TEMP(K) =   300.59  PRESS =  -130.0
 Etot   =    -33246.9305  EKtot   =      7117.7699  EPtot      =    -40364.7005
 BOND   =       161.3936  ANGLE   =       357.5270  DIHED      =       494.8687
 1-4 NB =       164.8647  1-4 EEL =      -347.9907  VDWAALS    =      4856.7486
 EELEC  =    -46052.1124  EHBOND  =         0.0000  RESTRAINT  =         0.0000
 EKCMT  =      3339.5557  VIRIAL  =      3668.5416  VOLUME     =    117201.3622
                                                    Density    =         1.0314
 Ewald error estimate:   0.1137E-04
 ------------------------------------------------------------------------------


 NSTEP =    36500   TIME(PS) =    1093.000  TEMP(K) =   301.22  PRESS =   206.9
 Etot   =    -33120.0689  EKtot   =      7132.7922  EPtot      =    -40252.8611
 BOND   =       148.4604  ANGLE   =       322.7294  DIHED      =       509.4826
 1-4 NB =       172.7849  1-4 EEL =      -333.7946  VDWAALS    =      4908.3946
 EELEC  =    -45980.9185  EHBOND  =         0.0000  RESTRAINT  =         0.0000
 EKCMT  =      3288.2585  VIRIAL  =      2763.9550  VOLUME     =    117350.7669
                                                    Density    =         1.0301
 Ewald error estimate:   0.4706E-04
 ------------------------------------------------------------------------------


 NSTEP =    36750   TIME(PS) =    1093.500  TEMP(K) =   303.33  PRESS =   -14.1
 Etot   =    -33158.8190  EKtot   =      7182.7546  EPtot      =    -40341.5735
 BOND   =       141.2614  ANGLE   =       344.9774  DIHED      =       508.3947
 1-4 NB =       168.4485  1-4 EEL =      -325.7579  VDWAALS    =      4850.3197
 EELEC  =    -46029.2173  EHBOND  =         0.0000  RESTRAINT  =         0.0000
 EKCMT  =      3336.8725  VIRIAL  =      3372.5010  VOLUME     =    117419.5155
                                                    Density    =         1.0295
 Ewald error estimate:   0.3485E-03
 ------------------------------------------------------------------------------


 NSTEP =    37000   TIME(PS) =    1094.000  TEMP(K) =   303.92  PRESS =  -318.5
 Etot   =    -33122.2711  EKtot   =      7196.6477  EPtot      =    -40318.9188
 BOND   =       171.4636  ANGLE   =       316.2344  DIHED      =       501.0291
 1-4 NB =       176.5902  1-4 EEL =      -339.5170  VDWAALS    =      4760.7995
 EELEC  =    -45905.5187  EHBOND  =         0.0000  RESTRAINT  =         0.0000
 EKCMT  =      3358.7673  VIRIAL  =      4166.4205  VOLUME     =    117440.6365
                                                    Density    =         1.0293
 Ewald error estimate:   0.5492E-04
 ------------------------------------------------------------------------------


 NSTEP =    37250   TIME(PS) =    1094.500  TEMP(K) =   298.84  PRESS =   125.2
 Etot   =    -33142.5536  EKtot   =      7076.2960  EPtot      =    -40218.8496
 BOND   =       155.7110  ANGLE   =       345.0066  DIHED      =       501.7033
 1-4 NB =       173.7445  1-4 EEL =      -355.6201  VDWAALS    =      4884.9385
 EELEC  =    -45924.3334  EHBOND  =         0.0000  RESTRAINT  =         0.0000
 EKCMT  =      3280.6620  VIRIAL  =      2963.0410  VOLUME     =    117485.7459
                                                    Density    =         1.0289
 Ewald error estimate:   0.5230E-04
 ------------------------------------------------------------------------------


 NSTEP =    37500   TIME(PS) =    1095.000  TEMP(K) =   299.91  PRESS =   238.2
 Etot   =    -33130.0277  EKtot   =      7101.5757  EPtot      =    -40231.6035
 BOND   =       148.6244  ANGLE   =       366.4475  DIHED      =       504.4978
 1-4 NB =       172.8453  1-4 EEL =      -347.6457  VDWAALS    =      4908.8888
 EELEC  =    -45985.2616  EHBOND  =         0.0000  RESTRAINT  =         0.0000
 EKCMT  =      3360.6355  VIRIAL  =      2755.8652  VOLUME     =    117601.9241
                                                    Density    =         1.0279
 Ewald error estimate:   0.1085E-03
 ------------------------------------------------------------------------------


 NSTEP =    37750   TIME(PS) =    1095.500  TEMP(K) =   302.96  PRESS =  -212.4
 Etot   =    -33143.4402  EKtot   =      7173.8889  EPtot      =    -40317.3291
 BOND   =       142.8907  ANGLE   =       366.5135  DIHED      =       504.2510
 1-4 NB =       170.0335  1-4 EEL =      -364.3691  VDWAALS    =      4759.8405
 EELEC  =    -45896.4892  EHBOND  =         0.0000  RESTRAINT  =         0.0000
 EKCMT  =      3402.5850  VIRIAL  =      3941.5789  VOLUME     =    117550.9335
                                                    Density    =         1.0284
 Ewald error estimate:   0.1218E-03
 ------------------------------------------------------------------------------


 NSTEP =    38000   TIME(PS) =    1096.000  TEMP(K) =   301.72  PRESS =   -29.0
 Etot   =    -33046.2935  EKtot   =      7144.4344  EPtot      =    -40190.7279
 BOND   =       145.9979  ANGLE   =       358.0564  DIHED      =       506.3925
 1-4 NB =       174.9234  1-4 EEL =      -353.1893  VDWAALS    =      4835.3870
 EELEC  =    -45858.2958  EHBOND  =         0.0000  RESTRAINT  =         0.0000
 EKCMT  =      3422.6241  VIRIAL  =      3496.1421  VOLUME     =    117554.2561
                                                    Density    =         1.0284
 Ewald error estimate:   0.2168E-04
 ------------------------------------------------------------------------------


 NSTEP =    38250   TIME(PS) =    1096.500  TEMP(K) =   306.14  PRESS =   -45.5
 Etot   =    -33056.6673  EKtot   =      7249.2716  EPtot      =    -40305.9389
 BOND   =       160.9055  ANGLE   =       351.3591  DIHED      =       512.9587
 1-4 NB =       167.2734  1-4 EEL =      -345.4230  VDWAALS    =      4826.5775
 EELEC  =    -45979.5901  EHBOND  =         0.0000  RESTRAINT  =         0.0000
 EKCMT  =      3380.2132  VIRIAL  =      3495.5578  VOLUME     =    117300.7452
                                                    Density    =         1.0306
 Ewald error estimate:   0.1269E-03
 ------------------------------------------------------------------------------


 NSTEP =    38500   TIME(PS) =    1097.000  TEMP(K) =   301.34  PRESS =   111.1
 Etot   =    -33006.7875  EKtot   =      7135.6419  EPtot      =    -40142.4294
 BOND   =       160.6072  ANGLE   =       347.7917  DIHED      =       516.6144
 1-4 NB =       172.5035  1-4 EEL =      -335.3911  VDWAALS    =      4871.7455
 EELEC  =    -45876.3005  EHBOND  =         0.0000  RESTRAINT  =         0.0000
 EKCMT  =      3280.2544  VIRIAL  =      2998.9391  VOLUME     =    117254.0468
                                                    Density    =         1.0310
 Ewald error estimate:   0.6120E-04
 ------------------------------------------------------------------------------


 NSTEP =    38750   TIME(PS) =    1097.500  TEMP(K) =   302.29  PRESS =   201.9
 Etot   =    -33121.1428  EKtot   =      7158.1561  EPtot      =    -40279.2989
 BOND   =       168.2708  ANGLE   =       355.8110  DIHED      =       518.5933
 1-4 NB =       169.7813  1-4 EEL =      -346.3156  VDWAALS    =      4863.8813
 EELEC  =    -46009.3210  EHBOND  =         0.0000  RESTRAINT  =         0.0000
 EKCMT  =      3314.3957  VIRIAL  =      2803.6272  VOLUME     =    117183.3402
                                                    Density    =         1.0316
 Ewald error estimate:   0.1272E-03
 ------------------------------------------------------------------------------


 NSTEP =    39000   TIME(PS) =    1098.000  TEMP(K) =   303.00  PRESS =  -211.0
 Etot   =    -33068.3973  EKtot   =      7174.7538  EPtot      =    -40243.1511
 BOND   =       176.3678  ANGLE   =       346.4912  DIHED      =       510.9692
 1-4 NB =       177.3337  1-4 EEL =      -334.3716  VDWAALS    =      4714.2824
 EELEC  =    -45834.2237  EHBOND  =         0.0000  RESTRAINT  =         0.0000
 EKCMT  =      3364.8704  VIRIAL  =      3899.3014  VOLUME     =    117284.4543
                                                    Density    =         1.0307
 Ewald error estimate:   0.1105E-03
 ------------------------------------------------------------------------------


 NSTEP =    39250   TIME(PS) =    1098.500  TEMP(K) =   303.30  PRESS =    37.5
 Etot   =    -33106.1055  EKtot   =      7182.0398  EPtot      =    -40288.1453
 BOND   =       163.6221  ANGLE   =       368.0649  DIHED      =       520.9781
 1-4 NB =       171.0683  1-4 EEL =      -332.2578  VDWAALS    =      4896.4198
 EELEC  =    -46076.0408  EHBOND  =         0.0000  RESTRAINT  =         0.0000
 EKCMT  =      3342.8474  VIRIAL  =      3247.9068  VOLUME     =    117137.7246
                                                    Density    =         1.0320
 Ewald error estimate:   0.1514E-03
 ------------------------------------------------------------------------------


 NSTEP =    39500   TIME(PS) =    1099.000  TEMP(K) =   299.59  PRESS =   -65.1
 Etot   =    -33083.7002  EKtot   =      7094.2103  EPtot      =    -40177.9105
 BOND   =       171.2098  ANGLE   =       361.2274  DIHED      =       514.4642
 1-4 NB =       161.6135  1-4 EEL =      -359.2422  VDWAALS    =      4747.2650
 EELEC  =    -45774.4482  EHBOND  =         0.0000  RESTRAINT  =         0.0000
 EKCMT  =      3391.6953  VIRIAL  =      3556.3510  VOLUME     =    117097.6909
                                                    Density    =         1.0324
 Ewald error estimate:   0.3686E-03
 ------------------------------------------------------------------------------


 NSTEP =    39750   TIME(PS) =    1099.500  TEMP(K) =   301.67  PRESS =  -182.0
 Etot   =    -33096.8367  EKtot   =      7143.3986  EPtot      =    -40240.2353
 BOND   =       142.3103  ANGLE   =       367.5658  DIHED      =       503.4840
 1-4 NB =       168.9375  1-4 EEL =      -339.3645  VDWAALS    =      4727.9726
 EELEC  =    -45811.1409  EHBOND  =         0.0000  RESTRAINT  =         0.0000
 EKCMT  =      3384.6468  VIRIAL  =      3845.0082  VOLUME     =    117132.1799
                                                    Density    =         1.0321
 Ewald error estimate:   0.5590E-04
 ------------------------------------------------------------------------------


 NSTEP =    40000   TIME(PS) =    1100.000  TEMP(K) =   301.24  PRESS =   -14.5
 Etot   =    -33186.1547  EKtot   =      7133.2026  EPtot      =    -40319.3573
 BOND   =       166.0260  ANGLE   =       365.5810  DIHED      =       495.3302
 1-4 NB =       162.7033  1-4 EEL =      -332.9616  VDWAALS    =      4826.0026
 EELEC  =    -46002.0388  EHBOND  =         0.0000  RESTRAINT  =         0.0000
 EKCMT  =      3313.2975  VIRIAL  =      3349.8261  VOLUME     =    117079.8279
                                                    Density    =         1.0325
 Ewald error estimate:   0.5461E-04
 ------------------------------------------------------------------------------


 NSTEP =    40250   TIME(PS) =    1100.500  TEMP(K) =   305.62  PRESS =   143.5
 Etot   =    -33037.2672  EKtot   =      7236.8182  EPtot      =    -40274.0854
 BOND   =       170.6156  ANGLE   =       376.3824  DIHED      =       504.8347
 1-4 NB =       168.3475  1-4 EEL =      -372.7337  VDWAALS    =      4849.3071
 EELEC  =    -45970.8390  EHBOND  =         0.0000  RESTRAINT  =         0.0000
 EKCMT  =      3433.1108  VIRIAL  =      3069.8764  VOLUME     =    117256.9745
                                                    Density    =         1.0310
 Ewald error estimate:   0.4127E-04
 ------------------------------------------------------------------------------


 NSTEP =    40500   TIME(PS) =    1101.000  TEMP(K) =   298.34  PRESS =   197.1
 Etot   =    -33098.3189  EKtot   =      7064.4146  EPtot      =    -40162.7335
 BOND   =       153.0122  ANGLE   =       364.6135  DIHED      =       498.8045
 1-4 NB =       165.1472  1-4 EEL =      -338.5696  VDWAALS    =      4840.4826
 EELEC  =    -45846.2239  EHBOND  =         0.0000  RESTRAINT  =         0.0000
 EKCMT  =      3266.8476  VIRIAL  =      2767.6983  VOLUME     =    117292.3987
                                                    Density    =         1.0306
 Ewald error estimate:   0.1093E-03
 ------------------------------------------------------------------------------


 NSTEP =    40750   TIME(PS) =    1101.500  TEMP(K) =   304.66  PRESS =   190.6
 Etot   =    -33124.1852  EKtot   =      7214.1935  EPtot      =    -40338.3787
 BOND   =       149.5955  ANGLE   =       344.7631  DIHED      =       510.1010
 1-4 NB =       160.9127  1-4 EEL =      -332.6880  VDWAALS    =      4947.5161
 EELEC  =    -46118.5792  EHBOND  =         0.0000  RESTRAINT  =         0.0000
 EKCMT  =      3353.7716  VIRIAL  =      2871.6435  VOLUME     =    117154.4252
                                                    Density    =         1.0319
 Ewald error estimate:   0.1269E-03
 ------------------------------------------------------------------------------


 NSTEP =    41000   TIME(PS) =    1102.000  TEMP(K) =   301.10  PRESS =  -234.0
 Etot   =    -33185.8214  EKtot   =      7129.8862  EPtot      =    -40315.7077
 BOND   =       174.0629  ANGLE   =       347.5428  DIHED      =       510.6355
 1-4 NB =       176.7275  1-4 EEL =      -325.7033  VDWAALS    =      4794.9529
 EELEC  =    -45993.9259  EHBOND  =         0.0000  RESTRAINT  =         0.0000
 EKCMT  =      3324.7298  VIRIAL  =      3916.7758  VOLUME     =    117183.4635
                                                    Density    =         1.0316
 Ewald error estimate:   0.4933E-04
 ------------------------------------------------------------------------------


 NSTEP =    41250   TIME(PS) =    1102.500  TEMP(K) =   302.09  PRESS =   -70.0
 Etot   =    -33169.4764  EKtot   =      7153.2845  EPtot      =    -40322.7609
 BOND   =       180.3828  ANGLE   =       347.6024  DIHED      =       517.1107
 1-4 NB =       167.6290  1-4 EEL =      -345.2317  VDWAALS    =      4829.6513
 EELEC  =    -46019.9053  EHBOND  =         0.0000  RESTRAINT  =         0.0000
 EKCMT  =      3285.1389  VIRIAL  =      3462.2251  VOLUME     =    117128.6958
                                                    Density    =         1.0321
 Ewald error estimate:   0.7092E-04
 ------------------------------------------------------------------------------


 NSTEP =    41500   TIME(PS) =    1103.000  TEMP(K) =   295.40  PRESS =  -119.9
 Etot   =    -33267.2493  EKtot   =      6994.7938  EPtot      =    -40262.0431
 BOND   =       163.2844  ANGLE   =       341.3671  DIHED      =       525.2422
 1-4 NB =       163.1700  1-4 EEL =      -331.4507  VDWAALS    =      4769.6546
 EELEC  =    -45893.3108  EHBOND  =         0.0000  RESTRAINT  =         0.0000
 EKCMT  =      3260.4505  VIRIAL  =      3563.6188  VOLUME     =    117125.1668
                                                    Density    =         1.0321
 Ewald error estimate:   0.1582E-04
 ------------------------------------------------------------------------------


 NSTEP =    41750   TIME(PS) =    1103.500  TEMP(K) =   308.65  PRESS =   -33.7
 Etot   =    -33072.7107  EKtot   =      7308.7296  EPtot      =    -40381.4403
 BOND   =       152.8364  ANGLE   =       344.6076  DIHED      =       497.6961
 1-4 NB =       169.9389  1-4 EEL =      -347.4972  VDWAALS    =      4822.9481
 EELEC  =    -46021.9702  EHBOND  =         0.0000  RESTRAINT  =         0.0000
 EKCMT  =      3383.6429  VIRIAL  =      3469.0488  VOLUME     =    117247.6014
                                                    Density    =         1.0310
 Ewald error estimate:   0.3511E-04
 ------------------------------------------------------------------------------


 NSTEP =    42000   TIME(PS) =    1104.000  TEMP(K) =   305.25  PRESS =    57.1
 Etot   =    -33141.6864  EKtot   =      7228.0566  EPtot      =    -40369.7430
 BOND   =       165.8353  ANGLE   =       355.7369  DIHED      =       512.2788
 1-4 NB =       159.2826  1-4 EEL =      -346.7051  VDWAALS    =      4928.7790
 EELEC  =    -46144.9507  EHBOND  =         0.0000  RESTRAINT  =         0.0000
 EKCMT  =      3410.1903  VIRIAL  =      3265.6749  VOLUME     =    117153.5994
                                                    Density    =         1.0319
 Ewald error estimate:   0.4927E-04
 ------------------------------------------------------------------------------


 NSTEP =    42250   TIME(PS) =    1104.500  TEMP(K) =   303.61  PRESS =   344.1
 Etot   =    -33060.3801  EKtot   =      7189.2403  EPtot      =    -40249.6204
 BOND   =       156.6657  ANGLE   =       331.4346  DIHED      =       511.0380
 1-4 NB =       168.3620  1-4 EEL =      -333.6495  VDWAALS    =      4940.0759
 EELEC  =    -46023.5471  EHBOND  =         0.0000  RESTRAINT  =         0.0000
 EKCMT  =      3387.4719  VIRIAL  =      2517.3940  VOLUME     =    117104.1332
                                                    Density    =         1.0323
 Ewald error estimate:   0.1799E-03
 ------------------------------------------------------------------------------


 NSTEP =    42500   TIME(PS) =    1105.000  TEMP(K) =   300.37  PRESS =   120.2
 Etot   =    -33187.5126  EKtot   =      7112.4644  EPtot      =    -40299.9770
 BOND   =       162.0671  ANGLE   =       342.3280  DIHED      =       505.2865
 1-4 NB =       159.2625  1-4 EEL =      -334.9537  VDWAALS    =      4919.7597
 EELEC  =    -46053.7271  EHBOND  =         0.0000  RESTRAINT  =         0.0000
 EKCMT  =      3352.6403  VIRIAL  =      3048.6114  VOLUME     =    117163.6035
                                                    Density    =         1.0318
 Ewald error estimate:   0.3040E-03
 ------------------------------------------------------------------------------


 NSTEP =    42750   TIME(PS) =    1105.500  TEMP(K) =   302.38  PRESS =   144.6
 Etot   =    -33184.7916  EKtot   =      7160.1505  EPtot      =    -40344.9421
 BOND   =       137.1447  ANGLE   =       345.9880  DIHED      =       503.4343
 1-4 NB =       166.6207  1-4 EEL =      -330.7114  VDWAALS    =      4976.8875
 EELEC  =    -46144.3058  EHBOND  =         0.0000  RESTRAINT  =         0.0000
 EKCMT  =      3351.3125  VIRIAL  =      2985.0673  VOLUME     =    117277.3466
                                                    Density    =         1.0308
 Ewald error estimate:   0.1298E-03
 ------------------------------------------------------------------------------


 NSTEP =    43000   TIME(PS) =    1106.000  TEMP(K) =   299.44  PRESS =    93.0
 Etot   =    -33188.3460  EKtot   =      7090.5373  EPtot      =    -40278.8833
 BOND   =       160.0430  ANGLE   =       363.1928  DIHED      =       515.6988
 1-4 NB =       165.3075  1-4 EEL =      -330.0293  VDWAALS    =      4851.5443
 EELEC  =    -46004.6403  EHBOND  =         0.0000  RESTRAINT  =         0.0000
 EKCMT  =      3307.9550  VIRIAL  =      3072.3099  VOLUME     =    117389.5251
                                                    Density    =         1.0298
 Ewald error estimate:   0.1883E-03
 ------------------------------------------------------------------------------


 NSTEP =    43250   TIME(PS) =    1106.500  TEMP(K) =   303.89  PRESS =   -56.6
 Etot   =    -33199.8365  EKtot   =      7195.9653  EPtot      =    -40395.8018
 BOND   =       157.7648  ANGLE   =       329.1840  DIHED      =       521.8347
 1-4 NB =       168.6046  1-4 EEL =      -321.9086  VDWAALS    =      4789.3305
 EELEC  =    -46040.6117  EHBOND  =         0.0000  RESTRAINT  =         0.0000
 EKCMT  =      3361.5668  VIRIAL  =      3504.9370  VOLUME     =    117268.6651
                                                    Density    =         1.0309
 Ewald error estimate:   0.4456E-04
 ------------------------------------------------------------------------------


 NSTEP =    43500   TIME(PS) =    1107.000  TEMP(K) =   302.30  PRESS =    19.9
 Etot   =    -33234.4846  EKtot   =      7158.2799  EPtot      =    -40392.7645
 BOND   =       164.7099  ANGLE   =       331.1953  DIHED      =       516.0217
 1-4 NB =       174.5157  1-4 EEL =      -352.4244  VDWAALS    =      4778.1228
 EELEC  =    -46004.9054  EHBOND  =         0.0000  RESTRAINT  =         0.0000
 EKCMT  =      3316.0033  VIRIAL  =      3265.6125  VOLUME     =    117295.5892
                                                    Density    =         1.0306
 Ewald error estimate:   0.2780E-04
 ------------------------------------------------------------------------------


 NSTEP =    43750   TIME(PS) =    1107.500  TEMP(K) =   302.40  PRESS =   232.0
 Etot   =    -33148.5585  EKtot   =      7160.5606  EPtot      =    -40309.1191
 BOND   =       153.3622  ANGLE   =       348.8450  DIHED      =       502.6493
 1-4 NB =       173.1347  1-4 EEL =      -344.2794  VDWAALS    =      4963.3869
 EELEC  =    -46106.2177  EHBOND  =         0.0000  RESTRAINT  =         0.0000
 EKCMT  =      3295.6677  VIRIAL  =      2708.0181  VOLUME     =    117294.0479
                                                    Density    =         1.0306
 Ewald error estimate:   0.7660E-04
 ------------------------------------------------------------------------------


 NSTEP =    44000   TIME(PS) =    1108.000  TEMP(K) =   300.58  PRESS =   242.9
 Etot   =    -33316.2218  EKtot   =      7117.5700  EPtot      =    -40433.7919
 BOND   =       166.7310  ANGLE   =       370.2978  DIHED      =       520.1683
 1-4 NB =       169.2696  1-4 EEL =      -358.7610  VDWAALS    =      4985.7705
 EELEC  =    -46287.2679  EHBOND  =         0.0000  RESTRAINT  =         0.0000
 EKCMT  =      3283.5515  VIRIAL  =      2668.1214  VOLUME     =    117334.4738
                                                    Density    =         1.0303
 Ewald error estimate:   0.1326E-03
 ------------------------------------------------------------------------------


 NSTEP =    44250   TIME(PS) =    1108.500  TEMP(K) =   299.61  PRESS =  -121.3
 Etot   =    -33259.1672  EKtot   =      7094.6590  EPtot      =    -40353.8262
 BOND   =       139.2510  ANGLE   =       366.9788  DIHED      =       521.4761
 1-4 NB =       172.1121  1-4 EEL =      -338.1765  VDWAALS    =      4791.2107
 EELEC  =    -46006.6783  EHBOND  =         0.0000  RESTRAINT  =         0.0000
 EKCMT  =      3323.3641  VIRIAL  =      3630.4800  VOLUME     =    117271.2831
                                                    Density    =         1.0308
 Ewald error estimate:   0.9944E-05
 ------------------------------------------------------------------------------


 NSTEP =    44500   TIME(PS) =    1109.000  TEMP(K) =   300.70  PRESS =   164.4
 Etot   =    -33197.1366  EKtot   =      7120.3481  EPtot      =    -40317.4847
 BOND   =       172.0004  ANGLE   =       351.6825  DIHED      =       511.8803
 1-4 NB =       168.0400  1-4 EEL =      -355.3864  VDWAALS    =      4863.8531
 EELEC  =    -46029.5547  EHBOND  =         0.0000  RESTRAINT  =         0.0000
 EKCMT  =      3331.0597  VIRIAL  =      2914.9079  VOLUME     =    117246.2386
                                                    Density    =         1.0311
 Ewald error estimate:   0.1992E-03
 ------------------------------------------------------------------------------


 NSTEP =    44750   TIME(PS) =    1109.500  TEMP(K) =   299.62  PRESS =   297.7
 Etot   =    -33181.1380  EKtot   =      7094.8417  EPtot      =    -40275.9797
 BOND   =       154.4105  ANGLE   =       345.1913  DIHED      =       512.4795
 1-4 NB =       175.3717  1-4 EEL =      -327.7897  VDWAALS    =      4933.2757
 EELEC  =    -46068.9188  EHBOND  =         0.0000  RESTRAINT  =         0.0000
 EKCMT  =      3329.3278  VIRIAL  =      2575.7736  VOLUME     =    117249.0903
                                                    Density    =         1.0310
 Ewald error estimate:   0.6056E-05
 ------------------------------------------------------------------------------


 NSTEP =    45000   TIME(PS) =    1110.000  TEMP(K) =   299.09  PRESS =   158.4
 Etot   =    -33236.3392  EKtot   =      7082.3669  EPtot      =    -40318.7061
 BOND   =       167.4725  ANGLE   =       344.9127  DIHED      =       505.6957
 1-4 NB =       169.6632  1-4 EEL =      -326.1470  VDWAALS    =      4824.4152
 EELEC  =    -46004.7183  EHBOND  =         0.0000  RESTRAINT  =         0.0000
 EKCMT  =      3308.3179  VIRIAL  =      2906.7698  VOLUME     =    117418.2023
                                                    Density    =         1.0295
 Ewald error estimate:   0.6412E-04
 ------------------------------------------------------------------------------


 NSTEP =    45250   TIME(PS) =    1110.500  TEMP(K) =   302.19  PRESS =     5.8
 Etot   =    -33231.5316  EKtot   =      7155.6135  EPtot      =    -40387.1452
 BOND   =       133.0804  ANGLE   =       341.7103  DIHED      =       514.5625
 1-4 NB =       173.6903  1-4 EEL =      -336.0610  VDWAALS    =      4907.5032
 EELEC  =    -46121.6308  EHBOND  =         0.0000  RESTRAINT  =         0.0000
 EKCMT  =      3361.2383  VIRIAL  =      3346.5330  VOLUME     =    117344.5213
                                                    Density    =         1.0302
 Ewald error estimate:   0.2020E-04
 ------------------------------------------------------------------------------


 NSTEP =    45500   TIME(PS) =    1111.000  TEMP(K) =   296.36  PRESS =   -28.9
 Etot   =    -33265.1377  EKtot   =      7017.6169  EPtot      =    -40282.7546
 BOND   =       151.2711  ANGLE   =       337.0337  DIHED      =       514.2321
 1-4 NB =       162.4491  1-4 EEL =      -341.1904  VDWAALS    =      4814.5508
 EELEC  =    -45921.1010  EHBOND  =         0.0000  RESTRAINT  =         0.0000
 EKCMT  =      3294.8158  VIRIAL  =      3368.0745  VOLUME     =    117356.2720
                                                    Density    =         1.0301
 Ewald error estimate:   0.1511E-03
 ------------------------------------------------------------------------------


 NSTEP =    45750   TIME(PS) =    1111.500  TEMP(K) =   301.76  PRESS =   159.8
 Etot   =    -33142.8146  EKtot   =      7145.4593  EPtot      =    -40288.2739
 BOND   =       141.3350  ANGLE   =       337.2749  DIHED      =       500.7366
 1-4 NB =       168.9154  1-4 EEL =      -325.8251  VDWAALS    =      4898.0347
 EELEC  =    -46008.7453  EHBOND  =         0.0000  RESTRAINT  =         0.0000
 EKCMT  =      3360.2583  VIRIAL  =      2954.6399  VOLUME     =    117546.0549
                                                    Density    =         1.0284
 Ewald error estimate:   0.2856E-03
 ------------------------------------------------------------------------------


 NSTEP =    46000   TIME(PS) =    1112.000  TEMP(K) =   297.96  PRESS =    71.8
 Etot   =    -33230.6971  EKtot   =      7055.5831  EPtot      =    -40286.2802
 BOND   =       138.3733  ANGLE   =       363.6232  DIHED      =       508.1806
 1-4 NB =       172.6030  1-4 EEL =      -331.9881  VDWAALS    =      4825.4387
 EELEC  =    -45962.5109  EHBOND  =         0.0000  RESTRAINT  =         0.0000
 EKCMT  =      3345.9329  VIRIAL  =      3163.8752  VOLUME     =    117483.8673
                                                    Density    =         1.0290
 Ewald error estimate:   0.1335E-04
 ------------------------------------------------------------------------------


 NSTEP =    46250   TIME(PS) =    1112.500  TEMP(K) =   299.24  PRESS =  -485.9
 Etot   =    -33321.6043  EKtot   =      7085.9225  EPtot      =    -40407.5268
 BOND   =       149.2218  ANGLE   =       369.5222  DIHED      =       510.5410
 1-4 NB =       165.8392  1-4 EEL =      -346.3994  VDWAALS    =      4720.3723
 EELEC  =    -45976.6240  EHBOND  =         0.0000  RESTRAINT  =         0.0000
 EKCMT  =      3301.6755  VIRIAL  =      4532.7855  VOLUME     =    117347.1033
                                                    Density    =         1.0302
 Ewald error estimate:   0.2764E-04
 ------------------------------------------------------------------------------


 NSTEP =    46500   TIME(PS) =    1113.000  TEMP(K) =   297.62  PRESS =    98.7
 Etot   =    -33214.1469  EKtot   =      7047.3609  EPtot      =    -40261.5078
 BOND   =       164.1741  ANGLE   =       341.1216  DIHED      =       508.9780
 1-4 NB =       164.5791  1-4 EEL =      -350.6105  VDWAALS    =      4858.2907
 EELEC  =    -45948.0409  EHBOND  =         0.0000  RESTRAINT  =         0.0000
 EKCMT  =      3273.6324  VIRIAL  =      3024.2472  VOLUME     =    117035.7790
                                                    Density    =         1.0329
 Ewald error estimate:   0.1680E-03
 ------------------------------------------------------------------------------


 NSTEP =    46750   TIME(PS) =    1113.500  TEMP(K) =   296.45  PRESS =   -28.2
 Etot   =    -33240.6066  EKtot   =      7019.6759  EPtot      =    -40260.2824
 BOND   =       163.5495  ANGLE   =       349.4606  DIHED      =       507.6332
 1-4 NB =       168.3652  1-4 EEL =      -347.0416  VDWAALS    =      4772.7754
 EELEC  =    -45875.0248  EHBOND  =         0.0000  RESTRAINT  =         0.0000
 EKCMT  =      3230.7492  VIRIAL  =      3301.7922  VOLUME     =    116849.0850
                                                    Density    =         1.0346
 Ewald error estimate:   0.1482E-04
 ------------------------------------------------------------------------------


 NSTEP =    47000   TIME(PS) =    1114.000  TEMP(K) =   301.34  PRESS =  -175.6
 Etot   =    -33258.9244  EKtot   =      7135.6302  EPtot      =    -40394.5547
 BOND   =       154.8308  ANGLE   =       345.0032  DIHED      =       507.3069
 1-4 NB =       174.1309  1-4 EEL =      -353.9943  VDWAALS    =      4724.5533
 EELEC  =    -45946.3854  EHBOND  =         0.0000  RESTRAINT  =         0.0000
 EKCMT  =      3350.4009  VIRIAL  =      3793.1414  VOLUME     =    116791.7169
                                                    Density    =         1.0351
 Ewald error estimate:   0.5715E-04
 ------------------------------------------------------------------------------


 NSTEP =    47250   TIME(PS) =    1114.500  TEMP(K) =   305.11  PRESS =    43.6
 Etot   =    -33163.4236  EKtot   =      7224.9074  EPtot      =    -40388.3310
 BOND   =       150.8522  ANGLE   =       334.3747  DIHED      =       492.9575
 1-4 NB =       162.7259  1-4 EEL =      -335.6887  VDWAALS    =      4802.3393
 EELEC  =    -45995.8920  EHBOND  =         0.0000  RESTRAINT  =         0.0000
 EKCMT  =      3334.1057  VIRIAL  =      3224.1828  VOLUME     =    116864.7064
                                                    Density    =         1.0344
 Ewald error estimate:   0.1594E-03
 ------------------------------------------------------------------------------


 NSTEP =    47500   TIME(PS) =    1115.000  TEMP(K) =   300.11  PRESS =   263.4
 Etot   =    -33170.2565  EKtot   =      7106.3246  EPtot      =    -40276.5811
 BOND   =       155.7667  ANGLE   =       351.6770  DIHED      =       512.9633
 1-4 NB =       173.7394  1-4 EEL =      -351.4584  VDWAALS    =      4828.4563
 EELEC  =    -45947.7253  EHBOND  =         0.0000  RESTRAINT  =         0.0000
 EKCMT  =      3373.5368  VIRIAL  =      2708.2553  VOLUME     =    116975.0478
                                                    Density    =         1.0334
 Ewald error estimate:   0.1358E-03
 ------------------------------------------------------------------------------


 NSTEP =    47750   TIME(PS) =    1115.500  TEMP(K) =   298.94  PRESS =   -22.8
 Etot   =    -33242.2382  EKtot   =      7078.5943  EPtot      =    -40320.8325
 BOND   =       164.3097  ANGLE   =       375.9082  DIHED      =       505.3687
 1-4 NB =       173.9063  1-4 EEL =      -354.6460  VDWAALS    =      4776.3596
 EELEC  =    -45962.0391  EHBOND  =         0.0000  RESTRAINT  =         0.0000
 EKCMT  =      3315.8766  VIRIAL  =      3373.3794  VOLUME     =    117041.7992
                                                    Density    =         1.0329
 Ewald error estimate:   0.6687E-04
 ------------------------------------------------------------------------------


 NSTEP =    48000   TIME(PS) =    1116.000  TEMP(K) =   303.42  PRESS =  -137.1
 Etot   =    -33255.6350  EKtot   =      7184.6942  EPtot      =    -40440.3292
 BOND   =       169.3490  ANGLE   =       347.7021  DIHED      =       502.8708
 1-4 NB =       171.5042  1-4 EEL =      -324.9850  VDWAALS    =      4871.4516
 EELEC  =    -46178.2218  EHBOND  =         0.0000  RESTRAINT  =         0.0000
 EKCMT  =      3366.1632  VIRIAL  =      3712.6066  VOLUME     =    117029.2012
                                                    Density    =         1.0330
 Ewald error estimate:   0.2097E-03
 ------------------------------------------------------------------------------


 NSTEP =    48250   TIME(PS) =    1116.500  TEMP(K) =   303.85  PRESS =   268.6
 Etot   =    -33169.2878  EKtot   =      7195.0724  EPtot      =    -40364.3602
 BOND   =       151.5237  ANGLE   =       353.4629  DIHED      =       497.4964
 1-4 NB =       168.5021  1-4 EEL =      -334.4192  VDWAALS    =      4968.2391
 EELEC  =    -46169.1653  EHBOND  =         0.0000  RESTRAINT  =         0.0000
 EKCMT  =      3350.2018  VIRIAL  =      2671.2188  VOLUME     =    117064.5346
                                                    Density    =         1.0327
 Ewald error estimate:   0.1652E-04
 ------------------------------------------------------------------------------


 NSTEP =    48500   TIME(PS) =    1117.000  TEMP(K) =   305.26  PRESS =   180.1
 Etot   =    -33246.6726  EKtot   =      7228.3573  EPtot      =    -40475.0299
 BOND   =       154.7796  ANGLE   =       360.1532  DIHED      =       509.0830
 1-4 NB =       166.2839  1-4 EEL =      -356.5146  VDWAALS    =      4972.0774
 EELEC  =    -46280.8924  EHBOND  =         0.0000  RESTRAINT  =         0.0000
 EKCMT  =      3409.1945  VIRIAL  =      2953.8519  VOLUME     =    117098.1198
                                                    Density    =         1.0324
 Ewald error estimate:   0.1248E-04
 ------------------------------------------------------------------------------


 NSTEP =    48750   TIME(PS) =    1117.500  TEMP(K) =   300.75  PRESS =   -30.4
 Etot   =    -33393.1879  EKtot   =      7121.5126  EPtot      =    -40514.7005
 BOND   =       162.0150  ANGLE   =       332.3939  DIHED      =       520.7372
 1-4 NB =       176.0352  1-4 EEL =      -342.9072  VDWAALS    =      5016.6236
 EELEC  =    -46379.5983  EHBOND  =         0.0000  RESTRAINT  =         0.0000
 EKCMT  =      3284.3411  VIRIAL  =      3361.1346  VOLUME     =    117017.3338
                                                    Density    =         1.0331
 Ewald error estimate:   0.1375E-03
 ------------------------------------------------------------------------------


 NSTEP =    49000   TIME(PS) =    1118.000  TEMP(K) =   297.04  PRESS =   212.4
 Etot   =    -33384.9825  EKtot   =      7033.6210  EPtot      =    -40418.6036
 BOND   =       158.3251  ANGLE   =       342.6158  DIHED      =       508.3479
 1-4 NB =       162.5356  1-4 EEL =      -344.8936  VDWAALS    =      5005.4134
 EELEC  =    -46250.9477  EHBOND  =         0.0000  RESTRAINT  =         0.0000
 EKCMT  =      3253.3925  VIRIAL  =      2715.9051  VOLUME     =    117211.1686
                                                    Density    =         1.0314
 Ewald error estimate:   0.1001E-03
 ------------------------------------------------------------------------------


 NSTEP =    49250   TIME(PS) =    1118.500  TEMP(K) =   299.92  PRESS =  -118.3
 Etot   =    -33363.0247  EKtot   =      7101.8181  EPtot      =    -40464.8428
 BOND   =       138.4039  ANGLE   =       341.4587  DIHED      =       516.0639
 1-4 NB =       167.0687  1-4 EEL =      -330.5229  VDWAALS    =      4806.1284
 EELEC  =    -46103.4436  EHBOND  =         0.0000  RESTRAINT  =         0.0000
 EKCMT  =      3330.8714  VIRIAL  =      3630.2049  VOLUME     =    117156.5057
                                                    Density    =         1.0318
 Ewald error estimate:   0.2524E-04
 ------------------------------------------------------------------------------


 NSTEP =    49500   TIME(PS) =    1119.000  TEMP(K) =   297.11  PRESS =   125.5
 Etot   =    -33345.4302  EKtot   =      7035.4506  EPtot      =    -40380.8808
 BOND   =       173.0916  ANGLE   =       321.7822  DIHED      =       517.8474
 1-4 NB =       175.9271  1-4 EEL =      -334.8321  VDWAALS    =      4901.5952
 EELEC  =    -46136.2922  EHBOND  =         0.0000  RESTRAINT  =         0.0000
 EKCMT  =      3262.4183  VIRIAL  =      2944.9265  VOLUME     =    117208.8404
                                                    Density    =         1.0314
 Ewald error estimate:   0.5051E-04
 ------------------------------------------------------------------------------


 NSTEP =    49750   TIME(PS) =    1119.500  TEMP(K) =   298.48  PRESS =  -117.8
 Etot   =    -33317.5091  EKtot   =      7067.8223  EPtot      =    -40385.3315
 BOND   =       171.2726  ANGLE   =       329.0540  DIHED      =       507.3384
 1-4 NB =       173.0456  1-4 EEL =      -340.9456  VDWAALS    =      4805.0214
 EELEC  =    -46030.1178  EHBOND  =         0.0000  RESTRAINT  =         0.0000
 EKCMT  =      3300.5731  VIRIAL  =      3598.6332  VOLUME     =    117172.3162
                                                    Density    =         1.0317
 Ewald error estimate:   0.2772E-04
 ------------------------------------------------------------------------------


 NSTEP =    50000   TIME(PS) =    1120.000  TEMP(K) =   299.52  PRESS =    21.3
 Etot   =    -33270.4360  EKtot   =      7092.5129  EPtot      =    -40362.9489
 BOND   =       153.9841  ANGLE   =       338.8335  DIHED      =       518.4836
 1-4 NB =       166.9407  1-4 EEL =      -328.7892  VDWAALS    =      4762.0965
 EELEC  =    -45974.4981  EHBOND  =         0.0000  RESTRAINT  =         0.0000
 EKCMT  =      3333.9060  VIRIAL  =      3279.9453  VOLUME     =    117144.4011
                                                    Density    =         1.0319
 Ewald error estimate:   0.9259E-04
 ------------------------------------------------------------------------------


 NSTEP =    50250   TIME(PS) =    1120.500  TEMP(K) =   300.88  PRESS =   -83.0
 Etot   =    -33229.4100  EKtot   =      7124.7324  EPtot      =    -40354.1424
 BOND   =       137.3269  ANGLE   =       344.8768  DIHED      =       495.9493
 1-4 NB =       171.4827  1-4 EEL =      -336.4897  VDWAALS    =      4796.3024
 EELEC  =    -45963.5908  EHBOND  =         0.0000  RESTRAINT  =         0.0000
 EKCMT  =      3325.6559  VIRIAL  =      3535.8177  VOLUME     =    117265.5766
                                                    Density    =         1.0309
 Ewald error estimate:   0.1233E-03
 ------------------------------------------------------------------------------


 NSTEP =    50500   TIME(PS) =    1121.000  TEMP(K) =   301.07  PRESS =    69.9
 Etot   =    -33205.6791  EKtot   =      7129.2087  EPtot      =    -40334.8878
 BOND   =       161.0397  ANGLE   =       335.9825  DIHED      =       507.6097
 1-4 NB =       161.1457  1-4 EEL =      -348.1320  VDWAALS    =      4893.7705
 EELEC  =    -46046.3038  EHBOND  =         0.0000  RESTRAINT  =         0.0000
 EKCMT  =      3293.3572  VIRIAL  =      3116.4616  VOLUME     =    117240.9598
                                                    Density    =         1.0311
 Ewald error estimate:   0.7584E-04
 ------------------------------------------------------------------------------


 NSTEP =    50750   TIME(PS) =    1121.500  TEMP(K) =   299.14  PRESS =  -268.6
 Etot   =    -33120.4828  EKtot   =      7083.4154  EPtot      =    -40203.8982
 BOND   =       152.3318  ANGLE   =       382.6930  DIHED      =       498.8581
 1-4 NB =       167.4944  1-4 EEL =      -354.5488  VDWAALS    =      4697.6458
 EELEC  =    -45748.3724  EHBOND  =         0.0000  RESTRAINT  =         0.0000
 EKCMT  =      3332.7434  VIRIAL  =      4012.8954  VOLUME     =    117265.5557
                                                    Density    =         1.0309
 Ewald error estimate:   0.1324E-03
 ------------------------------------------------------------------------------


 NSTEP =    51000   TIME(PS) =    1122.000  TEMP(K) =   301.84  PRESS =   -95.4
 Etot   =    -33144.1302  EKtot   =      7147.3541  EPtot      =    -40291.4843
 BOND   =       161.7776  ANGLE   =       362.2981  DIHED      =       507.9241
 1-4 NB =       166.0933  1-4 EEL =      -360.7640  VDWAALS    =      4818.5141
 EELEC  =    -45947.3275  EHBOND  =         0.0000  RESTRAINT  =         0.0000
 EKCMT  =      3317.1487  VIRIAL  =      3558.6419  VOLUME     =    117269.2866
                                                    Density    =         1.0308
 Ewald error estimate:   0.1589E-04
 ------------------------------------------------------------------------------


 NSTEP =    51250   TIME(PS) =    1122.500  TEMP(K) =   300.80  PRESS =   -69.1
 Etot   =    -33219.9952  EKtot   =      7122.7111  EPtot      =    -40342.7064
 BOND   =       164.5014  ANGLE   =       346.1386  DIHED      =       507.6118
 1-4 NB =       176.8037  1-4 EEL =      -352.5758  VDWAALS    =      4796.5215
 EELEC  =    -45981.7077  EHBOND  =         0.0000  RESTRAINT  =         0.0000
 EKCMT  =      3349.0650  VIRIAL  =      3524.2612  VOLUME     =    117372.8698
                                                    Density    =         1.0299
 Ewald error estimate:   0.1950E-03
 ------------------------------------------------------------------------------


 NSTEP =    51500   TIME(PS) =    1123.000  TEMP(K) =   303.30  PRESS =   351.3
 Etot   =    -33029.8279  EKtot   =      7181.9567  EPtot      =    -40211.7845
 BOND   =       181.6410  ANGLE   =       368.4638  DIHED      =       493.5808
 1-4 NB =       168.7698  1-4 EEL =      -351.5523  VDWAALS    =      4900.2353
 EELEC  =    -45972.9230  EHBOND  =         0.0000  RESTRAINT  =         0.0000
 EKCMT  =      3385.8805  VIRIAL  =      2496.0045  VOLUME     =    117312.9791
                                                    Density    =         1.0305
 Ewald error estimate:   0.1431E-03
 ------------------------------------------------------------------------------


 NSTEP =    51750   TIME(PS) =    1123.500  TEMP(K) =   304.49  PRESS =   302.9
 Etot   =    -33009.8821  EKtot   =      7210.0416  EPtot      =    -40219.9237
 BOND   =       146.5724  ANGLE   =       347.3385  DIHED      =       509.2637
 1-4 NB =       170.0703  1-4 EEL =      -335.0787  VDWAALS    =      4975.9342
 EELEC  =    -46034.0241  EHBOND  =         0.0000  RESTRAINT  =         0.0000
 EKCMT  =      3412.6763  VIRIAL  =      2643.9609  VOLUME     =    117541.7199
                                                    Density    =         1.0285
 Ewald error estimate:   0.1265E-03
 ------------------------------------------------------------------------------


 NSTEP =    52000   TIME(PS) =    1124.000  TEMP(K) =   304.56  PRESS =  -174.6
 Etot   =    -33072.7307  EKtot   =      7211.7128  EPtot      =    -40284.4435
 BOND   =       163.1798  ANGLE   =       342.7509  DIHED      =       516.0516
 1-4 NB =       163.5757  1-4 EEL =      -356.8954  VDWAALS    =      4817.6060
 EELEC  =    -45930.7122  EHBOND  =         0.0000  RESTRAINT  =         0.0000
 EKCMT  =      3395.0309  VIRIAL  =      3837.9121  VOLUME     =    117497.1148
                                                    Density    =         1.0289
 Ewald error estimate:   0.3861E-04
 ------------------------------------------------------------------------------


 NSTEP =    52250   TIME(PS) =    1124.500  TEMP(K) =   302.80  PRESS =  -105.4
 Etot   =    -33116.6643  EKtot   =      7170.0993  EPtot      =    -40286.7636
 BOND   =       154.3351  ANGLE   =       332.4755  DIHED      =       510.5747
 1-4 NB =       170.8592  1-4 EEL =      -350.1603  VDWAALS    =      4835.1868
 EELEC  =    -45940.0346  EHBOND  =         0.0000  RESTRAINT  =         0.0000
 EKCMT  =      3302.2657  VIRIAL  =      3569.6517  VOLUME     =    117486.2591
                                                    Density    =         1.0289
 Ewald error estimate:   0.2464E-04
 ------------------------------------------------------------------------------


 NSTEP =    52500   TIME(PS) =    1125.000  TEMP(K) =   300.75  PRESS =  -156.3
 Etot   =    -33227.8883  EKtot   =      7121.5047  EPtot      =    -40349.3930
 BOND   =       137.9741  ANGLE   =       344.3729  DIHED      =       501.8358
 1-4 NB =       163.5269  1-4 EEL =      -344.0571  VDWAALS    =      4749.8737
 EELEC  =    -45902.9193  EHBOND  =         0.0000  RESTRAINT  =         0.0000
 EKCMT  =      3348.0414  VIRIAL  =      3744.3606  VOLUME     =    117468.4353
                                                    Density    =         1.0291
 Ewald error estimate:   0.1239E-03
 ------------------------------------------------------------------------------


 NSTEP =    52750   TIME(PS) =    1125.500  TEMP(K) =   295.08  PRESS =   398.2
 Etot   =    -33151.6584  EKtot   =      6987.3139  EPtot      =    -40138.9722
 BOND   =       142.1266  ANGLE   =       343.8889  DIHED      =       503.0309
 1-4 NB =       170.1767  1-4 EEL =      -320.6653  VDWAALS    =      4949.5398
 EELEC  =    -45927.0698  EHBOND  =         0.0000  RESTRAINT  =         0.0000
 EKCMT  =      3280.4318  VIRIAL  =      2270.0479  VOLUME     =    117530.5642
                                                    Density    =         1.0286
 Ewald error estimate:   0.1867E-03
 ------------------------------------------------------------------------------


 NSTEP =    53000   TIME(PS) =    1126.000  TEMP(K) =   298.87  PRESS =  -119.6
 Etot   =    -33164.6258  EKtot   =      7076.9536  EPtot      =    -40241.5794
 BOND   =       167.3808  ANGLE   =       349.0543  DIHED      =       505.9075
 1-4 NB =       167.0062  1-4 EEL =      -358.4804  VDWAALS    =      4801.1931
 EELEC  =    -45873.6410  EHBOND  =         0.0000  RESTRAINT  =         0.0000
 EKCMT  =      3332.6915  VIRIAL  =      3636.3077  VOLUME     =    117620.5424
                                                    Density    =         1.0278
 Ewald error estimate:   0.1175E-03
 ------------------------------------------------------------------------------


 NSTEP =    53250   TIME(PS) =    1126.500  TEMP(K) =   302.75  PRESS =   -48.4
 Etot   =    -33112.9367  EKtot   =      7169.0238  EPtot      =    -40281.9605
 BOND   =       145.8927  ANGLE   =       380.4706  DIHED      =       511.0891
 1-4 NB =       168.7237  1-4 EEL =      -385.4169  VDWAALS    =      4799.3970
 EELEC  =    -45902.1167  EHBOND  =         0.0000  RESTRAINT  =         0.0000
 EKCMT  =      3319.5329  VIRIAL  =      3442.2975  VOLUME     =    117515.9333
                                                    Density    =         1.0287
 Ewald error estimate:   0.3429E-03
 ------------------------------------------------------------------------------


 NSTEP =    53500   TIME(PS) =    1127.000  TEMP(K) =   298.33  PRESS =   -46.3
 Etot   =    -33228.8147  EKtot   =      7064.3646  EPtot      =    -40293.1793
 BOND   =       164.6696  ANGLE   =       344.0573  DIHED      =       504.9619
 1-4 NB =       180.2471  1-4 EEL =      -345.1250  VDWAALS    =      4859.3329
 EELEC  =    -46001.3231  EHBOND  =         0.0000  RESTRAINT  =         0.0000
 EKCMT  =      3294.6694  VIRIAL  =      3412.1241  VOLUME     =    117525.3492
                                                    Density    =         1.0286
 Ewald error estimate:   0.5924E-04
 ------------------------------------------------------------------------------


 NSTEP =    53750   TIME(PS) =    1127.500  TEMP(K) =   302.85  PRESS =    57.6
 Etot   =    -33149.3107  EKtot   =      7171.1932  EPtot      =    -40320.5039
 BOND   =       141.0608  ANGLE   =       360.4894  DIHED      =       499.8350
 1-4 NB =       171.1964  1-4 EEL =      -337.5667  VDWAALS    =      4937.3173
 EELEC  =    -46092.8361  EHBOND  =         0.0000  RESTRAINT  =         0.0000
 EKCMT  =      3373.6196  VIRIAL  =      3227.3078  VOLUME     =    117602.6340
                                                    Density    =         1.0279
 Ewald error estimate:   0.4193E-04
 ------------------------------------------------------------------------------


 NSTEP =    54000   TIME(PS) =    1128.000  TEMP(K) =   303.16  PRESS =  -357.8
 Etot   =    -33177.1900  EKtot   =      7178.5329  EPtot      =    -40355.7229
 BOND   =       155.4841  ANGLE   =       354.7962  DIHED      =       506.2177
 1-4 NB =       176.0519  1-4 EEL =      -350.5752  VDWAALS    =      4781.8477
 EELEC  =    -45979.5453  EHBOND  =         0.0000  RESTRAINT  =         0.0000
 EKCMT  =      3324.9078  VIRIAL  =      4232.5524  VOLUME     =    117497.1355
                                                    Density    =         1.0289
 Ewald error estimate:   0.3566E-04
 ------------------------------------------------------------------------------


 NSTEP =    54250   TIME(PS) =    1128.500  TEMP(K) =   301.63  PRESS =    68.3
 Etot   =    -33336.1380  EKtot   =      7142.3393  EPtot      =    -40478.4773
 BOND   =       176.7887  ANGLE   =       345.7941  DIHED      =       505.8541
 1-4 NB =       165.8307  1-4 EEL =      -331.1387  VDWAALS    =      4886.9157
 EELEC  =    -46228.5219  EHBOND  =         0.0000  RESTRAINT  =         0.0000
 EKCMT  =      3372.9136  VIRIAL  =      3199.8569  VOLUME     =    117414.9615
                                                    Density    =         1.0296
 Ewald error estimate:   0.3884E-04
 ------------------------------------------------------------------------------


 NSTEP =    54500   TIME(PS) =    1129.000  TEMP(K) =   296.92  PRESS =    30.2
 Etot   =    -33387.4585  EKtot   =      7030.9213  EPtot      =    -40418.3799
 BOND   =       157.7315  ANGLE   =       346.1646  DIHED      =       501.4187
 1-4 NB =       168.6467  1-4 EEL =      -332.7910  VDWAALS    =      4901.3290
 EELEC  =    -46160.8793  EHBOND  =         0.0000  RESTRAINT  =         0.0000
 EKCMT  =      3278.6075  VIRIAL  =      3202.0579  VOLUME     =    117431.7659
                                                    Density    =         1.0294
 Ewald error estimate:   0.1928E-03
 ------------------------------------------------------------------------------


 NSTEP =    54750   TIME(PS) =    1129.500  TEMP(K) =   292.75  PRESS =  -134.8
 Etot   =    -33469.5453  EKtot   =      6932.1236  EPtot      =    -40401.6689
 BOND   =       146.6896  ANGLE   =       342.6700  DIHED      =       493.6970
 1-4 NB =       172.3534  1-4 EEL =      -333.4320  VDWAALS    =      4869.8038
 EELEC  =    -46093.4506  EHBOND  =         0.0000  RESTRAINT  =         0.0000
 EKCMT  =      3221.5496  VIRIAL  =      3562.6755  VOLUME     =    117241.4447
                                                    Density    =         1.0311
 Ewald error estimate:   0.1940E-03
 ------------------------------------------------------------------------------


 NSTEP =    55000   TIME(PS) =    1130.000  TEMP(K) =   296.80  PRESS =   184.2
 Etot   =    -33396.4585  EKtot   =      7028.0398  EPtot      =    -40424.4982
 BOND   =       164.3348  ANGLE   =       363.6157  DIHED      =       502.9265
 1-4 NB =       169.1754  1-4 EEL =      -356.2547  VDWAALS    =      4878.0817
 EELEC  =    -46146.3776  EHBOND  =         0.0000  RESTRAINT  =         0.0000
 EKCMT  =      3339.8000  VIRIAL  =      2873.9741  VOLUME     =    117150.1823
                                                    Density    =         1.0319
 Ewald error estimate:   0.5133E-04
 ------------------------------------------------------------------------------


 NSTEP =    55250   TIME(PS) =    1130.500  TEMP(K) =   295.48  PRESS =    52.1
 Etot   =    -33448.4147  EKtot   =      6996.7461  EPtot      =    -40445.1607
 BOND   =       158.6210  ANGLE   =       353.7962  DIHED      =       497.6425
 1-4 NB =       166.5790  1-4 EEL =      -339.4281  VDWAALS    =      4851.3933
 EELEC  =    -46133.7647  EHBOND  =         0.0000  RESTRAINT  =         0.0000
 EKCMT  =      3257.9460  VIRIAL  =      3126.4173  VOLUME     =    117001.4912
                                                    Density    =         1.0332
 Ewald error estimate:   0.7194E-04
 ------------------------------------------------------------------------------


 NSTEP =    55500   TIME(PS) =    1131.000  TEMP(K) =   296.00  PRESS =   224.2
 Etot   =    -33436.1814  EKtot   =      7009.1898  EPtot      =    -40445.3713
 BOND   =       149.3577  ANGLE   =       345.8045  DIHED      =       508.7139
 1-4 NB =       163.7235  1-4 EEL =      -325.5945  VDWAALS    =      4938.2538
 EELEC  =    -46225.6302  EHBOND  =         0.0000  RESTRAINT  =         0.0000
 EKCMT  =      3254.0203  VIRIAL  =      2686.9560  VOLUME     =    117122.7242
                                                    Density    =         1.0321
 Ewald error estimate:   0.2593E-03
 ------------------------------------------------------------------------------


 NSTEP =    55750   TIME(PS) =    1131.500  TEMP(K) =   302.88  PRESS =    32.4
 Etot   =    -33273.6605  EKtot   =      7172.1216  EPtot      =    -40445.7821
 BOND   =       173.7763  ANGLE   =       357.0384  DIHED      =       493.5354
 1-4 NB =       170.4599  1-4 EEL =      -339.8483  VDWAALS    =      4950.6723
 EELEC  =    -46251.4162  EHBOND  =         0.0000  RESTRAINT  =         0.0000
 EKCMT  =      3348.4552  VIRIAL  =      3266.6124  VOLUME     =    117048.8332
                                                    Density    =         1.0328
 Ewald error estimate:   0.7381E-04
 ------------------------------------------------------------------------------


 NSTEP =    56000   TIME(PS) =    1132.000  TEMP(K) =   296.04  PRESS =    73.5
 Etot   =    -33366.9266  EKtot   =      7010.1253  EPtot      =    -40377.0519
 BOND   =       149.1812  ANGLE   =       361.1059  DIHED      =       493.0659
 1-4 NB =       169.5476  1-4 EEL =      -343.0174  VDWAALS    =      4862.7476
 EELEC  =    -46069.6826  EHBOND  =         0.0000  RESTRAINT  =         0.0000
 EKCMT  =      3293.7893  VIRIAL  =      3107.8653  VOLUME     =    117100.9605
                                                    Density    =         1.0323
 Ewald error estimate:   0.1948E-03
 ------------------------------------------------------------------------------


 NSTEP =    56250   TIME(PS) =    1132.500  TEMP(K) =   301.95  PRESS =  -124.4
 Etot   =    -33356.7863  EKtot   =      7149.9208  EPtot      =    -40506.7071
 BOND   =       163.5534  ANGLE   =       342.4304  DIHED      =       494.9410
 1-4 NB =       164.9152  1-4 EEL =      -318.5031  VDWAALS    =      4855.3018
 EELEC  =    -46209.3458  EHBOND  =         0.0000  RESTRAINT  =         0.0000
 EKCMT  =      3327.0364  VIRIAL  =      3640.9696  VOLUME     =    116878.8214
                                                    Density    =         1.0343
 Ewald error estimate:   0.1169E-04
 ------------------------------------------------------------------------------


 NSTEP =    56500   TIME(PS) =    1133.000  TEMP(K) =   296.84  PRESS =   580.9
 Etot   =    -33355.1455  EKtot   =      7029.0613  EPtot      =    -40384.2069
 BOND   =       178.2437  ANGLE   =       330.7541  DIHED      =       508.9428
 1-4 NB =       168.3134  1-4 EEL =      -327.9259  VDWAALS    =      5120.2763
 EELEC  =    -46362.8112  EHBOND  =         0.0000  RESTRAINT  =         0.0000
 EKCMT  =      3277.1638  VIRIAL  =      1810.1903  VOLUME     =    116955.7226
                                                    Density    =         1.0336
 Ewald error estimate:   0.1238E-03
 ------------------------------------------------------------------------------


 NSTEP =    56750   TIME(PS) =    1133.500  TEMP(K) =   300.70  PRESS =   148.1
 Etot   =    -33187.4084  EKtot   =      7120.3937  EPtot      =    -40307.8022
 BOND   =       146.8619  ANGLE   =       325.9121  DIHED      =       492.2036
 1-4 NB =       165.7163  1-4 EEL =      -337.0083  VDWAALS    =      4888.9124
 EELEC  =    -45990.4002  EHBOND  =         0.0000  RESTRAINT  =         0.0000
 EKCMT  =      3315.7449  VIRIAL  =      2940.9849  VOLUME     =    117194.8494
                                                    Density    =         1.0315
 Ewald error estimate:   0.7350E-04
 ------------------------------------------------------------------------------


 NSTEP =    57000   TIME(PS) =    1134.000  TEMP(K) =   300.17  PRESS =   -15.2
 Etot   =    -33329.3959  EKtot   =      7107.8967  EPtot      =    -40437.2926
 BOND   =       158.1112  ANGLE   =       373.9843  DIHED      =       487.7822
 1-4 NB =       168.5816  1-4 EEL =      -324.0951  VDWAALS    =      4874.8474
 EELEC  =    -46176.5043  EHBOND  =         0.0000  RESTRAINT  =         0.0000
 EKCMT  =      3355.7532  VIRIAL  =      3394.2629  VOLUME     =    117049.4781
                                                    Density    =         1.0328
 Ewald error estimate:   0.5295E-05
 ------------------------------------------------------------------------------


 NSTEP =    57250   TIME(PS) =    1134.500  TEMP(K) =   297.83  PRESS =     6.4
 Etot   =    -33334.6163  EKtot   =      7052.3375  EPtot      =    -40386.9538
 BOND   =       159.7190  ANGLE   =       364.5743  DIHED      =       498.8675
 1-4 NB =       171.4159  1-4 EEL =      -341.2628  VDWAALS    =      4810.8213
 EELEC  =    -46051.0891  EHBOND  =         0.0000  RESTRAINT  =         0.0000
 EKCMT  =      3232.0369  VIRIAL  =      3215.8001  VOLUME     =    117008.2620
                                                    Density    =         1.0331
 Ewald error estimate:   0.9239E-04
 ------------------------------------------------------------------------------


 NSTEP =    57500   TIME(PS) =    1135.000  TEMP(K) =   297.67  PRESS =   -93.7
 Etot   =    -33398.0808  EKtot   =      7048.7486  EPtot      =    -40446.8294
 BOND   =       181.7987  ANGLE   =       343.9074  DIHED      =       509.2943
 1-4 NB =       171.3042  1-4 EEL =      -329.6670  VDWAALS    =      4849.3722
 EELEC  =    -46172.8392  EHBOND  =         0.0000  RESTRAINT  =         0.0000
 EKCMT  =      3277.0183  VIRIAL  =      3513.4926  VOLUME     =    116935.7624
                                                    Density    =         1.0338
 Ewald error estimate:   0.3224E-03
 ------------------------------------------------------------------------------


 NSTEP =    57750   TIME(PS) =    1135.500  TEMP(K) =   295.64  PRESS =   371.7
 Etot   =    -33446.6496  EKtot   =      7000.5703  EPtot      =    -40447.2199
 BOND   =       178.2248  ANGLE   =       346.1262  DIHED      =       506.9774
 1-4 NB =       162.7455  1-4 EEL =      -346.4362  VDWAALS    =      5078.1352
 EELEC  =    -46372.9927  EHBOND  =         0.0000  RESTRAINT  =         0.0000
 EKCMT  =      3277.8688  VIRIAL  =      2339.8823  VOLUME     =    116874.9495
                                                    Density    =         1.0343
 Ewald error estimate:   0.2550E-03
 ------------------------------------------------------------------------------


 NSTEP =    58000   TIME(PS) =    1136.000  TEMP(K) =   296.04  PRESS =  -486.5
 Etot   =    -33549.8539  EKtot   =      7010.1463  EPtot      =    -40560.0002
 BOND   =       152.5237  ANGLE   =       346.8738  DIHED      =       510.0650
 1-4 NB =       168.4456  1-4 EEL =      -347.0347  VDWAALS    =      4667.7009
 EELEC  =    -46058.5743  EHBOND  =         0.0000  RESTRAINT  =         0.0000
 EKCMT  =      3283.7762  VIRIAL  =      4510.3691  VOLUME     =    116774.3800
                                                    Density    =         1.0352
 Ewald error estimate:   0.8983E-04
 ------------------------------------------------------------------------------


 NSTEP =    58250   TIME(PS) =    1136.500  TEMP(K) =   298.40  PRESS =   168.9
 Etot   =    -33435.1217  EKtot   =      7065.8104  EPtot      =    -40500.9321
 BOND   =       166.0018  ANGLE   =       337.8541  DIHED      =       509.5806
 1-4 NB =       167.4342  1-4 EEL =      -337.6417  VDWAALS    =      4945.7738
 EELEC  =    -46289.9349  EHBOND  =         0.0000  RESTRAINT  =         0.0000
 EKCMT  =      3376.9049  VIRIAL  =      2950.7847  VOLUME     =    116821.2246
                                                    Density    =         1.0348
 Ewald error estimate:   0.7132E-04
 ------------------------------------------------------------------------------


 NSTEP =    58500   TIME(PS) =    1137.000  TEMP(K) =   297.16  PRESS =   218.7
 Etot   =    -33465.4725  EKtot   =      7036.6665  EPtot      =    -40502.1390
 BOND   =       136.1583  ANGLE   =       333.0376  DIHED      =       497.3573
 1-4 NB =       173.3838  1-4 EEL =      -328.1744  VDWAALS    =      5001.6119
 EELEC  =    -46315.5136  EHBOND  =         0.0000  RESTRAINT  =         0.0000
 EKCMT  =      3261.4335  VIRIAL  =      2710.0411  VOLUME     =    116792.2409
                                                    Density    =         1.0351
 Ewald error estimate:   0.1297E-03
 ------------------------------------------------------------------------------


 NSTEP =    58750   TIME(PS) =    1137.500  TEMP(K) =   299.99  PRESS =    66.2
 Etot   =    -33264.6448  EKtot   =      7103.5936  EPtot      =    -40368.2384
 BOND   =       150.9628  ANGLE   =       325.8246  DIHED      =       525.4587
 1-4 NB =       175.2640  1-4 EEL =      -344.2500  VDWAALS    =      4981.1268
 EELEC  =    -46182.6253  EHBOND  =         0.0000  RESTRAINT  =         0.0000
 EKCMT  =      3322.4503  VIRIAL  =      3155.3802  VOLUME     =    116927.7449
                                                    Density    =         1.0339
 Ewald error estimate:   0.6650E-04
 ------------------------------------------------------------------------------


 NSTEP =    59000   TIME(PS) =    1138.000  TEMP(K) =   296.66  PRESS =  -138.5
 Etot   =    -33389.4793  EKtot   =      7024.7637  EPtot      =    -40414.2430
 BOND   =       163.3106  ANGLE   =       345.6622  DIHED      =       512.6692
 1-4 NB =       168.3092  1-4 EEL =      -360.3885  VDWAALS    =      4812.0322
 EELEC  =    -46055.8378  EHBOND  =         0.0000  RESTRAINT  =         0.0000
 EKCMT  =      3329.6879  VIRIAL  =      3679.1317  VOLUME     =    116879.4054
                                                    Density    =         1.0343
 Ewald error estimate:   0.1381E-04
 ------------------------------------------------------------------------------


 NSTEP =    59250   TIME(PS) =    1138.500  TEMP(K) =   298.82  PRESS =   175.1
 Etot   =    -33367.1158  EKtot   =      7075.9870  EPtot      =    -40443.1029
 BOND   =       160.7991  ANGLE   =       351.2556  DIHED      =       495.7001
 1-4 NB =       164.9994  1-4 EEL =      -339.4774  VDWAALS    =      4911.7730
 EELEC  =    -46188.1527  EHBOND  =         0.0000  RESTRAINT  =         0.0000
 EKCMT  =      3290.0421  VIRIAL  =      2847.9563  VOLUME     =    116956.5510
                                                    Density    =         1.0336
 Ewald error estimate:   0.7498E-04
 ------------------------------------------------------------------------------


 NSTEP =    59500   TIME(PS) =    1139.000  TEMP(K) =   298.19  PRESS =  -176.9
 Etot   =    -33374.2259  EKtot   =      7060.8372  EPtot      =    -40435.0631
 BOND   =       151.5378  ANGLE   =       358.8602  DIHED      =       491.9916
 1-4 NB =       165.1331  1-4 EEL =      -351.5546  VDWAALS    =      4721.8173
 EELEC  =    -45972.8485  EHBOND  =         0.0000  RESTRAINT  =         0.0000
 EKCMT  =      3298.6955  VIRIAL  =      3745.0178  VOLUME     =    116844.5331
                                                    Density    =         1.0346
 Ewald error estimate:   0.7775E-04
 ------------------------------------------------------------------------------


 NSTEP =    59750   TIME(PS) =    1139.500  TEMP(K) =   298.26  PRESS =   126.1
 Etot   =    -33414.4485  EKtot   =      7062.7040  EPtot      =    -40477.1525
 BOND   =       157.6062  ANGLE   =       342.4555  DIHED      =       492.3018
 1-4 NB =       176.9885  1-4 EEL =      -340.5541  VDWAALS    =      4894.2319
 EELEC  =    -46200.1823  EHBOND  =         0.0000  RESTRAINT  =         0.0000
 EKCMT  =      3271.0734  VIRIAL  =      2952.8720  VOLUME     =    116826.1818
                                                    Density    =         1.0348
 Ewald error estimate:   0.8955E-04
 ------------------------------------------------------------------------------


 NSTEP =    60000   TIME(PS) =    1140.000  TEMP(K) =   301.68  PRESS =     4.7
 Etot   =    -33313.3517  EKtot   =      7143.5383  EPtot      =    -40456.8900
 BOND   =       148.3863  ANGLE   =       330.3023  DIHED      =       488.9075
 1-4 NB =       165.2226  1-4 EEL =      -337.3871  VDWAALS    =      4816.8193
 EELEC  =    -46069.1409  EHBOND  =         0.0000  RESTRAINT  =         0.0000
 EKCMT  =      3331.6828  VIRIAL  =      3319.7641  VOLUME     =    116813.4628
                                                    Density    =         1.0349
 Ewald error estimate:   0.3473E-03
 ------------------------------------------------------------------------------


 NSTEP =    60250   TIME(PS) =    1140.500  TEMP(K) =   297.90  PRESS =    59.1
 Etot   =    -33303.6704  EKtot   =      7054.1643  EPtot      =    -40357.8347
 BOND   =       153.0854  ANGLE   =       346.0754  DIHED      =       503.4836
 1-4 NB =       168.2175  1-4 EEL =      -342.2645  VDWAALS    =      4967.7627
 EELEC  =    -46154.1948  EHBOND  =         0.0000  RESTRAINT  =         0.0000
 EKCMT  =      3296.8474  VIRIAL  =      3147.8527  VOLUME     =    116810.7532
                                                    Density    =         1.0349
 Ewald error estimate:   0.3323E-04
 ------------------------------------------------------------------------------


 NSTEP =    60500   TIME(PS) =    1141.000  TEMP(K) =   300.75  PRESS =   -11.4
 Etot   =    -33243.9667  EKtot   =      7121.5195  EPtot      =    -40365.4862
 BOND   =       135.4631  ANGLE   =       374.2930  DIHED      =       506.3630
 1-4 NB =       164.1182  1-4 EEL =      -354.8516  VDWAALS    =      4819.1235
 EELEC  =    -46009.9953  EHBOND  =         0.0000  RESTRAINT  =         0.0000
 EKCMT  =      3341.9551  VIRIAL  =      3370.8132  VOLUME     =    116852.0075
                                                    Density    =         1.0345
 Ewald error estimate:   0.8762E-04
 ------------------------------------------------------------------------------


 NSTEP =    60750   TIME(PS) =    1141.500  TEMP(K) =   301.76  PRESS =  -114.7
 Etot   =    -33204.1268  EKtot   =      7145.4451  EPtot      =    -40349.5720
 BOND   =       150.3219  ANGLE   =       371.1915  DIHED      =       475.7358
 1-4 NB =       164.4143  1-4 EEL =      -339.8792  VDWAALS    =      4814.7614
 EELEC  =    -45986.1177  EHBOND  =         0.0000  RESTRAINT  =         0.0000
 EKCMT  =      3310.0164  VIRIAL  =      3599.8658  VOLUME     =    117007.6821
                                                    Density    =         1.0332
 Ewald error estimate:   0.4053E-04
 ------------------------------------------------------------------------------


 NSTEP =    61000   TIME(PS) =    1142.000  TEMP(K) =   298.92  PRESS =   -30.1
 Etot   =    -33239.5853  EKtot   =      7078.2999  EPtot      =    -40317.8852
 BOND   =       158.5733  ANGLE   =       335.0104  DIHED      =       512.7510
 1-4 NB =       165.6430  1-4 EEL =      -333.7096  VDWAALS    =      4894.5862
 EELEC  =    -46050.7397  EHBOND  =         0.0000  RESTRAINT  =         0.0000
 EKCMT  =      3343.5617  VIRIAL  =      3419.6193  VOLUME     =    117066.2748
                                                    Density    =         1.0326
 Ewald error estimate:   0.1790E-03
 ------------------------------------------------------------------------------


 NSTEP =    61250   TIME(PS) =    1142.500  TEMP(K) =   301.64  PRESS =   633.4
 Etot   =    -33185.8790  EKtot   =      7142.6100  EPtot      =    -40328.4889
 BOND   =       154.1796  ANGLE   =       369.4110  DIHED      =       501.0984
 1-4 NB =       169.9809  1-4 EEL =      -336.8570  VDWAALS    =      5143.1373
 EELEC  =    -46329.4393  EHBOND  =         0.0000  RESTRAINT  =         0.0000
 EKCMT  =      3354.7470  VIRIAL  =      1754.2694  VOLUME     =    117027.6386
                                                    Density    =         1.0330
 Ewald error estimate:   0.3997E-04
 ------------------------------------------------------------------------------


 NSTEP =    61500   TIME(PS) =    1143.000  TEMP(K) =   302.79  PRESS =  -112.0
 Etot   =    -33173.8601  EKtot   =      7169.8202  EPtot      =    -40343.6803
 BOND   =       159.5044  ANGLE   =       369.9327  DIHED      =       504.9008
 1-4 NB =       169.5421  1-4 EEL =      -330.4723  VDWAALS    =      4911.6391
 EELEC  =    -46128.7272  EHBOND  =         0.0000  RESTRAINT  =         0.0000
 EKCMT  =      3374.9805  VIRIAL  =      3658.0216  VOLUME     =    117022.6001
                                                    Density    =         1.0330
 Ewald error estimate:   0.5878E-04
 ------------------------------------------------------------------------------


 NSTEP =    61750   TIME(PS) =    1143.500  TEMP(K) =   303.45  PRESS =   284.2
 Etot   =    -33124.1625  EKtot   =      7185.4442  EPtot      =    -40309.6067
 BOND   =       157.0858  ANGLE   =       345.1949  DIHED      =       513.6842
 1-4 NB =       170.8210  1-4 EEL =      -314.2418  VDWAALS    =      4962.1813
 EELEC  =    -46144.3323  EHBOND  =         0.0000  RESTRAINT  =         0.0000
 EKCMT  =      3328.9516  VIRIAL  =      2609.1571  VOLUME     =    117310.7526
                                                    Density    =         1.0305
 Ewald error estimate:   0.1442E-03
 ------------------------------------------------------------------------------


 NSTEP =    62000   TIME(PS) =    1144.000  TEMP(K) =   303.59  PRESS =   -94.0
 Etot   =    -33200.3354  EKtot   =      7188.8111  EPtot      =    -40389.1465
 BOND   =       168.6748  ANGLE   =       328.1249  DIHED      =       499.4080
 1-4 NB =       166.7295  1-4 EEL =      -340.7271  VDWAALS    =      4814.1617
 EELEC  =    -46025.5183  EHBOND  =         0.0000  RESTRAINT  =         0.0000
 EKCMT  =      3365.8546  VIRIAL  =      3604.0537  VOLUME     =    117328.8759
                                                    Density    =         1.0303
 Ewald error estimate:   0.2362E-03
 ------------------------------------------------------------------------------


 NSTEP =    62250   TIME(PS) =    1144.500  TEMP(K) =   302.72  PRESS =   -60.5
 Etot   =    -33179.8059  EKtot   =      7168.2850  EPtot      =    -40348.0910
 BOND   =       177.2020  ANGLE   =       329.5852  DIHED      =       500.2738
 1-4 NB =       161.5333  1-4 EEL =      -352.5871  VDWAALS    =      4724.1431
 EELEC  =    -45888.2412  EHBOND  =         0.0000  RESTRAINT  =         0.0000
 EKCMT  =      3315.4930  VIRIAL  =      3468.6531  VOLUME     =    117199.1432
                                                    Density    =         1.0315
 Ewald error estimate:   0.2609E-04
 ------------------------------------------------------------------------------


 NSTEP =    62500   TIME(PS) =    1145.000  TEMP(K) =   303.04  PRESS =   -21.3
 Etot   =    -33146.0714  EKtot   =      7175.6801  EPtot      =    -40321.7515
 BOND   =       149.0826  ANGLE   =       354.4924  DIHED      =       495.0047
 1-4 NB =       175.8430  1-4 EEL =      -325.2418  VDWAALS    =      4900.2825
 EELEC  =    -46071.2149  EHBOND  =         0.0000  RESTRAINT  =         0.0000
 EKCMT  =      3389.5546  VIRIAL  =      3443.5865  VOLUME     =    117259.6886
                                                    Density    =         1.0309
 Ewald error estimate:   0.3550E-04
 ------------------------------------------------------------------------------


 NSTEP =    62750   TIME(PS) =    1145.500  TEMP(K) =   302.96  PRESS =   -33.1
 Etot   =    -33224.3703  EKtot   =      7173.8661  EPtot      =    -40398.2364
 BOND   =       157.7771  ANGLE   =       357.9402  DIHED      =       501.1732
 1-4 NB =       169.2055  1-4 EEL =      -330.5662  VDWAALS    =      4857.2505
 EELEC  =    -46111.0167  EHBOND  =         0.0000  RESTRAINT  =         0.0000
 EKCMT  =      3383.4192  VIRIAL  =      3467.2907  VOLUME     =    117293.9432
                                                    Density    =         1.0306
 Ewald error estimate:   0.1445E-03
 ------------------------------------------------------------------------------


 NSTEP =    63000   TIME(PS) =    1146.000  TEMP(K) =   305.51  PRESS =    99.9
 Etot   =    -33221.0552  EKtot   =      7234.1981  EPtot      =    -40455.2533
 BOND   =       129.2351  ANGLE   =       349.9452  DIHED      =       510.8578
 1-4 NB =       165.6212  1-4 EEL =      -319.8594  VDWAALS    =      4882.5611
 EELEC  =    -46173.6143  EHBOND  =         0.0000  RESTRAINT  =         0.0000
 EKCMT  =      3348.1504  VIRIAL  =      3095.4786  VOLUME     =    117190.7310
                                                    Density    =         1.0315
 Ewald error estimate:   0.1962E-03
 ------------------------------------------------------------------------------


 NSTEP =    63250   TIME(PS) =    1146.500  TEMP(K) =   300.47  PRESS =   -10.5
 Etot   =    -33263.9298  EKtot   =      7114.9073  EPtot      =    -40378.8371
 BOND   =       158.0567  ANGLE   =       354.2451  DIHED      =       496.5771
 1-4 NB =       176.0116  1-4 EEL =      -326.9408  VDWAALS    =      4921.1749
 EELEC  =    -46157.9617  EHBOND  =         0.0000  RESTRAINT  =         0.0000
 EKCMT  =      3362.2438  VIRIAL  =      3388.8090  VOLUME     =    117275.3920
                                                    Density    =         1.0308
 Ewald error estimate:   0.2342E-04
 ------------------------------------------------------------------------------


 NSTEP =    63500   TIME(PS) =    1147.000  TEMP(K) =   298.88  PRESS =   194.1
 Etot   =    -33217.0613  EKtot   =      7077.4022  EPtot      =    -40294.4636
 BOND   =       169.4908  ANGLE   =       332.2202  DIHED      =       510.6042
 1-4 NB =       179.7520  1-4 EEL =      -368.7105  VDWAALS    =      4946.4600
 EELEC  =    -46064.2802  EHBOND  =         0.0000  RESTRAINT  =         0.0000
 EKCMT  =      3302.8270  VIRIAL  =      2811.4292  VOLUME     =    117252.5460
                                                    Density    =         1.0310
 Ewald error estimate:   0.9114E-04
 ------------------------------------------------------------------------------


 NSTEP =    63750   TIME(PS) =    1147.500  TEMP(K) =   300.83  PRESS =   329.0
 Etot   =    -33264.8675  EKtot   =      7123.5241  EPtot      =    -40388.3916
 BOND   =       163.2759  ANGLE   =       345.9305  DIHED      =       517.7103
 1-4 NB =       164.1801  1-4 EEL =      -346.6067  VDWAALS    =      4951.5507
 EELEC  =    -46184.4324  EHBOND  =         0.0000  RESTRAINT  =         0.0000
 EKCMT  =      3306.3960  VIRIAL  =      2474.3438  VOLUME     =    117128.4610
                                                    Density    =         1.0321
 Ewald error estimate:   0.3306E-04
 ------------------------------------------------------------------------------


 NSTEP =    64000   TIME(PS) =    1148.000  TEMP(K) =   299.09  PRESS =   224.8
 Etot   =    -33335.5324  EKtot   =      7082.2553  EPtot      =    -40417.7876
 BOND   =       143.2297  ANGLE   =       325.5821  DIHED      =       506.9121
 1-4 NB =       173.4157  1-4 EEL =      -331.9417  VDWAALS    =      5006.3121
 EELEC  =    -46241.2977  EHBOND  =         0.0000  RESTRAINT  =         0.0000
 EKCMT  =      3272.4940  VIRIAL  =      2703.7708  VOLUME     =    117189.8041
                                                    Density    =         1.0315
 Ewald error estimate:   0.3866E-04
 ------------------------------------------------------------------------------


 NSTEP =    64250   TIME(PS) =    1148.500  TEMP(K) =   300.25  PRESS =   -58.6
 Etot   =    -33366.4319  EKtot   =      7109.7677  EPtot      =    -40476.1996
 BOND   =       136.0814  ANGLE   =       339.8587  DIHED      =       513.8262
 1-4 NB =       175.4259  1-4 EEL =      -342.7771  VDWAALS    =      4835.8238
 EELEC  =    -46134.4385  EHBOND  =         0.0000  RESTRAINT  =         0.0000
 EKCMT  =      3373.8756  VIRIAL  =      3522.3946  VOLUME     =    117340.0235
                                                    Density    =         1.0302
 Ewald error estimate:   0.2994E-03
 ------------------------------------------------------------------------------


 NSTEP =    64500   TIME(PS) =    1149.000  TEMP(K) =   298.95  PRESS =    20.2
 Etot   =    -33381.7638  EKtot   =      7078.8494  EPtot      =    -40460.6131
 BOND   =       142.0053  ANGLE   =       357.9944  DIHED      =       523.3306
 1-4 NB =       168.5669  1-4 EEL =      -345.3774  VDWAALS    =      4940.7196
 EELEC  =    -46247.8526  EHBOND  =         0.0000  RESTRAINT  =         0.0000
 EKCMT  =      3356.8601  VIRIAL  =      3305.7460  VOLUME     =    117078.3933
                                                    Density    =         1.0325
 Ewald error estimate:   0.9413E-04
 ------------------------------------------------------------------------------


 NSTEP =    64750   TIME(PS) =    1149.500  TEMP(K) =   292.80  PRESS =  -145.2
 Etot   =    -33391.6525  EKtot   =      6933.3448  EPtot      =    -40324.9972
 BOND   =       161.7445  ANGLE   =       357.4253  DIHED      =       508.9866
 1-4 NB =       165.0749  1-4 EEL =      -350.3141  VDWAALS    =      4732.4891
 EELEC  =    -45900.4036  EHBOND  =         0.0000  RESTRAINT  =         0.0000
 EKCMT  =      3254.2961  VIRIAL  =      3621.4817  VOLUME     =    117090.2520
                                                    Density    =         1.0324
 Ewald error estimate:   0.1474E-04
 ------------------------------------------------------------------------------


 NSTEP =    65000   TIME(PS) =    1150.000  TEMP(K) =   298.54  PRESS =   115.5
 Etot   =    -33416.2289  EKtot   =      7069.2886  EPtot      =    -40485.5175
 BOND   =       140.2058  ANGLE   =       344.7106  DIHED      =       506.7618
 1-4 NB =       169.5489  1-4 EEL =      -348.9540  VDWAALS    =      4859.4936
 EELEC  =    -46157.2844  EHBOND  =         0.0000  RESTRAINT  =         0.0000
 EKCMT  =      3306.8462  VIRIAL  =      3014.7928  VOLUME     =    117118.9189
                                                    Density    =         1.0322
 Ewald error estimate:   0.2168E-03
 ------------------------------------------------------------------------------


 NSTEP =    65250   TIME(PS) =    1150.500  TEMP(K) =   301.84  PRESS =  -348.2
 Etot   =    -33399.2501  EKtot   =      7147.4987  EPtot      =    -40546.7487
 BOND   =       143.9181  ANGLE   =       342.4506  DIHED      =       502.9649
 1-4 NB =       168.3282  1-4 EEL =      -339.9842  VDWAALS    =      4727.2770
 EELEC  =    -46091.7035  EHBOND  =         0.0000  RESTRAINT  =         0.0000
 EKCMT  =      3389.6268  VIRIAL  =      4271.6507  VOLUME     =    117306.6938
                                                    Density    =         1.0305
 Ewald error estimate:   0.9313E-05
 ------------------------------------------------------------------------------


 NSTEP =    65500   TIME(PS) =    1151.000  TEMP(K) =   303.58  PRESS =  -154.2
 Etot   =    -33309.2580  EKtot   =      7188.6945  EPtot      =    -40497.9525
 BOND   =       163.9566  ANGLE   =       366.5065  DIHED      =       509.7467
 1-4 NB =       163.2307  1-4 EEL =      -333.4175  VDWAALS    =      4847.6797
 EELEC  =    -46215.6552  EHBOND  =         0.0000  RESTRAINT  =         0.0000
 EKCMT  =      3362.9582  VIRIAL  =      3753.0490  VOLUME     =    117165.6913
                                                    Density    =         1.0318
 Ewald error estimate:   0.1111E-03
 ------------------------------------------------------------------------------


 NSTEP =    65750   TIME(PS) =    1151.500  TEMP(K) =   299.90  PRESS =  -466.8
 Etot   =    -33336.7171  EKtot   =      7101.4088  EPtot      =    -40438.1259
 BOND   =       155.7196  ANGLE   =       336.4590  DIHED      =       495.8348
 1-4 NB =       166.9826  1-4 EEL =      -320.1832  VDWAALS    =      4711.0741
 EELEC  =    -45984.0128  EHBOND  =         0.0000  RESTRAINT  =         0.0000
 EKCMT  =      3337.6267  VIRIAL  =      4518.2985  VOLUME     =    117142.5466
                                                    Density    =         1.0320
 Ewald error estimate:   0.4417E-04
 ------------------------------------------------------------------------------


 NSTEP =    66000   TIME(PS) =    1152.000  TEMP(K) =   296.91  PRESS =   160.6
 Etot   =    -33269.2477  EKtot   =      7030.5384  EPtot      =    -40299.7861
 BOND   =       146.1893  ANGLE   =       352.4367  DIHED      =       508.5623
 1-4 NB =       173.5417  1-4 EEL =      -342.2099  VDWAALS    =      4899.3103
 EELEC  =    -46037.6166  EHBOND  =         0.0000  RESTRAINT  =         0.0000
 EKCMT  =      3252.0064  VIRIAL  =      2845.7813  VOLUME     =    117167.8672
                                                    Density    =         1.0317
 Ewald error estimate:   0.3831E-04
 ------------------------------------------------------------------------------


 NSTEP =    66250   TIME(PS) =    1152.500  TEMP(K) =   302.07  PRESS =   161.5
 Etot   =    -33231.7215  EKtot   =      7152.8253  EPtot      =    -40384.5469
 BOND   =       171.6469  ANGLE   =       334.2579  DIHED      =       510.1133
 1-4 NB =       169.6035  1-4 EEL =      -329.3362  VDWAALS    =      5007.2056
 EELEC  =    -46248.0379  EHBOND  =         0.0000  RESTRAINT  =         0.0000
 EKCMT  =      3377.3222  VIRIAL  =      2968.4891  VOLUME     =    117231.3811
                                                    Density    =         1.0312
 Ewald error estimate:   0.1875E-03
 ------------------------------------------------------------------------------


 NSTEP =    66500   TIME(PS) =    1153.000  TEMP(K) =   303.14  PRESS =   312.4
 Etot   =    -33219.0536  EKtot   =      7178.0679  EPtot      =    -40397.1215
 BOND   =       162.5585  ANGLE   =       319.2688  DIHED      =       497.6146
 1-4 NB =       172.7237  1-4 EEL =      -317.0457  VDWAALS    =      4939.6450
 EELEC  =    -46171.8863  EHBOND  =         0.0000  RESTRAINT  =         0.0000
 EKCMT  =      3387.9737  VIRIAL  =      2595.3716  VOLUME     =    117490.5505
                                                    Density    =         1.0289
 Ewald error estimate:   0.1934E-03
 ------------------------------------------------------------------------------


 NSTEP =    66750   TIME(PS) =    1153.500  TEMP(K) =   302.33  PRESS =   -93.5
 Etot   =    -33306.3119  EKtot   =      7158.8693  EPtot      =    -40465.1812
 BOND   =       141.5415  ANGLE   =       338.3871  DIHED      =       509.7341
 1-4 NB =       178.4882  1-4 EEL =      -347.1119  VDWAALS    =      4866.9439
 EELEC  =    -46153.1641  EHBOND  =         0.0000  RESTRAINT  =         0.0000
 EKCMT  =      3360.6380  VIRIAL  =      3597.6566  VOLUME     =    117441.1388
                                                    Density    =         1.0293
 Ewald error estimate:   0.1414E-04
 ------------------------------------------------------------------------------


 NSTEP =    67000   TIME(PS) =    1154.000  TEMP(K) =   297.21  PRESS =  -138.7
 Etot   =    -33313.0133  EKtot   =      7037.8245  EPtot      =    -40350.8378
 BOND   =       165.2375  ANGLE   =       327.8679  DIHED      =       508.2051
 1-4 NB =       168.9862  1-4 EEL =      -346.9262  VDWAALS    =      4890.7450
 EELEC  =    -46064.9532  EHBOND  =         0.0000  RESTRAINT  =         0.0000
 EKCMT  =      3313.6524  VIRIAL  =      3665.1412  VOLUME     =    117344.5760
                                                    Density    =         1.0302
 Ewald error estimate:   0.9348E-04
 ------------------------------------------------------------------------------


 NSTEP =    67250   TIME(PS) =    1154.500  TEMP(K) =   302.20  PRESS =  -366.1
 Etot   =    -33242.1206  EKtot   =      7155.9988  EPtot      =    -40398.1195
 BOND   =       155.5552  ANGLE   =       332.4388  DIHED      =       499.3537
 1-4 NB =       162.8853  1-4 EEL =      -319.8344  VDWAALS    =      4705.6222
 EELEC  =    -45934.1403  EHBOND  =         0.0000  RESTRAINT  =         0.0000
 EKCMT  =      3345.3590  VIRIAL  =      4273.0567  VOLUME     =    117355.3232
                                                    Density    =         1.0301
 Ewald error estimate:   0.1067E-03
 ------------------------------------------------------------------------------


 NSTEP =    67500   TIME(PS) =    1155.000  TEMP(K) =   300.17  PRESS =   -36.4
 Etot   =    -33193.0659  EKtot   =      7107.9333  EPtot      =    -40300.9992
 BOND   =       158.7254  ANGLE   =       360.9754  DIHED      =       504.8826
 1-4 NB =       168.1922  1-4 EEL =      -355.6071  VDWAALS    =      4820.3461
 EELEC  =    -45958.5138  EHBOND  =         0.0000  RESTRAINT  =         0.0000
 EKCMT  =      3329.3673  VIRIAL  =      3421.5803  VOLUME     =    117190.7972
                                                    Density    =         1.0315
 Ewald error estimate:   0.2086E-04
 ------------------------------------------------------------------------------


 NSTEP =    67750   TIME(PS) =    1155.500  TEMP(K) =   303.70  PRESS =   277.4
 Etot   =    -33134.6037  EKtot   =      7191.5293  EPtot      =    -40326.1330
 BOND   =       144.0150  ANGLE   =       336.3250  DIHED      =       506.9003
 1-4 NB =       168.7922  1-4 EEL =      -324.5601  VDWAALS    =      4952.6900
 EELEC  =    -46110.2954  EHBOND  =         0.0000  RESTRAINT  =         0.0000
 EKCMT  =      3327.0571  VIRIAL  =      2624.7995  VOLUME     =    117266.0350
                                                    Density    =         1.0309
 Ewald error estimate:   0.1005E-03
 ------------------------------------------------------------------------------


 NSTEP =    68000   TIME(PS) =    1156.000  TEMP(K) =   300.42  PRESS =   148.3
 Etot   =    -33288.8648  EKtot   =      7113.7636  EPtot      =    -40402.6285
 BOND   =       160.2501  ANGLE   =       364.1030  DIHED      =       485.4128
 1-4 NB =       168.5273  1-4 EEL =      -321.6636  VDWAALS    =      4978.4013
 EELEC  =    -46237.6593  EHBOND  =         0.0000  RESTRAINT  =         0.0000
 EKCMT  =      3351.3985  VIRIAL  =      2975.5059  VOLUME     =    117420.0059
                                                    Density    =         1.0295
 Ewald error estimate:   0.1940E-04
 ------------------------------------------------------------------------------


 NSTEP =    68250   TIME(PS) =    1156.500  TEMP(K) =   295.73  PRESS =  -265.1
 Etot   =    -33420.8204  EKtot   =      7002.7448  EPtot      =    -40423.5652
 BOND   =       149.6720  ANGLE   =       308.0820  DIHED      =       517.1867
 1-4 NB =       171.8697  1-4 EEL =      -324.9854  VDWAALS    =      4904.2144
 EELEC  =    -46149.6047  EHBOND  =         0.0000  RESTRAINT  =         0.0000
 EKCMT  =      3291.0520  VIRIAL  =      3963.3553  VOLUME     =    117451.7912
                                                    Density    =         1.0292
 Ewald error estimate:   0.1009E-03
 ------------------------------------------------------------------------------


 NSTEP =    68500   TIME(PS) =    1157.000  TEMP(K) =   296.23  PRESS =  -115.3
 Etot   =    -33417.5413  EKtot   =      7014.4246  EPtot      =    -40431.9659
 BOND   =       159.0236  ANGLE   =       346.2017  DIHED      =       492.2440
 1-4 NB =       168.6905  1-4 EEL =      -326.1638  VDWAALS    =      4896.4823
 EELEC  =    -46168.4442  EHBOND  =         0.0000  RESTRAINT  =         0.0000
 EKCMT  =      3266.6630  VIRIAL  =      3558.9235  VOLUME     =    117393.2735
                                                    Density    =         1.0298
 Ewald error estimate:   0.6079E-05
 ------------------------------------------------------------------------------


 NSTEP =    68750   TIME(PS) =    1157.500  TEMP(K) =   299.25  PRESS =   162.5
 Etot   =    -33330.6339  EKtot   =      7085.9679  EPtot      =    -40416.6018
 BOND   =       139.5567  ANGLE   =       336.4754  DIHED      =       512.7499
 1-4 NB =       167.1681  1-4 EEL =      -336.7729  VDWAALS    =      4992.4854
 EELEC  =    -46228.2643  EHBOND  =         0.0000  RESTRAINT  =         0.0000
 EKCMT  =      3323.6131  VIRIAL  =      2912.1832  VOLUME     =    117273.6946
                                                    Density    =         1.0308
 Ewald error estimate:   0.5743E-04
 ------------------------------------------------------------------------------


 NSTEP =    69000   TIME(PS) =    1158.000  TEMP(K) =   305.43  PRESS =   -74.4
 Etot   =    -33273.5526  EKtot   =      7232.4069  EPtot      =    -40505.9596
 BOND   =       151.5094  ANGLE   =       343.1684  DIHED      =       506.2588
 1-4 NB =       167.1287  1-4 EEL =      -327.8618  VDWAALS    =      4947.8721
 EELEC  =    -46294.0352  EHBOND  =         0.0000  RESTRAINT  =         0.0000
 EKCMT  =      3383.3224  VIRIAL  =      3571.7047  VOLUME     =    117206.0727
                                                    Density    =         1.0314
 Ewald error estimate:   0.1385E-03
 ------------------------------------------------------------------------------


 NSTEP =    69250   TIME(PS) =    1158.500  TEMP(K) =   297.35  PRESS =   275.6
 Etot   =    -33176.5564  EKtot   =      7041.0882  EPtot      =    -40217.6446
 BOND   =       160.2113  ANGLE   =       339.5614  DIHED      =       513.4318
 1-4 NB =       173.1414  1-4 EEL =      -341.9448  VDWAALS    =      4842.2560
 EELEC  =    -45904.3017  EHBOND  =         0.0000  RESTRAINT  =         0.0000
 EKCMT  =      3337.0211  VIRIAL  =      2640.1353  VOLUME     =    117124.3847
                                                    Density    =         1.0321
 Ewald error estimate:   0.1027E-03
 ------------------------------------------------------------------------------


 NSTEP =    69500   TIME(PS) =    1159.000  TEMP(K) =   298.13  PRESS =  -343.6
 Etot   =    -33156.7170  EKtot   =      7059.4668  EPtot      =    -40216.1838
 BOND   =       148.6805  ANGLE   =       353.9755  DIHED      =       500.2010
 1-4 NB =       171.8581  1-4 EEL =      -337.1904  VDWAALS    =      4741.9911
 EELEC  =    -45795.6995  EHBOND  =         0.0000  RESTRAINT  =         0.0000
 EKCMT  =      3325.1666  VIRIAL  =      4195.1062  VOLUME     =    117275.5779
                                                    Density    =         1.0308
 Ewald error estimate:   0.1920E-03
 ------------------------------------------------------------------------------


 NSTEP =    69750   TIME(PS) =    1159.500  TEMP(K) =   300.52  PRESS =   -31.6
 Etot   =    -33078.6345  EKtot   =      7116.2260  EPtot      =    -40194.8606
 BOND   =       145.3885  ANGLE   =       325.6227  DIHED      =       500.1135
 1-4 NB =       180.4203  1-4 EEL =      -309.6775  VDWAALS    =      4855.0500
 EELEC  =    -45891.7781  EHBOND  =         0.0000  RESTRAINT  =         0.0000
 EKCMT  =      3309.3991  VIRIAL  =      3389.4688  VOLUME     =    117177.3942
                                                    Density    =         1.0317
 Ewald error estimate:   0.5080E-04
 ------------------------------------------------------------------------------


 NSTEP =    70000   TIME(PS) =    1160.000  TEMP(K) =   300.34  PRESS =  -254.1
 Etot   =    -33142.2961  EKtot   =      7111.9493  EPtot      =    -40254.2454
 BOND   =       144.3097  ANGLE   =       352.0375  DIHED      =       503.0485
 1-4 NB =       163.6564  1-4 EEL =      -356.4092  VDWAALS    =      4633.4989
 EELEC  =    -45694.3873  EHBOND  =         0.0000  RESTRAINT  =         0.0000
 EKCMT  =      3320.7352  VIRIAL  =      3963.5924  VOLUME     =    117168.6202
                                                    Density    =         1.0317
 Ewald error estimate:   0.1440E-03
 ------------------------------------------------------------------------------


 NSTEP =    70250   TIME(PS) =    1160.500  TEMP(K) =   302.55  PRESS =  -138.6
 Etot   =    -33122.2220  EKtot   =      7164.2633  EPtot      =    -40286.4853
 BOND   =       148.2090  ANGLE   =       361.7576  DIHED      =       515.9467
 1-4 NB =       165.9298  1-4 EEL =      -321.7151  VDWAALS    =      4859.7071
 EELEC  =    -46016.3204  EHBOND  =         0.0000  RESTRAINT  =         0.0000
 EKCMT  =      3346.1274  VIRIAL  =      3696.9928  VOLUME     =    117221.5741
                                                    Density    =         1.0313
 Ewald error estimate:   0.3346E-04
 ------------------------------------------------------------------------------


 NSTEP =    70500   TIME(PS) =    1161.000  TEMP(K) =   302.97  PRESS =  -247.2
 Etot   =    -33201.6444  EKtot   =      7174.0420  EPtot      =    -40375.6864
 BOND   =       152.9762  ANGLE   =       341.5854  DIHED      =       502.5944
 1-4 NB =       171.5584  1-4 EEL =      -323.7619  VDWAALS    =      4707.6942
 EELEC  =    -45928.3330  EHBOND  =         0.0000  RESTRAINT  =         0.0000
 EKCMT  =      3305.5495  VIRIAL  =      3931.0783  VOLUME     =    117211.0262
                                                    Density    =         1.0314
 Ewald error estimate:   0.2014E-03
 ------------------------------------------------------------------------------


 NSTEP =    70750   TIME(PS) =    1161.500  TEMP(K) =   298.83  PRESS =  -142.2
 Etot   =    -33345.4799  EKtot   =      7076.0983  EPtot      =    -40421.5782
 BOND   =       155.4654  ANGLE   =       328.9198  DIHED      =       496.2700
 1-4 NB =       170.9701  1-4 EEL =      -324.6195  VDWAALS    =      4742.5042
 EELEC  =    -45991.0883  EHBOND  =         0.0000  RESTRAINT  =         0.0000
 EKCMT  =      3198.4246  VIRIAL  =      3558.5121  VOLUME     =    117263.1630
                                                    Density    =         1.0309
 Ewald error estimate:   0.6811E-04
 ------------------------------------------------------------------------------


 NSTEP =    71000   TIME(PS) =    1162.000  TEMP(K) =   297.96  PRESS =  -422.8
 Etot   =    -33284.2297  EKtot   =      7055.6112  EPtot      =    -40339.8409
 BOND   =       152.3213  ANGLE   =       333.6055  DIHED      =       509.2010
 1-4 NB =       167.9361  1-4 EEL =      -345.0718  VDWAALS    =      4703.3195
 EELEC  =    -45861.1526  EHBOND  =         0.0000  RESTRAINT  =         0.0000
 EKCMT  =      3331.9933  VIRIAL  =      4402.1978  VOLUME     =    117226.1853
                                                    Density    =         1.0312
 Ewald error estimate:   0.5075E-04
 ------------------------------------------------------------------------------


 NSTEP =    71250   TIME(PS) =    1162.500  TEMP(K) =   303.03  PRESS =    -4.2
 Etot   =    -33233.7234  EKtot   =      7175.6773  EPtot      =    -40409.4006
 BOND   =       164.3459  ANGLE   =       360.7545  DIHED      =       494.2241
 1-4 NB =       176.2812  1-4 EEL =      -353.3641  VDWAALS    =      4872.8550
 EELEC  =    -46124.4973  EHBOND  =         0.0000  RESTRAINT  =         0.0000
 EKCMT  =      3394.1236  VIRIAL  =      3404.7282  VOLUME     =    117208.5838
                                                    Density    =         1.0314
 Ewald error estimate:   0.1387E-03
 ------------------------------------------------------------------------------


 NSTEP =    71500   TIME(PS) =    1163.000  TEMP(K) =   299.70  PRESS =  -328.4
 Etot   =    -33258.1853  EKtot   =      7096.6578  EPtot      =    -40354.8431
 BOND   =       147.6696  ANGLE   =       345.0123  DIHED      =       502.4390
 1-4 NB =       162.3317  1-4 EEL =      -327.8917  VDWAALS    =      4723.2742
 EELEC  =    -45907.6782  EHBOND  =         0.0000  RESTRAINT  =         0.0000
 EKCMT  =      3357.8538  VIRIAL  =      4189.3026  VOLUME     =    117257.7337
                                                    Density    =         1.0310
 Ewald error estimate:   0.2057E-03
 ------------------------------------------------------------------------------


 NSTEP =    71750   TIME(PS) =    1163.500  TEMP(K) =   302.62  PRESS =    94.7
 Etot   =    -33191.1602  EKtot   =      7165.8449  EPtot      =    -40357.0051
 BOND   =       141.9734  ANGLE   =       318.0116  DIHED      =       498.5214
 1-4 NB =       172.8657  1-4 EEL =      -331.0775  VDWAALS    =      4826.9783
 EELEC  =    -45984.2780  EHBOND  =         0.0000  RESTRAINT  =         0.0000
 EKCMT  =      3412.0170  VIRIAL  =      3172.8203  VOLUME     =    117035.8273
                                                    Density    =         1.0329
 Ewald error estimate:   0.2780E-04
 ------------------------------------------------------------------------------


 NSTEP =    72000   TIME(PS) =    1164.000  TEMP(K) =   300.49  PRESS =  -126.8
 Etot   =    -33183.9668  EKtot   =      7115.3927  EPtot      =    -40299.3595
 BOND   =       127.6916  ANGLE   =       336.4913  DIHED      =       494.5583
 1-4 NB =       168.8847  1-4 EEL =      -334.6668  VDWAALS    =      4677.7528
 EELEC  =    -45770.0715  EHBOND  =         0.0000  RESTRAINT  =         0.0000
 EKCMT  =      3302.4076  VIRIAL  =      3622.7505  VOLUME     =    116962.6574
                                                    Density    =         1.0336
 Ewald error estimate:   0.2594E-04
 ------------------------------------------------------------------------------


 NSTEP =    72250   TIME(PS) =    1164.500  TEMP(K) =   301.79  PRESS =  -151.1
 Etot   =    -33246.4066  EKtot   =      7146.3135  EPtot      =    -40392.7201
 BOND   =       145.4546  ANGLE   =       337.9943  DIHED      =       515.6222
 1-4 NB =       178.7973  1-4 EEL =      -335.8853  VDWAALS    =      4891.6036
 EELEC  =    -46126.3068  EHBOND  =         0.0000  RESTRAINT  =         0.0000
 EKCMT  =      3319.5512  VIRIAL  =      3701.6043  VOLUME     =    117114.2104
                                                    Density    =         1.0322
 Ewald error estimate:   0.1856E-03
 ------------------------------------------------------------------------------


 NSTEP =    72500   TIME(PS) =    1165.000  TEMP(K) =   300.15  PRESS =    77.7
 Etot   =    -33223.4126  EKtot   =      7107.3353  EPtot      =    -40330.7479
 BOND   =       150.9058  ANGLE   =       343.8876  DIHED      =       500.1171
 1-4 NB =       169.1605  1-4 EEL =      -341.2634  VDWAALS    =      4824.9222
 EELEC  =    -45978.4778  EHBOND  =         0.0000  RESTRAINT  =         0.0000
 EKCMT  =      3312.2032  VIRIAL  =      3115.6166  VOLUME     =    117188.6175
                                                    Density    =         1.0316
 Ewald error estimate:   0.1207E-03
 ------------------------------------------------------------------------------


 NSTEP =    72750   TIME(PS) =    1165.500  TEMP(K) =   301.32  PRESS =    85.5
 Etot   =    -33243.5696  EKtot   =      7135.0203  EPtot      =    -40378.5899
 BOND   =       150.3457  ANGLE   =       328.7606  DIHED      =       485.9529
 1-4 NB =       164.5327  1-4 EEL =      -339.9942  VDWAALS    =      4883.7004
 EELEC  =    -46051.8880  EHBOND  =         0.0000  RESTRAINT  =         0.0000
 EKCMT  =      3313.5391  VIRIAL  =      3097.1769  VOLUME     =    117269.2533
                                                    Density    =         1.0308
 Ewald error estimate:   0.2380E-04
 ------------------------------------------------------------------------------


 NSTEP =    73000   TIME(PS) =    1166.000  TEMP(K) =   295.05  PRESS =  -157.7
 Etot   =    -33297.9262  EKtot   =      6986.5778  EPtot      =    -40284.5040
 BOND   =       156.0058  ANGLE   =       360.5168  DIHED      =       503.2857
 1-4 NB =       174.3615  1-4 EEL =      -327.8853  VDWAALS    =      4724.5103
 EELEC  =    -45875.2988  EHBOND  =         0.0000  RESTRAINT  =         0.0000
 EKCMT  =      3246.6700  VIRIAL  =      3646.3907  VOLUME     =    117360.5960
                                                    Density    =         1.0300
 Ewald error estimate:   0.1234E-03
 ------------------------------------------------------------------------------


 NSTEP =    73250   TIME(PS) =    1166.500  TEMP(K) =   302.18  PRESS =  -126.7
 Etot   =    -33334.5439  EKtot   =      7155.3346  EPtot      =    -40489.8785
 BOND   =       151.1975  ANGLE   =       336.0394  DIHED      =       503.7400
 1-4 NB =       173.0788  1-4 EEL =      -339.4454  VDWAALS    =      4816.7261
 EELEC  =    -46131.2150  EHBOND  =         0.0000  RESTRAINT  =         0.0000
 EKCMT  =      3338.0133  VIRIAL  =      3658.9912  VOLUME     =    117332.3511
                                                    Density    =         1.0303
 Ewald error estimate:   0.2489E-04
 ------------------------------------------------------------------------------


 NSTEP =    73500   TIME(PS) =    1167.000  TEMP(K) =   304.80  PRESS =    26.2
 Etot   =    -33224.5620  EKtot   =      7217.3873  EPtot      =    -40441.9494
 BOND   =       150.7584  ANGLE   =       319.4897  DIHED      =       500.5565
 1-4 NB =       168.3435  1-4 EEL =      -325.6105  VDWAALS    =      4851.5907
 EELEC  =    -46107.0777  EHBOND  =         0.0000  RESTRAINT  =         0.0000
 EKCMT  =      3355.0353  VIRIAL  =      3288.8378  VOLUME     =    117230.8772
                                                    Density    =         1.0312
 Ewald error estimate:   0.8598E-04
 ------------------------------------------------------------------------------


 NSTEP =    73750   TIME(PS) =    1167.500  TEMP(K) =   297.52  PRESS =   137.4
 Etot   =    -33161.8976  EKtot   =      7045.1504  EPtot      =    -40207.0480
 BOND   =       165.6466  ANGLE   =       337.3101  DIHED      =       500.2811
 1-4 NB =       165.0414  1-4 EEL =      -357.4235  VDWAALS    =      4846.4035
 EELEC  =    -45864.3073  EHBOND  =         0.0000  RESTRAINT  =         0.0000
 EKCMT  =      3307.4304  VIRIAL  =      2959.3655  VOLUME     =    117325.9915
                                                    Density    =         1.0304
 Ewald error estimate:   0.9217E-04
 ------------------------------------------------------------------------------


 NSTEP =    74000   TIME(PS) =    1168.000  TEMP(K) =   305.79  PRESS =  -382.6
 Etot   =    -33113.8340  EKtot   =      7240.8362  EPtot      =    -40354.6702
 BOND   =       140.7017  ANGLE   =       355.8779  DIHED      =       490.3095
 1-4 NB =       167.2558  1-4 EEL =      -356.7310  VDWAALS    =      4688.8335
 EELEC  =    -45840.9175  EHBOND  =         0.0000  RESTRAINT  =         0.0000
 EKCMT  =      3437.8374  VIRIAL  =      4407.9659  VOLUME     =    117440.0634
                                                    Density    =         1.0294
 Ewald error estimate:   0.5527E-04
 ------------------------------------------------------------------------------


 NSTEP =    74250   TIME(PS) =    1168.500  TEMP(K) =   298.98  PRESS =  -305.6
 Etot   =    -33288.2060  EKtot   =      7079.6363  EPtot      =    -40367.8423
 BOND   =       140.0605  ANGLE   =       344.8084  DIHED      =       505.2422
 1-4 NB =       174.9933  1-4 EEL =      -334.2302  VDWAALS    =      4661.4800
 EELEC  =    -45860.1964  EHBOND  =         0.0000  RESTRAINT  =         0.0000
 EKCMT  =      3329.2465  VIRIAL  =      4102.1657  VOLUME     =    117155.4253
                                                    Density    =         1.0319
 Ewald error estimate:   0.1190E-03
 ------------------------------------------------------------------------------


 NSTEP =    74500   TIME(PS) =    1169.000  TEMP(K) =   295.13  PRESS =     8.8
 Etot   =    -33301.5281  EKtot   =      6988.5659  EPtot      =    -40290.0940
 BOND   =       157.3491  ANGLE   =       324.0931  DIHED      =       507.5482
 1-4 NB =       174.3281  1-4 EEL =      -348.6928  VDWAALS    =      4812.1033
 EELEC  =    -45916.8229  EHBOND  =         0.0000  RESTRAINT  =         0.0000
 EKCMT  =      3319.6733  VIRIAL  =      3297.4269  VOLUME     =    117052.9552
                                                    Density    =         1.0328
 Ewald error estimate:   0.7676E-05
 ------------------------------------------------------------------------------


 NSTEP =    74750   TIME(PS) =    1169.500  TEMP(K) =   298.57  PRESS =   450.6
 Etot   =    -33321.0955  EKtot   =      7069.8986  EPtot      =    -40390.9941
 BOND   =       170.2747  ANGLE   =       360.5811  DIHED      =       493.9551
 1-4 NB =       172.1328  1-4 EEL =      -361.3547  VDWAALS    =      4998.6985
 EELEC  =    -46225.2816  EHBOND  =         0.0000  RESTRAINT  =         0.0000
 EKCMT  =      3260.7349  VIRIAL  =      2120.7112  VOLUME     =    117182.5649
                                                    Density    =         1.0316
 Ewald error estimate:   0.1388E-03
 ------------------------------------------------------------------------------


 NSTEP =    75000   TIME(PS) =    1170.000  TEMP(K) =   295.71  PRESS =  -177.5
 Etot   =    -33332.6120  EKtot   =      7002.3283  EPtot      =    -40334.9403
 BOND   =       155.7263  ANGLE   =       344.8875  DIHED      =       505.5164
 1-4 NB =       170.7300  1-4 EEL =      -318.7648  VDWAALS    =      4856.2833
 EELEC  =    -46049.3190  EHBOND  =         0.0000  RESTRAINT  =         0.0000
 EKCMT  =      3290.5874  VIRIAL  =      3740.3586  VOLUME     =    117360.5032
                                                    Density    =         1.0300
 Ewald error estimate:   0.7257E-06
 ------------------------------------------------------------------------------


 NSTEP =    75250   TIME(PS) =    1170.500  TEMP(K) =   298.96  PRESS =  -131.8
 Etot   =    -33303.7920  EKtot   =      7079.2679  EPtot      =    -40383.0599
 BOND   =       159.7545  ANGLE   =       370.7516  DIHED      =       488.0647
 1-4 NB =       171.5697  1-4 EEL =      -331.0730  VDWAALS    =      4944.5186
 EELEC  =    -46186.6461  EHBOND  =         0.0000  RESTRAINT  =         0.0000
 EKCMT  =      3247.8576  VIRIAL  =      3581.6776  VOLUME     =    117311.3760
                                                    Density    =         1.0305
 Ewald error estimate:   0.1875E-03
 ------------------------------------------------------------------------------


 NSTEP =    75500   TIME(PS) =    1171.000  TEMP(K) =   300.79  PRESS =    54.6
 Etot   =    -33370.4384  EKtot   =      7122.5561  EPtot      =    -40492.9945
 BOND   =       152.6606  ANGLE   =       344.4947  DIHED      =       497.4997
 1-4 NB =       171.6613  1-4 EEL =      -334.5808  VDWAALS    =      5030.6430
 EELEC  =    -46355.3731  EHBOND  =         0.0000  RESTRAINT  =         0.0000
 EKCMT  =      3323.8619  VIRIAL  =      3185.5299  VOLUME     =    117346.0572
                                                    Density    =         1.0302
 Ewald error estimate:   0.1728E-04
 ------------------------------------------------------------------------------


 NSTEP =    75750   TIME(PS) =    1171.500  TEMP(K) =   300.06  PRESS =   311.4
 Etot   =    -33310.0746  EKtot   =      7105.1910  EPtot      =    -40415.2656
 BOND   =       172.4818  ANGLE   =       367.6924  DIHED      =       493.6710
 1-4 NB =       174.5143  1-4 EEL =      -335.3190  VDWAALS    =      4959.3493
 EELEC  =    -46247.6555  EHBOND  =         0.0000  RESTRAINT  =         0.0000
 EKCMT  =      3311.7046  VIRIAL  =      2522.6266  VOLUME     =    117370.6239
                                                    Density    =         1.0300
 Ewald error estimate:   0.5918E-04
 ------------------------------------------------------------------------------


 NSTEP =    76000   TIME(PS) =    1172.000  TEMP(K) =   303.13  PRESS =  -290.3
 Etot   =    -33273.3824  EKtot   =      7177.9638  EPtot      =    -40451.3461
 BOND   =       147.7100  ANGLE   =       359.5927  DIHED      =       507.2656
 1-4 NB =       168.3330  1-4 EEL =      -331.0072  VDWAALS    =      4783.2499
 EELEC  =    -46086.4901  EHBOND  =         0.0000  RESTRAINT  =         0.0000
 EKCMT  =      3356.8357  VIRIAL  =      4091.8889  VOLUME     =    117286.5365
                                                    Density    =         1.0307
 Ewald error estimate:   0.1215E-03
 ------------------------------------------------------------------------------


 NSTEP =    76250   TIME(PS) =    1172.500  TEMP(K) =   302.21  PRESS =  -311.9
 Etot   =    -33214.0398  EKtot   =      7156.1396  EPtot      =    -40370.1794
 BOND   =       156.7505  ANGLE   =       349.2650  DIHED      =       519.5684
 1-4 NB =       175.3560  1-4 EEL =      -339.8374  VDWAALS    =      4712.2363
 EELEC  =    -45943.5181  EHBOND  =         0.0000  RESTRAINT  =         0.0000
 EKCMT  =      3388.4215  VIRIAL  =      4177.6390  VOLUME     =    117177.7495
                                                    Density    =         1.0317
 Ewald error estimate:   0.1071E-03
 ------------------------------------------------------------------------------


 NSTEP =    76500   TIME(PS) =    1173.000  TEMP(K) =   303.07  PRESS =  -329.7
 Etot   =    -33214.0587  EKtot   =      7176.5314  EPtot      =    -40390.5901
 BOND   =       167.5802  ANGLE   =       352.8014  DIHED      =       503.8848
 1-4 NB =       160.9969  1-4 EEL =      -338.9399  VDWAALS    =      4738.7107
 EELEC  =    -45975.6242  EHBOND  =         0.0000  RESTRAINT  =         0.0000
 EKCMT  =      3403.4041  VIRIAL  =      4236.6083  VOLUME     =    117045.0538
                                                    Density    =         1.0328
 Ewald error estimate:   0.6344E-04
 ------------------------------------------------------------------------------


 NSTEP =    76750   TIME(PS) =    1173.500  TEMP(K) =   301.05  PRESS =   432.5
 Etot   =    -33359.3493  EKtot   =      7128.6819  EPtot      =    -40488.0312
 BOND   =       157.8171  ANGLE   =       339.9981  DIHED      =       498.2031
 1-4 NB =       179.2153  1-4 EEL =      -342.5835  VDWAALS    =      4951.1152
 EELEC  =    -46271.7964  EHBOND  =         0.0000  RESTRAINT  =         0.0000
 EKCMT  =      3285.0035  VIRIAL  =      2191.5493  VOLUME     =    117097.3603
                                                    Density    =         1.0324
 Ewald error estimate:   0.6200E-04
 ------------------------------------------------------------------------------


 NSTEP =    77000   TIME(PS) =    1174.000  TEMP(K) =   301.94  PRESS =   -81.1
 Etot   =    -33278.9905  EKtot   =      7149.8436  EPtot      =    -40428.8341
 BOND   =       140.3417  ANGLE   =       350.4527  DIHED      =       499.9939
 1-4 NB =       169.7939  1-4 EEL =      -348.7163  VDWAALS    =      4840.1673
 EELEC  =    -46080.8673  EHBOND  =         0.0000  RESTRAINT  =         0.0000
 EKCMT  =      3343.0720  VIRIAL  =      3548.1132  VOLUME     =    117118.9495
                                                    Density    =         1.0322
 Ewald error estimate:   0.1545E-03
 ------------------------------------------------------------------------------


 NSTEP =    77250   TIME(PS) =    1174.500  TEMP(K) =   300.28  PRESS =    56.7
 Etot   =    -33174.6071  EKtot   =      7110.4448  EPtot      =    -40285.0518
 BOND   =       170.4473  ANGLE   =       330.2539  DIHED      =       505.4770
 1-4 NB =       165.0999  1-4 EEL =      -324.6164  VDWAALS    =      4853.0194
 EELEC  =    -45984.7328  EHBOND  =         0.0000  RESTRAINT  =         0.0000
 EKCMT  =      3336.7802  VIRIAL  =      3193.4810  VOLUME     =    117147.7411
                                                    Density    =         1.0319
 Ewald error estimate:   0.2755E-04
 ------------------------------------------------------------------------------


 NSTEP =    77500   TIME(PS) =    1175.000  TEMP(K) =   300.35  PRESS =   220.1
 Etot   =    -33187.9708  EKtot   =      7112.1011  EPtot      =    -40300.0719
 BOND   =       145.8846  ANGLE   =       345.1176  DIHED      =       498.2718
 1-4 NB =       176.8344  1-4 EEL =      -341.1956  VDWAALS    =      4855.9307
 EELEC  =    -45980.9154  EHBOND  =         0.0000  RESTRAINT  =         0.0000
 EKCMT  =      3341.7837  VIRIAL  =      2785.0616  VOLUME     =    117175.2086
                                                    Density    =         1.0317
 Ewald error estimate:   0.8509E-04
 ------------------------------------------------------------------------------


 NSTEP =    77750   TIME(PS) =    1175.500  TEMP(K) =   300.24  PRESS =     7.4
 Etot   =    -33164.2793  EKtot   =      7109.4166  EPtot      =    -40273.6959
 BOND   =       170.6542  ANGLE   =       341.9063  DIHED      =       515.8695
 1-4 NB =       165.8204  1-4 EEL =      -351.4729  VDWAALS    =      4882.8433
 EELEC  =    -45999.3167  EHBOND  =         0.0000  RESTRAINT  =         0.0000
 EKCMT  =      3346.3283  VIRIAL  =      3327.6653  VOLUME     =    117203.2800
                                                    Density    =         1.0314
 Ewald error estimate:   0.9231E-04
 ------------------------------------------------------------------------------


 NSTEP =    78000   TIME(PS) =    1176.000  TEMP(K) =   296.96  PRESS =   385.3
 Etot   =    -33208.5908  EKtot   =      7031.7748  EPtot      =    -40240.3656
 BOND   =       148.5776  ANGLE   =       376.2875  DIHED      =       512.3182
 1-4 NB =       178.0135  1-4 EEL =      -354.7399  VDWAALS    =      4850.5203
 EELEC  =    -45951.3429  EHBOND  =         0.0000  RESTRAINT  =         0.0000
 EKCMT  =      3297.6811  VIRIAL  =      2322.3929  VOLUME     =    117246.7075
                                                    Density    =         1.0310
 Ewald error estimate:   0.1103E-03
 ------------------------------------------------------------------------------


 NSTEP =    78250   TIME(PS) =    1176.500  TEMP(K) =   302.58  PRESS =   156.7
 Etot   =    -33250.1037  EKtot   =      7164.9391  EPtot      =    -40415.0428
 BOND   =       152.9739  ANGLE   =       344.2748  DIHED      =       510.4688
 1-4 NB =       165.1994  1-4 EEL =      -337.8385  VDWAALS    =      4848.7277
 EELEC  =    -46098.8488  EHBOND  =         0.0000  RESTRAINT  =         0.0000
 EKCMT  =      3404.6486  VIRIAL  =      3007.5186  VOLUME     =    117374.9735
                                                    Density    =         1.0299
 Ewald error estimate:   0.1157E-04
 ------------------------------------------------------------------------------


 NSTEP =    78500   TIME(PS) =    1177.000  TEMP(K) =   299.56  PRESS =  -179.0
 Etot   =    -33376.2288  EKtot   =      7093.4230  EPtot      =    -40469.6518
 BOND   =       143.4600  ANGLE   =       347.7435  DIHED      =       513.3055
 1-4 NB =       169.3912  1-4 EEL =      -331.8618  VDWAALS    =      4873.7007
 EELEC  =    -46185.3908  EHBOND  =         0.0000  RESTRAINT  =         0.0000
 EKCMT  =      3277.0426  VIRIAL  =      3730.2430  VOLUME     =    117238.1864
                                                    Density    =         1.0311
 Ewald error estimate:   0.1115E-03
 ------------------------------------------------------------------------------


 NSTEP =    78750   TIME(PS) =    1177.500  TEMP(K) =   301.29  PRESS =  -208.1
 Etot   =    -33354.3699  EKtot   =      7134.4309  EPtot      =    -40488.8008
 BOND   =       140.3982  ANGLE   =       334.6267  DIHED      =       520.1705
 1-4 NB =       173.7236  1-4 EEL =      -335.1146  VDWAALS    =      4740.1383
 EELEC  =    -46062.7434  EHBOND  =         0.0000  RESTRAINT  =         0.0000
 EKCMT  =      3333.1652  VIRIAL  =      3859.1749  VOLUME     =    117090.1622
                                                    Density    =         1.0324
 Ewald error estimate:   0.1293E-03
 ------------------------------------------------------------------------------


 NSTEP =    79000   TIME(PS) =    1178.000  TEMP(K) =   297.52  PRESS =  -146.8
 Etot   =    -33392.1605  EKtot   =      7045.0461  EPtot      =    -40437.2066
 BOND   =       149.4327  ANGLE   =       350.3599  DIHED      =       519.6032
 1-4 NB =       169.4687  1-4 EEL =      -336.6940  VDWAALS    =      4817.0378
 EELEC  =    -46106.4149  EHBOND  =         0.0000  RESTRAINT  =         0.0000
 EKCMT  =      3275.4479  VIRIAL  =      3646.5237  VOLUME     =    117088.3367
                                                    Density    =         1.0324
 Ewald error estimate:   0.1026E-04
 ------------------------------------------------------------------------------


 NSTEP =    79250   TIME(PS) =    1178.500  TEMP(K) =   298.58  PRESS =   260.8
 Etot   =    -33387.4724  EKtot   =      7070.2185  EPtot      =    -40457.6909
 BOND   =       157.7560  ANGLE   =       336.8363  DIHED      =       517.8337
 1-4 NB =       170.7896  1-4 EEL =      -340.3851  VDWAALS    =      4879.1981
 EELEC  =    -46179.7195  EHBOND  =         0.0000  RESTRAINT  =         0.0000
 EKCMT  =      3264.5782  VIRIAL  =      2605.7757  VOLUME     =    116989.6302
                                                    Density    =         1.0333
 Ewald error estimate:   0.6588E-04
 ------------------------------------------------------------------------------


 NSTEP =    79500   TIME(PS) =    1179.000  TEMP(K) =   295.84  PRESS =  -194.8
 Etot   =    -33450.5451  EKtot   =      7005.2023  EPtot      =    -40455.7474
 BOND   =       145.0685  ANGLE   =       378.9523  DIHED      =       502.9354
 1-4 NB =       165.4156  1-4 EEL =      -342.9726  VDWAALS    =      4732.4676
 EELEC  =    -46037.6142  EHBOND  =         0.0000  RESTRAINT  =         0.0000
 EKCMT  =      3231.5021  VIRIAL  =      3723.0220  VOLUME     =    116844.0718
                                                    Density    =         1.0346
 Ewald error estimate:   0.9478E-04
 ------------------------------------------------------------------------------


 NSTEP =    79750   TIME(PS) =    1179.500  TEMP(K) =   300.80  PRESS =   211.3
 Etot   =    -33395.5508  EKtot   =      7122.6778  EPtot      =    -40518.2285
 BOND   =       160.9708  ANGLE   =       354.3487  DIHED      =       503.2291
 1-4 NB =       172.7778  1-4 EEL =      -341.4514  VDWAALS    =      4983.1034
 EELEC  =    -46351.2070  EHBOND  =         0.0000  RESTRAINT  =         0.0000
 EKCMT  =      3318.6643  VIRIAL  =      2785.2428  VOLUME     =    116923.1105
                                                    Density    =         1.0339
 Ewald error estimate:   0.6857E-04
 ------------------------------------------------------------------------------


 NSTEP =    80000   TIME(PS) =    1180.000  TEMP(K) =   302.57  PRESS =   157.3
 Etot   =    -33295.2897  EKtot   =      7164.5528  EPtot      =    -40459.8425
 BOND   =       149.7855  ANGLE   =       361.4827  DIHED      =       501.4213
 1-4 NB =       174.3121  1-4 EEL =      -325.6734  VDWAALS    =      4839.6249
 EELEC  =    -46160.7957  EHBOND  =         0.0000  RESTRAINT  =         0.0000
 EKCMT  =      3405.7646  VIRIAL  =      3008.4566  VOLUME     =    116948.6919
                                                    Density    =         1.0337
 Ewald error estimate:   0.1124E-03
 ------------------------------------------------------------------------------


 NSTEP =    80250   TIME(PS) =    1180.500  TEMP(K) =   295.17  PRESS =   405.8
 Etot   =    -33364.9890  EKtot   =      6989.4540  EPtot      =    -40354.4430
 BOND   =       142.6836  ANGLE   =       341.2211  DIHED      =       501.7941
 1-4 NB =       174.3834  1-4 EEL =      -332.3286  VDWAALS    =      4980.9262
 EELEC  =    -46163.1228  EHBOND  =         0.0000  RESTRAINT  =         0.0000
 EKCMT  =      3268.5469  VIRIAL  =      2242.9628  VOLUME     =    117057.8123
                                                    Density    =         1.0327
 Ewald error estimate:   0.3455E-03
 ------------------------------------------------------------------------------


 NSTEP =    80500   TIME(PS) =    1181.000  TEMP(K) =   298.89  PRESS =    95.6
 Etot   =    -33248.9898  EKtot   =      7077.4928  EPtot      =    -40326.4826
 BOND   =       147.1877  ANGLE   =       358.4288  DIHED      =       507.4515
 1-4 NB =       167.7271  1-4 EEL =      -347.8179  VDWAALS    =      4915.1966
 EELEC  =    -46074.6563  EHBOND  =         0.0000  RESTRAINT  =         0.0000
 EKCMT  =      3337.5780  VIRIAL  =      3096.2241  VOLUME     =    116985.0122
                                                    Density    =         1.0334
 Ewald error estimate:   0.2112E-03
 ------------------------------------------------------------------------------


 NSTEP =    80750   TIME(PS) =    1181.500  TEMP(K) =   302.53  PRESS =   364.1
 Etot   =    -33202.5654  EKtot   =      7163.6322  EPtot      =    -40366.1976
 BOND   =       157.3826  ANGLE   =       322.7354  DIHED      =       503.0398
 1-4 NB =       169.9808  1-4 EEL =      -311.5276  VDWAALS    =      5046.9837
 EELEC  =    -46254.7923  EHBOND  =         0.0000  RESTRAINT  =         0.0000
 EKCMT  =      3360.8109  VIRIAL  =      2440.4915  VOLUME     =    117079.8929
                                                    Density    =         1.0325
 Ewald error estimate:   0.1830E-03
 ------------------------------------------------------------------------------


 NSTEP =    81000   TIME(PS) =    1182.000  TEMP(K) =   301.57  PRESS =   273.9
 Etot   =    -33130.1778  EKtot   =      7141.0996  EPtot      =    -40271.2774
 BOND   =       162.7344  ANGLE   =       350.1988  DIHED      =       509.3468
 1-4 NB =       168.4652  1-4 EEL =      -337.7314  VDWAALS    =      4959.8369
 EELEC  =    -46084.1281  EHBOND  =         0.0000  RESTRAINT  =         0.0000
 EKCMT  =      3316.9023  VIRIAL  =      2625.4140  VOLUME     =    116934.6807
                                                    Density    =         1.0338
 Ewald error estimate:   0.2723E-03
 ------------------------------------------------------------------------------


 NSTEP =    81250   TIME(PS) =    1182.500  TEMP(K) =   300.89  PRESS =   -73.7
 Etot   =    -33094.9590  EKtot   =      7124.8606  EPtot      =    -40219.8195
 BOND   =       152.8559  ANGLE   =       379.2808  DIHED      =       512.2655
 1-4 NB =       168.8314  1-4 EEL =      -348.3040  VDWAALS    =      4713.6254
 EELEC  =    -45798.3746  EHBOND  =         0.0000  RESTRAINT  =         0.0000
 EKCMT  =      3403.5104  VIRIAL  =      3589.5814  VOLUME     =    116978.8982
                                                    Density    =         1.0334
 Ewald error estimate:   0.7050E-04
 ------------------------------------------------------------------------------


 NSTEP =    81500   TIME(PS) =    1183.000  TEMP(K) =   301.85  PRESS =   -53.0
 Etot   =    -33093.1123  EKtot   =      7147.6401  EPtot      =    -40240.7525
 BOND   =       154.9037  ANGLE   =       370.1423  DIHED      =       514.3045
 1-4 NB =       163.7925  1-4 EEL =      -357.3569  VDWAALS    =      4834.7497
 EELEC  =    -45921.2883  EHBOND  =         0.0000  RESTRAINT  =         0.0000
 EKCMT  =      3314.2254  VIRIAL  =      3448.3250  VOLUME     =    117171.2619
                                                    Density    =         1.0317
 Ewald error estimate:   0.1425E-03
 ------------------------------------------------------------------------------


 NSTEP =    81750   TIME(PS) =    1183.500  TEMP(K) =   305.69  PRESS =    63.1
 Etot   =    -33140.8572  EKtot   =      7238.4697  EPtot      =    -40379.3269
 BOND   =       172.5239  ANGLE   =       330.9617  DIHED      =       513.4774
 1-4 NB =       167.4306  1-4 EEL =      -328.1057  VDWAALS    =      4967.2688
 EELEC  =    -46202.8836  EHBOND  =         0.0000  RESTRAINT  =         0.0000
 EKCMT  =      3415.7525  VIRIAL  =      3256.1853  VOLUME     =    117154.8652
                                                    Density    =         1.0319
 Ewald error estimate:   0.1815E-04
 ------------------------------------------------------------------------------


 NSTEP =    82000   TIME(PS) =    1184.000  TEMP(K) =   301.49  PRESS =  -281.4
 Etot   =    -33228.3508  EKtot   =      7139.0498  EPtot      =    -40367.4006
 BOND   =       156.3630  ANGLE   =       362.6718  DIHED      =       520.1430
 1-4 NB =       168.8289  1-4 EEL =      -332.7382  VDWAALS    =      4773.8177
 EELEC  =    -46016.4868  EHBOND  =         0.0000  RESTRAINT  =         0.0000
 EKCMT  =      3300.5304  VIRIAL  =      4012.0051  VOLUME     =    117098.2240
                                                    Density    =         1.0324
 Ewald error estimate:   0.7517E-04
 ------------------------------------------------------------------------------


 NSTEP =    82250   TIME(PS) =    1184.500  TEMP(K) =   301.07  PRESS =   117.4
 Etot   =    -33269.1577  EKtot   =      7129.2086  EPtot      =    -40398.3662
 BOND   =       164.0877  ANGLE   =       365.7249  DIHED      =       509.3397
 1-4 NB =       178.9495  1-4 EEL =      -347.3525  VDWAALS    =      4921.0189
 EELEC  =    -46190.1345  EHBOND  =         0.0000  RESTRAINT  =         0.0000
 EKCMT  =      3311.4230  VIRIAL  =      3014.7962  VOLUME     =    117048.3608
                                                    Density    =         1.0328
 Ewald error estimate:   0.1767E-04
 ------------------------------------------------------------------------------


 NSTEP =    82500   TIME(PS) =    1185.000  TEMP(K) =   299.95  PRESS =   172.0
 Etot   =    -33139.7528  EKtot   =      7102.5279  EPtot      =    -40242.2807
 BOND   =       149.6431  ANGLE   =       371.2552  DIHED      =       499.2943
 1-4 NB =       170.5483  1-4 EEL =      -343.1156  VDWAALS    =      4865.2007
 EELEC  =    -45955.1067  EHBOND  =         0.0000  RESTRAINT  =         0.0000
 EKCMT  =      3356.4904  VIRIAL  =      2921.8349  VOLUME     =    117031.8412
                                                    Density    =         1.0329
 Ewald error estimate:   0.9711E-04
 ------------------------------------------------------------------------------


 NSTEP =    82750   TIME(PS) =    1185.500  TEMP(K) =   299.53  PRESS =  -114.6
 Etot   =    -33354.3028  EKtot   =      7092.7282  EPtot      =    -40447.0310
 BOND   =       156.5226  ANGLE   =       337.7069  DIHED      =       512.9399
 1-4 NB =       171.3425  1-4 EEL =      -347.3531  VDWAALS    =      4862.2324
 EELEC  =    -46140.4222  EHBOND  =         0.0000  RESTRAINT  =         0.0000
 EKCMT  =      3300.6176  VIRIAL  =      3590.5529  VOLUME     =    117127.1908
                                                    Density    =         1.0321
 Ewald error estimate:   0.1889E-04
 ------------------------------------------------------------------------------


 NSTEP =    83000   TIME(PS) =    1186.000  TEMP(K) =   299.27  PRESS =   128.0
 Etot   =    -33281.5792  EKtot   =      7086.6444  EPtot      =    -40368.2237
 BOND   =       170.3562  ANGLE   =       348.0294  DIHED      =       510.4283
 1-4 NB =       161.6854  1-4 EEL =      -325.5031  VDWAALS    =      4974.3727
 EELEC  =    -46207.5926  EHBOND  =         0.0000  RESTRAINT  =         0.0000
 EKCMT  =      3292.7144  VIRIAL  =      2969.2849  VOLUME     =    117036.8827
                                                    Density    =         1.0329
 Ewald error estimate:   0.1146E-03
 ------------------------------------------------------------------------------


 NSTEP =    83250   TIME(PS) =    1186.500  TEMP(K) =   303.54  PRESS =   149.6
 Etot   =    -33262.3831  EKtot   =      7187.5216  EPtot      =    -40449.9047
 BOND   =       155.2249  ANGLE   =       344.0985  DIHED      =       527.6331
 1-4 NB =       162.7911  1-4 EEL =      -350.0091  VDWAALS    =      4926.0383
 EELEC  =    -46215.6815  EHBOND  =         0.0000  RESTRAINT  =         0.0000
 EKCMT  =      3340.1944  VIRIAL  =      2961.8470  VOLUME     =    117165.0654
                                                    Density    =         1.0318
 Ewald error estimate:   0.4931E-04
 ------------------------------------------------------------------------------


 NSTEP =    83500   TIME(PS) =    1187.000  TEMP(K) =   299.00  PRESS =    29.6
 Etot   =    -33291.7317  EKtot   =      7080.1241  EPtot      =    -40371.8558
 BOND   =       130.7919  ANGLE   =       337.3824  DIHED      =       523.9499
 1-4 NB =       176.4518  1-4 EEL =      -334.5406  VDWAALS    =      4896.6362
 EELEC  =    -46102.5275  EHBOND  =         0.0000  RESTRAINT  =         0.0000
 EKCMT  =      3331.8142  VIRIAL  =      3257.1416  VOLUME     =    117028.3523
                                                    Density    =         1.0330
 Ewald error estimate:   0.2690E-03
 ------------------------------------------------------------------------------


 NSTEP =    83750   TIME(PS) =    1187.500  TEMP(K) =   303.95  PRESS =    75.8
 Etot   =    -33070.0306  EKtot   =      7197.3756  EPtot      =    -40267.4062
 BOND   =       156.2686  ANGLE   =       350.9422  DIHED      =       508.9476
 1-4 NB =       174.1748  1-4 EEL =      -322.1013  VDWAALS    =      4859.8250
 EELEC  =    -45995.4631  EHBOND  =         0.0000  RESTRAINT  =         0.0000
 EKCMT  =      3442.9857  VIRIAL  =      3251.3836  VOLUME     =    117101.8663
                                                    Density    =         1.0323
 Ewald error estimate:   0.9250E-05
 ------------------------------------------------------------------------------


 NSTEP =    84000   TIME(PS) =    1188.000  TEMP(K) =   299.27  PRESS =  -192.7
 Etot   =    -33386.5900  EKtot   =      7086.5019  EPtot      =    -40473.0919
 BOND   =       157.3285  ANGLE   =       351.1500  DIHED      =       519.7708
 1-4 NB =       165.0121  1-4 EEL =      -319.9797  VDWAALS    =      4822.6935
 EELEC  =    -46169.0670  EHBOND  =         0.0000  RESTRAINT  =         0.0000
 EKCMT  =      3240.6971  VIRIAL  =      3728.1488  VOLUME     =    117136.8375
                                                    Density    =         1.0320
 Ewald error estimate:   0.2074E-04
 ------------------------------------------------------------------------------


 NSTEP =    84250   TIME(PS) =    1188.500  TEMP(K) =   297.82  PRESS =   -62.2
 Etot   =    -33433.2978  EKtot   =      7052.1422  EPtot      =    -40485.4400
 BOND   =       137.0171  ANGLE   =       368.1455  DIHED      =       499.5444
 1-4 NB =       166.5928  1-4 EEL =      -348.9721  VDWAALS    =      4792.2473
 EELEC  =    -46100.0150  EHBOND  =         0.0000  RESTRAINT  =         0.0000
 EKCMT  =      3319.6318  VIRIAL  =      3476.9100  VOLUME     =    117041.5228
                                                    Density    =         1.0329
 Ewald error estimate:   0.2214E-03
 ------------------------------------------------------------------------------


 NSTEP =    84500   TIME(PS) =    1189.000  TEMP(K) =   301.75  PRESS =    60.8
 Etot   =    -33509.0965  EKtot   =      7145.2257  EPtot      =    -40654.3222
 BOND   =       153.2389  ANGLE   =       351.9426  DIHED      =       487.9574
 1-4 NB =       169.3267  1-4 EEL =      -324.3397  VDWAALS    =      4946.5160
 EELEC  =    -46438.9639  EHBOND  =         0.0000  RESTRAINT  =         0.0000
 EKCMT  =      3369.1891  VIRIAL  =      3215.6651  VOLUME     =    117039.7382
                                                    Density    =         1.0329
 Ewald error estimate:   0.1297E-03
 ------------------------------------------------------------------------------


 NSTEP =    84750   TIME(PS) =    1189.500  TEMP(K) =   298.93  PRESS =  -292.5
 Etot   =    -33472.6340  EKtot   =      7078.3989  EPtot      =    -40551.0329
 BOND   =       155.4354  ANGLE   =       354.7222  DIHED      =       506.5946
 1-4 NB =       165.8876  1-4 EEL =      -332.3120  VDWAALS    =      4803.9820
 EELEC  =    -46205.3427  EHBOND  =         0.0000  RESTRAINT  =         0.0000
 EKCMT  =      3326.7607  VIRIAL  =      4066.4921  VOLUME     =    117127.0805
                                                    Density    =         1.0321
 Ewald error estimate:   0.4440E-04
 ------------------------------------------------------------------------------


 NSTEP =    85000   TIME(PS) =    1190.000  TEMP(K) =   292.41  PRESS =  -195.5
 Etot   =    -33475.1649  EKtot   =      6924.0829  EPtot      =    -40399.2479
 BOND   =       160.6274  ANGLE   =       347.0002  DIHED      =       506.5489
 1-4 NB =       173.1294  1-4 EEL =      -330.1109  VDWAALS    =      4773.4167
 EELEC  =    -46029.8596  EHBOND  =         0.0000  RESTRAINT  =         0.0000
 EKCMT  =      3246.4311  VIRIAL  =      3740.8266  VOLUME     =    117104.3137
                                                    Density    =         1.0323
 Ewald error estimate:   0.4792E-04
 ------------------------------------------------------------------------------


 NSTEP =    85250   TIME(PS) =    1190.500  TEMP(K) =   296.71  PRESS =  -120.1
 Etot   =    -33511.2499  EKtot   =      7025.9420  EPtot      =    -40537.1919
 BOND   =       160.1303  ANGLE   =       345.8352  DIHED      =       500.6422
 1-4 NB =       174.2499  1-4 EEL =      -329.3274  VDWAALS    =      4936.0309
 EELEC  =    -46324.7530  EHBOND  =         0.0000  RESTRAINT  =         0.0000
 EKCMT  =      3232.0715  VIRIAL  =      3535.6282  VOLUME     =    117039.6525
                                                    Density    =         1.0329
 Ewald error estimate:   0.4087E-04
 ------------------------------------------------------------------------------


 NSTEP =    85500   TIME(PS) =    1191.000  TEMP(K) =   299.30  PRESS =  -252.5
 Etot   =    -33407.4320  EKtot   =      7087.2833  EPtot      =    -40494.7153
 BOND   =       165.1101  ANGLE   =       373.9601  DIHED      =       516.9729
 1-4 NB =       171.0966  1-4 EEL =      -344.9667  VDWAALS    =      4836.2682
 EELEC  =    -46213.1564  EHBOND  =         0.0000  RESTRAINT  =         0.0000
 EKCMT  =      3309.9504  VIRIAL  =      3947.3753  VOLUME     =    116940.7857
                                                    Density    =         1.0337
 Ewald error estimate:   0.2187E-03
 ------------------------------------------------------------------------------


 NSTEP =    85750   TIME(PS) =    1191.500  TEMP(K) =   298.92  PRESS =   116.9
 Etot   =    -33278.5173  EKtot   =      7078.1785  EPtot      =    -40356.6958
 BOND   =       146.8711  ANGLE   =       353.8731  DIHED      =       513.4401
 1-4 NB =       168.0953  1-4 EEL =      -316.3718  VDWAALS    =      4930.1905
 EELEC  =    -46152.7941  EHBOND  =         0.0000  RESTRAINT  =         0.0000
 EKCMT  =      3264.0551  VIRIAL  =      2969.2855  VOLUME     =    116798.8143
                                                    Density    =         1.0350
 Ewald error estimate:   0.9747E-04
 ------------------------------------------------------------------------------


 NSTEP =    86000   TIME(PS) =    1192.000  TEMP(K) =   299.93  PRESS =    92.0
 Etot   =    -33230.9358  EKtot   =      7102.2423  EPtot      =    -40333.1781
 BOND   =       141.5468  ANGLE   =       375.4738  DIHED      =       503.7644
 1-4 NB =       174.8712  1-4 EEL =      -329.8368  VDWAALS    =      4900.7099
 EELEC  =    -46099.7074  EHBOND  =         0.0000  RESTRAINT  =         0.0000
 EKCMT  =      3342.8703  VIRIAL  =      3110.4360  VOLUME     =    116955.3202
                                                    Density    =         1.0336
 Ewald error estimate:   0.1386E-03
 ------------------------------------------------------------------------------


 NSTEP =    86250   TIME(PS) =    1192.500  TEMP(K) =   302.36  PRESS =   147.7
 Etot   =    -33288.2846  EKtot   =      7159.7039  EPtot      =    -40447.9885
 BOND   =       164.4427  ANGLE   =       373.6426  DIHED      =       499.2259
 1-4 NB =       169.7275  1-4 EEL =      -353.6502  VDWAALS    =      4888.4231
 EELEC  =    -46189.8000  EHBOND  =         0.0000  RESTRAINT  =         0.0000
 EKCMT  =      3383.3991  VIRIAL  =      3010.2651  VOLUME     =    117029.6404
                                                    Density    =         1.0330
 Ewald error estimate:   0.1569E-03
 ------------------------------------------------------------------------------


 NSTEP =    86500   TIME(PS) =    1193.000  TEMP(K) =   301.56  PRESS =   239.2
 Etot   =    -33333.1059  EKtot   =      7140.8447  EPtot      =    -40473.9506
 BOND   =       149.4912  ANGLE   =       341.3410  DIHED      =       518.5990
 1-4 NB =       170.1759  1-4 EEL =      -325.5854  VDWAALS    =      4959.3643
 EELEC  =    -46287.3367  EHBOND  =         0.0000  RESTRAINT  =         0.0000
 EKCMT  =      3337.9876  VIRIAL  =      2732.6308  VOLUME     =    117189.0085
                                                    Density    =         1.0316
 Ewald error estimate:   0.1619E-03
 ------------------------------------------------------------------------------


 NSTEP =    86750   TIME(PS) =    1193.500  TEMP(K) =   296.46  PRESS =  -190.8
 Etot   =    -33269.4807  EKtot   =      7020.0164  EPtot      =    -40289.4971
 BOND   =       154.7222  ANGLE   =       349.4640  DIHED      =       510.6314
 1-4 NB =       168.0482  1-4 EEL =      -326.4825  VDWAALS    =      4809.9580
 EELEC  =    -45955.8384  EHBOND  =         0.0000  RESTRAINT  =         0.0000
 EKCMT  =      3266.8344  VIRIAL  =      3750.1185  VOLUME     =    117304.5155
                                                    Density    =         1.0305
 Ewald error estimate:   0.2007E-03
 ------------------------------------------------------------------------------


 NSTEP =    87000   TIME(PS) =    1194.000  TEMP(K) =   298.51  PRESS =  -137.8
 Etot   =    -33302.3282  EKtot   =      7068.4634  EPtot      =    -40370.7916
 BOND   =       140.7904  ANGLE   =       355.7805  DIHED      =       508.6908
 1-4 NB =       166.8619  1-4 EEL =      -337.8690  VDWAALS    =      4762.2265
 EELEC  =    -45967.2727  EHBOND  =         0.0000  RESTRAINT  =         0.0000
 EKCMT  =      3282.7319  VIRIAL  =      3631.2154  VOLUME     =    117167.1379
                                                    Density    =         1.0317
 Ewald error estimate:   0.7395E-04
 ------------------------------------------------------------------------------


 NSTEP =    87250   TIME(PS) =    1194.500  TEMP(K) =   302.21  PRESS =   143.7
 Etot   =    -33272.2436  EKtot   =      7156.0576  EPtot      =    -40428.3012
 BOND   =       146.2717  ANGLE   =       359.8243  DIHED      =       501.2843
 1-4 NB =       171.7147  1-4 EEL =      -333.5243  VDWAALS    =      4895.0439
 EELEC  =    -46168.9157  EHBOND  =         0.0000  RESTRAINT  =         0.0000
 EKCMT  =      3421.4981  VIRIAL  =      3058.5292  VOLUME     =    116991.8787
                                                    Density    =         1.0333
 Ewald error estimate:   0.5224E-04
 ------------------------------------------------------------------------------


 NSTEP =    87500   TIME(PS) =    1195.000  TEMP(K) =   301.57  PRESS =   327.6
 Etot   =    -33209.2173  EKtot   =      7140.9388  EPtot      =    -40350.1561
 BOND   =       148.9518  ANGLE   =       347.2602  DIHED      =       495.3981
 1-4 NB =       170.9273  1-4 EEL =      -346.5933  VDWAALS    =      4810.9042
 EELEC  =    -45977.0042  EHBOND  =         0.0000  RESTRAINT  =         0.0000
 EKCMT  =      3356.1744  VIRIAL  =      2528.3199  VOLUME     =    117049.0260
                                                    Density    =         1.0328
 Ewald error estimate:   0.1098E-03
 ------------------------------------------------------------------------------


 NSTEP =    87750   TIME(PS) =    1195.500  TEMP(K) =   300.96  PRESS =  -239.3
 Etot   =    -33204.0243  EKtot   =      7126.4966  EPtot      =    -40330.5209
 BOND   =       167.1126  ANGLE   =       324.6653  DIHED      =       512.8173
 1-4 NB =       169.9953  1-4 EEL =      -338.1797  VDWAALS    =      4722.4329
 EELEC  =    -45889.3647  EHBOND  =         0.0000  RESTRAINT  =         0.0000
 EKCMT  =      3361.5591  VIRIAL  =      3966.4896  VOLUME     =    117087.0087
                                                    Density    =         1.0325
 Ewald error estimate:   0.1408E-03
 ------------------------------------------------------------------------------


 NSTEP =    88000   TIME(PS) =    1196.000  TEMP(K) =   303.07  PRESS =   -17.9
 Etot   =    -33229.5977  EKtot   =      7176.4570  EPtot      =    -40406.0547
 BOND   =       165.7107  ANGLE   =       348.3006  DIHED      =       510.5228
 1-4 NB =       166.1695  1-4 EEL =      -345.0743  VDWAALS    =      4929.6806
 EELEC  =    -46181.3645  EHBOND  =         0.0000  RESTRAINT  =         0.0000
 EKCMT  =      3364.6108  VIRIAL  =      3409.8505  VOLUME     =    117068.1453
                                                    Density    =         1.0326
 Ewald error estimate:   0.7427E-04
 ------------------------------------------------------------------------------


 NSTEP =    88250   TIME(PS) =    1196.500  TEMP(K) =   303.62  PRESS =  -202.6
 Etot   =    -33201.9925  EKtot   =      7189.4232  EPtot      =    -40391.4157
 BOND   =       154.5984  ANGLE   =       348.9065  DIHED      =       505.4618
 1-4 NB =       177.4235  1-4 EEL =      -325.7359  VDWAALS    =      4788.7181
 EELEC  =    -46040.7881  EHBOND  =         0.0000  RESTRAINT  =         0.0000
 EKCMT  =      3380.2914  VIRIAL  =      3892.5130  VOLUME     =    117073.6606
                                                    Density    =         1.0326
 Ewald error estimate:   0.8098E-04
 ------------------------------------------------------------------------------


 NSTEP =    88500   TIME(PS) =    1197.000  TEMP(K) =   300.75  PRESS =  -330.3
 Etot   =    -33215.5907  EKtot   =      7121.5520  EPtot      =    -40337.1427
 BOND   =       167.9258  ANGLE   =       342.0441  DIHED      =       503.4516
 1-4 NB =       179.4250  1-4 EEL =      -331.8461  VDWAALS    =      4726.2470
 EELEC  =    -45924.3901  EHBOND  =         0.0000  RESTRAINT  =         0.0000
 EKCMT  =      3408.5040  VIRIAL  =      4242.3139  VOLUME     =    116923.3653
                                                    Density    =         1.0339
 Ewald error estimate:   0.2852E-04
 ------------------------------------------------------------------------------


 NSTEP =    88750   TIME(PS) =    1197.500  TEMP(K) =   299.86  PRESS =   186.5
 Etot   =    -33293.1430  EKtot   =      7100.3887  EPtot      =    -40393.5317
 BOND   =       142.2430  ANGLE   =       352.4131  DIHED      =       499.2948
 1-4 NB =       167.6755  1-4 EEL =      -340.3655  VDWAALS    =      4897.2878
 EELEC  =    -46112.0803  EHBOND  =         0.0000  RESTRAINT  =         0.0000
 EKCMT  =      3315.1941  VIRIAL  =      2844.0665  VOLUME     =    117007.3036
                                                    Density    =         1.0332
 Ewald error estimate:   0.5231E-04
 ------------------------------------------------------------------------------


 NSTEP =    89000   TIME(PS) =    1198.000  TEMP(K) =   296.89  PRESS =  -314.9
 Etot   =    -33330.8725  EKtot   =      7030.2740  EPtot      =    -40361.1465
 BOND   =       175.2434  ANGLE   =       345.0742  DIHED      =       510.4776
 1-4 NB =       172.3732  1-4 EEL =      -358.2154  VDWAALS    =      4708.5975
 EELEC  =    -45914.6970  EHBOND  =         0.0000  RESTRAINT  =         0.0000
 EKCMT  =      3284.1591  VIRIAL  =      4079.5960  VOLUME     =    116986.6129
                                                    Density    =         1.0333
 Ewald error estimate:   0.1175E-04
 ------------------------------------------------------------------------------


 NSTEP =    89250   TIME(PS) =    1198.500  TEMP(K) =   300.85  PRESS =   -56.5
 Etot   =    -33262.0369  EKtot   =      7123.8958  EPtot      =    -40385.9327
 BOND   =       160.1909  ANGLE   =       343.2589  DIHED      =       517.8923
 1-4 NB =       172.1651  1-4 EEL =      -324.8893  VDWAALS    =      4841.6350
 EELEC  =    -46096.1855  EHBOND  =         0.0000  RESTRAINT  =         0.0000
 EKCMT  =      3418.7771  VIRIAL  =      3561.3782  VOLUME     =    116951.0386
                                                    Density    =         1.0337
 Ewald error estimate:   0.1551E-05
 ------------------------------------------------------------------------------


 NSTEP =    89500   TIME(PS) =    1199.000  TEMP(K) =   300.25  PRESS =   -88.4
 Etot   =    -33246.6196  EKtot   =      7109.8507  EPtot      =    -40356.4703
 BOND   =       143.3933  ANGLE   =       329.0940  DIHED      =       516.2697
 1-4 NB =       172.7548  1-4 EEL =      -347.7311  VDWAALS    =      4797.1714
 EELEC  =    -45967.4224  EHBOND  =         0.0000  RESTRAINT  =         0.0000
 EKCMT  =      3316.1487  VIRIAL  =      3539.4883  VOLUME     =    117058.2524
                                                    Density    =         1.0327
 Ewald error estimate:   0.1447E-04
 ------------------------------------------------------------------------------


 NSTEP =    89750   TIME(PS) =    1199.500  TEMP(K) =   304.99  PRESS =   120.0
 Etot   =    -33102.8772  EKtot   =      7221.8931  EPtot      =    -40324.7703
 BOND   =       155.8760  ANGLE   =       361.9254  DIHED      =       509.3999
 1-4 NB =       172.9169  1-4 EEL =      -333.2499  VDWAALS    =      4882.1207
 EELEC  =    -46073.7593  EHBOND  =         0.0000  RESTRAINT  =         0.0000
 EKCMT  =      3349.0103  VIRIAL  =      3045.5698  VOLUME     =    117152.2736
                                                    Density    =         1.0319
 Ewald error estimate:   0.1153E-03
 ------------------------------------------------------------------------------


 NSTEP =    90000   TIME(PS) =    1200.000  TEMP(K) =   304.00  PRESS =   -49.7
 Etot   =    -33153.2892  EKtot   =      7198.4774  EPtot      =    -40351.7667
 BOND   =       156.5036  ANGLE   =       355.0311  DIHED      =       514.0452
 1-4 NB =       165.5597  1-4 EEL =      -366.8090  VDWAALS    =      4758.1525
 EELEC  =    -45934.2498  EHBOND  =         0.0000  RESTRAINT  =         0.0000
 EKCMT  =      3374.9559  VIRIAL  =      3500.7796  VOLUME     =    117206.0984
                                                    Density    =         1.0314
 Ewald error estimate:   0.1768E-03
 ------------------------------------------------------------------------------


 NSTEP =    90250   TIME(PS) =    1200.500  TEMP(K) =   299.87  PRESS =  -273.8
 Etot   =    -33254.5419  EKtot   =      7100.8201  EPtot      =    -40355.3620
 BOND   =       155.7094  ANGLE   =       343.8317  DIHED      =       499.7669
 1-4 NB =       165.6349  1-4 EEL =      -328.2013  VDWAALS    =      4688.9094
 EELEC  =    -45881.0129  EHBOND  =         0.0000  RESTRAINT  =         0.0000
 EKCMT  =      3339.8412  VIRIAL  =      4033.0059  VOLUME     =    117246.7166
                                                    Density    =         1.0310
 Ewald error estimate:   0.6507E-04
 ------------------------------------------------------------------------------


 NSTEP =    90500   TIME(PS) =    1201.000  TEMP(K) =   295.93  PRESS =   155.0
 Etot   =    -33309.1189  EKtot   =      7007.3777  EPtot      =    -40316.4967
 BOND   =       155.1036  ANGLE   =       370.1886  DIHED      =       504.9790
 1-4 NB =       172.1895  1-4 EEL =      -342.3101  VDWAALS    =      4892.5250
 EELEC  =    -46069.1721  EHBOND  =         0.0000  RESTRAINT  =         0.0000
 EKCMT  =      3234.6932  VIRIAL  =      2843.1428  VOLUME     =    116987.7099
                                                    Density    =         1.0333
 Ewald error estimate:   0.5683E-04
 ------------------------------------------------------------------------------


 NSTEP =    90750   TIME(PS) =    1201.500  TEMP(K) =   299.88  PRESS =  -453.8
 Etot   =    -33379.0292  EKtot   =      7100.9790  EPtot      =    -40480.0083
 BOND   =       182.2949  ANGLE   =       354.2400  DIHED      =       519.8155
 1-4 NB =       166.4980  1-4 EEL =      -356.4642  VDWAALS    =      4682.4077
 EELEC  =    -46028.8001  EHBOND  =         0.0000  RESTRAINT  =         0.0000
 EKCMT  =      3281.0673  VIRIAL  =      4427.2784  VOLUME     =    116980.2715
                                                    Density    =         1.0334
 Ewald error estimate:   0.8800E-05
 ------------------------------------------------------------------------------


 NSTEP =    91000   TIME(PS) =    1202.000  TEMP(K) =   297.38  PRESS =   -60.8
 Etot   =    -33381.3890  EKtot   =      7041.7602  EPtot      =    -40423.1493
 BOND   =       164.4047  ANGLE   =       362.1446  DIHED      =       501.1615
 1-4 NB =       169.4882  1-4 EEL =      -307.9242  VDWAALS    =      4972.1855
 EELEC  =    -46284.6097  EHBOND  =         0.0000  RESTRAINT  =         0.0000
 EKCMT  =      3270.1035  VIRIAL  =      3423.7010  VOLUME     =    116941.9662
                                                    Density    =         1.0337
 Ewald error estimate:   0.5467E-04
 ------------------------------------------------------------------------------


 NSTEP =    91250   TIME(PS) =    1202.500  TEMP(K) =   298.99  PRESS =   275.8
 Etot   =    -33286.4810  EKtot   =      7079.7951  EPtot      =    -40366.2761
 BOND   =       145.6795  ANGLE   =       360.4203  DIHED      =       513.6177
 1-4 NB =       173.3192  1-4 EEL =      -348.5550  VDWAALS    =      4877.4507
 EELEC  =    -46088.2085  EHBOND  =         0.0000  RESTRAINT  =         0.0000
 EKCMT  =      3282.6507  VIRIAL  =      2586.0296  VOLUME     =    116973.4291
                                                    Density    =         1.0335
 Ewald error estimate:   0.1090E-03
 ------------------------------------------------------------------------------


 NSTEP =    91500   TIME(PS) =    1203.000  TEMP(K) =   300.25  PRESS =   177.5
 Etot   =    -33324.8434  EKtot   =      7109.7747  EPtot      =    -40434.6181
 BOND   =       136.5615  ANGLE   =       351.4655  DIHED      =       496.0415
 1-4 NB =       168.1881  1-4 EEL =      -333.4180  VDWAALS    =      4899.9246
 EELEC  =    -46153.3813  EHBOND  =         0.0000  RESTRAINT  =         0.0000
 EKCMT  =      3343.0312  VIRIAL  =      2895.0432  VOLUME     =    116917.4825
                                                    Density    =         1.0340
 Ewald error estimate:   0.2061E-03
 ------------------------------------------------------------------------------


 NSTEP =    91750   TIME(PS) =    1203.500  TEMP(K) =   299.69  PRESS =  -187.4
 Etot   =    -33345.9703  EKtot   =      7096.3575  EPtot      =    -40442.3278
 BOND   =       165.3509  ANGLE   =       340.2255  DIHED      =       510.6849
 1-4 NB =       173.1670  1-4 EEL =      -325.6180  VDWAALS    =      4786.8401
 EELEC  =    -46092.9782  EHBOND  =         0.0000  RESTRAINT  =         0.0000
 EKCMT  =      3305.5316  VIRIAL  =      3778.8312  VOLUME     =    116947.9329
                                                    Density    =         1.0337
 Ewald error estimate:   0.2268E-03
 ------------------------------------------------------------------------------


 NSTEP =    92000   TIME(PS) =    1204.000  TEMP(K) =   299.72  PRESS =   -56.7
 Etot   =    -33332.7992  EKtot   =      7097.2298  EPtot      =    -40430.0290
 BOND   =       170.5915  ANGLE   =       346.9789  DIHED      =       504.1063
 1-4 NB =       162.4280  1-4 EEL =      -341.9038  VDWAALS    =      4863.0477
 EELEC  =    -46135.2777  EHBOND  =         0.0000  RESTRAINT  =         0.0000
 EKCMT  =      3265.7523  VIRIAL  =      3408.8427  VOLUME     =    116872.7622
                                                    Density    =         1.0343
 Ewald error estimate:   0.1090E-03
 ------------------------------------------------------------------------------


 NSTEP =    92250   TIME(PS) =    1204.500  TEMP(K) =   297.43  PRESS =   182.8
 Etot   =    -33439.7860  EKtot   =      7042.9513  EPtot      =    -40482.7373
 BOND   =       150.0443  ANGLE   =       348.2149  DIHED      =       518.2146
 1-4 NB =       184.1369  1-4 EEL =      -321.0703  VDWAALS    =      4983.4713
 EELEC  =    -46345.7490  EHBOND  =         0.0000  RESTRAINT  =         0.0000
 EKCMT  =      3314.0855  VIRIAL  =      2852.6886  VOLUME     =    116913.9493
                                                    Density    =         1.0340
 Ewald error estimate:   0.2193E-03
 ------------------------------------------------------------------------------


 NSTEP =    92500   TIME(PS) =    1205.000  TEMP(K) =   299.60  PRESS =  -132.9
 Etot   =    -33378.2643  EKtot   =      7094.3422  EPtot      =    -40472.6065
 BOND   =       148.5690  ANGLE   =       363.0932  DIHED      =       529.5854
 1-4 NB =       168.2664  1-4 EEL =      -328.1849  VDWAALS    =      4844.4382
 EELEC  =    -46198.3738  EHBOND  =         0.0000  RESTRAINT  =         0.0000
 EKCMT  =      3293.8240  VIRIAL  =      3629.5412  VOLUME     =    117000.0828
                                                    Density    =         1.0332
 Ewald error estimate:   0.2148E-03
 ------------------------------------------------------------------------------


 NSTEP =    92750   TIME(PS) =    1205.500  TEMP(K) =   297.75  PRESS =    45.6
 Etot   =    -33334.2272  EKtot   =      7050.5219  EPtot      =    -40384.7491
 BOND   =       151.2204  ANGLE   =       368.1062  DIHED      =       515.6389
 1-4 NB =       163.7219  1-4 EEL =      -358.5573  VDWAALS    =      4876.4512
 EELEC  =    -46101.3305  EHBOND  =         0.0000  RESTRAINT  =         0.0000
 EKCMT  =      3227.4740  VIRIAL  =      3112.4595  VOLUME     =    116851.3655
                                                    Density    =         1.0345
 Ewald error estimate:   0.1095E-04
 ------------------------------------------------------------------------------


 NSTEP =    93000   TIME(PS) =    1206.000  TEMP(K) =   301.07  PRESS =   -47.5
 Etot   =    -33262.6976  EKtot   =      7129.1053  EPtot      =    -40391.8029
 BOND   =       145.2403  ANGLE   =       338.6580  DIHED      =       511.4384
 1-4 NB =       165.8915  1-4 EEL =      -342.0875  VDWAALS    =      4833.9519
 EELEC  =    -46044.8955  EHBOND  =         0.0000  RESTRAINT  =         0.0000
 EKCMT  =      3302.0557  VIRIAL  =      3421.8645  VOLUME     =    116938.8971
                                                    Density    =         1.0338
 Ewald error estimate:   0.1529E-03
 ------------------------------------------------------------------------------


 NSTEP =    93250   TIME(PS) =    1206.500  TEMP(K) =   304.42  PRESS =    -0.0
 Etot   =    -33138.4946  EKtot   =      7208.5648  EPtot      =    -40347.0594
 BOND   =       170.4739  ANGLE   =       368.4782  DIHED      =       511.0609
 1-4 NB =       164.5267  1-4 EEL =      -353.0935  VDWAALS    =      4796.5390
 EELEC  =    -46005.0447  EHBOND  =         0.0000  RESTRAINT  =         0.0000
 EKCMT  =      3363.1975  VIRIAL  =      3363.2637  VOLUME     =    116955.3538
                                                    Density    =         1.0336
 Ewald error estimate:   0.1841E-05
 ------------------------------------------------------------------------------


 NSTEP =    93500   TIME(PS) =    1207.000  TEMP(K) =   302.22  PRESS =  -198.4
 Etot   =    -33199.7418  EKtot   =      7156.4009  EPtot      =    -40356.1427
 BOND   =       162.5395  ANGLE   =       336.7525  DIHED      =       528.0036
 1-4 NB =       171.0418  1-4 EEL =      -329.3420  VDWAALS    =      4800.5148
 EELEC  =    -46025.6529  EHBOND  =         0.0000  RESTRAINT  =         0.0000
 EKCMT  =      3341.6801  VIRIAL  =      3843.1150  VOLUME     =    117038.7047
                                                    Density    =         1.0329
 Ewald error estimate:   0.7234E-04
 ------------------------------------------------------------------------------


 NSTEP =    93750   TIME(PS) =    1207.500  TEMP(K) =   301.41  PRESS =    27.9
 Etot   =    -33227.5750  EKtot   =      7137.2496  EPtot      =    -40364.8246
 BOND   =       180.7188  ANGLE   =       339.6916  DIHED      =       503.0933
 1-4 NB =       171.1087  1-4 EEL =      -347.2151  VDWAALS    =      4834.7434
 EELEC  =    -46046.9652  EHBOND  =         0.0000  RESTRAINT  =         0.0000
 EKCMT  =      3371.8145  VIRIAL  =      3301.3688  VOLUME     =    117091.8683
                                                    Density    =         1.0324
 Ewald error estimate:   0.9154E-04
 ------------------------------------------------------------------------------


 NSTEP =    94000   TIME(PS) =    1208.000  TEMP(K) =   296.78  PRESS =    51.7
 Etot   =    -33363.2548  EKtot   =      7027.4861  EPtot      =    -40390.7408
 BOND   =       167.0243  ANGLE   =       354.5897  DIHED      =       498.5964
 1-4 NB =       172.8334  1-4 EEL =      -340.0910  VDWAALS    =      4907.9791
 EELEC  =    -46151.6729  EHBOND  =         0.0000  RESTRAINT  =         0.0000
 EKCMT  =      3286.5844  VIRIAL  =      3155.6460  VOLUME     =    117350.7568
                                                    Density    =         1.0301
 Ewald error estimate:   0.8901E-04
 ------------------------------------------------------------------------------


 NSTEP =    94250   TIME(PS) =    1208.500  TEMP(K) =   301.21  PRESS =  -267.1
 Etot   =    -33311.9640  EKtot   =      7132.4338  EPtot      =    -40444.3978
 BOND   =       158.5857  ANGLE   =       357.7324  DIHED      =       513.0963
 1-4 NB =       177.7338  1-4 EEL =      -344.1870  VDWAALS    =      4824.3123
 EELEC  =    -46131.6714  EHBOND  =         0.0000  RESTRAINT  =         0.0000
 EKCMT  =      3370.7580  VIRIAL  =      4046.4728  VOLUME     =    117166.1860
                                                    Density    =         1.0318
 Ewald error estimate:   0.2326E-04
 ------------------------------------------------------------------------------


 NSTEP =    94500   TIME(PS) =    1209.000  TEMP(K) =   300.67  PRESS =   334.4
 Etot   =    -33082.1059  EKtot   =      7119.7622  EPtot      =    -40201.8681
 BOND   =       168.6424  ANGLE   =       343.6612  DIHED      =       505.5038
 1-4 NB =       174.8652  1-4 EEL =      -350.2552  VDWAALS    =      4849.7640
 EELEC  =    -45894.0496  EHBOND  =         0.0000  RESTRAINT  =         0.0000
 EKCMT  =      3348.2811  VIRIAL  =      2501.9728  VOLUME     =    117222.6400
                                                    Density    =         1.0313
 Ewald error estimate:   0.1892E-04
 ------------------------------------------------------------------------------


 NSTEP =    94750   TIME(PS) =    1209.500  TEMP(K) =   301.26  PRESS =  -263.4
 Etot   =    -33138.4134  EKtot   =      7133.6785  EPtot      =    -40272.0919
 BOND   =       155.8259  ANGLE   =       357.2310  DIHED      =       515.8504
 1-4 NB =       167.3049  1-4 EEL =      -335.4066  VDWAALS    =      4725.9109
 EELEC  =    -45858.8084  EHBOND  =         0.0000  RESTRAINT  =         0.0000
 EKCMT  =      3344.6135  VIRIAL  =      4011.6258  VOLUME     =    117277.4222
                                                    Density    =         1.0308
 Ewald error estimate:   0.1143E-03
 ------------------------------------------------------------------------------


 NSTEP =    95000   TIME(PS) =    1210.000  TEMP(K) =   301.56  PRESS =  -144.0
 Etot   =    -33228.9157  EKtot   =      7140.7155  EPtot      =    -40369.6312
 BOND   =       165.7231  ANGLE   =       369.8301  DIHED      =       499.8389
 1-4 NB =       163.1840  1-4 EEL =      -344.1928  VDWAALS    =      4757.8280
 EELEC  =    -45981.8425  EHBOND  =         0.0000  RESTRAINT  =         0.0000
 EKCMT  =      3358.8315  VIRIAL  =      3723.2061  VOLUME     =    117226.5593
                                                    Density    =         1.0312
 Ewald error estimate:   0.1921E-03
 ------------------------------------------------------------------------------


 NSTEP =    95250   TIME(PS) =    1210.500  TEMP(K) =   301.13  PRESS =   -11.1
 Etot   =    -33304.2303  EKtot   =      7130.6284  EPtot      =    -40434.8587
 BOND   =       163.7053  ANGLE   =       333.7596  DIHED      =       508.1531
 1-4 NB =       177.2626  1-4 EEL =      -324.1707  VDWAALS    =      4838.0808
 EELEC  =    -46131.6495  EHBOND  =         0.0000  RESTRAINT  =         0.0000
 EKCMT  =      3278.9190  VIRIAL  =      3307.0850  VOLUME     =    117120.6464
                                                    Density    =         1.0322
 Ewald error estimate:   0.1698E-03
 ------------------------------------------------------------------------------


 NSTEP =    95500   TIME(PS) =    1211.000  TEMP(K) =   297.47  PRESS =   187.7
 Etot   =    -33267.5845  EKtot   =      7044.0048  EPtot      =    -40311.5893
 BOND   =       167.2780  ANGLE   =       357.4790  DIHED      =       504.1448
 1-4 NB =       172.0498  1-4 EEL =      -328.8627  VDWAALS    =      4975.0337
 EELEC  =    -46158.7120  EHBOND  =         0.0000  RESTRAINT  =         0.0000
 EKCMT  =      3271.9775  VIRIAL  =      2797.1448  VOLUME     =    117164.8891
                                                    Density    =         1.0318
 Ewald error estimate:   0.9879E-04
 ------------------------------------------------------------------------------


 NSTEP =    95750   TIME(PS) =    1211.500  TEMP(K) =   299.10  PRESS =  -136.1
 Etot   =    -33271.7399  EKtot   =      7082.5555  EPtot      =    -40354.2954
 BOND   =       148.2870  ANGLE   =       348.8368  DIHED      =       503.8655
 1-4 NB =       171.0119  1-4 EEL =      -335.4624  VDWAALS    =      4800.9220
 EELEC  =    -45991.7563  EHBOND  =         0.0000  RESTRAINT  =         0.0000
 EKCMT  =      3305.4949  VIRIAL  =      3649.4473  VOLUME     =    117088.0898
                                                    Density    =         1.0324
 Ewald error estimate:   0.3892E-04
 ------------------------------------------------------------------------------


 NSTEP =    96000   TIME(PS) =    1212.000  TEMP(K) =   300.71  PRESS =   -78.0
 Etot   =    -33259.1942  EKtot   =      7120.5987  EPtot      =    -40379.7929
 BOND   =       157.4460  ANGLE   =       348.4984  DIHED      =       510.9701
 1-4 NB =       165.8874  1-4 EEL =      -338.7933  VDWAALS    =      4777.0863
 EELEC  =    -46000.8878  EHBOND  =         0.0000  RESTRAINT  =         0.0000
 EKCMT  =      3318.4009  VIRIAL  =      3515.4517  VOLUME     =    116993.3672
                                                    Density    =         1.0333
 Ewald error estimate:   0.6420E-04
 ------------------------------------------------------------------------------


 NSTEP =    96250   TIME(PS) =    1212.500  TEMP(K) =   303.01  PRESS =   274.5
 Etot   =    -33144.3544  EKtot   =      7175.0321  EPtot      =    -40319.3864
 BOND   =       157.7340  ANGLE   =       343.3330  DIHED      =       516.4598
 1-4 NB =       167.1911  1-4 EEL =      -340.9037  VDWAALS    =      4921.9333
 EELEC  =    -46085.1339  EHBOND  =         0.0000  RESTRAINT  =         0.0000
 EKCMT  =      3383.7533  VIRIAL  =      2689.6908  VOLUME     =    117092.4917
                                                    Density    =         1.0324
 Ewald error estimate:   0.1449E-03
 ------------------------------------------------------------------------------


 NSTEP =    96500   TIME(PS) =    1213.000  TEMP(K) =   301.59  PRESS =     1.0
 Etot   =    -33184.9027  EKtot   =      7141.5314  EPtot      =    -40326.4342
 BOND   =       155.9122  ANGLE   =       345.5464  DIHED      =       503.9292
 1-4 NB =       173.1716  1-4 EEL =      -370.9640  VDWAALS    =      4831.0570
 EELEC  =    -45965.0865  EHBOND  =         0.0000  RESTRAINT  =         0.0000
 EKCMT  =      3304.5488  VIRIAL  =      3302.0430  VOLUME     =    117114.3545
                                                    Density    =         1.0322
 Ewald error estimate:   0.6368E-04
 ------------------------------------------------------------------------------


 NSTEP =    96750   TIME(PS) =    1213.500  TEMP(K) =   301.88  PRESS =   125.3
 Etot   =    -33250.6150  EKtot   =      7148.3147  EPtot      =    -40398.9297
 BOND   =       144.1029  ANGLE   =       344.7759  DIHED      =       501.0260
 1-4 NB =       170.7164  1-4 EEL =      -329.0808  VDWAALS    =      4864.0713
 EELEC  =    -46094.5414  EHBOND  =         0.0000  RESTRAINT  =         0.0000
 EKCMT  =      3403.5990  VIRIAL  =      3087.0226  VOLUME     =    117034.1651
                                                    Density    =         1.0329
 Ewald error estimate:   0.1083E-03
 ------------------------------------------------------------------------------


 NSTEP =    97000   TIME(PS) =    1214.000  TEMP(K) =   302.78  PRESS =   158.3
 Etot   =    -33117.5385  EKtot   =      7169.5587  EPtot      =    -40287.0972
 BOND   =       150.9081  ANGLE   =       349.6372  DIHED      =       494.8809
 1-4 NB =       162.5074  1-4 EEL =      -330.0430  VDWAALS    =      4768.5307
 EELEC  =    -45883.5186  EHBOND  =         0.0000  RESTRAINT  =         0.0000
 EKCMT  =      3423.9638  VIRIAL  =      3023.6532  VOLUME     =    117148.9051
                                                    Density    =         1.0319
 Ewald error estimate:   0.4615E-04
 ------------------------------------------------------------------------------


 NSTEP =    97250   TIME(PS) =    1214.500  TEMP(K) =   300.75  PRESS =   238.1
 Etot   =    -33284.9089  EKtot   =      7121.6378  EPtot      =    -40406.5467
 BOND   =       141.3112  ANGLE   =       353.8931  DIHED      =       496.2266
 1-4 NB =       172.7499  1-4 EEL =      -347.9707  VDWAALS    =      4974.5696
 EELEC  =    -46197.3264  EHBOND  =         0.0000  RESTRAINT  =         0.0000
 EKCMT  =      3332.6901  VIRIAL  =      2730.1507  VOLUME     =    117197.9445
                                                    Density    =         1.0315
 Ewald error estimate:   0.5294E-04
 ------------------------------------------------------------------------------


 NSTEP =    97500   TIME(PS) =    1215.000  TEMP(K) =   302.07  PRESS =    14.2
 Etot   =    -33208.1295  EKtot   =      7152.9140  EPtot      =    -40361.0435
 BOND   =       147.9986  ANGLE   =       383.5544  DIHED      =       506.6619
 1-4 NB =       157.1393  1-4 EEL =      -354.7428  VDWAALS    =      4882.4769
 EELEC  =    -46084.1319  EHBOND  =         0.0000  RESTRAINT  =         0.0000
 EKCMT  =      3348.2764  VIRIAL  =      3312.1873  VOLUME     =    117318.0460
                                                    Density    =         1.0304
 Ewald error estimate:   0.7521E-05
 ------------------------------------------------------------------------------


 NSTEP =    97750   TIME(PS) =    1215.500  TEMP(K) =   303.39  PRESS =   -95.7
 Etot   =    -33151.0845  EKtot   =      7183.9831  EPtot      =    -40335.0676
 BOND   =       164.3247  ANGLE   =       378.2162  DIHED      =       504.4681
 1-4 NB =       174.4536  1-4 EEL =      -354.0032  VDWAALS    =      4867.1010
 EELEC  =    -46069.6280  EHBOND  =         0.0000  RESTRAINT  =         0.0000
 EKCMT  =      3382.8540  VIRIAL  =      3625.5549  VOLUME     =    117496.6174
                                                    Density    =         1.0289
 Ewald error estimate:   0.5157E-04
 ------------------------------------------------------------------------------


 NSTEP =    98000   TIME(PS) =    1216.000  TEMP(K) =   300.38  PRESS =  -283.3
 Etot   =    -33072.1381  EKtot   =      7112.9030  EPtot      =    -40185.0411
 BOND   =       158.5520  ANGLE   =       368.0506  DIHED      =       503.0376
 1-4 NB =       174.6124  1-4 EEL =      -343.3240  VDWAALS    =      4773.6473
 EELEC  =    -45819.6168  EHBOND  =         0.0000  RESTRAINT  =         0.0000
 EKCMT  =      3281.8802  VIRIAL  =      4000.6193  VOLUME     =    117499.5231
                                                    Density    =         1.0288
 Ewald error estimate:   0.6109E-05
 ------------------------------------------------------------------------------


 NSTEP =    98250   TIME(PS) =    1216.500  TEMP(K) =   305.19  PRESS =   238.0
 Etot   =    -32895.8421  EKtot   =      7226.7395  EPtot      =    -40122.5815
 BOND   =       177.7162  ANGLE   =       380.1544  DIHED      =       484.7122
 1-4 NB =       165.2502  1-4 EEL =      -373.7372  VDWAALS    =      4849.7466
 EELEC  =    -45806.4240  EHBOND  =         0.0000  RESTRAINT  =         0.0000
 EKCMT  =      3409.1713  VIRIAL  =      2805.5801  VOLUME     =    117462.9110
                                                    Density    =         1.0291
 Ewald error estimate:   0.1366E-03
 ------------------------------------------------------------------------------


 NSTEP =    98500   TIME(PS) =    1217.000  TEMP(K) =   300.26  PRESS =  -291.2
 Etot   =    -33071.9138  EKtot   =      7110.0105  EPtot      =    -40181.9243
 BOND   =       157.7010  ANGLE   =       372.4433  DIHED      =       494.8594
 1-4 NB =       166.2526  1-4 EEL =      -373.2230  VDWAALS    =      4739.4986
 EELEC  =    -45739.4562  EHBOND  =         0.0000  RESTRAINT  =         0.0000
 EKCMT  =      3268.0716  VIRIAL  =      4006.7687  VOLUME     =    117478.7241
                                                    Density    =         1.0290
 Ewald error estimate:   0.2604E-03
 ------------------------------------------------------------------------------


 NSTEP =    98750   TIME(PS) =    1217.500  TEMP(K) =   303.22  PRESS =    71.5
 Etot   =    -32988.8842  EKtot   =      7179.9915  EPtot      =    -40168.8757
 BOND   =       163.2772  ANGLE   =       352.6797  DIHED      =       491.0649
 1-4 NB =       161.6917  1-4 EEL =      -364.5169  VDWAALS    =      4799.2305
 EELEC  =    -45772.3027  EHBOND  =         0.0000  RESTRAINT  =         0.0000
 EKCMT  =      3366.4678  VIRIAL  =      3185.2064  VOLUME     =    117398.3814
                                                    Density    =         1.0297
 Ewald error estimate:   0.1285E-03
 ------------------------------------------------------------------------------


 NSTEP =    99000   TIME(PS) =    1218.000  TEMP(K) =   302.30  PRESS =  -181.4
 Etot   =    -33081.7677  EKtot   =      7158.2952  EPtot      =    -40240.0629
 BOND   =       153.6700  ANGLE   =       373.9992  DIHED      =       492.1049
 1-4 NB =       170.8758  1-4 EEL =      -346.8477  VDWAALS    =      4778.9121
 EELEC  =    -45862.7772  EHBOND  =         0.0000  RESTRAINT  =         0.0000
 EKCMT  =      3330.8185  VIRIAL  =      3790.5549  VOLUME     =    117393.0534
                                                    Density    =         1.0298
 Ewald error estimate:   0.1030E-03
 ------------------------------------------------------------------------------


 NSTEP =    99250   TIME(PS) =    1218.500  TEMP(K) =   299.78  PRESS =   376.3
 Etot   =    -33154.8651  EKtot   =      7098.6437  EPtot      =    -40253.5088
 BOND   =       152.6084  ANGLE   =       387.6026  DIHED      =       487.4882
 1-4 NB =       173.0691  1-4 EEL =      -341.9971  VDWAALS    =      4968.7338
 EELEC  =    -46081.0138  EHBOND  =         0.0000  RESTRAINT  =         0.0000
 EKCMT  =      3304.3247  VIRIAL  =      2350.4779  VOLUME     =    117389.4769
                                                    Density    =         1.0298
 Ewald error estimate:   0.1061E-03
 ------------------------------------------------------------------------------


 NSTEP =    99500   TIME(PS) =    1219.000  TEMP(K) =   296.53  PRESS =   -26.0
 Etot   =    -33315.2426  EKtot   =      7021.5349  EPtot      =    -40336.7775
 BOND   =       172.8240  ANGLE   =       351.5857  DIHED      =       503.4347
 1-4 NB =       165.5578  1-4 EEL =      -352.7375  VDWAALS    =      4782.8011
 EELEC  =    -45960.2434  EHBOND  =         0.0000  RESTRAINT  =         0.0000
 EKCMT  =      3257.3849  VIRIAL  =      3323.1330  VOLUME     =    117238.5459
                                                    Density    =         1.0311
 Ewald error estimate:   0.2133E-03
 ------------------------------------------------------------------------------


 NSTEP =    99750   TIME(PS) =    1219.500  TEMP(K) =   299.35  PRESS =   -96.3
 Etot   =    -33308.7502  EKtot   =      7088.4097  EPtot      =    -40397.1599
 BOND   =       174.2221  ANGLE   =       349.4307  DIHED      =       499.0304
 1-4 NB =       169.1589  1-4 EEL =      -349.1837  VDWAALS    =      4821.3403
 EELEC  =    -46061.1586  EHBOND  =         0.0000  RESTRAINT  =         0.0000
 EKCMT  =      3336.7510  VIRIAL  =      3580.2376  VOLUME     =    117075.0334
                                                    Density    =         1.0326
 Ewald error estimate:   0.7805E-04
 ------------------------------------------------------------------------------


 NSTEP =   100000   TIME(PS) =    1220.000  TEMP(K) =   298.21  PRESS =     6.7
 Etot   =    -33357.8382  EKtot   =      7061.3145  EPtot      =    -40419.1527
 BOND   =       177.7754  ANGLE   =       354.8981  DIHED      =       499.3979
 1-4 NB =       166.7750  1-4 EEL =      -338.9909  VDWAALS    =      4881.6282
 EELEC  =    -46160.6364  EHBOND  =         0.0000  RESTRAINT  =         0.0000
 EKCMT  =      3312.2499  VIRIAL  =      3295.2565  VOLUME     =    117024.4511
                                                    Density    =         1.0330
 Ewald error estimate:   0.4888E-05
 ------------------------------------------------------------------------------


      A V E R A G E S   O V E R  100000 S T E P S


 NSTEP =   100000   TIME(PS) =    1220.000  TEMP(K) =   299.37  PRESS =     0.7
 Etot   =    -33320.0644  EKtot   =      7088.9420  EPtot      =    -40409.0064
 BOND   =       155.0914  ANGLE   =       350.1803  DIHED      =       505.0976
 1-4 NB =       170.1847  1-4 EEL =      -340.4361  VDWAALS    =      4869.2172
 EELEC  =    -46118.3416  EHBOND  =         0.0000  RESTRAINT  =         0.0000
 EKCMT  =      3316.8615  VIRIAL  =      3315.0113  VOLUME     =    117068.2766
                                                    Density    =         1.0326
 Ewald error estimate:   0.9816E-04
 ------------------------------------------------------------------------------


      R M S  F L U C T U A T I O N S


 NSTEP =   100000   TIME(PS) =    1220.000  TEMP(K) =     7.11  PRESS =   223.0
 Etot   =       426.3301  EKtot   =       168.3205  EPtot      =       277.2767
 BOND   =        10.9090  ANGLE   =        15.5176  DIHED      =         9.0858
 1-4 NB =         4.7422  1-4 EEL =        13.2407  VDWAALS    =       114.8230
 EELEC  =       350.2613  EHBOND  =         0.0000  RESTRAINT  =         0.0000
 EKCMT  =        84.4125  VIRIAL  =       544.6863  VOLUME     =       362.6611
                                                    Density    =         0.0032
 Ewald error estimate:   0.7380E-04
 ------------------------------------------------------------------------------


--------------------------------------------------------------------------------
   5.  TIMINGS
--------------------------------------------------------------------------------

|                Build the list          1991.39 (99.85% of List )
|                Other                      2.92 ( 0.15% of List )
|             List time               1994.31 (13.41% of Nonbo)
|                   Short_ene time         11018.30 (99.43% of Direc)
|                   Other                     63.20 ( 0.57% of Direc)
|                Direct Ewald time      11081.50 (86.06% of Ewald)
|                Adjust Ewald time         51.23 ( 0.40% of Ewald)
|                   Fill Bspline coeffs       65.69 ( 3.79% of Recip)
|                   Fill charge grid         157.12 ( 9.06% of Recip)
|                   Scalar sum               504.78 (29.11% of Recip)
|                   Grad sum                 341.05 (19.67% of Recip)
|                   FFT time                 665.40 (38.37% of Recip)
|                Recip Ewald time        1734.11 (13.47% of Ewald)
|                Force Adjust               1.17 ( 0.01% of Ewald)
|                Virial junk                4.36 ( 0.03% of Ewald)
|                Other                      4.58 ( 0.04% of Ewald)
|             Ewald time             12877.05 (86.59% of Nonbo)
|          Nonbond force          14871.40 (99.67% of Force)
|          Bond/Angle/Dihedral       48.31 ( 0.32% of Force)
|          Other                      1.15 ( 0.01% of Force)
|       Force time             14920.86 (97.95% of Runmd)
|       Shake time                55.39 ( 0.36% of Runmd)
|       Verlet update time       248.43 ( 1.63% of Runmd)
|       Ekcmr time                 5.93 ( 0.04% of Runmd)
|       Other                      3.24 ( 0.02% of Runmd)
|    Runmd Time             15233.85 (100.0% of Total)
| Total time             15233.92 (100.0% of ALL  )

| Number of list builds   :      10306

| Highest rstack allocated:     664033
| Highest istack allocated:      11705

| Final Performance Info:
| -----------------------------------------------------
| Average timings for all steps:
|     Elapsed(s) =   15233.85 Per Step(ms) =     152.34
|         ns/day =       1.13   seconds/ns =   76169.24
| -----------------------------------------------------

|           Job began  at 13:46:26.160  on 05/28/2026
|           Setup done at 13:46:26.231  on 05/28/2026
|           Run   done at 18:00:20.080  on 05/28/2026
|     wallclock() was called 4621025 times

|3D-RISM memory allocation summary
|Type          Maximum        Current   
|Integer       0.00000 GB     0.00000 GB
|Real          0.00000 GB     0.00000 GB
|Logical       0.00000 GB     0.00000 GB
|Character     0.00000 GB     0.00000 GB
|---------------------------------------
|Total         0.00000 GB     0.00000 GB
