
          -------------------------------------------------------
          Amber 18 SANDER                              2018
          -------------------------------------------------------

| Run on 05/28/2026 at 01:03:33

|   Executable path: /home/ando/amber/amber18/bin/sander
| Working directory: /home/test/yazawa/tutorial6
|          Hostname: Unknown
  [-O]verwriting output

File Assignments:
|  MDIN: a-dna_md_1800ps.in                                                    
| MDOUT: a-dna_md4.out                                                         
|INPCRD: a-dna_md3.ncrst                                                       
|  PARM: a-dna_wat.prmtop                                                      
|RESTRT: a-dna_md4.ncrst                                                       
|  REFC: refc                                                                  
| MDVEL: mdvel                                                                 
| MDFRC: mdfrc                                                                 
|  MDEN: mden                                                                  
| MDCRD: a-dna_md4.nc                                                          
|MDINFO: mdinfo                                                                
|  MTMD: mtmd                                                                  
|INPDIP: inpdip                                                                
|RSTDIP: rstdip                                                                
|INPTRA: inptraj                                                               


 Here is the input file:

A-DNA 10-mer: 200ps of MD                                                      
 &cntrl                                                                        
  imin = 0, irest = 1, ntx = 7,                                                
  ntb = 2, pres0 = 1.0, ntp = 1,                                               
  taup = 2.0,                                                                  
  cut = 10.0, ntr = 0,                                                         
  ntc = 2, ntf = 2,                                                            
  tempi = 300.0, temp0 = 300.0,                                                
  ntt = 3, gamma_ln = 1.0,                                                     
  nstlim = 100000, dt = 0.002,                                                 
  ntpr = 250, ntwx = 250, ntwr = 10000                                         
 /                                                                             

--------------------------------------------------------------------------------
   1.  RESOURCE   USE: 
--------------------------------------------------------------------------------

| Flags:                                                                        
 getting box info from netcdf restart file
| NetCDF restart box info found
|Largest sphere to fit in unit cell has radius =    21.780
| New format PARM file being parsed.
| Version =    1.000 Date = 05/27/26 Time = 15:52:42
 NATOM  =   11705 NTYPES =      17 NBONH =   11283 MBONA  =     452
 NTHETH =     554 MTHETA =     694 NPHIH =    1084 MPHIA  =    1326
 NHPARM =       0 NPARM  =       0 NNB   =   18294 NRES   =    3721
 NBONA  =     452 NTHETA =     694 NPHIA =    1326 NUMBND =      41
 NUMANG =      75 NPTRA  =      56 NATYP =      29 NPHB   =       1
 IFBOX  =       2 NMXRS  =      33 IFCAP =       0 NEXTRA =       0
 NCOPY  =       0


|     Memory Use     Allocated
|     Real              859321
|     Hollerith          38838
|     Integer           405322
|     Max Pairs        6742080
|     nblistReal        140460
|     nblist Int        358030
|       Total            37280 kbytes

| Note: 1-4 EEL scale factors are being read from the topology file.

| Note: 1-4 VDW scale factors are being read from the topology file.
| Duplicated    0 dihedrals
| Duplicated    0 dihedrals

     BOX TYPE: TRUNCATED OCTAHEDRON

--------------------------------------------------------------------------------
   2.  CONTROL  DATA  FOR  THE  RUN
--------------------------------------------------------------------------------

default_name                                                                    

General flags:
     imin    =       0, nmropt  =       0

Nature and format of input:
     ntx     =       7, irest   =       1, ntrx    =       1

Nature and format of output:
     ntxo    =       2, ntpr    =     250, ntrx    =       1, ntwr    =   10000
     iwrap   =       0, ntwx    =     250, ntwv    =       0, ntwe    =       0
     ioutfm  =       1, ntwprt  =       0, idecomp =       0, rbornstat=      0

Potential function:
     ntf     =       2, ntb     =       2, igb     =       0, nsnb    =      25
     ipol    =       0, gbsa    =       0, iesp    =       0
     dielc   =   1.00000, cut     =  10.00000, intdiel =   1.00000

Frozen or restrained atoms:
     ibelly  =       0, ntr     =       0

Molecular dynamics:
     nstlim  =    100000, nscm    =      1000, nrespa  =         1
     t       =   0.00000, dt      =   0.00200, vlimit  =  20.00000

Langevin dynamics temperature regulation:
     ig      =   71277
     temp0   = 300.00000, tempi   = 300.00000, gamma_ln=   1.00000

Pressure regulation:
     ntp     =       1
     pres0   =   1.00000, comp    =  44.60000, taup    =   2.00000

SHAKE:
     ntc     =       2, jfastw  =       0
     tol     =   0.00001

Ewald parameters:
     verbose =       0, ew_type =       0, nbflag  =       1, use_pme =       1
     vdwmeth =       1, eedmeth =       1, netfrc  =       1
     Box X =   53.350   Box Y =   53.350   Box Z =   53.350
     Alpha =  109.471   Beta  =  109.471   Gamma =  109.471
     NFFT1 =   54       NFFT2 =   54       NFFT3 =   54
     Cutoff=   10.000   Tol   =0.100E-04
     Ewald Coefficient =  0.27511
     Interpolation order =    4
|  INFO: Old style inpcrd file read


--------------------------------------------------------------------------------
   3.  ATOMIC COORDINATES AND VELOCITIES
--------------------------------------------------------------------------------

default_name                                                                    
 begin time read from input coords =   420.000 ps

 Number of triangulated 3-point waters found:     3683

     Sum of charges from parm topology file =   0.00000008
     Forcing neutrality...

--------------------------------------------------------------------------------
   4.  RESULTS
--------------------------------------------------------------------------------

|  # of SOLUTE  degrees of freedom (RNDFP):   23832.
|  # of SOLVENT degrees of freedom (RNDFS):       0.
|  NDFMIN =   23832.     NUM_NOSHAKE =      0     CORRECTED RNDFP =   23832.
|  TOTAL # of degrees of freedom (RNDF) =   23832.
 ---------------------------------------------------
 APPROXIMATING switch and d/dx switch using CUBIC SPLINE INTERPOLATION
 using   5000.0 points per unit in tabled values
 TESTING RELATIVE ERROR over r ranging from 0.0 to cutoff
| CHECK switch(x): max rel err =   0.2738E-14   at   2.422500
| CHECK d/dx switch(x): max rel err =   0.8314E-11   at   2.736960
 ---------------------------------------------------
| Local SIZE OF NONBOND LIST =    4224596
| TOTAL SIZE OF NONBOND LIST =    4224596

 NSTEP =      250   TIME(PS) =     420.500  TEMP(K) =   227.95  PRESS =  -338.8
 Etot   =    -37952.3836  EKtot   =      5397.6914  EPtot      =    -43350.0750
 BOND   =       109.4332  ANGLE   =       281.9914  DIHED      =       492.3768
 1-4 NB =       165.6163  1-4 EEL =      -358.7890  VDWAALS    =      5740.0778
 EELEC  =    -49780.7815  EHBOND  =         0.0000  RESTRAINT  =         0.0000
 EKCMT  =      2593.7250  VIRIAL  =      3435.4098  VOLUME     =    115072.6293
                                                    Density    =         1.0505
 Ewald error estimate:   0.4998E-04
 ------------------------------------------------------------------------------


 NSTEP =      500   TIME(PS) =     421.000  TEMP(K) =   257.36  PRESS =   -83.9
 Etot   =    -36625.2242  EKtot   =      6094.1865  EPtot      =    -42719.4107
 BOND   =       125.7900  ANGLE   =       309.3876  DIHED      =       494.4864
 1-4 NB =       178.9157  1-4 EEL =      -355.9622  VDWAALS    =      5698.1206
 EELEC  =    -49170.1488  EHBOND  =         0.0000  RESTRAINT  =         0.0000
 EKCMT  =      2844.6197  VIRIAL  =      3052.8928  VOLUME     =    114909.5253
                                                    Density    =         1.0520
 Ewald error estimate:   0.5669E-04
 ------------------------------------------------------------------------------


 NSTEP =      750   TIME(PS) =     421.500  TEMP(K) =   270.45  PRESS =   746.5
 Etot   =    -35670.9169  EKtot   =      6403.9797  EPtot      =    -42074.8967
 BOND   =       137.9990  ANGLE   =       309.5639  DIHED      =       513.0228
 1-4 NB =       165.6361  1-4 EEL =      -341.3556  VDWAALS    =      5629.4844
 EELEC  =    -48489.2473  EHBOND  =         0.0000  RESTRAINT  =         0.0000
 EKCMT  =      2963.8289  VIRIAL  =      1107.8405  VOLUME     =    115157.6648
                                                    Density    =         1.0498
 Ewald error estimate:   0.1765E-03
 ------------------------------------------------------------------------------


 NSTEP =     1000   TIME(PS) =     422.000  TEMP(K) =   279.36  PRESS =   102.2
 Etot   =    -34881.8905  EKtot   =      6614.9703  EPtot      =    -41496.8608
 BOND   =       153.6740  ANGLE   =       339.7745  DIHED      =       514.2576
 1-4 NB =       173.0667  1-4 EEL =      -352.5356  VDWAALS    =      5201.9427
 EELEC  =    -47527.0407  EHBOND  =         0.0000  RESTRAINT  =         0.0000
 EKCMT  =      3129.9281  VIRIAL  =      2875.5613  VOLUME     =    115288.7244
                                                    Density    =         1.0486
 Ewald error estimate:   0.5006E-04
 ------------------------------------------------------------------------------


 NSTEP =     1250   TIME(PS) =     422.500  TEMP(K) =   288.78  PRESS =     3.6
 Etot   =    -34419.6792  EKtot   =      6838.1508  EPtot      =    -41257.8300
 BOND   =       144.1086  ANGLE   =       323.3016  DIHED      =       509.8100
 1-4 NB =       164.5239  1-4 EEL =      -333.3396  VDWAALS    =      5088.8564
 EELEC  =    -47155.0910  EHBOND  =         0.0000  RESTRAINT  =         0.0000
 EKCMT  =      3200.1981  VIRIAL  =      3191.2281  VOLUME     =    115274.3357
                                                    Density    =         1.0487
 Ewald error estimate:   0.1402E-03
 ------------------------------------------------------------------------------


 NSTEP =     1500   TIME(PS) =     423.000  TEMP(K) =   288.36  PRESS =   189.3
 Etot   =    -34289.1550  EKtot   =      6828.0770  EPtot      =    -41117.2320
 BOND   =       140.6084  ANGLE   =       334.0770  DIHED      =       494.1708
 1-4 NB =       170.4165  1-4 EEL =      -359.0457  VDWAALS    =      5133.7665
 EELEC  =    -47031.2255  EHBOND  =         0.0000  RESTRAINT  =         0.0000
 EKCMT  =      3200.0401  VIRIAL  =      2728.0382  VOLUME     =    115509.9407
                                                    Density    =         1.0466
 Ewald error estimate:   0.4247E-04
 ------------------------------------------------------------------------------


 NSTEP =     1750   TIME(PS) =     423.500  TEMP(K) =   289.98  PRESS =   178.4
 Etot   =    -34033.7897  EKtot   =      6866.4311  EPtot      =    -40900.2209
 BOND   =       146.9605  ANGLE   =       315.4674  DIHED      =       499.4772
 1-4 NB =       174.9646  1-4 EEL =      -339.5663  VDWAALS    =      5029.7054
 EELEC  =    -46727.2295  EHBOND  =         0.0000  RESTRAINT  =         0.0000
 EKCMT  =      3260.4246  VIRIAL  =      2814.9876  VOLUME     =    115624.6996
                                                    Density    =         1.0455
 Ewald error estimate:   0.5473E-04
 ------------------------------------------------------------------------------


 NSTEP =     2000   TIME(PS) =     424.000  TEMP(K) =   292.34  PRESS =   181.6
 Etot   =    -33790.6673  EKtot   =      6922.3184  EPtot      =    -40712.9857
 BOND   =       140.5878  ANGLE   =       362.7522  DIHED      =       503.7645
 1-4 NB =       169.1208  1-4 EEL =      -332.5616  VDWAALS    =      5004.0089
 EELEC  =    -46560.6583  EHBOND  =         0.0000  RESTRAINT  =         0.0000
 EKCMT  =      3216.3524  VIRIAL  =      2762.3878  VOLUME     =    115761.9945
                                                    Density    =         1.0443
 Ewald error estimate:   0.2254E-03
 ------------------------------------------------------------------------------


 NSTEP =     2250   TIME(PS) =     424.500  TEMP(K) =   297.50  PRESS =   103.8
 Etot   =    -33597.5576  EKtot   =      7044.7198  EPtot      =    -40642.2774
 BOND   =       159.0411  ANGLE   =       352.4071  DIHED      =       503.2089
 1-4 NB =       168.8722  1-4 EEL =      -340.6619  VDWAALS    =      4888.0205
 EELEC  =    -46373.1653  EHBOND  =         0.0000  RESTRAINT  =         0.0000
 EKCMT  =      3259.0169  VIRIAL  =      2999.0246  VOLUME     =    116011.2523
                                                    Density    =         1.0420
 Ewald error estimate:   0.5506E-04
 ------------------------------------------------------------------------------


 NSTEP =     2500   TIME(PS) =     425.000  TEMP(K) =   296.00  PRESS =    72.2
 Etot   =    -33463.0857  EKtot   =      7009.1403  EPtot      =    -40472.2259
 BOND   =       155.6022  ANGLE   =       362.3097  DIHED      =       512.1212
 1-4 NB =       181.1414  1-4 EEL =      -365.3464  VDWAALS    =      4915.2186
 EELEC  =    -46233.2727  EHBOND  =         0.0000  RESTRAINT  =         0.0000
 EKCMT  =      3287.7005  VIRIAL  =      3106.2625  VOLUME     =    116333.9393
                                                    Density    =         1.0391
 Ewald error estimate:   0.1040E-03
 ------------------------------------------------------------------------------


 NSTEP =     2750   TIME(PS) =     425.500  TEMP(K) =   297.09  PRESS =   199.8
 Etot   =    -33570.9693  EKtot   =      7034.9560  EPtot      =    -40605.9253
 BOND   =       153.0890  ANGLE   =       348.1208  DIHED      =       520.0671
 1-4 NB =       166.9225  1-4 EEL =      -358.2234  VDWAALS    =      4889.8907
 EELEC  =    -46325.7921  EHBOND  =         0.0000  RESTRAINT  =         0.0000
 EKCMT  =      3341.6314  VIRIAL  =      2839.7959  VOLUME     =    116313.5148
                                                    Density    =         1.0393
 Ewald error estimate:   0.4273E-04
 ------------------------------------------------------------------------------


 NSTEP =     3000   TIME(PS) =     426.000  TEMP(K) =   295.84  PRESS =   229.8
 Etot   =    -33482.7548  EKtot   =      7005.3155  EPtot      =    -40488.0703
 BOND   =       144.4777  ANGLE   =       354.2343  DIHED      =       510.3303
 1-4 NB =       173.7033  1-4 EEL =      -343.4434  VDWAALS    =      4978.0105
 EELEC  =    -46305.3830  EHBOND  =         0.0000  RESTRAINT  =         0.0000
 EKCMT  =      3303.0166  VIRIAL  =      2725.1993  VOLUME     =    116452.7155
                                                    Density    =         1.0381
 Ewald error estimate:   0.8656E-04
 ------------------------------------------------------------------------------


 NSTEP =     3250   TIME(PS) =     426.500  TEMP(K) =   301.46  PRESS =   -44.3
 Etot   =    -33342.6969  EKtot   =      7138.4103  EPtot      =    -40481.1072
 BOND   =       152.9344  ANGLE   =       369.0899  DIHED      =       510.4170
 1-4 NB =       178.0690  1-4 EEL =      -360.3989  VDWAALS    =      4854.3886
 EELEC  =    -46185.6072  EHBOND  =         0.0000  RESTRAINT  =         0.0000
 EKCMT  =      3377.6653  VIRIAL  =      3489.3267  VOLUME     =    116677.0648
                                                    Density    =         1.0361
 Ewald error estimate:   0.4718E-04
 ------------------------------------------------------------------------------


 NSTEP =     3500   TIME(PS) =     427.000  TEMP(K) =   302.88  PRESS =    39.6
 Etot   =    -33269.8190  EKtot   =      7171.9349  EPtot      =    -40441.7539
 BOND   =       164.6463  ANGLE   =       330.4860  DIHED      =       514.6075
 1-4 NB =       162.2080  1-4 EEL =      -360.1508  VDWAALS    =      4839.5372
 EELEC  =    -46093.0881  EHBOND  =         0.0000  RESTRAINT  =         0.0000
 EKCMT  =      3411.8170  VIRIAL  =      3312.1185  VOLUME     =    116682.9737
                                                    Density    =         1.0360
 Ewald error estimate:   0.1683E-03
 ------------------------------------------------------------------------------


 NSTEP =     3750   TIME(PS) =     427.500  TEMP(K) =   301.53  PRESS =   -48.2
 Etot   =    -33270.7391  EKtot   =      7140.0699  EPtot      =    -40410.8090
 BOND   =       154.6267  ANGLE   =       343.9820  DIHED      =       510.2675
 1-4 NB =       169.3553  1-4 EEL =      -357.6438  VDWAALS    =      4864.2835
 EELEC  =    -46095.6801  EHBOND  =         0.0000  RESTRAINT  =         0.0000
 EKCMT  =      3285.6475  VIRIAL  =      3407.1379  VOLUME     =    116815.4638
                                                    Density    =         1.0349
 Ewald error estimate:   0.1666E-03
 ------------------------------------------------------------------------------


 NSTEP =     4000   TIME(PS) =     428.000  TEMP(K) =   298.34  PRESS =    -1.1
 Etot   =    -33339.4110  EKtot   =      7064.4435  EPtot      =    -40403.8545
 BOND   =       150.8669  ANGLE   =       339.6030  DIHED      =       506.9032
 1-4 NB =       166.1405  1-4 EEL =      -354.7403  VDWAALS    =      4870.3978
 EELEC  =    -46083.0256  EHBOND  =         0.0000  RESTRAINT  =         0.0000
 EKCMT  =      3312.6324  VIRIAL  =      3315.3867  VOLUME     =    116793.3972
                                                    Density    =         1.0350
 Ewald error estimate:   0.6312E-04
 ------------------------------------------------------------------------------


 NSTEP =     4250   TIME(PS) =     428.500  TEMP(K) =   304.97  PRESS =   -64.4
 Etot   =    -33275.9165  EKtot   =      7221.5551  EPtot      =    -40497.4717
 BOND   =       166.9541  ANGLE   =       352.0464  DIHED      =       498.4518
 1-4 NB =       166.2942  1-4 EEL =      -345.4123  VDWAALS    =      4853.1844
 EELEC  =    -46188.9902  EHBOND  =         0.0000  RESTRAINT  =         0.0000
 EKCMT  =      3358.0393  VIRIAL  =      3520.5911  VOLUME     =    116826.1858
                                                    Density    =         1.0348
 Ewald error estimate:   0.2341E-03
 ------------------------------------------------------------------------------


 NSTEP =     4500   TIME(PS) =     429.000  TEMP(K) =   300.43  PRESS =   372.1
 Etot   =    -33330.4582  EKtot   =      7113.9211  EPtot      =    -40444.3793
 BOND   =       159.6668  ANGLE   =       358.6166  DIHED      =       514.1341
 1-4 NB =       174.1555  1-4 EEL =      -347.4832  VDWAALS    =      4883.6720
 EELEC  =    -46187.1411  EHBOND  =         0.0000  RESTRAINT  =         0.0000
 EKCMT  =      3363.9372  VIRIAL  =      2423.9441  VOLUME     =    116989.8562
                                                    Density    =         1.0333
 Ewald error estimate:   0.1081E-04
 ------------------------------------------------------------------------------


 NSTEP =     4750   TIME(PS) =     429.500  TEMP(K) =   299.61  PRESS =   -86.1
 Etot   =    -33407.7161  EKtot   =      7094.6028  EPtot      =    -40502.3189
 BOND   =       155.5087  ANGLE   =       342.5086  DIHED      =       498.2307
 1-4 NB =       165.7822  1-4 EEL =      -339.0235  VDWAALS    =      4785.6333
 EELEC  =    -46110.9589  EHBOND  =         0.0000  RESTRAINT  =         0.0000
 EKCMT  =      3275.6945  VIRIAL  =      3493.1302  VOLUME     =    116971.5269
                                                    Density    =         1.0335
 Ewald error estimate:   0.1024E-03
 ------------------------------------------------------------------------------


 NSTEP =     5000   TIME(PS) =     430.000  TEMP(K) =   300.79  PRESS =  -431.0
 Etot   =    -33203.9794  EKtot   =      7122.5161  EPtot      =    -40326.4954
 BOND   =       137.5720  ANGLE   =       370.1191  DIHED      =       511.0811
 1-4 NB =       169.5038  1-4 EEL =      -351.0798  VDWAALS    =      4656.1817
 EELEC  =    -45819.8734  EHBOND  =         0.0000  RESTRAINT  =         0.0000
 EKCMT  =      3353.6302  VIRIAL  =      4440.6443  VOLUME     =    116823.2995
                                                    Density    =         1.0348
 Ewald error estimate:   0.1594E-03
 ------------------------------------------------------------------------------


 NSTEP =     5250   TIME(PS) =     430.500  TEMP(K) =   298.94  PRESS =  -105.0
 Etot   =    -33374.3243  EKtot   =      7078.8088  EPtot      =    -40453.1331
 BOND   =       154.2296  ANGLE   =       328.0748  DIHED      =       515.2384
 1-4 NB =       167.0640  1-4 EEL =      -346.2682  VDWAALS    =      4815.8815
 EELEC  =    -46087.3534  EHBOND  =         0.0000  RESTRAINT  =         0.0000
 EKCMT  =      3313.4346  VIRIAL  =      3577.9009  VOLUME     =    116659.6212
                                                    Density    =         1.0362
 Ewald error estimate:   0.3370E-04
 ------------------------------------------------------------------------------


 NSTEP =     5500   TIME(PS) =     431.000  TEMP(K) =   297.04  PRESS =   233.3
 Etot   =    -33306.8259  EKtot   =      7033.7517  EPtot      =    -40340.5776
 BOND   =       148.0626  ANGLE   =       326.3633  DIHED      =       499.7617
 1-4 NB =       168.4684  1-4 EEL =      -327.7466  VDWAALS    =      4854.2757
 EELEC  =    -46009.7627  EHBOND  =         0.0000  RESTRAINT  =         0.0000
 EKCMT  =      3347.3211  VIRIAL  =      2758.7303  VOLUME     =    116827.2657
                                                    Density    =         1.0347
 Ewald error estimate:   0.3543E-04
 ------------------------------------------------------------------------------


 NSTEP =     5750   TIME(PS) =     431.500  TEMP(K) =   301.15  PRESS =   145.3
 Etot   =    -33169.7656  EKtot   =      7131.1382  EPtot      =    -40300.9038
 BOND   =       148.8415  ANGLE   =       353.6596  DIHED      =       500.0641
 1-4 NB =       173.7711  1-4 EEL =      -349.2656  VDWAALS    =      4956.3743
 EELEC  =    -46084.3488  EHBOND  =         0.0000  RESTRAINT  =         0.0000
 EKCMT  =      3334.5402  VIRIAL  =      2967.6175  VOLUME     =    116966.8793
                                                    Density    =         1.0335
 Ewald error estimate:   0.2511E-04
 ------------------------------------------------------------------------------


 NSTEP =     6000   TIME(PS) =     432.000  TEMP(K) =   300.96  PRESS =   -31.6
 Etot   =    -33294.1658  EKtot   =      7126.6465  EPtot      =    -40420.8122
 BOND   =       147.4515  ANGLE   =       335.0278  DIHED      =       498.0479
 1-4 NB =       162.1464  1-4 EEL =      -357.8228  VDWAALS    =      4805.0684
 EELEC  =    -46010.7315  EHBOND  =         0.0000  RESTRAINT  =         0.0000
 EKCMT  =      3325.4590  VIRIAL  =      3405.3532  VOLUME     =    117062.4166
                                                    Density    =         1.0327
 Ewald error estimate:   0.1368E-03
 ------------------------------------------------------------------------------


 NSTEP =     6250   TIME(PS) =     432.500  TEMP(K) =   299.16  PRESS =   320.5
 Etot   =    -33328.1015  EKtot   =      7084.0279  EPtot      =    -40412.1294
 BOND   =       159.4823  ANGLE   =       340.5344  DIHED      =       521.4753
 1-4 NB =       170.2135  1-4 EEL =      -340.8671  VDWAALS    =      4816.8436
 EELEC  =    -46079.8114  EHBOND  =         0.0000  RESTRAINT  =         0.0000
 EKCMT  =      3319.7094  VIRIAL  =      2509.3551  VOLUME     =    117109.6197
                                                    Density    =         1.0323
 Ewald error estimate:   0.7494E-04
 ------------------------------------------------------------------------------


 NSTEP =     6500   TIME(PS) =     433.000  TEMP(K) =   302.74  PRESS =    52.1
 Etot   =    -33297.6187  EKtot   =      7168.7726  EPtot      =    -40466.3913
 BOND   =       143.5026  ANGLE   =       332.7377  DIHED      =       518.9383
 1-4 NB =       166.3518  1-4 EEL =      -341.5011  VDWAALS    =      4915.0126
 EELEC  =    -46201.4331  EHBOND  =         0.0000  RESTRAINT  =         0.0000
 EKCMT  =      3381.9102  VIRIAL  =      3250.0692  VOLUME     =    117100.1967
                                                    Density    =         1.0323
 Ewald error estimate:   0.9995E-05
 ------------------------------------------------------------------------------


 NSTEP =     6750   TIME(PS) =     433.500  TEMP(K) =   297.21  PRESS =  -154.6
 Etot   =    -33444.0742  EKtot   =      7037.7532  EPtot      =    -40481.8274
 BOND   =       141.6021  ANGLE   =       309.4796  DIHED      =       517.5698
 1-4 NB =       181.7058  1-4 EEL =      -337.4993  VDWAALS    =      4790.8419
 EELEC  =    -46085.5273  EHBOND  =         0.0000  RESTRAINT  =         0.0000
 EKCMT  =      3352.4054  VIRIAL  =      3743.2230  VOLUME     =    117047.8182
                                                    Density    =         1.0328
 Ewald error estimate:   0.3376E-03
 ------------------------------------------------------------------------------


 NSTEP =     7000   TIME(PS) =     434.000  TEMP(K) =   299.08  PRESS =   152.3
 Etot   =    -33500.4092  EKtot   =      7082.0906  EPtot      =    -40582.4998
 BOND   =       160.1628  ANGLE   =       320.1204  DIHED      =       522.4613
 1-4 NB =       170.8958  1-4 EEL =      -317.7659  VDWAALS    =      4914.3529
 EELEC  =    -46352.7271  EHBOND  =         0.0000  RESTRAINT  =         0.0000
 EKCMT  =      3334.1727  VIRIAL  =      2949.1747  VOLUME     =    117114.1264
                                                    Density    =         1.0322
 Ewald error estimate:   0.4955E-04
 ------------------------------------------------------------------------------


 NSTEP =     7250   TIME(PS) =     434.500  TEMP(K) =   298.75  PRESS =  -175.1
 Etot   =    -33429.5843  EKtot   =      7074.2547  EPtot      =    -40503.8389
 BOND   =       154.9249  ANGLE   =       352.6786  DIHED      =       513.7389
 1-4 NB =       157.2321  1-4 EEL =      -341.6945  VDWAALS    =      4801.6744
 EELEC  =    -46142.3934  EHBOND  =         0.0000  RESTRAINT  =         0.0000
 EKCMT  =      3278.5694  VIRIAL  =      3721.7620  VOLUME     =    117244.3124
                                                    Density    =         1.0311
 Ewald error estimate:   0.1319E-03
 ------------------------------------------------------------------------------


 NSTEP =     7500   TIME(PS) =     435.000  TEMP(K) =   296.63  PRESS =   -57.2
 Etot   =    -33262.7416  EKtot   =      7024.0790  EPtot      =    -40286.8207
 BOND   =       168.3679  ANGLE   =       390.8063  DIHED      =       515.9196
 1-4 NB =       173.0395  1-4 EEL =      -334.3452  VDWAALS    =      4778.8218
 EELEC  =    -45979.4304  EHBOND  =         0.0000  RESTRAINT  =         0.0000
 EKCMT  =      3312.1046  VIRIAL  =      3456.9781  VOLUME     =    117319.5040
                                                    Density    =         1.0304
 Ewald error estimate:   0.4346E-04
 ------------------------------------------------------------------------------


 NSTEP =     7750   TIME(PS) =     435.500  TEMP(K) =   301.91  PRESS =   364.7
 Etot   =    -33345.3373  EKtot   =      7149.0845  EPtot      =    -40494.4218
 BOND   =       146.4039  ANGLE   =       376.8033  DIHED      =       500.0525
 1-4 NB =       171.7674  1-4 EEL =      -348.2641  VDWAALS    =      4997.0581
 EELEC  =    -46338.2430  EHBOND  =         0.0000  RESTRAINT  =         0.0000
 EKCMT  =      3342.5161  VIRIAL  =      2418.3385  VOLUME     =    117371.7594
                                                    Density    =         1.0299
 Ewald error estimate:   0.4372E-04
 ------------------------------------------------------------------------------


 NSTEP =     8000   TIME(PS) =     436.000  TEMP(K) =   300.74  PRESS =  -202.3
 Etot   =    -33297.1545  EKtot   =      7121.3188  EPtot      =    -40418.4732
 BOND   =       163.4929  ANGLE   =       345.4018  DIHED      =       516.0002
 1-4 NB =       169.1530  1-4 EEL =      -353.1250  VDWAALS    =      4888.1481
 EELEC  =    -46147.5442  EHBOND  =         0.0000  RESTRAINT  =         0.0000
 EKCMT  =      3277.4981  VIRIAL  =      3790.4565  VOLUME     =    117421.1791
                                                    Density    =         1.0295
 Ewald error estimate:   0.5964E-04
 ------------------------------------------------------------------------------


 NSTEP =     8250   TIME(PS) =     436.500  TEMP(K) =   301.86  PRESS =    33.8
 Etot   =    -33280.5374  EKtot   =      7147.7645  EPtot      =    -40428.3019
 BOND   =       168.0293  ANGLE   =       364.7854  DIHED      =       500.9796
 1-4 NB =       167.5843  1-4 EEL =      -342.1376  VDWAALS    =      4837.8148
 EELEC  =    -46125.3576  EHBOND  =         0.0000  RESTRAINT  =         0.0000
 EKCMT  =      3298.0313  VIRIAL  =      3212.3999  VOLUME     =    117367.9428
                                                    Density    =         1.0300
 Ewald error estimate:   0.2543E-03
 ------------------------------------------------------------------------------


 NSTEP =     8500   TIME(PS) =     437.000  TEMP(K) =   299.18  PRESS =   -57.0
 Etot   =    -33323.0557  EKtot   =      7084.3110  EPtot      =    -40407.3667
 BOND   =       163.9631  ANGLE   =       342.4434  DIHED      =       511.0566
 1-4 NB =       172.5469  1-4 EEL =      -346.8622  VDWAALS    =      4894.3010
 EELEC  =    -46144.8155  EHBOND  =         0.0000  RESTRAINT  =         0.0000
 EKCMT  =      3285.8853  VIRIAL  =      3430.2410  VOLUME     =    117248.6963
                                                    Density    =         1.0310
 Ewald error estimate:   0.4939E-04
 ------------------------------------------------------------------------------


 NSTEP =     8750   TIME(PS) =     437.500  TEMP(K) =   303.05  PRESS =  -251.6
 Etot   =    -33288.1949  EKtot   =      7176.0844  EPtot      =    -40464.2793
 BOND   =       163.7048  ANGLE   =       331.9522  DIHED      =       512.1167
 1-4 NB =       163.8279  1-4 EEL =      -316.1337  VDWAALS    =      4780.8055
 EELEC  =    -46100.5527  EHBOND  =         0.0000  RESTRAINT  =         0.0000
 EKCMT  =      3419.3325  VIRIAL  =      4055.7077  VOLUME     =    117161.9420
                                                    Density    =         1.0318
 Ewald error estimate:   0.1048E-03
 ------------------------------------------------------------------------------


 NSTEP =     9000   TIME(PS) =     438.000  TEMP(K) =   303.20  PRESS =    87.7
 Etot   =    -33293.9358  EKtot   =      7179.5265  EPtot      =    -40473.4623
 BOND   =       151.8875  ANGLE   =       358.0882  DIHED      =       525.0125
 1-4 NB =       166.3444  1-4 EEL =      -337.4768  VDWAALS    =      4911.9948
 EELEC  =    -46249.3128  EHBOND  =         0.0000  RESTRAINT  =         0.0000
 EKCMT  =      3283.7972  VIRIAL  =      3062.2129  VOLUME     =    117083.5181
                                                    Density    =         1.0325
 Ewald error estimate:   0.6531E-04
 ------------------------------------------------------------------------------


 NSTEP =     9250   TIME(PS) =     438.500  TEMP(K) =   301.55  PRESS =  -302.1
 Etot   =    -33292.0266  EKtot   =      7140.5522  EPtot      =    -40432.5788
 BOND   =       153.8948  ANGLE   =       355.8011  DIHED      =       500.2028
 1-4 NB =       167.0193  1-4 EEL =      -351.6575  VDWAALS    =      4699.4880
 EELEC  =    -45957.3274  EHBOND  =         0.0000  RESTRAINT  =         0.0000
 EKCMT  =      3335.4216  VIRIAL  =      4097.8303  VOLUME     =    116873.2043
                                                    Density    =         1.0343
 Ewald error estimate:   0.2435E-03
 ------------------------------------------------------------------------------


 NSTEP =     9500   TIME(PS) =     439.000  TEMP(K) =   295.23  PRESS =    21.6
 Etot   =    -33257.0008  EKtot   =      6990.9736  EPtot      =    -40247.9744
 BOND   =       156.9976  ANGLE   =       357.7427  DIHED      =       505.2465
 1-4 NB =       163.0646  1-4 EEL =      -357.5705  VDWAALS    =      4770.7537
 EELEC  =    -45844.2090  EHBOND  =         0.0000  RESTRAINT  =         0.0000
 EKCMT  =      3278.1588  VIRIAL  =      3223.7635  VOLUME     =    116766.5344
                                                    Density    =         1.0353
 Ewald error estimate:   0.1573E-03
 ------------------------------------------------------------------------------


 NSTEP =     9750   TIME(PS) =     439.500  TEMP(K) =   298.18  PRESS =   102.5
 Etot   =    -33214.8231  EKtot   =      7060.8201  EPtot      =    -40275.6432
 BOND   =       145.9213  ANGLE   =       355.4927  DIHED      =       507.9132
 1-4 NB =       171.7776  1-4 EEL =      -343.1079  VDWAALS    =      4855.8417
 EELEC  =    -45969.4817  EHBOND  =         0.0000  RESTRAINT  =         0.0000
 EKCMT  =      3312.9916  VIRIAL  =      3054.4784  VOLUME     =    116852.2814
                                                    Density    =         1.0345
 Ewald error estimate:   0.1300E-03
 ------------------------------------------------------------------------------


 NSTEP =    10000   TIME(PS) =     440.000  TEMP(K) =   300.77  PRESS =    27.3
 Etot   =    -33099.0445  EKtot   =      7122.0511  EPtot      =    -40221.0956
 BOND   =       153.3305  ANGLE   =       370.6123  DIHED      =       492.3374
 1-4 NB =       166.3166  1-4 EEL =      -348.1794  VDWAALS    =      4831.4543
 EELEC  =    -45886.9672  EHBOND  =         0.0000  RESTRAINT  =         0.0000
 EKCMT  =      3316.8494  VIRIAL  =      3248.0035  VOLUME     =    116761.7393
                                                    Density    =         1.0353
 Ewald error estimate:   0.8218E-04
 ------------------------------------------------------------------------------


 NSTEP =    10250   TIME(PS) =     440.500  TEMP(K) =   306.75  PRESS =  -178.7
 Etot   =    -33014.6789  EKtot   =      7263.7416  EPtot      =    -40278.4205
 BOND   =       154.6967  ANGLE   =       361.4371  DIHED      =       507.4576
 1-4 NB =       168.4527  1-4 EEL =      -346.4284  VDWAALS    =      4762.0109
 EELEC  =    -45886.0470  EHBOND  =         0.0000  RESTRAINT  =         0.0000
 EKCMT  =      3403.5736  VIRIAL  =      3854.6335  VOLUME     =    116880.8513
                                                    Density    =         1.0343
 Ewald error estimate:   0.1617E-03
 ------------------------------------------------------------------------------


 NSTEP =    10500   TIME(PS) =     441.000  TEMP(K) =   307.10  PRESS =    66.2
 Etot   =    -33089.1479  EKtot   =      7271.9202  EPtot      =    -40361.0681
 BOND   =       146.8560  ANGLE   =       340.9374  DIHED      =       503.4558
 1-4 NB =       176.9498  1-4 EEL =      -358.0826  VDWAALS    =      4819.7713
 EELEC  =    -45990.9559  EHBOND  =         0.0000  RESTRAINT  =         0.0000
 EKCMT  =      3419.6074  VIRIAL  =      3252.4028  VOLUME     =    116901.6636
                                                    Density    =         1.0341
 Ewald error estimate:   0.2646E-03
 ------------------------------------------------------------------------------


 NSTEP =    10750   TIME(PS) =     441.500  TEMP(K) =   303.43  PRESS =   -20.6
 Etot   =    -33147.2187  EKtot   =      7185.1066  EPtot      =    -40332.3253
 BOND   =       147.0118  ANGLE   =       355.2411  DIHED      =       519.0244
 1-4 NB =       167.1484  1-4 EEL =      -347.9900  VDWAALS    =      4848.1405
 EELEC  =    -46020.9015  EHBOND  =         0.0000  RESTRAINT  =         0.0000
 EKCMT  =      3349.5175  VIRIAL  =      3401.5662  VOLUME     =    116901.6437
                                                    Density    =         1.0341
 Ewald error estimate:   0.3744E-04
 ------------------------------------------------------------------------------


 NSTEP =    11000   TIME(PS) =     442.000  TEMP(K) =   301.08  PRESS =   132.6
 Etot   =    -33178.5158  EKtot   =      7129.3893  EPtot      =    -40307.9051
 BOND   =       179.5307  ANGLE   =       343.7252  DIHED      =       502.7809
 1-4 NB =       162.0631  1-4 EEL =      -354.7387  VDWAALS    =      4888.5091
 EELEC  =    -46029.7754  EHBOND  =         0.0000  RESTRAINT  =         0.0000
 EKCMT  =      3421.2130  VIRIAL  =      3086.3928  VOLUME     =    116925.6189
                                                    Density    =         1.0339
 Ewald error estimate:   0.3834E-04
 ------------------------------------------------------------------------------


 NSTEP =    11250   TIME(PS) =     442.500  TEMP(K) =   300.79  PRESS =   354.6
 Etot   =    -33144.7677  EKtot   =      7122.5565  EPtot      =    -40267.3242
 BOND   =       159.0965  ANGLE   =       358.6278  DIHED      =       502.4644
 1-4 NB =       167.1671  1-4 EEL =      -358.8740  VDWAALS    =      4984.0120
 EELEC  =    -46079.8179  EHBOND  =         0.0000  RESTRAINT  =         0.0000
 EKCMT  =      3344.5774  VIRIAL  =      2447.4784  VOLUME     =    117158.0555
                                                    Density    =         1.0318
 Ewald error estimate:   0.1515E-04
 ------------------------------------------------------------------------------


 NSTEP =    11500   TIME(PS) =     443.000  TEMP(K) =   296.75  PRESS =   391.7
 Etot   =    -33105.5224  EKtot   =      7026.8190  EPtot      =    -40132.3414
 BOND   =       153.1227  ANGLE   =       359.2413  DIHED      =       517.9997
 1-4 NB =       171.6718  1-4 EEL =      -361.0264  VDWAALS    =      4988.7879
 EELEC  =    -45962.1384  EHBOND  =         0.0000  RESTRAINT  =         0.0000
 EKCMT  =      3234.1891  VIRIAL  =      2241.7122  VOLUME     =    117339.7343
                                                    Density    =         1.0302
 Ewald error estimate:   0.6576E-04
 ------------------------------------------------------------------------------


 NSTEP =    11750   TIME(PS) =     443.500  TEMP(K) =   302.92  PRESS =   103.0
 Etot   =    -33060.0572  EKtot   =      7172.9383  EPtot      =    -40232.9955
 BOND   =       160.2454  ANGLE   =       352.6231  DIHED      =       524.9876
 1-4 NB =       172.1126  1-4 EEL =      -342.9369  VDWAALS    =      4903.2141
 EELEC  =    -46003.2414  EHBOND  =         0.0000  RESTRAINT  =         0.0000
 EKCMT  =      3412.7664  VIRIAL  =      3152.1123  VOLUME     =    117222.4801
                                                    Density    =         1.0313
 Ewald error estimate:   0.6265E-04
 ------------------------------------------------------------------------------


 NSTEP =    12000   TIME(PS) =     444.000  TEMP(K) =   298.08  PRESS =  -194.1
 Etot   =    -33013.2713  EKtot   =      7058.2495  EPtot      =    -40071.5208
 BOND   =       170.7605  ANGLE   =       359.0802  DIHED      =       510.2143
 1-4 NB =       167.1893  1-4 EEL =      -354.2884  VDWAALS    =      4667.8672
 EELEC  =    -45592.3438  EHBOND  =         0.0000  RESTRAINT  =         0.0000
 EKCMT  =      3316.0245  VIRIAL  =      3807.5687  VOLUME     =    117262.0670
                                                    Density    =         1.0309
 Ewald error estimate:   0.1028E-03
 ------------------------------------------------------------------------------


 NSTEP =    12250   TIME(PS) =     444.500  TEMP(K) =   300.63  PRESS =    44.0
 Etot   =    -33063.8024  EKtot   =      7118.6682  EPtot      =    -40182.4706
 BOND   =       185.0303  ANGLE   =       339.8314  DIHED      =       511.2300
 1-4 NB =       174.8086  1-4 EEL =      -330.7479  VDWAALS    =      4810.6314
 EELEC  =    -45873.2545  EHBOND  =         0.0000  RESTRAINT  =         0.0000
 EKCMT  =      3340.5522  VIRIAL  =      3229.2084  VOLUME     =    117298.4989
                                                    Density    =         1.0306
 Ewald error estimate:   0.2531E-04
 ------------------------------------------------------------------------------


 NSTEP =    12500   TIME(PS) =     445.000  TEMP(K) =   303.71  PRESS =   148.5
 Etot   =    -33061.2786  EKtot   =      7191.6749  EPtot      =    -40252.9535
 BOND   =       132.9271  ANGLE   =       374.9332  DIHED      =       511.2759
 1-4 NB =       170.4948  1-4 EEL =      -360.1396  VDWAALS    =      4877.8310
 EELEC  =    -45960.2759  EHBOND  =         0.0000  RESTRAINT  =         0.0000
 EKCMT  =      3379.0343  VIRIAL  =      3002.6392  VOLUME     =    117408.1524
                                                    Density    =         1.0296
 Ewald error estimate:   0.8756E-04
 ------------------------------------------------------------------------------


 NSTEP =    12750   TIME(PS) =     445.500  TEMP(K) =   301.58  PRESS =  -144.8
 Etot   =    -33029.8987  EKtot   =      7141.1757  EPtot      =    -40171.0744
 BOND   =       152.7431  ANGLE   =       356.9930  DIHED      =       495.7584
 1-4 NB =       174.5272  1-4 EEL =      -347.4708  VDWAALS    =      4781.3759
 EELEC  =    -45785.0012  EHBOND  =         0.0000  RESTRAINT  =         0.0000
 EKCMT  =      3382.5786  VIRIAL  =      3749.8177  VOLUME     =    117432.3440
                                                    Density    =         1.0294
 Ewald error estimate:   0.1015E-04
 ------------------------------------------------------------------------------


 NSTEP =    13000   TIME(PS) =     446.000  TEMP(K) =   304.53  PRESS =  -191.5
 Etot   =    -32899.1843  EKtot   =      7210.9987  EPtot      =    -40110.1830
 BOND   =       174.6330  ANGLE   =       343.0939  DIHED      =       503.7594
 1-4 NB =       173.3939  1-4 EEL =      -346.2302  VDWAALS    =      4642.5317
 EELEC  =    -45601.3647  EHBOND  =         0.0000  RESTRAINT  =         0.0000
 EKCMT  =      3369.9283  VIRIAL  =      3855.5615  VOLUME     =    117432.6821
                                                    Density    =         1.0294
 Ewald error estimate:   0.1494E-03
 ------------------------------------------------------------------------------


 NSTEP =    13250   TIME(PS) =     446.500  TEMP(K) =   305.27  PRESS =  -287.0
 Etot   =    -32984.1457  EKtot   =      7228.6919  EPtot      =    -40212.8375
 BOND   =       170.8228  ANGLE   =       351.3723  DIHED      =       507.3156
 1-4 NB =       161.7522  1-4 EEL =      -356.5199  VDWAALS    =      4699.5857
 EELEC  =    -45747.1662  EHBOND  =         0.0000  RESTRAINT  =         0.0000
 EKCMT  =      3424.3296  VIRIAL  =      4152.4500  VOLUME     =    117506.6825
                                                    Density    =         1.0288
 Ewald error estimate:   0.1589E-03
 ------------------------------------------------------------------------------


 NSTEP =    13500   TIME(PS) =     447.000  TEMP(K) =   303.38  PRESS =  -245.6
 Etot   =    -32967.5321  EKtot   =      7183.8050  EPtot      =    -40151.3370
 BOND   =       171.6312  ANGLE   =       349.6296  DIHED      =       503.6425
 1-4 NB =       165.2264  1-4 EEL =      -340.0376  VDWAALS    =      4641.2884
 EELEC  =    -45642.7174  EHBOND  =         0.0000  RESTRAINT  =         0.0000
 EKCMT  =      3302.4412  VIRIAL  =      3924.5826  VOLUME     =    117306.6414
                                                    Density    =         1.0305
 Ewald error estimate:   0.5461E-04
 ------------------------------------------------------------------------------


 NSTEP =    13750   TIME(PS) =     447.500  TEMP(K) =   306.09  PRESS =    -0.9
 Etot   =    -33022.9078  EKtot   =      7247.9068  EPtot      =    -40270.8146
 BOND   =       137.7233  ANGLE   =       379.9152  DIHED      =       513.7954
 1-4 NB =       172.8033  1-4 EEL =      -360.3777  VDWAALS    =      4838.3437
 EELEC  =    -45953.0179  EHBOND  =         0.0000  RESTRAINT  =         0.0000
 EKCMT  =      3382.3531  VIRIAL  =      3384.6490  VOLUME     =    117250.2805
                                                    Density    =         1.0310
 Ewald error estimate:   0.7886E-04
 ------------------------------------------------------------------------------


 NSTEP =    14000   TIME(PS) =     448.000  TEMP(K) =   303.57  PRESS =   355.7
 Etot   =    -33113.0875  EKtot   =      7188.4339  EPtot      =    -40301.5214
 BOND   =       156.1670  ANGLE   =       352.1402  DIHED      =       519.5009
 1-4 NB =       168.4098  1-4 EEL =      -350.6509  VDWAALS    =      4889.8655
 EELEC  =    -46036.9538  EHBOND  =         0.0000  RESTRAINT  =         0.0000
 EKCMT  =      3378.2576  VIRIAL  =      2477.8286  VOLUME     =    117232.4381
                                                    Density    =         1.0312
 Ewald error estimate:   0.5090E-04
 ------------------------------------------------------------------------------


 NSTEP =    14250   TIME(PS) =     448.500  TEMP(K) =   303.53  PRESS =    23.7
 Etot   =    -33114.4702  EKtot   =      7187.4601  EPtot      =    -40301.9303
 BOND   =       143.8974  ANGLE   =       343.0315  DIHED      =       509.6388
 1-4 NB =       166.4355  1-4 EEL =      -346.3007  VDWAALS    =      4766.2076
 EELEC  =    -45884.8404  EHBOND  =         0.0000  RESTRAINT  =         0.0000
 EKCMT  =      3335.5189  VIRIAL  =      3275.6001  VOLUME     =    117089.1127
                                                    Density    =         1.0324
 Ewald error estimate:   0.1097E-03
 ------------------------------------------------------------------------------


 NSTEP =    14500   TIME(PS) =     449.000  TEMP(K) =   301.03  PRESS =   -28.8
 Etot   =    -33171.6685  EKtot   =      7128.2000  EPtot      =    -40299.8685
 BOND   =       157.3082  ANGLE   =       364.1327  DIHED      =       495.4524
 1-4 NB =       164.9276  1-4 EEL =      -373.9443  VDWAALS    =      4730.4678
 EELEC  =    -45838.2129  EHBOND  =         0.0000  RESTRAINT  =         0.0000
 EKCMT  =      3253.0166  VIRIAL  =      3325.7890  VOLUME     =    117100.4505
                                                    Density    =         1.0323
 Ewald error estimate:   0.4917E-04
 ------------------------------------------------------------------------------


 NSTEP =    14750   TIME(PS) =     449.500  TEMP(K) =   296.31  PRESS =  -222.2
 Etot   =    -33221.8820  EKtot   =      7016.3928  EPtot      =    -40238.2748
 BOND   =       173.9690  ANGLE   =       368.2436  DIHED      =       500.7090
 1-4 NB =       175.2817  1-4 EEL =      -350.8306  VDWAALS    =      4734.6664
 EELEC  =    -45840.3139  EHBOND  =         0.0000  RESTRAINT  =         0.0000
 EKCMT  =      3308.1509  VIRIAL  =      3869.7753  VOLUME     =    117088.6690
                                                    Density    =         1.0324
 Ewald error estimate:   0.5488E-04
 ------------------------------------------------------------------------------


 NSTEP =    15000   TIME(PS) =     450.000  TEMP(K) =   299.79  PRESS =    62.7
 Etot   =    -33148.6080  EKtot   =      7098.8403  EPtot      =    -40247.4483
 BOND   =       144.9647  ANGLE   =       352.3721  DIHED      =       505.1438
 1-4 NB =       165.7403  1-4 EEL =      -334.5681  VDWAALS    =      4843.7438
 EELEC  =    -45924.8449  EHBOND  =         0.0000  RESTRAINT  =         0.0000
 EKCMT  =      3287.1896  VIRIAL  =      3128.8635  VOLUME     =    116984.7377
                                                    Density    =         1.0334
 Ewald error estimate:   0.6487E-04
 ------------------------------------------------------------------------------


 NSTEP =    15250   TIME(PS) =     450.500  TEMP(K) =   302.28  PRESS =   -48.8
 Etot   =    -33124.6433  EKtot   =      7157.6897  EPtot      =    -40282.3330
 BOND   =       156.4663  ANGLE   =       386.3253  DIHED      =       504.5923
 1-4 NB =       172.2088  1-4 EEL =      -353.9342  VDWAALS    =      4772.1529
 EELEC  =    -45920.1444  EHBOND  =         0.0000  RESTRAINT  =         0.0000
 EKCMT  =      3354.6509  VIRIAL  =      3478.0762  VOLUME     =    117026.6482
                                                    Density    =         1.0330
 Ewald error estimate:   0.1511E-03
 ------------------------------------------------------------------------------


 NSTEP =    15500   TIME(PS) =     451.000  TEMP(K) =   302.68  PRESS =    57.1
 Etot   =    -33105.3295  EKtot   =      7167.3220  EPtot      =    -40272.6515
 BOND   =       150.9156  ANGLE   =       341.1685  DIHED      =       495.9577
 1-4 NB =       169.9705  1-4 EEL =      -329.2704  VDWAALS    =      4748.7002
 EELEC  =    -45850.0937  EHBOND  =         0.0000  RESTRAINT  =         0.0000
 EKCMT  =      3322.9939  VIRIAL  =      3178.5775  VOLUME     =    117047.4110
                                                    Density    =         1.0328
 Ewald error estimate:   0.8303E-04
 ------------------------------------------------------------------------------


 NSTEP =    15750   TIME(PS) =     451.500  TEMP(K) =   296.53  PRESS =   259.2
 Etot   =    -33179.4075  EKtot   =      7021.5906  EPtot      =    -40200.9981
 BOND   =       145.1129  ANGLE   =       347.8249  DIHED      =       512.6079
 1-4 NB =       167.9507  1-4 EEL =      -341.1438  VDWAALS    =      4867.4354
 EELEC  =    -45900.7860  EHBOND  =         0.0000  RESTRAINT  =         0.0000
 EKCMT  =      3275.6557  VIRIAL  =      2620.2556  VOLUME     =    117111.8076
                                                    Density    =         1.0322
 Ewald error estimate:   0.4588E-04
 ------------------------------------------------------------------------------


 NSTEP =    16000   TIME(PS) =     452.000  TEMP(K) =   302.46  PRESS =   -88.3
 Etot   =    -33115.1898  EKtot   =      7162.1066  EPtot      =    -40277.2964
 BOND   =       173.5664  ANGLE   =       341.6349  DIHED      =       498.3698
 1-4 NB =       172.7075  1-4 EEL =      -354.7366  VDWAALS    =      4741.4084
 EELEC  =    -45850.2467  EHBOND  =         0.0000  RESTRAINT  =         0.0000
 EKCMT  =      3353.8530  VIRIAL  =      3577.3523  VOLUME     =    117215.3019
                                                    Density    =         1.0313
 Ewald error estimate:   0.6876E-04
 ------------------------------------------------------------------------------


 NSTEP =    16250   TIME(PS) =     452.500  TEMP(K) =   307.00  PRESS =   192.0
 Etot   =    -33033.1507  EKtot   =      7269.5551  EPtot      =    -40302.7058
 BOND   =       155.8460  ANGLE   =       360.6105  DIHED      =       517.8936
 1-4 NB =       168.5355  1-4 EEL =      -334.9901  VDWAALS    =      4923.6976
 EELEC  =    -46094.2989  EHBOND  =         0.0000  RESTRAINT  =         0.0000
 EKCMT  =      3373.9680  VIRIAL  =      2888.0519  VOLUME     =    117216.9796
                                                    Density    =         1.0313
 Ewald error estimate:   0.2114E-03
 ------------------------------------------------------------------------------


 NSTEP =    16500   TIME(PS) =     453.000  TEMP(K) =   302.81  PRESS =  -147.4
 Etot   =    -33150.0886  EKtot   =      7170.4280  EPtot      =    -40320.5166
 BOND   =       150.9699  ANGLE   =       361.4282  DIHED      =       519.3742
 1-4 NB =       169.3489  1-4 EEL =      -340.2252  VDWAALS    =      4712.5495
 EELEC  =    -45893.9622  EHBOND  =         0.0000  RESTRAINT  =         0.0000
 EKCMT  =      3311.3985  VIRIAL  =      3684.8904  VOLUME     =    117354.8071
                                                    Density    =         1.0301
 Ewald error estimate:   0.1502E-03
 ------------------------------------------------------------------------------


 NSTEP =    16750   TIME(PS) =     453.500  TEMP(K) =   300.84  PRESS =  -107.2
 Etot   =    -33188.3167  EKtot   =      7123.7188  EPtot      =    -40312.0355
 BOND   =       160.7645  ANGLE   =       355.3795  DIHED      =       518.1442
 1-4 NB =       169.8030  1-4 EEL =      -353.2469  VDWAALS    =      4801.6691
 EELEC  =    -45964.5488  EHBOND  =         0.0000  RESTRAINT  =         0.0000
 EKCMT  =      3326.9345  VIRIAL  =      3598.5109  VOLUME     =    117313.8545
                                                    Density    =         1.0305
 Ewald error estimate:   0.5316E-04
 ------------------------------------------------------------------------------


 NSTEP =    17000   TIME(PS) =     454.000  TEMP(K) =   300.09  PRESS =    35.4
 Etot   =    -33223.6858  EKtot   =      7105.9183  EPtot      =    -40329.6041
 BOND   =       149.3881  ANGLE   =       344.9834  DIHED      =       490.4200
 1-4 NB =       168.4771  1-4 EEL =      -345.2614  VDWAALS    =      4875.5115
 EELEC  =    -46013.1227  EHBOND  =         0.0000  RESTRAINT  =         0.0000
 EKCMT  =      3309.0274  VIRIAL  =      3219.4191  VOLUME     =    117243.9850
                                                    Density    =         1.0311
 Ewald error estimate:   0.1887E-03
 ------------------------------------------------------------------------------


 NSTEP =    17250   TIME(PS) =     454.500  TEMP(K) =   300.54  PRESS =   307.3
 Etot   =    -33248.6284  EKtot   =      7116.5467  EPtot      =    -40365.1751
 BOND   =       142.7193  ANGLE   =       360.2368  DIHED      =       503.4797
 1-4 NB =       162.2028  1-4 EEL =      -350.5618  VDWAALS    =      4973.7371
 EELEC  =    -46156.9889  EHBOND  =         0.0000  RESTRAINT  =         0.0000
 EKCMT  =      3352.6946  VIRIAL  =      2574.8592  VOLUME     =    117219.0814
                                                    Density    =         1.0313
 Ewald error estimate:   0.2505E-04
 ------------------------------------------------------------------------------


 NSTEP =    17500   TIME(PS) =     455.000  TEMP(K) =   297.46  PRESS =   114.3
 Etot   =    -33273.6889  EKtot   =      7043.7657  EPtot      =    -40317.4546
 BOND   =       141.8002  ANGLE   =       339.6090  DIHED      =       518.3857
 1-4 NB =       178.7989  1-4 EEL =      -332.0555  VDWAALS    =      4803.5720
 EELEC  =    -45967.5650  EHBOND  =         0.0000  RESTRAINT  =         0.0000
 EKCMT  =      3316.6266  VIRIAL  =      3026.9738  VOLUME     =    117352.6948
                                                    Density    =         1.0301
 Ewald error estimate:   0.1784E-03
 ------------------------------------------------------------------------------


 NSTEP =    17750   TIME(PS) =     455.500  TEMP(K) =   299.14  PRESS =   350.0
 Etot   =    -33191.2921  EKtot   =      7083.4392  EPtot      =    -40274.7313
 BOND   =       143.4737  ANGLE   =       349.2430  DIHED      =       498.3991
 1-4 NB =       174.7250  1-4 EEL =      -339.0242  VDWAALS    =      4952.7672
 EELEC  =    -46054.3150  EHBOND  =         0.0000  RESTRAINT  =         0.0000
 EKCMT  =      3327.6061  VIRIAL  =      2440.8723  VOLUME     =    117333.9521
                                                    Density    =         1.0303
 Ewald error estimate:   0.5135E-05
 ------------------------------------------------------------------------------


 NSTEP =    18000   TIME(PS) =     456.000  TEMP(K) =   302.09  PRESS =  -103.8
 Etot   =    -33186.9523  EKtot   =      7153.4005  EPtot      =    -40340.3528
 BOND   =       155.6038  ANGLE   =       357.2294  DIHED      =       508.0708
 1-4 NB =       169.3338  1-4 EEL =      -342.3930  VDWAALS    =      4772.8988
 EELEC  =    -45961.0965  EHBOND  =         0.0000  RESTRAINT  =         0.0000
 EKCMT  =      3366.6176  VIRIAL  =      3629.6300  VOLUME     =    117372.1550
                                                    Density    =         1.0299
 Ewald error estimate:   0.1265E-03
 ------------------------------------------------------------------------------


 NSTEP =    18250   TIME(PS) =     456.500  TEMP(K) =   300.24  PRESS =   284.2
 Etot   =    -33225.5117  EKtot   =      7109.5909  EPtot      =    -40335.1026
 BOND   =       142.9525  ANGLE   =       354.9331  DIHED      =       507.4434
 1-4 NB =       167.0344  1-4 EEL =      -353.0749  VDWAALS    =      4917.4930
 EELEC  =    -46071.8842  EHBOND  =         0.0000  RESTRAINT  =         0.0000
 EKCMT  =      3316.3871  VIRIAL  =      2598.0618  VOLUME     =    117075.6784
                                                    Density    =         1.0326
 Ewald error estimate:   0.1139E-03
 ------------------------------------------------------------------------------


 NSTEP =    18500   TIME(PS) =     457.000  TEMP(K) =   304.98  PRESS =   128.6
 Etot   =    -33131.3325  EKtot   =      7221.8535  EPtot      =    -40353.1860
 BOND   =       149.2507  ANGLE   =       376.7704  DIHED      =       503.3418
 1-4 NB =       173.4830  1-4 EEL =      -376.2490  VDWAALS    =      5024.9722
 EELEC  =    -46204.7551  EHBOND  =         0.0000  RESTRAINT  =         0.0000
 EKCMT  =      3407.3244  VIRIAL  =      3081.9496  VOLUME     =    117201.8269
                                                    Density    =         1.0314
 Ewald error estimate:   0.1270E-03
 ------------------------------------------------------------------------------


 NSTEP =    18750   TIME(PS) =     457.500  TEMP(K) =   304.04  PRESS =    69.6
 Etot   =    -33086.9558  EKtot   =      7199.4346  EPtot      =    -40286.3905
 BOND   =       171.0802  ANGLE   =       352.8670  DIHED      =       506.4160
 1-4 NB =       165.3921  1-4 EEL =      -354.5312  VDWAALS    =      4837.7368
 EELEC  =    -45965.3513  EHBOND  =         0.0000  RESTRAINT  =         0.0000
 EKCMT  =      3367.6584  VIRIAL  =      3191.2078  VOLUME     =    117358.6751
                                                    Density    =         1.0301
 Ewald error estimate:   0.1890E-03
 ------------------------------------------------------------------------------


 NSTEP =    19000   TIME(PS) =     458.000  TEMP(K) =   305.15  PRESS =   257.6
 Etot   =    -32928.2358  EKtot   =      7225.7318  EPtot      =    -40153.9676
 BOND   =       163.8076  ANGLE   =       381.2811  DIHED      =       508.9019
 1-4 NB =       177.3059  1-4 EEL =      -329.5130  VDWAALS    =      4831.2478
 EELEC  =    -45886.9989  EHBOND  =         0.0000  RESTRAINT  =         0.0000
 EKCMT  =      3322.3379  VIRIAL  =      2669.7727  VOLUME     =    117335.3049
                                                    Density    =         1.0303
 Ewald error estimate:   0.1440E-03
 ------------------------------------------------------------------------------


 NSTEP =    19250   TIME(PS) =     458.500  TEMP(K) =   300.42  PRESS =   385.4
 Etot   =    -32958.0676  EKtot   =      7113.7085  EPtot      =    -40071.7761
 BOND   =       166.8440  ANGLE   =       379.4597  DIHED      =       512.3831
 1-4 NB =       171.3391  1-4 EEL =      -353.8801  VDWAALS    =      4814.9193
 EELEC  =    -45762.8411  EHBOND  =         0.0000  RESTRAINT  =         0.0000
 EKCMT  =      3331.3841  VIRIAL  =      2355.0196  VOLUME     =    117344.8008
                                                    Density    =         1.0302
 Ewald error estimate:   0.1410E-04
 ------------------------------------------------------------------------------


 NSTEP =    19500   TIME(PS) =     459.000  TEMP(K) =   301.33  PRESS =   166.6
 Etot   =    -33112.6888  EKtot   =      7135.3334  EPtot      =    -40248.0222
 BOND   =       161.5636  ANGLE   =       354.9054  DIHED      =       486.8024
 1-4 NB =       170.2345  1-4 EEL =      -367.1461  VDWAALS    =      4879.5710
 EELEC  =    -45933.9530  EHBOND  =         0.0000  RESTRAINT  =         0.0000
 EKCMT  =      3328.5463  VIRIAL  =      2906.4363  VOLUME     =    117342.1609
                                                    Density    =         1.0302
 Ewald error estimate:   0.1312E-04
 ------------------------------------------------------------------------------


 NSTEP =    19750   TIME(PS) =     459.500  TEMP(K) =   300.17  PRESS =  -216.2
 Etot   =    -33164.2723  EKtot   =      7107.9174  EPtot      =    -40272.1897
 BOND   =       157.6237  ANGLE   =       332.9804  DIHED      =       503.8853
 1-4 NB =       173.5325  1-4 EEL =      -352.1723  VDWAALS    =      4806.9174
 EELEC  =    -45894.9566  EHBOND  =         0.0000  RESTRAINT  =         0.0000
 EKCMT  =      3347.8934  VIRIAL  =      3895.8724  VOLUME     =    117373.9399
                                                    Density    =         1.0299
 Ewald error estimate:   0.2058E-04
 ------------------------------------------------------------------------------


 NSTEP =    20000   TIME(PS) =     460.000  TEMP(K) =   303.61  PRESS =  -270.6
 Etot   =    -33171.5174  EKtot   =      7189.2734  EPtot      =    -40360.7908
 BOND   =       156.3529  ANGLE   =       357.2189  DIHED      =       513.0112
 1-4 NB =       169.2194  1-4 EEL =      -333.1775  VDWAALS    =      4784.9438
 EELEC  =    -46008.3594  EHBOND  =         0.0000  RESTRAINT  =         0.0000
 EKCMT  =      3382.5348  VIRIAL  =      4069.0235  VOLUME     =    117478.4360
                                                    Density    =         1.0290
 Ewald error estimate:   0.7262E-04
 ------------------------------------------------------------------------------


 NSTEP =    20250   TIME(PS) =     460.500  TEMP(K) =   300.83  PRESS =   -56.5
 Etot   =    -33277.7361  EKtot   =      7123.5693  EPtot      =    -40401.3054
 BOND   =       171.8868  ANGLE   =       342.1628  DIHED      =       495.5779
 1-4 NB =       172.9146  1-4 EEL =      -346.6392  VDWAALS    =      4835.6362
 EELEC  =    -46072.8445  EHBOND  =         0.0000  RESTRAINT  =         0.0000
 EKCMT  =      3287.5728  VIRIAL  =      3430.7483  VOLUME     =    117376.5206
                                                    Density    =         1.0299
 Ewald error estimate:   0.8996E-05
 ------------------------------------------------------------------------------


 NSTEP =    20500   TIME(PS) =     461.000  TEMP(K) =   301.16  PRESS =  -310.5
 Etot   =    -33272.0363  EKtot   =      7131.1758  EPtot      =    -40403.2121
 BOND   =       148.3799  ANGLE   =       337.1618  DIHED      =       508.8968
 1-4 NB =       170.1287  1-4 EEL =      -352.3765  VDWAALS    =      4691.6324
 EELEC  =    -45907.0351  EHBOND  =         0.0000  RESTRAINT  =         0.0000
 EKCMT  =      3268.3045  VIRIAL  =      4054.1198  VOLUME     =    117221.9205
                                                    Density    =         1.0313
 Ewald error estimate:   0.8108E-04
 ------------------------------------------------------------------------------


 NSTEP =    20750   TIME(PS) =     461.500  TEMP(K) =   302.73  PRESS =   -87.0
 Etot   =    -33304.2513  EKtot   =      7168.4558  EPtot      =    -40472.7071
 BOND   =       158.3313  ANGLE   =       366.3424  DIHED      =       502.4390
 1-4 NB =       174.4058  1-4 EEL =      -376.5142  VDWAALS    =      4870.1543
 EELEC  =    -46167.8657  EHBOND  =         0.0000  RESTRAINT  =         0.0000
 EKCMT  =      3365.9561  VIRIAL  =      3586.0353  VOLUME     =    117182.6112
                                                    Density    =         1.0316
 Ewald error estimate:   0.1131E-03
 ------------------------------------------------------------------------------


 NSTEP =    21000   TIME(PS) =     462.000  TEMP(K) =   294.67  PRESS =   141.0
 Etot   =    -33396.8955  EKtot   =      6977.5189  EPtot      =    -40374.4144
 BOND   =       154.6291  ANGLE   =       352.7834  DIHED      =       514.6707
 1-4 NB =       175.0966  1-4 EEL =      -365.0814  VDWAALS    =      4883.5360
 EELEC  =    -46090.0488  EHBOND  =         0.0000  RESTRAINT  =         0.0000
 EKCMT  =      3284.3725  VIRIAL  =      2927.2152  VOLUME     =    117299.7289
                                                    Density    =         1.0306
 Ewald error estimate:   0.9252E-04
 ------------------------------------------------------------------------------


 NSTEP =    21250   TIME(PS) =     462.500  TEMP(K) =   298.49  PRESS =  -121.3
 Etot   =    -33297.0405  EKtot   =      7068.0772  EPtot      =    -40365.1177
 BOND   =       151.9504  ANGLE   =       332.6876  DIHED      =       495.3855
 1-4 NB =       174.8516  1-4 EEL =      -341.8774  VDWAALS    =      4770.6506
 EELEC  =    -45948.7660  EHBOND  =         0.0000  RESTRAINT  =         0.0000
 EKCMT  =      3319.5425  VIRIAL  =      3626.6758  VOLUME     =    117293.1566
                                                    Density    =         1.0306
 Ewald error estimate:   0.7109E-04
 ------------------------------------------------------------------------------


 NSTEP =    21500   TIME(PS) =     463.000  TEMP(K) =   297.55  PRESS =    14.8
 Etot   =    -33312.1325  EKtot   =      7045.8311  EPtot      =    -40357.9636
 BOND   =       131.7366  ANGLE   =       356.6198  DIHED      =       501.8220
 1-4 NB =       174.9409  1-4 EEL =      -359.0276  VDWAALS    =      4819.7335
 EELEC  =    -45983.7887  EHBOND  =         0.0000  RESTRAINT  =         0.0000
 EKCMT  =      3335.8071  VIRIAL  =      3298.2619  VOLUME     =    117343.5808
                                                    Density    =         1.0302
 Ewald error estimate:   0.5065E-04
 ------------------------------------------------------------------------------


 NSTEP =    21750   TIME(PS) =     463.500  TEMP(K) =   297.29  PRESS =    95.6
 Etot   =    -33238.2395  EKtot   =      7039.5394  EPtot      =    -40277.7789
 BOND   =       139.2392  ANGLE   =       308.3975  DIHED      =       514.2427
 1-4 NB =       177.7378  1-4 EEL =      -353.2732  VDWAALS    =      4821.0695
 EELEC  =    -45885.1924  EHBOND  =         0.0000  RESTRAINT  =         0.0000
 EKCMT  =      3239.8441  VIRIAL  =      2998.1964  VOLUME     =    117042.8007
                                                    Density    =         1.0328
 Ewald error estimate:   0.1088E-03
 ------------------------------------------------------------------------------


 NSTEP =    22000   TIME(PS) =     464.000  TEMP(K) =   299.85  PRESS =   311.8
 Etot   =    -33251.3061  EKtot   =      7100.3447  EPtot      =    -40351.6508
 BOND   =       162.9736  ANGLE   =       348.3758  DIHED      =       502.8676
 1-4 NB =       176.5470  1-4 EEL =      -325.4851  VDWAALS    =      5023.3028
 EELEC  =    -46240.2325  EHBOND  =         0.0000  RESTRAINT  =         0.0000
 EKCMT  =      3346.0155  VIRIAL  =      2557.5520  VOLUME     =    117135.9549
                                                    Density    =         1.0320
 Ewald error estimate:   0.3551E-04
 ------------------------------------------------------------------------------


 NSTEP =    22250   TIME(PS) =     464.500  TEMP(K) =   304.98  PRESS =     9.5
 Etot   =    -33212.8958  EKtot   =      7221.7472  EPtot      =    -40434.6429
 BOND   =       167.0322  ANGLE   =       334.2285  DIHED      =       512.2385
 1-4 NB =       174.7734  1-4 EEL =      -350.4368  VDWAALS    =      4879.4260
 EELEC  =    -46151.9048  EHBOND  =         0.0000  RESTRAINT  =         0.0000
 EKCMT  =      3402.4753  VIRIAL  =      3378.4358  VOLUME     =    117263.9829
                                                    Density    =         1.0309
 Ewald error estimate:   0.3173E-04
 ------------------------------------------------------------------------------


 NSTEP =    22500   TIME(PS) =     465.000  TEMP(K) =   298.13  PRESS =  -237.2
 Etot   =    -33221.9246  EKtot   =      7059.4812  EPtot      =    -40281.4058
 BOND   =       155.0604  ANGLE   =       362.8023  DIHED      =       510.0559
 1-4 NB =       166.2724  1-4 EEL =      -351.6688  VDWAALS    =      4729.1410
 EELEC  =    -45853.0691  EHBOND  =         0.0000  RESTRAINT  =         0.0000
 EKCMT  =      3281.7239  VIRIAL  =      3881.3320  VOLUME     =    117092.9951
                                                    Density    =         1.0324
 Ewald error estimate:   0.7689E-04
 ------------------------------------------------------------------------------


 NSTEP =    22750   TIME(PS) =     465.500  TEMP(K) =   298.84  PRESS =   -15.9
 Etot   =    -33216.1331  EKtot   =      7076.3064  EPtot      =    -40292.4395
 BOND   =       153.4586  ANGLE   =       371.1054  DIHED      =       521.6967
 1-4 NB =       164.0219  1-4 EEL =      -341.2874  VDWAALS    =      4848.4581
 EELEC  =    -46009.8927  EHBOND  =         0.0000  RESTRAINT  =         0.0000
 EKCMT  =      3286.4371  VIRIAL  =      3326.6170  VOLUME     =    117000.7191
                                                    Density    =         1.0332
 Ewald error estimate:   0.6230E-06
 ------------------------------------------------------------------------------


 NSTEP =    23000   TIME(PS) =     466.000  TEMP(K) =   302.28  PRESS =    68.4
 Etot   =    -33089.5057  EKtot   =      7157.8400  EPtot      =    -40247.3457
 BOND   =       158.0460  ANGLE   =       350.6602  DIHED      =       496.3206
 1-4 NB =       173.3485  1-4 EEL =      -346.5810  VDWAALS    =      4887.9673
 EELEC  =    -45967.1074  EHBOND  =         0.0000  RESTRAINT  =         0.0000
 EKCMT  =      3364.1285  VIRIAL  =      3191.3595  VOLUME     =    117057.4264
                                                    Density    =         1.0327
 Ewald error estimate:   0.1636E-04
 ------------------------------------------------------------------------------


 NSTEP =    23250   TIME(PS) =     466.500  TEMP(K) =   303.61  PRESS =    67.8
 Etot   =    -33105.5920  EKtot   =      7189.3482  EPtot      =    -40294.9403
 BOND   =       151.4365  ANGLE   =       367.5481  DIHED      =       503.7351
 1-4 NB =       173.1005  1-4 EEL =      -353.5056  VDWAALS    =      4909.1879
 EELEC  =    -46046.4427  EHBOND  =         0.0000  RESTRAINT  =         0.0000
 EKCMT  =      3348.9164  VIRIAL  =      3177.5342  VOLUME     =    117100.9872
                                                    Density    =         1.0323
 Ewald error estimate:   0.8943E-04
 ------------------------------------------------------------------------------


 NSTEP =    23500   TIME(PS) =     467.000  TEMP(K) =   300.94  PRESS =   -18.3
 Etot   =    -33146.1814  EKtot   =      7126.0465  EPtot      =    -40272.2278
 BOND   =       151.8909  ANGLE   =       357.9960  DIHED      =       505.7458
 1-4 NB =       160.7910  1-4 EEL =      -340.2156  VDWAALS    =      4804.5116
 EELEC  =    -45912.9474  EHBOND  =         0.0000  RESTRAINT  =         0.0000
 EKCMT  =      3291.6000  VIRIAL  =      3337.8893  VOLUME     =    117097.9817
                                                    Density    =         1.0324
 Ewald error estimate:   0.1023E-03
 ------------------------------------------------------------------------------


 NSTEP =    23750   TIME(PS) =     467.500  TEMP(K) =   303.80  PRESS =   586.3
 Etot   =    -33100.6000  EKtot   =      7193.8893  EPtot      =    -40294.4892
 BOND   =       137.6893  ANGLE   =       341.8844  DIHED      =       503.6838
 1-4 NB =       176.2114  1-4 EEL =      -336.3766  VDWAALS    =      5008.7018
 EELEC  =    -46126.2832  EHBOND  =         0.0000  RESTRAINT  =         0.0000
 EKCMT  =      3403.1970  VIRIAL  =      1918.5530  VOLUME     =    117278.8358
                                                    Density    =         1.0308
 Ewald error estimate:   0.4811E-04
 ------------------------------------------------------------------------------


 NSTEP =    24000   TIME(PS) =     468.000  TEMP(K) =   300.96  PRESS =  -223.4
 Etot   =    -33143.4862  EKtot   =      7126.6373  EPtot      =    -40270.1235
 BOND   =       142.7614  ANGLE   =       327.8641  DIHED      =       500.1910
 1-4 NB =       176.2935  1-4 EEL =      -344.3236  VDWAALS    =      4755.1057
 EELEC  =    -45828.0155  EHBOND  =         0.0000  RESTRAINT  =         0.0000
 EKCMT  =      3291.6764  VIRIAL  =      3857.1229  VOLUME     =    117240.9930
                                                    Density    =         1.0311
 Ewald error estimate:   0.2939E-04
 ------------------------------------------------------------------------------


 NSTEP =    24250   TIME(PS) =     468.500  TEMP(K) =   298.72  PRESS =  -154.2
 Etot   =    -33136.8311  EKtot   =      7073.4724  EPtot      =    -40210.3036
 BOND   =       154.5783  ANGLE   =       366.4950  DIHED      =       505.6304
 1-4 NB =       160.0921  1-4 EEL =      -360.0292  VDWAALS    =      4843.7912
 EELEC  =    -45880.8615  EHBOND  =         0.0000  RESTRAINT  =         0.0000
 EKCMT  =      3334.2594  VIRIAL  =      3724.5078  VOLUME     =    117219.7813
                                                    Density    =         1.0313
 Ewald error estimate:   0.2487E-04
 ------------------------------------------------------------------------------


 NSTEP =    24500   TIME(PS) =     469.000  TEMP(K) =   299.47  PRESS =   -19.5
 Etot   =    -33169.7951  EKtot   =      7091.3503  EPtot      =    -40261.1455
 BOND   =       156.3255  ANGLE   =       336.7336  DIHED      =       505.1188
 1-4 NB =       173.1380  1-4 EEL =      -356.6290  VDWAALS    =      4854.6372
 EELEC  =    -45930.4698  EHBOND  =         0.0000  RESTRAINT  =         0.0000
 EKCMT  =      3376.0427  VIRIAL  =      3425.5163  VOLUME     =    117240.1447
                                                    Density    =         1.0311
 Ewald error estimate:   0.3234E-04
 ------------------------------------------------------------------------------


 NSTEP =    24750   TIME(PS) =     469.500  TEMP(K) =   301.42  PRESS =   -50.2
 Etot   =    -33240.9179  EKtot   =      7137.3587  EPtot      =    -40378.2767
 BOND   =       160.4885  ANGLE   =       335.1125  DIHED      =       498.3070
 1-4 NB =       163.8404  1-4 EEL =      -360.5175  VDWAALS    =      4866.1006
 EELEC  =    -46041.6081  EHBOND  =         0.0000  RESTRAINT  =         0.0000
 EKCMT  =      3307.5273  VIRIAL  =      3434.6844  VOLUME     =    117271.6335
                                                    Density    =         1.0308
 Ewald error estimate:   0.1055E-03
 ------------------------------------------------------------------------------


 NSTEP =    25000   TIME(PS) =     470.000  TEMP(K) =   297.63  PRESS =   352.0
 Etot   =    -33333.1218  EKtot   =      7047.7364  EPtot      =    -40380.8582
 BOND   =       171.7053  ANGLE   =       336.3728  DIHED      =       502.4008
 1-4 NB =       169.8643  1-4 EEL =      -357.0252  VDWAALS    =      4865.9029
 EELEC  =    -46070.0792  EHBOND  =         0.0000  RESTRAINT  =         0.0000
 EKCMT  =      3270.3311  VIRIAL  =      2379.4012  VOLUME     =    117232.1702
                                                    Density    =         1.0312
 Ewald error estimate:   0.9316E-04
 ------------------------------------------------------------------------------


 NSTEP =    25250   TIME(PS) =     470.500  TEMP(K) =   296.18  PRESS =   354.3
 Etot   =    -33297.4568  EKtot   =      7013.3663  EPtot      =    -40310.8232
 BOND   =       161.0785  ANGLE   =       366.0776  DIHED      =       506.7839
 1-4 NB =       172.1627  1-4 EEL =      -339.2061  VDWAALS    =      4916.5072
 EELEC  =    -46094.2271  EHBOND  =         0.0000  RESTRAINT  =         0.0000
 EKCMT  =      3327.3771  VIRIAL  =      2431.7049  VOLUME     =    117095.1398
                                                    Density    =         1.0324
 Ewald error estimate:   0.5426E-04
 ------------------------------------------------------------------------------


 NSTEP =    25500   TIME(PS) =     471.000  TEMP(K) =   298.42  PRESS =     9.6
 Etot   =    -33316.3593  EKtot   =      7066.4479  EPtot      =    -40382.8072
 BOND   =       142.2731  ANGLE   =       355.9895  DIHED      =       497.6403
 1-4 NB =       172.4848  1-4 EEL =      -367.8926  VDWAALS    =      4910.8127
 EELEC  =    -46094.1149  EHBOND  =         0.0000  RESTRAINT  =         0.0000
 EKCMT  =      3307.3175  VIRIAL  =      3283.0582  VOLUME     =    117078.0575
                                                    Density    =         1.0325
 Ewald error estimate:   0.3701E-05
 ------------------------------------------------------------------------------


 NSTEP =    25750   TIME(PS) =     471.500  TEMP(K) =   299.49  PRESS =    56.9
 Etot   =    -33502.1136  EKtot   =      7091.8491  EPtot      =    -40593.9627
 BOND   =       145.6287  ANGLE   =       338.5937  DIHED      =       504.1783
 1-4 NB =       175.4579  1-4 EEL =      -371.1190  VDWAALS    =      4948.6794
 EELEC  =    -46335.3816  EHBOND  =         0.0000  RESTRAINT  =         0.0000
 EKCMT  =      3276.0166  VIRIAL  =      3132.2642  VOLUME     =    116989.0246
                                                    Density    =         1.0333
 Ewald error estimate:   0.9421E-04
 ------------------------------------------------------------------------------


 NSTEP =    26000   TIME(PS) =     472.000  TEMP(K) =   298.55  PRESS =  -235.8
 Etot   =    -33507.4936  EKtot   =      7069.4450  EPtot      =    -40576.9386
 BOND   =       170.5303  ANGLE   =       332.2420  DIHED      =       492.3133
 1-4 NB =       176.4696  1-4 EEL =      -368.6470  VDWAALS    =      4995.5052
 EELEC  =    -46375.3520  EHBOND  =         0.0000  RESTRAINT  =         0.0000
 EKCMT  =      3353.6872  VIRIAL  =      3949.3591  VOLUME     =    116995.0870
                                                    Density    =         1.0333
 Ewald error estimate:   0.2262E-05
 ------------------------------------------------------------------------------


 NSTEP =    26250   TIME(PS) =     472.500  TEMP(K) =   297.37  PRESS =  -197.1
 Etot   =    -33443.8537  EKtot   =      7041.5000  EPtot      =    -40485.3537
 BOND   =       164.3554  ANGLE   =       359.2301  DIHED      =       497.6623
 1-4 NB =       167.4405  1-4 EEL =      -355.6324  VDWAALS    =      4834.3156
 EELEC  =    -46152.7252  EHBOND  =         0.0000  RESTRAINT  =         0.0000
 EKCMT  =      3228.4765  VIRIAL  =      3725.3609  VOLUME     =    116742.4991
                                                    Density    =         1.0355
 Ewald error estimate:   0.1626E-03
 ------------------------------------------------------------------------------


 NSTEP =    26500   TIME(PS) =     473.000  TEMP(K) =   300.05  PRESS =  -140.8
 Etot   =    -33399.9495  EKtot   =      7104.9442  EPtot      =    -40504.8937
 BOND   =       158.5859  ANGLE   =       329.0874  DIHED      =       503.8451
 1-4 NB =       163.2152  1-4 EEL =      -336.8023  VDWAALS    =      4816.2377
 EELEC  =    -46139.0626  EHBOND  =         0.0000  RESTRAINT  =         0.0000
 EKCMT  =      3315.0234  VIRIAL  =      3669.3556  VOLUME     =    116569.7745
                                                    Density    =         1.0370
 Ewald error estimate:   0.5854E-04
 ------------------------------------------------------------------------------


 NSTEP =    26750   TIME(PS) =     473.500  TEMP(K) =   301.75  PRESS =   -89.9
 Etot   =    -33372.8179  EKtot   =      7145.2245  EPtot      =    -40518.0424
 BOND   =       158.6236  ANGLE   =       333.5059  DIHED      =       507.9307
 1-4 NB =       165.9704  1-4 EEL =      -357.9864  VDWAALS    =      4886.0566
 EELEC  =    -46212.1433  EHBOND  =         0.0000  RESTRAINT  =         0.0000
 EKCMT  =      3266.6416  VIRIAL  =      3492.7873  VOLUME     =    116515.4470
                                                    Density    =         1.0375
 Ewald error estimate:   0.6219E-04
 ------------------------------------------------------------------------------


 NSTEP =    27000   TIME(PS) =     474.000  TEMP(K) =   300.41  PRESS =    95.0
 Etot   =    -33369.3068  EKtot   =      7113.5602  EPtot      =    -40482.8670
 BOND   =       167.9562  ANGLE   =       349.5421  DIHED      =       505.3422
 1-4 NB =       169.2373  1-4 EEL =      -383.7382  VDWAALS    =      4848.2342
 EELEC  =    -46139.4407  EHBOND  =         0.0000  RESTRAINT  =         0.0000
 EKCMT  =      3318.9223  VIRIAL  =      3079.7797  VOLUME     =    116621.1153
                                                    Density    =         1.0366
 Ewald error estimate:   0.2698E-03
 ------------------------------------------------------------------------------


 NSTEP =    27250   TIME(PS) =     474.500  TEMP(K) =   302.29  PRESS =  -218.8
 Etot   =    -33379.4527  EKtot   =      7158.1325  EPtot      =    -40537.5852
 BOND   =       169.1171  ANGLE   =       328.8473  DIHED      =       513.4214
 1-4 NB =       171.2025  1-4 EEL =      -346.4811  VDWAALS    =      4831.8128
 EELEC  =    -46205.5052  EHBOND  =         0.0000  RESTRAINT  =         0.0000
 EKCMT  =      3345.2741  VIRIAL  =      3897.1215  VOLUME     =    116794.0846
                                                    Density    =         1.0350
 Ewald error estimate:   0.8876E-05
 ------------------------------------------------------------------------------


 NSTEP =    27500   TIME(PS) =     475.000  TEMP(K) =   300.22  PRESS =   166.9
 Etot   =    -33371.1413  EKtot   =      7108.9359  EPtot      =    -40480.0772
 BOND   =       142.9383  ANGLE   =       357.4960  DIHED      =       485.1515
 1-4 NB =       173.9129  1-4 EEL =      -358.7238  VDWAALS    =      4955.8669
 EELEC  =    -46236.7190  EHBOND  =         0.0000  RESTRAINT  =         0.0000
 EKCMT  =      3281.0991  VIRIAL  =      2860.9342  VOLUME     =    116607.8237
                                                    Density    =         1.0367
 Ewald error estimate:   0.7459E-04
 ------------------------------------------------------------------------------


 NSTEP =    27750   TIME(PS) =     475.500  TEMP(K) =   297.46  PRESS =   537.2
 Etot   =    -33395.0489  EKtot   =      7043.7167  EPtot      =    -40438.7656
 BOND   =       167.5051  ANGLE   =       366.7023  DIHED      =       490.8247
 1-4 NB =       175.3026  1-4 EEL =      -362.9930  VDWAALS    =      4951.3596
 EELEC  =    -46227.4669  EHBOND  =         0.0000  RESTRAINT  =         0.0000
 EKCMT  =      3295.0555  VIRIAL  =      1941.8890  VOLUME     =    116657.5025
                                                    Density    =         1.0363
 Ewald error estimate:   0.4955E-04
 ------------------------------------------------------------------------------


 NSTEP =    28000   TIME(PS) =     476.000  TEMP(K) =   302.28  PRESS =   372.9
 Etot   =    -33293.1778  EKtot   =      7157.7145  EPtot      =    -40450.8923
 BOND   =       156.2776  ANGLE   =       343.2690  DIHED      =       489.9128
 1-4 NB =       166.5634  1-4 EEL =      -342.6853  VDWAALS    =      5027.8473
 EELEC  =    -46292.0772  EHBOND  =         0.0000  RESTRAINT  =         0.0000
 EKCMT  =      3334.8961  VIRIAL  =      2394.5428  VOLUME     =    116802.6986
                                                    Density    =         1.0350
 Ewald error estimate:   0.3838E-04
 ------------------------------------------------------------------------------


 NSTEP =    28250   TIME(PS) =     476.500  TEMP(K) =   298.08  PRESS =  -142.5
 Etot   =    -33299.2649  EKtot   =      7058.3607  EPtot      =    -40357.6256
 BOND   =       163.2366  ANGLE   =       343.9892  DIHED      =       505.4533
 1-4 NB =       177.1170  1-4 EEL =      -361.8690  VDWAALS    =      4781.4184
 EELEC  =    -45966.9710  EHBOND  =         0.0000  RESTRAINT  =         0.0000
 EKCMT  =      3192.5167  VIRIAL  =      3552.0813  VOLUME     =    116874.6684
                                                    Density    =         1.0343
 Ewald error estimate:   0.7175E-04
 ------------------------------------------------------------------------------


 NSTEP =    28500   TIME(PS) =     477.000  TEMP(K) =   298.24  PRESS =   132.1
 Etot   =    -33280.1134  EKtot   =      7062.1325  EPtot      =    -40342.2459
 BOND   =       138.7597  ANGLE   =       360.8526  DIHED      =       507.2249
 1-4 NB =       178.0893  1-4 EEL =      -321.5832  VDWAALS    =      4907.0995
 EELEC  =    -46112.6888  EHBOND  =         0.0000  RESTRAINT  =         0.0000
 EKCMT  =      3321.1277  VIRIAL  =      2987.5874  VOLUME     =    116910.4463
                                                    Density    =         1.0340
 Ewald error estimate:   0.8287E-05
 ------------------------------------------------------------------------------


 NSTEP =    28750   TIME(PS) =     477.500  TEMP(K) =   302.93  PRESS =    39.0
 Etot   =    -33247.7053  EKtot   =      7173.0869  EPtot      =    -40420.7922
 BOND   =       140.8720  ANGLE   =       351.4307  DIHED      =       503.8717
 1-4 NB =       171.7398  1-4 EEL =      -328.7832  VDWAALS    =      4933.7916
 EELEC  =    -46193.7146  EHBOND  =         0.0000  RESTRAINT  =         0.0000
 EKCMT  =      3312.8099  VIRIAL  =      3214.3568  VOLUME     =    116890.1988
                                                    Density    =         1.0342
 Ewald error estimate:   0.1238E-03
 ------------------------------------------------------------------------------


 NSTEP =    29000   TIME(PS) =     478.000  TEMP(K) =   299.55  PRESS =  -199.9
 Etot   =    -33299.6946  EKtot   =      7093.1812  EPtot      =    -40392.8758
 BOND   =       153.6620  ANGLE   =       350.6418  DIHED      =       498.8947
 1-4 NB =       168.8210  1-4 EEL =      -337.6546  VDWAALS    =      4741.2505
 EELEC  =    -45968.4912  EHBOND  =         0.0000  RESTRAINT  =         0.0000
 EKCMT  =      3312.4423  VIRIAL  =      3817.2862  VOLUME     =    116965.5779
                                                    Density    =         1.0335
 Ewald error estimate:   0.2696E-03
 ------------------------------------------------------------------------------


 NSTEP =    29250   TIME(PS) =     478.500  TEMP(K) =   300.41  PRESS =  -114.9
 Etot   =    -33191.0085  EKtot   =      7113.6250  EPtot      =    -40304.6335
 BOND   =       158.6578  ANGLE   =       355.7765  DIHED      =       493.9068
 1-4 NB =       168.1696  1-4 EEL =      -371.8828  VDWAALS    =      4719.9709
 EELEC  =    -45829.2323  EHBOND  =         0.0000  RESTRAINT  =         0.0000
 EKCMT  =      3311.5172  VIRIAL  =      3601.4566  VOLUME     =    116910.3744
                                                    Density    =         1.0340
 Ewald error estimate:   0.1176E-03
 ------------------------------------------------------------------------------


 NSTEP =    29500   TIME(PS) =     479.000  TEMP(K) =   300.53  PRESS =   165.9
 Etot   =    -33164.7805  EKtot   =      7116.3604  EPtot      =    -40281.1409
 BOND   =       157.2616  ANGLE   =       341.2800  DIHED      =       499.0545
 1-4 NB =       162.7425  1-4 EEL =      -351.2835  VDWAALS    =      4874.7490
 EELEC  =    -45964.9451  EHBOND  =         0.0000  RESTRAINT  =         0.0000
 EKCMT  =      3300.2835  VIRIAL  =      2881.7980  VOLUME     =    116838.5643
                                                    Density    =         1.0346
 Ewald error estimate:   0.1607E-03
 ------------------------------------------------------------------------------


 NSTEP =    29750   TIME(PS) =     479.500  TEMP(K) =   302.33  PRESS =   250.4
 Etot   =    -33208.1943  EKtot   =      7158.9721  EPtot      =    -40367.1664
 BOND   =       147.2239  ANGLE   =       318.0999  DIHED      =       501.2771
 1-4 NB =       171.0774  1-4 EEL =      -356.4643  VDWAALS    =      4834.0687
 EELEC  =    -45982.4490  EHBOND  =         0.0000  RESTRAINT  =         0.0000
 EKCMT  =      3336.5356  VIRIAL  =      2705.0629  VOLUME     =    116816.0985
                                                    Density    =         1.0348
 Ewald error estimate:   0.3887E-04
 ------------------------------------------------------------------------------


 NSTEP =    30000   TIME(PS) =     480.000  TEMP(K) =   299.97  PRESS =  -141.2
 Etot   =    -33200.9189  EKtot   =      7103.1768  EPtot      =    -40304.0956
 BOND   =       155.4940  ANGLE   =       343.5697  DIHED      =       521.7000
 1-4 NB =       169.1495  1-4 EEL =      -355.5131  VDWAALS    =      4764.7043
 EELEC  =    -45903.2001  EHBOND  =         0.0000  RESTRAINT  =         0.0000
 EKCMT  =      3297.9099  VIRIAL  =      3654.3962  VOLUME     =    116894.3688
                                                    Density    =         1.0342
 Ewald error estimate:   0.5733E-04
 ------------------------------------------------------------------------------


 NSTEP =    30250   TIME(PS) =     480.500  TEMP(K) =   302.64  PRESS =   111.1
 Etot   =    -33244.6355  EKtot   =      7166.3002  EPtot      =    -40410.9357
 BOND   =       140.6796  ANGLE   =       365.0384  DIHED      =       506.8973
 1-4 NB =       165.9347  1-4 EEL =      -352.3782  VDWAALS    =      4939.8309
 EELEC  =    -46176.9385  EHBOND  =         0.0000  RESTRAINT  =         0.0000
 EKCMT  =      3349.4066  VIRIAL  =      3068.6598  VOLUME     =    116986.4984
                                                    Density    =         1.0333
 Ewald error estimate:   0.6802E-04
 ------------------------------------------------------------------------------


 NSTEP =    30500   TIME(PS) =     481.000  TEMP(K) =   301.61  PRESS =   -16.4
 Etot   =    -33269.8989  EKtot   =      7141.8391  EPtot      =    -40411.7379
 BOND   =       157.7343  ANGLE   =       359.4831  DIHED      =       514.7217
 1-4 NB =       164.8686  1-4 EEL =      -382.9147  VDWAALS    =      4855.1746
 EELEC  =    -46080.8056  EHBOND  =         0.0000  RESTRAINT  =         0.0000
 EKCMT  =      3336.6042  VIRIAL  =      3377.9714  VOLUME     =    116905.3591
                                                    Density    =         1.0341
 Ewald error estimate:   0.1842E-03
 ------------------------------------------------------------------------------


 NSTEP =    30750   TIME(PS) =     481.500  TEMP(K) =   301.64  PRESS =    32.7
 Etot   =    -33180.5141  EKtot   =      7142.5312  EPtot      =    -40323.0453
 BOND   =       140.3014  ANGLE   =       366.1875  DIHED      =       518.8227
 1-4 NB =       164.6927  1-4 EEL =      -350.2896  VDWAALS    =      4803.1963
 EELEC  =    -45965.9562  EHBOND  =         0.0000  RESTRAINT  =         0.0000
 EKCMT  =      3351.9981  VIRIAL  =      3269.2655  VOLUME     =    117018.3853
                                                    Density    =         1.0331
 Ewald error estimate:   0.9888E-04
 ------------------------------------------------------------------------------


 NSTEP =    31000   TIME(PS) =     482.000  TEMP(K) =   300.78  PRESS =   109.9
 Etot   =    -33252.4049  EKtot   =      7122.1814  EPtot      =    -40374.5863
 BOND   =       141.7947  ANGLE   =       339.2452  DIHED      =       517.5898
 1-4 NB =       163.4987  1-4 EEL =      -354.2643  VDWAALS    =      4860.9452
 EELEC  =    -46043.3956  EHBOND  =         0.0000  RESTRAINT  =         0.0000
 EKCMT  =      3358.1498  VIRIAL  =      3080.4050  VOLUME     =    117022.2297
                                                    Density    =         1.0330
 Ewald error estimate:   0.8035E-04
 ------------------------------------------------------------------------------


 NSTEP =    31250   TIME(PS) =     482.500  TEMP(K) =   296.81  PRESS =   203.8
 Etot   =    -33347.0353  EKtot   =      7028.2552  EPtot      =    -40375.2905
 BOND   =       153.3859  ANGLE   =       366.7421  DIHED      =       504.6348
 1-4 NB =       164.8080  1-4 EEL =      -364.8251  VDWAALS    =      4882.7325
 EELEC  =    -46082.7687  EHBOND  =         0.0000  RESTRAINT  =         0.0000
 EKCMT  =      3299.1272  VIRIAL  =      2784.2414  VOLUME     =    117037.0503
                                                    Density    =         1.0329
 Ewald error estimate:   0.1934E-03
 ------------------------------------------------------------------------------


 NSTEP =    31500   TIME(PS) =     483.000  TEMP(K) =   296.13  PRESS =  -417.8
 Etot   =    -33314.5824  EKtot   =      7012.2063  EPtot      =    -40326.7886
 BOND   =       147.4665  ANGLE   =       371.3763  DIHED      =       507.8434
 1-4 NB =       177.6192  1-4 EEL =      -360.7338  VDWAALS    =      4682.0224
 EELEC  =    -45852.3826  EHBOND  =         0.0000  RESTRAINT  =         0.0000
 EKCMT  =      3325.1320  VIRIAL  =      4380.9356  VOLUME     =    117043.1314
                                                    Density    =         1.0328
 Ewald error estimate:   0.1506E-03
 ------------------------------------------------------------------------------


 NSTEP =    31750   TIME(PS) =     483.500  TEMP(K) =   304.91  PRESS =  -103.5
 Etot   =    -33329.8605  EKtot   =      7220.0896  EPtot      =    -40549.9501
 BOND   =       148.2047  ANGLE   =       330.6096  DIHED      =       502.9113
 1-4 NB =       171.2243  1-4 EEL =      -367.1246  VDWAALS    =      4795.6358
 EELEC  =    -46131.4112  EHBOND  =         0.0000  RESTRAINT  =         0.0000
 EKCMT  =      3438.3196  VIRIAL  =      3700.0043  VOLUME     =    117128.3905
                                                    Density    =         1.0321
 Ewald error estimate:   0.4631E-04
 ------------------------------------------------------------------------------


 NSTEP =    32000   TIME(PS) =     484.000  TEMP(K) =   301.24  PRESS =   308.7
 Etot   =    -33309.5833  EKtot   =      7133.0616  EPtot      =    -40442.6449
 BOND   =       156.0315  ANGLE   =       356.1872  DIHED      =       505.8980
 1-4 NB =       161.5054  1-4 EEL =      -346.2673  VDWAALS    =      4891.5536
 EELEC  =    -46167.5531  EHBOND  =         0.0000  RESTRAINT  =         0.0000
 EKCMT  =      3350.4360  VIRIAL  =      2570.1712  VOLUME     =    117054.8242
                                                    Density    =         1.0327
 Ewald error estimate:   0.1276E-03
 ------------------------------------------------------------------------------


 NSTEP =    32250   TIME(PS) =     484.500  TEMP(K) =   297.53  PRESS =   -29.7
 Etot   =    -33478.4349  EKtot   =      7045.3819  EPtot      =    -40523.8168
 BOND   =       160.8159  ANGLE   =       355.0947  DIHED      =       489.6955
 1-4 NB =       177.2966  1-4 EEL =      -369.1853  VDWAALS    =      4976.7513
 EELEC  =    -46314.2855  EHBOND  =         0.0000  RESTRAINT  =         0.0000
 EKCMT  =      3306.9405  VIRIAL  =      3381.9151  VOLUME     =    117070.5207
                                                    Density    =         1.0326
 Ewald error estimate:   0.8125E-04
 ------------------------------------------------------------------------------


 NSTEP =    32500   TIME(PS) =     485.000  TEMP(K) =   296.72  PRESS =   -38.5
 Etot   =    -33497.2323  EKtot   =      7026.1833  EPtot      =    -40523.4156
 BOND   =       146.5307  ANGLE   =       329.2483  DIHED      =       517.0236
 1-4 NB =       169.1184  1-4 EEL =      -348.2971  VDWAALS    =      4818.9747
 EELEC  =    -46156.0142  EHBOND  =         0.0000  RESTRAINT  =         0.0000
 EKCMT  =      3310.2622  VIRIAL  =      3407.7457  VOLUME     =    117147.0152
                                                    Density    =         1.0319
 Ewald error estimate:   0.1705E-03
 ------------------------------------------------------------------------------


 NSTEP =    32750   TIME(PS) =     485.500  TEMP(K) =   296.27  PRESS =    55.7
 Etot   =    -33509.5040  EKtot   =      7015.4485  EPtot      =    -40524.9524
 BOND   =       149.3923  ANGLE   =       348.7520  DIHED      =       498.3643
 1-4 NB =       172.8637  1-4 EEL =      -342.7598  VDWAALS    =      4952.4442
 EELEC  =    -46304.0090  EHBOND  =         0.0000  RESTRAINT  =         0.0000
 EKCMT  =      3240.9552  VIRIAL  =      3100.1013  VOLUME     =    117166.0889
                                                    Density    =         1.0318
 Ewald error estimate:   0.4087E-04
 ------------------------------------------------------------------------------


 NSTEP =    33000   TIME(PS) =     486.000  TEMP(K) =   295.36  PRESS =   -62.3
 Etot   =    -33475.8951  EKtot   =      6993.8936  EPtot      =    -40469.7887
 BOND   =       177.0425  ANGLE   =       336.7937  DIHED      =       498.9953
 1-4 NB =       168.3104  1-4 EEL =      -362.8713  VDWAALS    =      4804.9252
 EELEC  =    -46092.9845  EHBOND  =         0.0000  RESTRAINT  =         0.0000
 EKCMT  =      3270.5952  VIRIAL  =      3428.0723  VOLUME     =    117112.5849
                                                    Density    =         1.0322
 Ewald error estimate:   0.1289E-04
 ------------------------------------------------------------------------------


 NSTEP =    33250   TIME(PS) =     486.500  TEMP(K) =   301.04  PRESS =  -100.3
 Etot   =    -33394.9983  EKtot   =      7128.3920  EPtot      =    -40523.3903
 BOND   =       171.8603  ANGLE   =       355.0592  DIHED      =       501.5939
 1-4 NB =       162.1608  1-4 EEL =      -377.6485  VDWAALS    =      4871.7800
 EELEC  =    -46208.1960  EHBOND  =         0.0000  RESTRAINT  =         0.0000
 EKCMT  =      3330.0703  VIRIAL  =      3583.5881  VOLUME     =    117053.8165
                                                    Density    =         1.0327
 Ewald error estimate:   0.9662E-04
 ------------------------------------------------------------------------------


 NSTEP =    33500   TIME(PS) =     487.000  TEMP(K) =   301.34  PRESS =  -203.1
 Etot   =    -33385.1298  EKtot   =      7135.5185  EPtot      =    -40520.6483
 BOND   =       164.0724  ANGLE   =       327.5706  DIHED      =       514.4124
 1-4 NB =       170.5374  1-4 EEL =      -341.7595  VDWAALS    =      4852.9210
 EELEC  =    -46208.4026  EHBOND  =         0.0000  RESTRAINT  =         0.0000
 EKCMT  =      3332.6303  VIRIAL  =      3846.5051  VOLUME     =    117174.4449
                                                    Density    =         1.0317
 Ewald error estimate:   0.1330E-03
 ------------------------------------------------------------------------------


 NSTEP =    33750   TIME(PS) =     487.500  TEMP(K) =   295.10  PRESS =   -84.2
 Etot   =    -33477.8653  EKtot   =      6987.7497  EPtot      =    -40465.6150
 BOND   =       171.6548  ANGLE   =       337.3391  DIHED      =       501.3402
 1-4 NB =       172.9729  1-4 EEL =      -337.4317  VDWAALS    =      4974.6134
 EELEC  =    -46286.1037  EHBOND  =         0.0000  RESTRAINT  =         0.0000
 EKCMT  =      3246.2420  VIRIAL  =      3459.2661  VOLUME     =    117139.6279
                                                    Density    =         1.0320
 Ewald error estimate:   0.2251E-04
 ------------------------------------------------------------------------------


 NSTEP =    34000   TIME(PS) =     488.000  TEMP(K) =   298.67  PRESS =  -196.2
 Etot   =    -33412.9995  EKtot   =      7072.4273  EPtot      =    -40485.4268
 BOND   =       164.8617  ANGLE   =       354.7013  DIHED      =       505.6375
 1-4 NB =       173.3716  1-4 EEL =      -371.3808  VDWAALS    =      4890.3731
 EELEC  =    -46202.9911  EHBOND  =         0.0000  RESTRAINT  =         0.0000
 EKCMT  =      3296.9915  VIRIAL  =      3793.3159  VOLUME     =    117169.7359
                                                    Density    =         1.0317
 Ewald error estimate:   0.1656E-03
 ------------------------------------------------------------------------------


 NSTEP =    34250   TIME(PS) =     488.500  TEMP(K) =   299.40  PRESS =   198.6
 Etot   =    -33383.4974  EKtot   =      7089.6637  EPtot      =    -40473.1611
 BOND   =       160.0238  ANGLE   =       350.3597  DIHED      =       499.2378
 1-4 NB =       173.2200  1-4 EEL =      -340.8952  VDWAALS    =      4942.9412
 EELEC  =    -46258.0483  EHBOND  =         0.0000  RESTRAINT  =         0.0000
 EKCMT  =      3303.3300  VIRIAL  =      2800.9086  VOLUME     =    117166.2969
                                                    Density    =         1.0318
 Ewald error estimate:   0.1187E-04
 ------------------------------------------------------------------------------


 NSTEP =    34500   TIME(PS) =     489.000  TEMP(K) =   293.50  PRESS =  -251.2
 Etot   =    -33613.5165  EKtot   =      6949.9487  EPtot      =    -40563.4652
 BOND   =       149.8432  ANGLE   =       357.4268  DIHED      =       501.2836
 1-4 NB =       160.7994  1-4 EEL =      -359.9947  VDWAALS    =      4888.6601
 EELEC  =    -46261.4836  EHBOND  =         0.0000  RESTRAINT  =         0.0000
 EKCMT  =      3250.2978  VIRIAL  =      3884.5901  VOLUME     =    116946.9510
                                                    Density    =         1.0337
 Ewald error estimate:   0.2752E-03
 ------------------------------------------------------------------------------


 NSTEP =    34750   TIME(PS) =     489.500  TEMP(K) =   299.86  PRESS =  -212.9
 Etot   =    -33364.5187  EKtot   =      7100.4172  EPtot      =    -40464.9358
 BOND   =       150.4180  ANGLE   =       339.9950  DIHED      =       501.0630
 1-4 NB =       176.3842  1-4 EEL =      -337.3705  VDWAALS    =      4773.5333
 EELEC  =    -46068.9589  EHBOND  =         0.0000  RESTRAINT  =         0.0000
 EKCMT  =      3322.5754  VIRIAL  =      3859.8867  VOLUME     =    116901.9944
                                                    Density    =         1.0341
 Ewald error estimate:   0.1066E-03
 ------------------------------------------------------------------------------


 NSTEP =    35000   TIME(PS) =     490.000  TEMP(K) =   298.57  PRESS =  -221.8
 Etot   =    -33457.7903  EKtot   =      7069.9953  EPtot      =    -40527.7856
 BOND   =       148.1480  ANGLE   =       348.7038  DIHED      =       515.9507
 1-4 NB =       165.7352  1-4 EEL =      -325.4820  VDWAALS    =      4793.6152
 EELEC  =    -46174.4565  EHBOND  =         0.0000  RESTRAINT  =         0.0000
 EKCMT  =      3317.6569  VIRIAL  =      3876.6184  VOLUME     =    116725.2306
                                                    Density    =         1.0357
 Ewald error estimate:   0.8782E-06
 ------------------------------------------------------------------------------


 NSTEP =    35250   TIME(PS) =     490.500  TEMP(K) =   302.19  PRESS =  -191.8
 Etot   =    -33530.8683  EKtot   =      7155.6201  EPtot      =    -40686.4883
 BOND   =       143.2619  ANGLE   =       347.5379  DIHED      =       514.8892
 1-4 NB =       164.5164  1-4 EEL =      -367.1302  VDWAALS    =      4891.4144
 EELEC  =    -46380.9778  EHBOND  =         0.0000  RESTRAINT  =         0.0000
 EKCMT  =      3294.1075  VIRIAL  =      3777.4570  VOLUME     =    116709.8537
                                                    Density    =         1.0358
 Ewald error estimate:   0.1329E-03
 ------------------------------------------------------------------------------


 NSTEP =    35500   TIME(PS) =     491.000  TEMP(K) =   299.34  PRESS =  -172.0
 Etot   =    -33460.1292  EKtot   =      7088.0878  EPtot      =    -40548.2170
 BOND   =       136.5979  ANGLE   =       356.7980  DIHED      =       505.5269
 1-4 NB =       176.8531  1-4 EEL =      -357.5835  VDWAALS    =      4940.3637
 EELEC  =    -46306.7730  EHBOND  =         0.0000  RESTRAINT  =         0.0000
 EKCMT  =      3280.1848  VIRIAL  =      3713.9477  VOLUME     =    116781.4953
                                                    Density    =         1.0352
 Ewald error estimate:   0.1619E-03
 ------------------------------------------------------------------------------


 NSTEP =    35750   TIME(PS) =     491.500  TEMP(K) =   298.66  PRESS =  -181.9
 Etot   =    -33400.8132  EKtot   =      7072.0038  EPtot      =    -40472.8170
 BOND   =       146.2379  ANGLE   =       354.9034  DIHED      =       498.9064
 1-4 NB =       162.5911  1-4 EEL =      -376.9615  VDWAALS    =      4771.1607
 EELEC  =    -46029.6551  EHBOND  =         0.0000  RESTRAINT  =         0.0000
 EKCMT  =      3270.1921  VIRIAL  =      3728.6194  VOLUME     =    116724.8068
                                                    Density    =         1.0357
 Ewald error estimate:   0.5862E-04
 ------------------------------------------------------------------------------


 NSTEP =    36000   TIME(PS) =     492.000  TEMP(K) =   305.77  PRESS =   -60.9
 Etot   =    -33245.1683  EKtot   =      7240.4680  EPtot      =    -40485.6363
 BOND   =       135.0173  ANGLE   =       348.2906  DIHED      =       496.2911
 1-4 NB =       171.9875  1-4 EEL =      -346.3681  VDWAALS    =      4870.7722
 EELEC  =    -46161.6269  EHBOND  =         0.0000  RESTRAINT  =         0.0000
 EKCMT  =      3381.3467  VIRIAL  =      3534.6829  VOLUME     =    116700.8926
                                                    Density    =         1.0359
 Ewald error estimate:   0.3961E-04
 ------------------------------------------------------------------------------


 NSTEP =    36250   TIME(PS) =     492.500  TEMP(K) =   298.54  PRESS =   -13.5
 Etot   =    -33226.2745  EKtot   =      7069.1757  EPtot      =    -40295.4502
 BOND   =       156.7677  ANGLE   =       360.4789  DIHED      =       500.0271
 1-4 NB =       163.3276  1-4 EEL =      -359.8966  VDWAALS    =      4790.0759
 EELEC  =    -45906.2307  EHBOND  =         0.0000  RESTRAINT  =         0.0000
 EKCMT  =      3341.7175  VIRIAL  =      3375.8030  VOLUME     =    116695.4936
                                                    Density    =         1.0359
 Ewald error estimate:   0.5683E-04
 ------------------------------------------------------------------------------


 NSTEP =    36500   TIME(PS) =     493.000  TEMP(K) =   302.45  PRESS =    88.2
 Etot   =    -33292.2602  EKtot   =      7161.8444  EPtot      =    -40454.1046
 BOND   =       146.3942  ANGLE   =       349.0169  DIHED      =       510.5665
 1-4 NB =       170.2223  1-4 EEL =      -341.7204  VDWAALS    =      4877.6580
 EELEC  =    -46166.2420  EHBOND  =         0.0000  RESTRAINT  =         0.0000
 EKCMT  =      3400.3924  VIRIAL  =      3177.7582  VOLUME     =    116919.4546
                                                    Density    =         1.0339
 Ewald error estimate:   0.3188E-04
 ------------------------------------------------------------------------------


 NSTEP =    36750   TIME(PS) =     493.500  TEMP(K) =   299.72  PRESS =   107.3
 Etot   =    -33270.4068  EKtot   =      7097.2123  EPtot      =    -40367.6191
 BOND   =       157.8388  ANGLE   =       337.7927  DIHED      =       495.6479
 1-4 NB =       171.1268  1-4 EEL =      -328.8691  VDWAALS    =      4961.7137
 EELEC  =    -46162.8698  EHBOND  =         0.0000  RESTRAINT  =         0.0000
 EKCMT  =      3280.5193  VIRIAL  =      3009.8024  VOLUME     =    116881.8851
                                                    Density    =         1.0343
 Ewald error estimate:   0.2856E-04
 ------------------------------------------------------------------------------


 NSTEP =    37000   TIME(PS) =     494.000  TEMP(K) =   301.78  PRESS =   -15.6
 Etot   =    -33267.4564  EKtot   =      7145.9252  EPtot      =    -40413.3816
 BOND   =       151.9165  ANGLE   =       346.0004  DIHED      =       492.1149
 1-4 NB =       168.7240  1-4 EEL =      -358.6758  VDWAALS    =      4861.0267
 EELEC  =    -46074.4883  EHBOND  =         0.0000  RESTRAINT  =         0.0000
 EKCMT  =      3337.4175  VIRIAL  =      3376.7684  VOLUME     =    117020.2650
                                                    Density    =         1.0330
 Ewald error estimate:   0.8952E-05
 ------------------------------------------------------------------------------


 NSTEP =    37250   TIME(PS) =     494.500  TEMP(K) =   301.79  PRESS =   -64.1
 Etot   =    -33272.1970  EKtot   =      7146.2730  EPtot      =    -40418.4699
 BOND   =       156.9806  ANGLE   =       364.1378  DIHED      =       487.6191
 1-4 NB =       170.4458  1-4 EEL =      -367.9422  VDWAALS    =      4911.9423
 EELEC  =    -46141.6533  EHBOND  =         0.0000  RESTRAINT  =         0.0000
 EKCMT  =      3395.5901  VIRIAL  =      3557.4228  VOLUME     =    116972.7468
                                                    Density    =         1.0335
 Ewald error estimate:   0.1359E-03
 ------------------------------------------------------------------------------


 NSTEP =    37500   TIME(PS) =     495.000  TEMP(K) =   300.12  PRESS =  -135.4
 Etot   =    -33240.3002  EKtot   =      7106.7546  EPtot      =    -40347.0548
 BOND   =       158.2310  ANGLE   =       313.6393  DIHED      =       502.5491
 1-4 NB =       166.9454  1-4 EEL =      -337.6526  VDWAALS    =      4852.1690
 EELEC  =    -46002.9359  EHBOND  =         0.0000  RESTRAINT  =         0.0000
 EKCMT  =      3331.0523  VIRIAL  =      3673.0426  VOLUME     =    117002.4960
                                                    Density    =         1.0332
 Ewald error estimate:   0.3634E-05
 ------------------------------------------------------------------------------


 NSTEP =    37750   TIME(PS) =     495.500  TEMP(K) =   301.61  PRESS =    12.3
 Etot   =    -33195.5703  EKtot   =      7141.9945  EPtot      =    -40337.5648
 BOND   =       165.3167  ANGLE   =       347.0198  DIHED      =       495.7865
 1-4 NB =       163.6116  1-4 EEL =      -358.5623  VDWAALS    =      4844.5505
 EELEC  =    -45995.2876  EHBOND  =         0.0000  RESTRAINT  =         0.0000
 EKCMT  =      3318.5330  VIRIAL  =      3287.3770  VOLUME     =    117149.7601
                                                    Density    =         1.0319
 Ewald error estimate:   0.7913E-04
 ------------------------------------------------------------------------------


 NSTEP =    38000   TIME(PS) =     496.000  TEMP(K) =   303.75  PRESS =   117.8
 Etot   =    -33179.2198  EKtot   =      7192.6573  EPtot      =    -40371.8772
 BOND   =       168.2815  ANGLE   =       348.9119  DIHED      =       506.8944
 1-4 NB =       164.6220  1-4 EEL =      -365.0569  VDWAALS    =      4876.8269
 EELEC  =    -46072.3569  EHBOND  =         0.0000  RESTRAINT  =         0.0000
 EKCMT  =      3350.7173  VIRIAL  =      3053.2389  VOLUME     =    116985.7525
                                                    Density    =         1.0333
 Ewald error estimate:   0.9538E-04
 ------------------------------------------------------------------------------


 NSTEP =    38250   TIME(PS) =     496.500  TEMP(K) =   301.12  PRESS =    95.7
 Etot   =    -33158.2481  EKtot   =      7130.3982  EPtot      =    -40288.6463
 BOND   =       161.4526  ANGLE   =       369.3642  DIHED      =       496.0775
 1-4 NB =       186.2280  1-4 EEL =      -359.3807  VDWAALS    =      4865.7307
 EELEC  =    -46008.1186  EHBOND  =         0.0000  RESTRAINT  =         0.0000
 EKCMT  =      3357.5426  VIRIAL  =      3115.3815  VOLUME     =    117186.2675
                                                    Density    =         1.0316
 Ewald error estimate:   0.7376E-04
 ------------------------------------------------------------------------------


 NSTEP =    38500   TIME(PS) =     497.000  TEMP(K) =   300.30  PRESS =     6.6
 Etot   =    -33080.0019  EKtot   =      7110.9858  EPtot      =    -40190.9877
 BOND   =       138.7389  ANGLE   =       362.0807  DIHED      =       508.5553
 1-4 NB =       171.0960  1-4 EEL =      -341.1236  VDWAALS    =      4717.1030
 EELEC  =    -45747.4379  EHBOND  =         0.0000  RESTRAINT  =         0.0000
 EKCMT  =      3378.4834  VIRIAL  =      3361.8638  VOLUME     =    117313.6105
                                                    Density    =         1.0305
 Ewald error estimate:   0.9228E-04
 ------------------------------------------------------------------------------


 NSTEP =    38750   TIME(PS) =     497.500  TEMP(K) =   303.27  PRESS =  -140.6
 Etot   =    -33190.7661  EKtot   =      7181.2657  EPtot      =    -40372.0317
 BOND   =       158.9492  ANGLE   =       357.6590  DIHED      =       500.2276
 1-4 NB =       172.2005  1-4 EEL =      -363.9736  VDWAALS    =      4781.3607
 EELEC  =    -45978.4551  EHBOND  =         0.0000  RESTRAINT  =         0.0000
 EKCMT  =      3338.2548  VIRIAL  =      3694.5346  VOLUME     =    117325.3622
                                                    Density    =         1.0304
 Ewald error estimate:   0.1677E-03
 ------------------------------------------------------------------------------


 NSTEP =    39000   TIME(PS) =     498.000  TEMP(K) =   300.14  PRESS =  -372.6
 Etot   =    -33260.5954  EKtot   =      7107.2059  EPtot      =    -40367.8013
 BOND   =       162.8679  ANGLE   =       324.8250  DIHED      =       513.3427
 1-4 NB =       170.3426  1-4 EEL =      -343.9689  VDWAALS    =      4685.5826
 EELEC  =    -45880.7933  EHBOND  =         0.0000  RESTRAINT  =         0.0000
 EKCMT  =      3287.1024  VIRIAL  =      4230.5851  VOLUME     =    117289.7985
                                                    Density    =         1.0307
 Ewald error estimate:   0.1251E-03
 ------------------------------------------------------------------------------


 NSTEP =    39250   TIME(PS) =     498.500  TEMP(K) =   299.90  PRESS =  -154.9
 Etot   =    -33332.6620  EKtot   =      7101.3490  EPtot      =    -40434.0110
 BOND   =       140.7566  ANGLE   =       360.4601  DIHED      =       491.1442
 1-4 NB =       172.9310  1-4 EEL =      -347.3076  VDWAALS    =      4742.3425
 EELEC  =    -45994.3378  EHBOND  =         0.0000  RESTRAINT  =         0.0000
 EKCMT  =      3307.4709  VIRIAL  =      3699.6140  VOLUME     =    117225.2604
                                                    Density    =         1.0312
 Ewald error estimate:   0.7269E-04
 ------------------------------------------------------------------------------


 NSTEP =    39500   TIME(PS) =     499.000  TEMP(K) =   301.28  PRESS =   -89.9
 Etot   =    -33277.5488  EKtot   =      7134.0689  EPtot      =    -40411.6177
 BOND   =       171.4095  ANGLE   =       348.2760  DIHED      =       496.9464
 1-4 NB =       174.9201  1-4 EEL =      -367.7852  VDWAALS    =      4816.1606
 EELEC  =    -46051.5451  EHBOND  =         0.0000  RESTRAINT  =         0.0000
 EKCMT  =      3370.7576  VIRIAL  =      3597.9956  VOLUME     =    117108.8618
                                                    Density    =         1.0323
 Ewald error estimate:   0.2370E-04
 ------------------------------------------------------------------------------


 NSTEP =    39750   TIME(PS) =     499.500  TEMP(K) =   303.70  PRESS =   108.2
 Etot   =    -33229.3346  EKtot   =      7191.5081  EPtot      =    -40420.8426
 BOND   =       139.4813  ANGLE   =       366.1663  DIHED      =       502.8536
 1-4 NB =       173.3818  1-4 EEL =      -345.2182  VDWAALS    =      4876.3947
 EELEC  =    -46133.9021  EHBOND  =         0.0000  RESTRAINT  =         0.0000
 EKCMT  =      3384.5128  VIRIAL  =      3110.5674  VOLUME     =    117212.8089
                                                    Density    =         1.0313
 Ewald error estimate:   0.1168E-03
 ------------------------------------------------------------------------------


 NSTEP =    40000   TIME(PS) =     500.000  TEMP(K) =   300.67  PRESS =  -321.1
 Etot   =    -33267.0233  EKtot   =      7119.5798  EPtot      =    -40386.6031
 BOND   =       165.0225  ANGLE   =       337.9452  DIHED      =       508.8741
 1-4 NB =       167.3967  1-4 EEL =      -354.1371  VDWAALS    =      4788.2061
 EELEC  =    -45999.9107  EHBOND  =         0.0000  RESTRAINT  =         0.0000
 EKCMT  =      3301.8058  VIRIAL  =      4114.5001  VOLUME     =    117210.8201
                                                    Density    =         1.0314
 Ewald error estimate:   0.7713E-04
 ------------------------------------------------------------------------------


 NSTEP =    40250   TIME(PS) =     500.500  TEMP(K) =   302.37  PRESS =   -54.6
 Etot   =    -33160.0765  EKtot   =      7160.0249  EPtot      =    -40320.1014
 BOND   =       167.2157  ANGLE   =       345.7541  DIHED      =       501.7604
 1-4 NB =       168.5901  1-4 EEL =      -337.6296  VDWAALS    =      4830.7058
 EELEC  =    -45996.4979  EHBOND  =         0.0000  RESTRAINT  =         0.0000
 EKCMT  =      3290.5598  VIRIAL  =      3428.6961  VOLUME     =    117122.1542
                                                    Density    =         1.0321
 Ewald error estimate:   0.1951E-03
 ------------------------------------------------------------------------------


 NSTEP =    40500   TIME(PS) =     501.000  TEMP(K) =   303.86  PRESS =   -10.0
 Etot   =    -33209.8958  EKtot   =      7195.1102  EPtot      =    -40405.0060
 BOND   =       160.2746  ANGLE   =       349.1146  DIHED      =       489.5370
 1-4 NB =       168.9413  1-4 EEL =      -343.5944  VDWAALS    =      4876.8078
 EELEC  =    -46106.0867  EHBOND  =         0.0000  RESTRAINT  =         0.0000
 EKCMT  =      3387.9676  VIRIAL  =      3413.3689  VOLUME     =    117119.7029
                                                    Density    =         1.0322
 Ewald error estimate:   0.1920E-04
 ------------------------------------------------------------------------------


 NSTEP =    40750   TIME(PS) =     501.500  TEMP(K) =   303.00  PRESS =   337.6
 Etot   =    -33156.0697  EKtot   =      7174.7705  EPtot      =    -40330.8402
 BOND   =       151.2863  ANGLE   =       359.8839  DIHED      =       503.1873
 1-4 NB =       168.4100  1-4 EEL =      -369.5827  VDWAALS    =      4875.1919
 EELEC  =    -46019.2170  EHBOND  =         0.0000  RESTRAINT  =         0.0000
 EKCMT  =      3421.5169  VIRIAL  =      2567.4719  VOLUME     =    117157.7425
                                                    Density    =         1.0318
 Ewald error estimate:   0.2452E-03
 ------------------------------------------------------------------------------


 NSTEP =    41000   TIME(PS) =     502.000  TEMP(K) =   303.71  PRESS =  -455.4
 Etot   =    -33243.7348  EKtot   =      7191.6473  EPtot      =    -40435.3821
 BOND   =       152.9037  ANGLE   =       370.2890  DIHED      =       493.7869
 1-4 NB =       174.6730  1-4 EEL =      -365.5230  VDWAALS    =      4680.1180
 EELEC  =    -45941.6297  EHBOND  =         0.0000  RESTRAINT  =         0.0000
 EKCMT  =      3391.9773  VIRIAL  =      4543.8076  VOLUME     =    117138.4265
                                                    Density    =         1.0320
 Ewald error estimate:   0.5710E-04
 ------------------------------------------------------------------------------


 NSTEP =    41250   TIME(PS) =     502.500  TEMP(K) =   301.10  PRESS =   134.4
 Etot   =    -33231.2848  EKtot   =      7129.8928  EPtot      =    -40361.1776
 BOND   =       170.1720  ANGLE   =       343.0163  DIHED      =       514.3096
 1-4 NB =       167.2116  1-4 EEL =      -355.2654  VDWAALS    =      4864.9967
 EELEC  =    -46065.6184  EHBOND  =         0.0000  RESTRAINT  =         0.0000
 EKCMT  =      3362.3775  VIRIAL  =      3022.4989  VOLUME     =    117136.6694
                                                    Density    =         1.0320
 Ewald error estimate:   0.2758E-03
 ------------------------------------------------------------------------------


 NSTEP =    41500   TIME(PS) =     503.000  TEMP(K) =   301.33  PRESS =  -249.6
 Etot   =    -33237.4070  EKtot   =      7135.3041  EPtot      =    -40372.7111
 BOND   =       154.2769  ANGLE   =       353.2397  DIHED      =       502.6637
 1-4 NB =       161.9294  1-4 EEL =      -361.7022  VDWAALS    =      4775.9647
 EELEC  =    -45959.0834  EHBOND  =         0.0000  RESTRAINT  =         0.0000
 EKCMT  =      3332.8616  VIRIAL  =      3963.7451  VOLUME     =    117080.3306
                                                    Density    =         1.0325
 Ewald error estimate:   0.1329E-04
 ------------------------------------------------------------------------------


 NSTEP =    41750   TIME(PS) =     503.500  TEMP(K) =   301.96  PRESS =    94.0
 Etot   =    -33309.7976  EKtot   =      7150.1331  EPtot      =    -40459.9307
 BOND   =       158.0250  ANGLE   =       347.9363  DIHED      =       511.0627
 1-4 NB =       173.2834  1-4 EEL =      -355.1875  VDWAALS    =      4945.9919
 EELEC  =    -46241.0425  EHBOND  =         0.0000  RESTRAINT  =         0.0000
 EKCMT  =      3305.6294  VIRIAL  =      3068.0354  VOLUME     =    117012.6381
                                                    Density    =         1.0331
 Ewald error estimate:   0.9662E-05
 ------------------------------------------------------------------------------


 NSTEP =    42000   TIME(PS) =     504.000  TEMP(K) =   305.00  PRESS =   410.8
 Etot   =    -33153.3898  EKtot   =      7222.1244  EPtot      =    -40375.5142
 BOND   =       174.6235  ANGLE   =       366.4844  DIHED      =       507.8712
 1-4 NB =       167.3831  1-4 EEL =      -374.7779  VDWAALS    =      4960.2082
 EELEC  =    -46177.3066  EHBOND  =         0.0000  RESTRAINT  =         0.0000
 EKCMT  =      3351.1276  VIRIAL  =      2312.2797  VOLUME     =    117122.4817
                                                    Density    =         1.0321
 Ewald error estimate:   0.9407E-04
 ------------------------------------------------------------------------------


 NSTEP =    42250   TIME(PS) =     504.500  TEMP(K) =   302.30  PRESS =   129.0
 Etot   =    -33159.4092  EKtot   =      7158.3937  EPtot      =    -40317.8029
 BOND   =       165.0543  ANGLE   =       340.0623  DIHED      =       500.4685
 1-4 NB =       163.9201  1-4 EEL =      -356.7793  VDWAALS    =      4926.0025
 EELEC  =    -46056.5312  EHBOND  =         0.0000  RESTRAINT  =         0.0000
 EKCMT  =      3361.7534  VIRIAL  =      3035.2381  VOLUME     =    117232.7280
                                                    Density    =         1.0312
 Ewald error estimate:   0.7698E-04
 ------------------------------------------------------------------------------


 NSTEP =    42500   TIME(PS) =     505.000  TEMP(K) =   299.97  PRESS =    78.5
 Etot   =    -33108.1732  EKtot   =      7103.1796  EPtot      =    -40211.3528
 BOND   =       150.9650  ANGLE   =       370.9954  DIHED      =       512.1598
 1-4 NB =       168.7497  1-4 EEL =      -339.9680  VDWAALS    =      4820.9877
 EELEC  =    -45895.2424  EHBOND  =         0.0000  RESTRAINT  =         0.0000
 EKCMT  =      3280.2470  VIRIAL  =      3081.1494  VOLUME     =    117404.4787
                                                    Density    =         1.0297
 Ewald error estimate:   0.5723E-04
 ------------------------------------------------------------------------------


 NSTEP =    42750   TIME(PS) =     505.500  TEMP(K) =   301.98  PRESS =  -162.9
 Etot   =    -33128.8812  EKtot   =      7150.6506  EPtot      =    -40279.5318
 BOND   =       146.9703  ANGLE   =       349.7368  DIHED      =       490.2055
 1-4 NB =       170.3717  1-4 EEL =      -358.8345  VDWAALS    =      4704.6156
 EELEC  =    -45782.5972  EHBOND  =         0.0000  RESTRAINT  =         0.0000
 EKCMT  =      3390.4689  VIRIAL  =      3803.2140  VOLUME     =    117372.1888
                                                    Density    =         1.0299
 Ewald error estimate:   0.1244E-04
 ------------------------------------------------------------------------------


 NSTEP =    43000   TIME(PS) =     506.000  TEMP(K) =   302.79  PRESS =   256.1
 Etot   =    -33055.2074  EKtot   =      7169.7702  EPtot      =    -40224.9776
 BOND   =       166.4774  ANGLE   =       338.0191  DIHED      =       508.3849
 1-4 NB =       178.2902  1-4 EEL =      -360.8139  VDWAALS    =      4880.4484
 EELEC  =    -45935.7838  EHBOND  =         0.0000  RESTRAINT  =         0.0000
 EKCMT  =      3371.5604  VIRIAL  =      2722.1679  VOLUME     =    117420.3774
                                                    Density    =         1.0295
 Ewald error estimate:   0.3961E-04
 ------------------------------------------------------------------------------


 NSTEP =    43250   TIME(PS) =     506.500  TEMP(K) =   302.37  PRESS =    31.6
 Etot   =    -33044.3827  EKtot   =      7159.9430  EPtot      =    -40204.3258
 BOND   =       148.8160  ANGLE   =       331.5268  DIHED      =       501.3760
 1-4 NB =       163.8234  1-4 EEL =      -347.7756  VDWAALS    =      4802.0054
 EELEC  =    -45804.0978  EHBOND  =         0.0000  RESTRAINT  =         0.0000
 EKCMT  =      3378.2415  VIRIAL  =      3298.1498  VOLUME     =    117434.7461
                                                    Density    =         1.0294
 Ewald error estimate:   0.8516E-04
 ------------------------------------------------------------------------------


 NSTEP =    43500   TIME(PS) =     507.000  TEMP(K) =   304.21  PRESS =    74.9
 Etot   =    -33190.1633  EKtot   =      7203.4662  EPtot      =    -40393.6295
 BOND   =       138.6347  ANGLE   =       330.3258  DIHED      =       513.2826
 1-4 NB =       167.3568  1-4 EEL =      -354.4930  VDWAALS    =      4831.5124
 EELEC  =    -46020.2488  EHBOND  =         0.0000  RESTRAINT  =         0.0000
 EKCMT  =      3440.4936  VIRIAL  =      3250.9658  VOLUME     =    117253.3516
                                                    Density    =         1.0310
 Ewald error estimate:   0.2940E-04
 ------------------------------------------------------------------------------


 NSTEP =    43750   TIME(PS) =     507.500  TEMP(K) =   302.24  PRESS =  -138.7
 Etot   =    -33077.8527  EKtot   =      7156.8807  EPtot      =    -40234.7335
 BOND   =       174.4255  ANGLE   =       331.6989  DIHED      =       502.4671
 1-4 NB =       174.6100  1-4 EEL =      -346.4082  VDWAALS    =      4803.3134
 EELEC  =    -45874.8401  EHBOND  =         0.0000  RESTRAINT  =         0.0000
 EKCMT  =      3325.6812  VIRIAL  =      3676.8712  VOLUME     =    117296.8927
                                                    Density    =         1.0306
 Ewald error estimate:   0.4476E-04
 ------------------------------------------------------------------------------


 NSTEP =    44000   TIME(PS) =     508.000  TEMP(K) =   302.30  PRESS =   331.1
 Etot   =    -33127.1566  EKtot   =      7158.2977  EPtot      =    -40285.4543
 BOND   =       149.5706  ANGLE   =       351.1680  DIHED      =       501.2780
 1-4 NB =       174.7930  1-4 EEL =      -355.8306  VDWAALS    =      4979.4826
 EELEC  =    -46085.9158  EHBOND  =         0.0000  RESTRAINT  =         0.0000
 EKCMT  =      3361.0453  VIRIAL  =      2522.7468  VOLUME     =    117278.6286
                                                    Density    =         1.0308
 Ewald error estimate:   0.8484E-05
 ------------------------------------------------------------------------------


 NSTEP =    44250   TIME(PS) =     508.500  TEMP(K) =   298.48  PRESS =    83.3
 Etot   =    -33175.8860  EKtot   =      7067.9066  EPtot      =    -40243.7926
 BOND   =       158.9399  ANGLE   =       346.5626  DIHED      =       508.5961
 1-4 NB =       170.4743  1-4 EEL =      -345.6775  VDWAALS    =      4870.9122
 EELEC  =    -45953.6004  EHBOND  =         0.0000  RESTRAINT  =         0.0000
 EKCMT  =      3309.7839  VIRIAL  =      3098.4319  VOLUME     =    117485.3170
                                                    Density    =         1.0290
 Ewald error estimate:   0.1237E-03
 ------------------------------------------------------------------------------


 NSTEP =    44500   TIME(PS) =     509.000  TEMP(K) =   302.58  PRESS =  -549.1
 Etot   =    -33244.9881  EKtot   =      7164.9917  EPtot      =    -40409.9798
 BOND   =       164.1948  ANGLE   =       351.8678  DIHED      =       497.8296
 1-4 NB =       177.0869  1-4 EEL =      -352.0306  VDWAALS    =      4621.6247
 EELEC  =    -45870.5529  EHBOND  =         0.0000  RESTRAINT  =         0.0000
 EKCMT  =      3361.7604  VIRIAL  =      4754.3742  VOLUME     =    117460.3912
                                                    Density    =         1.0292
 Ewald error estimate:   0.1163E-04
 ------------------------------------------------------------------------------


 NSTEP =    44750   TIME(PS) =     509.500  TEMP(K) =   300.28  PRESS =   214.1
 Etot   =    -33260.7529  EKtot   =      7110.5187  EPtot      =    -40371.2716
 BOND   =       144.7697  ANGLE   =       347.7494  DIHED      =       503.5232
 1-4 NB =       171.4348  1-4 EEL =      -363.4517  VDWAALS    =      4902.6741
 EELEC  =    -46077.9712  EHBOND  =         0.0000  RESTRAINT  =         0.0000
 EKCMT  =      3338.7679  VIRIAL  =      2796.5357  VOLUME     =    117322.2029
                                                    Density    =         1.0304
 Ewald error estimate:   0.2531E-03
 ------------------------------------------------------------------------------


 NSTEP =    45000   TIME(PS) =     510.000  TEMP(K) =   297.66  PRESS =   292.4
 Etot   =    -33253.1109  EKtot   =      7048.4347  EPtot      =    -40301.5455
 BOND   =       159.8669  ANGLE   =       346.3015  DIHED      =       498.4441
 1-4 NB =       170.6477  1-4 EEL =      -334.0802  VDWAALS    =      4858.9790
 EELEC  =    -46001.7044  EHBOND  =         0.0000  RESTRAINT  =         0.0000
 EKCMT  =      3294.5926  VIRIAL  =      2554.6631  VOLUME     =    117205.9174
                                                    Density    =         1.0314
 Ewald error estimate:   0.4885E-04
 ------------------------------------------------------------------------------


 NSTEP =    45250   TIME(PS) =     510.500  TEMP(K) =   301.83  PRESS =   228.3
 Etot   =    -33232.2448  EKtot   =      7147.0709  EPtot      =    -40379.3157
 BOND   =       161.7340  ANGLE   =       335.3050  DIHED      =       496.4586
 1-4 NB =       169.4392  1-4 EEL =      -364.3943  VDWAALS    =      4859.6730
 EELEC  =    -46037.5312  EHBOND  =         0.0000  RESTRAINT  =         0.0000
 EKCMT  =      3361.5832  VIRIAL  =      2782.8911  VOLUME     =    117393.4892
                                                    Density    =         1.0298
 Ewald error estimate:   0.1138E-03
 ------------------------------------------------------------------------------


 NSTEP =    45500   TIME(PS) =     511.000  TEMP(K) =   300.89  PRESS =  -257.2
 Etot   =    -33213.7832  EKtot   =      7124.9005  EPtot      =    -40338.6837
 BOND   =       149.0676  ANGLE   =       349.9481  DIHED      =       505.8312
 1-4 NB =       160.4486  1-4 EEL =      -336.3788  VDWAALS    =      4653.4292
 EELEC  =    -45821.0296  EHBOND  =         0.0000  RESTRAINT  =         0.0000
 EKCMT  =      3348.9723  VIRIAL  =      4000.5803  VOLUME     =    117318.9036
                                                    Density    =         1.0304
 Ewald error estimate:   0.1459E-03
 ------------------------------------------------------------------------------


 NSTEP =    45750   TIME(PS) =     511.500  TEMP(K) =   302.93  PRESS =  -222.4
 Etot   =    -33199.1879  EKtot   =      7173.2063  EPtot      =    -40372.3942
 BOND   =       163.2592  ANGLE   =       349.8658  DIHED      =       504.8787
 1-4 NB =       176.7739  1-4 EEL =      -348.8754  VDWAALS    =      4734.5535
 EELEC  =    -45952.8500  EHBOND  =         0.0000  RESTRAINT  =         0.0000
 EKCMT  =      3401.2838  VIRIAL  =      3964.9707  VOLUME     =    117399.4705
                                                    Density    =         1.0297
 Ewald error estimate:   0.2181E-04
 ------------------------------------------------------------------------------


 NSTEP =    46000   TIME(PS) =     512.000  TEMP(K) =   306.40  PRESS =   231.0
 Etot   =    -33061.6709  EKtot   =      7255.2738  EPtot      =    -40316.9447
 BOND   =       160.4942  ANGLE   =       359.9190  DIHED      =       510.8297
 1-4 NB =       165.7771  1-4 EEL =      -353.2820  VDWAALS    =      4999.4204
 EELEC  =    -46160.1031  EHBOND  =         0.0000  RESTRAINT  =         0.0000
 EKCMT  =      3391.0835  VIRIAL  =      2805.6312  VOLUME     =    117391.7620
                                                    Density    =         1.0298
 Ewald error estimate:   0.2705E-04
 ------------------------------------------------------------------------------


 NSTEP =    46250   TIME(PS) =     512.500  TEMP(K) =   300.87  PRESS =  -143.7
 Etot   =    -33186.6543  EKtot   =      7124.3660  EPtot      =    -40311.0203
 BOND   =       160.4582  ANGLE   =       326.0861  DIHED      =       518.9886
 1-4 NB =       168.3144  1-4 EEL =      -354.8730  VDWAALS    =      4814.5287
 EELEC  =    -45944.5233  EHBOND  =         0.0000  RESTRAINT  =         0.0000
 EKCMT  =      3302.4276  VIRIAL  =      3667.0109  VOLUME     =    117511.5846
                                                    Density    =         1.0287
 Ewald error estimate:   0.2050E-03
 ------------------------------------------------------------------------------


 NSTEP =    46500   TIME(PS) =     513.000  TEMP(K) =   303.01  PRESS =   -84.1
 Etot   =    -33164.7311  EKtot   =      7175.1538  EPtot      =    -40339.8849
 BOND   =       150.4429  ANGLE   =       324.9370  DIHED      =       520.8662
 1-4 NB =       175.7931  1-4 EEL =      -352.8187  VDWAALS    =      4828.4933
 EELEC  =    -45987.5988  EHBOND  =         0.0000  RESTRAINT  =         0.0000
 EKCMT  =      3368.7861  VIRIAL  =      3582.0003  VOLUME     =    117481.5624
                                                    Density    =         1.0290
 Ewald error estimate:   0.3673E-04
 ------------------------------------------------------------------------------


 NSTEP =    46750   TIME(PS) =     513.500  TEMP(K) =   302.89  PRESS =   -56.3
 Etot   =    -33203.8527  EKtot   =      7172.2187  EPtot      =    -40376.0713
 BOND   =       146.0057  ANGLE   =       337.3316  DIHED      =       512.6058
 1-4 NB =       177.1215  1-4 EEL =      -370.7116  VDWAALS    =      5000.2123
 EELEC  =    -46178.6366  EHBOND  =         0.0000  RESTRAINT  =         0.0000
 EKCMT  =      3280.8246  VIRIAL  =      3423.5533  VOLUME     =    117467.8783
                                                    Density    =         1.0291
 Ewald error estimate:   0.1420E-04
 ------------------------------------------------------------------------------


 NSTEP =    47000   TIME(PS) =     514.000  TEMP(K) =   301.69  PRESS =  -178.4
 Etot   =    -33199.7995  EKtot   =      7143.8018  EPtot      =    -40343.6014
 BOND   =       162.8323  ANGLE   =       335.2291  DIHED      =       501.0581
 1-4 NB =       165.8469  1-4 EEL =      -341.7730  VDWAALS    =      4763.8410
 EELEC  =    -45930.6358  EHBOND  =         0.0000  RESTRAINT  =         0.0000
 EKCMT  =      3386.0891  VIRIAL  =      3838.8234  VOLUME     =    117520.9256
                                                    Density    =         1.0286
 Ewald error estimate:   0.3544E-04
 ------------------------------------------------------------------------------


 NSTEP =    47250   TIME(PS) =     514.500  TEMP(K) =   301.19  PRESS =  -285.5
 Etot   =    -33243.1689  EKtot   =      7131.9887  EPtot      =    -40375.1577
 BOND   =       153.6887  ANGLE   =       346.8673  DIHED      =       513.8393
 1-4 NB =       163.9523  1-4 EEL =      -340.8199  VDWAALS    =      4793.0707
 EELEC  =    -46005.7561  EHBOND  =         0.0000  RESTRAINT  =         0.0000
 EKCMT  =      3375.7705  VIRIAL  =      4099.9772  VOLUME     =    117479.7249
                                                    Density    =         1.0290
 Ewald error estimate:   0.6562E-04
 ------------------------------------------------------------------------------


 NSTEP =    47500   TIME(PS) =     515.000  TEMP(K) =   297.23  PRESS =     0.5
 Etot   =    -33281.3663  EKtot   =      7038.1092  EPtot      =    -40319.4756
 BOND   =       162.0150  ANGLE   =       341.6223  DIHED      =       504.3721
 1-4 NB =       179.8870  1-4 EEL =      -312.7284  VDWAALS    =      4929.4373
 EELEC  =    -46124.0809  EHBOND  =         0.0000  RESTRAINT  =         0.0000
 EKCMT  =      3294.4694  VIRIAL  =      3293.1058  VOLUME     =    117438.5253
                                                    Density    =         1.0294
 Ewald error estimate:   0.3434E-03
 ------------------------------------------------------------------------------


 NSTEP =    47750   TIME(PS) =     515.500  TEMP(K) =   300.86  PRESS =   127.3
 Etot   =    -33262.8577  EKtot   =      7124.2952  EPtot      =    -40387.1529
 BOND   =       159.3267  ANGLE   =       325.8140  DIHED      =       500.7152
 1-4 NB =       170.2670  1-4 EEL =      -345.4114  VDWAALS    =      4850.6916
 EELEC  =    -46048.5561  EHBOND  =         0.0000  RESTRAINT  =         0.0000
 EKCMT  =      3333.1192  VIRIAL  =      3010.6829  VOLUME     =    117272.5309
                                                    Density    =         1.0308
 Ewald error estimate:   0.8907E-04
 ------------------------------------------------------------------------------


 NSTEP =    48000   TIME(PS) =     516.000  TEMP(K) =   301.30  PRESS =   237.7
 Etot   =    -33296.0894  EKtot   =      7134.5450  EPtot      =    -40430.6343
 BOND   =       150.2520  ANGLE   =       318.3864  DIHED      =       502.1581
 1-4 NB =       161.9290  1-4 EEL =      -340.2477  VDWAALS    =      4946.3899
 EELEC  =    -46169.5020  EHBOND  =         0.0000  RESTRAINT  =         0.0000
 EKCMT  =      3330.9722  VIRIAL  =      2728.9701  VOLUME     =    117277.3636
                                                    Density    =         1.0308
 Ewald error estimate:   0.2000E-03
 ------------------------------------------------------------------------------


 NSTEP =    48250   TIME(PS) =     516.500  TEMP(K) =   296.34  PRESS =   -98.6
 Etot   =    -33237.3658  EKtot   =      7017.1316  EPtot      =    -40254.4974
 BOND   =       128.9588  ANGLE   =       351.9291  DIHED      =       503.2547
 1-4 NB =       164.0749  1-4 EEL =      -355.5538  VDWAALS    =      4864.0905
 EELEC  =    -45911.2517  EHBOND  =         0.0000  RESTRAINT  =         0.0000
 EKCMT  =      3294.8287  VIRIAL  =      3544.1971  VOLUME     =    117093.3481
                                                    Density    =         1.0324
 Ewald error estimate:   0.1247E-03
 ------------------------------------------------------------------------------


 NSTEP =    48500   TIME(PS) =     517.000  TEMP(K) =   303.27  PRESS =  -173.9
 Etot   =    -33193.4137  EKtot   =      7181.2495  EPtot      =    -40374.6633
 BOND   =       150.6210  ANGLE   =       339.9854  DIHED      =       497.3972
 1-4 NB =       174.5536  1-4 EEL =      -362.8865  VDWAALS    =      4738.8993
 EELEC  =    -45913.2333  EHBOND  =         0.0000  RESTRAINT  =         0.0000
 EKCMT  =      3373.9451  VIRIAL  =      3813.5185  VOLUME     =    117051.4904
                                                    Density    =         1.0328
 Ewald error estimate:   0.2525E-05
 ------------------------------------------------------------------------------


 NSTEP =    48750   TIME(PS) =     517.500  TEMP(K) =   301.08  PRESS =   123.1
 Etot   =    -33133.0742  EKtot   =      7129.4727  EPtot      =    -40262.5469
 BOND   =       156.2926  ANGLE   =       339.8783  DIHED      =       509.7555
 1-4 NB =       175.3129  1-4 EEL =      -360.6972  VDWAALS    =      4774.5861
 EELEC  =    -45857.6751  EHBOND  =         0.0000  RESTRAINT  =         0.0000
 EKCMT  =      3346.1115  VIRIAL  =      3034.9818  VOLUME     =    117032.4890
                                                    Density    =         1.0329
 Ewald error estimate:   0.1400E-03
 ------------------------------------------------------------------------------


 NSTEP =    49000   TIME(PS) =     518.000  TEMP(K) =   298.86  PRESS =   290.1
 Etot   =    -33194.0015  EKtot   =      7076.8299  EPtot      =    -40270.8313
 BOND   =       170.7558  ANGLE   =       342.5833  DIHED      =       507.3092
 1-4 NB =       162.8941  1-4 EEL =      -338.7758  VDWAALS    =      4992.7626
 EELEC  =    -46108.3606  EHBOND  =         0.0000  RESTRAINT  =         0.0000
 EKCMT  =      3315.0676  VIRIAL  =      2582.2018  VOLUME     =    116994.9836
                                                    Density    =         1.0333
 Ewald error estimate:   0.2669E-04
 ------------------------------------------------------------------------------


 NSTEP =    49250   TIME(PS) =     518.500  TEMP(K) =   301.62  PRESS =  -287.0
 Etot   =    -33187.0241  EKtot   =      7142.2141  EPtot      =    -40329.2382
 BOND   =       143.9162  ANGLE   =       347.4796  DIHED      =       511.7707
 1-4 NB =       170.9343  1-4 EEL =      -336.4712  VDWAALS    =      4708.7557
 EELEC  =    -45875.6236  EHBOND  =         0.0000  RESTRAINT  =         0.0000
 EKCMT  =      3304.2077  VIRIAL  =      4028.7448  VOLUME     =    116926.2858
                                                    Density    =         1.0339
 Ewald error estimate:   0.2430E-03
 ------------------------------------------------------------------------------


 NSTEP =    49500   TIME(PS) =     519.000  TEMP(K) =   298.77  PRESS =  -206.2
 Etot   =    -33270.8243  EKtot   =      7074.6320  EPtot      =    -40345.4563
 BOND   =       160.5339  ANGLE   =       336.3828  DIHED      =       497.5816
 1-4 NB =       168.6547  1-4 EEL =      -338.7527  VDWAALS    =      4718.5366
 EELEC  =    -45888.3933  EHBOND  =         0.0000  RESTRAINT  =         0.0000
 EKCMT  =      3299.4069  VIRIAL  =      3819.8254  VOLUME     =    116878.1185
                                                    Density    =         1.0343
 Ewald error estimate:   0.1996E-03
 ------------------------------------------------------------------------------


 NSTEP =    49750   TIME(PS) =     519.500  TEMP(K) =   298.73  PRESS =   117.3
 Etot   =    -33254.9960  EKtot   =      7073.6492  EPtot      =    -40328.6452
 BOND   =       176.9376  ANGLE   =       349.6448  DIHED      =       494.7250
 1-4 NB =       167.9722  1-4 EEL =      -350.1365  VDWAALS    =      4936.9257
 EELEC  =    -46104.7141  EHBOND  =         0.0000  RESTRAINT  =         0.0000
 EKCMT  =      3257.9782  VIRIAL  =      2962.1574  VOLUME     =    116841.3901
                                                    Density    =         1.0346
 Ewald error estimate:   0.1166E-03
 ------------------------------------------------------------------------------


 NSTEP =    50000   TIME(PS) =     520.000  TEMP(K) =   299.38  PRESS =    -8.8
 Etot   =    -33224.3322  EKtot   =      7089.1672  EPtot      =    -40313.4995
 BOND   =       172.9391  ANGLE   =       331.4468  DIHED      =       495.0501
 1-4 NB =       167.4186  1-4 EEL =      -321.2870  VDWAALS    =      4847.3521
 EELEC  =    -46006.4191  EHBOND  =         0.0000  RESTRAINT  =         0.0000
 EKCMT  =      3295.8574  VIRIAL  =      3318.1807  VOLUME     =    116954.7223
                                                    Density    =         1.0336
 Ewald error estimate:   0.7871E-04
 ------------------------------------------------------------------------------


 NSTEP =    50250   TIME(PS) =     520.500  TEMP(K) =   299.74  PRESS =   187.2
 Etot   =    -33360.3663  EKtot   =      7097.6352  EPtot      =    -40458.0015
 BOND   =       142.2624  ANGLE   =       370.3187  DIHED      =       489.6327
 1-4 NB =       170.9453  1-4 EEL =      -358.1305  VDWAALS    =      5041.6188
 EELEC  =    -46314.6488  EHBOND  =         0.0000  RESTRAINT  =         0.0000
 EKCMT  =      3340.5653  VIRIAL  =      2867.2288  VOLUME     =    117096.9653
                                                    Density    =         1.0324
 Ewald error estimate:   0.1564E-03
 ------------------------------------------------------------------------------


 NSTEP =    50500   TIME(PS) =     521.000  TEMP(K) =   303.36  PRESS =  -281.2
 Etot   =    -33228.3506  EKtot   =      7183.4095  EPtot      =    -40411.7602
 BOND   =       165.0824  ANGLE   =       366.3836  DIHED      =       491.8216
 1-4 NB =       170.1975  1-4 EEL =      -336.5898  VDWAALS    =      4692.5977
 EELEC  =    -45961.2532  EHBOND  =         0.0000  RESTRAINT  =         0.0000
 EKCMT  =      3365.2589  VIRIAL  =      4077.1056  VOLUME     =    117261.9053
                                                    Density    =         1.0309
 Ewald error estimate:   0.3276E-03
 ------------------------------------------------------------------------------


 NSTEP =    50750   TIME(PS) =     521.500  TEMP(K) =   299.37  PRESS =  -316.5
 Etot   =    -33208.7826  EKtot   =      7088.7976  EPtot      =    -40297.5802
 BOND   =       158.9875  ANGLE   =       385.3360  DIHED      =       510.4885
 1-4 NB =       183.0523  1-4 EEL =      -345.0889  VDWAALS    =      4652.6052
 EELEC  =    -45842.9608  EHBOND  =         0.0000  RESTRAINT  =         0.0000
 EKCMT  =      3329.5948  VIRIAL  =      4129.4487  VOLUME     =    117036.7656
                                                    Density    =         1.0329
 Ewald error estimate:   0.2572E-04
 ------------------------------------------------------------------------------


 NSTEP =    51000   TIME(PS) =     522.000  TEMP(K) =   304.79  PRESS =  -183.4
 Etot   =    -33275.2060  EKtot   =      7217.3358  EPtot      =    -40492.5419
 BOND   =       171.8703  ANGLE   =       379.0873  DIHED      =       507.6403
 1-4 NB =       171.4408  1-4 EEL =      -384.8582  VDWAALS    =      4843.8964
 EELEC  =    -46181.6187  EHBOND  =         0.0000  RESTRAINT  =         0.0000
 EKCMT  =      3335.7257  VIRIAL  =      3798.5990  VOLUME     =    116866.4926
                                                    Density    =         1.0344
 Ewald error estimate:   0.6052E-04
 ------------------------------------------------------------------------------


 NSTEP =    51250   TIME(PS) =     522.500  TEMP(K) =   302.23  PRESS =   181.4
 Etot   =    -33346.3835  EKtot   =      7156.5043  EPtot      =    -40502.8878
 BOND   =       166.6037  ANGLE   =       399.0959  DIHED      =       494.3909
 1-4 NB =       158.9212  1-4 EEL =      -376.9094  VDWAALS    =      4923.2205
 EELEC  =    -46268.2105  EHBOND  =         0.0000  RESTRAINT  =         0.0000
 EKCMT  =      3383.7453  VIRIAL  =      2925.5976  VOLUME     =    116963.5721
                                                    Density    =         1.0335
 Ewald error estimate:   0.1114E-03
 ------------------------------------------------------------------------------


 NSTEP =    51500   TIME(PS) =     523.000  TEMP(K) =   293.48  PRESS =    52.1
 Etot   =    -33413.6561  EKtot   =      6949.4669  EPtot      =    -40363.1231
 BOND   =       149.0931  ANGLE   =       381.0954  DIHED      =       506.5086
 1-4 NB =       170.0209  1-4 EEL =      -341.9377  VDWAALS    =      4863.1926
 EELEC  =    -46091.0960  EHBOND  =         0.0000  RESTRAINT  =         0.0000
 EKCMT  =      3294.6344  VIRIAL  =      3163.0854  VOLUME     =    116959.0543
                                                    Density    =         1.0336
 Ewald error estimate:   0.2045E-03
 ------------------------------------------------------------------------------


 NSTEP =    51750   TIME(PS) =     523.500  TEMP(K) =   298.76  PRESS =   -15.7
 Etot   =    -33291.6881  EKtot   =      7074.5586  EPtot      =    -40366.2467
 BOND   =       155.3713  ANGLE   =       375.5681  DIHED      =       515.1937
 1-4 NB =       170.8398  1-4 EEL =      -364.4863  VDWAALS    =      4899.7017
 EELEC  =    -46118.4350  EHBOND  =         0.0000  RESTRAINT  =         0.0000
 EKCMT  =      3347.1875  VIRIAL  =      3386.8207  VOLUME     =    116961.0169
                                                    Density    =         1.0336
 Ewald error estimate:   0.2876E-05
 ------------------------------------------------------------------------------


 NSTEP =    52000   TIME(PS) =     524.000  TEMP(K) =   301.31  PRESS =   -97.5
 Etot   =    -33249.5667  EKtot   =      7134.8502  EPtot      =    -40384.4169
 BOND   =       154.5978  ANGLE   =       334.6020  DIHED      =       511.8033
 1-4 NB =       166.5682  1-4 EEL =      -367.6111  VDWAALS    =      4777.1771
 EELEC  =    -45961.5542  EHBOND  =         0.0000  RESTRAINT  =         0.0000
 EKCMT  =      3346.4698  VIRIAL  =      3592.8548  VOLUME     =    116997.5808
                                                    Density    =         1.0332
 Ewald error estimate:   0.1954E-03
 ------------------------------------------------------------------------------


 NSTEP =    52250   TIME(PS) =     524.500  TEMP(K) =   299.55  PRESS =   249.0
 Etot   =    -33293.3562  EKtot   =      7093.0562  EPtot      =    -40386.4124
 BOND   =       163.7002  ANGLE   =       377.9196  DIHED      =       504.2780
 1-4 NB =       161.0191  1-4 EEL =      -372.2097  VDWAALS    =      4902.4808
 EELEC  =    -46123.6006  EHBOND  =         0.0000  RESTRAINT  =         0.0000
 EKCMT  =      3348.1063  VIRIAL  =      2719.0224  VOLUME     =    117033.1418
                                                    Density    =         1.0329
 Ewald error estimate:   0.1551E-03
 ------------------------------------------------------------------------------


 NSTEP =    52500   TIME(PS) =     525.000  TEMP(K) =   296.86  PRESS =  -537.7
 Etot   =    -33343.0499  EKtot   =      7029.4524  EPtot      =    -40372.5023
 BOND   =       154.4304  ANGLE   =       319.5070  DIHED      =       501.7678
 1-4 NB =       168.2460  1-4 EEL =      -327.4166  VDWAALS    =      4652.6442
 EELEC  =    -45841.6810  EHBOND  =         0.0000  RESTRAINT  =         0.0000
 EKCMT  =      3311.7092  VIRIAL  =      4671.2217  VOLUME     =    117110.8614
                                                    Density    =         1.0322
 Ewald error estimate:   0.1540E-03
 ------------------------------------------------------------------------------


 NSTEP =    52750   TIME(PS) =     525.500  TEMP(K) =   299.54  PRESS =   145.6
 Etot   =    -33245.9715  EKtot   =      7092.9917  EPtot      =    -40338.9633
 BOND   =       148.2598  ANGLE   =       364.4056  DIHED      =       505.8252
 1-4 NB =       167.5371  1-4 EEL =      -351.9077  VDWAALS    =      4929.4998
 EELEC  =    -46102.5831  EHBOND  =         0.0000  RESTRAINT  =         0.0000
 EKCMT  =      3280.6024  VIRIAL  =      2912.3731  VOLUME     =    117105.4181
                                                    Density    =         1.0323
 Ewald error estimate:   0.8055E-04
 ------------------------------------------------------------------------------


 NSTEP =    53000   TIME(PS) =     526.000  TEMP(K) =   299.36  PRESS =   -50.9
 Etot   =    -33256.8841  EKtot   =      7088.7515  EPtot      =    -40345.6356
 BOND   =       143.3492  ANGLE   =       356.2158  DIHED      =       499.2980
 1-4 NB =       165.6700  1-4 EEL =      -354.8080  VDWAALS    =      4935.1270
 EELEC  =    -46090.4875  EHBOND  =         0.0000  RESTRAINT  =         0.0000
 EKCMT  =      3280.4229  VIRIAL  =      3409.1158  VOLUME     =    117084.9986
                                                    Density    =         1.0325
 Ewald error estimate:   0.1988E-03
 ------------------------------------------------------------------------------


 NSTEP =    53250   TIME(PS) =     526.500  TEMP(K) =   304.41  PRESS =  -130.1
 Etot   =    -33167.1493  EKtot   =      7208.3509  EPtot      =    -40375.5002
 BOND   =       150.8064  ANGLE   =       345.5982  DIHED      =       506.5959
 1-4 NB =       163.0208  1-4 EEL =      -363.5163  VDWAALS    =      4796.1957
 EELEC  =    -45974.2009  EHBOND  =         0.0000  RESTRAINT  =         0.0000
 EKCMT  =      3370.5661  VIRIAL  =      3699.5564  VOLUME     =    117119.0454
                                                    Density    =         1.0322
 Ewald error estimate:   0.1443E-04
 ------------------------------------------------------------------------------


 NSTEP =    53500   TIME(PS) =     527.000  TEMP(K) =   300.59  PRESS =    -7.0
 Etot   =    -33260.1067  EKtot   =      7117.6741  EPtot      =    -40377.7809
 BOND   =       158.6667  ANGLE   =       358.0834  DIHED      =       508.6262
 1-4 NB =       166.1834  1-4 EEL =      -359.7453  VDWAALS    =      4812.6801
 EELEC  =    -46022.2755  EHBOND  =         0.0000  RESTRAINT  =         0.0000
 EKCMT  =      3319.9687  VIRIAL  =      3337.7893  VOLUME     =    117080.7474
                                                    Density    =         1.0325
 Ewald error estimate:   0.1748E-03
 ------------------------------------------------------------------------------


 NSTEP =    53750   TIME(PS) =     527.500  TEMP(K) =   296.72  PRESS =    10.8
 Etot   =    -33405.3963  EKtot   =      7026.2370  EPtot      =    -40431.6334
 BOND   =       155.4594  ANGLE   =       333.4852  DIHED      =       508.2264
 1-4 NB =       179.8845  1-4 EEL =      -329.1176  VDWAALS    =      4850.9497
 EELEC  =    -46130.5210  EHBOND  =         0.0000  RESTRAINT  =         0.0000
 EKCMT  =      3312.2750  VIRIAL  =      3284.9541  VOLUME     =    117024.7832
                                                    Density    =         1.0330
 Ewald error estimate:   0.3844E-04
 ------------------------------------------------------------------------------


 NSTEP =    54000   TIME(PS) =     528.000  TEMP(K) =   299.02  PRESS =   259.4
 Etot   =    -33358.4893  EKtot   =      7080.6211  EPtot      =    -40439.1104
 BOND   =       139.7134  ANGLE   =       357.0561  DIHED      =       506.7276
 1-4 NB =       182.0536  1-4 EEL =      -338.9378  VDWAALS    =      4955.2764
 EELEC  =    -46240.9997  EHBOND  =         0.0000  RESTRAINT  =         0.0000
 EKCMT  =      3296.0405  VIRIAL  =      2640.2688  VOLUME     =    117068.6492
                                                    Density    =         1.0326
 Ewald error estimate:   0.1689E-03
 ------------------------------------------------------------------------------


 NSTEP =    54250   TIME(PS) =     528.500  TEMP(K) =   297.45  PRESS =   278.4
 Etot   =    -33267.6939  EKtot   =      7043.4833  EPtot      =    -40311.1772
 BOND   =       166.3944  ANGLE   =       347.0836  DIHED      =       507.8531
 1-4 NB =       163.5491  1-4 EEL =      -350.7137  VDWAALS    =      4978.4997
 EELEC  =    -46123.8433  EHBOND  =         0.0000  RESTRAINT  =         0.0000
 EKCMT  =      3313.5897  VIRIAL  =      2609.2768  VOLUME     =    117171.8487
                                                    Density    =         1.0317
 Ewald error estimate:   0.1732E-03
 ------------------------------------------------------------------------------


 NSTEP =    54500   TIME(PS) =     529.000  TEMP(K) =   305.71  PRESS =  -167.1
 Etot   =    -33240.7078  EKtot   =      7238.9543  EPtot      =    -40479.6621
 BOND   =       159.9239  ANGLE   =       365.3002  DIHED      =       511.2356
 1-4 NB =       163.2262  1-4 EEL =      -344.5823  VDWAALS    =      4907.7431
 EELEC  =    -46242.5088  EHBOND  =         0.0000  RESTRAINT  =         0.0000
 EKCMT  =      3403.6051  VIRIAL  =      3827.1164  VOLUME     =    117358.5440
                                                    Density    =         1.0301
 Ewald error estimate:   0.2604E-04
 ------------------------------------------------------------------------------


 NSTEP =    54750   TIME(PS) =     529.500  TEMP(K) =   302.40  PRESS =   315.9
 Etot   =    -33222.2527  EKtot   =      7160.7242  EPtot      =    -40382.9769
 BOND   =       164.7304  ANGLE   =       345.4153  DIHED      =       503.9146
 1-4 NB =       174.3899  1-4 EEL =      -356.6809  VDWAALS    =      4881.8520
 EELEC  =    -46096.5982  EHBOND  =         0.0000  RESTRAINT  =         0.0000
 EKCMT  =      3341.8338  VIRIAL  =      2540.8041  VOLUME     =    117431.8453
                                                    Density    =         1.0294
 Ewald error estimate:   0.2086E-04
 ------------------------------------------------------------------------------


 NSTEP =    55000   TIME(PS) =     530.000  TEMP(K) =   295.42  PRESS =   543.6
 Etot   =    -33211.0341  EKtot   =      6995.4080  EPtot      =    -40206.4422
 BOND   =       156.2210  ANGLE   =       340.5361  DIHED      =       510.1221
 1-4 NB =       169.1401  1-4 EEL =      -341.2115  VDWAALS    =      5012.4600
 EELEC  =    -46053.7101  EHBOND  =         0.0000  RESTRAINT  =         0.0000
 EKCMT  =      3302.1358  VIRIAL  =      1924.0855  VOLUME     =    117411.5076
                                                    Density    =         1.0296
 Ewald error estimate:   0.4055E-05
 ------------------------------------------------------------------------------


 NSTEP =    55250   TIME(PS) =     530.500  TEMP(K) =   299.17  PRESS =    21.9
 Etot   =    -33301.7530  EKtot   =      7084.2192  EPtot      =    -40385.9722
 BOND   =       162.7250  ANGLE   =       343.8375  DIHED      =       509.4642
 1-4 NB =       172.7067  1-4 EEL =      -342.3437  VDWAALS    =      4958.7557
 EELEC  =    -46191.1176  EHBOND  =         0.0000  RESTRAINT  =         0.0000
 EKCMT  =      3289.1086  VIRIAL  =      3233.5282  VOLUME     =    117612.0695
                                                    Density    =         1.0278
 Ewald error estimate:   0.7933E-04
 ------------------------------------------------------------------------------


 NSTEP =    55500   TIME(PS) =     531.000  TEMP(K) =   295.64  PRESS =    39.1
 Etot   =    -33278.8978  EKtot   =      7000.5364  EPtot      =    -40279.4342
 BOND   =       159.5918  ANGLE   =       347.8554  DIHED      =       504.5290
 1-4 NB =       174.3100  1-4 EEL =      -357.5830  VDWAALS    =      4862.2584
 EELEC  =    -45970.3959  EHBOND  =         0.0000  RESTRAINT  =         0.0000
 EKCMT  =      3328.4925  VIRIAL  =      3229.1517  VOLUME     =    117532.8627
                                                    Density    =         1.0285
 Ewald error estimate:   0.3192E-04
 ------------------------------------------------------------------------------


 NSTEP =    55750   TIME(PS) =     531.500  TEMP(K) =   299.59  PRESS =  -179.1
 Etot   =    -33269.7008  EKtot   =      7094.1136  EPtot      =    -40363.8144
 BOND   =       166.6554  ANGLE   =       359.6360  DIHED      =       500.2609
 1-4 NB =       177.8039  1-4 EEL =      -350.4159  VDWAALS    =      4741.0380
 EELEC  =    -45958.7926  EHBOND  =         0.0000  RESTRAINT  =         0.0000
 EKCMT  =      3263.3000  VIRIAL  =      3717.4984  VOLUME     =    117437.3007
                                                    Density    =         1.0294
 Ewald error estimate:   0.5603E-04
 ------------------------------------------------------------------------------


 NSTEP =    56000   TIME(PS) =     532.000  TEMP(K) =   299.56  PRESS =  -114.0
 Etot   =    -33175.9106  EKtot   =      7093.3820  EPtot      =    -40269.2927
 BOND   =       155.4528  ANGLE   =       346.9761  DIHED      =       505.8188
 1-4 NB =       175.1459  1-4 EEL =      -331.2621  VDWAALS    =      4767.7940
 EELEC  =    -45889.2181  EHBOND  =         0.0000  RESTRAINT  =         0.0000
 EKCMT  =      3357.0974  VIRIAL  =      3646.0975  VOLUME     =    117366.2330
                                                    Density    =         1.0300
 Ewald error estimate:   0.1396E-04
 ------------------------------------------------------------------------------


 NSTEP =    56250   TIME(PS) =     532.500  TEMP(K) =   301.67  PRESS =   -23.6
 Etot   =    -33115.6862  EKtot   =      7143.3868  EPtot      =    -40259.0730
 BOND   =       156.1558  ANGLE   =       348.9080  DIHED      =       502.6396
 1-4 NB =       167.0814  1-4 EEL =      -341.1907  VDWAALS    =      4871.5042
 EELEC  =    -45964.1712  EHBOND  =         0.0000  RESTRAINT  =         0.0000
 EKCMT  =      3355.6454  VIRIAL  =      3415.4403  VOLUME     =    117513.6070
                                                    Density    =         1.0287
 Ewald error estimate:   0.6266E-04
 ------------------------------------------------------------------------------


 NSTEP =    56500   TIME(PS) =     533.000  TEMP(K) =   303.47  PRESS =  -676.0
 Etot   =    -33125.6536  EKtot   =      7185.9388  EPtot      =    -40311.5924
 BOND   =       160.7209  ANGLE   =       344.5350  DIHED      =       507.3348
 1-4 NB =       170.3117  1-4 EEL =      -336.8702  VDWAALS    =      4611.9691
 EELEC  =    -45769.5937  EHBOND  =         0.0000  RESTRAINT  =         0.0000
 EKCMT  =      3349.0521  VIRIAL  =      5061.8117  VOLUME     =    117347.3710
                                                    Density    =         1.0302
 Ewald error estimate:   0.1317E-03
 ------------------------------------------------------------------------------


 NSTEP =    56750   TIME(PS) =     533.500  TEMP(K) =   304.25  PRESS =   354.9
 Etot   =    -33063.1938  EKtot   =      7204.4048  EPtot      =    -40267.5986
 BOND   =       158.9205  ANGLE   =       359.2946  DIHED      =       505.4902
 1-4 NB =       166.5655  1-4 EEL =      -364.2444  VDWAALS    =      4956.1534
 EELEC  =    -46049.7784  EHBOND  =         0.0000  RESTRAINT  =         0.0000
 EKCMT  =      3328.6718  VIRIAL  =      2430.4492  VOLUME     =    117230.3068
                                                    Density    =         1.0312
 Ewald error estimate:   0.2112E-04
 ------------------------------------------------------------------------------


 NSTEP =    57000   TIME(PS) =     534.000  TEMP(K) =   296.19  PRESS =   156.9
 Etot   =    -33141.2461  EKtot   =      7013.5516  EPtot      =    -40154.7977
 BOND   =       162.3242  ANGLE   =       335.7890  DIHED      =       505.6605
 1-4 NB =       168.1252  1-4 EEL =      -353.5779  VDWAALS    =      4908.8209
 EELEC  =    -45881.9396  EHBOND  =         0.0000  RESTRAINT  =         0.0000
 EKCMT  =      3302.7287  VIRIAL  =      2905.3306  VOLUME     =    117330.1280
                                                    Density    =         1.0303
 Ewald error estimate:   0.1300E-03
 ------------------------------------------------------------------------------


 NSTEP =    57250   TIME(PS) =     534.500  TEMP(K) =   302.21  PRESS =  -353.9
 Etot   =    -33133.0767  EKtot   =      7156.1621  EPtot      =    -40289.2389
 BOND   =       142.4812  ANGLE   =       331.0492  DIHED      =       513.2780
 1-4 NB =       178.4397  1-4 EEL =      -352.1873  VDWAALS    =      4720.6196
 EELEC  =    -45822.9192  EHBOND  =         0.0000  RESTRAINT  =         0.0000
 EKCMT  =      3245.3457  VIRIAL  =      4140.1751  VOLUME     =    117118.6940
                                                    Density    =         1.0322
 Ewald error estimate:   0.5025E-04
 ------------------------------------------------------------------------------


 NSTEP =    57500   TIME(PS) =     535.000  TEMP(K) =   298.62  PRESS =  -258.4
 Etot   =    -33253.8214  EKtot   =      7071.1157  EPtot      =    -40324.9370
 BOND   =       165.8829  ANGLE   =       375.2383  DIHED      =       512.8269
 1-4 NB =       174.8433  1-4 EEL =      -371.0262  VDWAALS    =      4738.0153
 EELEC  =    -45920.7175  EHBOND  =         0.0000  RESTRAINT  =         0.0000
 EKCMT  =      3288.9192  VIRIAL  =      3941.1219  VOLUME     =    116898.7619
                                                    Density    =         1.0341
 Ewald error estimate:   0.1225E-03
 ------------------------------------------------------------------------------


 NSTEP =    57750   TIME(PS) =     535.500  TEMP(K) =   294.70  PRESS =  -162.8
 Etot   =    -33343.9849  EKtot   =      6978.2021  EPtot      =    -40322.1870
 BOND   =       172.6244  ANGLE   =       353.7392  DIHED      =       504.7412
 1-4 NB =       175.9552  1-4 EEL =      -367.7678  VDWAALS    =      4655.7908
 EELEC  =    -45817.2700  EHBOND  =         0.0000  RESTRAINT  =         0.0000
 EKCMT  =      3320.3244  VIRIAL  =      3730.5812  VOLUME     =    116718.1862
                                                    Density    =         1.0357
 Ewald error estimate:   0.5863E-04
 ------------------------------------------------------------------------------


 NSTEP =    58000   TIME(PS) =     536.000  TEMP(K) =   302.10  PRESS =   222.3
 Etot   =    -33287.3371  EKtot   =      7153.5717  EPtot      =    -40440.9088
 BOND   =       146.6913  ANGLE   =       379.0800  DIHED      =       506.7658
 1-4 NB =       176.6453  1-4 EEL =      -368.6758  VDWAALS    =      4856.7726
 EELEC  =    -46138.1880  EHBOND  =         0.0000  RESTRAINT  =         0.0000
 EKCMT  =      3382.2094  VIRIAL  =      2822.3973  VOLUME     =    116614.2309
                                                    Density    =         1.0366
 Ewald error estimate:   0.1428E-05
 ------------------------------------------------------------------------------


 NSTEP =    58250   TIME(PS) =     536.500  TEMP(K) =   301.26  PRESS =  -200.6
 Etot   =    -33222.2232  EKtot   =      7133.6467  EPtot      =    -40355.8699
 BOND   =       136.6769  ANGLE   =       348.9704  DIHED      =       507.1820
 1-4 NB =       170.8164  1-4 EEL =      -345.1805  VDWAALS    =      4666.5193
 EELEC  =    -45840.8545  EHBOND  =         0.0000  RESTRAINT  =         0.0000
 EKCMT  =      3352.8452  VIRIAL  =      3858.0827  VOLUME     =    116661.1177
                                                    Density    =         1.0362
 Ewald error estimate:   0.5409E-04
 ------------------------------------------------------------------------------


 NSTEP =    58500   TIME(PS) =     537.000  TEMP(K) =   300.14  PRESS =    40.7
 Etot   =    -33358.0822  EKtot   =      7107.1105  EPtot      =    -40465.1927
 BOND   =       152.3382  ANGLE   =       329.2573  DIHED      =       515.8868
 1-4 NB =       179.9033  1-4 EEL =      -330.0311  VDWAALS    =      4809.5932
 EELEC  =    -46122.1404  EHBOND  =         0.0000  RESTRAINT  =         0.0000
 EKCMT  =      3313.3216  VIRIAL  =      3210.8827  VOLUME     =    116689.6520
                                                    Density    =         1.0360
 Ewald error estimate:   0.4586E-04
 ------------------------------------------------------------------------------


 NSTEP =    58750   TIME(PS) =     537.500  TEMP(K) =   298.32  PRESS =   396.7
 Etot   =    -33199.3080  EKtot   =      7063.9691  EPtot      =    -40263.2771
 BOND   =       152.6710  ANGLE   =       359.2675  DIHED      =       502.0265
 1-4 NB =       173.1088  1-4 EEL =      -355.9632  VDWAALS    =      4872.5914
 EELEC  =    -45966.9790  EHBOND  =         0.0000  RESTRAINT  =         0.0000
 EKCMT  =      3351.2088  VIRIAL  =      2350.8007  VOLUME     =    116791.0455
                                                    Density    =         1.0351
 Ewald error estimate:   0.7947E-05
 ------------------------------------------------------------------------------


 NSTEP =    59000   TIME(PS) =     538.000  TEMP(K) =   299.79  PRESS =   232.9
 Etot   =    -33164.8367  EKtot   =      7098.7768  EPtot      =    -40263.6135
 BOND   =       165.3011  ANGLE   =       353.2629  DIHED      =       500.0199
 1-4 NB =       174.5202  1-4 EEL =      -334.9586  VDWAALS    =      4942.7136
 EELEC  =    -46064.4725  EHBOND  =         0.0000  RESTRAINT  =         0.0000
 EKCMT  =      3310.5730  VIRIAL  =      2722.3534  VOLUME     =    116979.8793
                                                    Density    =         1.0334
 Ewald error estimate:   0.2448E-03
 ------------------------------------------------------------------------------


 NSTEP =    59250   TIME(PS) =     538.500  TEMP(K) =   299.89  PRESS =   178.3
 Etot   =    -33131.2170  EKtot   =      7101.2381  EPtot      =    -40232.4550
 BOND   =       153.0062  ANGLE   =       348.1459  DIHED      =       504.7131
 1-4 NB =       171.1049  1-4 EEL =      -341.7367  VDWAALS    =      4853.6608
 EELEC  =    -45921.3493  EHBOND  =         0.0000  RESTRAINT  =         0.0000
 EKCMT  =      3344.1078  VIRIAL  =      2892.9919  VOLUME     =    117212.7410
                                                    Density    =         1.0313
 Ewald error estimate:   0.8939E-04
 ------------------------------------------------------------------------------


 NSTEP =    59500   TIME(PS) =     539.000  TEMP(K) =   299.55  PRESS =  -196.8
 Etot   =    -33165.3318  EKtot   =      7093.1609  EPtot      =    -40258.4927
 BOND   =       178.5546  ANGLE   =       353.2566  DIHED      =       503.3044
 1-4 NB =       163.6270  1-4 EEL =      -332.5661  VDWAALS    =      4721.1641
 EELEC  =    -45845.8333  EHBOND  =         0.0000  RESTRAINT  =         0.0000
 EKCMT  =      3309.2398  VIRIAL  =      3808.2006  VOLUME     =    117407.7767
                                                    Density    =         1.0296
 Ewald error estimate:   0.7446E-04
 ------------------------------------------------------------------------------


 NSTEP =    59750   TIME(PS) =     539.500  TEMP(K) =   299.12  PRESS =   178.6
 Etot   =    -33134.6262  EKtot   =      7083.0216  EPtot      =    -40217.6478
 BOND   =       145.3021  ANGLE   =       337.1854  DIHED      =       530.0988
 1-4 NB =       175.9790  1-4 EEL =      -347.0978  VDWAALS    =      4924.1408
 EELEC  =    -45983.2561  EHBOND  =         0.0000  RESTRAINT  =         0.0000
 EKCMT  =      3314.6169  VIRIAL  =      2861.5965  VOLUME     =    117489.7829
                                                    Density    =         1.0289
 Ewald error estimate:   0.1072E-04
 ------------------------------------------------------------------------------


 NSTEP =    60000   TIME(PS) =     540.000  TEMP(K) =   300.02  PRESS =    79.4
 Etot   =    -33157.4401  EKtot   =      7104.3183  EPtot      =    -40261.7584
 BOND   =       140.9766  ANGLE   =       372.3070  DIHED      =       495.9323
 1-4 NB =       165.9249  1-4 EEL =      -348.8869  VDWAALS    =      4980.8913
 EELEC  =    -46068.9036  EHBOND  =         0.0000  RESTRAINT  =         0.0000
 EKCMT  =      3366.4566  VIRIAL  =      3164.7522  VOLUME     =    117700.7929
                                                    Density    =         1.0271
 Ewald error estimate:   0.5933E-05
 ------------------------------------------------------------------------------


 NSTEP =    60250   TIME(PS) =     540.500  TEMP(K) =   301.05  PRESS =    90.0
 Etot   =    -33168.0681  EKtot   =      7128.7566  EPtot      =    -40296.8246
 BOND   =       142.9702  ANGLE   =       345.2360  DIHED      =       489.5491
 1-4 NB =       172.8543  1-4 EEL =      -329.7784  VDWAALS    =      4870.1568
 EELEC  =    -45987.8127  EHBOND  =         0.0000  RESTRAINT  =         0.0000
 EKCMT  =      3319.8123  VIRIAL  =      3090.8223  VOLUME     =    117808.8476
                                                    Density    =         1.0261
 Ewald error estimate:   0.9725E-04
 ------------------------------------------------------------------------------


 NSTEP =    60500   TIME(PS) =     541.000  TEMP(K) =   298.84  PRESS =  -311.4
 Etot   =    -33211.8813  EKtot   =      7076.4439  EPtot      =    -40288.3253
 BOND   =       152.9526  ANGLE   =       336.6218  DIHED      =       504.1395
 1-4 NB =       168.1793  1-4 EEL =      -331.1509  VDWAALS    =      4791.0067
 EELEC  =    -45910.0741  EHBOND  =         0.0000  RESTRAINT  =         0.0000
 EKCMT  =      3324.6538  VIRIAL  =      4115.4855  VOLUME     =    117609.4845
                                                    Density    =         1.0279
 Ewald error estimate:   0.8894E-04
 ------------------------------------------------------------------------------


 NSTEP =    60750   TIME(PS) =     541.500  TEMP(K) =   298.90  PRESS =   -67.7
 Etot   =    -33113.9945  EKtot   =      7077.8087  EPtot      =    -40191.8032
 BOND   =       157.7678  ANGLE   =       341.0238  DIHED      =       503.4991
 1-4 NB =       171.2616  1-4 EEL =      -329.1066  VDWAALS    =      4766.5913
 EELEC  =    -45802.8401  EHBOND  =         0.0000  RESTRAINT  =         0.0000
 EKCMT  =      3332.1179  VIRIAL  =      3503.6099  VOLUME     =    117365.4470
                                                    Density    =         1.0300
 Ewald error estimate:   0.4262E-04
 ------------------------------------------------------------------------------


 NSTEP =    61000   TIME(PS) =     542.000  TEMP(K) =   304.73  PRESS =    43.0
 Etot   =    -33117.6959  EKtot   =      7215.8850  EPtot      =    -40333.5810
 BOND   =       173.0885  ANGLE   =       341.6047  DIHED      =       507.1257
 1-4 NB =       162.3923  1-4 EEL =      -338.6034  VDWAALS    =      4749.9150
 EELEC  =    -45929.1037  EHBOND  =         0.0000  RESTRAINT  =         0.0000
 EKCMT  =      3409.6241  VIRIAL  =      3300.7662  VOLUME     =    117282.5055
                                                    Density    =         1.0307
 Ewald error estimate:   0.1126E-03
 ------------------------------------------------------------------------------


 NSTEP =    61250   TIME(PS) =     542.500  TEMP(K) =   303.53  PRESS =    66.9
 Etot   =    -33098.5553  EKtot   =      7187.3047  EPtot      =    -40285.8600
 BOND   =       149.2947  ANGLE   =       341.1963  DIHED      =       502.2363
 1-4 NB =       168.5048  1-4 EEL =      -360.9762  VDWAALS    =      4864.9633
 EELEC  =    -45951.0791  EHBOND  =         0.0000  RESTRAINT  =         0.0000
 EKCMT  =      3354.8980  VIRIAL  =      3185.2979  VOLUME     =    117369.5444
                                                    Density    =         1.0300
 Ewald error estimate:   0.1321E-03
 ------------------------------------------------------------------------------


 NSTEP =    61500   TIME(PS) =     543.000  TEMP(K) =   297.81  PRESS =   236.3
 Etot   =    -33098.5908  EKtot   =      7051.9327  EPtot      =    -40150.5235
 BOND   =       165.4184  ANGLE   =       361.4889  DIHED      =       510.7204
 1-4 NB =       168.9886  1-4 EEL =      -361.1967  VDWAALS    =      4885.4792
 EELEC  =    -45881.4222  EHBOND  =         0.0000  RESTRAINT  =         0.0000
 EKCMT  =      3340.3810  VIRIAL  =      2740.8693  VOLUME     =    117517.2816
                                                    Density    =         1.0287
 Ewald error estimate:   0.1514E-03
 ------------------------------------------------------------------------------


 NSTEP =    61750   TIME(PS) =     543.500  TEMP(K) =   299.58  PRESS =   -62.9
 Etot   =    -33118.5465  EKtot   =      7093.9568  EPtot      =    -40212.5033
 BOND   =       139.7852  ANGLE   =       322.7474  DIHED      =       521.7484
 1-4 NB =       175.6193  1-4 EEL =      -332.1474  VDWAALS    =      4808.6107
 EELEC  =    -45848.8669  EHBOND  =         0.0000  RESTRAINT  =         0.0000
 EKCMT  =      3354.0771  VIRIAL  =      3513.7534  VOLUME     =    117582.3614
                                                    Density    =         1.0281
 Ewald error estimate:   0.8489E-04
 ------------------------------------------------------------------------------


 NSTEP =    62000   TIME(PS) =     544.000  TEMP(K) =   304.22  PRESS =   283.7
 Etot   =    -33036.0210  EKtot   =      7203.7709  EPtot      =    -40239.7920
 BOND   =       156.1791  ANGLE   =       346.2602  DIHED      =       514.1324
 1-4 NB =       168.5491  1-4 EEL =      -341.1623  VDWAALS    =      4978.7178
 EELEC  =    -46062.4683  EHBOND  =         0.0000  RESTRAINT  =         0.0000
 EKCMT  =      3363.1168  VIRIAL  =      2642.1725  VOLUME     =    117713.4237
                                                    Density    =         1.0270
 Ewald error estimate:   0.6901E-04
 ------------------------------------------------------------------------------


 NSTEP =    62250   TIME(PS) =     544.500  TEMP(K) =   304.56  PRESS =  -189.2
 Etot   =    -32955.0831  EKtot   =      7211.8238  EPtot      =    -40166.9069
 BOND   =       150.1324  ANGLE   =       346.3196  DIHED      =       497.9148
 1-4 NB =       166.1528  1-4 EEL =      -333.9416  VDWAALS    =      4705.3552
 EELEC  =    -45698.8400  EHBOND  =         0.0000  RESTRAINT  =         0.0000
 EKCMT  =      3348.6965  VIRIAL  =      3829.2182  VOLUME     =    117653.5995
                                                    Density    =         1.0275
 Ewald error estimate:   0.6433E-04
 ------------------------------------------------------------------------------


 NSTEP =    62500   TIME(PS) =     545.000  TEMP(K) =   301.72  PRESS =    39.0
 Etot   =    -33102.9566  EKtot   =      7144.4478  EPtot      =    -40247.4044
 BOND   =       156.4592  ANGLE   =       370.0851  DIHED      =       503.5392
 1-4 NB =       173.3338  1-4 EEL =      -341.6978  VDWAALS    =      4820.5191
 EELEC  =    -45929.6429  EHBOND  =         0.0000  RESTRAINT  =         0.0000
 EKCMT  =      3376.9865  VIRIAL  =      3277.8911  VOLUME     =    117566.2996
                                                    Density    =         1.0282
 Ewald error estimate:   0.8097E-04
 ------------------------------------------------------------------------------


 NSTEP =    62750   TIME(PS) =     545.500  TEMP(K) =   302.68  PRESS =   221.2
 Etot   =    -33065.8168  EKtot   =      7167.2793  EPtot      =    -40233.0961
 BOND   =       153.0900  ANGLE   =       343.2663  DIHED      =       507.0184
 1-4 NB =       171.7585  1-4 EEL =      -347.7985  VDWAALS    =      4973.0904
 EELEC  =    -46033.5213  EHBOND  =         0.0000  RESTRAINT  =         0.0000
 EKCMT  =      3342.6032  VIRIAL  =      2780.6426  VOLUME     =    117681.0322
                                                    Density    =         1.0272
 Ewald error estimate:   0.1368E-04
 ------------------------------------------------------------------------------


 NSTEP =    63000   TIME(PS) =     546.000  TEMP(K) =   300.45  PRESS =   -58.3
 Etot   =    -33036.5295  EKtot   =      7114.3805  EPtot      =    -40150.9100
 BOND   =       152.7744  ANGLE   =       373.4903  DIHED      =       508.5168
 1-4 NB =       166.8632  1-4 EEL =      -338.1843  VDWAALS    =      4787.4022
 EELEC  =    -45801.7727  EHBOND  =         0.0000  RESTRAINT  =         0.0000
 EKCMT  =      3302.8873  VIRIAL  =      3451.1369  VOLUME     =    117712.8918
                                                    Density    =         1.0270
 Ewald error estimate:   0.6008E-04
 ------------------------------------------------------------------------------


 NSTEP =    63250   TIME(PS) =     546.500  TEMP(K) =   301.56  PRESS =  -266.5
 Etot   =    -33271.9092  EKtot   =      7140.6976  EPtot      =    -40412.6068
 BOND   =       156.1263  ANGLE   =       326.3827  DIHED      =       504.0176
 1-4 NB =       171.9669  1-4 EEL =      -341.2502  VDWAALS    =      4798.7079
 EELEC  =    -46028.5580  EHBOND  =         0.0000  RESTRAINT  =         0.0000
 EKCMT  =      3323.2660  VIRIAL  =      4000.2708  VOLUME     =    117663.6366
                                                    Density    =         1.0274
 Ewald error estimate:   0.1173E-03
 ------------------------------------------------------------------------------


 NSTEP =    63500   TIME(PS) =     547.000  TEMP(K) =   300.55  PRESS =   -24.2
 Etot   =    -33173.4600  EKtot   =      7116.7191  EPtot      =    -40290.1791
 BOND   =       172.3723  ANGLE   =       334.5669  DIHED      =       507.9583
 1-4 NB =       173.1552  1-4 EEL =      -325.1661  VDWAALS    =      4862.7100
 EELEC  =    -46015.7757  EHBOND  =         0.0000  RESTRAINT  =         0.0000
 EKCMT  =      3371.0159  VIRIAL  =      3432.5448  VOLUME     =    117671.5959
                                                    Density    =         1.0273
 Ewald error estimate:   0.1466E-03
 ------------------------------------------------------------------------------


 NSTEP =    63750   TIME(PS) =     547.500  TEMP(K) =   302.15  PRESS =   151.8
 Etot   =    -33069.4662  EKtot   =      7154.8349  EPtot      =    -40224.3011
 BOND   =       148.7229  ANGLE   =       329.4654  DIHED      =       503.5767
 1-4 NB =       173.1369  1-4 EEL =      -341.6407  VDWAALS    =      4932.9009
 EELEC  =    -45970.4631  EHBOND  =         0.0000  RESTRAINT  =         0.0000
 EKCMT  =      3307.6894  VIRIAL  =      2921.5970  VOLUME     =    117823.7885
                                                    Density    =         1.0260
 Ewald error estimate:   0.1731E-03
 ------------------------------------------------------------------------------


 NSTEP =    64000   TIME(PS) =     548.000  TEMP(K) =   303.23  PRESS =   129.0
 Etot   =    -33104.9560  EKtot   =      7180.2876  EPtot      =    -40285.2436
 BOND   =       160.5442  ANGLE   =       326.3749  DIHED      =       529.8582
 1-4 NB =       173.3305  1-4 EEL =      -370.5379  VDWAALS    =      4906.2255
 EELEC  =    -46011.0391  EHBOND  =         0.0000  RESTRAINT  =         0.0000
 EKCMT  =      3382.8932  VIRIAL  =      3054.8364  VOLUME     =    117785.0057
                                                    Density    =         1.0263
 Ewald error estimate:   0.7422E-05
 ------------------------------------------------------------------------------


 NSTEP =    64250   TIME(PS) =     548.500  TEMP(K) =   300.83  PRESS =   -98.0
 Etot   =    -33119.4983  EKtot   =      7123.3737  EPtot      =    -40242.8719
 BOND   =       135.8454  ANGLE   =       350.1872  DIHED      =       495.5633
 1-4 NB =       175.8136  1-4 EEL =      -344.0170  VDWAALS    =      4760.1526
 EELEC  =    -45816.4170  EHBOND  =         0.0000  RESTRAINT  =         0.0000
 EKCMT  =      3359.6782  VIRIAL  =      3608.6940  VOLUME     =    117692.3715
                                                    Density    =         1.0271
 Ewald error estimate:   0.1444E-03
 ------------------------------------------------------------------------------


 NSTEP =    64500   TIME(PS) =     549.000  TEMP(K) =   304.40  PRESS =  -138.5
 Etot   =    -33164.2994  EKtot   =      7208.0337  EPtot      =    -40372.3332
 BOND   =       133.7759  ANGLE   =       337.1729  DIHED      =       526.3384
 1-4 NB =       169.1829  1-4 EEL =      -379.6785  VDWAALS    =      4840.8989
 EELEC  =    -46000.0237  EHBOND  =         0.0000  RESTRAINT  =         0.0000
 EKCMT  =      3364.7727  VIRIAL  =      3716.5048  VOLUME     =    117644.3736
                                                    Density    =         1.0276
 Ewald error estimate:   0.1615E-03
 ------------------------------------------------------------------------------


 NSTEP =    64750   TIME(PS) =     549.500  TEMP(K) =   299.46  PRESS =   133.3
 Etot   =    -33152.6700  EKtot   =      7090.9526  EPtot      =    -40243.6226
 BOND   =       164.5686  ANGLE   =       365.0102  DIHED      =       508.9840
 1-4 NB =       161.1329  1-4 EEL =      -357.3362  VDWAALS    =      4887.3078
 EELEC  =    -45973.2900  EHBOND  =         0.0000  RESTRAINT  =         0.0000
 EKCMT  =      3366.4402  VIRIAL  =      3027.7441  VOLUME     =    117719.7739
                                                    Density    =         1.0269
 Ewald error estimate:   0.2846E-03
 ------------------------------------------------------------------------------


 NSTEP =    65000   TIME(PS) =     550.000  TEMP(K) =   303.30  PRESS =   133.1
 Etot   =    -33063.8303  EKtot   =      7182.0172  EPtot      =    -40245.8474
 BOND   =       141.7055  ANGLE   =       325.5579  DIHED      =       511.9015
 1-4 NB =       168.7849  1-4 EEL =      -358.8075  VDWAALS    =      4778.3752
 EELEC  =    -45813.3650  EHBOND  =         0.0000  RESTRAINT  =         0.0000
 EKCMT  =      3371.2207  VIRIAL  =      3032.7854  VOLUME     =    117741.9382
                                                    Density    =         1.0267
 Ewald error estimate:   0.1752E-03
 ------------------------------------------------------------------------------


 NSTEP =    65250   TIME(PS) =     550.500  TEMP(K) =   302.45  PRESS =  -439.8
 Etot   =    -33232.8606  EKtot   =      7161.7398  EPtot      =    -40394.6004
 BOND   =       141.4391  ANGLE   =       339.9651  DIHED      =       511.0914
 1-4 NB =       174.2407  1-4 EEL =      -352.9623  VDWAALS    =      4716.3731
 EELEC  =    -45924.7476  EHBOND  =         0.0000  RESTRAINT  =         0.0000
 EKCMT  =      3334.1886  VIRIAL  =      4450.0238  VOLUME     =    117496.3060
                                                    Density    =         1.0289
 Ewald error estimate:   0.1182E-03
 ------------------------------------------------------------------------------


 NSTEP =    65500   TIME(PS) =     551.000  TEMP(K) =   301.14  PRESS =  -126.0
 Etot   =    -33198.4704  EKtot   =      7130.7275  EPtot      =    -40329.1979
 BOND   =       164.1123  ANGLE   =       348.5777  DIHED      =       509.2240
 1-4 NB =       166.8404  1-4 EEL =      -357.0605  VDWAALS    =      4807.4908
 EELEC  =    -45968.3826  EHBOND  =         0.0000  RESTRAINT  =         0.0000
 EKCMT  =      3307.5477  VIRIAL  =      3626.7681  VOLUME     =    117355.8655
                                                    Density    =         1.0301
 Ewald error estimate:   0.2065E-03
 ------------------------------------------------------------------------------


 NSTEP =    65750   TIME(PS) =     551.500  TEMP(K) =   299.23  PRESS =  -136.2
 Etot   =    -33221.0214  EKtot   =      7085.4951  EPtot      =    -40306.5165
 BOND   =       162.5251  ANGLE   =       362.3006  DIHED      =       490.7720
 1-4 NB =       165.9149  1-4 EEL =      -340.0285  VDWAALS    =      4684.9966
 EELEC  =    -45832.9973  EHBOND  =         0.0000  RESTRAINT  =         0.0000
 EKCMT  =      3339.7327  VIRIAL  =      3684.5340  VOLUME     =    117239.8835
                                                    Density    =         1.0311
 Ewald error estimate:   0.1586E-03
 ------------------------------------------------------------------------------


 NSTEP =    66000   TIME(PS) =     552.000  TEMP(K) =   296.77  PRESS =   231.7
 Etot   =    -33289.6722  EKtot   =      7027.3331  EPtot      =    -40317.0052
 BOND   =       152.4477  ANGLE   =       342.9218  DIHED      =       502.5755
 1-4 NB =       172.6740  1-4 EEL =      -345.6345  VDWAALS    =      4883.9983
 EELEC  =    -46025.9880  EHBOND  =         0.0000  RESTRAINT  =         0.0000
 EKCMT  =      3259.1689  VIRIAL  =      2673.0975  VOLUME     =    117152.5143
                                                    Density    =         1.0319
 Ewald error estimate:   0.9609E-04
 ------------------------------------------------------------------------------


 NSTEP =    66250   TIME(PS) =     552.500  TEMP(K) =   297.74  PRESS =   -84.9
 Etot   =    -33263.5922  EKtot   =      7050.3635  EPtot      =    -40313.9557
 BOND   =       160.5585  ANGLE   =       324.9712  DIHED      =       518.2551
 1-4 NB =       166.9790  1-4 EEL =      -349.6673  VDWAALS    =      4823.7300
 EELEC  =    -45958.7823  EHBOND  =         0.0000  RESTRAINT  =         0.0000
 EKCMT  =      3262.3999  VIRIAL  =      3477.2957  VOLUME     =    117175.0777
                                                    Density    =         1.0317
 Ewald error estimate:   0.5394E-04
 ------------------------------------------------------------------------------


 NSTEP =    66500   TIME(PS) =     553.000  TEMP(K) =   302.37  PRESS =   -82.6
 Etot   =    -33280.6673  EKtot   =      7159.8507  EPtot      =    -40440.5180
 BOND   =       165.9600  ANGLE   =       335.9754  DIHED      =       503.7452
 1-4 NB =       168.6093  1-4 EEL =      -320.4445  VDWAALS    =      4832.5459
 EELEC  =    -46126.9094  EHBOND  =         0.0000  RESTRAINT  =         0.0000
 EKCMT  =      3287.4973  VIRIAL  =      3496.4447  VOLUME     =    117205.0525
                                                    Density    =         1.0314
 Ewald error estimate:   0.4059E-04
 ------------------------------------------------------------------------------


 NSTEP =    66750   TIME(PS) =     553.500  TEMP(K) =   300.24  PRESS =   -92.8
 Etot   =    -33240.5168  EKtot   =      7109.5179  EPtot      =    -40350.0347
 BOND   =       164.8039  ANGLE   =       352.8874  DIHED      =       499.2025
 1-4 NB =       169.8465  1-4 EEL =      -357.0995  VDWAALS    =      4829.9010
 EELEC  =    -46009.5765  EHBOND  =         0.0000  RESTRAINT  =         0.0000
 EKCMT  =      3352.2004  VIRIAL  =      3586.8534  VOLUME     =    117087.5157
                                                    Density    =         1.0324
 Ewald error estimate:   0.6162E-04
 ------------------------------------------------------------------------------


 NSTEP =    67000   TIME(PS) =     554.000  TEMP(K) =   301.04  PRESS =  -156.5
 Etot   =    -33392.2825  EKtot   =      7128.5552  EPtot      =    -40520.8377
 BOND   =       157.7282  ANGLE   =       347.9629  DIHED      =       503.1259
 1-4 NB =       167.8088  1-4 EEL =      -329.9508  VDWAALS    =      4841.1808
 EELEC  =    -46208.6936  EHBOND  =         0.0000  RESTRAINT  =         0.0000
 EKCMT  =      3290.5850  VIRIAL  =      3686.0937  VOLUME     =    117069.2586
                                                    Density    =         1.0326
 Ewald error estimate:   0.7149E-04
 ------------------------------------------------------------------------------


 NSTEP =    67250   TIME(PS) =     554.500  TEMP(K) =   301.68  PRESS =   -95.3
 Etot   =    -33249.8970  EKtot   =      7143.6279  EPtot      =    -40393.5249
 BOND   =       146.9274  ANGLE   =       350.1837  DIHED      =       514.8413
 1-4 NB =       170.9123  1-4 EEL =      -351.6745  VDWAALS    =      4853.6470
 EELEC  =    -46078.3621  EHBOND  =         0.0000  RESTRAINT  =         0.0000
 EKCMT  =      3307.1837  VIRIAL  =      3548.1337  VOLUME     =    117101.0702
                                                    Density    =         1.0323
 Ewald error estimate:   0.9293E-05
 ------------------------------------------------------------------------------


 NSTEP =    67500   TIME(PS) =     555.000  TEMP(K) =   300.35  PRESS =   298.7
 Etot   =    -33242.2494  EKtot   =      7112.0548  EPtot      =    -40354.3041
 BOND   =       156.3379  ANGLE   =       366.2981  DIHED      =       503.8760
 1-4 NB =       163.2658  1-4 EEL =      -363.7939  VDWAALS    =      4957.0341
 EELEC  =    -46137.3222  EHBOND  =         0.0000  RESTRAINT  =         0.0000
 EKCMT  =      3301.6183  VIRIAL  =      2546.0824  VOLUME     =    117145.9798
                                                    Density    =         1.0319
 Ewald error estimate:   0.1142E-03
 ------------------------------------------------------------------------------


 NSTEP =    67750   TIME(PS) =     555.500  TEMP(K) =   297.45  PRESS =   -57.8
 Etot   =    -33343.6016  EKtot   =      7043.3327  EPtot      =    -40386.9343
 BOND   =       160.0963  ANGLE   =       333.0994  DIHED      =       510.3014
 1-4 NB =       173.6548  1-4 EEL =      -323.6990  VDWAALS    =      4888.9517
 EELEC  =    -46129.3390  EHBOND  =         0.0000  RESTRAINT  =         0.0000
 EKCMT  =      3314.6150  VIRIAL  =      3460.6843  VOLUME     =    117068.1165
                                                    Density    =         1.0326
 Ewald error estimate:   0.9904E-04
 ------------------------------------------------------------------------------


 NSTEP =    68000   TIME(PS) =     556.000  TEMP(K) =   299.45  PRESS =  -203.7
 Etot   =    -33431.4102  EKtot   =      7090.8813  EPtot      =    -40522.2915
 BOND   =       166.9020  ANGLE   =       359.7954  DIHED      =       495.6623
 1-4 NB =       166.5575  1-4 EEL =      -359.4227  VDWAALS    =      4877.2999
 EELEC  =    -46229.0858  EHBOND  =         0.0000  RESTRAINT  =         0.0000
 EKCMT  =      3352.0077  VIRIAL  =      3866.7992  VOLUME     =    117054.2689
                                                    Density    =         1.0327
 Ewald error estimate:   0.1138E-03
 ------------------------------------------------------------------------------


 NSTEP =    68250   TIME(PS) =     556.500  TEMP(K) =   300.81  PRESS =   249.5
 Etot   =    -33212.1987  EKtot   =      7123.0908  EPtot      =    -40335.2894
 BOND   =       167.0471  ANGLE   =       353.1301  DIHED      =       505.3628
 1-4 NB =       169.1827  1-4 EEL =      -341.3656  VDWAALS    =      4955.0709
 EELEC  =    -46143.7174  EHBOND  =         0.0000  RESTRAINT  =         0.0000
 EKCMT  =      3324.3606  VIRIAL  =      2694.2720  VOLUME     =    116984.6546
                                                    Density    =         1.0334
 Ewald error estimate:   0.1122E-03
 ------------------------------------------------------------------------------


 NSTEP =    68500   TIME(PS) =     557.000  TEMP(K) =   310.04  PRESS =  -318.9
 Etot   =    -32907.3312  EKtot   =      7341.6290  EPtot      =    -40248.9602
 BOND   =       148.2529  ANGLE   =       344.1110  DIHED      =       493.4269
 1-4 NB =       169.6508  1-4 EEL =      -350.8662  VDWAALS    =      4661.1664
 EELEC  =    -45714.7019  EHBOND  =         0.0000  RESTRAINT  =         0.0000
 EKCMT  =      3416.7263  VIRIAL  =      4222.4861  VOLUME     =    117007.6594
                                                    Density    =         1.0332
 Ewald error estimate:   0.1474E-03
 ------------------------------------------------------------------------------


 NSTEP =    68750   TIME(PS) =     557.500  TEMP(K) =   302.18  PRESS =    18.5
 Etot   =    -33041.4166  EKtot   =      7155.4866  EPtot      =    -40196.9032
 BOND   =       159.6471  ANGLE   =       354.6212  DIHED      =       516.6047
 1-4 NB =       168.5696  1-4 EEL =      -340.6263  VDWAALS    =      4774.2015
 EELEC  =    -45829.9210  EHBOND  =         0.0000  RESTRAINT  =         0.0000
 EKCMT  =      3394.5675  VIRIAL  =      3347.7099  VOLUME     =    117021.4709
                                                    Density    =         1.0330
 Ewald error estimate:   0.9961E-04
 ------------------------------------------------------------------------------


 NSTEP =    69000   TIME(PS) =     558.000  TEMP(K) =   300.87  PRESS =   -57.6
 Etot   =    -32989.7982  EKtot   =      7124.3201  EPtot      =    -40114.1183
 BOND   =       151.4275  ANGLE   =       339.5889  DIHED      =       513.5478
 1-4 NB =       165.1124  1-4 EEL =      -352.8372  VDWAALS    =      4789.8351
 EELEC  =    -45720.7929  EHBOND  =         0.0000  RESTRAINT  =         0.0000
 EKCMT  =      3346.6222  VIRIAL  =      3492.1670  VOLUME     =    117123.0635
                                                    Density    =         1.0321
 Ewald error estimate:   0.9622E-04
 ------------------------------------------------------------------------------


 NSTEP =    69250   TIME(PS) =     558.500  TEMP(K) =   307.29  PRESS =   318.5
 Etot   =    -33031.5146  EKtot   =      7276.5440  EPtot      =    -40308.0586
 BOND   =       161.5779  ANGLE   =       354.7204  DIHED      =       493.1600
 1-4 NB =       168.5541  1-4 EEL =      -331.4792  VDWAALS    =      4940.4661
 EELEC  =    -46095.0578  EHBOND  =         0.0000  RESTRAINT  =         0.0000
 EKCMT  =      3506.5167  VIRIAL  =      2699.6505  VOLUME     =    117349.3376
                                                    Density    =         1.0301
 Ewald error estimate:   0.2303E-03
 ------------------------------------------------------------------------------


 NSTEP =    69500   TIME(PS) =     559.000  TEMP(K) =   299.97  PRESS =   -57.7
 Etot   =    -33064.2197  EKtot   =      7103.1950  EPtot      =    -40167.4147
 BOND   =       163.1793  ANGLE   =       337.2923  DIHED      =       499.2357
 1-4 NB =       167.4762  1-4 EEL =      -351.6725  VDWAALS    =      4755.5381
 EELEC  =    -45738.4639  EHBOND  =         0.0000  RESTRAINT  =         0.0000
 EKCMT  =      3312.3549  VIRIAL  =      3458.5558  VOLUME     =    117368.1884
                                                    Density    =         1.0300
 Ewald error estimate:   0.4504E-04
 ------------------------------------------------------------------------------


 NSTEP =    69750   TIME(PS) =     559.500  TEMP(K) =   305.91  PRESS =  -341.8
 Etot   =    -33160.1636  EKtot   =      7243.6454  EPtot      =    -40403.8090
 BOND   =       140.8488  ANGLE   =       337.7203  DIHED      =       492.4712
 1-4 NB =       168.6296  1-4 EEL =      -316.7612  VDWAALS    =      4828.4742
 EELEC  =    -46055.1918  EHBOND  =         0.0000  RESTRAINT  =         0.0000
 EKCMT  =      3402.8318  VIRIAL  =      4267.0631  VOLUME     =    117106.3992
                                                    Density    =         1.0323
 Ewald error estimate:   0.2307E-03
 ------------------------------------------------------------------------------


 NSTEP =    70000   TIME(PS) =     560.000  TEMP(K) =   297.53  PRESS =  -176.3
 Etot   =    -33218.0380  EKtot   =      7045.2905  EPtot      =    -40263.3285
 BOND   =       157.5244  ANGLE   =       371.2505  DIHED      =       504.9818
 1-4 NB =       167.0160  1-4 EEL =      -346.7383  VDWAALS    =      4782.9106
 EELEC  =    -45900.2734  EHBOND  =         0.0000  RESTRAINT  =         0.0000
 EKCMT  =      3322.6998  VIRIAL  =      3767.7559  VOLUME     =    116924.3668
                                                    Density    =         1.0339
 Ewald error estimate:   0.1761E-03
 ------------------------------------------------------------------------------


 NSTEP =    70250   TIME(PS) =     560.500  TEMP(K) =   302.46  PRESS =  -288.5
 Etot   =    -33197.7322  EKtot   =      7161.9760  EPtot      =    -40359.7081
 BOND   =       155.0957  ANGLE   =       348.7148  DIHED      =       512.3805
 1-4 NB =       171.0196  1-4 EEL =      -332.2495  VDWAALS    =      4722.5791
 EELEC  =    -45937.2483  EHBOND  =         0.0000  RESTRAINT  =         0.0000
 EKCMT  =      3396.1555  VIRIAL  =      4123.6667  VOLUME     =    116796.9781
                                                    Density    =         1.0350
 Ewald error estimate:   0.1152E-03
 ------------------------------------------------------------------------------


 NSTEP =    70500   TIME(PS) =     561.000  TEMP(K) =   300.05  PRESS =    78.9
 Etot   =    -33245.4919  EKtot   =      7104.9608  EPtot      =    -40350.4526
 BOND   =       143.1336  ANGLE   =       355.2319  DIHED      =       502.2339
 1-4 NB =       169.0376  1-4 EEL =      -339.2049  VDWAALS    =      4905.1672
 EELEC  =    -46086.0519  EHBOND  =         0.0000  RESTRAINT  =         0.0000
 EKCMT  =      3216.8148  VIRIAL  =      3018.0821  VOLUME     =    116731.0368
                                                    Density    =         1.0356
 Ewald error estimate:   0.3222E-04
 ------------------------------------------------------------------------------


 NSTEP =    70750   TIME(PS) =     561.500  TEMP(K) =   304.60  PRESS =    38.5
 Etot   =    -33178.1212  EKtot   =      7212.8496  EPtot      =    -40390.9708
 BOND   =       171.1140  ANGLE   =       356.5660  DIHED      =       496.3008
 1-4 NB =       172.6195  1-4 EEL =      -354.5227  VDWAALS    =      4883.3837
 EELEC  =    -46116.4321  EHBOND  =         0.0000  RESTRAINT  =         0.0000
 EKCMT  =      3337.3768  VIRIAL  =      3240.2227  VOLUME     =    116864.6040
                                                    Density    =         1.0344
 Ewald error estimate:   0.1204E-03
 ------------------------------------------------------------------------------


 NSTEP =    71000   TIME(PS) =     562.000  TEMP(K) =   302.96  PRESS =    81.5
 Etot   =    -33054.7781  EKtot   =      7173.8418  EPtot      =    -40228.6199
 BOND   =       154.3721  ANGLE   =       381.6157  DIHED      =       507.8667
 1-4 NB =       169.8430  1-4 EEL =      -345.0961  VDWAALS    =      4797.3636
 EELEC  =    -45894.5849  EHBOND  =         0.0000  RESTRAINT  =         0.0000
 EKCMT  =      3402.8394  VIRIAL  =      3196.9908  VOLUME     =    116961.3109
                                                    Density    =         1.0336
 Ewald error estimate:   0.3235E-04
 ------------------------------------------------------------------------------


 NSTEP =    71250   TIME(PS) =     562.500  TEMP(K) =   299.28  PRESS =    52.8
 Etot   =    -33142.3121  EKtot   =      7086.7563  EPtot      =    -40229.0684
 BOND   =       148.6645  ANGLE   =       351.5583  DIHED      =       526.2321
 1-4 NB =       167.5454  1-4 EEL =      -326.0133  VDWAALS    =      4806.4142
 EELEC  =    -45903.4695  EHBOND  =         0.0000  RESTRAINT  =         0.0000
 EKCMT  =      3259.6480  VIRIAL  =      3126.2981  VOLUME     =    116992.6214
                                                    Density    =         1.0333
 Ewald error estimate:   0.5936E-04
 ------------------------------------------------------------------------------


 NSTEP =    71500   TIME(PS) =     563.000  TEMP(K) =   303.62  PRESS =   316.9
 Etot   =    -33223.6608  EKtot   =      7189.4839  EPtot      =    -40413.1447
 BOND   =       141.9263  ANGLE   =       358.1586  DIHED      =       509.3178
 1-4 NB =       163.7919  1-4 EEL =      -349.1822  VDWAALS    =      5027.3116
 EELEC  =    -46264.4688  EHBOND  =         0.0000  RESTRAINT  =         0.0000
 EKCMT  =      3345.6811  VIRIAL  =      2545.7632  VOLUME     =    116913.2504
                                                    Density    =         1.0340
 Ewald error estimate:   0.1832E-04
 ------------------------------------------------------------------------------


 NSTEP =    71750   TIME(PS) =     563.500  TEMP(K) =   301.30  PRESS =   127.0
 Etot   =    -33147.3398  EKtot   =      7134.6263  EPtot      =    -40281.9661
 BOND   =       157.6419  ANGLE   =       342.9505  DIHED      =       516.4185
 1-4 NB =       163.6070  1-4 EEL =      -316.7786  VDWAALS    =      4834.8917
 EELEC  =    -45980.6972  EHBOND  =         0.0000  RESTRAINT  =         0.0000
 EKCMT  =      3376.6674  VIRIAL  =      3055.8462  VOLUME     =    116998.9877
                                                    Density    =         1.0332
 Ewald error estimate:   0.6758E-04
 ------------------------------------------------------------------------------


 NSTEP =    72000   TIME(PS) =     564.000  TEMP(K) =   297.57  PRESS =    19.3
 Etot   =    -33195.2777  EKtot   =      7046.1933  EPtot      =    -40241.4710
 BOND   =       148.4944  ANGLE   =       363.6288  DIHED      =       513.2388
 1-4 NB =       176.0252  1-4 EEL =      -346.1893  VDWAALS    =      4798.5706
 EELEC  =    -45895.2395  EHBOND  =         0.0000  RESTRAINT  =         0.0000
 EKCMT  =      3338.6718  VIRIAL  =      3289.7968  VOLUME     =    117190.1802
                                                    Density    =         1.0315
 Ewald error estimate:   0.2732E-03
 ------------------------------------------------------------------------------


 NSTEP =    72250   TIME(PS) =     564.500  TEMP(K) =   299.47  PRESS =    77.5
 Etot   =    -33197.9224  EKtot   =      7091.3809  EPtot      =    -40289.3033
 BOND   =       139.3531  ANGLE   =       339.6706  DIHED      =       514.2882
 1-4 NB =       171.1712  1-4 EEL =      -329.7992  VDWAALS    =      4835.3437
 EELEC  =    -45959.3309  EHBOND  =         0.0000  RESTRAINT  =         0.0000
 EKCMT  =      3361.5312  VIRIAL  =      3165.6416  VOLUME     =    117061.6902
                                                    Density    =         1.0327
 Ewald error estimate:   0.2423E-03
 ------------------------------------------------------------------------------


 NSTEP =    72500   TIME(PS) =     565.000  TEMP(K) =   301.56  PRESS =   130.1
 Etot   =    -33263.1087  EKtot   =      7140.8519  EPtot      =    -40403.9606
 BOND   =       153.4474  ANGLE   =       347.3396  DIHED      =       511.2501
 1-4 NB =       173.9054  1-4 EEL =      -343.0793  VDWAALS    =      4827.2554
 EELEC  =    -46074.0793  EHBOND  =         0.0000  RESTRAINT  =         0.0000
 EKCMT  =      3376.9218  VIRIAL  =      3048.1349  VOLUME     =    117070.1701
                                                    Density    =         1.0326
 Ewald error estimate:   0.1238E-03
 ------------------------------------------------------------------------------


 NSTEP =    72750   TIME(PS) =     565.500  TEMP(K) =   298.02  PRESS =   -62.3
 Etot   =    -33252.3336  EKtot   =      7056.8891  EPtot      =    -40309.2228
 BOND   =       166.2875  ANGLE   =       340.6693  DIHED      =       509.9543
 1-4 NB =       169.1113  1-4 EEL =      -358.2824  VDWAALS    =      4805.9454
 EELEC  =    -45942.9081  EHBOND  =         0.0000  RESTRAINT  =         0.0000
 EKCMT  =      3317.4140  VIRIAL  =      3475.0748  VOLUME     =    117175.3444
                                                    Density    =         1.0317
 Ewald error estimate:   0.2307E-03
 ------------------------------------------------------------------------------


 NSTEP =    73000   TIME(PS) =     566.000  TEMP(K) =   298.88  PRESS =   127.5
 Etot   =    -33290.1501  EKtot   =      7077.2098  EPtot      =    -40367.3599
 BOND   =       168.1397  ANGLE   =       334.5761  DIHED      =       511.6231
 1-4 NB =       163.3322  1-4 EEL =      -342.9250  VDWAALS    =      4982.3671
 EELEC  =    -46184.4729  EHBOND  =         0.0000  RESTRAINT  =         0.0000
 EKCMT  =      3352.7799  VIRIAL  =      3030.7433  VOLUME     =    116950.5134
                                                    Density    =         1.0337
 Ewald error estimate:   0.2361E-03
 ------------------------------------------------------------------------------


 NSTEP =    73250   TIME(PS) =     566.500  TEMP(K) =   297.15  PRESS =    85.9
 Etot   =    -33292.3329  EKtot   =      7036.3756  EPtot      =    -40328.7084
 BOND   =       150.5400  ANGLE   =       343.6123  DIHED      =       500.0417
 1-4 NB =       172.4640  1-4 EEL =      -340.4097  VDWAALS    =      4833.9181
 EELEC  =    -45988.8748  EHBOND  =         0.0000  RESTRAINT  =         0.0000
 EKCMT  =      3304.0995  VIRIAL  =      3087.1883  VOLUME     =    116952.2104
                                                    Density    =         1.0336
 Ewald error estimate:   0.1831E-03
 ------------------------------------------------------------------------------


 NSTEP =    73500   TIME(PS) =     567.000  TEMP(K) =   298.68  PRESS =  -164.2
 Etot   =    -33223.3375  EKtot   =      7072.5111  EPtot      =    -40295.8486
 BOND   =       158.4269  ANGLE   =       360.7256  DIHED      =       516.4802
 1-4 NB =       180.9734  1-4 EEL =      -353.4669  VDWAALS    =      4738.0998
 EELEC  =    -45897.0877  EHBOND  =         0.0000  RESTRAINT  =         0.0000
 EKCMT  =      3291.6205  VIRIAL  =      3706.5335  VOLUME     =    116997.9816
                                                    Density    =         1.0332
 Ewald error estimate:   0.2937E-05
 ------------------------------------------------------------------------------


 NSTEP =    73750   TIME(PS) =     567.500  TEMP(K) =   297.04  PRESS =   242.5
 Etot   =    -33208.9683  EKtot   =      7033.7269  EPtot      =    -40242.6951
 BOND   =       161.4481  ANGLE   =       355.9902  DIHED      =       503.6061
 1-4 NB =       169.5491  1-4 EEL =      -352.3371  VDWAALS    =      4802.9792
 EELEC  =    -45883.9308  EHBOND  =         0.0000  RESTRAINT  =         0.0000
 EKCMT  =      3285.3446  VIRIAL  =      2673.3057  VOLUME     =    116914.1571
                                                    Density    =         1.0340
 Ewald error estimate:   0.6422E-06
 ------------------------------------------------------------------------------


 NSTEP =    74000   TIME(PS) =     568.000  TEMP(K) =   297.79  PRESS =   123.8
 Etot   =    -33148.7069  EKtot   =      7051.5418  EPtot      =    -40200.2487
 BOND   =       164.6723  ANGLE   =       368.8231  DIHED      =       508.0550
 1-4 NB =       173.0163  1-4 EEL =      -364.2680  VDWAALS    =      4815.8275
 EELEC  =    -45866.3749  EHBOND  =         0.0000  RESTRAINT  =         0.0000
 EKCMT  =      3289.6947  VIRIAL  =      2976.9940  VOLUME     =    116951.5554
                                                    Density    =         1.0336
 Ewald error estimate:   0.4021E-04
 ------------------------------------------------------------------------------


 NSTEP =    74250   TIME(PS) =     568.500  TEMP(K) =   297.83  PRESS =   154.3
 Etot   =    -33266.3350  EKtot   =      7052.5330  EPtot      =    -40318.8680
 BOND   =       157.3772  ANGLE   =       372.1348  DIHED      =       498.0169
 1-4 NB =       171.9640  1-4 EEL =      -336.6737  VDWAALS    =      4780.0751
 EELEC  =    -45961.7625  EHBOND  =         0.0000  RESTRAINT  =         0.0000
 EKCMT  =      3330.5108  VIRIAL  =      2940.6181  VOLUME     =    117007.1314
                                                    Density    =         1.0332
 Ewald error estimate:   0.5703E-04
 ------------------------------------------------------------------------------


 NSTEP =    74500   TIME(PS) =     569.000  TEMP(K) =   297.52  PRESS =   248.2
 Etot   =    -33334.8807  EKtot   =      7045.0995  EPtot      =    -40379.9802
 BOND   =       146.0042  ANGLE   =       329.8338  DIHED      =       503.9069
 1-4 NB =       170.7140  1-4 EEL =      -340.7711  VDWAALS    =      4943.2406
 EELEC  =    -46132.9086  EHBOND  =         0.0000  RESTRAINT  =         0.0000
 EKCMT  =      3310.4720  VIRIAL  =      2683.5117  VOLUME     =    117012.2448
                                                    Density    =         1.0331
 Ewald error estimate:   0.3673E-04
 ------------------------------------------------------------------------------


 NSTEP =    74750   TIME(PS) =     569.500  TEMP(K) =   296.15  PRESS =   129.7
 Etot   =    -33353.3577  EKtot   =      7012.7476  EPtot      =    -40366.1053
 BOND   =       163.5661  ANGLE   =       357.0146  DIHED      =       512.1720
 1-4 NB =       183.5183  1-4 EEL =      -345.8133  VDWAALS    =      4943.6857
 EELEC  =    -46180.2487  EHBOND  =         0.0000  RESTRAINT  =         0.0000
 EKCMT  =      3214.7231  VIRIAL  =      2886.5584  VOLUME     =    117206.9387
                                                    Density    =         1.0314
 Ewald error estimate:   0.1054E-03
 ------------------------------------------------------------------------------


 NSTEP =    75000   TIME(PS) =     570.000  TEMP(K) =   298.33  PRESS =  -341.4
 Etot   =    -33240.2165  EKtot   =      7064.2718  EPtot      =    -40304.4883
 BOND   =       163.7082  ANGLE   =       339.4134  DIHED      =       519.8746
 1-4 NB =       172.3628  1-4 EEL =      -341.0093  VDWAALS    =      4701.8937
 EELEC  =    -45860.7316  EHBOND  =         0.0000  RESTRAINT  =         0.0000
 EKCMT  =      3263.6210  VIRIAL  =      4126.8643  VOLUME     =    117106.5656
                                                    Density    =         1.0323
 Ewald error estimate:   0.1661E-03
 ------------------------------------------------------------------------------


 NSTEP =    75250   TIME(PS) =     570.500  TEMP(K) =   297.64  PRESS =   199.1
 Etot   =    -33297.1116  EKtot   =      7048.0110  EPtot      =    -40345.1226
 BOND   =       161.3765  ANGLE   =       349.8830  DIHED      =       503.7917
 1-4 NB =       179.7253  1-4 EEL =      -335.4780  VDWAALS    =      4961.8978
 EELEC  =    -46166.3188  EHBOND  =         0.0000  RESTRAINT  =         0.0000
 EKCMT  =      3270.8164  VIRIAL  =      2767.2025  VOLUME     =    117159.6110
                                                    Density    =         1.0318
 Ewald error estimate:   0.1031E-03
 ------------------------------------------------------------------------------


 NSTEP =    75500   TIME(PS) =     571.000  TEMP(K) =   294.20  PRESS =   -61.5
 Etot   =    -33270.3453  EKtot   =      6966.5688  EPtot      =    -40236.9140
 BOND   =       159.5249  ANGLE   =       331.2318  DIHED      =       516.7125
 1-4 NB =       173.9038  1-4 EEL =      -341.0397  VDWAALS    =      4656.9531
 EELEC  =    -45734.2004  EHBOND  =         0.0000  RESTRAINT  =         0.0000
 EKCMT  =      3329.2842  VIRIAL  =      3484.7725  VOLUME     =    117056.7904
                                                    Density    =         1.0327
 Ewald error estimate:   0.1237E-03
 ------------------------------------------------------------------------------


 NSTEP =    75750   TIME(PS) =     571.500  TEMP(K) =   302.53  PRESS =   265.9
 Etot   =    -33199.7629  EKtot   =      7163.7507  EPtot      =    -40363.5137
 BOND   =       150.9361  ANGLE   =       363.8472  DIHED      =       522.0577
 1-4 NB =       173.6566  1-4 EEL =      -341.3126  VDWAALS    =      4911.0925
 EELEC  =    -46143.7912  EHBOND  =         0.0000  RESTRAINT  =         0.0000
 EKCMT  =      3327.2007  VIRIAL  =      2655.0530  VOLUME     =    117066.8056
                                                    Density    =         1.0326
 Ewald error estimate:   0.1573E-03
 ------------------------------------------------------------------------------


 NSTEP =    76000   TIME(PS) =     572.000  TEMP(K) =   304.71  PRESS =   -34.4
 Etot   =    -33243.8485  EKtot   =      7215.2738  EPtot      =    -40459.1223
 BOND   =       160.8657  ANGLE   =       357.2148  DIHED      =       525.3062
 1-4 NB =       167.7594  1-4 EEL =      -347.3849  VDWAALS    =      4901.9539
 EELEC  =    -46224.8374  EHBOND  =         0.0000  RESTRAINT  =         0.0000
 EKCMT  =      3407.1927  VIRIAL  =      3494.2062  VOLUME     =    117016.0558
                                                    Density    =         1.0331
 Ewald error estimate:   0.1671E-03
 ------------------------------------------------------------------------------


 NSTEP =    76250   TIME(PS) =     572.500  TEMP(K) =   295.54  PRESS =   -16.7
 Etot   =    -33344.4405  EKtot   =      6998.1017  EPtot      =    -40342.5423
 BOND   =       171.6623  ANGLE   =       352.3595  DIHED      =       515.3760
 1-4 NB =       168.1890  1-4 EEL =      -348.4493  VDWAALS    =      4835.6461
 EELEC  =    -46037.3259  EHBOND  =         0.0000  RESTRAINT  =         0.0000
 EKCMT  =      3224.4752  VIRIAL  =      3266.6262  VOLUME     =    117085.1129
                                                    Density    =         1.0325
 Ewald error estimate:   0.1222E-03
 ------------------------------------------------------------------------------


 NSTEP =    76500   TIME(PS) =     573.000  TEMP(K) =   301.22  PRESS =   202.8
 Etot   =    -33160.9055  EKtot   =      7132.7853  EPtot      =    -40293.6907
 BOND   =       159.4170  ANGLE   =       366.3976  DIHED      =       520.2171
 1-4 NB =       165.7160  1-4 EEL =      -354.5009  VDWAALS    =      4943.4027
 EELEC  =    -46094.3402  EHBOND  =         0.0000  RESTRAINT  =         0.0000
 EKCMT  =      3387.2556  VIRIAL  =      2873.8481  VOLUME     =    117255.7633
                                                    Density    =         1.0310
 Ewald error estimate:   0.4831E-04
 ------------------------------------------------------------------------------


 NSTEP =    76750   TIME(PS) =     573.500  TEMP(K) =   300.43  PRESS =   281.0
 Etot   =    -33123.3475  EKtot   =      7114.1026  EPtot      =    -40237.4501
 BOND   =       173.0799  ANGLE   =       336.3473  DIHED      =       503.6691
 1-4 NB =       173.2757  1-4 EEL =      -352.3075  VDWAALS    =      4883.1137
 EELEC  =    -45954.6283  EHBOND  =         0.0000  RESTRAINT  =         0.0000
 EKCMT  =      3345.7826  VIRIAL  =      2634.0588  VOLUME     =    117294.8624
                                                    Density    =         1.0306
 Ewald error estimate:   0.1502E-03
 ------------------------------------------------------------------------------


 NSTEP =    77000   TIME(PS) =     574.000  TEMP(K) =   302.40  PRESS =   210.1
 Etot   =    -33136.9961  EKtot   =      7160.7461  EPtot      =    -40297.7422
 BOND   =       144.4753  ANGLE   =       352.5035  DIHED      =       509.0598
 1-4 NB =       171.3821  1-4 EEL =      -343.2747  VDWAALS    =      4895.4655
 EELEC  =    -46027.3538  EHBOND  =         0.0000  RESTRAINT  =         0.0000
 EKCMT  =      3358.8407  VIRIAL  =      2827.0736  VOLUME     =    117243.5770
                                                    Density    =         1.0311
 Ewald error estimate:   0.2204E-04
 ------------------------------------------------------------------------------


 NSTEP =    77250   TIME(PS) =     574.500  TEMP(K) =   301.03  PRESS =   322.9
 Etot   =    -33156.7888  EKtot   =      7128.2325  EPtot      =    -40285.0212
 BOND   =       157.3781  ANGLE   =       336.3286  DIHED      =       508.2239
 1-4 NB =       164.8352  1-4 EEL =      -350.0959  VDWAALS    =      4930.7389
 EELEC  =    -46032.4300  EHBOND  =         0.0000  RESTRAINT  =         0.0000
 EKCMT  =      3310.2856  VIRIAL  =      2492.6079  VOLUME     =    117275.6205
                                                    Density    =         1.0308
 Ewald error estimate:   0.2847E-03
 ------------------------------------------------------------------------------


 NSTEP =    77500   TIME(PS) =     575.000  TEMP(K) =   299.01  PRESS =    48.1
 Etot   =    -33200.2244  EKtot   =      7080.3132  EPtot      =    -40280.5377
 BOND   =       144.9355  ANGLE   =       364.0701  DIHED      =       509.4788
 1-4 NB =       171.8280  1-4 EEL =      -349.5739  VDWAALS    =      4915.8111
 EELEC  =    -46037.0872  EHBOND  =         0.0000  RESTRAINT  =         0.0000
 EKCMT  =      3252.8992  VIRIAL  =      3131.0641  VOLUME     =    117264.4658
                                                    Density    =         1.0309
 Ewald error estimate:   0.1943E-03
 ------------------------------------------------------------------------------


 NSTEP =    77750   TIME(PS) =     575.500  TEMP(K) =   298.85  PRESS =    27.2
 Etot   =    -33416.2876  EKtot   =      7076.6880  EPtot      =    -40492.9756
 BOND   =       177.1889  ANGLE   =       361.2312  DIHED      =       509.6104
 1-4 NB =       167.5709  1-4 EEL =      -348.6881  VDWAALS    =      4898.2443
 EELEC  =    -46258.1332  EHBOND  =         0.0000  RESTRAINT  =         0.0000
 EKCMT  =      3279.5389  VIRIAL  =      3210.5309  VOLUME     =    117306.5485
                                                    Density    =         1.0305
 Ewald error estimate:   0.2683E-03
 ------------------------------------------------------------------------------


 NSTEP =    78000   TIME(PS) =     576.000  TEMP(K) =   298.82  PRESS =  -104.8
 Etot   =    -33443.3574  EKtot   =      7075.8256  EPtot      =    -40519.1830
 BOND   =       158.9890  ANGLE   =       341.6408  DIHED      =       505.3891
 1-4 NB =       172.4036  1-4 EEL =      -344.8813  VDWAALS    =      4834.7537
 EELEC  =    -46187.4780  EHBOND  =         0.0000  RESTRAINT  =         0.0000
 EKCMT  =      3332.3650  VIRIAL  =      3597.5807  VOLUME     =    117202.1476
                                                    Density    =         1.0314
 Ewald error estimate:   0.6076E-04
 ------------------------------------------------------------------------------


 NSTEP =    78250   TIME(PS) =     576.500  TEMP(K) =   302.52  PRESS =   189.3
 Etot   =    -33368.2225  EKtot   =      7163.4793  EPtot      =    -40531.7018
 BOND   =       160.8991  ANGLE   =       355.3968  DIHED      =       504.3559
 1-4 NB =       167.4911  1-4 EEL =      -364.7747  VDWAALS    =      4987.1407
 EELEC  =    -46342.2106  EHBOND  =         0.0000  RESTRAINT  =         0.0000
 EKCMT  =      3338.3221  VIRIAL  =      2859.7554  VOLUME     =    117059.4374
                                                    Density    =         1.0327
 Ewald error estimate:   0.6196E-04
 ------------------------------------------------------------------------------


 NSTEP =    78500   TIME(PS) =     577.000  TEMP(K) =   298.69  PRESS =   136.6
 Etot   =    -33368.1659  EKtot   =      7072.8838  EPtot      =    -40441.0498
 BOND   =       157.4660  ANGLE   =       344.7815  DIHED      =       519.7887
 1-4 NB =       170.6422  1-4 EEL =      -338.4413  VDWAALS    =      4992.0872
 EELEC  =    -46287.3742  EHBOND  =         0.0000  RESTRAINT  =         0.0000
 EKCMT  =      3333.2682  VIRIAL  =      2987.8227  VOLUME     =    117134.4991
                                                    Density    =         1.0320
 Ewald error estimate:   0.7063E-04
 ------------------------------------------------------------------------------


 NSTEP =    78750   TIME(PS) =     577.500  TEMP(K) =   296.19  PRESS =  -167.0
 Etot   =    -33364.1097  EKtot   =      7013.5535  EPtot      =    -40377.6632
 BOND   =       154.8791  ANGLE   =       372.3149  DIHED      =       513.5302
 1-4 NB =       175.4857  1-4 EEL =      -363.6017  VDWAALS    =      4776.6415
 EELEC  =    -46006.9130  EHBOND  =         0.0000  RESTRAINT  =         0.0000
 EKCMT  =      3276.3055  VIRIAL  =      3698.6304  VOLUME     =    117092.5595
                                                    Density    =         1.0324
 Ewald error estimate:   0.2317E-03
 ------------------------------------------------------------------------------


 NSTEP =    79000   TIME(PS) =     578.000  TEMP(K) =   303.75  PRESS =   292.2
 Etot   =    -33134.0747  EKtot   =      7192.7139  EPtot      =    -40326.7886
 BOND   =       152.4217  ANGLE   =       370.3787  DIHED      =       519.7364
 1-4 NB =       169.4407  1-4 EEL =      -331.1082  VDWAALS    =      4901.3411
 EELEC  =    -46108.9990  EHBOND  =         0.0000  RESTRAINT  =         0.0000
 EKCMT  =      3328.5791  VIRIAL  =      2590.6471  VOLUME     =    116957.2942
                                                    Density    =         1.0336
 Ewald error estimate:   0.1151E-03
 ------------------------------------------------------------------------------


 NSTEP =    79250   TIME(PS) =     578.500  TEMP(K) =   301.22  PRESS =    -9.8
 Etot   =    -33099.4282  EKtot   =      7132.6973  EPtot      =    -40232.1255
 BOND   =       152.7530  ANGLE   =       367.8818  DIHED      =       514.9026
 1-4 NB =       163.8263  1-4 EEL =      -368.8805  VDWAALS    =      4776.8323
 EELEC  =    -45839.4409  EHBOND  =         0.0000  RESTRAINT  =         0.0000
 EKCMT  =      3359.0199  VIRIAL  =      3383.7877  VOLUME     =    117162.8296
                                                    Density    =         1.0318
 Ewald error estimate:   0.5260E-04
 ------------------------------------------------------------------------------


 NSTEP =    79500   TIME(PS) =     579.000  TEMP(K) =   300.31  PRESS =   -74.5
 Etot   =    -33157.0118  EKtot   =      7111.2125  EPtot      =    -40268.2243
 BOND   =       152.5924  ANGLE   =       338.7470  DIHED      =       502.8077
 1-4 NB =       164.5634  1-4 EEL =      -344.5984  VDWAALS    =      4817.7014
 EELEC  =    -45900.0378  EHBOND  =         0.0000  RESTRAINT  =         0.0000
 EKCMT  =      3286.1494  VIRIAL  =      3474.5133  VOLUME     =    117167.9911
                                                    Density    =         1.0317
 Ewald error estimate:   0.1419E-03
 ------------------------------------------------------------------------------


 NSTEP =    79750   TIME(PS) =     579.500  TEMP(K) =   301.76  PRESS =   147.6
 Etot   =    -33151.5683  EKtot   =      7145.5392  EPtot      =    -40297.1075
 BOND   =       147.2276  ANGLE   =       357.3453  DIHED      =       505.0130
 1-4 NB =       170.7115  1-4 EEL =      -347.4486  VDWAALS    =      4871.0433
 EELEC  =    -46000.9996  EHBOND  =         0.0000  RESTRAINT  =         0.0000
 EKCMT  =      3355.3118  VIRIAL  =      2982.0223  VOLUME     =    117149.3907
                                                    Density    =         1.0319
 Ewald error estimate:   0.2091E-03
 ------------------------------------------------------------------------------


 NSTEP =    80000   TIME(PS) =     580.000  TEMP(K) =   296.72  PRESS =   -34.2
 Etot   =    -33229.8336  EKtot   =      7026.2421  EPtot      =    -40256.0757
 BOND   =       163.8285  ANGLE   =       354.0308  DIHED      =       508.7865
 1-4 NB =       168.0019  1-4 EEL =      -356.9447  VDWAALS    =      4770.6743
 EELEC  =    -45864.4529  EHBOND  =         0.0000  RESTRAINT  =         0.0000
 EKCMT  =      3254.6599  VIRIAL  =      3341.2949  VOLUME     =    117227.1098
                                                    Density    =         1.0312
 Ewald error estimate:   0.6998E-04
 ------------------------------------------------------------------------------


 NSTEP =    80250   TIME(PS) =     580.500  TEMP(K) =   297.66  PRESS =   -14.4
 Etot   =    -33317.4401  EKtot   =      7048.4591  EPtot      =    -40365.8992
 BOND   =       147.3239  ANGLE   =       336.0357  DIHED      =       504.0004
 1-4 NB =       171.2075  1-4 EEL =      -328.6986  VDWAALS    =      4786.1063
 EELEC  =    -45981.8745  EHBOND  =         0.0000  RESTRAINT  =         0.0000
 EKCMT  =      3335.1700  VIRIAL  =      3371.6089  VOLUME     =    117239.9219
                                                    Density    =         1.0311
 Ewald error estimate:   0.8054E-04
 ------------------------------------------------------------------------------


 NSTEP =    80500   TIME(PS) =     581.000  TEMP(K) =   298.32  PRESS =   -34.2
 Etot   =    -33281.1397  EKtot   =      7064.0739  EPtot      =    -40345.2136
 BOND   =       159.0541  ANGLE   =       332.2979  DIHED      =       498.5563
 1-4 NB =       179.4391  1-4 EEL =      -353.6004  VDWAALS    =      4739.2730
 EELEC  =    -45900.2337  EHBOND  =         0.0000  RESTRAINT  =         0.0000
 EKCMT  =      3303.8744  VIRIAL  =      3390.2742  VOLUME     =    116975.8035
                                                    Density    =         1.0334
 Ewald error estimate:   0.2462E-03
 ------------------------------------------------------------------------------


 NSTEP =    80750   TIME(PS) =     581.500  TEMP(K) =   302.33  PRESS =     3.6
 Etot   =    -33215.0313  EKtot   =      7158.8733  EPtot      =    -40373.9046
 BOND   =       147.3948  ANGLE   =       338.7225  DIHED      =       518.5784
 1-4 NB =       167.9277  1-4 EEL =      -371.9946  VDWAALS    =      4815.7391
 EELEC  =    -45990.2725  EHBOND  =         0.0000  RESTRAINT  =         0.0000
 EKCMT  =      3391.7974  VIRIAL  =      3382.8175  VOLUME     =    117057.7226
                                                    Density    =         1.0327
 Ewald error estimate:   0.4217E-03
 ------------------------------------------------------------------------------


 NSTEP =    81000   TIME(PS) =     582.000  TEMP(K) =   298.21  PRESS =    24.4
 Etot   =    -33342.4925  EKtot   =      7061.4238  EPtot      =    -40403.9164
 BOND   =       168.3000  ANGLE   =       336.3493  DIHED      =       507.2755
 1-4 NB =       162.7705  1-4 EEL =      -364.3445  VDWAALS    =      4782.5999
 EELEC  =    -45996.8670  EHBOND  =         0.0000  RESTRAINT  =         0.0000
 EKCMT  =      3298.1465  VIRIAL  =      3236.4089  VOLUME     =    116974.0163
                                                    Density    =         1.0335
 Ewald error estimate:   0.1577E-03
 ------------------------------------------------------------------------------


 NSTEP =    81250   TIME(PS) =     582.500  TEMP(K) =   299.91  PRESS =   -25.8
 Etot   =    -33457.2323  EKtot   =      7101.6613  EPtot      =    -40558.8936
 BOND   =       170.5194  ANGLE   =       324.0413  DIHED      =       509.0132
 1-4 NB =       174.5354  1-4 EEL =      -365.1902  VDWAALS    =      4841.1576
 EELEC  =    -46212.9702  EHBOND  =         0.0000  RESTRAINT  =         0.0000
 EKCMT  =      3306.4038  VIRIAL  =      3371.5433  VOLUME     =    116943.8733
                                                    Density    =         1.0337
 Ewald error estimate:   0.3126E-04
 ------------------------------------------------------------------------------


 NSTEP =    81500   TIME(PS) =     583.000  TEMP(K) =   299.69  PRESS =  -188.3
 Etot   =    -33408.1759  EKtot   =      7096.5324  EPtot      =    -40504.7082
 BOND   =       151.0216  ANGLE   =       346.9788  DIHED      =       511.9262
 1-4 NB =       173.4308  1-4 EEL =      -349.9468  VDWAALS    =      4840.1708
 EELEC  =    -46178.2896  EHBOND  =         0.0000  RESTRAINT  =         0.0000
 EKCMT  =      3353.9344  VIRIAL  =      3829.9386  VOLUME     =    117058.0535
                                                    Density    =         1.0327
 Ewald error estimate:   0.9827E-04
 ------------------------------------------------------------------------------


 NSTEP =    81750   TIME(PS) =     583.500  TEMP(K) =   292.28  PRESS =  -136.3
 Etot   =    -33445.7670  EKtot   =      6921.0826  EPtot      =    -40366.8496
 BOND   =       148.8214  ANGLE   =       323.6693  DIHED      =       523.8243
 1-4 NB =       169.9283  1-4 EEL =      -350.0168  VDWAALS    =      4737.0222
 EELEC  =    -45920.0983  EHBOND  =         0.0000  RESTRAINT  =         0.0000
 EKCMT  =      3191.6564  VIRIAL  =      3535.7686  VOLUME     =    116939.9006
                                                    Density    =         1.0338
 Ewald error estimate:   0.8892E-04
 ------------------------------------------------------------------------------


 NSTEP =    82000   TIME(PS) =     584.000  TEMP(K) =   300.14  PRESS =   220.0
 Etot   =    -33204.7450  EKtot   =      7107.1298  EPtot      =    -40311.8748
 BOND   =       161.1538  ANGLE   =       346.7925  DIHED      =       506.4819
 1-4 NB =       163.6488  1-4 EEL =      -365.4520  VDWAALS    =      4997.0394
 EELEC  =    -46121.5393  EHBOND  =         0.0000  RESTRAINT  =         0.0000
 EKCMT  =      3316.2736  VIRIAL  =      2761.5506  VOLUME     =    116804.3712
                                                    Density    =         1.0350
 Ewald error estimate:   0.2786E-03
 ------------------------------------------------------------------------------


 NSTEP =    82250   TIME(PS) =     584.500  TEMP(K) =   298.71  PRESS =   408.4
 Etot   =    -33238.2201  EKtot   =      7073.3810  EPtot      =    -40311.6011
 BOND   =       157.6027  ANGLE   =       345.7865  DIHED      =       497.2343
 1-4 NB =       166.9592  1-4 EEL =      -335.5149  VDWAALS    =      4953.7691
 EELEC  =    -46097.4380  EHBOND  =         0.0000  RESTRAINT  =         0.0000
 EKCMT  =      3311.9650  VIRIAL  =      2281.3390  VOLUME     =    116881.9889
                                                    Density    =         1.0343
 Ewald error estimate:   0.1454E-04
 ------------------------------------------------------------------------------


 NSTEP =    82500   TIME(PS) =     585.000  TEMP(K) =   306.41  PRESS =   -34.8
 Etot   =    -33236.3833  EKtot   =      7255.6595  EPtot      =    -40492.0428
 BOND   =       144.3238  ANGLE   =       342.1374  DIHED      =       502.5360
 1-4 NB =       177.4336  1-4 EEL =      -359.7891  VDWAALS    =      4864.9760
 EELEC  =    -46163.6605  EHBOND  =         0.0000  RESTRAINT  =         0.0000
 EKCMT  =      3388.6553  VIRIAL  =      3476.6234  VOLUME     =    117016.4766
                                                    Density    =         1.0331
 Ewald error estimate:   0.1396E-03
 ------------------------------------------------------------------------------


 NSTEP =    82750   TIME(PS) =     585.500  TEMP(K) =   303.40  PRESS =    89.4
 Etot   =    -33208.4485  EKtot   =      7184.3003  EPtot      =    -40392.7487
 BOND   =       155.9783  ANGLE   =       337.8583  DIHED      =       509.8690
 1-4 NB =       168.5918  1-4 EEL =      -346.2709  VDWAALS    =      4926.3628
 EELEC  =    -46145.1380  EHBOND  =         0.0000  RESTRAINT  =         0.0000
 EKCMT  =      3372.7199  VIRIAL  =      3146.4469  VOLUME     =    117241.3353
                                                    Density    =         1.0311
 Ewald error estimate:   0.2760E-03
 ------------------------------------------------------------------------------


 NSTEP =    83000   TIME(PS) =     586.000  TEMP(K) =   304.64  PRESS =    -7.5
 Etot   =    -33208.1168  EKtot   =      7213.6218  EPtot      =    -40421.7386
 BOND   =       162.5792  ANGLE   =       330.7231  DIHED      =       522.5410
 1-4 NB =       170.1097  1-4 EEL =      -357.7658  VDWAALS    =      4817.0681
 EELEC  =    -46066.9938  EHBOND  =         0.0000  RESTRAINT  =         0.0000
 EKCMT  =      3436.9083  VIRIAL  =      3455.8956  VOLUME     =    117434.7777
                                                    Density    =         1.0294
 Ewald error estimate:   0.5097E-04
 ------------------------------------------------------------------------------


 NSTEP =    83250   TIME(PS) =     586.500  TEMP(K) =   294.92  PRESS =   -85.2
 Etot   =    -33243.5448  EKtot   =      6983.4666  EPtot      =    -40227.0114
 BOND   =       154.5773  ANGLE   =       362.2217  DIHED      =       506.2484
 1-4 NB =       170.0305  1-4 EEL =      -358.2255  VDWAALS    =      4843.9153
 EELEC  =    -45905.7791  EHBOND  =         0.0000  RESTRAINT  =         0.0000
 EKCMT  =      3266.8745  VIRIAL  =      3482.7269  VOLUME     =    117320.0477
                                                    Density    =         1.0304
 Ewald error estimate:   0.5350E-04
 ------------------------------------------------------------------------------


 NSTEP =    83500   TIME(PS) =     587.000  TEMP(K) =   300.56  PRESS =  -118.6
 Etot   =    -33124.5843  EKtot   =      7117.1792  EPtot      =    -40241.7635
 BOND   =       153.8453  ANGLE   =       348.2500  DIHED      =       521.2658
 1-4 NB =       177.0892  1-4 EEL =      -346.9148  VDWAALS    =      4798.1753
 EELEC  =    -45893.4743  EHBOND  =         0.0000  RESTRAINT  =         0.0000
 EKCMT  =      3355.3889  VIRIAL  =      3655.8066  VOLUME     =    117345.9882
                                                    Density    =         1.0302
 Ewald error estimate:   0.3931E-04
 ------------------------------------------------------------------------------


 NSTEP =    83750   TIME(PS) =     587.500  TEMP(K) =   301.35  PRESS =   263.9
 Etot   =    -33208.6973  EKtot   =      7135.7353  EPtot      =    -40344.4326
 BOND   =       152.6635  ANGLE   =       381.3145  DIHED      =       512.8387
 1-4 NB =       174.5940  1-4 EEL =      -336.4327  VDWAALS    =      4844.9380
 EELEC  =    -46074.3486  EHBOND  =         0.0000  RESTRAINT  =         0.0000
 EKCMT  =      3323.4283  VIRIAL  =      2655.6970  VOLUME     =    117174.5934
                                                    Density    =         1.0317
 Ewald error estimate:   0.5544E-05
 ------------------------------------------------------------------------------


 NSTEP =    84000   TIME(PS) =     588.000  TEMP(K) =   299.01  PRESS =  -176.3
 Etot   =    -33256.2320  EKtot   =      7080.3058  EPtot      =    -40336.5378
 BOND   =       173.8674  ANGLE   =       363.1766  DIHED      =       515.2370
 1-4 NB =       169.9526  1-4 EEL =      -341.7951  VDWAALS    =      4712.3242
 EELEC  =    -45929.3006  EHBOND  =         0.0000  RESTRAINT  =         0.0000
 EKCMT  =      3310.8750  VIRIAL  =      3756.2935  VOLUME     =    117003.8771
                                                    Density    =         1.0332
 Ewald error estimate:   0.4581E-04
 ------------------------------------------------------------------------------


 NSTEP =    84250   TIME(PS) =     588.500  TEMP(K) =   299.75  PRESS =    91.4
 Etot   =    -33330.6803  EKtot   =      7097.8637  EPtot      =    -40428.5440
 BOND   =       147.3365  ANGLE   =       373.4884  DIHED      =       506.4436
 1-4 NB =       167.8145  1-4 EEL =      -362.2102  VDWAALS    =      4902.6543
 EELEC  =    -46164.0711  EHBOND  =         0.0000  RESTRAINT  =         0.0000
 EKCMT  =      3282.1250  VIRIAL  =      3051.4390  VOLUME     =    116850.0962
                                                    Density    =         1.0345
 Ewald error estimate:   0.9005E-04
 ------------------------------------------------------------------------------


 NSTEP =    84500   TIME(PS) =     589.000  TEMP(K) =   301.61  PRESS =  -215.7
 Etot   =    -33238.2092  EKtot   =      7142.0460  EPtot      =    -40380.2552
 BOND   =       147.0801  ANGLE   =       341.0331  DIHED      =       496.2194
 1-4 NB =       171.4859  1-4 EEL =      -344.5289  VDWAALS    =      4783.3917
 EELEC  =    -45974.9364  EHBOND  =         0.0000  RESTRAINT  =         0.0000
 EKCMT  =      3329.1470  VIRIAL  =      3873.7710  VOLUME     =    116935.5201
                                                    Density    =         1.0338
 Ewald error estimate:   0.2280E-05
 ------------------------------------------------------------------------------


 NSTEP =    84750   TIME(PS) =     589.500  TEMP(K) =   296.73  PRESS =   157.8
 Etot   =    -33448.0013  EKtot   =      7026.4776  EPtot      =    -40474.4788
 BOND   =       161.7736  ANGLE   =       355.8228  DIHED      =       508.4149
 1-4 NB =       162.4013  1-4 EEL =      -353.1721  VDWAALS    =      4874.0471
 EELEC  =    -46183.7665  EHBOND  =         0.0000  RESTRAINT  =         0.0000
 EKCMT  =      3269.8287  VIRIAL  =      2871.3036  VOLUME     =    116967.2542
                                                    Density    =         1.0335
 Ewald error estimate:   0.2828E-04
 ------------------------------------------------------------------------------


 NSTEP =    85000   TIME(PS) =     590.000  TEMP(K) =   293.98  PRESS =  -130.2
 Etot   =    -33523.8274  EKtot   =      6961.3380  EPtot      =    -40485.1655
 BOND   =       183.6292  ANGLE   =       325.6835  DIHED      =       512.7078
 1-4 NB =       170.8669  1-4 EEL =      -346.4596  VDWAALS    =      4790.0864
 EELEC  =    -46121.6795  EHBOND  =         0.0000  RESTRAINT  =         0.0000
 EKCMT  =      3209.2933  VIRIAL  =      3537.9756  VOLUME     =    116895.9533
                                                    Density    =         1.0341
 Ewald error estimate:   0.9232E-04
 ------------------------------------------------------------------------------


 NSTEP =    85250   TIME(PS) =     590.500  TEMP(K) =   298.78  PRESS =  -205.3
 Etot   =    -33576.8138  EKtot   =      7074.9278  EPtot      =    -40651.7416
 BOND   =       163.1282  ANGLE   =       350.2012  DIHED      =       510.9692
 1-4 NB =       164.8893  1-4 EEL =      -352.3119  VDWAALS    =      4819.5276
 EELEC  =    -46308.1452  EHBOND  =         0.0000  RESTRAINT  =         0.0000
 EKCMT  =      3350.9407  VIRIAL  =      3868.7012  VOLUME     =    116802.3751
                                                    Density    =         1.0350
 Ewald error estimate:   0.1344E-03
 ------------------------------------------------------------------------------


 NSTEP =    85500   TIME(PS) =     591.000  TEMP(K) =   295.52  PRESS =  -158.2
 Etot   =    -33596.7960  EKtot   =      6997.7767  EPtot      =    -40594.5727
 BOND   =       158.9750  ANGLE   =       365.7897  DIHED      =       505.6153
 1-4 NB =       167.0655  1-4 EEL =      -352.6728  VDWAALS    =      4899.8049
 EELEC  =    -46339.1503  EHBOND  =         0.0000  RESTRAINT  =         0.0000
 EKCMT  =      3248.1117  VIRIAL  =      3646.9123  VOLUME     =    116748.1844
                                                    Density    =         1.0355
 Ewald error estimate:   0.1510E-03
 ------------------------------------------------------------------------------


 NSTEP =    85750   TIME(PS) =     591.500  TEMP(K) =   297.41  PRESS =    -9.1
 Etot   =    -33509.7419  EKtot   =      7042.5643  EPtot      =    -40552.3062
 BOND   =       157.4703  ANGLE   =       376.4829  DIHED      =       507.6131
 1-4 NB =       170.9299  1-4 EEL =      -349.5748  VDWAALS    =      4878.9135
 EELEC  =    -46294.1411  EHBOND  =         0.0000  RESTRAINT  =         0.0000
 EKCMT  =      3273.3884  VIRIAL  =      3296.2742  VOLUME     =    116525.7220
                                                    Density    =         1.0374
 Ewald error estimate:   0.2822E-03
 ------------------------------------------------------------------------------


 NSTEP =    86000   TIME(PS) =     592.000  TEMP(K) =   293.60  PRESS =   343.3
 Etot   =    -33562.3889  EKtot   =      6952.1880  EPtot      =    -40514.5769
 BOND   =       141.5141  ANGLE   =       362.9765  DIHED      =       529.8604
 1-4 NB =       164.7997  1-4 EEL =      -358.2966  VDWAALS    =      5005.8118
 EELEC  =    -46361.2428  EHBOND  =         0.0000  RESTRAINT  =         0.0000
 EKCMT  =      3269.8853  VIRIAL  =      2406.6654  VOLUME     =    116470.5607
                                                    Density    =         1.0379
 Ewald error estimate:   0.1839E-04
 ------------------------------------------------------------------------------


 NSTEP =    86250   TIME(PS) =     592.500  TEMP(K) =   294.58  PRESS =   116.6
 Etot   =    -33482.3802  EKtot   =      6975.5034  EPtot      =    -40457.8836
 BOND   =       159.6517  ANGLE   =       356.9861  DIHED      =       519.5606
 1-4 NB =       168.3713  1-4 EEL =      -358.5734  VDWAALS    =      5000.5323
 EELEC  =    -46304.4123  EHBOND  =         0.0000  RESTRAINT  =         0.0000
 EKCMT  =      3224.0597  VIRIAL  =      2930.7329  VOLUME     =    116535.5960
                                                    Density    =         1.0373
 Ewald error estimate:   0.3499E-04
 ------------------------------------------------------------------------------


 NSTEP =    86500   TIME(PS) =     593.000  TEMP(K) =   300.54  PRESS =   371.3
 Etot   =    -33269.1405  EKtot   =      7116.6379  EPtot      =    -40385.7784
 BOND   =       167.4301  ANGLE   =       355.5794  DIHED      =       503.0692
 1-4 NB =       184.5140  1-4 EEL =      -351.8730  VDWAALS    =      4965.3509
 EELEC  =    -46209.8489  EHBOND  =         0.0000  RESTRAINT  =         0.0000
 EKCMT  =      3357.6815  VIRIAL  =      2423.1408  VOLUME     =    116571.8231
                                                    Density    =         1.0370
 Ewald error estimate:   0.4711E-05
 ------------------------------------------------------------------------------


 NSTEP =    86750   TIME(PS) =     593.500  TEMP(K) =   294.60  PRESS =   113.4
 Etot   =    -33326.3801  EKtot   =      6976.0552  EPtot      =    -40302.4353
 BOND   =       154.0913  ANGLE   =       334.6394  DIHED      =       521.2879
 1-4 NB =       168.4460  1-4 EEL =      -348.1734  VDWAALS    =      4877.5024
 EELEC  =    -46010.2288  EHBOND  =         0.0000  RESTRAINT  =         0.0000
 EKCMT  =      3285.7558  VIRIAL  =      3000.0949  VOLUME     =    116705.9614
                                                    Density    =         1.0358
 Ewald error estimate:   0.5955E-04
 ------------------------------------------------------------------------------


 NSTEP =    87000   TIME(PS) =     594.000  TEMP(K) =   292.77  PRESS =   -28.5
 Etot   =    -33459.4611  EKtot   =      6932.5416  EPtot      =    -40392.0027
 BOND   =       148.1269  ANGLE   =       336.5689  DIHED      =       516.0271
 1-4 NB =       161.3346  1-4 EEL =      -340.6984  VDWAALS    =      4796.3597
 EELEC  =    -46009.7215  EHBOND  =         0.0000  RESTRAINT  =         0.0000
 EKCMT  =      3232.4272  VIRIAL  =      3304.1212  VOLUME     =    116604.0015
                                                    Density    =         1.0367
 Ewald error estimate:   0.3151E-04
 ------------------------------------------------------------------------------


 NSTEP =    87250   TIME(PS) =     594.500  TEMP(K) =   295.81  PRESS =   439.1
 Etot   =    -33399.0126  EKtot   =      7004.5254  EPtot      =    -40403.5380
 BOND   =       176.5417  ANGLE   =       336.2520  DIHED      =       502.6186
 1-4 NB =       170.0067  1-4 EEL =      -352.2353  VDWAALS    =      5066.2355
 EELEC  =    -46302.9571  EHBOND  =         0.0000  RESTRAINT  =         0.0000
 EKCMT  =      3303.5032  VIRIAL  =      2196.4950  VOLUME     =    116768.7476
                                                    Density    =         1.0353
 Ewald error estimate:   0.7848E-04
 ------------------------------------------------------------------------------


 NSTEP =    87500   TIME(PS) =     595.000  TEMP(K) =   296.20  PRESS =   111.6
 Etot   =    -33279.5984  EKtot   =      7013.8267  EPtot      =    -40293.4252
 BOND   =       151.5010  ANGLE   =       322.6989  DIHED      =       519.3689
 1-4 NB =       179.2221  1-4 EEL =      -325.1558  VDWAALS    =      4817.1215
 EELEC  =    -45958.1820  EHBOND  =         0.0000  RESTRAINT  =         0.0000
 EKCMT  =      3295.1554  VIRIAL  =      3013.4661  VOLUME     =    116887.7101
                                                    Density    =         1.0342
 Ewald error estimate:   0.9940E-04
 ------------------------------------------------------------------------------


 NSTEP =    87750   TIME(PS) =     595.500  TEMP(K) =   298.73  PRESS =   -27.3
 Etot   =    -33213.5041  EKtot   =      7073.6330  EPtot      =    -40287.1371
 BOND   =       146.7757  ANGLE   =       343.0971  DIHED      =       504.1766
 1-4 NB =       171.2974  1-4 EEL =      -356.5961  VDWAALS    =      4795.0775
 EELEC  =    -45890.9652  EHBOND  =         0.0000  RESTRAINT  =         0.0000
 EKCMT  =      3318.4845  VIRIAL  =      3387.3494  VOLUME     =    116875.3921
                                                    Density    =         1.0343
 Ewald error estimate:   0.2297E-03
 ------------------------------------------------------------------------------


 NSTEP =    88000   TIME(PS) =     596.000  TEMP(K) =   300.09  PRESS =  -471.6
 Etot   =    -33251.5024  EKtot   =      7105.9525  EPtot      =    -40357.4549
 BOND   =       154.8019  ANGLE   =       359.4672  DIHED      =       515.3913
 1-4 NB =       167.6435  1-4 EEL =      -348.6539  VDWAALS    =      4728.1884
 EELEC  =    -45934.2932  EHBOND  =         0.0000  RESTRAINT  =         0.0000
 EKCMT  =      3306.5936  VIRIAL  =      4495.3134  VOLUME     =    116752.2216
                                                    Density    =         1.0354
 Ewald error estimate:   0.3120E-03
 ------------------------------------------------------------------------------


 NSTEP =    88250   TIME(PS) =     596.500  TEMP(K) =   303.33  PRESS =  -168.6
 Etot   =    -33311.8882  EKtot   =      7182.7695  EPtot      =    -40494.6577
 BOND   =       147.3989  ANGLE   =       365.8724  DIHED      =       496.0021
 1-4 NB =       167.9542  1-4 EEL =      -339.6172  VDWAALS    =      4873.0294
 EELEC  =    -46205.2975  EHBOND  =         0.0000  RESTRAINT  =         0.0000
 EKCMT  =      3402.9001  VIRIAL  =      3827.5009  VOLUME     =    116661.3799
                                                    Density    =         1.0362
 Ewald error estimate:   0.7735E-05
 ------------------------------------------------------------------------------


 NSTEP =    88500   TIME(PS) =     597.000  TEMP(K) =   301.28  PRESS =  -192.9
 Etot   =    -33270.2271  EKtot   =      7134.1267  EPtot      =    -40404.3538
 BOND   =       158.5654  ANGLE   =       321.9736  DIHED      =       500.1451
 1-4 NB =       172.4321  1-4 EEL =      -332.0139  VDWAALS    =      4699.4040
 EELEC  =    -45924.8601  EHBOND  =         0.0000  RESTRAINT  =         0.0000
 EKCMT  =      3369.5226  VIRIAL  =      3855.7071  VOLUME     =    116756.1110
                                                    Density    =         1.0354
 Ewald error estimate:   0.1406E-03
 ------------------------------------------------------------------------------


 NSTEP =    88750   TIME(PS) =     597.500  TEMP(K) =   299.91  PRESS =   337.3
 Etot   =    -33215.9581  EKtot   =      7101.7051  EPtot      =    -40317.6632
 BOND   =       147.7309  ANGLE   =       336.0859  DIHED      =       521.3158
 1-4 NB =       164.3575  1-4 EEL =      -320.9319  VDWAALS    =      4877.3834
 EELEC  =    -46043.6048  EHBOND  =         0.0000  RESTRAINT  =         0.0000
 EKCMT  =      3287.7029  VIRIAL  =      2438.1622  VOLUME     =    116637.0994
                                                    Density    =         1.0364
 Ewald error estimate:   0.2716E-04
 ------------------------------------------------------------------------------


 NSTEP =    89000   TIME(PS) =     598.000  TEMP(K) =   299.10  PRESS =   -54.7
 Etot   =    -33191.4871  EKtot   =      7082.5038  EPtot      =    -40273.9909
 BOND   =       157.7179  ANGLE   =       359.7218  DIHED      =       495.5583
 1-4 NB =       164.0224  1-4 EEL =      -365.7325  VDWAALS    =      4731.7641
 EELEC  =    -45817.0429  EHBOND  =         0.0000  RESTRAINT  =         0.0000
 EKCMT  =      3341.5631  VIRIAL  =      3479.4606  VOLUME     =    116712.8731
                                                    Density    =         1.0358
 Ewald error estimate:   0.4891E-04
 ------------------------------------------------------------------------------


 NSTEP =    89250   TIME(PS) =     598.500  TEMP(K) =   299.76  PRESS =    19.2
 Etot   =    -33255.4318  EKtot   =      7098.1018  EPtot      =    -40353.5336
 BOND   =       147.3516  ANGLE   =       335.1351  DIHED      =       494.3665
 1-4 NB =       170.8453  1-4 EEL =      -337.1912  VDWAALS    =      4845.1948
 EELEC  =    -46009.2358  EHBOND  =         0.0000  RESTRAINT  =         0.0000
 EKCMT  =      3326.3972  VIRIAL  =      3278.0474  VOLUME     =    116644.6022
                                                    Density    =         1.0364
 Ewald error estimate:   0.1575E-03
 ------------------------------------------------------------------------------


 NSTEP =    89500   TIME(PS) =     599.000  TEMP(K) =   300.67  PRESS =   -28.6
 Etot   =    -33266.5764  EKtot   =      7119.6672  EPtot      =    -40386.2436
 BOND   =       142.3139  ANGLE   =       328.7206  DIHED      =       507.6767
 1-4 NB =       173.8849  1-4 EEL =      -356.5757  VDWAALS    =      4819.1925
 EELEC  =    -46001.4566  EHBOND  =         0.0000  RESTRAINT  =         0.0000
 EKCMT  =      3358.0429  VIRIAL  =      3430.0727  VOLUME     =    116647.8489
                                                    Density    =         1.0363
 Ewald error estimate:   0.8510E-04
 ------------------------------------------------------------------------------


 NSTEP =    89750   TIME(PS) =     599.500  TEMP(K) =   295.24  PRESS =   451.1
 Etot   =    -33298.8204  EKtot   =      6991.1490  EPtot      =    -40289.9694
 BOND   =       170.8713  ANGLE   =       341.4594  DIHED      =       518.3466
 1-4 NB =       163.3253  1-4 EEL =      -356.7048  VDWAALS    =      4965.5769
 EELEC  =    -46092.8441  EHBOND  =         0.0000  RESTRAINT  =         0.0000
 EKCMT  =      3282.1613  VIRIAL  =      2144.4480  VOLUME     =    116809.5223
                                                    Density    =         1.0349
 Ewald error estimate:   0.3120E-03
 ------------------------------------------------------------------------------


 NSTEP =    90000   TIME(PS) =     600.000  TEMP(K) =   296.82  PRESS =   281.9
 Etot   =    -33377.9381  EKtot   =      7028.4975  EPtot      =    -40406.4356
 BOND   =       158.0146  ANGLE   =       359.9953  DIHED      =       507.7620
 1-4 NB =       163.0662  1-4 EEL =      -357.9029  VDWAALS    =      4923.8216
 EELEC  =    -46161.1925  EHBOND  =         0.0000  RESTRAINT  =         0.0000
 EKCMT  =      3319.5627  VIRIAL  =      2607.8215  VOLUME     =    116950.4776
                                                    Density    =         1.0337
 Ewald error estimate:   0.1367E-04
 ------------------------------------------------------------------------------


 NSTEP =    90250   TIME(PS) =     600.500  TEMP(K) =   299.81  PRESS =   -50.4
 Etot   =    -33345.9786  EKtot   =      7099.2657  EPtot      =    -40445.2443
 BOND   =       154.4316  ANGLE   =       341.7560  DIHED      =       503.8446
 1-4 NB =       171.7831  1-4 EEL =      -322.6145  VDWAALS    =      4788.4525
 EELEC  =    -46082.8976  EHBOND  =         0.0000  RESTRAINT  =         0.0000
 EKCMT  =      3272.8815  VIRIAL  =      3400.2226  VOLUME     =    117004.1678
                                                    Density    =         1.0332
 Ewald error estimate:   0.5701E-04
 ------------------------------------------------------------------------------


 NSTEP =    90500   TIME(PS) =     601.000  TEMP(K) =   300.70  PRESS =   -70.3
 Etot   =    -33345.0972  EKtot   =      7120.3465  EPtot      =    -40465.4437
 BOND   =       143.8882  ANGLE   =       360.7498  DIHED      =       499.2761
 1-4 NB =       174.2695  1-4 EEL =      -357.3552  VDWAALS    =      4829.8056
 EELEC  =    -46116.0777  EHBOND  =         0.0000  RESTRAINT  =         0.0000
 EKCMT  =      3326.8953  VIRIAL  =      3504.3158  VOLUME     =    116912.4797
                                                    Density    =         1.0340
 Ewald error estimate:   0.1775E-03
 ------------------------------------------------------------------------------


 NSTEP =    90750   TIME(PS) =     601.500  TEMP(K) =   298.85  PRESS =   346.4
 Etot   =    -33421.7304  EKtot   =      7076.5552  EPtot      =    -40498.2856
 BOND   =       155.7437  ANGLE   =       373.1371  DIHED      =       503.1495
 1-4 NB =       171.6795  1-4 EEL =      -362.2000  VDWAALS    =      5058.3669
 EELEC  =    -46398.1624  EHBOND  =         0.0000  RESTRAINT  =         0.0000
 EKCMT  =      3315.4283  VIRIAL  =      2440.4951  VOLUME     =    116990.0184
                                                    Density    =         1.0333
 Ewald error estimate:   0.1159E-03
 ------------------------------------------------------------------------------


 NSTEP =    91000   TIME(PS) =     602.000  TEMP(K) =   302.70  PRESS =    69.5
 Etot   =    -33302.0364  EKtot   =      7167.7900  EPtot      =    -40469.8264
 BOND   =       173.8158  ANGLE   =       331.2428  DIHED      =       524.6127
 1-4 NB =       175.4704  1-4 EEL =      -336.5629  VDWAALS    =      4917.5249
 EELEC  =    -46255.9300  EHBOND  =         0.0000  RESTRAINT  =         0.0000
 EKCMT  =      3327.7026  VIRIAL  =      3151.9457  VOLUME     =    117149.4978
                                                    Density    =         1.0319
 Ewald error estimate:   0.2618E-03
 ------------------------------------------------------------------------------


 NSTEP =    91250   TIME(PS) =     602.500  TEMP(K) =   299.92  PRESS =  -119.7
 Etot   =    -33202.8022  EKtot   =      7101.8822  EPtot      =    -40304.6844
 BOND   =       152.0104  ANGLE   =       349.2059  DIHED      =       507.0108
 1-4 NB =       171.4073  1-4 EEL =      -341.6705  VDWAALS    =      4859.5750
 EELEC  =    -46002.2234  EHBOND  =         0.0000  RESTRAINT  =         0.0000
 EKCMT  =      3258.5139  VIRIAL  =      3561.4631  VOLUME     =    117215.2487
                                                    Density    =         1.0313
 Ewald error estimate:   0.1412E-03
 ------------------------------------------------------------------------------


 NSTEP =    91500   TIME(PS) =     603.000  TEMP(K) =   300.02  PRESS =   -56.0
 Etot   =    -33218.9581  EKtot   =      7104.1896  EPtot      =    -40323.1477
 BOND   =       152.2389  ANGLE   =       328.3152  DIHED      =       523.4348
 1-4 NB =       169.1898  1-4 EEL =      -354.1035  VDWAALS    =      4828.8744
 EELEC  =    -45971.0973  EHBOND  =         0.0000  RESTRAINT  =         0.0000
 EKCMT  =      3269.7144  VIRIAL  =      3411.0995  VOLUME     =    117018.0393
                                                    Density    =         1.0331
 Ewald error estimate:   0.1376E-03
 ------------------------------------------------------------------------------


 NSTEP =    91750   TIME(PS) =     603.500  TEMP(K) =   297.77  PRESS =     8.3
 Etot   =    -33419.6813  EKtot   =      7051.0707  EPtot      =    -40470.7520
 BOND   =       158.2097  ANGLE   =       338.4535  DIHED      =       512.6504
 1-4 NB =       163.9020  1-4 EEL =      -347.6066  VDWAALS    =      4822.8963
 EELEC  =    -46119.2574  EHBOND  =         0.0000  RESTRAINT  =         0.0000
 EKCMT  =      3321.6605  VIRIAL  =      3300.7507  VOLUME     =    117040.7002
                                                    Density    =         1.0329
 Ewald error estimate:   0.1381E-03
 ------------------------------------------------------------------------------


 NSTEP =    92000   TIME(PS) =     604.000  TEMP(K) =   299.16  PRESS =  -111.1
 Etot   =    -33402.5363  EKtot   =      7083.9858  EPtot      =    -40486.5222
 BOND   =       156.7272  ANGLE   =       325.7158  DIHED      =       521.5474
 1-4 NB =       168.0145  1-4 EEL =      -339.9331  VDWAALS    =      4898.0061
 EELEC  =    -46216.6000  EHBOND  =         0.0000  RESTRAINT  =         0.0000
 EKCMT  =      3305.2831  VIRIAL  =      3586.0686  VOLUME     =    117014.3814
                                                    Density    =         1.0331
 Ewald error estimate:   0.4949E-04
 ------------------------------------------------------------------------------


 NSTEP =    92250   TIME(PS) =     604.500  TEMP(K) =   299.32  PRESS =   126.2
 Etot   =    -33269.8273  EKtot   =      7087.6673  EPtot      =    -40357.4946
 BOND   =       145.6004  ANGLE   =       324.2646  DIHED      =       516.7712
 1-4 NB =       173.9718  1-4 EEL =      -324.3812  VDWAALS    =      4887.5452
 EELEC  =    -46081.2667  EHBOND  =         0.0000  RESTRAINT  =         0.0000
 EKCMT  =      3330.9496  VIRIAL  =      3012.1368  VOLUME     =    117017.3854
                                                    Density    =         1.0331
 Ewald error estimate:   0.4215E-04
 ------------------------------------------------------------------------------


 NSTEP =    92500   TIME(PS) =     605.000  TEMP(K) =   302.75  PRESS =  -159.0
 Etot   =    -33260.8197  EKtot   =      7168.9446  EPtot      =    -40429.7644
 BOND   =       151.7076  ANGLE   =       317.9396  DIHED      =       501.3108
 1-4 NB =       164.0050  1-4 EEL =      -335.0025  VDWAALS    =      4830.7211
 EELEC  =    -46060.4462  EHBOND  =         0.0000  RESTRAINT  =         0.0000
 EKCMT  =      3370.1209  VIRIAL  =      3771.8992  VOLUME     =    117037.5844
                                                    Density    =         1.0329
 Ewald error estimate:   0.3009E-04
 ------------------------------------------------------------------------------


 NSTEP =    92750   TIME(PS) =     605.500  TEMP(K) =   295.62  PRESS =   -76.8
 Etot   =    -33447.5232  EKtot   =      7000.1989  EPtot      =    -40447.7221
 BOND   =       156.4065  ANGLE   =       346.6860  DIHED      =       506.3138
 1-4 NB =       162.4743  1-4 EEL =      -345.5358  VDWAALS    =      4922.7461
 EELEC  =    -46196.8130  EHBOND  =         0.0000  RESTRAINT  =         0.0000
 EKCMT  =      3259.2141  VIRIAL  =      3453.1031  VOLUME     =    116916.7374
                                                    Density    =         1.0340
 Ewald error estimate:   0.2792E-03
 ------------------------------------------------------------------------------


 NSTEP =    93000   TIME(PS) =     606.000  TEMP(K) =   298.09  PRESS =   307.3
 Etot   =    -33329.5541  EKtot   =      7058.5575  EPtot      =    -40388.1116
 BOND   =       139.7440  ANGLE   =       330.3659  DIHED      =       512.5730
 1-4 NB =       169.7747  1-4 EEL =      -352.8596  VDWAALS    =      5006.7768
 EELEC  =    -46194.4864  EHBOND  =         0.0000  RESTRAINT  =         0.0000
 EKCMT  =      3293.7888  VIRIAL  =      2517.8819  VOLUME     =    116926.2504
                                                    Density    =         1.0339
 Ewald error estimate:   0.1185E-03
 ------------------------------------------------------------------------------


 NSTEP =    93250   TIME(PS) =     606.500  TEMP(K) =   297.54  PRESS =  -127.6
 Etot   =    -33300.6438  EKtot   =      7045.6305  EPtot      =    -40346.2743
 BOND   =       146.7014  ANGLE   =       326.5976  DIHED      =       512.4888
 1-4 NB =       172.1881  1-4 EEL =      -343.0221  VDWAALS    =      4797.5512
 EELEC  =    -45958.7794  EHBOND  =         0.0000  RESTRAINT  =         0.0000
 EKCMT  =      3248.2423  VIRIAL  =      3570.6646  VOLUME     =    117018.7910
                                                    Density    =         1.0331
 Ewald error estimate:   0.5185E-04
 ------------------------------------------------------------------------------


 NSTEP =    93500   TIME(PS) =     607.000  TEMP(K) =   301.61  PRESS =    77.0
 Etot   =    -33248.1383  EKtot   =      7141.8567  EPtot      =    -40389.9950
 BOND   =       148.5384  ANGLE   =       339.7906  DIHED      =       517.5976
 1-4 NB =       163.6298  1-4 EEL =      -368.2814  VDWAALS    =      4873.7320
 EELEC  =    -46065.0020  EHBOND  =         0.0000  RESTRAINT  =         0.0000
 EKCMT  =      3358.6802  VIRIAL  =      3164.0128  VOLUME     =    117042.5096
                                                    Density    =         1.0328
 Ewald error estimate:   0.1881E-03
 ------------------------------------------------------------------------------


 NSTEP =    93750   TIME(PS) =     607.500  TEMP(K) =   299.62  PRESS =   114.7
 Etot   =    -33356.8512  EKtot   =      7094.7126  EPtot      =    -40451.5638
 BOND   =       143.7438  ANGLE   =       342.5859  DIHED      =       493.2268
 1-4 NB =       166.3807  1-4 EEL =      -357.9053  VDWAALS    =      4881.1501
 EELEC  =    -46120.7459  EHBOND  =         0.0000  RESTRAINT  =         0.0000
 EKCMT  =      3322.8706  VIRIAL  =      3033.0201  VOLUME     =    117026.3411
                                                    Density    =         1.0330
 Ewald error estimate:   0.9851E-06
 ------------------------------------------------------------------------------


 NSTEP =    94000   TIME(PS) =     608.000  TEMP(K) =   297.92  PRESS =   -70.1
 Etot   =    -33232.5163  EKtot   =      7054.6776  EPtot      =    -40287.1939
 BOND   =       150.7594  ANGLE   =       351.6928  DIHED      =       515.6112
 1-4 NB =       167.8817  1-4 EEL =      -337.2050  VDWAALS    =      4747.5197
 EELEC  =    -45883.4536  EHBOND  =         0.0000  RESTRAINT  =         0.0000
 EKCMT  =      3269.7513  VIRIAL  =      3446.9852  VOLUME     =    117062.0907
                                                    Density    =         1.0327
 Ewald error estimate:   0.1754E-04
 ------------------------------------------------------------------------------


 NSTEP =    94250   TIME(PS) =     608.500  TEMP(K) =   305.96  PRESS =   224.2
 Etot   =    -33137.8468  EKtot   =      7244.9015  EPtot      =    -40382.7483
 BOND   =       153.2873  ANGLE   =       344.0734  DIHED      =       510.0953
 1-4 NB =       168.6941  1-4 EEL =      -372.1554  VDWAALS    =      4948.8916
 EELEC  =    -46135.6344  EHBOND  =         0.0000  RESTRAINT  =         0.0000
 EKCMT  =      3396.7084  VIRIAL  =      2828.8789  VOLUME     =    117286.2366
                                                    Density    =         1.0307
 Ewald error estimate:   0.1207E-03
 ------------------------------------------------------------------------------


 NSTEP =    94500   TIME(PS) =     609.000  TEMP(K) =   299.82  PRESS =  -161.6
 Etot   =    -33139.8072  EKtot   =      7099.6009  EPtot      =    -40239.4082
 BOND   =       158.2049  ANGLE   =       346.7098  DIHED      =       508.0761
 1-4 NB =       168.3615  1-4 EEL =      -344.2818  VDWAALS    =      4811.6088
 EELEC  =    -45888.0875  EHBOND  =         0.0000  RESTRAINT  =         0.0000
 EKCMT  =      3357.1230  VIRIAL  =      3766.7195  VOLUME     =    117387.3600
                                                    Density    =         1.0298
 Ewald error estimate:   0.4002E-04
 ------------------------------------------------------------------------------


 NSTEP =    94750   TIME(PS) =     609.500  TEMP(K) =   301.13  PRESS =   265.4
 Etot   =    -33127.3392  EKtot   =      7130.4795  EPtot      =    -40257.8186
 BOND   =       149.6288  ANGLE   =       358.9395  DIHED      =       508.9289
 1-4 NB =       175.0115  1-4 EEL =      -353.2410  VDWAALS    =      4915.2144
 EELEC  =    -46012.3006  EHBOND  =         0.0000  RESTRAINT  =         0.0000
 EKCMT  =      3367.3804  VIRIAL  =      2694.8143  VOLUME     =    117357.9239
                                                    Density    =         1.0301
 Ewald error estimate:   0.9593E-04
 ------------------------------------------------------------------------------


 NSTEP =    95000   TIME(PS) =     610.000  TEMP(K) =   301.15  PRESS =  -155.6
 Etot   =    -33226.1408  EKtot   =      7131.0728  EPtot      =    -40357.2136
 BOND   =       145.7654  ANGLE   =       362.7771  DIHED      =       504.9583
 1-4 NB =       172.0704  1-4 EEL =      -360.0737  VDWAALS    =      4825.9693
 EELEC  =    -46008.6804  EHBOND  =         0.0000  RESTRAINT  =         0.0000
 EKCMT  =      3346.0469  VIRIAL  =      3740.5815  VOLUME     =    117448.7545
                                                    Density    =         1.0293
 Ewald error estimate:   0.1585E-03
 ------------------------------------------------------------------------------


 NSTEP =    95250   TIME(PS) =     610.500  TEMP(K) =   298.87  PRESS =  -324.5
 Etot   =    -33166.3079  EKtot   =      7077.1235  EPtot      =    -40243.4315
 BOND   =       150.8327  ANGLE   =       338.1642  DIHED      =       507.8799
 1-4 NB =       167.2436  1-4 EEL =      -337.2379  VDWAALS    =      4709.9851
 EELEC  =    -45780.2991  EHBOND  =         0.0000  RESTRAINT  =         0.0000
 EKCMT  =      3368.9473  VIRIAL  =      4192.4080  VOLUME     =    117516.6980
                                                    Density    =         1.0287
 Ewald error estimate:   0.8480E-04
 ------------------------------------------------------------------------------


 NSTEP =    95500   TIME(PS) =     611.000  TEMP(K) =   303.80  PRESS =   -97.2
 Etot   =    -33144.2096  EKtot   =      7193.8854  EPtot      =    -40338.0950
 BOND   =       149.7253  ANGLE   =       317.5777  DIHED      =       496.3517
 1-4 NB =       166.9205  1-4 EEL =      -339.1559  VDWAALS    =      4803.5373
 EELEC  =    -45933.0515  EHBOND  =         0.0000  RESTRAINT  =         0.0000
 EKCMT  =      3360.9609  VIRIAL  =      3607.9139  VOLUME     =    117635.4372
                                                    Density    =         1.0276
 Ewald error estimate:   0.1772E-03
 ------------------------------------------------------------------------------


 NSTEP =    95750   TIME(PS) =     611.500  TEMP(K) =   296.51  PRESS =  -120.9
 Etot   =    -33266.1500  EKtot   =      7021.2464  EPtot      =    -40287.3964
 BOND   =       134.7205  ANGLE   =       355.1871  DIHED      =       491.2764
 1-4 NB =       176.9496  1-4 EEL =      -342.0337  VDWAALS    =      4809.3316
 EELEC  =    -45912.8279  EHBOND  =         0.0000  RESTRAINT  =         0.0000
 EKCMT  =      3295.1510  VIRIAL  =      3601.9955  VOLUME     =    117591.6845
                                                    Density    =         1.0280
 Ewald error estimate:   0.4959E-04
 ------------------------------------------------------------------------------


 NSTEP =    96000   TIME(PS) =     612.000  TEMP(K) =   294.01  PRESS =   233.0
 Etot   =    -33215.0184  EKtot   =      6961.8883  EPtot      =    -40176.9066
 BOND   =       162.3419  ANGLE   =       337.7420  DIHED      =       520.1630
 1-4 NB =       172.9828  1-4 EEL =      -353.9690  VDWAALS    =      4932.7423
 EELEC  =    -45948.9097  EHBOND  =         0.0000  RESTRAINT  =         0.0000
 EKCMT  =      3273.9389  VIRIAL  =      2682.4308  VOLUME     =    117553.1989
                                                    Density    =         1.0284
 Ewald error estimate:   0.1591E-03
 ------------------------------------------------------------------------------


 NSTEP =    96250   TIME(PS) =     612.500  TEMP(K) =   298.60  PRESS =   -74.6
 Etot   =    -33180.4097  EKtot   =      7070.5631  EPtot      =    -40250.9728
 BOND   =       135.9938  ANGLE   =       345.3179  DIHED      =       517.4982
 1-4 NB =       170.4446  1-4 EEL =      -341.7790  VDWAALS    =      4963.3373
 EELEC  =    -46041.7856  EHBOND  =         0.0000  RESTRAINT  =         0.0000
 EKCMT  =      3256.4840  VIRIAL  =      3445.7117  VOLUME     =    117498.6657
                                                    Density    =         1.0288
 Ewald error estimate:   0.1436E-04
 ------------------------------------------------------------------------------


 NSTEP =    96500   TIME(PS) =     613.000  TEMP(K) =   296.82  PRESS =  -456.1
 Etot   =    -33190.3454  EKtot   =      7028.6159  EPtot      =    -40218.9613
 BOND   =       159.6408  ANGLE   =       345.3656  DIHED      =       515.5524
 1-4 NB =       174.5237  1-4 EEL =      -346.1375  VDWAALS    =      4601.0980
 EELEC  =    -45669.0044  EHBOND  =         0.0000  RESTRAINT  =         0.0000
 EKCMT  =      3316.1080  VIRIAL  =      4472.8056  VOLUME     =    117448.1708
                                                    Density    =         1.0293
 Ewald error estimate:   0.2268E-03
 ------------------------------------------------------------------------------


 NSTEP =    96750   TIME(PS) =     613.500  TEMP(K) =   305.24  PRESS =   356.0
 Etot   =    -33143.6623  EKtot   =      7228.0022  EPtot      =    -40371.6645
 BOND   =       151.1379  ANGLE   =       339.3513  DIHED      =       512.9664
 1-4 NB =       168.0664  1-4 EEL =      -354.7810  VDWAALS    =      4995.9267
 EELEC  =    -46184.3323  EHBOND  =         0.0000  RESTRAINT  =         0.0000
 EKCMT  =      3376.5969  VIRIAL  =      2474.1557  VOLUME     =    117421.8794
                                                    Density    =         1.0295
 Ewald error estimate:   0.8151E-04
 ------------------------------------------------------------------------------


 NSTEP =    97000   TIME(PS) =     614.000  TEMP(K) =   300.79  PRESS =   -16.1
 Etot   =    -33327.9515  EKtot   =      7122.5920  EPtot      =    -40450.5435
 BOND   =       165.3649  ANGLE   =       363.7172  DIHED      =       508.5151
 1-4 NB =       160.0311  1-4 EEL =      -342.6603  VDWAALS    =      4985.9189
 EELEC  =    -46291.4304  EHBOND  =         0.0000  RESTRAINT  =         0.0000
 EKCMT  =      3381.4122  VIRIAL  =      3422.1996  VOLUME     =    117489.3293
                                                    Density    =         1.0289
 Ewald error estimate:   0.1181E-05
 ------------------------------------------------------------------------------


 NSTEP =    97250   TIME(PS) =     614.500  TEMP(K) =   297.33  PRESS =  -261.0
 Etot   =    -33346.8437  EKtot   =      7040.6136  EPtot      =    -40387.4573
 BOND   =       163.0577  ANGLE   =       360.2269  DIHED      =       509.3698
 1-4 NB =       166.6986  1-4 EEL =      -356.4187  VDWAALS    =      4808.7318
 EELEC  =    -46039.1233  EHBOND  =         0.0000  RESTRAINT  =         0.0000
 EKCMT  =      3231.5823  VIRIAL  =      3892.9930  VOLUME     =    117354.5020
                                                    Density    =         1.0301
 Ewald error estimate:   0.5805E-04
 ------------------------------------------------------------------------------


 NSTEP =    97500   TIME(PS) =     615.000  TEMP(K) =   299.61  PRESS =   -21.2
 Etot   =    -33352.5331  EKtot   =      7094.6508  EPtot      =    -40447.1839
 BOND   =       159.8948  ANGLE   =       354.5591  DIHED      =       506.0062
 1-4 NB =       166.8252  1-4 EEL =      -368.5475  VDWAALS    =      4773.4495
 EELEC  =    -46039.3712  EHBOND  =         0.0000  RESTRAINT  =         0.0000
 EKCMT  =      3355.2371  VIRIAL  =      3408.8741  VOLUME     =    117096.4552
                                                    Density    =         1.0324
 Ewald error estimate:   0.9648E-04
 ------------------------------------------------------------------------------


 NSTEP =    97750   TIME(PS) =     615.500  TEMP(K) =   301.27  PRESS =  -359.2
 Etot   =    -33333.8516  EKtot   =      7133.9559  EPtot      =    -40467.8075
 BOND   =       165.5237  ANGLE   =       354.0313  DIHED      =       511.3502
 1-4 NB =       162.9028  1-4 EEL =      -317.0966  VDWAALS    =      4774.0795
 EELEC  =    -46118.5985  EHBOND  =         0.0000  RESTRAINT  =         0.0000
 EKCMT  =      3335.3070  VIRIAL  =      4243.1949  VOLUME     =    117078.1649
                                                    Density    =         1.0325
 Ewald error estimate:   0.1029E-03
 ------------------------------------------------------------------------------


 NSTEP =    98000   TIME(PS) =     616.000  TEMP(K) =   298.19  PRESS =   153.7
 Etot   =    -33428.1687  EKtot   =      7060.9411  EPtot      =    -40489.1098
 BOND   =       174.0637  ANGLE   =       326.9722  DIHED      =       511.1839
 1-4 NB =       167.7722  1-4 EEL =      -325.8034  VDWAALS    =      4893.1495
 EELEC  =    -46236.4478  EHBOND  =         0.0000  RESTRAINT  =         0.0000
 EKCMT  =      3315.1931  VIRIAL  =      2927.2740  VOLUME     =    116872.7355
                                                    Density    =         1.0343
 Ewald error estimate:   0.2359E-04
 ------------------------------------------------------------------------------


 NSTEP =    98250   TIME(PS) =     616.500  TEMP(K) =   300.14  PRESS =   -93.8
 Etot   =    -33376.8418  EKtot   =      7107.0720  EPtot      =    -40483.9139
 BOND   =       166.4825  ANGLE   =       361.6598  DIHED      =       504.9961
 1-4 NB =       167.2287  1-4 EEL =      -360.2971  VDWAALS    =      4845.7637
 EELEC  =    -46169.7475  EHBOND  =         0.0000  RESTRAINT  =         0.0000
 EKCMT  =      3278.2707  VIRIAL  =      3514.9177  VOLUME     =    116892.0740
                                                    Density    =         1.0342
 Ewald error estimate:   0.8505E-05
 ------------------------------------------------------------------------------


 NSTEP =    98500   TIME(PS) =     617.000  TEMP(K) =   297.97  PRESS =  -207.3
 Etot   =    -33379.7234  EKtot   =      7055.8287  EPtot      =    -40435.5522
 BOND   =       156.4412  ANGLE   =       340.0065  DIHED      =       510.4526
 1-4 NB =       164.4744  1-4 EEL =      -365.7619  VDWAALS    =      4785.2417
 EELEC  =    -46026.4066  EHBOND  =         0.0000  RESTRAINT  =         0.0000
 EKCMT  =      3263.3125  VIRIAL  =      3786.9263  VOLUME     =    117008.6891
                                                    Density    =         1.0331
 Ewald error estimate:   0.3399E-04
 ------------------------------------------------------------------------------


 NSTEP =    98750   TIME(PS) =     617.500  TEMP(K) =   296.14  PRESS =  -201.1
 Etot   =    -33477.5774  EKtot   =      7012.4645  EPtot      =    -40490.0419
 BOND   =       172.9622  ANGLE   =       340.5247  DIHED      =       504.5369
 1-4 NB =       160.1481  1-4 EEL =      -371.0125  VDWAALS    =      4782.5609
 EELEC  =    -46079.7621  EHBOND  =         0.0000  RESTRAINT  =         0.0000
 EKCMT  =      3291.3160  VIRIAL  =      3799.6151  VOLUME     =    117062.6629
                                                    Density    =         1.0327
 Ewald error estimate:   0.1363E-03
 ------------------------------------------------------------------------------


 NSTEP =    99000   TIME(PS) =     618.000  TEMP(K) =   300.42  PRESS =   517.6
 Etot   =    -33225.9400  EKtot   =      7113.7893  EPtot      =    -40339.7293
 BOND   =       146.9160  ANGLE   =       352.8529  DIHED      =       515.4981
 1-4 NB =       159.1999  1-4 EEL =      -369.7109  VDWAALS    =      5020.3688
 EELEC  =    -46164.8541  EHBOND  =         0.0000  RESTRAINT  =         0.0000
 EKCMT  =      3361.8098  VIRIAL  =      2052.5574  VOLUME     =    117156.2120
                                                    Density    =         1.0318
 Ewald error estimate:   0.5938E-04
 ------------------------------------------------------------------------------


 NSTEP =    99250   TIME(PS) =     618.500  TEMP(K) =   299.78  PRESS =     6.1
 Etot   =    -33315.2691  EKtot   =      7098.6462  EPtot      =    -40413.9154
 BOND   =       163.4105  ANGLE   =       357.1135  DIHED      =       510.4413
 1-4 NB =       158.1390  1-4 EEL =      -370.8083  VDWAALS    =      4989.7400
 EELEC  =    -46221.9513  EHBOND  =         0.0000  RESTRAINT  =         0.0000
 EKCMT  =      3293.0095  VIRIAL  =      3277.5310  VOLUME     =    117320.7698
                                                    Density    =         1.0304
 Ewald error estimate:   0.3171E-03
 ------------------------------------------------------------------------------


 NSTEP =    99500   TIME(PS) =     619.000  TEMP(K) =   297.72  PRESS =  -301.6
 Etot   =    -33250.6283  EKtot   =      7049.8030  EPtot      =    -40300.4313
 BOND   =       183.5159  ANGLE   =       332.0364  DIHED      =       507.8430
 1-4 NB =       157.9097  1-4 EEL =      -356.7972  VDWAALS    =      4740.5038
 EELEC  =    -45865.4428  EHBOND  =         0.0000  RESTRAINT  =         0.0000
 EKCMT  =      3278.1392  VIRIAL  =      4041.0756  VOLUME     =    117161.8147
                                                    Density    =         1.0318
 Ewald error estimate:   0.1077E-03
 ------------------------------------------------------------------------------


 NSTEP =    99750   TIME(PS) =     619.500  TEMP(K) =   302.80  PRESS =   256.4
 Etot   =    -33193.4810  EKtot   =      7170.0821  EPtot      =    -40363.5631
 BOND   =       174.5305  ANGLE   =       352.3946  DIHED      =       506.1723
 1-4 NB =       179.9701  1-4 EEL =      -357.6979  VDWAALS    =      4949.3061
 EELEC  =    -46168.2389  EHBOND  =         0.0000  RESTRAINT  =         0.0000
 EKCMT  =      3360.7756  VIRIAL  =      2711.8032  VOLUME     =    117214.1415
                                                    Density    =         1.0313
 Ewald error estimate:   0.1185E-03
 ------------------------------------------------------------------------------


 NSTEP =   100000   TIME(PS) =     620.000  TEMP(K) =   299.71  PRESS =  -176.9
 Etot   =    -33346.0610  EKtot   =      7097.0152  EPtot      =    -40443.0762
 BOND   =       143.9084  ANGLE   =       365.4834  DIHED      =       505.8995
 1-4 NB =       164.3958  1-4 EEL =      -342.7640  VDWAALS    =      4844.3184
 EELEC  =    -46124.3177  EHBOND  =         0.0000  RESTRAINT  =         0.0000
 EKCMT  =      3356.4708  VIRIAL  =      3803.8914  VOLUME     =    117155.5356
                                                    Density    =         1.0319
 Ewald error estimate:   0.2013E-03
 ------------------------------------------------------------------------------


      A V E R A G E S   O V E R  100000 S T E P S


 NSTEP =   100000   TIME(PS) =     620.000  TEMP(K) =   299.64  PRESS =     1.5
 Etot   =    -33293.0864  EKtot   =      7095.3987  EPtot      =    -40388.4851
 BOND   =       154.8841  ANGLE   =       349.0720  DIHED      =       506.6640
 1-4 NB =       169.8674  1-4 EEL =      -349.3545  VDWAALS    =      4855.6053
 EELEC  =    -46075.2234  EHBOND  =         0.0000  RESTRAINT  =         0.0000
 EKCMT  =      3321.3478  VIRIAL  =      3317.5574  VOLUME     =    117077.3764
                                                    Density    =         1.0325
 Ewald error estimate:   0.1024E-03
 ------------------------------------------------------------------------------


      R M S  F L U C T U A T I O N S


 NSTEP =   100000   TIME(PS) =     620.000  TEMP(K) =     7.00  PRESS =   226.5
 Etot   =       423.3920  EKtot   =       165.8381  EPtot      =       276.8795
 BOND   =        10.6751  ANGLE   =        15.2959  DIHED      =         8.7059
 1-4 NB =         4.7373  1-4 EEL =        13.0966  VDWAALS    =       119.4699
 EELEC  =       355.9992  EHBOND  =         0.0000  RESTRAINT  =         0.0000
 EKCMT  =        84.9465  VIRIAL  =       556.0136  VOLUME     =       370.3297
                                                    Density    =         0.0033
 Ewald error estimate:   0.7720E-04
 ------------------------------------------------------------------------------


--------------------------------------------------------------------------------
   5.  TIMINGS
--------------------------------------------------------------------------------

|                Build the list          1990.56 (99.84% of List )
|                Other                      3.09 ( 0.16% of List )
|             List time               1993.65 (13.38% of Nonbo)
|                   Short_ene time         11033.07 (99.41% of Direc)
|                   Other                     65.93 ( 0.59% of Direc)
|                Direct Ewald time      11099.00 (86.02% of Ewald)
|                Adjust Ewald time         51.32 ( 0.40% of Ewald)
|                   Fill Bspline coeffs       64.41 ( 3.70% of Recip)
|                   Fill charge grid         158.99 ( 9.13% of Recip)
|                   Scalar sum               504.37 (28.96% of Recip)
|                   Grad sum                 346.27 (19.88% of Recip)
|                   FFT time                 667.75 (38.34% of Recip)
|                Recip Ewald time        1741.86 (13.50% of Ewald)
|                Force Adjust               1.18 ( 0.01% of Ewald)
|                Virial junk                4.40 ( 0.03% of Ewald)
|                Other                      4.57 ( 0.04% of Ewald)
|             Ewald time             12902.45 (86.62% of Nonbo)
|          Nonbond force          14896.15 (99.67% of Force)
|          Bond/Angle/Dihedral       48.61 ( 0.33% of Force)
|          Other                      1.18 ( 0.01% of Force)
|       Force time             14945.94 (97.95% of Runmd)
|       Shake time                55.36 ( 0.36% of Runmd)
|       Verlet update time       247.81 ( 1.62% of Runmd)
|       Ekcmr time                 5.93 ( 0.04% of Runmd)
|       Other                      3.20 ( 0.02% of Runmd)
|    Runmd Time             15258.24 (100.0% of Total)
| Total time             15258.32 (100.0% of ALL  )

| Number of list builds   :      10302

| Highest rstack allocated:     664033
| Highest istack allocated:      11705

| Final Performance Info:
| -----------------------------------------------------
| Average timings for all steps:
|     Elapsed(s) =   15258.24 Per Step(ms) =     152.58
|         ns/day =       1.13   seconds/ns =   76291.22
| -----------------------------------------------------

|           Job began  at 01:03:33.082  on 05/28/2026
|           Setup done at 01:03:33.156  on 05/28/2026
|           Run   done at 05:17:51.399  on 05/28/2026
|     wallclock() was called 4621017 times

|3D-RISM memory allocation summary
|Type          Maximum        Current   
|Integer       0.00000 GB     0.00000 GB
|Real          0.00000 GB     0.00000 GB
|Logical       0.00000 GB     0.00000 GB
|Character     0.00000 GB     0.00000 GB
|---------------------------------------
|Total         0.00000 GB     0.00000 GB
