
          -------------------------------------------------------
          Amber 18 SANDER                              2018
          -------------------------------------------------------

| Run on 05/27/2026 at 20:48:00

|   Executable path: /home/ando/amber/amber18/bin/sander
| Working directory: /home/test/yazawa/tutorial6
|          Hostname: Unknown
  [-O]verwriting output

File Assignments:
|  MDIN: a-dna_md_1800ps.in                                                    
| MDOUT: a-dna_md3.out                                                         
|INPCRD: a-dna_md2.ncrst                                                       
|  PARM: a-dna_wat.prmtop                                                      
|RESTRT: a-dna_md3.ncrst                                                       
|  REFC: refc                                                                  
| MDVEL: mdvel                                                                 
| MDFRC: mdfrc                                                                 
|  MDEN: mden                                                                  
| MDCRD: a-dna_md3.nc                                                          
|MDINFO: mdinfo                                                                
|  MTMD: mtmd                                                                  
|INPDIP: inpdip                                                                
|RSTDIP: rstdip                                                                
|INPTRA: inptraj                                                               


 Here is the input file:

A-DNA 10-mer: 200ps of MD                                                      
 &cntrl                                                                        
  imin = 0, irest = 1, ntx = 7,                                                
  ntb = 2, pres0 = 1.0, ntp = 1,                                               
  taup = 2.0,                                                                  
  cut = 10.0, ntr = 0,                                                         
  ntc = 2, ntf = 2,                                                            
  tempi = 300.0, temp0 = 300.0,                                                
  ntt = 3, gamma_ln = 1.0,                                                     
  nstlim = 100000, dt = 0.002,                                                 
  ntpr = 250, ntwx = 250, ntwr = 10000                                         
 /                                                                             

--------------------------------------------------------------------------------
   1.  RESOURCE   USE: 
--------------------------------------------------------------------------------

| Flags:                                                                        
 getting box info from netcdf restart file
| NetCDF restart box info found
|Largest sphere to fit in unit cell has radius =    21.812
| New format PARM file being parsed.
| Version =    1.000 Date = 05/27/26 Time = 15:52:42
 NATOM  =   11705 NTYPES =      17 NBONH =   11283 MBONA  =     452
 NTHETH =     554 MTHETA =     694 NPHIH =    1084 MPHIA  =    1326
 NHPARM =       0 NPARM  =       0 NNB   =   18294 NRES   =    3721
 NBONA  =     452 NTHETA =     694 NPHIA =    1326 NUMBND =      41
 NUMANG =      75 NPTRA  =      56 NATYP =      29 NPHB   =       1
 IFBOX  =       2 NMXRS  =      33 IFCAP =       0 NEXTRA =       0
 NCOPY  =       0


|     Memory Use     Allocated
|     Real              859321
|     Hollerith          38838
|     Integer           405322
|     Max Pairs        6742080
|     nblistReal        140460
|     nblist Int        358030
|       Total            37280 kbytes

| Note: 1-4 EEL scale factors are being read from the topology file.

| Note: 1-4 VDW scale factors are being read from the topology file.
| Duplicated    0 dihedrals
| Duplicated    0 dihedrals

     BOX TYPE: TRUNCATED OCTAHEDRON

--------------------------------------------------------------------------------
   2.  CONTROL  DATA  FOR  THE  RUN
--------------------------------------------------------------------------------

default_name                                                                    

General flags:
     imin    =       0, nmropt  =       0

Nature and format of input:
     ntx     =       7, irest   =       1, ntrx    =       1

Nature and format of output:
     ntxo    =       2, ntpr    =     250, ntrx    =       1, ntwr    =   10000
     iwrap   =       0, ntwx    =     250, ntwv    =       0, ntwe    =       0
     ioutfm  =       1, ntwprt  =       0, idecomp =       0, rbornstat=      0

Potential function:
     ntf     =       2, ntb     =       2, igb     =       0, nsnb    =      25
     ipol    =       0, gbsa    =       0, iesp    =       0
     dielc   =   1.00000, cut     =  10.00000, intdiel =   1.00000

Frozen or restrained atoms:
     ibelly  =       0, ntr     =       0

Molecular dynamics:
     nstlim  =    100000, nscm    =      1000, nrespa  =         1
     t       =   0.00000, dt      =   0.00200, vlimit  =  20.00000

Langevin dynamics temperature regulation:
     ig      =   71277
     temp0   = 300.00000, tempi   = 300.00000, gamma_ln=   1.00000

Pressure regulation:
     ntp     =       1
     pres0   =   1.00000, comp    =  44.60000, taup    =   2.00000

SHAKE:
     ntc     =       2, jfastw  =       0
     tol     =   0.00001

Ewald parameters:
     verbose =       0, ew_type =       0, nbflag  =       1, use_pme =       1
     vdwmeth =       1, eedmeth =       1, netfrc  =       1
     Box X =   53.428   Box Y =   53.428   Box Z =   53.428
     Alpha =  109.471   Beta  =  109.471   Gamma =  109.471
     NFFT1 =   54       NFFT2 =   54       NFFT3 =   54
     Cutoff=   10.000   Tol   =0.100E-04
     Ewald Coefficient =  0.27511
     Interpolation order =    4
|  INFO: Old style inpcrd file read


--------------------------------------------------------------------------------
   3.  ATOMIC COORDINATES AND VELOCITIES
--------------------------------------------------------------------------------

default_name                                                                    
 begin time read from input coords =   220.000 ps

 Number of triangulated 3-point waters found:     3683

     Sum of charges from parm topology file =   0.00000008
     Forcing neutrality...

--------------------------------------------------------------------------------
   4.  RESULTS
--------------------------------------------------------------------------------

|  # of SOLUTE  degrees of freedom (RNDFP):   23832.
|  # of SOLVENT degrees of freedom (RNDFS):       0.
|  NDFMIN =   23832.     NUM_NOSHAKE =      0     CORRECTED RNDFP =   23832.
|  TOTAL # of degrees of freedom (RNDF) =   23832.
 ---------------------------------------------------
 APPROXIMATING switch and d/dx switch using CUBIC SPLINE INTERPOLATION
 using   5000.0 points per unit in tabled values
 TESTING RELATIVE ERROR over r ranging from 0.0 to cutoff
| CHECK switch(x): max rel err =   0.2738E-14   at   2.422500
| CHECK d/dx switch(x): max rel err =   0.8314E-11   at   2.736960
 ---------------------------------------------------
| Local SIZE OF NONBOND LIST =    4203371
| TOTAL SIZE OF NONBOND LIST =    4203371

 NSTEP =      250   TIME(PS) =     220.500  TEMP(K) =   228.37  PRESS =  -252.7
 Etot   =    -37982.8028  EKtot   =      5407.6051  EPtot      =    -43390.4080
 BOND   =       109.2323  ANGLE   =       289.0996  DIHED      =       509.2924
 1-4 NB =       163.5246  1-4 EEL =      -375.4106  VDWAALS    =      5913.7983
 EELEC  =    -49999.9444  EHBOND  =         0.0000  RESTRAINT  =         0.0000
 EKCMT  =      2635.3595  VIRIAL  =      3266.1053  VOLUME     =    115582.0492
                                                    Density    =         1.0459
 Ewald error estimate:   0.9730E-04
 ------------------------------------------------------------------------------


 NSTEP =      500   TIME(PS) =     221.000  TEMP(K) =   254.82  PRESS =  -152.1
 Etot   =    -36610.3626  EKtot   =      6033.8934  EPtot      =    -42644.2560
 BOND   =       120.5786  ANGLE   =       302.9212  DIHED      =       505.1867
 1-4 NB =       170.3075  1-4 EEL =      -355.2586  VDWAALS    =      5583.3463
 EELEC  =    -48971.3376  EHBOND  =         0.0000  RESTRAINT  =         0.0000
 EKCMT  =      2816.1476  VIRIAL  =      3194.5409  VOLUME     =    115258.1576
                                                    Density    =         1.0488
 Ewald error estimate:   0.2858E-04
 ------------------------------------------------------------------------------


 NSTEP =      750   TIME(PS) =     221.500  TEMP(K) =   270.54  PRESS =    21.3
 Etot   =    -35722.7525  EKtot   =      6406.1431  EPtot      =    -42128.8956
 BOND   =       150.8282  ANGLE   =       324.2808  DIHED      =       504.1805
 1-4 NB =       168.1428  1-4 EEL =      -354.8390  VDWAALS    =      5538.3355
 EELEC  =    -48459.8244  EHBOND  =         0.0000  RESTRAINT  =         0.0000
 EKCMT  =      2954.8085  VIRIAL  =      2901.8209  VOLUME     =    115068.7509
                                                    Density    =         1.0506
 Ewald error estimate:   0.1380E-03
 ------------------------------------------------------------------------------


 NSTEP =     1000   TIME(PS) =     222.000  TEMP(K) =   276.38  PRESS =   365.0
 Etot   =    -35094.6335  EKtot   =      6544.4663  EPtot      =    -41639.0998
 BOND   =       147.1479  ANGLE   =       334.5836  DIHED      =       513.1055
 1-4 NB =       172.1089  1-4 EEL =      -371.0119  VDWAALS    =      5373.3024
 EELEC  =    -47808.3361  EHBOND  =         0.0000  RESTRAINT  =         0.0000
 EKCMT  =      3033.7542  VIRIAL  =      2127.3329  VOLUME     =    115026.9261
                                                    Density    =         1.0509
 Ewald error estimate:   0.3532E-05
 ------------------------------------------------------------------------------


 NSTEP =     1250   TIME(PS) =     222.500  TEMP(K) =   283.72  PRESS =   264.4
 Etot   =    -34695.4337  EKtot   =      6718.3942  EPtot      =    -41413.8279
 BOND   =       133.7629  ANGLE   =       342.0018  DIHED      =       505.7464
 1-4 NB =       170.2847  1-4 EEL =      -336.8346  VDWAALS    =      5206.1278
 EELEC  =    -47434.9169  EHBOND  =         0.0000  RESTRAINT  =         0.0000
 EKCMT  =      3126.3806  VIRIAL  =      2469.2992  VOLUME     =    115114.7427
                                                    Density    =         1.0501
 Ewald error estimate:   0.8555E-04
 ------------------------------------------------------------------------------


 NSTEP =     1500   TIME(PS) =     223.000  TEMP(K) =   285.59  PRESS =   202.2
 Etot   =    -34374.8245  EKtot   =      6762.5204  EPtot      =    -41137.3449
 BOND   =       146.9965  ANGLE   =       335.5668  DIHED      =       497.3500
 1-4 NB =       170.2851  1-4 EEL =      -361.7370  VDWAALS    =      4976.3117
 EELEC  =    -46902.1179  EHBOND  =         0.0000  RESTRAINT  =         0.0000
 EKCMT  =      3178.9434  VIRIAL  =      2675.7017  VOLUME     =    115278.9496
                                                    Density    =         1.0486
 Ewald error estimate:   0.1430E-03
 ------------------------------------------------------------------------------


 NSTEP =     1750   TIME(PS) =     223.500  TEMP(K) =   295.73  PRESS =   513.5
 Etot   =    -34074.5217  EKtot   =      7002.6691  EPtot      =    -41077.1908
 BOND   =       147.8314  ANGLE   =       325.9247  DIHED      =       493.1974
 1-4 NB =       161.4853  1-4 EEL =      -354.7927  VDWAALS    =      5245.1905
 EELEC  =    -47096.0273  EHBOND  =         0.0000  RESTRAINT  =         0.0000
 EKCMT  =      3278.9100  VIRIAL  =      1997.3738  VOLUME     =    115588.5977
                                                    Density    =         1.0458
 Ewald error estimate:   0.2887E-03
 ------------------------------------------------------------------------------


 NSTEP =     2000   TIME(PS) =     224.000  TEMP(K) =   297.19  PRESS =  -361.4
 Etot   =    -33847.7487  EKtot   =      7037.3094  EPtot      =    -40885.0582
 BOND   =       162.0009  ANGLE   =       337.7127  DIHED      =       508.4614
 1-4 NB =       169.1017  1-4 EEL =      -361.5606  VDWAALS    =      4718.5097
 EELEC  =    -46419.2840  EHBOND  =         0.0000  RESTRAINT  =         0.0000
 EKCMT  =      3327.7490  VIRIAL  =      4231.0358  VOLUME     =    115776.1001
                                                    Density    =         1.0441
 Ewald error estimate:   0.7193E-04
 ------------------------------------------------------------------------------


 NSTEP =     2250   TIME(PS) =     224.500  TEMP(K) =   293.41  PRESS =   227.7
 Etot   =    -33810.3627  EKtot   =      6947.8500  EPtot      =    -40758.2127
 BOND   =       150.6191  ANGLE   =       346.1681  DIHED      =       493.7938
 1-4 NB =       171.6828  1-4 EEL =      -331.1135  VDWAALS    =      5059.5824
 EELEC  =    -46648.9454  EHBOND  =         0.0000  RESTRAINT  =         0.0000
 EKCMT  =      3253.2270  VIRIAL  =      2683.7219  VOLUME     =    115838.1559
                                                    Density    =         1.0436
 Ewald error estimate:   0.2279E-05
 ------------------------------------------------------------------------------


 NSTEP =     2500   TIME(PS) =     225.000  TEMP(K) =   292.64  PRESS =  -219.8
 Etot   =    -33658.8078  EKtot   =      6929.5876  EPtot      =    -40588.3953
 BOND   =       165.2584  ANGLE   =       322.6571  DIHED      =       521.9285
 1-4 NB =       178.5519  1-4 EEL =      -351.0955  VDWAALS    =      4888.4437
 EELEC  =    -46314.1393  EHBOND  =         0.0000  RESTRAINT  =         0.0000
 EKCMT  =      3240.1854  VIRIAL  =      3791.3681  VOLUME     =    116134.2336
                                                    Density    =         1.0409
 Ewald error estimate:   0.1144E-03
 ------------------------------------------------------------------------------


 NSTEP =     2750   TIME(PS) =     225.500  TEMP(K) =   295.70  PRESS =    45.2
 Etot   =    -33510.9623  EKtot   =      7001.9795  EPtot      =    -40512.9418
 BOND   =       142.8079  ANGLE   =       370.5010  DIHED      =       507.8863
 1-4 NB =       165.7798  1-4 EEL =      -355.2165  VDWAALS    =      4861.1887
 EELEC  =    -46205.8890  EHBOND  =         0.0000  RESTRAINT  =         0.0000
 EKCMT  =      3259.8907  VIRIAL  =      3146.5640  VOLUME     =    116200.6350
                                                    Density    =         1.0403
 Ewald error estimate:   0.3797E-04
 ------------------------------------------------------------------------------


 NSTEP =     3000   TIME(PS) =     226.000  TEMP(K) =   296.72  PRESS =   -31.0
 Etot   =    -33473.4937  EKtot   =      7026.1717  EPtot      =    -40499.6654
 BOND   =       139.3438  ANGLE   =       328.8578  DIHED      =       511.8943
 1-4 NB =       170.4623  1-4 EEL =      -327.9748  VDWAALS    =      4872.2359
 EELEC  =    -46194.4847  EHBOND  =         0.0000  RESTRAINT  =         0.0000
 EKCMT  =      3250.1584  VIRIAL  =      3328.0339  VOLUME     =    116214.9822
                                                    Density    =         1.0402
 Ewald error estimate:   0.8873E-05
 ------------------------------------------------------------------------------


 NSTEP =     3250   TIME(PS) =     226.500  TEMP(K) =   299.86  PRESS =   304.5
 Etot   =    -33360.3094  EKtot   =      7100.5419  EPtot      =    -40460.8513
 BOND   =       142.9847  ANGLE   =       346.2122  DIHED      =       517.0528
 1-4 NB =       178.0032  1-4 EEL =      -348.0400  VDWAALS    =      4876.3737
 EELEC  =    -46173.4378  EHBOND  =         0.0000  RESTRAINT  =         0.0000
 EKCMT  =      3293.2769  VIRIAL  =      2528.9700  VOLUME     =    116271.3952
                                                    Density    =         1.0397
 Ewald error estimate:   0.1348E-05
 ------------------------------------------------------------------------------


 NSTEP =     3500   TIME(PS) =     227.000  TEMP(K) =   299.94  PRESS =   110.8
 Etot   =    -33247.4181  EKtot   =      7102.4992  EPtot      =    -40349.9173
 BOND   =       159.6503  ANGLE   =       372.5810  DIHED      =       514.5128
 1-4 NB =       173.0423  1-4 EEL =      -351.6962  VDWAALS    =      4828.7365
 EELEC  =    -46046.7439  EHBOND  =         0.0000  RESTRAINT  =         0.0000
 EKCMT  =      3301.5824  VIRIAL  =      3023.3001  VOLUME     =    116287.3348
                                                    Density    =         1.0396
 Ewald error estimate:   0.2836E-04
 ------------------------------------------------------------------------------


 NSTEP =     3750   TIME(PS) =     227.500  TEMP(K) =   302.02  PRESS =   163.2
 Etot   =    -33234.4002  EKtot   =      7151.6705  EPtot      =    -40386.0707
 BOND   =       150.2944  ANGLE   =       336.1783  DIHED      =       509.9142
 1-4 NB =       172.2676  1-4 EEL =      -356.4649  VDWAALS    =      4793.5873
 EELEC  =    -45991.8475  EHBOND  =         0.0000  RESTRAINT  =         0.0000
 EKCMT  =      3332.9744  VIRIAL  =      2923.0382  VOLUME     =    116362.8253
                                                    Density    =         1.0389
 Ewald error estimate:   0.1994E-06
 ------------------------------------------------------------------------------


 NSTEP =     4000   TIME(PS) =     228.000  TEMP(K) =   296.30  PRESS =  -376.0
 Etot   =    -33328.8834  EKtot   =      7016.1611  EPtot      =    -40345.0445
 BOND   =       138.8480  ANGLE   =       363.5532  DIHED      =       508.6339
 1-4 NB =       173.5464  1-4 EEL =      -365.8150  VDWAALS    =      4639.5776
 EELEC  =    -45803.3886  EHBOND  =         0.0000  RESTRAINT  =         0.0000
 EKCMT  =      3297.1192  VIRIAL  =      4241.5012  VOLUME     =    116336.4087
                                                    Density    =         1.0391
 Ewald error estimate:   0.7021E-04
 ------------------------------------------------------------------------------


 NSTEP =     4250   TIME(PS) =     228.500  TEMP(K) =   302.23  PRESS =    79.6
 Etot   =    -33099.8760  EKtot   =      7156.5635  EPtot      =    -40256.4395
 BOND   =       155.2485  ANGLE   =       351.8270  DIHED      =       506.7333
 1-4 NB =       179.8249  1-4 EEL =      -347.1954  VDWAALS    =      4785.7017
 EELEC  =    -45888.5795  EHBOND  =         0.0000  RESTRAINT  =         0.0000
 EKCMT  =      3308.9376  VIRIAL  =      3108.7668  VOLUME     =    116506.7590
                                                    Density    =         1.0376
 Ewald error estimate:   0.8047E-05
 ------------------------------------------------------------------------------


 NSTEP =     4500   TIME(PS) =     229.000  TEMP(K) =   296.12  PRESS =    83.8
 Etot   =    -33519.9597  EKtot   =      7011.8879  EPtot      =    -40531.8475
 BOND   =       159.2867  ANGLE   =       336.8376  DIHED      =       510.5124
 1-4 NB =       169.4470  1-4 EEL =      -363.9390  VDWAALS    =      4941.9128
 EELEC  =    -46285.9051  EHBOND  =         0.0000  RESTRAINT  =         0.0000
 EKCMT  =      3227.0873  VIRIAL  =      3016.4227  VOLUME     =    116481.1495
                                                    Density    =         1.0378
 Ewald error estimate:   0.1438E-03
 ------------------------------------------------------------------------------


 NSTEP =     4750   TIME(PS) =     229.500  TEMP(K) =   292.23  PRESS =   232.2
 Etot   =    -33497.1452  EKtot   =      6919.9094  EPtot      =    -40417.0545
 BOND   =       157.3550  ANGLE   =       342.0441  DIHED      =       495.3616
 1-4 NB =       165.7178  1-4 EEL =      -340.4678  VDWAALS    =      4885.6686
 EELEC  =    -46122.7338  EHBOND  =         0.0000  RESTRAINT  =         0.0000
 EKCMT  =      3268.1478  VIRIAL  =      2683.2683  VOLUME     =    116638.8619
                                                    Density    =         1.0364
 Ewald error estimate:   0.1211E-03
 ------------------------------------------------------------------------------


 NSTEP =     5000   TIME(PS) =     230.000  TEMP(K) =   298.49  PRESS =   250.1
 Etot   =    -33448.3168  EKtot   =      7067.9873  EPtot      =    -40516.3041
 BOND   =       141.1254  ANGLE   =       360.2593  DIHED      =       521.1701
 1-4 NB =       167.2030  1-4 EEL =      -345.8168  VDWAALS    =      4978.5023
 EELEC  =    -46338.7474  EHBOND  =         0.0000  RESTRAINT  =         0.0000
 EKCMT  =      3328.6801  VIRIAL  =      2698.9447  VOLUME     =    116625.3323
                                                    Density    =         1.0365
 Ewald error estimate:   0.2350E-03
 ------------------------------------------------------------------------------


 NSTEP =     5250   TIME(PS) =     230.500  TEMP(K) =   298.68  PRESS =   154.1
 Etot   =    -33385.7659  EKtot   =      7072.5805  EPtot      =    -40458.3464
 BOND   =       160.5509  ANGLE   =       340.7300  DIHED      =       517.9245
 1-4 NB =       164.7044  1-4 EEL =      -357.1004  VDWAALS    =      4804.0127
 EELEC  =    -46089.1686  EHBOND  =         0.0000  RESTRAINT  =         0.0000
 EKCMT  =      3314.9857  VIRIAL  =      2926.3929  VOLUME     =    116773.4758
                                                    Density    =         1.0352
 Ewald error estimate:   0.3256E-04
 ------------------------------------------------------------------------------


 NSTEP =     5500   TIME(PS) =     231.000  TEMP(K) =   299.02  PRESS =   146.2
 Etot   =    -33262.3610  EKtot   =      7080.6096  EPtot      =    -40342.9706
 BOND   =       141.5842  ANGLE   =       360.8137  DIHED      =       527.9081
 1-4 NB =       175.1551  1-4 EEL =      -351.3350  VDWAALS    =      4816.2238
 EELEC  =    -46013.3205  EHBOND  =         0.0000  RESTRAINT  =         0.0000
 EKCMT  =      3340.0028  VIRIAL  =      2971.3369  VOLUME     =    116752.8620
                                                    Density    =         1.0354
 Ewald error estimate:   0.7206E-05
 ------------------------------------------------------------------------------


 NSTEP =     5750   TIME(PS) =     231.500  TEMP(K) =   302.23  PRESS =   167.0
 Etot   =    -33311.9778  EKtot   =      7156.6313  EPtot      =    -40468.6091
 BOND   =       150.9738  ANGLE   =       324.3158  DIHED      =       517.5019
 1-4 NB =       167.3294  1-4 EEL =      -305.9768  VDWAALS    =      4911.0135
 EELEC  =    -46233.7668  EHBOND  =         0.0000  RESTRAINT  =         0.0000
 EKCMT  =      3358.1595  VIRIAL  =      2936.5303  VOLUME     =    116937.8897
                                                    Density    =         1.0338
 Ewald error estimate:   0.1250E-04
 ------------------------------------------------------------------------------


 NSTEP =     6000   TIME(PS) =     232.000  TEMP(K) =   303.53  PRESS =   380.9
 Etot   =    -33269.4360  EKtot   =      7187.4672  EPtot      =    -40456.9031
 BOND   =       164.0303  ANGLE   =       344.7324  DIHED      =       510.8493
 1-4 NB =       159.3970  1-4 EEL =      -335.3368  VDWAALS    =      5037.3655
 EELEC  =    -46337.9408  EHBOND  =         0.0000  RESTRAINT  =         0.0000
 EKCMT  =      3354.5094  VIRIAL  =      2391.1058  VOLUME     =    117139.5683
                                                    Density    =         1.0320
 Ewald error estimate:   0.6299E-04
 ------------------------------------------------------------------------------


 NSTEP =     6250   TIME(PS) =     232.500  TEMP(K) =   297.25  PRESS =   204.0
 Etot   =    -33271.6034  EKtot   =      7038.8086  EPtot      =    -40310.4121
 BOND   =       156.2462  ANGLE   =       347.9448  DIHED      =       516.6891
 1-4 NB =       168.4415  1-4 EEL =      -356.8096  VDWAALS    =      4977.2875
 EELEC  =    -46120.2117  EHBOND  =         0.0000  RESTRAINT  =         0.0000
 EKCMT  =      3268.5476  VIRIAL  =      2751.6259  VOLUME     =    117341.9034
                                                    Density    =         1.0302
 Ewald error estimate:   0.1597E-03
 ------------------------------------------------------------------------------


 NSTEP =     6500   TIME(PS) =     233.000  TEMP(K) =   295.72  PRESS =    80.8
 Etot   =    -33264.2362  EKtot   =      7002.4593  EPtot      =    -40266.6955
 BOND   =       147.7972  ANGLE   =       340.5589  DIHED      =       498.5162
 1-4 NB =       171.8710  1-4 EEL =      -355.2695  VDWAALS    =      4891.6755
 EELEC  =    -45961.8447  EHBOND  =         0.0000  RESTRAINT  =         0.0000
 EKCMT  =      3261.5389  VIRIAL  =      3056.9148  VOLUME     =    117348.4254
                                                    Density    =         1.0302
 Ewald error estimate:   0.4249E-04
 ------------------------------------------------------------------------------


 NSTEP =     6750   TIME(PS) =     233.500  TEMP(K) =   302.37  PRESS =    57.7
 Etot   =    -33408.2929  EKtot   =      7159.9205  EPtot      =    -40568.2134
 BOND   =       140.4122  ANGLE   =       335.2646  DIHED      =       498.2014
 1-4 NB =       179.6431  1-4 EEL =      -341.1440  VDWAALS    =      4857.8528
 EELEC  =    -46238.4434  EHBOND  =         0.0000  RESTRAINT  =         0.0000
 EKCMT  =      3353.4416  VIRIAL  =      3207.3015  VOLUME     =    117252.6760
                                                    Density    =         1.0310
 Ewald error estimate:   0.2927E-04
 ------------------------------------------------------------------------------


 NSTEP =     7000   TIME(PS) =     234.000  TEMP(K) =   293.87  PRESS =   -55.2
 Etot   =    -33463.9596  EKtot   =      6958.6757  EPtot      =    -40422.6353
 BOND   =       140.9857  ANGLE   =       356.7471  DIHED      =       511.2411
 1-4 NB =       162.9238  1-4 EEL =      -368.0885  VDWAALS    =      4785.5840
 EELEC  =    -46012.0285  EHBOND  =         0.0000  RESTRAINT  =         0.0000
 EKCMT  =      3241.8201  VIRIAL  =      3381.7072  VOLUME     =    117264.8541
                                                    Density    =         1.0309
 Ewald error estimate:   0.2015E-05
 ------------------------------------------------------------------------------


 NSTEP =     7250   TIME(PS) =     234.500  TEMP(K) =   300.19  PRESS =    78.7
 Etot   =    -33383.1591  EKtot   =      7108.1959  EPtot      =    -40491.3549
 BOND   =       160.1193  ANGLE   =       346.0208  DIHED      =       517.5236
 1-4 NB =       171.3972  1-4 EEL =      -363.5622  VDWAALS    =      4965.7566
 EELEC  =    -46288.6101  EHBOND  =         0.0000  RESTRAINT  =         0.0000
 EKCMT  =      3337.7643  VIRIAL  =      3138.6461  VOLUME     =    117112.9216
                                                    Density    =         1.0322
 Ewald error estimate:   0.2102E-03
 ------------------------------------------------------------------------------


 NSTEP =     7500   TIME(PS) =     235.000  TEMP(K) =   298.55  PRESS =  -152.6
 Etot   =    -33414.4419  EKtot   =      7069.5151  EPtot      =    -40483.9570
 BOND   =       186.0727  ANGLE   =       374.8516  DIHED      =       524.1702
 1-4 NB =       178.5244  1-4 EEL =      -361.5299  VDWAALS    =      4963.3196
 EELEC  =    -46349.3655  EHBOND  =         0.0000  RESTRAINT  =         0.0000
 EKCMT  =      3266.9729  VIRIAL  =      3652.9895  VOLUME     =    117157.2428
                                                    Density    =         1.0318
 Ewald error estimate:   0.7547E-04
 ------------------------------------------------------------------------------


 NSTEP =     7750   TIME(PS) =     235.500  TEMP(K) =   299.99  PRESS =   190.9
 Etot   =    -33309.5946  EKtot   =      7103.6859  EPtot      =    -40413.2805
 BOND   =       146.5215  ANGLE   =       358.8077  DIHED      =       518.5672
 1-4 NB =       175.4832  1-4 EEL =      -351.5299  VDWAALS    =      4940.7396
 EELEC  =    -46201.8698  EHBOND  =         0.0000  RESTRAINT  =         0.0000
 EKCMT  =      3295.4241  VIRIAL  =      2812.3634  VOLUME     =    117221.5552
                                                    Density    =         1.0313
 Ewald error estimate:   0.1067E-03
 ------------------------------------------------------------------------------


 NSTEP =     8000   TIME(PS) =     236.000  TEMP(K) =   303.63  PRESS =   123.0
 Etot   =    -33303.5998  EKtot   =      7189.7274  EPtot      =    -40493.3273
 BOND   =       141.3328  ANGLE   =       376.4672  DIHED      =       516.3919
 1-4 NB =       170.1350  1-4 EEL =      -359.2705  VDWAALS    =      4893.8790
 EELEC  =    -46232.2628  EHBOND  =         0.0000  RESTRAINT  =         0.0000
 EKCMT  =      3283.0309  VIRIAL  =      2971.2508  VOLUME     =    117354.1182
                                                    Density    =         1.0301
 Ewald error estimate:   0.1673E-04
 ------------------------------------------------------------------------------


 NSTEP =     8250   TIME(PS) =     236.500  TEMP(K) =   300.01  PRESS =  -184.4
 Etot   =    -33236.2457  EKtot   =      7104.0081  EPtot      =    -40340.2538
 BOND   =       170.1725  ANGLE   =       350.9209  DIHED      =       507.9132
 1-4 NB =       168.5766  1-4 EEL =      -333.5052  VDWAALS    =      4754.1729
 EELEC  =    -45958.5047  EHBOND  =         0.0000  RESTRAINT  =         0.0000
 EKCMT  =      3410.2120  VIRIAL  =      3877.7662  VOLUME     =    117419.1629
                                                    Density    =         1.0295
 Ewald error estimate:   0.3750E-03
 ------------------------------------------------------------------------------


 NSTEP =     8500   TIME(PS) =     237.000  TEMP(K) =   301.07  PRESS =   -51.7
 Etot   =    -33161.3449  EKtot   =      7129.2679  EPtot      =    -40290.6127
 BOND   =       172.0920  ANGLE   =       370.7994  DIHED      =       507.6860
 1-4 NB =       169.9728  1-4 EEL =      -338.1345  VDWAALS    =      4840.0191
 EELEC  =    -46013.0476  EHBOND  =         0.0000  RESTRAINT  =         0.0000
 EKCMT  =      3293.3405  VIRIAL  =      3424.4284  VOLUME     =    117454.1656
                                                    Density    =         1.0292
 Ewald error estimate:   0.2899E-05
 ------------------------------------------------------------------------------


 NSTEP =     8750   TIME(PS) =     237.500  TEMP(K) =   306.72  PRESS =  -131.7
 Etot   =    -33141.1299  EKtot   =      7263.0355  EPtot      =    -40404.1654
 BOND   =       157.8169  ANGLE   =       328.1394  DIHED      =       520.1482
 1-4 NB =       177.3780  1-4 EEL =      -349.6185  VDWAALS    =      4855.6212
 EELEC  =    -46093.6506  EHBOND  =         0.0000  RESTRAINT  =         0.0000
 EKCMT  =      3381.6275  VIRIAL  =      3715.3314  VOLUME     =    117330.6277
                                                    Density    =         1.0303
 Ewald error estimate:   0.2426E-04
 ------------------------------------------------------------------------------


 NSTEP =     9000   TIME(PS) =     238.000  TEMP(K) =   301.44  PRESS =  -121.4
 Etot   =    -33101.6729  EKtot   =      7137.8345  EPtot      =    -40239.5074
 BOND   =       176.7973  ANGLE   =       368.9001  DIHED      =       510.2087
 1-4 NB =       167.3996  1-4 EEL =      -387.0313  VDWAALS    =      4771.7874
 EELEC  =    -45847.5693  EHBOND  =         0.0000  RESTRAINT  =         0.0000
 EKCMT  =      3338.9818  VIRIAL  =      3646.4009  VOLUME     =    117316.1934
                                                    Density    =         1.0304
 Ewald error estimate:   0.2961E-04
 ------------------------------------------------------------------------------


 NSTEP =     9250   TIME(PS) =     238.500  TEMP(K) =   302.97  PRESS =    98.8
 Etot   =    -33168.4074  EKtot   =      7174.2577  EPtot      =    -40342.6651
 BOND   =       173.2403  ANGLE   =       362.6732  DIHED      =       520.0692
 1-4 NB =       168.2469  1-4 EEL =      -354.2293  VDWAALS    =      4828.3850
 EELEC  =    -46041.0503  EHBOND  =         0.0000  RESTRAINT  =         0.0000
 EKCMT  =      3386.6465  VIRIAL  =      3136.8582  VOLUME     =    117087.8626
                                                    Density    =         1.0324
 Ewald error estimate:   0.1727E-03
 ------------------------------------------------------------------------------


 NSTEP =     9500   TIME(PS) =     239.000  TEMP(K) =   299.58  PRESS =   -90.1
 Etot   =    -33179.2696  EKtot   =      7093.7610  EPtot      =    -40273.0306
 BOND   =       174.1371  ANGLE   =       328.8997  DIHED      =       514.1849
 1-4 NB =       172.7409  1-4 EEL =      -364.4483  VDWAALS    =      4754.6089
 EELEC  =    -45853.1538  EHBOND  =         0.0000  RESTRAINT  =         0.0000
 EKCMT  =      3282.9416  VIRIAL  =      3510.2786  VOLUME     =    116841.8422
                                                    Density    =         1.0346
 Ewald error estimate:   0.6749E-04
 ------------------------------------------------------------------------------


 NSTEP =     9750   TIME(PS) =     239.500  TEMP(K) =   301.84  PRESS =   126.8
 Etot   =    -33139.8696  EKtot   =      7147.4102  EPtot      =    -40287.2798
 BOND   =       148.0041  ANGLE   =       342.0520  DIHED      =       511.0936
 1-4 NB =       175.0089  1-4 EEL =      -360.7456  VDWAALS    =      4815.0057
 EELEC  =    -45917.6985  EHBOND  =         0.0000  RESTRAINT  =         0.0000
 EKCMT  =      3339.8056  VIRIAL  =      3019.9210  VOLUME     =    116828.7261
                                                    Density    =         1.0347
 Ewald error estimate:   0.1158E-03
 ------------------------------------------------------------------------------


 NSTEP =    10000   TIME(PS) =     240.000  TEMP(K) =   303.21  PRESS =  -222.4
 Etot   =    -33150.6963  EKtot   =      7179.7351  EPtot      =    -40330.4314
 BOND   =       168.0023  ANGLE   =       342.0984  DIHED      =       515.0156
 1-4 NB =       168.4900  1-4 EEL =      -371.1735  VDWAALS    =      4745.3375
 EELEC  =    -45898.2017  EHBOND  =         0.0000  RESTRAINT  =         0.0000
 EKCMT  =      3390.5302  VIRIAL  =      3952.1327  VOLUME     =    116929.1601
                                                    Density    =         1.0338
 Ewald error estimate:   0.2713E-04
 ------------------------------------------------------------------------------


 NSTEP =    10250   TIME(PS) =     240.500  TEMP(K) =   298.57  PRESS =   -76.3
 Etot   =    -33143.3966  EKtot   =      7070.0114  EPtot      =    -40213.4080
 BOND   =       159.2344  ANGLE   =       360.6598  DIHED      =       528.6797
 1-4 NB =       176.8482  1-4 EEL =      -350.6442  VDWAALS    =      4692.4294
 EELEC  =    -45780.6154  EHBOND  =         0.0000  RESTRAINT  =         0.0000
 EKCMT  =      3367.1283  VIRIAL  =      3559.6462  VOLUME     =    116914.7390
                                                    Density    =         1.0340
 Ewald error estimate:   0.7725E-04
 ------------------------------------------------------------------------------


 NSTEP =    10500   TIME(PS) =     241.000  TEMP(K) =   300.22  PRESS =  -231.5
 Etot   =    -33201.8631  EKtot   =      7109.0609  EPtot      =    -40310.9240
 BOND   =       165.0462  ANGLE   =       339.4024  DIHED      =       511.2112
 1-4 NB =       172.1244  1-4 EEL =      -368.9588  VDWAALS    =      4785.1592
 EELEC  =    -45914.9085  EHBOND  =         0.0000  RESTRAINT  =         0.0000
 EKCMT  =      3349.0576  VIRIAL  =      3935.1570  VOLUME     =    117243.1821
                                                    Density    =         1.0311
 Ewald error estimate:   0.8072E-04
 ------------------------------------------------------------------------------


 NSTEP =    10750   TIME(PS) =     241.500  TEMP(K) =   298.98  PRESS =   -63.6
 Etot   =    -33298.1555  EKtot   =      7079.7732  EPtot      =    -40377.9287
 BOND   =       148.6630  ANGLE   =       328.3083  DIHED      =       509.1985
 1-4 NB =       170.7715  1-4 EEL =      -353.2749  VDWAALS    =      4845.8467
 EELEC  =    -46027.4418  EHBOND  =         0.0000  RESTRAINT  =         0.0000
 EKCMT  =      3374.2355  VIRIAL  =      3535.2724  VOLUME     =    117345.6658
                                                    Density    =         1.0302
 Ewald error estimate:   0.1089E-03
 ------------------------------------------------------------------------------


 NSTEP =    11000   TIME(PS) =     242.000  TEMP(K) =   298.73  PRESS =    66.5
 Etot   =    -33263.4219  EKtot   =      7073.7798  EPtot      =    -40337.2016
 BOND   =       140.4629  ANGLE   =       328.7911  DIHED      =       511.0370
 1-4 NB =       169.2186  1-4 EEL =      -343.0262  VDWAALS    =      4868.6178
 EELEC  =    -46012.3029  EHBOND  =         0.0000  RESTRAINT  =         0.0000
 EKCMT  =      3314.4484  VIRIAL  =      3146.0938  VOLUME     =    117278.9309
                                                    Density    =         1.0308
 Ewald error estimate:   0.5356E-04
 ------------------------------------------------------------------------------


 NSTEP =    11250   TIME(PS) =     242.500  TEMP(K) =   300.72  PRESS =   348.9
 Etot   =    -33350.5062  EKtot   =      7120.9380  EPtot      =    -40471.4442
 BOND   =       136.8726  ANGLE   =       355.8598  DIHED      =       502.5417
 1-4 NB =       168.7798  1-4 EEL =      -361.2409  VDWAALS    =      5013.7052
 EELEC  =    -46287.9624  EHBOND  =         0.0000  RESTRAINT  =         0.0000
 EKCMT  =      3366.9688  VIRIAL  =      2483.4210  VOLUME     =    117291.1323
                                                    Density    =         1.0307
 Ewald error estimate:   0.5341E-04
 ------------------------------------------------------------------------------


 NSTEP =    11500   TIME(PS) =     243.000  TEMP(K) =   300.32  PRESS =   224.7
 Etot   =    -33246.1953  EKtot   =      7111.2774  EPtot      =    -40357.4727
 BOND   =       161.2617  ANGLE   =       358.8650  DIHED      =       495.3439
 1-4 NB =       173.6285  1-4 EEL =      -350.3589  VDWAALS    =      4882.2934
 EELEC  =    -46078.5062  EHBOND  =         0.0000  RESTRAINT  =         0.0000
 EKCMT  =      3296.9003  VIRIAL  =      2728.1921  VOLUME     =    117246.1306
                                                    Density    =         1.0311
 Ewald error estimate:   0.1274E-04
 ------------------------------------------------------------------------------


 NSTEP =    11750   TIME(PS) =     243.500  TEMP(K) =   302.55  PRESS =  -419.4
 Etot   =    -33236.7607  EKtot   =      7164.0926  EPtot      =    -40400.8533
 BOND   =       165.2249  ANGLE   =       359.2963  DIHED      =       494.2516
 1-4 NB =       159.3934  1-4 EEL =      -340.3704  VDWAALS    =      4687.8444
 EELEC  =    -45926.4934  EHBOND  =         0.0000  RESTRAINT  =         0.0000
 EKCMT  =      3335.2741  VIRIAL  =      4397.2205  VOLUME     =    117271.3789
                                                    Density    =         1.0308
 Ewald error estimate:   0.2203E-03
 ------------------------------------------------------------------------------


 NSTEP =    12000   TIME(PS) =     244.000  TEMP(K) =   308.27  PRESS =  -348.7
 Etot   =    -33171.9217  EKtot   =      7299.7004  EPtot      =    -40471.6221
 BOND   =       148.5482  ANGLE   =       362.7166  DIHED      =       525.5176
 1-4 NB =       165.2499  1-4 EEL =      -340.0167  VDWAALS    =      4688.2371
 EELEC  =    -46021.8747  EHBOND  =         0.0000  RESTRAINT  =         0.0000
 EKCMT  =      3383.9856  VIRIAL  =      4265.9253  VOLUME     =    117142.2576
                                                    Density    =         1.0320
 Ewald error estimate:   0.5189E-04
 ------------------------------------------------------------------------------


 NSTEP =    12250   TIME(PS) =     244.500  TEMP(K) =   302.35  PRESS =   -21.6
 Etot   =    -33076.6780  EKtot   =      7159.4858  EPtot      =    -40236.1638
 BOND   =       180.2800  ANGLE   =       361.2482  DIHED      =       507.6878
 1-4 NB =       167.9459  1-4 EEL =      -375.6589  VDWAALS    =      4861.6495
 EELEC  =    -45939.3163  EHBOND  =         0.0000  RESTRAINT  =         0.0000
 EKCMT  =      3388.2377  VIRIAL  =      3442.9137  VOLUME     =    117140.1409
                                                    Density    =         1.0320
 Ewald error estimate:   0.3920E-04
 ------------------------------------------------------------------------------


 NSTEP =    12500   TIME(PS) =     245.000  TEMP(K) =   299.26  PRESS =   -85.0
 Etot   =    -33117.3998  EKtot   =      7086.3662  EPtot      =    -40203.7660
 BOND   =       151.5652  ANGLE   =       355.0902  DIHED      =       516.7768
 1-4 NB =       177.9657  1-4 EEL =      -363.3729  VDWAALS    =      4723.2204
 EELEC  =    -45765.0114  EHBOND  =         0.0000  RESTRAINT  =         0.0000
 EKCMT  =      3300.9497  VIRIAL  =      3515.8464  VOLUME     =    117099.2725
                                                    Density    =         1.0323
 Ewald error estimate:   0.1669E-03
 ------------------------------------------------------------------------------


 NSTEP =    12750   TIME(PS) =     245.500  TEMP(K) =   303.83  PRESS =  -231.2
 Etot   =    -33168.7954  EKtot   =      7194.6181  EPtot      =    -40363.4135
 BOND   =       163.1443  ANGLE   =       344.5976  DIHED      =       500.3261
 1-4 NB =       167.3557  1-4 EEL =      -345.3915  VDWAALS    =      4827.6283
 EELEC  =    -46021.0741  EHBOND  =         0.0000  RESTRAINT  =         0.0000
 EKCMT  =      3318.3353  VIRIAL  =      3902.5389  VOLUME     =    117027.9459
                                                    Density    =         1.0330
 Ewald error estimate:   0.2884E-04
 ------------------------------------------------------------------------------


 NSTEP =    13000   TIME(PS) =     246.000  TEMP(K) =   301.05  PRESS =  -297.7
 Etot   =    -33312.3344  EKtot   =      7128.6044  EPtot      =    -40440.9388
 BOND   =       154.5138  ANGLE   =       332.4619  DIHED      =       522.4058
 1-4 NB =       170.4608  1-4 EEL =      -353.5690  VDWAALS    =      4704.0381
 EELEC  =    -45971.2502  EHBOND  =         0.0000  RESTRAINT  =         0.0000
 EKCMT  =      3337.2535  VIRIAL  =      4088.2112  VOLUME     =    116826.8864
                                                    Density    =         1.0348
 Ewald error estimate:   0.9270E-04
 ------------------------------------------------------------------------------


 NSTEP =    13250   TIME(PS) =     246.500  TEMP(K) =   300.92  PRESS =   -23.4
 Etot   =    -33218.2502  EKtot   =      7125.5948  EPtot      =    -40343.8450
 BOND   =       163.3875  ANGLE   =       354.7709  DIHED      =       513.8244
 1-4 NB =       171.9043  1-4 EEL =      -386.5211  VDWAALS    =      4868.2967
 EELEC  =    -46029.5076  EHBOND  =         0.0000  RESTRAINT  =         0.0000
 EKCMT  =      3343.1208  VIRIAL  =      3402.0925  VOLUME     =    116837.6969
                                                    Density    =         1.0347
 Ewald error estimate:   0.1812E-03
 ------------------------------------------------------------------------------


 NSTEP =    13500   TIME(PS) =     247.000  TEMP(K) =   304.28  PRESS =   -20.4
 Etot   =    -33316.6275  EKtot   =      7205.1327  EPtot      =    -40521.7602
 BOND   =       148.4224  ANGLE   =       343.6885  DIHED      =       499.0819
 1-4 NB =       180.4983  1-4 EEL =      -328.9286  VDWAALS    =      4873.0847
 EELEC  =    -46237.6075  EHBOND  =         0.0000  RESTRAINT  =         0.0000
 EKCMT  =      3382.8413  VIRIAL  =      3434.4453  VOLUME     =    116924.4603
                                                    Density    =         1.0339
 Ewald error estimate:   0.9626E-04
 ------------------------------------------------------------------------------


 NSTEP =    13750   TIME(PS) =     247.500  TEMP(K) =   298.64  PRESS =    29.1
 Etot   =    -33327.0750  EKtot   =      7071.4987  EPtot      =    -40398.5736
 BOND   =       154.2952  ANGLE   =       347.8845  DIHED      =       499.7249
 1-4 NB =       164.7414  1-4 EEL =      -356.8551  VDWAALS    =      4899.9383
 EELEC  =    -46108.3027  EHBOND  =         0.0000  RESTRAINT  =         0.0000
 EKCMT  =      3308.9864  VIRIAL  =      3235.4432  VOLUME     =    117014.0461
                                                    Density    =         1.0331
 Ewald error estimate:   0.6786E-04
 ------------------------------------------------------------------------------


 NSTEP =    14000   TIME(PS) =     248.000  TEMP(K) =   305.17  PRESS =   -71.8
 Etot   =    -33156.4294  EKtot   =      7226.3509  EPtot      =    -40382.7803
 BOND   =       144.6376  ANGLE   =       332.2176  DIHED      =       516.6629
 1-4 NB =       168.2412  1-4 EEL =      -344.9463  VDWAALS    =      4827.3234
 EELEC  =    -46026.9165  EHBOND  =         0.0000  RESTRAINT  =         0.0000
 EKCMT  =      3386.4613  VIRIAL  =      3567.6335  VOLUME     =    116938.5656
                                                    Density    =         1.0338
 Ewald error estimate:   0.4290E-04
 ------------------------------------------------------------------------------


 NSTEP =    14250   TIME(PS) =     248.500  TEMP(K) =   304.59  PRESS =   247.2
 Etot   =    -33109.3156  EKtot   =      7212.4182  EPtot      =    -40321.7338
 BOND   =       148.8847  ANGLE   =       327.6035  DIHED      =       503.4682
 1-4 NB =       172.4577  1-4 EEL =      -353.5084  VDWAALS    =      4919.1948
 EELEC  =    -46039.8342  EHBOND  =         0.0000  RESTRAINT  =         0.0000
 EKCMT  =      3342.1600  VIRIAL  =      2717.1703  VOLUME     =    117107.0988
                                                    Density    =         1.0323
 Ewald error estimate:   0.4163E-03
 ------------------------------------------------------------------------------


 NSTEP =    14500   TIME(PS) =     249.000  TEMP(K) =   299.15  PRESS =   150.5
 Etot   =    -33097.8168  EKtot   =      7083.6874  EPtot      =    -40181.5042
 BOND   =       160.1610  ANGLE   =       353.5817  DIHED      =       502.4030
 1-4 NB =       183.1240  1-4 EEL =      -361.7575  VDWAALS    =      4846.1490
 EELEC  =    -45865.1654  EHBOND  =         0.0000  RESTRAINT  =         0.0000
 EKCMT  =      3300.4836  VIRIAL  =      2919.5312  VOLUME     =    117241.6100
                                                    Density    =         1.0311
 Ewald error estimate:   0.5348E-04
 ------------------------------------------------------------------------------


 NSTEP =    14750   TIME(PS) =     249.500  TEMP(K) =   301.15  PRESS =  -380.7
 Etot   =    -33151.1138  EKtot   =      7131.0399  EPtot      =    -40282.1537
 BOND   =       164.5663  ANGLE   =       332.2140  DIHED      =       515.2546
 1-4 NB =       169.5659  1-4 EEL =      -351.5654  VDWAALS    =      4660.4584
 EELEC  =    -45772.6476  EHBOND  =         0.0000  RESTRAINT  =         0.0000
 EKCMT  =      3310.9672  VIRIAL  =      4274.3233  VOLUME     =    117197.4121
                                                    Density    =         1.0315
 Ewald error estimate:   0.1811E-03
 ------------------------------------------------------------------------------


 NSTEP =    15000   TIME(PS) =     250.000  TEMP(K) =   300.39  PRESS =   254.3
 Etot   =    -33182.8622  EKtot   =      7112.9464  EPtot      =    -40295.8087
 BOND   =       149.7439  ANGLE   =       331.2770  DIHED      =       501.1369
 1-4 NB =       177.9451  1-4 EEL =      -333.1174  VDWAALS    =      4913.9336
 EELEC  =    -46036.7279  EHBOND  =         0.0000  RESTRAINT  =         0.0000
 EKCMT  =      3267.7271  VIRIAL  =      2625.1478  VOLUME     =    117052.9234
                                                    Density    =         1.0328
 Ewald error estimate:   0.4569E-05
 ------------------------------------------------------------------------------


 NSTEP =    15250   TIME(PS) =     250.500  TEMP(K) =   301.48  PRESS =   -83.5
 Etot   =    -33168.6445  EKtot   =      7138.7767  EPtot      =    -40307.4212
 BOND   =       160.8284  ANGLE   =       385.0319  DIHED      =       503.0538
 1-4 NB =       171.2993  1-4 EEL =      -352.5833  VDWAALS    =      4891.7991
 EELEC  =    -46066.8504  EHBOND  =         0.0000  RESTRAINT  =         0.0000
 EKCMT  =      3365.2111  VIRIAL  =      3576.1821  VOLUME     =    117074.4159
                                                    Density    =         1.0326
 Ewald error estimate:   0.2139E-03
 ------------------------------------------------------------------------------


 NSTEP =    15500   TIME(PS) =     251.000  TEMP(K) =   302.60  PRESS =  -319.7
 Etot   =    -33046.8703  EKtot   =      7165.4226  EPtot      =    -40212.2929
 BOND   =       151.6405  ANGLE   =       349.5961  DIHED      =       502.0242
 1-4 NB =       165.0839  1-4 EEL =      -349.7861  VDWAALS    =      4703.9540
 EELEC  =    -45734.8055  EHBOND  =         0.0000  RESTRAINT  =         0.0000
 EKCMT  =      3319.0851  VIRIAL  =      4128.0078  VOLUME     =    117190.3950
                                                    Density    =         1.0315
 Ewald error estimate:   0.9714E-04
 ------------------------------------------------------------------------------


 NSTEP =    15750   TIME(PS) =     251.500  TEMP(K) =   304.98  PRESS =   145.1
 Etot   =    -33029.9724  EKtot   =      7221.8174  EPtot      =    -40251.7899
 BOND   =       169.7139  ANGLE   =       341.1121  DIHED      =       500.4786
 1-4 NB =       172.8345  1-4 EEL =      -352.6531  VDWAALS    =      4771.0875
 EELEC  =    -45854.3633  EHBOND  =         0.0000  RESTRAINT  =         0.0000
 EKCMT  =      3397.3623  VIRIAL  =      3030.0267  VOLUME     =    117252.9187
                                                    Density    =         1.0310
 Ewald error estimate:   0.2644E-04
 ------------------------------------------------------------------------------


 NSTEP =    16000   TIME(PS) =     252.000  TEMP(K) =   308.05  PRESS =  -240.0
 Etot   =    -33003.2274  EKtot   =      7294.4834  EPtot      =    -40297.7108
 BOND   =       167.4128  ANGLE   =       336.6246  DIHED      =       507.4618
 1-4 NB =       169.7174  1-4 EEL =      -352.5160  VDWAALS    =      4743.7669
 EELEC  =    -45870.1784  EHBOND  =         0.0000  RESTRAINT  =         0.0000
 EKCMT  =      3398.8258  VIRIAL  =      4007.4144  VOLUME     =    117453.1222
                                                    Density    =         1.0292
 Ewald error estimate:   0.1414E-03
 ------------------------------------------------------------------------------


 NSTEP =    16250   TIME(PS) =     252.500  TEMP(K) =   303.56  PRESS =  -308.2
 Etot   =    -33056.3980  EKtot   =      7188.0082  EPtot      =    -40244.4062
 BOND   =       156.4936  ANGLE   =       327.4059  DIHED      =       518.4004
 1-4 NB =       164.1020  1-4 EEL =      -337.2589  VDWAALS    =      4732.0337
 EELEC  =    -45805.5829  EHBOND  =         0.0000  RESTRAINT  =         0.0000
 EKCMT  =      3352.7084  VIRIAL  =      4134.1948  VOLUME     =    117430.3948
                                                    Density    =         1.0294
 Ewald error estimate:   0.1816E-04
 ------------------------------------------------------------------------------


 NSTEP =    16500   TIME(PS) =     253.000  TEMP(K) =   301.93  PRESS =   166.1
 Etot   =    -33052.7410  EKtot   =      7149.5978  EPtot      =    -40202.3388
 BOND   =       149.6112  ANGLE   =       346.4748  DIHED      =       509.4617
 1-4 NB =       164.3263  1-4 EEL =      -347.7514  VDWAALS    =      4890.7953
 EELEC  =    -45915.2566  EHBOND  =         0.0000  RESTRAINT  =         0.0000
 EKCMT  =      3338.2101  VIRIAL  =      2917.0367  VOLUME     =    117452.6738
                                                    Density    =         1.0292
 Ewald error estimate:   0.2458E-03
 ------------------------------------------------------------------------------


 NSTEP =    16750   TIME(PS) =     253.500  TEMP(K) =   300.64  PRESS =  -593.5
 Etot   =    -33146.3938  EKtot   =      7118.9867  EPtot      =    -40265.3805
 BOND   =       166.3356  ANGLE   =       341.0551  DIHED      =       527.5443
 1-4 NB =       172.5219  1-4 EEL =      -344.9342  VDWAALS    =      4661.5176
 EELEC  =    -45789.4209  EHBOND  =         0.0000  RESTRAINT  =         0.0000
 EKCMT  =      3351.5588  VIRIAL  =      4856.3103  VOLUME     =    117429.0955
                                                    Density    =         1.0294
 Ewald error estimate:   0.2886E-05
 ------------------------------------------------------------------------------


 NSTEP =    17000   TIME(PS) =     254.000  TEMP(K) =   306.11  PRESS =    90.5
 Etot   =    -33130.9424  EKtot   =      7248.3851  EPtot      =    -40379.3275
 BOND   =       161.3759  ANGLE   =       353.8747  DIHED      =       508.6524
 1-4 NB =       171.7040  1-4 EEL =      -363.0891  VDWAALS    =      4836.6723
 EELEC  =    -46048.5176  EHBOND  =         0.0000  RESTRAINT  =         0.0000
 EKCMT  =      3449.1552  VIRIAL  =      3219.4534  VOLUME     =    117509.0773
                                                    Density    =         1.0287
 Ewald error estimate:   0.3366E-04
 ------------------------------------------------------------------------------


 NSTEP =    17250   TIME(PS) =     254.500  TEMP(K) =   298.57  PRESS =   111.8
 Etot   =    -33265.6761  EKtot   =      7070.0020  EPtot      =    -40335.6781
 BOND   =       182.2493  ANGLE   =       343.5686  DIHED      =       515.1922
 1-4 NB =       168.5232  1-4 EEL =      -354.0674  VDWAALS    =      4893.3439
 EELEC  =    -46084.4879  EHBOND  =         0.0000  RESTRAINT  =         0.0000
 EKCMT  =      3372.3881  VIRIAL  =      3089.1623  VOLUME     =    117381.1621
                                                    Density    =         1.0299
 Ewald error estimate:   0.1013E-03
 ------------------------------------------------------------------------------


 NSTEP =    17500   TIME(PS) =     255.000  TEMP(K) =   301.15  PRESS =   245.4
 Etot   =    -33184.3209  EKtot   =      7131.1431  EPtot      =    -40315.4640
 BOND   =       146.4802  ANGLE   =       335.5844  DIHED      =       516.7078
 1-4 NB =       179.5192  1-4 EEL =      -332.3881  VDWAALS    =      4953.0449
 EELEC  =    -46114.4122  EHBOND  =         0.0000  RESTRAINT  =         0.0000
 EKCMT  =      3331.9063  VIRIAL  =      2709.9030  VOLUME     =    117388.7240
                                                    Density    =         1.0298
 Ewald error estimate:   0.9416E-04
 ------------------------------------------------------------------------------


 NSTEP =    17750   TIME(PS) =     255.500  TEMP(K) =   306.14  PRESS =     1.5
 Etot   =    -33052.6224  EKtot   =      7249.2797  EPtot      =    -40301.9022
 BOND   =       155.2616  ANGLE   =       376.1976  DIHED      =       506.9885
 1-4 NB =       170.5676  1-4 EEL =      -370.2987  VDWAALS    =      4816.3001
 EELEC  =    -45956.9189  EHBOND  =         0.0000  RESTRAINT  =         0.0000
 EKCMT  =      3422.9329  VIRIAL  =      3419.2523  VOLUME     =    117280.5365
                                                    Density    =         1.0308
 Ewald error estimate:   0.5843E-04
 ------------------------------------------------------------------------------


 NSTEP =    18000   TIME(PS) =     256.000  TEMP(K) =   303.70  PRESS =    69.4
 Etot   =    -33161.0687  EKtot   =      7191.4380  EPtot      =    -40352.5067
 BOND   =       138.1833  ANGLE   =       341.6597  DIHED      =       500.7018
 1-4 NB =       166.4016  1-4 EEL =      -359.1229  VDWAALS    =      4885.8967
 EELEC  =    -46026.2270  EHBOND  =         0.0000  RESTRAINT  =         0.0000
 EKCMT  =      3402.3793  VIRIAL  =      3226.5251  VOLUME     =    117289.9149
                                                    Density    =         1.0307
 Ewald error estimate:   0.1742E-03
 ------------------------------------------------------------------------------


 NSTEP =    18250   TIME(PS) =     256.500  TEMP(K) =   301.40  PRESS =   -92.4
 Etot   =    -33104.1281  EKtot   =      7137.0196  EPtot      =    -40241.1476
 BOND   =       172.3010  ANGLE   =       353.1035  DIHED      =       510.4082
 1-4 NB =       162.0208  1-4 EEL =      -356.1104  VDWAALS    =      4832.9928
 EELEC  =    -45915.8634  EHBOND  =         0.0000  RESTRAINT  =         0.0000
 EKCMT  =      3319.6501  VIRIAL  =      3554.0130  VOLUME     =    117445.8720
                                                    Density    =         1.0293
 Ewald error estimate:   0.8658E-04
 ------------------------------------------------------------------------------


 NSTEP =    18500   TIME(PS) =     257.000  TEMP(K) =   305.29  PRESS =   -34.7
 Etot   =    -33106.4708  EKtot   =      7229.1859  EPtot      =    -40335.6567
 BOND   =       163.9173  ANGLE   =       337.7139  DIHED      =       491.4277
 1-4 NB =       173.1365  1-4 EEL =      -334.7378  VDWAALS    =      4790.3892
 EELEC  =    -45957.5035  EHBOND  =         0.0000  RESTRAINT  =         0.0000
 EKCMT  =      3386.5277  VIRIAL  =      3474.4101  VOLUME     =    117326.3308
                                                    Density    =         1.0303
 Ewald error estimate:   0.9017E-04
 ------------------------------------------------------------------------------


 NSTEP =    18750   TIME(PS) =     257.500  TEMP(K) =   298.79  PRESS =    71.7
 Etot   =    -33306.9619  EKtot   =      7075.2128  EPtot      =    -40382.1747
 BOND   =       164.9958  ANGLE   =       352.1382  DIHED      =       513.5503
 1-4 NB =       169.7983  1-4 EEL =      -359.2869  VDWAALS    =      4951.0855
 EELEC  =    -46174.4559  EHBOND  =         0.0000  RESTRAINT  =         0.0000
 EKCMT  =      3275.8473  VIRIAL  =      3094.1610  VOLUME     =    117330.0751
                                                    Density    =         1.0303
 Ewald error estimate:   0.2568E-03
 ------------------------------------------------------------------------------


 NSTEP =    19000   TIME(PS) =     258.000  TEMP(K) =   302.51  PRESS =  -179.8
 Etot   =    -33316.7438  EKtot   =      7163.1744  EPtot      =    -40479.9182
 BOND   =       151.3000  ANGLE   =       342.0620  DIHED      =       509.0152
 1-4 NB =       168.7865  1-4 EEL =      -345.5697  VDWAALS    =      4890.9071
 EELEC  =    -46196.4193  EHBOND  =         0.0000  RESTRAINT  =         0.0000
 EKCMT  =      3325.9892  VIRIAL  =      3781.3412  VOLUME     =    117304.5986
                                                    Density    =         1.0305
 Ewald error estimate:   0.2680E-03
 ------------------------------------------------------------------------------


 NSTEP =    19250   TIME(PS) =     258.500  TEMP(K) =   298.35  PRESS =  -247.6
 Etot   =    -33355.1622  EKtot   =      7064.8297  EPtot      =    -40419.9919
 BOND   =       155.0873  ANGLE   =       347.6819  DIHED      =       515.4674
 1-4 NB =       167.6386  1-4 EEL =      -352.1843  VDWAALS    =      4780.3898
 EELEC  =    -46034.0726  EHBOND  =         0.0000  RESTRAINT  =         0.0000
 EKCMT  =      3290.5572  VIRIAL  =      3917.8539  VOLUME     =    117325.4691
                                                    Density    =         1.0304
 Ewald error estimate:   0.1598E-04
 ------------------------------------------------------------------------------


 NSTEP =    19500   TIME(PS) =     259.000  TEMP(K) =   299.79  PRESS =   -98.7
 Etot   =    -33341.0932  EKtot   =      7098.7591  EPtot      =    -40439.8522
 BOND   =       167.6816  ANGLE   =       337.5602  DIHED      =       511.0605
 1-4 NB =       169.3724  1-4 EEL =      -346.7667  VDWAALS    =      4904.5467
 EELEC  =    -46183.3068  EHBOND  =         0.0000  RESTRAINT  =         0.0000
 EKCMT  =      3288.6428  VIRIAL  =      3538.5743  VOLUME     =    117248.4728
                                                    Density    =         1.0310
 Ewald error estimate:   0.1631E-04
 ------------------------------------------------------------------------------


 NSTEP =    19750   TIME(PS) =     259.500  TEMP(K) =   298.29  PRESS =   248.7
 Etot   =    -33322.8339  EKtot   =      7063.2229  EPtot      =    -40386.0568
 BOND   =       146.4406  ANGLE   =       342.3647  DIHED      =       507.2047
 1-4 NB =       176.9217  1-4 EEL =      -335.4366  VDWAALS    =      5025.1722
 EELEC  =    -46248.7241  EHBOND  =         0.0000  RESTRAINT  =         0.0000
 EKCMT  =      3326.0313  VIRIAL  =      2696.3358  VOLUME     =    117267.0088
                                                    Density    =         1.0309
 Ewald error estimate:   0.6261E-05
 ------------------------------------------------------------------------------


 NSTEP =    20000   TIME(PS) =     260.000  TEMP(K) =   298.09  PRESS =   281.3
 Etot   =    -33315.0457  EKtot   =      7058.4973  EPtot      =    -40373.5430
 BOND   =       146.4530  ANGLE   =       332.0747  DIHED      =       501.9839
 1-4 NB =       167.1645  1-4 EEL =      -338.5622  VDWAALS    =      4983.7374
 EELEC  =    -46166.3942  EHBOND  =         0.0000  RESTRAINT  =         0.0000
 EKCMT  =      3341.8487  VIRIAL  =      2629.3342  VOLUME     =    117319.2028
                                                    Density    =         1.0304
 Ewald error estimate:   0.7308E-04
 ------------------------------------------------------------------------------


 NSTEP =    20250   TIME(PS) =     260.500  TEMP(K) =   298.73  PRESS =  -454.1
 Etot   =    -33343.4076  EKtot   =      7073.7851  EPtot      =    -40417.1927
 BOND   =       153.0361  ANGLE   =       352.1004  DIHED      =       513.2853
 1-4 NB =       166.4505  1-4 EEL =      -333.5065  VDWAALS    =      4702.5966
 EELEC  =    -45971.1550  EHBOND  =         0.0000  RESTRAINT  =         0.0000
 EKCMT  =      3307.4783  VIRIAL  =      4457.5539  VOLUME     =    117305.7184
                                                    Density    =         1.0305
 Ewald error estimate:   0.5526E-04
 ------------------------------------------------------------------------------


 NSTEP =    20500   TIME(PS) =     261.000  TEMP(K) =   294.63  PRESS =  -193.4
 Etot   =    -33373.9320  EKtot   =      6976.5991  EPtot      =    -40350.5310
 BOND   =       147.9505  ANGLE   =       332.7890  DIHED      =       512.3424
 1-4 NB =       174.6302  1-4 EEL =      -344.4708  VDWAALS    =      4673.1647
 EELEC  =    -45846.9371  EHBOND  =         0.0000  RESTRAINT  =         0.0000
 EKCMT  =      3216.7725  VIRIAL  =      3706.3694  VOLUME     =    117233.6930
                                                    Density    =         1.0312
 Ewald error estimate:   0.6542E-04
 ------------------------------------------------------------------------------


 NSTEP =    20750   TIME(PS) =     261.500  TEMP(K) =   301.85  PRESS =    48.3
 Etot   =    -33317.0101  EKtot   =      7147.5142  EPtot      =    -40464.5243
 BOND   =       152.5192  ANGLE   =       338.3784  DIHED      =       533.0320
 1-4 NB =       177.0002  1-4 EEL =      -351.4245  VDWAALS    =      4872.2984
 EELEC  =    -46186.3281  EHBOND  =         0.0000  RESTRAINT  =         0.0000
 EKCMT  =      3296.5457  VIRIAL  =      3174.0859  VOLUME     =    117396.5732
                                                    Density    =         1.0297
 Ewald error estimate:   0.1273E-03
 ------------------------------------------------------------------------------


 NSTEP =    21000   TIME(PS) =     262.000  TEMP(K) =   302.78  PRESS =  -160.5
 Etot   =    -33263.4794  EKtot   =      7169.7085  EPtot      =    -40433.1879
 BOND   =       144.3897  ANGLE   =       365.1871  DIHED      =       513.3598
 1-4 NB =       176.0602  1-4 EEL =      -360.8511  VDWAALS    =      4773.5250
 EELEC  =    -46044.8586  EHBOND  =         0.0000  RESTRAINT  =         0.0000
 EKCMT  =      3385.8894  VIRIAL  =      3792.3269  VOLUME     =    117276.0280
                                                    Density    =         1.0308
 Ewald error estimate:   0.1410E-03
 ------------------------------------------------------------------------------


 NSTEP =    21250   TIME(PS) =     262.500  TEMP(K) =   295.89  PRESS =  -271.6
 Etot   =    -33337.6580  EKtot   =      7006.4373  EPtot      =    -40344.0953
 BOND   =       172.9473  ANGLE   =       351.0991  DIHED      =       513.8674
 1-4 NB =       162.7945  1-4 EEL =      -359.4016  VDWAALS    =      4832.8965
 EELEC  =    -46018.2986  EHBOND  =         0.0000  RESTRAINT  =         0.0000
 EKCMT  =      3309.5204  VIRIAL  =      3997.0829  VOLUME     =    117235.2411
                                                    Density    =         1.0311
 Ewald error estimate:   0.7654E-04
 ------------------------------------------------------------------------------


 NSTEP =    21500   TIME(PS) =     263.000  TEMP(K) =   297.94  PRESS =    45.0
 Etot   =    -33336.1620  EKtot   =      7055.0102  EPtot      =    -40391.1722
 BOND   =       146.5356  ANGLE   =       335.8371  DIHED      =       505.1024
 1-4 NB =       166.0414  1-4 EEL =      -360.9723  VDWAALS    =      4856.9166
 EELEC  =    -46040.6331  EHBOND  =         0.0000  RESTRAINT  =         0.0000
 EKCMT  =      3292.4660  VIRIAL  =      3178.8011  VOLUME     =    117085.3469
                                                    Density    =         1.0325
 Ewald error estimate:   0.4170E-04
 ------------------------------------------------------------------------------


 NSTEP =    21750   TIME(PS) =     263.500  TEMP(K) =   303.39  PRESS =    35.9
 Etot   =    -33236.3443  EKtot   =      7184.2028  EPtot      =    -40420.5471
 BOND   =       151.6543  ANGLE   =       343.5672  DIHED      =       508.6305
 1-4 NB =       174.6216  1-4 EEL =      -354.1002  VDWAALS    =      4901.0576
 EELEC  =    -46145.9781  EHBOND  =         0.0000  RESTRAINT  =         0.0000
 EKCMT  =      3359.9632  VIRIAL  =      3269.2172  VOLUME     =    116973.7947
                                                    Density    =         1.0335
 Ewald error estimate:   0.2811E-03
 ------------------------------------------------------------------------------


 NSTEP =    22000   TIME(PS) =     264.000  TEMP(K) =   296.09  PRESS =  -126.0
 Etot   =    -33265.0043  EKtot   =      7011.2376  EPtot      =    -40276.2419
 BOND   =       170.3377  ANGLE   =       353.6912  DIHED      =       504.0003
 1-4 NB =       170.2941  1-4 EEL =      -343.5100  VDWAALS    =      4774.3759
 EELEC  =    -45905.4310  EHBOND  =         0.0000  RESTRAINT  =         0.0000
 EKCMT  =      3210.7282  VIRIAL  =      3529.1947  VOLUME     =    117104.9416
                                                    Density    =         1.0323
 Ewald error estimate:   0.1156E-03
 ------------------------------------------------------------------------------


 NSTEP =    22250   TIME(PS) =     264.500  TEMP(K) =   300.70  PRESS =    34.2
 Etot   =    -33188.2190  EKtot   =      7120.2869  EPtot      =    -40308.5059
 BOND   =       141.2961  ANGLE   =       354.7335  DIHED      =       511.1941
 1-4 NB =       179.7984  1-4 EEL =      -332.7925  VDWAALS    =      4935.8485
 EELEC  =    -46098.5841  EHBOND  =         0.0000  RESTRAINT  =         0.0000
 EKCMT  =      3288.7397  VIRIAL  =      3202.1491  VOLUME     =    117144.8663
                                                    Density    =         1.0319
 Ewald error estimate:   0.2080E-03
 ------------------------------------------------------------------------------


 NSTEP =    22500   TIME(PS) =     265.000  TEMP(K) =   302.48  PRESS =     5.3
 Etot   =    -33205.2652  EKtot   =      7162.6201  EPtot      =    -40367.8853
 BOND   =       153.5222  ANGLE   =       338.4536  DIHED      =       511.5944
 1-4 NB =       172.2312  1-4 EEL =      -334.3895  VDWAALS    =      4876.6688
 EELEC  =    -46085.9659  EHBOND  =         0.0000  RESTRAINT  =         0.0000
 EKCMT  =      3327.4169  VIRIAL  =      3314.0591  VOLUME     =    117276.6822
                                                    Density    =         1.0308
 Ewald error estimate:   0.2177E-03
 ------------------------------------------------------------------------------


 NSTEP =    22750   TIME(PS) =     265.500  TEMP(K) =   304.32  PRESS =   498.8
 Etot   =    -33164.1173  EKtot   =      7206.0760  EPtot      =    -40370.1932
 BOND   =       159.3239  ANGLE   =       345.7013  DIHED      =       515.3011
 1-4 NB =       166.9661  1-4 EEL =      -328.1715  VDWAALS    =      4985.3273
 EELEC  =    -46214.6414  EHBOND  =         0.0000  RESTRAINT  =         0.0000
 EKCMT  =      3360.5673  VIRIAL  =      2095.6817  VOLUME     =    117456.6315
                                                    Density    =         1.0292
 Ewald error estimate:   0.3016E-04
 ------------------------------------------------------------------------------


 NSTEP =    23000   TIME(PS) =     266.000  TEMP(K) =   298.02  PRESS =    68.1
 Etot   =    -33188.0226  EKtot   =      7056.8233  EPtot      =    -40244.8459
 BOND   =       161.2749  ANGLE   =       352.5561  DIHED      =       507.0439
 1-4 NB =       172.8770  1-4 EEL =      -346.4544  VDWAALS    =      4885.4630
 EELEC  =    -45977.6065  EHBOND  =         0.0000  RESTRAINT  =         0.0000
 EKCMT  =      3274.2770  VIRIAL  =      3101.5057  VOLUME     =    117524.5921
                                                    Density    =         1.0286
 Ewald error estimate:   0.4352E-04
 ------------------------------------------------------------------------------


 NSTEP =    23250   TIME(PS) =     266.500  TEMP(K) =   297.39  PRESS =  -178.6
 Etot   =    -33206.6951  EKtot   =      7041.9636  EPtot      =    -40248.6587
 BOND   =       161.2813  ANGLE   =       364.9454  DIHED      =       516.7374
 1-4 NB =       173.3592  1-4 EEL =      -334.2245  VDWAALS    =      4800.1626
 EELEC  =    -45930.9203  EHBOND  =         0.0000  RESTRAINT  =         0.0000
 EKCMT  =      3309.3731  VIRIAL  =      3762.1457  VOLUME     =    117441.1283
                                                    Density    =         1.0293
 Ewald error estimate:   0.8279E-04
 ------------------------------------------------------------------------------


 NSTEP =    23500   TIME(PS) =     267.000  TEMP(K) =   301.42  PRESS =   313.4
 Etot   =    -33222.4241  EKtot   =      7137.3903  EPtot      =    -40359.8144
 BOND   =       141.6791  ANGLE   =       361.5115  DIHED      =       516.6384
 1-4 NB =       172.1760  1-4 EEL =      -335.9218  VDWAALS    =      4999.4423
 EELEC  =    -46215.3399  EHBOND  =         0.0000  RESTRAINT  =         0.0000
 EKCMT  =      3352.0616  VIRIAL  =      2557.7358  VOLUME     =    117370.3638
                                                    Density    =         1.0300
 Ewald error estimate:   0.2182E-03
 ------------------------------------------------------------------------------


 NSTEP =    23750   TIME(PS) =     267.500  TEMP(K) =   303.89  PRESS =    65.1
 Etot   =    -33110.5817  EKtot   =      7195.9631  EPtot      =    -40306.5449
 BOND   =       154.2970  ANGLE   =       357.3911  DIHED      =       500.8811
 1-4 NB =       165.4477  1-4 EEL =      -374.1000  VDWAALS    =      4838.0728
 EELEC  =    -45948.5346  EHBOND  =         0.0000  RESTRAINT  =         0.0000
 EKCMT  =      3328.3791  VIRIAL  =      3163.3173  VOLUME     =    117452.2897
                                                    Density    =         1.0292
 Ewald error estimate:   0.7682E-04
 ------------------------------------------------------------------------------


 NSTEP =    24000   TIME(PS) =     268.000  TEMP(K) =   301.37  PRESS =  -142.5
 Etot   =    -33051.2357  EKtot   =      7136.1523  EPtot      =    -40187.3880
 BOND   =       147.5573  ANGLE   =       347.7593  DIHED      =       515.8520
 1-4 NB =       174.1083  1-4 EEL =      -328.2312  VDWAALS    =      4773.1996
 EELEC  =    -45817.6332  EHBOND  =         0.0000  RESTRAINT  =         0.0000
 EKCMT  =      3337.0706  VIRIAL  =      3698.0154  VOLUME     =    117339.7950
                                                    Density    =         1.0302
 Ewald error estimate:   0.1022E-03
 ------------------------------------------------------------------------------


 NSTEP =    24250   TIME(PS) =     268.500  TEMP(K) =   298.44  PRESS =  -211.4
 Etot   =    -33264.5049  EKtot   =      7066.7685  EPtot      =    -40331.2734
 BOND   =       156.8542  ANGLE   =       361.2587  DIHED      =       505.9615
 1-4 NB =       170.7372  1-4 EEL =      -354.3615  VDWAALS    =      4750.6519
 EELEC  =    -45922.3755  EHBOND  =         0.0000  RESTRAINT  =         0.0000
 EKCMT  =      3235.6131  VIRIAL  =      3771.2366  VOLUME     =    117335.9279
                                                    Density    =         1.0303
 Ewald error estimate:   0.8912E-04
 ------------------------------------------------------------------------------


 NSTEP =    24500   TIME(PS) =     269.000  TEMP(K) =   294.99  PRESS =   -16.4
 Etot   =    -33360.9381  EKtot   =      6985.2334  EPtot      =    -40346.1715
 BOND   =       175.9658  ANGLE   =       330.4642  DIHED      =       502.7771
 1-4 NB =       171.7610  1-4 EEL =      -340.3009  VDWAALS    =      4882.4016
 EELEC  =    -46069.2403  EHBOND  =         0.0000  RESTRAINT  =         0.0000
 EKCMT  =      3315.1521  VIRIAL  =      3356.6312  VOLUME     =    117240.2293
                                                    Density    =         1.0311
 Ewald error estimate:   0.2023E-04
 ------------------------------------------------------------------------------


 NSTEP =    24750   TIME(PS) =     269.500  TEMP(K) =   302.02  PRESS =  -218.2
 Etot   =    -33279.0758  EKtot   =      7151.5272  EPtot      =    -40430.6029
 BOND   =       150.4645  ANGLE   =       337.1298  DIHED      =       499.0165
 1-4 NB =       169.7705  1-4 EEL =      -351.3630  VDWAALS    =      4814.2432
 EELEC  =    -46049.8644  EHBOND  =         0.0000  RESTRAINT  =         0.0000
 EKCMT  =      3321.2387  VIRIAL  =      3873.8757  VOLUME     =    117277.2187
                                                    Density    =         1.0308
 Ewald error estimate:   0.3708E-04
 ------------------------------------------------------------------------------


 NSTEP =    25000   TIME(PS) =     270.000  TEMP(K) =   299.04  PRESS =   -67.1
 Etot   =    -33260.3907  EKtot   =      7081.1755  EPtot      =    -40341.5662
 BOND   =       152.9117  ANGLE   =       376.0542  DIHED      =       505.5315
 1-4 NB =       170.2778  1-4 EEL =      -385.4691  VDWAALS    =      4778.7221
 EELEC  =    -45939.5944  EHBOND  =         0.0000  RESTRAINT  =         0.0000
 EKCMT  =      3333.0439  VIRIAL  =      3502.8050  VOLUME     =    117162.0076
                                                    Density    =         1.0318
 Ewald error estimate:   0.2714E-03
 ------------------------------------------------------------------------------


 NSTEP =    25250   TIME(PS) =     270.500  TEMP(K) =   307.49  PRESS =  -331.8
 Etot   =    -33141.1415  EKtot   =      7281.2325  EPtot      =    -40422.3740
 BOND   =       157.3525  ANGLE   =       366.7570  DIHED      =       507.4215
 1-4 NB =       167.8415  1-4 EEL =      -344.4333  VDWAALS    =      4834.4558
 EELEC  =    -46111.7689  EHBOND  =         0.0000  RESTRAINT  =         0.0000
 EKCMT  =      3418.6272  VIRIAL  =      4258.6693  VOLUME     =    117254.4917
                                                    Density    =         1.0310
 Ewald error estimate:   0.1410E-04
 ------------------------------------------------------------------------------


 NSTEP =    25500   TIME(PS) =     271.000  TEMP(K) =   300.14  PRESS =     7.9
 Etot   =    -33319.5398  EKtot   =      7107.0670  EPtot      =    -40426.6069
 BOND   =       148.8609  ANGLE   =       358.9155  DIHED      =       506.8083
 1-4 NB =       168.9426  1-4 EEL =      -334.6161  VDWAALS    =      4889.9799
 EELEC  =    -46165.4979  EHBOND  =         0.0000  RESTRAINT  =         0.0000
 EKCMT  =      3328.7570  VIRIAL  =      3308.7502  VOLUME     =    117355.0486
                                                    Density    =         1.0301
 Ewald error estimate:   0.7670E-04
 ------------------------------------------------------------------------------


 NSTEP =    25750   TIME(PS) =     271.500  TEMP(K) =   300.92  PRESS =   275.2
 Etot   =    -33211.6044  EKtot   =      7125.5682  EPtot      =    -40337.1727
 BOND   =       157.5683  ANGLE   =       359.3047  DIHED      =       508.9194
 1-4 NB =       173.1204  1-4 EEL =      -362.0691  VDWAALS    =      4974.8266
 EELEC  =    -46148.8430  EHBOND  =         0.0000  RESTRAINT  =         0.0000
 EKCMT  =      3347.5669  VIRIAL  =      2648.7841  VOLUME     =    117585.6465
                                                    Density    =         1.0281
 Ewald error estimate:   0.5091E-04
 ------------------------------------------------------------------------------


 NSTEP =    26000   TIME(PS) =     272.000  TEMP(K) =   299.63  PRESS =   -48.8
 Etot   =    -33209.6719  EKtot   =      7095.0748  EPtot      =    -40304.7466
 BOND   =       160.2548  ANGLE   =       341.9048  DIHED      =       512.2501
 1-4 NB =       169.1418  1-4 EEL =      -347.1187  VDWAALS    =      4798.8426
 EELEC  =    -45940.0221  EHBOND  =         0.0000  RESTRAINT  =         0.0000
 EKCMT  =      3305.8467  VIRIAL  =      3429.7407  VOLUME     =    117702.8860
                                                    Density    =         1.0271
 Ewald error estimate:   0.1132E-03
 ------------------------------------------------------------------------------


 NSTEP =    26250   TIME(PS) =     272.500  TEMP(K) =   297.58  PRESS =   142.0
 Etot   =    -33197.8025  EKtot   =      7046.4701  EPtot      =    -40244.2726
 BOND   =       164.3545  ANGLE   =       343.6993  DIHED      =       512.4192
 1-4 NB =       165.2600  1-4 EEL =      -353.4862  VDWAALS    =      4942.2467
 EELEC  =    -46018.7661  EHBOND  =         0.0000  RESTRAINT  =         0.0000
 EKCMT  =      3307.9154  VIRIAL  =      2946.8933  VOLUME     =    117787.1139
                                                    Density    =         1.0263
 Ewald error estimate:   0.4505E-04
 ------------------------------------------------------------------------------


 NSTEP =    26500   TIME(PS) =     273.000  TEMP(K) =   298.90  PRESS =   262.5
 Etot   =    -33130.4650  EKtot   =      7077.6883  EPtot      =    -40208.1533
 BOND   =       152.4346  ANGLE   =       351.8035  DIHED      =       491.6898
 1-4 NB =       175.8351  1-4 EEL =      -345.0672  VDWAALS    =      4942.4654
 EELEC  =    -45977.3144  EHBOND  =         0.0000  RESTRAINT  =         0.0000
 EKCMT  =      3259.6191  VIRIAL  =      2592.2806  VOLUME     =    117737.5956
                                                    Density    =         1.0267
 Ewald error estimate:   0.4524E-04
 ------------------------------------------------------------------------------


 NSTEP =    26750   TIME(PS) =     273.500  TEMP(K) =   305.98  PRESS =  -118.5
 Etot   =    -32989.9874  EKtot   =      7245.4498  EPtot      =    -40235.4372
 BOND   =       153.1982  ANGLE   =       344.3588  DIHED      =       497.3487
 1-4 NB =       170.3700  1-4 EEL =      -348.5295  VDWAALS    =      4861.0120
 EELEC  =    -45913.1953  EHBOND  =         0.0000  RESTRAINT  =         0.0000
 EKCMT  =      3373.1081  VIRIAL  =      3674.2514  VOLUME     =    117686.1120
                                                    Density    =         1.0272
 Ewald error estimate:   0.6032E-04
 ------------------------------------------------------------------------------


 NSTEP =    27000   TIME(PS) =     274.000  TEMP(K) =   301.15  PRESS =   100.6
 Etot   =    -33054.6529  EKtot   =      7131.0370  EPtot      =    -40185.6899
 BOND   =       155.8130  ANGLE   =       314.2614  DIHED      =       515.7192
 1-4 NB =       167.5617  1-4 EEL =      -333.0990  VDWAALS    =      4809.3648
 EELEC  =    -45815.3110  EHBOND  =         0.0000  RESTRAINT  =         0.0000
 EKCMT  =      3358.3516  VIRIAL  =      3102.6200  VOLUME     =    117678.1089
                                                    Density    =         1.0273
 Ewald error estimate:   0.7181E-04
 ------------------------------------------------------------------------------


 NSTEP =    27250   TIME(PS) =     274.500  TEMP(K) =   303.19  PRESS =    -4.1
 Etot   =    -33043.8468  EKtot   =      7179.3498  EPtot      =    -40223.1967
 BOND   =       169.5257  ANGLE   =       343.3351  DIHED      =       516.4736
 1-4 NB =       163.0143  1-4 EEL =      -349.0757  VDWAALS    =      4938.8656
 EELEC  =    -46005.3353  EHBOND  =         0.0000  RESTRAINT  =         0.0000
 EKCMT  =      3388.1947  VIRIAL  =      3398.6073  VOLUME     =    117362.2334
                                                    Density    =         1.0300
 Ewald error estimate:   0.6170E-04
 ------------------------------------------------------------------------------


 NSTEP =    27500   TIME(PS) =     275.000  TEMP(K) =   303.63  PRESS =   107.5
 Etot   =    -33142.2323  EKtot   =      7189.6723  EPtot      =    -40331.9046
 BOND   =       150.2982  ANGLE   =       334.4336  DIHED      =       508.0128
 1-4 NB =       174.9230  1-4 EEL =      -357.2298  VDWAALS    =      4867.7778
 EELEC  =    -46010.1201  EHBOND  =         0.0000  RESTRAINT  =         0.0000
 EKCMT  =      3335.3917  VIRIAL  =      3062.6148  VOLUME     =    117483.9914
                                                    Density    =         1.0290
 Ewald error estimate:   0.1928E-03
 ------------------------------------------------------------------------------


 NSTEP =    27750   TIME(PS) =     275.500  TEMP(K) =   297.05  PRESS =   255.2
 Etot   =    -33187.0890  EKtot   =      7033.9463  EPtot      =    -40221.0353
 BOND   =       162.9788  ANGLE   =       354.5608  DIHED      =       493.9066
 1-4 NB =       173.6625  1-4 EEL =      -358.3836  VDWAALS    =      4944.9704
 EELEC  =    -45992.7309  EHBOND  =         0.0000  RESTRAINT  =         0.0000
 EKCMT  =      3304.9963  VIRIAL  =      2657.4925  VOLUME     =    117506.8711
                                                    Density    =         1.0288
 Ewald error estimate:   0.3524E-04
 ------------------------------------------------------------------------------


 NSTEP =    28000   TIME(PS) =     276.000  TEMP(K) =   299.87  PRESS =   228.4
 Etot   =    -33189.4646  EKtot   =      7100.7275  EPtot      =    -40290.1921
 BOND   =       158.0038  ANGLE   =       357.6742  DIHED      =       508.0963
 1-4 NB =       177.9451  1-4 EEL =      -367.8636  VDWAALS    =      4852.8265
 EELEC  =    -45976.8744  EHBOND  =         0.0000  RESTRAINT  =         0.0000
 EKCMT  =      3382.9907  VIRIAL  =      2804.1419  VOLUME     =    117392.5513
                                                    Density    =         1.0298
 Ewald error estimate:   0.2115E-03
 ------------------------------------------------------------------------------


 NSTEP =    28250   TIME(PS) =     276.500  TEMP(K) =   296.07  PRESS =   127.1
 Etot   =    -33233.4173  EKtot   =      7010.7035  EPtot      =    -40244.1207
 BOND   =       147.6854  ANGLE   =       332.3381  DIHED      =       499.3553
 1-4 NB =       178.3124  1-4 EEL =      -347.7838  VDWAALS    =      4938.3911
 EELEC  =    -45992.4191  EHBOND  =         0.0000  RESTRAINT  =         0.0000
 EKCMT  =      3271.4019  VIRIAL  =      2949.3118  VOLUME     =    117337.3511
                                                    Density    =         1.0303
 Ewald error estimate:   0.1924E-03
 ------------------------------------------------------------------------------


 NSTEP =    28500   TIME(PS) =     277.000  TEMP(K) =   302.74  PRESS =   111.0
 Etot   =    -33114.9316  EKtot   =      7168.7641  EPtot      =    -40283.6956
 BOND   =       155.2160  ANGLE   =       359.9236  DIHED      =       505.9264
 1-4 NB =       177.4358  1-4 EEL =      -321.3453  VDWAALS    =      4967.4233
 EELEC  =    -46128.2755  EHBOND  =         0.0000  RESTRAINT  =         0.0000
 EKCMT  =      3357.8964  VIRIAL  =      3076.7567  VOLUME     =    117338.7783
                                                    Density    =         1.0302
 Ewald error estimate:   0.1918E-03
 ------------------------------------------------------------------------------


 NSTEP =    28750   TIME(PS) =     277.500  TEMP(K) =   298.73  PRESS =  -147.8
 Etot   =    -33280.2974  EKtot   =      7073.7122  EPtot      =    -40354.0096
 BOND   =       177.2054  ANGLE   =       348.7048  DIHED      =       509.6239
 1-4 NB =       168.2814  1-4 EEL =      -348.3859  VDWAALS    =      4826.2165
 EELEC  =    -46035.6558  EHBOND  =         0.0000  RESTRAINT  =         0.0000
 EKCMT  =      3298.0887  VIRIAL  =      3672.7565  VOLUME     =    117393.5949
                                                    Density    =         1.0298
 Ewald error estimate:   0.5057E-05
 ------------------------------------------------------------------------------


 NSTEP =    29000   TIME(PS) =     278.000  TEMP(K) =   301.39  PRESS =    76.8
 Etot   =    -33338.2555  EKtot   =      7136.7092  EPtot      =    -40474.9647
 BOND   =       142.6775  ANGLE   =       355.4570  DIHED      =       514.2254
 1-4 NB =       168.1052  1-4 EEL =      -337.1495  VDWAALS    =      4814.5666
 EELEC  =    -46132.8469  EHBOND  =         0.0000  RESTRAINT  =         0.0000
 EKCMT  =      3381.7108  VIRIAL  =      3187.1191  VOLUME     =    117389.5618
                                                    Density    =         1.0298
 Ewald error estimate:   0.2126E-04
 ------------------------------------------------------------------------------


 NSTEP =    29250   TIME(PS) =     278.500  TEMP(K) =   293.69  PRESS =   668.0
 Etot   =    -33307.5880  EKtot   =      6954.4876  EPtot      =    -40262.0756
 BOND   =       161.1287  ANGLE   =       340.9665  DIHED      =       511.7585
 1-4 NB =       174.8401  1-4 EEL =      -350.8064  VDWAALS    =      5033.8489
 EELEC  =    -46133.8120  EHBOND  =         0.0000  RESTRAINT  =         0.0000
 EKCMT  =      3264.4304  VIRIAL  =      1569.8111  VOLUME     =    117497.2473
                                                    Density    =         1.0288
 Ewald error estimate:   0.1556E-04
 ------------------------------------------------------------------------------


 NSTEP =    29500   TIME(PS) =     279.000  TEMP(K) =   299.12  PRESS =    92.7
 Etot   =    -33301.0291  EKtot   =      7082.8770  EPtot      =    -40383.9061
 BOND   =       164.4596  ANGLE   =       345.5985  DIHED      =       516.7021
 1-4 NB =       168.5053  1-4 EEL =      -337.4178  VDWAALS    =      4931.4815
 EELEC  =    -46173.2353  EHBOND  =         0.0000  RESTRAINT  =         0.0000
 EKCMT  =      3285.1958  VIRIAL  =      3049.8882  VOLUME     =    117528.0984
                                                    Density    =         1.0286
 Ewald error estimate:   0.8058E-04
 ------------------------------------------------------------------------------


 NSTEP =    29750   TIME(PS) =     279.500  TEMP(K) =   294.39  PRESS =   169.6
 Etot   =    -33420.1006  EKtot   =      6970.9744  EPtot      =    -40391.0750
 BOND   =       159.5387  ANGLE   =       334.2206  DIHED      =       522.1309
 1-4 NB =       171.2723  1-4 EEL =      -342.3194  VDWAALS    =      4958.2085
 EELEC  =    -46194.1266  EHBOND  =         0.0000  RESTRAINT  =         0.0000
 EKCMT  =      3284.4773  VIRIAL  =      2854.3993  VOLUME     =    117460.6775
                                                    Density    =         1.0292
 Ewald error estimate:   0.1012E-03
 ------------------------------------------------------------------------------


 NSTEP =    30000   TIME(PS) =     280.000  TEMP(K) =   293.99  PRESS =   -77.3
 Etot   =    -33486.0729  EKtot   =      6961.4378  EPtot      =    -40447.5107
 BOND   =       161.0197  ANGLE   =       325.5578  DIHED      =       516.4895
 1-4 NB =       167.6797  1-4 EEL =      -351.8552  VDWAALS    =      4813.3704
 EELEC  =    -46079.7726  EHBOND  =         0.0000  RESTRAINT  =         0.0000
 EKCMT  =      3270.6089  VIRIAL  =      3466.5071  VOLUME     =    117433.0738
                                                    Density    =         1.0294
 Ewald error estimate:   0.2402E-03
 ------------------------------------------------------------------------------


 NSTEP =    30250   TIME(PS) =     280.500  TEMP(K) =   295.81  PRESS =  -219.2
 Etot   =    -33472.4511  EKtot   =      7004.5169  EPtot      =    -40476.9679
 BOND   =       135.2217  ANGLE   =       376.4651  DIHED      =       499.5384
 1-4 NB =       168.1752  1-4 EEL =      -342.0391  VDWAALS    =      4814.5857
 EELEC  =    -46128.9150  EHBOND  =         0.0000  RESTRAINT  =         0.0000
 EKCMT  =      3292.2077  VIRIAL  =      3847.4155  VOLUME     =    117313.2670
                                                    Density    =         1.0305
 Ewald error estimate:   0.3649E-04
 ------------------------------------------------------------------------------


 NSTEP =    30500   TIME(PS) =     281.000  TEMP(K) =   297.42  PRESS =   144.4
 Etot   =    -33424.3245  EKtot   =      7042.7301  EPtot      =    -40467.0547
 BOND   =       147.2245  ANGLE   =       320.7530  DIHED      =       529.1929
 1-4 NB =       170.7507  1-4 EEL =      -344.1463  VDWAALS    =      4946.8656
 EELEC  =    -46237.6951  EHBOND  =         0.0000  RESTRAINT  =         0.0000
 EKCMT  =      3223.8760  VIRIAL  =      2857.8278  VOLUME     =    117393.4276
                                                    Density    =         1.0298
 Ewald error estimate:   0.3569E-04
 ------------------------------------------------------------------------------


 NSTEP =    30750   TIME(PS) =     281.500  TEMP(K) =   296.26  PRESS =    55.3
 Etot   =    -33483.0032  EKtot   =      7015.2127  EPtot      =    -40498.2159
 BOND   =       133.0822  ANGLE   =       366.7636  DIHED      =       498.2156
 1-4 NB =       167.1962  1-4 EEL =      -349.5775  VDWAALS    =      4992.2803
 EELEC  =    -46306.1762  EHBOND  =         0.0000  RESTRAINT  =         0.0000
 EKCMT  =      3256.2096  VIRIAL  =      3116.0629  VOLUME     =    117375.4360
                                                    Density    =         1.0299
 Ewald error estimate:   0.6243E-04
 ------------------------------------------------------------------------------


 NSTEP =    31000   TIME(PS) =     282.000  TEMP(K) =   291.40  PRESS =  -215.2
 Etot   =    -33483.0598  EKtot   =      6900.1699  EPtot      =    -40383.2297
 BOND   =       154.1643  ANGLE   =       327.3907  DIHED      =       510.1442
 1-4 NB =       173.1950  1-4 EEL =      -348.1283  VDWAALS    =      4817.6594
 EELEC  =    -46017.6550  EHBOND  =         0.0000  RESTRAINT  =         0.0000
 EKCMT  =      3226.9915  VIRIAL  =      3772.3692  VOLUME     =    117373.3805
                                                    Density    =         1.0299
 Ewald error estimate:   0.1925E-03
 ------------------------------------------------------------------------------


 NSTEP =    31250   TIME(PS) =     282.500  TEMP(K) =   296.72  PRESS =   215.9
 Etot   =    -33406.4271  EKtot   =      7026.0401  EPtot      =    -40432.4672
 BOND   =       139.4235  ANGLE   =       335.3203  DIHED      =       495.5301
 1-4 NB =       173.1277  1-4 EEL =      -329.0556  VDWAALS    =      4886.1495
 EELEC  =    -46132.9627  EHBOND  =         0.0000  RESTRAINT  =         0.0000
 EKCMT  =      3281.6945  VIRIAL  =      2734.8071  VOLUME     =    117305.1792
                                                    Density    =         1.0305
 Ewald error estimate:   0.4800E-04
 ------------------------------------------------------------------------------


 NSTEP =    31500   TIME(PS) =     283.000  TEMP(K) =   300.12  PRESS =   182.0
 Etot   =    -33361.1650  EKtot   =      7106.6217  EPtot      =    -40467.7867
 BOND   =       132.3009  ANGLE   =       319.6837  DIHED      =       503.4961
 1-4 NB =       168.0355  1-4 EEL =      -327.6642  VDWAALS    =      4902.4139
 EELEC  =    -46166.0526  EHBOND  =         0.0000  RESTRAINT  =         0.0000
 EKCMT  =      3372.3976  VIRIAL  =      2911.4257  VOLUME     =    117276.2960
                                                    Density    =         1.0308
 Ewald error estimate:   0.1334E-04
 ------------------------------------------------------------------------------


 NSTEP =    31750   TIME(PS) =     283.500  TEMP(K) =   302.07  PRESS =   -97.9
 Etot   =    -33119.4319  EKtot   =      7152.8212  EPtot      =    -40272.2532
 BOND   =       146.8994  ANGLE   =       331.3446  DIHED      =       516.2291
 1-4 NB =       168.6675  1-4 EEL =      -344.2607  VDWAALS    =      4775.3085
 EELEC  =    -45866.4416  EHBOND  =         0.0000  RESTRAINT  =         0.0000
 EKCMT  =      3350.3515  VIRIAL  =      3598.3413  VOLUME     =    117270.9686
                                                    Density    =         1.0308
 Ewald error estimate:   0.6635E-04
 ------------------------------------------------------------------------------


 NSTEP =    32000   TIME(PS) =     284.000  TEMP(K) =   301.44  PRESS =  -106.3
 Etot   =    -33161.3690  EKtot   =      7137.8217  EPtot      =    -40299.1907
 BOND   =       150.4931  ANGLE   =       341.3891  DIHED      =       514.3816
 1-4 NB =       169.9368  1-4 EEL =      -334.3377  VDWAALS    =      4776.3988
 EELEC  =    -45917.4524  EHBOND  =         0.0000  RESTRAINT  =         0.0000
 EKCMT  =      3346.5512  VIRIAL  =      3615.4230  VOLUME     =    117180.4540
                                                    Density    =         1.0316
 Ewald error estimate:   0.3818E-05
 ------------------------------------------------------------------------------


 NSTEP =    32250   TIME(PS) =     284.500  TEMP(K) =   298.09  PRESS =   -35.9
 Etot   =    -33217.7521  EKtot   =      7058.6266  EPtot      =    -40276.3787
 BOND   =       126.1524  ANGLE   =       334.4731  DIHED      =       512.4149
 1-4 NB =       173.5669  1-4 EEL =      -350.1232  VDWAALS    =      4739.9727
 EELEC  =    -45812.8355  EHBOND  =         0.0000  RESTRAINT  =         0.0000
 EKCMT  =      3315.8784  VIRIAL  =      3406.6517  VOLUME     =    117221.6640
                                                    Density    =         1.0313
 Ewald error estimate:   0.3534E-04
 ------------------------------------------------------------------------------


 NSTEP =    32500   TIME(PS) =     285.000  TEMP(K) =   299.95  PRESS =  -317.7
 Etot   =    -33326.8331  EKtot   =      7102.7268  EPtot      =    -40429.5599
 BOND   =       136.2313  ANGLE   =       328.1927  DIHED      =       499.8570
 1-4 NB =       168.6090  1-4 EEL =      -342.0615  VDWAALS    =      4789.0306
 EELEC  =    -46009.4190  EHBOND  =         0.0000  RESTRAINT  =         0.0000
 EKCMT  =      3357.5741  VIRIAL  =      4161.5955  VOLUME     =    117224.1061
                                                    Density    =         1.0312
 Ewald error estimate:   0.2139E-03
 ------------------------------------------------------------------------------


 NSTEP =    32750   TIME(PS) =     285.500  TEMP(K) =   299.90  PRESS =   -41.2
 Etot   =    -33248.6123  EKtot   =      7101.4041  EPtot      =    -40350.0164
 BOND   =       148.7396  ANGLE   =       336.1247  DIHED      =       514.9807
 1-4 NB =       169.9407  1-4 EEL =      -339.1514  VDWAALS    =      4852.7148
 EELEC  =    -46033.3655  EHBOND  =         0.0000  RESTRAINT  =         0.0000
 EKCMT  =      3306.1775  VIRIAL  =      3410.4669  VOLUME     =    117187.7766
                                                    Density    =         1.0316
 Ewald error estimate:   0.3249E-04
 ------------------------------------------------------------------------------


 NSTEP =    33000   TIME(PS) =     286.000  TEMP(K) =   297.75  PRESS =   -15.3
 Etot   =    -33293.9878  EKtot   =      7050.6509  EPtot      =    -40344.6387
 BOND   =       153.6748  ANGLE   =       335.7800  DIHED      =       521.2085
 1-4 NB =       176.5169  1-4 EEL =      -351.9464  VDWAALS    =      4828.8171
 EELEC  =    -46008.6895  EHBOND  =         0.0000  RESTRAINT  =         0.0000
 EKCMT  =      3369.2612  VIRIAL  =      3408.0157  VOLUME     =    117244.3433
                                                    Density    =         1.0311
 Ewald error estimate:   0.1158E-03
 ------------------------------------------------------------------------------


 NSTEP =    33250   TIME(PS) =     286.500  TEMP(K) =   300.46  PRESS =    13.3
 Etot   =    -33190.1024  EKtot   =      7114.6375  EPtot      =    -40304.7399
 BOND   =       153.6649  ANGLE   =       353.8158  DIHED      =       506.9284
 1-4 NB =       176.0005  1-4 EEL =      -373.6561  VDWAALS    =      4808.1814
 EELEC  =    -45929.6749  EHBOND  =         0.0000  RESTRAINT  =         0.0000
 EKCMT  =      3331.3749  VIRIAL  =      3297.6751  VOLUME     =    117229.1959
                                                    Density    =         1.0312
 Ewald error estimate:   0.4716E-04
 ------------------------------------------------------------------------------


 NSTEP =    33500   TIME(PS) =     287.000  TEMP(K) =   300.02  PRESS =   223.0
 Etot   =    -33216.2987  EKtot   =      7104.3379  EPtot      =    -40320.6366
 BOND   =       151.2382  ANGLE   =       345.8301  DIHED      =       513.5466
 1-4 NB =       163.9333  1-4 EEL =      -344.9811  VDWAALS    =      4920.1598
 EELEC  =    -46070.3634  EHBOND  =         0.0000  RESTRAINT  =         0.0000
 EKCMT  =      3309.7619  VIRIAL  =      2745.6145  VOLUME     =    117162.4572
                                                    Density    =         1.0318
 Ewald error estimate:   0.9584E-05
 ------------------------------------------------------------------------------


 NSTEP =    33750   TIME(PS) =     287.500  TEMP(K) =   304.13  PRESS =  -206.8
 Etot   =    -33270.6859  EKtot   =      7201.5978  EPtot      =    -40472.2837
 BOND   =       150.7710  ANGLE   =       327.5040  DIHED      =       516.1373
 1-4 NB =       173.5790  1-4 EEL =      -366.8195  VDWAALS    =      4796.0838
 EELEC  =    -46069.5392  EHBOND  =         0.0000  RESTRAINT  =         0.0000
 EKCMT  =      3324.1978  VIRIAL  =      3847.7692  VOLUME     =    117244.0626
                                                    Density    =         1.0311
 Ewald error estimate:   0.8410E-04
 ------------------------------------------------------------------------------


 NSTEP =    34000   TIME(PS) =     288.000  TEMP(K) =   295.47  PRESS =    11.8
 Etot   =    -33362.7445  EKtot   =      6996.4285  EPtot      =    -40359.1729
 BOND   =       155.3705  ANGLE   =       335.6042  DIHED      =       527.2732
 1-4 NB =       173.0484  1-4 EEL =      -338.1957  VDWAALS    =      4902.9127
 EELEC  =    -46115.1862  EHBOND  =         0.0000  RESTRAINT  =         0.0000
 EKCMT  =      3241.9458  VIRIAL  =      3212.0751  VOLUME     =    117131.2902
                                                    Density    =         1.0321
 Ewald error estimate:   0.1344E-03
 ------------------------------------------------------------------------------


 NSTEP =    34250   TIME(PS) =     288.500  TEMP(K) =   302.82  PRESS =   206.6
 Etot   =    -33281.5786  EKtot   =      7170.5718  EPtot      =    -40452.1504
 BOND   =       173.9020  ANGLE   =       342.1898  DIHED      =       508.0552
 1-4 NB =       163.1692  1-4 EEL =      -335.2279  VDWAALS    =      4989.9618
 EELEC  =    -46294.2005  EHBOND  =         0.0000  RESTRAINT  =         0.0000
 EKCMT  =      3402.5574  VIRIAL  =      2880.3314  VOLUME     =    117086.7844
                                                    Density    =         1.0325
 Ewald error estimate:   0.9134E-04
 ------------------------------------------------------------------------------


 NSTEP =    34500   TIME(PS) =     289.000  TEMP(K) =   301.00  PRESS =   -61.7
 Etot   =    -33303.7886  EKtot   =      7127.5323  EPtot      =    -40431.3209
 BOND   =       163.8452  ANGLE   =       369.2824  DIHED      =       507.0628
 1-4 NB =       162.5020  1-4 EEL =      -339.8034  VDWAALS    =      4912.1220
 EELEC  =    -46206.3318  EHBOND  =         0.0000  RESTRAINT  =         0.0000
 EKCMT  =      3330.4403  VIRIAL  =      3486.5751  VOLUME     =    117119.8396
                                                    Density    =         1.0322
 Ewald error estimate:   0.5948E-04
 ------------------------------------------------------------------------------


 NSTEP =    34750   TIME(PS) =     289.500  TEMP(K) =   303.24  PRESS =   112.7
 Etot   =    -33144.7656  EKtot   =      7180.6435  EPtot      =    -40325.4091
 BOND   =       145.2748  ANGLE   =       376.1243  DIHED      =       505.0909
 1-4 NB =       172.1124  1-4 EEL =      -334.2187  VDWAALS    =      4920.9189
 EELEC  =    -46110.7117  EHBOND  =         0.0000  RESTRAINT  =         0.0000
 EKCMT  =      3372.8171  VIRIAL  =      3087.7326  VOLUME     =    117131.5044
                                                    Density    =         1.0321
 Ewald error estimate:   0.6547E-04
 ------------------------------------------------------------------------------


 NSTEP =    35000   TIME(PS) =     290.000  TEMP(K) =   298.42  PRESS =   190.2
 Etot   =    -33136.5034  EKtot   =      7066.3483  EPtot      =    -40202.8517
 BOND   =       171.4949  ANGLE   =       349.1842  DIHED      =       502.2025
 1-4 NB =       172.2274  1-4 EEL =      -334.9222  VDWAALS    =      4991.6113
 EELEC  =    -46054.6497  EHBOND  =         0.0000  RESTRAINT  =         0.0000
 EKCMT  =      3291.4993  VIRIAL  =      2809.2235  VOLUME     =    117411.4081
                                                    Density    =         1.0296
 Ewald error estimate:   0.2019E-03
 ------------------------------------------------------------------------------


 NSTEP =    35250   TIME(PS) =     290.500  TEMP(K) =   299.50  PRESS =  -251.1
 Etot   =    -33214.5714  EKtot   =      7091.9802  EPtot      =    -40306.5516
 BOND   =       155.7298  ANGLE   =       359.9776  DIHED      =       502.1429
 1-4 NB =       165.3244  1-4 EEL =      -336.1149  VDWAALS    =      4753.7263
 EELEC  =    -45907.3378  EHBOND  =         0.0000  RESTRAINT  =         0.0000
 EKCMT  =      3258.6079  VIRIAL  =      3895.5202  VOLUME     =    117495.8631
                                                    Density    =         1.0289
 Ewald error estimate:   0.2942E-04
 ------------------------------------------------------------------------------


 NSTEP =    35500   TIME(PS) =     291.000  TEMP(K) =   299.26  PRESS =   109.5
 Etot   =    -33227.1670  EKtot   =      7086.2240  EPtot      =    -40313.3910
 BOND   =       145.7260  ANGLE   =       329.2218  DIHED      =       511.4240
 1-4 NB =       172.5134  1-4 EEL =      -336.6226  VDWAALS    =      4874.3650
 EELEC  =    -46010.0185  EHBOND  =         0.0000  RESTRAINT  =         0.0000
 EKCMT  =      3333.9087  VIRIAL  =      3056.5167  VOLUME     =    117312.1175
                                                    Density    =         1.0305
 Ewald error estimate:   0.1198E-03
 ------------------------------------------------------------------------------


 NSTEP =    35750   TIME(PS) =     291.500  TEMP(K) =   299.16  PRESS =  -252.9
 Etot   =    -33313.2660  EKtot   =      7084.0155  EPtot      =    -40397.2814
 BOND   =       149.9248  ANGLE   =       322.0092  DIHED      =       512.2048
 1-4 NB =       170.8839  1-4 EEL =      -333.2567  VDWAALS    =      4834.0412
 EELEC  =    -46053.0886  EHBOND  =         0.0000  RESTRAINT  =         0.0000
 EKCMT  =      3293.3677  VIRIAL  =      3934.8373  VOLUME     =    117486.0482
                                                    Density    =         1.0289
 Ewald error estimate:   0.2782E-03
 ------------------------------------------------------------------------------


 NSTEP =    36000   TIME(PS) =     292.000  TEMP(K) =   298.63  PRESS =  -150.6
 Etot   =    -33296.6826  EKtot   =      7071.2853  EPtot      =    -40367.9679
 BOND   =       157.4309  ANGLE   =       359.0863  DIHED      =       518.3763
 1-4 NB =       170.6722  1-4 EEL =      -358.3238  VDWAALS    =      4893.0088
 EELEC  =    -46108.2187  EHBOND  =         0.0000  RESTRAINT  =         0.0000
 EKCMT  =      3335.3297  VIRIAL  =      3716.6574  VOLUME     =    117297.4380
                                                    Density    =         1.0306
 Ewald error estimate:   0.2658E-03
 ------------------------------------------------------------------------------


 NSTEP =    36250   TIME(PS) =     292.500  TEMP(K) =   301.65  PRESS =    70.6
 Etot   =    -33167.5548  EKtot   =      7142.8514  EPtot      =    -40310.4062
 BOND   =       176.7094  ANGLE   =       349.4065  DIHED      =       501.8820
 1-4 NB =       162.8592  1-4 EEL =      -351.7871  VDWAALS    =      4855.8858
 EELEC  =    -46005.3619  EHBOND  =         0.0000  RESTRAINT  =         0.0000
 EKCMT  =      3385.0995  VIRIAL  =      3206.6061  VOLUME     =    117155.4660
                                                    Density    =         1.0319
 Ewald error estimate:   0.9707E-05
 ------------------------------------------------------------------------------


 NSTEP =    36500   TIME(PS) =     293.000  TEMP(K) =   300.96  PRESS =   210.9
 Etot   =    -33106.6595  EKtot   =      7126.6237  EPtot      =    -40233.2832
 BOND   =       141.0270  ANGLE   =       360.8355  DIHED      =       521.1766
 1-4 NB =       170.7593  1-4 EEL =      -349.9401  VDWAALS    =      4892.7673
 EELEC  =    -45969.9088  EHBOND  =         0.0000  RESTRAINT  =         0.0000
 EKCMT  =      3334.1475  VIRIAL  =      2801.0385  VOLUME     =    117082.6372
                                                    Density    =         1.0325
 Ewald error estimate:   0.7399E-04
 ------------------------------------------------------------------------------


 NSTEP =    36750   TIME(PS) =     293.500  TEMP(K) =   303.04  PRESS =   -61.5
 Etot   =    -33099.3760  EKtot   =      7175.8206  EPtot      =    -40275.1966
 BOND   =       156.5759  ANGLE   =       377.7981  DIHED      =       503.3776
 1-4 NB =       171.9618  1-4 EEL =      -323.6049  VDWAALS    =      4695.4748
 EELEC  =    -45856.7800  EHBOND  =         0.0000  RESTRAINT  =         0.0000
 EKCMT  =      3418.7560  VIRIAL  =      3574.3769  VOLUME     =    117142.9829
                                                    Density    =         1.0320
 Ewald error estimate:   0.8545E-04
 ------------------------------------------------------------------------------


 NSTEP =    37000   TIME(PS) =     294.000  TEMP(K) =   300.54  PRESS =    30.6
 Etot   =    -33199.1313  EKtot   =      7116.5187  EPtot      =    -40315.6500
 BOND   =       151.1856  ANGLE   =       346.4425  DIHED      =       507.3979
 1-4 NB =       167.6025  1-4 EEL =      -356.6081  VDWAALS    =      4826.2817
 EELEC  =    -45957.9521  EHBOND  =         0.0000  RESTRAINT  =         0.0000
 EKCMT  =      3378.8431  VIRIAL  =      3301.5136  VOLUME     =    117160.6306
                                                    Density    =         1.0318
 Ewald error estimate:   0.5101E-04
 ------------------------------------------------------------------------------


 NSTEP =    37250   TIME(PS) =     294.500  TEMP(K) =   302.36  PRESS =  -263.8
 Etot   =    -33301.1880  EKtot   =      7159.7005  EPtot      =    -40460.8885
 BOND   =       126.0262  ANGLE   =       335.4544  DIHED      =       502.9305
 1-4 NB =       168.7897  1-4 EEL =      -353.4428  VDWAALS    =      4771.1362
 EELEC  =    -46011.7826  EHBOND  =         0.0000  RESTRAINT  =         0.0000
 EKCMT  =      3336.8443  VIRIAL  =      4003.8942  VOLUME     =    117099.8545
                                                    Density    =         1.0323
 Ewald error estimate:   0.2051E-03
 ------------------------------------------------------------------------------


 NSTEP =    37500   TIME(PS) =     295.000  TEMP(K) =   297.30  PRESS =   248.1
 Etot   =    -33325.6573  EKtot   =      7039.9440  EPtot      =    -40365.6014
 BOND   =       127.9336  ANGLE   =       359.4706  DIHED      =       502.2202
 1-4 NB =       174.9403  1-4 EEL =      -346.9935  VDWAALS    =      4963.5804
 EELEC  =    -46146.7529  EHBOND  =         0.0000  RESTRAINT  =         0.0000
 EKCMT  =      3346.2647  VIRIAL  =      2718.5051  VOLUME     =    117181.7343
                                                    Density    =         1.0316
 Ewald error estimate:   0.6928E-04
 ------------------------------------------------------------------------------


 NSTEP =    37750   TIME(PS) =     295.500  TEMP(K) =   301.78  PRESS =   162.2
 Etot   =    -33283.7786  EKtot   =      7145.8903  EPtot      =    -40429.6689
 BOND   =       158.6707  ANGLE   =       334.8491  DIHED      =       509.2133
 1-4 NB =       161.5154  1-4 EEL =      -357.9273  VDWAALS    =      5037.2577
 EELEC  =    -46273.2478  EHBOND  =         0.0000  RESTRAINT  =         0.0000
 EKCMT  =      3348.5278  VIRIAL  =      2937.4064  VOLUME     =    117405.1040
                                                    Density    =         1.0297
 Ewald error estimate:   0.9721E-04
 ------------------------------------------------------------------------------


 NSTEP =    38000   TIME(PS) =     296.000  TEMP(K) =   301.47  PRESS =   182.8
 Etot   =    -33287.0786  EKtot   =      7138.7345  EPtot      =    -40425.8131
 BOND   =       164.1170  ANGLE   =       324.3657  DIHED      =       522.3055
 1-4 NB =       165.9996  1-4 EEL =      -361.4466  VDWAALS    =      4981.8820
 EELEC  =    -46223.0363  EHBOND  =         0.0000  RESTRAINT  =         0.0000
 EKCMT  =      3299.4327  VIRIAL  =      2836.1129  VOLUME     =    117391.0873
                                                    Density    =         1.0298
 Ewald error estimate:   0.2477E-04
 ------------------------------------------------------------------------------


 NSTEP =    38250   TIME(PS) =     296.500  TEMP(K) =   295.21  PRESS =  -193.0
 Etot   =    -33361.9821  EKtot   =      6990.4723  EPtot      =    -40352.4544
 BOND   =       160.9709  ANGLE   =       323.6522  DIHED      =       518.3742
 1-4 NB =       172.7780  1-4 EEL =      -358.5132  VDWAALS    =      4775.9765
 EELEC  =    -45945.6931  EHBOND  =         0.0000  RESTRAINT  =         0.0000
 EKCMT  =      3220.3079  VIRIAL  =      3710.0319  VOLUME     =    117507.9997
                                                    Density    =         1.0288
 Ewald error estimate:   0.1725E-04
 ------------------------------------------------------------------------------


 NSTEP =    38500   TIME(PS) =     297.000  TEMP(K) =   298.45  PRESS =   109.8
 Etot   =    -33301.7513  EKtot   =      7067.0875  EPtot      =    -40368.8389
 BOND   =       155.4273  ANGLE   =       345.5228  DIHED      =       515.0614
 1-4 NB =       169.6210  1-4 EEL =      -365.2225  VDWAALS    =      4851.8974
 EELEC  =    -46041.1463  EHBOND  =         0.0000  RESTRAINT  =         0.0000
 EKCMT  =      3354.5255  VIRIAL  =      3076.2603  VOLUME     =    117354.5029
                                                    Density    =         1.0301
 Ewald error estimate:   0.1858E-04
 ------------------------------------------------------------------------------


 NSTEP =    38750   TIME(PS) =     297.500  TEMP(K) =   299.60  PRESS =  -307.6
 Etot   =    -33256.4992  EKtot   =      7094.3542  EPtot      =    -40350.8534
 BOND   =       155.4481  ANGLE   =       338.0772  DIHED      =       513.6184
 1-4 NB =       173.2455  1-4 EEL =      -346.9028  VDWAALS    =      4801.9660
 EELEC  =    -45986.3058  EHBOND  =         0.0000  RESTRAINT  =         0.0000
 EKCMT  =      3359.1240  VIRIAL  =      4138.5597  VOLUME     =    117345.9668
                                                    Density    =         1.0302
 Ewald error estimate:   0.2551E-04
 ------------------------------------------------------------------------------


 NSTEP =    39000   TIME(PS) =     298.000  TEMP(K) =   301.10  PRESS =  -372.9
 Etot   =    -33281.2004  EKtot   =      7129.9146  EPtot      =    -40411.1150
 BOND   =       152.3167  ANGLE   =       332.1719  DIHED      =       522.8157
 1-4 NB =       169.8880  1-4 EEL =      -347.5656  VDWAALS    =      4766.2670
 EELEC  =    -46007.0086  EHBOND  =         0.0000  RESTRAINT  =         0.0000
 EKCMT  =      3331.6038  VIRIAL  =      4276.1728  VOLUME     =    117302.5941
                                                    Density    =         1.0306
 Ewald error estimate:   0.1659E-03
 ------------------------------------------------------------------------------


 NSTEP =    39250   TIME(PS) =     298.500  TEMP(K) =   302.15  PRESS =  -273.6
 Etot   =    -33382.4133  EKtot   =      7154.6518  EPtot      =    -40537.0651
 BOND   =       146.5438  ANGLE   =       344.3278  DIHED      =       506.7794
 1-4 NB =       168.9299  1-4 EEL =      -363.7742  VDWAALS    =      4782.9791
 EELEC  =    -46122.8509  EHBOND  =         0.0000  RESTRAINT  =         0.0000
 EKCMT  =      3392.9264  VIRIAL  =      4085.1667  VOLUME     =    117169.9857
                                                    Density    =         1.0317
 Ewald error estimate:   0.2147E-03
 ------------------------------------------------------------------------------


 NSTEP =    39500   TIME(PS) =     299.000  TEMP(K) =   297.87  PRESS =   -83.5
 Etot   =    -33403.7437  EKtot   =      7053.4407  EPtot      =    -40457.1844
 BOND   =       164.3228  ANGLE   =       348.1164  DIHED      =       516.6070
 1-4 NB =       173.3340  1-4 EEL =      -365.5969  VDWAALS    =      4813.2624
 EELEC  =    -46107.2302  EHBOND  =         0.0000  RESTRAINT  =         0.0000
 EKCMT  =      3337.6959  VIRIAL  =      3548.6317  VOLUME     =    117039.4566
                                                    Density    =         1.0329
 Ewald error estimate:   0.2168E-03
 ------------------------------------------------------------------------------


 NSTEP =    39750   TIME(PS) =     299.500  TEMP(K) =   299.13  PRESS =  -175.7
 Etot   =    -33495.5441  EKtot   =      7083.1657  EPtot      =    -40578.7098
 BOND   =       142.1054  ANGLE   =       345.4501  DIHED      =       507.0389
 1-4 NB =       172.4910  1-4 EEL =      -332.9353  VDWAALS    =      4822.0045
 EELEC  =    -46234.8643  EHBOND  =         0.0000  RESTRAINT  =         0.0000
 EKCMT  =      3330.6490  VIRIAL  =      3774.0947  VOLUME     =    116896.5633
                                                    Density    =         1.0341
 Ewald error estimate:   0.1550E-03
 ------------------------------------------------------------------------------


 NSTEP =    40000   TIME(PS) =     300.000  TEMP(K) =   296.68  PRESS =  -168.7
 Etot   =    -33495.0419  EKtot   =      7025.1966  EPtot      =    -40520.2385
 BOND   =       147.6298  ANGLE   =       346.7768  DIHED      =       515.0223
 1-4 NB =       163.7581  1-4 EEL =      -373.7987  VDWAALS    =      4826.8667
 EELEC  =    -46146.4935  EHBOND  =         0.0000  RESTRAINT  =         0.0000
 EKCMT  =      3324.1232  VIRIAL  =      3749.3695  VOLUME     =    116743.2082
                                                    Density    =         1.0355
 Ewald error estimate:   0.4265E-04
 ------------------------------------------------------------------------------


 NSTEP =    40250   TIME(PS) =     300.500  TEMP(K) =   298.26  PRESS =   184.1
 Etot   =    -33413.0589  EKtot   =      7062.6963  EPtot      =    -40475.7551
 BOND   =       146.0265  ANGLE   =       353.9732  DIHED      =       520.8044
 1-4 NB =       164.3266  1-4 EEL =      -364.7834  VDWAALS    =      4948.3262
 EELEC  =    -46244.4287  EHBOND  =         0.0000  RESTRAINT  =         0.0000
 EKCMT  =      3335.2282  VIRIAL  =      2871.0740  VOLUME     =    116747.7074
                                                    Density    =         1.0355
 Ewald error estimate:   0.2070E-03
 ------------------------------------------------------------------------------


 NSTEP =    40500   TIME(PS) =     301.000  TEMP(K) =   295.96  PRESS =   -47.7
 Etot   =    -33509.3570  EKtot   =      7008.1645  EPtot      =    -40517.5215
 BOND   =       153.8532  ANGLE   =       343.4583  DIHED      =       506.2092
 1-4 NB =       178.3849  1-4 EEL =      -352.9209  VDWAALS    =      4833.0095
 EELEC  =    -46179.5157  EHBOND  =         0.0000  RESTRAINT  =         0.0000
 EKCMT  =      3293.4376  VIRIAL  =      3413.8655  VOLUME     =    116880.9426
                                                    Density    =         1.0343
 Ewald error estimate:   0.4832E-04
 ------------------------------------------------------------------------------


 NSTEP =    40750   TIME(PS) =     301.500  TEMP(K) =   298.37  PRESS =   -13.8
 Etot   =    -33476.2304  EKtot   =      7065.2560  EPtot      =    -40541.4864
 BOND   =       157.0043  ANGLE   =       346.1341  DIHED      =       487.7274
 1-4 NB =       175.6243  1-4 EEL =      -358.2899  VDWAALS    =      4923.4083
 EELEC  =    -46273.0949  EHBOND  =         0.0000  RESTRAINT  =         0.0000
 EKCMT  =      3332.5314  VIRIAL  =      3367.4208  VOLUME     =    116944.2531
                                                    Density    =         1.0337
 Ewald error estimate:   0.3266E-04
 ------------------------------------------------------------------------------


 NSTEP =    41000   TIME(PS) =     302.000  TEMP(K) =   304.11  PRESS =   -74.2
 Etot   =    -33294.1111  EKtot   =      7201.1817  EPtot      =    -40495.2928
 BOND   =       166.1035  ANGLE   =       342.7421  DIHED      =       503.2473
 1-4 NB =       172.4776  1-4 EEL =      -358.9556  VDWAALS    =      4791.2465
 EELEC  =    -46112.1541  EHBOND  =         0.0000  RESTRAINT  =         0.0000
 EKCMT  =      3384.8330  VIRIAL  =      3572.0636  VOLUME     =    116884.8700
                                                    Density    =         1.0342
 Ewald error estimate:   0.6769E-04
 ------------------------------------------------------------------------------


 NSTEP =    41250   TIME(PS) =     302.500  TEMP(K) =   300.82  PRESS =   181.6
 Etot   =    -33236.9779  EKtot   =      7123.1675  EPtot      =    -40360.1454
 BOND   =       175.6618  ANGLE   =       350.7564  DIHED      =       517.8198
 1-4 NB =       171.5405  1-4 EEL =      -344.2762  VDWAALS    =      4902.6736
 EELEC  =    -46134.3212  EHBOND  =         0.0000  RESTRAINT  =         0.0000
 EKCMT  =      3325.9788  VIRIAL  =      2867.8272  VOLUME     =    116840.5855
                                                    Density    =         1.0346
 Ewald error estimate:   0.4403E-04
 ------------------------------------------------------------------------------


 NSTEP =    41500   TIME(PS) =     303.000  TEMP(K) =   299.16  PRESS =   -62.5
 Etot   =    -33263.5222  EKtot   =      7083.9387  EPtot      =    -40347.4609
 BOND   =       158.8135  ANGLE   =       372.1098  DIHED      =       527.4038
 1-4 NB =       165.3626  1-4 EEL =      -353.0642  VDWAALS    =      4852.5511
 EELEC  =    -46070.6375  EHBOND  =         0.0000  RESTRAINT  =         0.0000
 EKCMT  =      3300.4480  VIRIAL  =      3458.5467  VOLUME     =    117105.0112
                                                    Density    =         1.0323
 Ewald error estimate:   0.4711E-04
 ------------------------------------------------------------------------------


 NSTEP =    41750   TIME(PS) =     303.500  TEMP(K) =   296.59  PRESS =  -257.8
 Etot   =    -33300.5163  EKtot   =      7023.0635  EPtot      =    -40323.5799
 BOND   =       168.6901  ANGLE   =       359.2149  DIHED      =       511.4434
 1-4 NB =       171.9154  1-4 EEL =      -360.5479  VDWAALS    =      4733.6777
 EELEC  =    -45907.9735  EHBOND  =         0.0000  RESTRAINT  =         0.0000
 EKCMT  =      3284.0428  VIRIAL  =      3934.8446  VOLUME     =    116901.3196
                                                    Density    =         1.0341
 Ewald error estimate:   0.8639E-04
 ------------------------------------------------------------------------------


 NSTEP =    42000   TIME(PS) =     304.000  TEMP(K) =   296.92  PRESS =   252.5
 Etot   =    -33466.9244  EKtot   =      7030.8635  EPtot      =    -40497.7880
 BOND   =       151.0430  ANGLE   =       345.0987  DIHED      =       508.4917
 1-4 NB =       174.6530  1-4 EEL =      -315.5255  VDWAALS    =      4962.3868
 EELEC  =    -46323.9356  EHBOND  =         0.0000  RESTRAINT  =         0.0000
 EKCMT  =      3284.4399  VIRIAL  =      2646.4169  VOLUME     =    117029.1396
                                                    Density    =         1.0330
 Ewald error estimate:   0.2952E-03
 ------------------------------------------------------------------------------


 NSTEP =    42250   TIME(PS) =     304.500  TEMP(K) =   299.97  PRESS =   107.0
 Etot   =    -33366.2319  EKtot   =      7103.0099  EPtot      =    -40469.2417
 BOND   =       153.0118  ANGLE   =       321.9033  DIHED      =       510.1911
 1-4 NB =       170.2007  1-4 EEL =      -341.3246  VDWAALS    =      4799.7525
 EELEC  =    -46082.9766  EHBOND  =         0.0000  RESTRAINT  =         0.0000
 EKCMT  =      3400.8450  VIRIAL  =      3130.5051  VOLUME     =    117031.0521
                                                    Density    =         1.0329
 Ewald error estimate:   0.2065E-03
 ------------------------------------------------------------------------------


 NSTEP =    42500   TIME(PS) =     305.000  TEMP(K) =   293.44  PRESS =   -99.6
 Etot   =    -33389.2643  EKtot   =      6948.3678  EPtot      =    -40337.6321
 BOND   =       145.4884  ANGLE   =       374.9993  DIHED      =       514.6640
 1-4 NB =       168.1019  1-4 EEL =      -355.0722  VDWAALS    =      4757.3107
 EELEC  =    -45943.1242  EHBOND  =         0.0000  RESTRAINT  =         0.0000
 EKCMT  =      3255.0214  VIRIAL  =      3506.7463  VOLUME     =    117027.0785
                                                    Density    =         1.0330
 Ewald error estimate:   0.2541E-03
 ------------------------------------------------------------------------------


 NSTEP =    42750   TIME(PS) =     305.500  TEMP(K) =   298.76  PRESS =    -8.1
 Etot   =    -33201.3793  EKtot   =      7074.3472  EPtot      =    -40275.7265
 BOND   =       160.8151  ANGLE   =       357.4487  DIHED      =       525.8538
 1-4 NB =       170.0953  1-4 EEL =      -352.1233  VDWAALS    =      4812.7716
 EELEC  =    -45950.5877  EHBOND  =         0.0000  RESTRAINT  =         0.0000
 EKCMT  =      3268.8044  VIRIAL  =      3289.2414  VOLUME     =    117159.0287
                                                    Density    =         1.0318
 Ewald error estimate:   0.1515E-03
 ------------------------------------------------------------------------------


 NSTEP =    43000   TIME(PS) =     306.000  TEMP(K) =   303.89  PRESS =   -67.7
 Etot   =    -33053.4257  EKtot   =      7195.8762  EPtot      =    -40249.3018
 BOND   =       167.3032  ANGLE   =       348.3734  DIHED      =       522.3723
 1-4 NB =       169.4976  1-4 EEL =      -344.0378  VDWAALS    =      4760.1903
 EELEC  =    -45873.0008  EHBOND  =         0.0000  RESTRAINT  =         0.0000
 EKCMT  =      3370.7214  VIRIAL  =      3541.9825  VOLUME     =    117189.0791
                                                    Density    =         1.0316
 Ewald error estimate:   0.1106E-03
 ------------------------------------------------------------------------------


 NSTEP =    43250   TIME(PS) =     306.500  TEMP(K) =   302.28  PRESS =   256.5
 Etot   =    -33133.7014  EKtot   =      7157.8306  EPtot      =    -40291.5320
 BOND   =       159.3079  ANGLE   =       337.0764  DIHED      =       523.4059
 1-4 NB =       160.7029  1-4 EEL =      -330.4985  VDWAALS    =      4935.5393
 EELEC  =    -46077.0659  EHBOND  =         0.0000  RESTRAINT  =         0.0000
 EKCMT  =      3343.2290  VIRIAL  =      2694.5021  VOLUME     =    117150.5836
                                                    Density    =         1.0319
 Ewald error estimate:   0.1110E-03
 ------------------------------------------------------------------------------


 NSTEP =    43500   TIME(PS) =     307.000  TEMP(K) =   304.83  PRESS =  -126.8
 Etot   =    -33065.4153  EKtot   =      7218.2194  EPtot      =    -40283.6347
 BOND   =       151.7926  ANGLE   =       335.0160  DIHED      =       507.8459
 1-4 NB =       167.2312  1-4 EEL =      -342.6039  VDWAALS    =      4740.2516
 EELEC  =    -45843.1680  EHBOND  =         0.0000  RESTRAINT  =         0.0000
 EKCMT  =      3397.0223  VIRIAL  =      3718.2942  VOLUME     =    117387.8109
                                                    Density    =         1.0298
 Ewald error estimate:   0.1969E-03
 ------------------------------------------------------------------------------


 NSTEP =    43750   TIME(PS) =     307.500  TEMP(K) =   299.29  PRESS =  -370.0
 Etot   =    -33188.8098  EKtot   =      7087.0268  EPtot      =    -40275.8366
 BOND   =       161.7002  ANGLE   =       348.3403  DIHED      =       522.5239
 1-4 NB =       168.6553  1-4 EEL =      -370.6773  VDWAALS    =      4665.3183
 EELEC  =    -45771.6973  EHBOND  =         0.0000  RESTRAINT  =         0.0000
 EKCMT  =      3320.6933  VIRIAL  =      4259.0921  VOLUME     =    117473.6326
                                                    Density    =         1.0291
 Ewald error estimate:   0.4404E-04
 ------------------------------------------------------------------------------


 NSTEP =    44000   TIME(PS) =     308.000  TEMP(K) =   301.33  PRESS =    95.9
 Etot   =    -33168.8009  EKtot   =      7135.2030  EPtot      =    -40304.0039
 BOND   =       153.5176  ANGLE   =       352.6232  DIHED      =       502.9063
 1-4 NB =       175.2295  1-4 EEL =      -348.4877  VDWAALS    =      4905.4002
 EELEC  =    -46045.1931  EHBOND  =         0.0000  RESTRAINT  =         0.0000
 EKCMT  =      3378.0056  VIRIAL  =      3134.9084  VOLUME     =    117381.9387
                                                    Density    =         1.0299
 Ewald error estimate:   0.1046E-03
 ------------------------------------------------------------------------------


 NSTEP =    44250   TIME(PS) =     308.500  TEMP(K) =   301.38  PRESS =   182.1
 Etot   =    -33194.6415  EKtot   =      7136.5192  EPtot      =    -40331.1607
 BOND   =       151.5598  ANGLE   =       337.5695  DIHED      =       502.0242
 1-4 NB =       167.4873  1-4 EEL =      -330.1612  VDWAALS    =      4909.0024
 EELEC  =    -46068.6427  EHBOND  =         0.0000  RESTRAINT  =         0.0000
 EKCMT  =      3313.8128  VIRIAL  =      2852.0660  VOLUME     =    117436.2408
                                                    Density    =         1.0294
 Ewald error estimate:   0.2912E-04
 ------------------------------------------------------------------------------


 NSTEP =    44500   TIME(PS) =     309.000  TEMP(K) =   299.93  PRESS =   -93.9
 Etot   =    -33260.0554  EKtot   =      7102.2676  EPtot      =    -40362.3230
 BOND   =       140.6103  ANGLE   =       352.6608  DIHED      =       512.2494
 1-4 NB =       172.6293  1-4 EEL =      -362.1685  VDWAALS    =      4866.6448
 EELEC  =    -46044.9491  EHBOND  =         0.0000  RESTRAINT  =         0.0000
 EKCMT  =      3319.1539  VIRIAL  =      3556.7841  VOLUME     =    117253.8035
                                                    Density    =         1.0310
 Ewald error estimate:   0.4575E-04
 ------------------------------------------------------------------------------


 NSTEP =    44750   TIME(PS) =     309.500  TEMP(K) =   301.13  PRESS =  -359.2
 Etot   =    -33228.9306  EKtot   =      7130.5695  EPtot      =    -40359.5001
 BOND   =       146.1954  ANGLE   =       342.1777  DIHED      =       516.1603
 1-4 NB =       167.8210  1-4 EEL =      -339.5647  VDWAALS    =      4817.9111
 EELEC  =    -46010.2009  EHBOND  =         0.0000  RESTRAINT  =         0.0000
 EKCMT  =      3344.6417  VIRIAL  =      4254.5822  VOLUME     =    117333.9043
                                                    Density    =         1.0303
 Ewald error estimate:   0.1308E-03
 ------------------------------------------------------------------------------


 NSTEP =    45000   TIME(PS) =     310.000  TEMP(K) =   299.02  PRESS =  -134.8
 Etot   =    -33248.7129  EKtot   =      7080.6361  EPtot      =    -40329.3491
 BOND   =       154.6693  ANGLE   =       385.4222  DIHED      =       497.9922
 1-4 NB =       167.7435  1-4 EEL =      -332.7403  VDWAALS    =      4876.9116
 EELEC  =    -46079.3475  EHBOND  =         0.0000  RESTRAINT  =         0.0000
 EKCMT  =      3313.0929  VIRIAL  =      3653.8015  VOLUME     =    117092.6950
                                                    Density    =         1.0324
 Ewald error estimate:   0.9222E-04
 ------------------------------------------------------------------------------


 NSTEP =    45250   TIME(PS) =     310.500  TEMP(K) =   299.27  PRESS =   259.1
 Etot   =    -33091.0340  EKtot   =      7086.5423  EPtot      =    -40177.5763
 BOND   =       146.7067  ANGLE   =       355.7675  DIHED      =       509.6005
 1-4 NB =       165.7022  1-4 EEL =      -339.7963  VDWAALS    =      4829.9492
 EELEC  =    -45845.5061  EHBOND  =         0.0000  RESTRAINT  =         0.0000
 EKCMT  =      3276.4200  VIRIAL  =      2620.9050  VOLUME     =    117154.3734
                                                    Density    =         1.0319
 Ewald error estimate:   0.1916E-03
 ------------------------------------------------------------------------------


 NSTEP =    45500   TIME(PS) =     311.000  TEMP(K) =   302.54  PRESS =  -204.2
 Etot   =    -33082.8420  EKtot   =      7163.9321  EPtot      =    -40246.7741
 BOND   =       159.9187  ANGLE   =       361.7922  DIHED      =       508.2016
 1-4 NB =       169.4912  1-4 EEL =      -352.1473  VDWAALS    =      4736.5194
 EELEC  =    -45830.5497  EHBOND  =         0.0000  RESTRAINT  =         0.0000
 EKCMT  =      3326.6290  VIRIAL  =      3843.0670  VOLUME     =    117148.2201
                                                    Density    =         1.0319
 Ewald error estimate:   0.2184E-04
 ------------------------------------------------------------------------------


 NSTEP =    45750   TIME(PS) =     311.500  TEMP(K) =   303.59  PRESS =    24.6
 Etot   =    -33186.0653  EKtot   =      7188.8795  EPtot      =    -40374.9448
 BOND   =       147.9745  ANGLE   =       338.6098  DIHED      =       503.7671
 1-4 NB =       166.5064  1-4 EEL =      -343.8245  VDWAALS    =      4823.1881
 EELEC  =    -46011.1663  EHBOND  =         0.0000  RESTRAINT  =         0.0000
 EKCMT  =      3424.2813  VIRIAL  =      3361.9989  VOLUME     =    117035.0268
                                                    Density    =         1.0329
 Ewald error estimate:   0.2881E-03
 ------------------------------------------------------------------------------


 NSTEP =    46000   TIME(PS) =     312.000  TEMP(K) =   300.16  PRESS =   102.1
 Etot   =    -33185.4828  EKtot   =      7107.6891  EPtot      =    -40293.1719
 BOND   =       155.7225  ANGLE   =       345.9365  DIHED      =       506.5600
 1-4 NB =       163.9878  1-4 EEL =      -358.4969  VDWAALS    =      4895.9865
 EELEC  =    -46002.8682  EHBOND  =         0.0000  RESTRAINT  =         0.0000
 EKCMT  =      3329.6450  VIRIAL  =      3071.3625  VOLUME     =    117177.1786
                                                    Density    =         1.0317
 Ewald error estimate:   0.3857E-04
 ------------------------------------------------------------------------------


 NSTEP =    46250   TIME(PS) =     312.500  TEMP(K) =   302.53  PRESS =    35.1
 Etot   =    -33114.2791  EKtot   =      7163.7507  EPtot      =    -40278.0298
 BOND   =       171.4337  ANGLE   =       321.6292  DIHED      =       516.0473
 1-4 NB =       170.9337  1-4 EEL =      -342.9850  VDWAALS    =      4903.0599
 EELEC  =    -46018.1487  EHBOND  =         0.0000  RESTRAINT  =         0.0000
 EKCMT  =      3374.9556  VIRIAL  =      3286.2257  VOLUME     =    117175.6386
                                                    Density    =         1.0317
 Ewald error estimate:   0.1394E-03
 ------------------------------------------------------------------------------


 NSTEP =    46500   TIME(PS) =     313.000  TEMP(K) =   300.71  PRESS =   -36.2
 Etot   =    -33152.2110  EKtot   =      7120.5593  EPtot      =    -40272.7703
 BOND   =       159.1966  ANGLE   =       353.1637  DIHED      =       521.3578
 1-4 NB =       178.5987  1-4 EEL =      -348.4566  VDWAALS    =      4885.1282
 EELEC  =    -46021.7585  EHBOND  =         0.0000  RESTRAINT  =         0.0000
 EKCMT  =      3335.2492  VIRIAL  =      3427.1315  VOLUME     =    117495.3821
                                                    Density    =         1.0289
 Ewald error estimate:   0.1367E-04
 ------------------------------------------------------------------------------


 NSTEP =    46750   TIME(PS) =     313.500  TEMP(K) =   295.55  PRESS =  -195.1
 Etot   =    -33246.5553  EKtot   =      6998.4344  EPtot      =    -40244.9897
 BOND   =       158.6343  ANGLE   =       343.9283  DIHED      =       503.2017
 1-4 NB =       170.1586  1-4 EEL =      -342.5635  VDWAALS    =      4800.4418
 EELEC  =    -45878.7909  EHBOND  =         0.0000  RESTRAINT  =         0.0000
 EKCMT  =      3309.0924  VIRIAL  =      3803.9292  VOLUME     =    117480.5210
                                                    Density    =         1.0290
 Ewald error estimate:   0.7590E-04
 ------------------------------------------------------------------------------


 NSTEP =    47000   TIME(PS) =     314.000  TEMP(K) =   300.23  PRESS =  -554.8
 Etot   =    -33188.5506  EKtot   =      7109.2487  EPtot      =    -40297.7993
 BOND   =       140.3214  ANGLE   =       340.9782  DIHED      =       522.2288
 1-4 NB =       175.9838  1-4 EEL =      -332.6562  VDWAALS    =      4643.4536
 EELEC  =    -45788.1088  EHBOND  =         0.0000  RESTRAINT  =         0.0000
 EKCMT  =      3324.3866  VIRIAL  =      4730.9130  VOLUME     =    117414.4998
                                                    Density    =         1.0296
 Ewald error estimate:   0.2850E-04
 ------------------------------------------------------------------------------


 NSTEP =    47250   TIME(PS) =     314.500  TEMP(K) =   298.78  PRESS =   107.0
 Etot   =    -33201.9899  EKtot   =      7074.9517  EPtot      =    -40276.9416
 BOND   =       166.6889  ANGLE   =       323.8123  DIHED      =       503.0481
 1-4 NB =       167.0444  1-4 EEL =      -330.8955  VDWAALS    =      4932.5520
 EELEC  =    -46039.1919  EHBOND  =         0.0000  RESTRAINT  =         0.0000
 EKCMT  =      3293.3674  VIRIAL  =      3022.2621  VOLUME     =    117306.8940
                                                    Density    =         1.0305
 Ewald error estimate:   0.8997E-04
 ------------------------------------------------------------------------------


 NSTEP =    47500   TIME(PS) =     315.000  TEMP(K) =   299.87  PRESS =  -178.5
 Etot   =    -33160.0143  EKtot   =      7100.7337  EPtot      =    -40260.7480
 BOND   =       174.2450  ANGLE   =       334.1320  DIHED      =       493.6097
 1-4 NB =       176.2442  1-4 EEL =      -332.9485  VDWAALS    =      4769.4886
 EELEC  =    -45875.5191  EHBOND  =         0.0000  RESTRAINT  =         0.0000
 EKCMT  =      3273.9924  VIRIAL  =      3725.8393  VOLUME     =    117222.9498
                                                    Density    =         1.0313
 Ewald error estimate:   0.7505E-05
 ------------------------------------------------------------------------------


 NSTEP =    47750   TIME(PS) =     315.500  TEMP(K) =   300.74  PRESS =   214.1
 Etot   =    -33305.4419  EKtot   =      7121.2825  EPtot      =    -40426.7244
 BOND   =       151.2596  ANGLE   =       353.9034  DIHED      =       503.1463
 1-4 NB =       165.8429  1-4 EEL =      -343.2556  VDWAALS    =      4949.6997
 EELEC  =    -46207.3207  EHBOND  =         0.0000  RESTRAINT  =         0.0000
 EKCMT  =      3331.4607  VIRIAL  =      2790.2629  VOLUME     =    117062.3011
                                                    Density    =         1.0327
 Ewald error estimate:   0.1232E-03
 ------------------------------------------------------------------------------


 NSTEP =    48000   TIME(PS) =     316.000  TEMP(K) =   299.64  PRESS =  -105.9
 Etot   =    -33337.8989  EKtot   =      7095.2795  EPtot      =    -40433.1784
 BOND   =       147.9092  ANGLE   =       328.3338  DIHED      =       492.9211
 1-4 NB =       167.4252  1-4 EEL =      -324.5845  VDWAALS    =      4746.9358
 EELEC  =    -45992.1191  EHBOND  =         0.0000  RESTRAINT  =         0.0000
 EKCMT  =      3318.9170  VIRIAL  =      3586.4816  VOLUME     =    117007.4503
                                                    Density    =         1.0332
 Ewald error estimate:   0.8724E-04
 ------------------------------------------------------------------------------


 NSTEP =    48250   TIME(PS) =     316.500  TEMP(K) =   297.06  PRESS =    13.4
 Etot   =    -33321.8967  EKtot   =      7034.0946  EPtot      =    -40355.9913
 BOND   =       155.3521  ANGLE   =       362.5606  DIHED      =       507.4545
 1-4 NB =       173.1521  1-4 EEL =      -349.3241  VDWAALS    =      4923.1610
 EELEC  =    -46128.3474  EHBOND  =         0.0000  RESTRAINT  =         0.0000
 EKCMT  =      3331.9705  VIRIAL  =      3298.1339  VOLUME     =    116960.5711
                                                    Density    =         1.0336
 Ewald error estimate:   0.1552E-03
 ------------------------------------------------------------------------------


 NSTEP =    48500   TIME(PS) =     317.000  TEMP(K) =   299.32  PRESS =  -601.1
 Etot   =    -33360.8649  EKtot   =      7087.6043  EPtot      =    -40448.4691
 BOND   =       153.3260  ANGLE   =       352.1455  DIHED      =       515.1962
 1-4 NB =       167.6565  1-4 EEL =      -359.6351  VDWAALS    =      4614.5697
 EELEC  =    -45891.7278  EHBOND  =         0.0000  RESTRAINT  =         0.0000
 EKCMT  =      3276.2186  VIRIAL  =      4795.5182  VOLUME     =    117055.2011
                                                    Density    =         1.0327
 Ewald error estimate:   0.2524E-03
 ------------------------------------------------------------------------------


 NSTEP =    48750   TIME(PS) =     317.500  TEMP(K) =   300.31  PRESS =    57.2
 Etot   =    -33408.0279  EKtot   =      7111.1837  EPtot      =    -40519.2116
 BOND   =       148.3772  ANGLE   =       348.4039  DIHED      =       495.9317
 1-4 NB =       183.1509  1-4 EEL =      -349.3148  VDWAALS    =      4961.3533
 EELEC  =    -46307.1137  EHBOND  =         0.0000  RESTRAINT  =         0.0000
 EKCMT  =      3323.2203  VIRIAL  =      3178.5995  VOLUME     =    117066.3324
                                                    Density    =         1.0326
 Ewald error estimate:   0.8602E-04
 ------------------------------------------------------------------------------


 NSTEP =    49000   TIME(PS) =     318.000  TEMP(K) =   298.80  PRESS =   138.4
 Etot   =    -33397.3249  EKtot   =      7075.3768  EPtot      =    -40472.7017
 BOND   =       152.1917  ANGLE   =       323.4120  DIHED      =       504.7016
 1-4 NB =       165.1182  1-4 EEL =      -341.5425  VDWAALS    =      4942.3103
 EELEC  =    -46218.8930  EHBOND  =         0.0000  RESTRAINT  =         0.0000
 EKCMT  =      3273.2199  VIRIAL  =      2924.0661  VOLUME     =    116821.2199
                                                    Density    =         1.0348
 Ewald error estimate:   0.7670E-04
 ------------------------------------------------------------------------------


 NSTEP =    49250   TIME(PS) =     318.500  TEMP(K) =   303.59  PRESS =  -124.5
 Etot   =    -33286.1292  EKtot   =      7188.7521  EPtot      =    -40474.8812
 BOND   =       147.1915  ANGLE   =       354.9697  DIHED      =       523.1921
 1-4 NB =       172.9607  1-4 EEL =      -337.6619  VDWAALS    =      4862.1803
 EELEC  =    -46197.7136  EHBOND  =         0.0000  RESTRAINT  =         0.0000
 EKCMT  =      3369.1421  VIRIAL  =      3683.6281  VOLUME     =    116981.7131
                                                    Density    =         1.0334
 Ewald error estimate:   0.5905E-04
 ------------------------------------------------------------------------------


 NSTEP =    49500   TIME(PS) =     319.000  TEMP(K) =   303.03  PRESS =  -320.0
 Etot   =    -33212.6710  EKtot   =      7175.5743  EPtot      =    -40388.2453
 BOND   =       152.2261  ANGLE   =       347.7380  DIHED      =       519.0174
 1-4 NB =       169.7819  1-4 EEL =      -333.9716  VDWAALS    =      4777.8695
 EELEC  =    -46020.9065  EHBOND  =         0.0000  RESTRAINT  =         0.0000
 EKCMT  =      3360.6250  VIRIAL  =      4168.3606  VOLUME     =    116919.1135
                                                    Density    =         1.0339
 Ewald error estimate:   0.1386E-03
 ------------------------------------------------------------------------------


 NSTEP =    49750   TIME(PS) =     319.500  TEMP(K) =   297.93  PRESS =  -186.8
 Etot   =    -33288.2596  EKtot   =      7054.6831  EPtot      =    -40342.9427
 BOND   =       178.9812  ANGLE   =       353.3232  DIHED      =       510.4330
 1-4 NB =       167.1298  1-4 EEL =      -360.9807  VDWAALS    =      4718.0203
 EELEC  =    -45909.8495  EHBOND  =         0.0000  RESTRAINT  =         0.0000
 EKCMT  =      3340.5545  VIRIAL  =      3811.9845  VOLUME     =    116903.1781
                                                    Density    =         1.0341
 Ewald error estimate:   0.1138E-03
 ------------------------------------------------------------------------------


 NSTEP =    50000   TIME(PS) =     320.000  TEMP(K) =   296.59  PRESS =   -97.0
 Etot   =    -33378.1412  EKtot   =      7023.0090  EPtot      =    -40401.1502
 BOND   =       163.0844  ANGLE   =       356.3558  DIHED      =       527.3166
 1-4 NB =       169.0509  1-4 EEL =      -352.6285  VDWAALS    =      4863.7021
 EELEC  =    -46128.0316  EHBOND  =         0.0000  RESTRAINT  =         0.0000
 EKCMT  =      3302.7269  VIRIAL  =      3547.2407  VOLUME     =    116745.4550
                                                    Density    =         1.0355
 Ewald error estimate:   0.7512E-04
 ------------------------------------------------------------------------------


 NSTEP =    50250   TIME(PS) =     320.500  TEMP(K) =   296.60  PRESS =   210.0
 Etot   =    -33455.1080  EKtot   =      7023.3761  EPtot      =    -40478.4841
 BOND   =       153.9426  ANGLE   =       343.1912  DIHED      =       518.8946
 1-4 NB =       172.2349  1-4 EEL =      -344.8434  VDWAALS    =      4942.1742
 EELEC  =    -46264.0783  EHBOND  =         0.0000  RESTRAINT  =         0.0000
 EKCMT  =      3302.9074  VIRIAL  =      2773.2936  VOLUME     =    116810.1906
                                                    Density    =         1.0349
 Ewald error estimate:   0.1191E-03
 ------------------------------------------------------------------------------


 NSTEP =    50500   TIME(PS) =     321.000  TEMP(K) =   304.63  PRESS =   -97.7
 Etot   =    -33238.2780  EKtot   =      7213.4870  EPtot      =    -40451.7650
 BOND   =       164.3460  ANGLE   =       359.0806  DIHED      =       503.5658
 1-4 NB =       163.5952  1-4 EEL =      -367.2702  VDWAALS    =      4760.4710
 EELEC  =    -46035.5533  EHBOND  =         0.0000  RESTRAINT  =         0.0000
 EKCMT  =      3329.0606  VIRIAL  =      3575.4764  VOLUME     =    116782.8863
                                                    Density    =         1.0351
 Ewald error estimate:   0.5913E-05
 ------------------------------------------------------------------------------


 NSTEP =    50750   TIME(PS) =     321.500  TEMP(K) =   301.57  PRESS =   314.6
 Etot   =    -33267.2588  EKtot   =      7140.9691  EPtot      =    -40408.2279
 BOND   =       158.0941  ANGLE   =       370.0414  DIHED      =       503.8837
 1-4 NB =       179.7521  1-4 EEL =      -372.3546  VDWAALS    =      4905.1697
 EELEC  =    -46152.8144  EHBOND  =         0.0000  RESTRAINT  =         0.0000
 EKCMT  =      3398.8413  VIRIAL  =      2604.9564  VOLUME     =    116883.6651
                                                    Density    =         1.0343
 Ewald error estimate:   0.1187E-03
 ------------------------------------------------------------------------------


 NSTEP =    51000   TIME(PS) =     322.000  TEMP(K) =   300.45  PRESS =   481.5
 Etot   =    -33298.7329  EKtot   =      7114.4536  EPtot      =    -40413.1865
 BOND   =       144.9365  ANGLE   =       365.2470  DIHED      =       507.3304
 1-4 NB =       163.9028  1-4 EEL =      -353.9043  VDWAALS    =      5121.9677
 EELEC  =    -46362.6666  EHBOND  =         0.0000  RESTRAINT  =         0.0000
 EKCMT  =      3359.3584  VIRIAL  =      2142.7276  VOLUME     =    117033.8851
                                                    Density    =         1.0329
 Ewald error estimate:   0.8647E-04
 ------------------------------------------------------------------------------


 NSTEP =    51250   TIME(PS) =     322.500  TEMP(K) =   301.74  PRESS =    -3.0
 Etot   =    -33194.1471  EKtot   =      7145.0990  EPtot      =    -40339.2461
 BOND   =       180.5379  ANGLE   =       363.0347  DIHED      =       508.8400
 1-4 NB =       163.3221  1-4 EEL =      -340.1154  VDWAALS    =      4893.3338
 EELEC  =    -46108.1992  EHBOND  =         0.0000  RESTRAINT  =         0.0000
 EKCMT  =      3351.2323  VIRIAL  =      3358.7651  VOLUME     =    116988.6467
                                                    Density    =         1.0333
 Ewald error estimate:   0.8769E-04
 ------------------------------------------------------------------------------


 NSTEP =    51500   TIME(PS) =     323.000  TEMP(K) =   299.82  PRESS =    22.5
 Etot   =    -33140.1307  EKtot   =      7099.4347  EPtot      =    -40239.5654
 BOND   =       161.0028  ANGLE   =       356.5028  DIHED      =       505.7810
 1-4 NB =       171.4582  1-4 EEL =      -337.1763  VDWAALS    =      4861.4897
 EELEC  =    -45958.6236  EHBOND  =         0.0000  RESTRAINT  =         0.0000
 EKCMT  =      3334.5733  VIRIAL  =      3277.6141  VOLUME     =    117243.2645
                                                    Density    =         1.0311
 Ewald error estimate:   0.4017E-05
 ------------------------------------------------------------------------------


 NSTEP =    51750   TIME(PS) =     323.500  TEMP(K) =   301.59  PRESS =    43.5
 Etot   =    -33195.4411  EKtot   =      7141.4338  EPtot      =    -40336.8749
 BOND   =       150.7499  ANGLE   =       362.6388  DIHED      =       503.9708
 1-4 NB =       168.9083  1-4 EEL =      -345.2771  VDWAALS    =      4863.6843
 EELEC  =    -46041.5500  EHBOND  =         0.0000  RESTRAINT  =         0.0000
 EKCMT  =      3336.4350  VIRIAL  =      3226.3899  VOLUME     =    117175.3262
                                                    Density    =         1.0317
 Ewald error estimate:   0.1233E-03
 ------------------------------------------------------------------------------


 NSTEP =    52000   TIME(PS) =     324.000  TEMP(K) =   294.13  PRESS =  -106.8
 Etot   =    -33157.8631  EKtot   =      6964.7697  EPtot      =    -40122.6328
 BOND   =       160.7889  ANGLE   =       360.5563  DIHED      =       510.8350
 1-4 NB =       167.9038  1-4 EEL =      -339.9151  VDWAALS    =      4668.8647
 EELEC  =    -45651.6665  EHBOND  =         0.0000  RESTRAINT  =         0.0000
 EKCMT  =      3252.9072  VIRIAL  =      3523.1389  VOLUME     =    117172.1993
                                                    Density    =         1.0317
 Ewald error estimate:   0.1463E-03
 ------------------------------------------------------------------------------


 NSTEP =    52250   TIME(PS) =     324.500  TEMP(K) =   301.52  PRESS =   -45.0
 Etot   =    -33131.9804  EKtot   =      7139.8319  EPtot      =    -40271.8123
 BOND   =       173.6666  ANGLE   =       350.3341  DIHED      =       503.2093
 1-4 NB =       172.6229  1-4 EEL =      -363.4626  VDWAALS    =      4761.4845
 EELEC  =    -45869.6671  EHBOND  =         0.0000  RESTRAINT  =         0.0000
 EKCMT  =      3344.5923  VIRIAL  =      3458.4671  VOLUME     =    117134.0525
                                                    Density    =         1.0320
 Ewald error estimate:   0.1016E-03
 ------------------------------------------------------------------------------


 NSTEP =    52500   TIME(PS) =     325.000  TEMP(K) =   299.22  PRESS =    96.2
 Etot   =    -33330.0888  EKtot   =      7085.2432  EPtot      =    -40415.3319
 BOND   =       154.0410  ANGLE   =       342.8522  DIHED      =       500.4031
 1-4 NB =       172.8766  1-4 EEL =      -349.9650  VDWAALS    =      4882.2314
 EELEC  =    -46117.7712  EHBOND  =         0.0000  RESTRAINT  =         0.0000
 EKCMT  =      3277.8122  VIRIAL  =      3034.5917  VOLUME     =    117125.5771
                                                    Density    =         1.0321
 Ewald error estimate:   0.1151E-03
 ------------------------------------------------------------------------------


 NSTEP =    52750   TIME(PS) =     325.500  TEMP(K) =   301.43  PRESS =   106.3
 Etot   =    -33324.2946  EKtot   =      7137.7376  EPtot      =    -40462.0321
 BOND   =       152.3334  ANGLE   =       370.5528  DIHED      =       495.9566
 1-4 NB =       174.9475  1-4 EEL =      -351.1026  VDWAALS    =      4819.0913
 EELEC  =    -46123.8112  EHBOND  =         0.0000  RESTRAINT  =         0.0000
 EKCMT  =      3355.7022  VIRIAL  =      3086.6691  VOLUME     =    117175.4136
                                                    Density    =         1.0317
 Ewald error estimate:   0.2034E-03
 ------------------------------------------------------------------------------


 NSTEP =    53000   TIME(PS) =     326.000  TEMP(K) =   298.06  PRESS =    38.7
 Etot   =    -33359.2895  EKtot   =      7057.8032  EPtot      =    -40417.0927
 BOND   =       147.4801  ANGLE   =       343.4882  DIHED      =       515.8701
 1-4 NB =       176.7498  1-4 EEL =      -350.1981  VDWAALS    =      4927.2203
 EELEC  =    -46177.7032  EHBOND  =         0.0000  RESTRAINT  =         0.0000
 EKCMT  =      3307.3735  VIRIAL  =      3209.3786  VOLUME     =    117132.0932
                                                    Density    =         1.0321
 Ewald error estimate:   0.7030E-04
 ------------------------------------------------------------------------------


 NSTEP =    53250   TIME(PS) =     326.500  TEMP(K) =   297.52  PRESS =  -124.5
 Etot   =    -33394.8721  EKtot   =      7045.1640  EPtot      =    -40440.0361
 BOND   =       160.3204  ANGLE   =       339.9096  DIHED      =       517.2696
 1-4 NB =       166.4897  1-4 EEL =      -368.8981  VDWAALS    =      4839.2740
 EELEC  =    -46094.4012  EHBOND  =         0.0000  RESTRAINT  =         0.0000
 EKCMT  =      3291.3341  VIRIAL  =      3606.4087  VOLUME     =    117244.9764
                                                    Density    =         1.0311
 Ewald error estimate:   0.8862E-05
 ------------------------------------------------------------------------------


 NSTEP =    53500   TIME(PS) =     327.000  TEMP(K) =   299.51  PRESS =    45.0
 Etot   =    -33384.7920  EKtot   =      7092.1307  EPtot      =    -40476.9227
 BOND   =       152.3850  ANGLE   =       346.2909  DIHED      =       500.5653
 1-4 NB =       168.7849  1-4 EEL =      -344.4669  VDWAALS    =      4867.1071
 EELEC  =    -46167.5889  EHBOND  =         0.0000  RESTRAINT  =         0.0000
 EKCMT  =      3332.6099  VIRIAL  =      3218.6107  VOLUME     =    117307.2011
                                                    Density    =         1.0305
 Ewald error estimate:   0.7364E-05
 ------------------------------------------------------------------------------


 NSTEP =    53750   TIME(PS) =     327.500  TEMP(K) =   296.82  PRESS =    55.7
 Etot   =    -33354.7148  EKtot   =      7028.5696  EPtot      =    -40383.2844
 BOND   =       139.5616  ANGLE   =       354.3829  DIHED      =       510.7533
 1-4 NB =       179.5433  1-4 EEL =      -344.7060  VDWAALS    =      4848.7951
 EELEC  =    -46071.6145  EHBOND  =         0.0000  RESTRAINT  =         0.0000
 EKCMT  =      3314.3500  VIRIAL  =      3173.0733  VOLUME     =    117436.8308
                                                    Density    =         1.0294
 Ewald error estimate:   0.4217E-04
 ------------------------------------------------------------------------------


 NSTEP =    54000   TIME(PS) =     328.000  TEMP(K) =   299.78  PRESS =    41.7
 Etot   =    -33279.9959  EKtot   =      7098.6142  EPtot      =    -40378.6101
 BOND   =       156.2994  ANGLE   =       354.5932  DIHED      =       518.0489
 1-4 NB =       171.7264  1-4 EEL =      -356.6574  VDWAALS    =      4851.6759
 EELEC  =    -46074.2965  EHBOND  =         0.0000  RESTRAINT  =         0.0000
 EKCMT  =      3365.0514  VIRIAL  =      3259.3971  VOLUME     =    117432.5989
                                                    Density    =         1.0294
 Ewald error estimate:   0.2730E-04
 ------------------------------------------------------------------------------


 NSTEP =    54250   TIME(PS) =     328.500  TEMP(K) =   299.23  PRESS =   -34.0
 Etot   =    -33369.0634  EKtot   =      7085.6044  EPtot      =    -40454.6678
 BOND   =       150.1463  ANGLE   =       360.3749  DIHED      =       512.2690
 1-4 NB =       173.0540  1-4 EEL =      -350.2179  VDWAALS    =      4971.0829
 EELEC  =    -46271.3769  EHBOND  =         0.0000  RESTRAINT  =         0.0000
 EKCMT  =      3338.4757  VIRIAL  =      3424.7810  VOLUME     =    117415.3946
                                                    Density    =         1.0296
 Ewald error estimate:   0.1725E-03
 ------------------------------------------------------------------------------


 NSTEP =    54500   TIME(PS) =     329.000  TEMP(K) =   292.87  PRESS =   152.6
 Etot   =    -33493.4060  EKtot   =      6934.8813  EPtot      =    -40428.2873
 BOND   =       158.0656  ANGLE   =       363.6772  DIHED      =       493.6155
 1-4 NB =       166.9072  1-4 EEL =      -348.2245  VDWAALS    =      4920.8896
 EELEC  =    -46183.2181  EHBOND  =         0.0000  RESTRAINT  =         0.0000
 EKCMT  =      3205.3129  VIRIAL  =      2818.4262  VOLUME     =    117415.1525
                                                    Density    =         1.0296
 Ewald error estimate:   0.1044E-03
 ------------------------------------------------------------------------------


 NSTEP =    54750   TIME(PS) =     329.500  TEMP(K) =   300.98  PRESS =  -355.5
 Etot   =    -33285.9710  EKtot   =      7127.1245  EPtot      =    -40413.0955
 BOND   =       156.4094  ANGLE   =       368.1268  DIHED      =       483.6075
 1-4 NB =       164.3128  1-4 EEL =      -364.1834  VDWAALS    =      4769.7441
 EELEC  =    -45991.1126  EHBOND  =         0.0000  RESTRAINT  =         0.0000
 EKCMT  =      3352.1089  VIRIAL  =      4251.6690  VOLUME     =    117208.5268
                                                    Density    =         1.0314
 Ewald error estimate:   0.8226E-04
 ------------------------------------------------------------------------------


 NSTEP =    55000   TIME(PS) =     330.000  TEMP(K) =   305.58  PRESS =  -161.9
 Etot   =    -33242.6240  EKtot   =      7235.8389  EPtot      =    -40478.4629
 BOND   =       158.4138  ANGLE   =       323.6358  DIHED      =       497.6476
 1-4 NB =       168.9450  1-4 EEL =      -347.0178  VDWAALS    =      4796.0680
 EELEC  =    -46076.1554  EHBOND  =         0.0000  RESTRAINT  =         0.0000
 EKCMT  =      3308.4575  VIRIAL  =      3717.8314  VOLUME     =    117106.4395
                                                    Density    =         1.0323
 Ewald error estimate:   0.1215E-03
 ------------------------------------------------------------------------------


 NSTEP =    55250   TIME(PS) =     330.500  TEMP(K) =   296.78  PRESS =    19.3
 Etot   =    -33383.9761  EKtot   =      7027.6191  EPtot      =    -40411.5952
 BOND   =       150.8878  ANGLE   =       359.5782  DIHED      =       514.0638
 1-4 NB =       172.0067  1-4 EEL =      -345.9014  VDWAALS    =      4827.7269
 EELEC  =    -46089.9574  EHBOND  =         0.0000  RESTRAINT  =         0.0000
 EKCMT  =      3317.5628  VIRIAL  =      3268.8811  VOLUME     =    116988.4156
                                                    Density    =         1.0333
 Ewald error estimate:   0.7070E-04
 ------------------------------------------------------------------------------


 NSTEP =    55500   TIME(PS) =     331.000  TEMP(K) =   300.66  PRESS =   -24.1
 Etot   =    -33303.5186  EKtot   =      7119.3872  EPtot      =    -40422.9057
 BOND   =       160.5310  ANGLE   =       346.1263  DIHED      =       496.6963
 1-4 NB =       175.8701  1-4 EEL =      -340.0865  VDWAALS    =      4844.4037
 EELEC  =    -46106.4465  EHBOND  =         0.0000  RESTRAINT  =         0.0000
 EKCMT  =      3323.8856  VIRIAL  =      3384.7722  VOLUME     =    117006.8014
                                                    Density    =         1.0332
 Ewald error estimate:   0.2951E-04
 ------------------------------------------------------------------------------


 NSTEP =    55750   TIME(PS) =     331.500  TEMP(K) =   304.12  PRESS =   278.7
 Etot   =    -33128.7041  EKtot   =      7201.3860  EPtot      =    -40330.0901
 BOND   =       152.3046  ANGLE   =       370.4369  DIHED      =       495.4405
 1-4 NB =       177.9424  1-4 EEL =      -340.3984  VDWAALS    =      4883.9580
 EELEC  =    -46069.7740  EHBOND  =         0.0000  RESTRAINT  =         0.0000
 EKCMT  =      3360.7769  VIRIAL  =      2656.8996  VOLUME     =    116971.2609
                                                    Density    =         1.0335
 Ewald error estimate:   0.1580E-03
 ------------------------------------------------------------------------------


 NSTEP =    56000   TIME(PS) =     332.000  TEMP(K) =   300.80  PRESS =   135.7
 Etot   =    -33101.8198  EKtot   =      7122.7393  EPtot      =    -40224.5591
 BOND   =       152.9401  ANGLE   =       361.5672  DIHED      =       513.3863
 1-4 NB =       164.9928  1-4 EEL =      -347.2964  VDWAALS    =      4825.8230
 EELEC  =    -45895.9721  EHBOND  =         0.0000  RESTRAINT  =         0.0000
 EKCMT  =      3300.9020  VIRIAL  =      2958.0015  VOLUME     =    117049.2286
                                                    Density    =         1.0328
 Ewald error estimate:   0.9770E-04
 ------------------------------------------------------------------------------


 NSTEP =    56250   TIME(PS) =     332.500  TEMP(K) =   303.83  PRESS =    99.8
 Etot   =    -33190.8425  EKtot   =      7194.4357  EPtot      =    -40385.2781
 BOND   =       141.2158  ANGLE   =       349.7254  DIHED      =       496.9593
 1-4 NB =       171.7520  1-4 EEL =      -342.0094  VDWAALS    =      4897.5856
 EELEC  =    -46100.5068  EHBOND  =         0.0000  RESTRAINT  =         0.0000
 EKCMT  =      3376.5307  VIRIAL  =      3124.2051  VOLUME     =    117144.8089
                                                    Density    =         1.0319
 Ewald error estimate:   0.3199E-04
 ------------------------------------------------------------------------------


 NSTEP =    56500   TIME(PS) =     333.000  TEMP(K) =   304.05  PRESS =  -221.8
 Etot   =    -33217.4386  EKtot   =      7199.8058  EPtot      =    -40417.2444
 BOND   =       167.2186  ANGLE   =       362.4784  DIHED      =       495.0228
 1-4 NB =       161.8388  1-4 EEL =      -348.5289  VDWAALS    =      4813.1684
 EELEC  =    -46068.4426  EHBOND  =         0.0000  RESTRAINT  =         0.0000
 EKCMT  =      3323.3830  VIRIAL  =      3884.3527  VOLUME     =    117130.5416
                                                    Density    =         1.0321
 Ewald error estimate:   0.9368E-04
 ------------------------------------------------------------------------------


 NSTEP =    56750   TIME(PS) =     333.500  TEMP(K) =   296.08  PRESS =   133.1
 Etot   =    -33349.1649  EKtot   =      7011.0513  EPtot      =    -40360.2163
 BOND   =       153.2361  ANGLE   =       356.5433  DIHED      =       505.5667
 1-4 NB =       172.4486  1-4 EEL =      -338.9598  VDWAALS    =      4781.3266
 EELEC  =    -45990.3777  EHBOND  =         0.0000  RESTRAINT  =         0.0000
 EKCMT  =      3242.1849  VIRIAL  =      2905.7970  VOLUME     =    117011.2438
                                                    Density    =         1.0331
 Ewald error estimate:   0.8399E-04
 ------------------------------------------------------------------------------


 NSTEP =    57000   TIME(PS) =     334.000  TEMP(K) =   298.85  PRESS =   -18.6
 Etot   =    -33229.6852  EKtot   =      7076.5101  EPtot      =    -40306.1953
 BOND   =       161.6252  ANGLE   =       377.0884  DIHED      =       493.5387
 1-4 NB =       165.5922  1-4 EEL =      -334.5740  VDWAALS    =      4897.0763
 EELEC  =    -46066.5421  EHBOND  =         0.0000  RESTRAINT  =         0.0000
 EKCMT  =      3340.4795  VIRIAL  =      3387.5635  VOLUME     =    117143.8305
                                                    Density    =         1.0320
 Ewald error estimate:   0.2209E-03
 ------------------------------------------------------------------------------


 NSTEP =    57250   TIME(PS) =     334.500  TEMP(K) =   299.48  PRESS =   -81.2
 Etot   =    -33246.5431  EKtot   =      7091.4626  EPtot      =    -40338.0057
 BOND   =       150.0534  ANGLE   =       341.0147  DIHED      =       518.4886
 1-4 NB =       168.0098  1-4 EEL =      -350.3159  VDWAALS    =      4802.1998
 EELEC  =    -45967.4561  EHBOND  =         0.0000  RESTRAINT  =         0.0000
 EKCMT  =      3258.1794  VIRIAL  =      3463.6800  VOLUME     =    117217.5527
                                                    Density    =         1.0313
 Ewald error estimate:   0.1547E-03
 ------------------------------------------------------------------------------


 NSTEP =    57500   TIME(PS) =     335.000  TEMP(K) =   298.90  PRESS =  -164.4
 Etot   =    -33178.0923  EKtot   =      7077.6992  EPtot      =    -40255.7916
 BOND   =       151.9192  ANGLE   =       349.2061  DIHED      =       510.4214
 1-4 NB =       174.1164  1-4 EEL =      -332.4003  VDWAALS    =      4671.8557
 EELEC  =    -45780.9100  EHBOND  =         0.0000  RESTRAINT  =         0.0000
 EKCMT  =      3250.7605  VIRIAL  =      3666.7739  VOLUME     =    117191.8070
                                                    Density    =         1.0315
 Ewald error estimate:   0.1714E-03
 ------------------------------------------------------------------------------


 NSTEP =    57750   TIME(PS) =     335.500  TEMP(K) =   300.57  PRESS =  -126.1
 Etot   =    -33268.9957  EKtot   =      7117.4047  EPtot      =    -40386.4004
 BOND   =       176.2491  ANGLE   =       366.7095  DIHED      =       497.3760
 1-4 NB =       167.9057  1-4 EEL =      -342.2375  VDWAALS    =      4837.5682
 EELEC  =    -46089.9714  EHBOND  =         0.0000  RESTRAINT  =         0.0000
 EKCMT  =      3267.2186  VIRIAL  =      3585.8819  VOLUME     =    117070.1224
                                                    Density    =         1.0326
 Ewald error estimate:   0.3458E-04
 ------------------------------------------------------------------------------


 NSTEP =    58000   TIME(PS) =     336.000  TEMP(K) =   299.35  PRESS =  -214.3
 Etot   =    -33337.4062  EKtot   =      7088.3041  EPtot      =    -40425.7103
 BOND   =       130.8326  ANGLE   =       359.2556  DIHED      =       518.0006
 1-4 NB =       176.4541  1-4 EEL =      -343.8165  VDWAALS    =      4741.6893
 EELEC  =    -46008.1261  EHBOND  =         0.0000  RESTRAINT  =         0.0000
 EKCMT  =      3264.5978  VIRIAL  =      3805.6159  VOLUME     =    116941.4327
                                                    Density    =         1.0337
 Ewald error estimate:   0.1172E-04
 ------------------------------------------------------------------------------


 NSTEP =    58250   TIME(PS) =     336.500  TEMP(K) =   302.30  PRESS =   232.8
 Etot   =    -33181.7076  EKtot   =      7158.2759  EPtot      =    -40339.9835
 BOND   =       174.3855  ANGLE   =       343.1238  DIHED      =       501.6279
 1-4 NB =       168.2557  1-4 EEL =      -359.5061  VDWAALS    =      4924.3816
 EELEC  =    -46092.2518  EHBOND  =         0.0000  RESTRAINT  =         0.0000
 EKCMT  =      3296.2696  VIRIAL  =      2707.8948  VOLUME     =    117036.0648
                                                    Density    =         1.0329
 Ewald error estimate:   0.3029E-03
 ------------------------------------------------------------------------------


 NSTEP =    58500   TIME(PS) =     337.000  TEMP(K) =   301.21  PRESS =    41.3
 Etot   =    -33107.7140  EKtot   =      7132.4452  EPtot      =    -40240.1592
 BOND   =       150.8683  ANGLE   =       367.8625  DIHED      =       506.9141
 1-4 NB =       167.9596  1-4 EEL =      -376.0125  VDWAALS    =      4790.7022
 EELEC  =    -45848.4535  EHBOND  =         0.0000  RESTRAINT  =         0.0000
 EKCMT  =      3389.0725  VIRIAL  =      3284.6820  VOLUME     =    116953.8421
                                                    Density    =         1.0336
 Ewald error estimate:   0.2853E-03
 ------------------------------------------------------------------------------


 NSTEP =    58750   TIME(PS) =     337.500  TEMP(K) =   300.73  PRESS =   335.0
 Etot   =    -33172.7966  EKtot   =      7121.0667  EPtot      =    -40293.8633
 BOND   =       167.2635  ANGLE   =       329.9901  DIHED      =       503.7269
 1-4 NB =       175.3435  1-4 EEL =      -341.1884  VDWAALS    =      4928.1031
 EELEC  =    -46057.1020  EHBOND  =         0.0000  RESTRAINT  =         0.0000
 EKCMT  =      3348.4618  VIRIAL  =      2502.2342  VOLUME     =    116997.4238
                                                    Density    =         1.0332
 Ewald error estimate:   0.1267E-03
 ------------------------------------------------------------------------------


 NSTEP =    59000   TIME(PS) =     338.000  TEMP(K) =   303.68  PRESS =    73.2
 Etot   =    -33087.0882  EKtot   =      7190.8411  EPtot      =    -40277.9293
 BOND   =       166.5770  ANGLE   =       324.6232  DIHED      =       519.8617
 1-4 NB =       174.3836  1-4 EEL =      -328.6433  VDWAALS    =      4921.8345
 EELEC  =    -46056.5660  EHBOND  =         0.0000  RESTRAINT  =         0.0000
 EKCMT  =      3352.5700  VIRIAL  =      3167.6592  VOLUME     =    117055.0638
                                                    Density    =         1.0327
 Ewald error estimate:   0.4253E-04
 ------------------------------------------------------------------------------


 NSTEP =    59250   TIME(PS) =     338.500  TEMP(K) =   301.94  PRESS =  -116.2
 Etot   =    -33065.2597  EKtot   =      7149.7056  EPtot      =    -40214.9653
 BOND   =       178.9542  ANGLE   =       356.3945  DIHED      =       501.8202
 1-4 NB =       164.1023  1-4 EEL =      -332.2665  VDWAALS    =      4783.0890
 EELEC  =    -45867.0590  EHBOND  =         0.0000  RESTRAINT  =         0.0000
 EKCMT  =      3391.6775  VIRIAL  =      3685.6179  VOLUME     =    117184.8840
                                                    Density    =         1.0316
 Ewald error estimate:   0.5507E-04
 ------------------------------------------------------------------------------


 NSTEP =    59500   TIME(PS) =     339.000  TEMP(K) =   308.31  PRESS =   224.9
 Etot   =    -32969.8592  EKtot   =      7300.6052  EPtot      =    -40270.4645
 BOND   =       172.5717  ANGLE   =       323.1234  DIHED      =       495.5170
 1-4 NB =       166.4959  1-4 EEL =      -335.3418  VDWAALS    =      4829.5910
 EELEC  =    -45922.4216  EHBOND  =         0.0000  RESTRAINT  =         0.0000
 EKCMT  =      3384.9976  VIRIAL  =      2814.8911  VOLUME     =    117405.4378
                                                    Density    =         1.0297
 Ewald error estimate:   0.4000E-04
 ------------------------------------------------------------------------------


 NSTEP =    59750   TIME(PS) =     339.500  TEMP(K) =   304.88  PRESS =   113.6
 Etot   =    -33072.0656  EKtot   =      7219.2887  EPtot      =    -40291.3543
 BOND   =       153.0358  ANGLE   =       343.3220  DIHED      =       494.6775
 1-4 NB =       173.9248  1-4 EEL =      -361.0555  VDWAALS    =      4892.7124
 EELEC  =    -45987.9713  EHBOND  =         0.0000  RESTRAINT  =         0.0000
 EKCMT  =      3427.6613  VIRIAL  =      3139.6057  VOLUME     =    117406.7714
                                                    Density    =         1.0296
 Ewald error estimate:   0.1565E-03
 ------------------------------------------------------------------------------


 NSTEP =    60000   TIME(PS) =     340.000  TEMP(K) =   298.82  PRESS =   -72.1
 Etot   =    -33122.8870  EKtot   =      7075.9651  EPtot      =    -40198.8522
 BOND   =       154.4527  ANGLE   =       336.2996  DIHED      =       492.1105
 1-4 NB =       177.5575  1-4 EEL =      -331.3585  VDWAALS    =      4829.6548
 EELEC  =    -45857.5688  EHBOND  =         0.0000  RESTRAINT  =         0.0000
 EKCMT  =      3287.8822  VIRIAL  =      3470.6000  VOLUME     =    117421.1493
                                                    Density    =         1.0295
 Ewald error estimate:   0.1939E-03
 ------------------------------------------------------------------------------


 NSTEP =    60250   TIME(PS) =     340.500  TEMP(K) =   301.20  PRESS =  -141.2
 Etot   =    -33099.1562  EKtot   =      7132.1950  EPtot      =    -40231.3513
 BOND   =       150.7907  ANGLE   =       339.1228  DIHED      =       500.9862
 1-4 NB =       167.6858  1-4 EEL =      -344.4468  VDWAALS    =      4781.3386
 EELEC  =    -45826.8284  EHBOND  =         0.0000  RESTRAINT  =         0.0000
 EKCMT  =      3343.5464  VIRIAL  =      3701.5298  VOLUME     =    117432.9733
                                                    Density    =         1.0294
 Ewald error estimate:   0.1662E-04
 ------------------------------------------------------------------------------


 NSTEP =    60500   TIME(PS) =     341.000  TEMP(K) =   301.85  PRESS =  -253.7
 Etot   =    -33066.9729  EKtot   =      7147.5153  EPtot      =    -40214.4882
 BOND   =       150.3178  ANGLE   =       361.0338  DIHED      =       501.3394
 1-4 NB =       167.2792  1-4 EEL =      -355.2662  VDWAALS    =      4690.3735
 EELEC  =    -45729.5657  EHBOND  =         0.0000  RESTRAINT  =         0.0000
 EKCMT  =      3332.2621  VIRIAL  =      3974.0773  VOLUME     =    117165.7359
                                                    Density    =         1.0318
 Ewald error estimate:   0.1249E-04
 ------------------------------------------------------------------------------


 NSTEP =    60750   TIME(PS) =     341.500  TEMP(K) =   302.76  PRESS =  -101.3
 Etot   =    -33153.4821  EKtot   =      7169.2101  EPtot      =    -40322.6923
 BOND   =       139.1074  ANGLE   =       336.0101  DIHED      =       498.2357
 1-4 NB =       173.4531  1-4 EEL =      -353.8537  VDWAALS    =      4712.9529
 EELEC  =    -45828.5978  EHBOND  =         0.0000  RESTRAINT  =         0.0000
 EKCMT  =      3382.2238  VIRIAL  =      3638.2688  VOLUME     =    117045.6992
                                                    Density    =         1.0328
 Ewald error estimate:   0.1853E-03
 ------------------------------------------------------------------------------


 NSTEP =    61000   TIME(PS) =     342.000  TEMP(K) =   308.07  PRESS =  -108.7
 Etot   =    -33074.8416  EKtot   =      7294.7981  EPtot      =    -40369.6397
 BOND   =       156.2280  ANGLE   =       328.5343  DIHED      =       509.2312
 1-4 NB =       167.6110  1-4 EEL =      -319.8769  VDWAALS    =      4733.6876
 EELEC  =    -45945.0549  EHBOND  =         0.0000  RESTRAINT  =         0.0000
 EKCMT  =      3418.4654  VIRIAL  =      3693.3966  VOLUME     =    117113.8011
                                                    Density    =         1.0322
 Ewald error estimate:   0.2116E-03
 ------------------------------------------------------------------------------


 NSTEP =    61250   TIME(PS) =     342.500  TEMP(K) =   306.51  PRESS =   -86.4
 Etot   =    -33070.9860  EKtot   =      7258.0362  EPtot      =    -40329.0222
 BOND   =       160.0022  ANGLE   =       363.7032  DIHED      =       512.3684
 1-4 NB =       177.5198  1-4 EEL =      -330.8840  VDWAALS    =      4849.9495
 EELEC  =    -46061.6813  EHBOND  =         0.0000  RESTRAINT  =         0.0000
 EKCMT  =      3421.3109  VIRIAL  =      3640.1377  VOLUME     =    117322.8452
                                                    Density    =         1.0304
 Ewald error estimate:   0.5677E-04
 ------------------------------------------------------------------------------


 NSTEP =    61500   TIME(PS) =     343.000  TEMP(K) =   304.55  PRESS =  -167.5
 Etot   =    -33173.0887  EKtot   =      7211.5323  EPtot      =    -40384.6210
 BOND   =       138.8187  ANGLE   =       334.3456  DIHED      =       504.3609
 1-4 NB =       175.0870  1-4 EEL =      -359.1177  VDWAALS    =      4722.9609
 EELEC  =    -45901.0763  EHBOND  =         0.0000  RESTRAINT  =         0.0000
 EKCMT  =      3390.9291  VIRIAL  =      3815.3605  VOLUME     =    117374.8523
                                                    Density    =         1.0299
 Ewald error estimate:   0.2180E-03
 ------------------------------------------------------------------------------


 NSTEP =    61750   TIME(PS) =     343.500  TEMP(K) =   302.85  PRESS =   247.9
 Etot   =    -33147.2315  EKtot   =      7171.2469  EPtot      =    -40318.4784
 BOND   =       157.6473  ANGLE   =       330.3381  DIHED      =       520.9875
 1-4 NB =       171.4627  1-4 EEL =      -333.9757  VDWAALS    =      4976.7258
 EELEC  =    -46141.6640  EHBOND  =         0.0000  RESTRAINT  =         0.0000
 EKCMT  =      3327.6355  VIRIAL  =      2699.0677  VOLUME     =    117426.3544
                                                    Density    =         1.0295
 Ewald error estimate:   0.6015E-05
 ------------------------------------------------------------------------------


 NSTEP =    62000   TIME(PS) =     344.000  TEMP(K) =   304.34  PRESS =   -69.6
 Etot   =    -33126.0209  EKtot   =      7206.4939  EPtot      =    -40332.5148
 BOND   =       169.6992  ANGLE   =       336.9962  DIHED      =       500.8356
 1-4 NB =       177.3239  1-4 EEL =      -323.3706  VDWAALS    =      4838.3769
 EELEC  =    -46032.3761  EHBOND  =         0.0000  RESTRAINT  =         0.0000
 EKCMT  =      3365.1111  VIRIAL  =      3541.6804  VOLUME     =    117517.0645
                                                    Density    =         1.0287
 Ewald error estimate:   0.1245E-04
 ------------------------------------------------------------------------------


 NSTEP =    62250   TIME(PS) =     344.500  TEMP(K) =   298.24  PRESS =   185.2
 Etot   =    -33182.6392  EKtot   =      7062.1004  EPtot      =    -40244.7396
 BOND   =       162.6705  ANGLE   =       376.3342  DIHED      =       493.3950
 1-4 NB =       166.7879  1-4 EEL =      -365.0220  VDWAALS    =      4904.5024
 EELEC  =    -45983.4076  EHBOND  =         0.0000  RESTRAINT  =         0.0000
 EKCMT  =      3283.2191  VIRIAL  =      2814.0805  VOLUME     =    117344.6487
                                                    Density    =         1.0302
 Ewald error estimate:   0.1886E-03
 ------------------------------------------------------------------------------


 NSTEP =    62500   TIME(PS) =     345.000  TEMP(K) =   303.90  PRESS =   -93.1
 Etot   =    -33228.6149  EKtot   =      7196.2786  EPtot      =    -40424.8935
 BOND   =       161.0895  ANGLE   =       365.0185  DIHED      =       516.0558
 1-4 NB =       165.1432  1-4 EEL =      -350.7018  VDWAALS    =      4796.5487
 EELEC  =    -46078.0475  EHBOND  =         0.0000  RESTRAINT  =         0.0000
 EKCMT  =      3299.1811  VIRIAL  =      3534.7192  VOLUME     =    117149.5398
                                                    Density    =         1.0319
 Ewald error estimate:   0.2191E-03
 ------------------------------------------------------------------------------


 NSTEP =    62750   TIME(PS) =     345.500  TEMP(K) =   297.29  PRESS =   276.0
 Etot   =    -33280.8445  EKtot   =      7039.6147  EPtot      =    -40320.4592
 BOND   =       153.5998  ANGLE   =       389.8624  DIHED      =       492.3498
 1-4 NB =       171.3905  1-4 EEL =      -343.1923  VDWAALS    =      4962.5067
 EELEC  =    -46146.9759  EHBOND  =         0.0000  RESTRAINT  =         0.0000
 EKCMT  =      3245.4287  VIRIAL  =      2548.4081  VOLUME     =    116963.1273
                                                    Density    =         1.0335
 Ewald error estimate:   0.2939E-04
 ------------------------------------------------------------------------------


 NSTEP =    63000   TIME(PS) =     346.000  TEMP(K) =   298.89  PRESS =    40.8
 Etot   =    -33282.4195  EKtot   =      7077.4351  EPtot      =    -40359.8546
 BOND   =       156.1709  ANGLE   =       341.4000  DIHED      =       502.7976
 1-4 NB =       165.9189  1-4 EEL =      -347.9087  VDWAALS    =      4763.8239
 EELEC  =    -45942.0572  EHBOND  =         0.0000  RESTRAINT  =         0.0000
 EKCMT  =      3345.5161  VIRIAL  =      3242.5757  VOLUME     =    116945.2768
                                                    Density    =         1.0337
 Ewald error estimate:   0.3002E-04
 ------------------------------------------------------------------------------


 NSTEP =    63250   TIME(PS) =     346.500  TEMP(K) =   300.17  PRESS =  -106.4
 Etot   =    -33294.5008  EKtot   =      7107.8749  EPtot      =    -40402.3756
 BOND   =       146.8923  ANGLE   =       354.5027  DIHED      =       495.3033
 1-4 NB =       173.2647  1-4 EEL =      -337.6418  VDWAALS    =      4871.2124
 EELEC  =    -46105.9091  EHBOND  =         0.0000  RESTRAINT  =         0.0000
 EKCMT  =      3287.4297  VIRIAL  =      3556.3323  VOLUME     =    117033.1410
                                                    Density    =         1.0329
 Ewald error estimate:   0.5485E-05
 ------------------------------------------------------------------------------


 NSTEP =    63500   TIME(PS) =     347.000  TEMP(K) =   297.86  PRESS =  -200.9
 Etot   =    -33260.2976  EKtot   =      7053.1377  EPtot      =    -40313.4353
 BOND   =       164.7158  ANGLE   =       338.1894  DIHED      =       504.3276
 1-4 NB =       172.7437  1-4 EEL =      -342.3287  VDWAALS    =      4803.7151
 EELEC  =    -45954.7982  EHBOND  =         0.0000  RESTRAINT  =         0.0000
 EKCMT  =      3318.6318  VIRIAL  =      3826.7639  VOLUME     =    117156.9730
                                                    Density    =         1.0318
 Ewald error estimate:   0.1469E-03
 ------------------------------------------------------------------------------


 NSTEP =    63750   TIME(PS) =     347.500  TEMP(K) =   298.50  PRESS =   -97.1
 Etot   =    -33391.5850  EKtot   =      7068.3109  EPtot      =    -40459.8959
 BOND   =       156.0835  ANGLE   =       359.4787  DIHED      =       497.5794
 1-4 NB =       174.7878  1-4 EEL =      -360.1543  VDWAALS    =      4866.3810
 EELEC  =    -46154.0520  EHBOND  =         0.0000  RESTRAINT  =         0.0000
 EKCMT  =      3287.0570  VIRIAL  =      3532.6316  VOLUME     =    117142.7043
                                                    Density    =         1.0320
 Ewald error estimate:   0.1085E-04
 ------------------------------------------------------------------------------


 NSTEP =    64000   TIME(PS) =     348.000  TEMP(K) =   302.30  PRESS =    62.3
 Etot   =    -33348.0532  EKtot   =      7158.2037  EPtot      =    -40506.2569
 BOND   =       139.4902  ANGLE   =       357.8539  DIHED      =       506.8283
 1-4 NB =       165.0571  1-4 EEL =      -359.7370  VDWAALS    =      4979.1820
 EELEC  =    -46294.9315  EHBOND  =         0.0000  RESTRAINT  =         0.0000
 EKCMT  =      3323.7431  VIRIAL  =      3166.1105  VOLUME     =    117170.5464
                                                    Density    =         1.0317
 Ewald error estimate:   0.2974E-03
 ------------------------------------------------------------------------------


 NSTEP =    64250   TIME(PS) =     348.500  TEMP(K) =   299.04  PRESS =   -90.3
 Etot   =    -33202.8755  EKtot   =      7081.1811  EPtot      =    -40284.0566
 BOND   =       157.1968  ANGLE   =       349.2625  DIHED      =       499.8289
 1-4 NB =       176.0846  1-4 EEL =      -355.4351  VDWAALS    =      4750.4347
 EELEC  =    -45861.4290  EHBOND  =         0.0000  RESTRAINT  =         0.0000
 EKCMT  =      3321.4293  VIRIAL  =      3549.7823  VOLUME     =    117145.2885
                                                    Density    =         1.0319
 Ewald error estimate:   0.2136E-03
 ------------------------------------------------------------------------------


 NSTEP =    64500   TIME(PS) =     349.000  TEMP(K) =   297.52  PRESS =  -131.5
 Etot   =    -33318.7576  EKtot   =      7045.0526  EPtot      =    -40363.8102
 BOND   =       172.9553  ANGLE   =       346.3407  DIHED      =       496.1917
 1-4 NB =       173.3401  1-4 EEL =      -348.0057  VDWAALS    =      4773.4503
 EELEC  =    -45978.0825  EHBOND  =         0.0000  RESTRAINT  =         0.0000
 EKCMT  =      3302.5909  VIRIAL  =      3635.3298  VOLUME     =    117174.2950
                                                    Density    =         1.0317
 Ewald error estimate:   0.1148E-03
 ------------------------------------------------------------------------------


 NSTEP =    64750   TIME(PS) =     349.500  TEMP(K) =   300.46  PRESS =   250.0
 Etot   =    -33286.1966  EKtot   =      7114.5980  EPtot      =    -40400.7946
 BOND   =       164.5883  ANGLE   =       370.1416  DIHED      =       498.4655
 1-4 NB =       166.4978  1-4 EEL =      -339.8334  VDWAALS    =      5002.3834
 EELEC  =    -46263.0377  EHBOND  =         0.0000  RESTRAINT  =         0.0000
 EKCMT  =      3329.9808  VIRIAL  =      2696.9942  VOLUME     =    117256.1860
                                                    Density    =         1.0310
 Ewald error estimate:   0.1418E-03
 ------------------------------------------------------------------------------


 NSTEP =    65000   TIME(PS) =     350.000  TEMP(K) =   298.50  PRESS =   -19.7
 Etot   =    -33402.1073  EKtot   =      7068.2065  EPtot      =    -40470.3138
 BOND   =       142.5598  ANGLE   =       351.5580  DIHED      =       498.7407
 1-4 NB =       178.7173  1-4 EEL =      -354.2531  VDWAALS    =      4896.6689
 EELEC  =    -46184.3054  EHBOND  =         0.0000  RESTRAINT  =         0.0000
 EKCMT  =      3299.2213  VIRIAL  =      3349.0264  VOLUME     =    117290.8566
                                                    Density    =         1.0307
 Ewald error estimate:   0.5262E-06
 ------------------------------------------------------------------------------


 NSTEP =    65250   TIME(PS) =     350.500  TEMP(K) =   299.14  PRESS =  -261.8
 Etot   =    -33348.3896  EKtot   =      7083.4075  EPtot      =    -40431.7970
 BOND   =       138.9773  ANGLE   =       337.6449  DIHED      =       503.4441
 1-4 NB =       172.9832  1-4 EEL =      -354.2868  VDWAALS    =      4846.5956
 EELEC  =    -46077.1552  EHBOND  =         0.0000  RESTRAINT  =         0.0000
 EKCMT  =      3270.0520  VIRIAL  =      3931.9769  VOLUME     =    117083.2729
                                                    Density    =         1.0325
 Ewald error estimate:   0.6383E-04
 ------------------------------------------------------------------------------


 NSTEP =    65500   TIME(PS) =     351.000  TEMP(K) =   298.63  PRESS =   118.4
 Etot   =    -33355.3063  EKtot   =      7071.2673  EPtot      =    -40426.5736
 BOND   =       139.4848  ANGLE   =       366.7388  DIHED      =       496.3763
 1-4 NB =       178.4779  1-4 EEL =      -325.6790  VDWAALS    =      4955.6977
 EELEC  =    -46237.6701  EHBOND  =         0.0000  RESTRAINT  =         0.0000
 EKCMT  =      3328.1401  VIRIAL  =      3028.9822  VOLUME     =    117072.0752
                                                    Density    =         1.0326
 Ewald error estimate:   0.1748E-03
 ------------------------------------------------------------------------------


 NSTEP =    65750   TIME(PS) =     351.500  TEMP(K) =   297.42  PRESS =    55.1
 Etot   =    -33390.1017  EKtot   =      7042.6825  EPtot      =    -40432.7842
 BOND   =       172.2730  ANGLE   =       336.4128  DIHED      =       506.0864
 1-4 NB =       159.8500  1-4 EEL =      -329.5040  VDWAALS    =      4875.7312
 EELEC  =    -46153.6336  EHBOND  =         0.0000  RESTRAINT  =         0.0000
 EKCMT  =      3260.6113  VIRIAL  =      3121.4355  VOLUME     =    117072.0829
                                                    Density    =         1.0326
 Ewald error estimate:   0.1347E-03
 ------------------------------------------------------------------------------


 NSTEP =    66000   TIME(PS) =     352.000  TEMP(K) =   299.63  PRESS =   -19.6
 Etot   =    -33228.9467  EKtot   =      7094.9954  EPtot      =    -40323.9421
 BOND   =       167.9451  ANGLE   =       347.1515  DIHED      =       506.0165
 1-4 NB =       171.0806  1-4 EEL =      -352.1918  VDWAALS    =      4889.9273
 EELEC  =    -46053.8713  EHBOND  =         0.0000  RESTRAINT  =         0.0000
 EKCMT  =      3329.1673  VIRIAL  =      3378.6979  VOLUME     =    116983.1577
                                                    Density    =         1.0334
 Ewald error estimate:   0.8366E-04
 ------------------------------------------------------------------------------


 NSTEP =    66250   TIME(PS) =     352.500  TEMP(K) =   296.95  PRESS =  -245.1
 Etot   =    -33391.2982  EKtot   =      7031.5357  EPtot      =    -40422.8339
 BOND   =       171.6931  ANGLE   =       336.1326  DIHED      =       501.9882
 1-4 NB =       164.4734  1-4 EEL =      -329.9041  VDWAALS    =      4829.1917
 EELEC  =    -46096.4087  EHBOND  =         0.0000  RESTRAINT  =         0.0000
 EKCMT  =      3245.3198  VIRIAL  =      3863.5511  VOLUME     =    116835.1392
                                                    Density    =         1.0347
 Ewald error estimate:   0.1319E-03
 ------------------------------------------------------------------------------


 NSTEP =    66500   TIME(PS) =     353.000  TEMP(K) =   298.73  PRESS =   207.9
 Etot   =    -33356.5383  EKtot   =      7073.8081  EPtot      =    -40430.3464
 BOND   =       167.2833  ANGLE   =       347.3742  DIHED      =       506.9332
 1-4 NB =       176.9744  1-4 EEL =      -338.8050  VDWAALS    =      4898.7623
 EELEC  =    -46188.8689  EHBOND  =         0.0000  RESTRAINT  =         0.0000
 EKCMT  =      3293.0426  VIRIAL  =      2769.0263  VOLUME     =    116714.3368
                                                    Density    =         1.0358
 Ewald error estimate:   0.1953E-03
 ------------------------------------------------------------------------------


 NSTEP =    66750   TIME(PS) =     353.500  TEMP(K) =   296.44  PRESS =   133.0
 Etot   =    -33265.4852  EKtot   =      7019.4187  EPtot      =    -40284.9039
 BOND   =       174.1166  ANGLE   =       328.3226  DIHED      =       503.8961
 1-4 NB =       181.1280  1-4 EEL =      -349.9277  VDWAALS    =      4860.6004
 EELEC  =    -45983.0399  EHBOND  =         0.0000  RESTRAINT  =         0.0000
 EKCMT  =      3339.7112  VIRIAL  =      3004.4258  VOLUME     =    116731.6027
                                                    Density    =         1.0356
 Ewald error estimate:   0.3031E-03
 ------------------------------------------------------------------------------


 NSTEP =    67000   TIME(PS) =     354.000  TEMP(K) =   300.80  PRESS =   298.7
 Etot   =    -33295.8912  EKtot   =      7122.7209  EPtot      =    -40418.6121
 BOND   =       144.0175  ANGLE   =       341.5104  DIHED      =       511.1551
 1-4 NB =       172.3058  1-4 EEL =      -345.2765  VDWAALS    =      4908.6749
 EELEC  =    -46150.9994  EHBOND  =         0.0000  RESTRAINT  =         0.0000
 EKCMT  =      3327.0192  VIRIAL  =      2573.2143  VOLUME     =    116874.9600
                                                    Density    =         1.0343
 Ewald error estimate:   0.2910E-04
 ------------------------------------------------------------------------------


 NSTEP =    67250   TIME(PS) =     354.500  TEMP(K) =   300.55  PRESS =   -99.5
 Etot   =    -33311.7555  EKtot   =      7116.9458  EPtot      =    -40428.7013
 BOND   =       167.6120  ANGLE   =       333.6000  DIHED      =       505.4772
 1-4 NB =       173.4750  1-4 EEL =      -343.7129  VDWAALS    =      4816.3361
 EELEC  =    -46081.4887  EHBOND  =         0.0000  RESTRAINT  =         0.0000
 EKCMT  =      3356.8586  VIRIAL  =      3608.3899  VOLUME     =    117039.0105
                                                    Density    =         1.0329
 Ewald error estimate:   0.6322E-04
 ------------------------------------------------------------------------------


 NSTEP =    67500   TIME(PS) =     355.000  TEMP(K) =   295.39  PRESS =   284.9
 Etot   =    -33268.5818  EKtot   =      6994.5714  EPtot      =    -40263.1532
 BOND   =       141.9738  ANGLE   =       323.8510  DIHED      =       503.3328
 1-4 NB =       171.8811  1-4 EEL =      -348.8622  VDWAALS    =      4835.6803
 EELEC  =    -45891.0100  EHBOND  =         0.0000  RESTRAINT  =         0.0000
 EKCMT  =      3216.4982  VIRIAL  =      2495.7953  VOLUME     =    117150.1306
                                                    Density    =         1.0319
 Ewald error estimate:   0.6345E-04
 ------------------------------------------------------------------------------


 NSTEP =    67750   TIME(PS) =     355.500  TEMP(K) =   298.40  PRESS =  -332.9
 Etot   =    -33283.3595  EKtot   =      7065.8263  EPtot      =    -40349.1858
 BOND   =       158.2358  ANGLE   =       308.3716  DIHED      =       495.5911
 1-4 NB =       175.8731  1-4 EEL =      -341.5346  VDWAALS    =      4690.5359
 EELEC  =    -45836.2587  EHBOND  =         0.0000  RESTRAINT  =         0.0000
 EKCMT  =      3266.2022  VIRIAL  =      4109.4282  VOLUME     =    117297.4061
                                                    Density    =         1.0306
 Ewald error estimate:   0.2450E-03
 ------------------------------------------------------------------------------


 NSTEP =    68000   TIME(PS) =     356.000  TEMP(K) =   297.77  PRESS =  -157.7
 Etot   =    -33237.7541  EKtot   =      7051.0613  EPtot      =    -40288.8154
 BOND   =       144.5975  ANGLE   =       330.9964  DIHED      =       485.6982
 1-4 NB =       166.2157  1-4 EEL =      -332.6850  VDWAALS    =      4720.1743
 EELEC  =    -45803.8125  EHBOND  =         0.0000  RESTRAINT  =         0.0000
 EKCMT  =      3302.6807  VIRIAL  =      3701.6716  VOLUME     =    117147.3488
                                                    Density    =         1.0319
 Ewald error estimate:   0.2486E-04
 ------------------------------------------------------------------------------


 NSTEP =    68250   TIME(PS) =     356.500  TEMP(K) =   297.57  PRESS =  -184.0
 Etot   =    -33321.4884  EKtot   =      7046.3289  EPtot      =    -40367.8173
 BOND   =       156.4646  ANGLE   =       332.4944  DIHED      =       504.6129
 1-4 NB =       169.5110  1-4 EEL =      -332.1936  VDWAALS    =      4816.9473
 EELEC  =    -46015.6539  EHBOND  =         0.0000  RESTRAINT  =         0.0000
 EKCMT  =      3234.5270  VIRIAL  =      3699.8304  VOLUME     =    117147.9230
                                                    Density    =         1.0319
 Ewald error estimate:   0.2182E-03
 ------------------------------------------------------------------------------


 NSTEP =    68500   TIME(PS) =     357.000  TEMP(K) =   299.49  PRESS =   293.7
 Etot   =    -33265.7967  EKtot   =      7091.7781  EPtot      =    -40357.5748
 BOND   =       151.6882  ANGLE   =       368.9207  DIHED      =       497.7022
 1-4 NB =       165.9807  1-4 EEL =      -363.0486  VDWAALS    =      5011.2410
 EELEC  =    -46190.0591  EHBOND  =         0.0000  RESTRAINT  =         0.0000
 EKCMT  =      3344.0706  VIRIAL  =      2601.6018  VOLUME     =    117086.4975
                                                    Density    =         1.0325
 Ewald error estimate:   0.2061E-03
 ------------------------------------------------------------------------------


 NSTEP =    68750   TIME(PS) =     357.500  TEMP(K) =   301.42  PRESS =   115.2
 Etot   =    -33261.8563  EKtot   =      7137.4443  EPtot      =    -40399.3006
 BOND   =       144.5758  ANGLE   =       342.7801  DIHED      =       498.3843
 1-4 NB =       177.3371  1-4 EEL =      -337.4950  VDWAALS    =      4801.2685
 EELEC  =    -46026.1514  EHBOND  =         0.0000  RESTRAINT  =         0.0000
 EKCMT  =      3348.4051  VIRIAL  =      3057.1698  VOLUME     =    117045.5285
                                                    Density    =         1.0328
 Ewald error estimate:   0.1774E-03
 ------------------------------------------------------------------------------


 NSTEP =    69000   TIME(PS) =     358.000  TEMP(K) =   301.96  PRESS =    42.7
 Etot   =    -33161.0041  EKtot   =      7150.1627  EPtot      =    -40311.1668
 BOND   =       140.3386  ANGLE   =       345.2131  DIHED      =       496.6489
 1-4 NB =       159.3972  1-4 EEL =      -348.6985  VDWAALS    =      4883.0300
 EELEC  =    -45987.0960  EHBOND  =         0.0000  RESTRAINT  =         0.0000
 EKCMT  =      3279.6031  VIRIAL  =      3171.5450  VOLUME     =    117267.5934
                                                    Density    =         1.0309
 Ewald error estimate:   0.6978E-04
 ------------------------------------------------------------------------------


 NSTEP =    69250   TIME(PS) =     358.500  TEMP(K) =   298.32  PRESS =  -186.4
 Etot   =    -33291.8594  EKtot   =      7063.9691  EPtot      =    -40355.8285
 BOND   =       145.6979  ANGLE   =       330.6224  DIHED      =       509.8612
 1-4 NB =       178.0709  1-4 EEL =      -346.6444  VDWAALS    =      4831.2746
 EELEC  =    -46004.7110  EHBOND  =         0.0000  RESTRAINT  =         0.0000
 EKCMT  =      3351.3965  VIRIAL  =      3823.1645  VOLUME     =    117246.5651
                                                    Density    =         1.0310
 Ewald error estimate:   0.1856E-03
 ------------------------------------------------------------------------------


 NSTEP =    69500   TIME(PS) =     359.000  TEMP(K) =   297.14  PRESS =   151.1
 Etot   =    -33308.9177  EKtot   =      7036.0154  EPtot      =    -40344.9331
 BOND   =       152.8136  ANGLE   =       331.1497  DIHED      =       501.8026
 1-4 NB =       165.4230  1-4 EEL =      -356.9322  VDWAALS    =      4912.7529
 EELEC  =    -46051.9427  EHBOND  =         0.0000  RESTRAINT  =         0.0000
 EKCMT  =      3252.8664  VIRIAL  =      2870.3912  VOLUME     =    117274.0716
                                                    Density    =         1.0308
 Ewald error estimate:   0.2198E-03
 ------------------------------------------------------------------------------


 NSTEP =    69750   TIME(PS) =     359.500  TEMP(K) =   305.22  PRESS =   251.0
 Etot   =    -33191.2944  EKtot   =      7227.3356  EPtot      =    -40418.6301
 BOND   =       142.3659  ANGLE   =       322.0921  DIHED      =       507.4028
 1-4 NB =       173.6329  1-4 EEL =      -310.7906  VDWAALS    =      4888.7452
 EELEC  =    -46142.0784  EHBOND  =         0.0000  RESTRAINT  =         0.0000
 EKCMT  =      3417.3988  VIRIAL  =      2781.7312  VOLUME     =    117299.7314
                                                    Density    =         1.0306
 Ewald error estimate:   0.1717E-03
 ------------------------------------------------------------------------------


 NSTEP =    70000   TIME(PS) =     360.000  TEMP(K) =   296.85  PRESS =  -265.8
 Etot   =    -33284.4494  EKtot   =      7029.1157  EPtot      =    -40313.5651
 BOND   =       136.8879  ANGLE   =       367.0002  DIHED      =       491.4215
 1-4 NB =       168.7283  1-4 EEL =      -353.0533  VDWAALS    =      4674.7641
 EELEC  =    -45799.3137  EHBOND  =         0.0000  RESTRAINT  =         0.0000
 EKCMT  =      3242.6418  VIRIAL  =      3915.4566  VOLUME     =    117214.5514
                                                    Density    =         1.0313
 Ewald error estimate:   0.4518E-04
 ------------------------------------------------------------------------------


 NSTEP =    70250   TIME(PS) =     360.500  TEMP(K) =   298.09  PRESS =    89.1
 Etot   =    -33153.0200  EKtot   =      7058.5745  EPtot      =    -40211.5945
 BOND   =       151.5152  ANGLE   =       334.3475  DIHED      =       499.8816
 1-4 NB =       176.3339  1-4 EEL =      -331.6848  VDWAALS    =      4841.7771
 EELEC  =    -45883.7649  EHBOND  =         0.0000  RESTRAINT  =         0.0000
 EKCMT  =      3318.5577  VIRIAL  =      3093.1958  VOLUME     =    117124.1437
                                                    Density    =         1.0321
 Ewald error estimate:   0.5240E-04
 ------------------------------------------------------------------------------


 NSTEP =    70500   TIME(PS) =     361.000  TEMP(K) =   301.60  PRESS =   252.7
 Etot   =    -33155.8570  EKtot   =      7141.8088  EPtot      =    -40297.6658
 BOND   =       158.9304  ANGLE   =       363.5860  DIHED      =       487.8952
 1-4 NB =       165.3969  1-4 EEL =      -364.0122  VDWAALS    =      4890.6518
 EELEC  =    -46000.1139  EHBOND  =         0.0000  RESTRAINT  =         0.0000
 EKCMT  =      3284.9279  VIRIAL  =      2645.9962  VOLUME     =    117120.9442
                                                    Density    =         1.0322
 Ewald error estimate:   0.9114E-05
 ------------------------------------------------------------------------------


 NSTEP =    70750   TIME(PS) =     361.500  TEMP(K) =   301.64  PRESS =   248.8
 Etot   =    -33176.3601  EKtot   =      7142.7598  EPtot      =    -40319.1199
 BOND   =       158.8404  ANGLE   =       337.0275  DIHED      =       492.6125
 1-4 NB =       168.1255  1-4 EEL =      -342.5413  VDWAALS    =      4851.7947
 EELEC  =    -45984.9793  EHBOND  =         0.0000  RESTRAINT  =         0.0000
 EKCMT  =      3327.2381  VIRIAL  =      2697.2184  VOLUME     =    117260.2670
                                                    Density    =         1.0309
 Ewald error estimate:   0.1039E-03
 ------------------------------------------------------------------------------


 NSTEP =    71000   TIME(PS) =     362.000  TEMP(K) =   298.56  PRESS =  -409.5
 Etot   =    -33223.0722  EKtot   =      7069.7376  EPtot      =    -40292.8099
 BOND   =       154.4483  ANGLE   =       340.7141  DIHED      =       498.8487
 1-4 NB =       165.4584  1-4 EEL =      -352.4106  VDWAALS    =      4740.8879
 EELEC  =    -45840.7566  EHBOND  =         0.0000  RESTRAINT  =         0.0000
 EKCMT  =      3340.1770  VIRIAL  =      4375.9095  VOLUME     =    117137.2328
                                                    Density    =         1.0320
 Ewald error estimate:   0.4486E-04
 ------------------------------------------------------------------------------


 NSTEP =    71250   TIME(PS) =     362.500  TEMP(K) =   298.78  PRESS =   225.4
 Etot   =    -33167.7428  EKtot   =      7074.9583  EPtot      =    -40242.7012
 BOND   =       147.3906  ANGLE   =       357.5101  DIHED      =       503.2376
 1-4 NB =       165.0464  1-4 EEL =      -354.7571  VDWAALS    =      4893.0112
 EELEC  =    -45954.1399  EHBOND  =         0.0000  RESTRAINT  =         0.0000
 EKCMT  =      3333.7310  VIRIAL  =      2763.0412  VOLUME     =    117269.6858
                                                    Density    =         1.0308
 Ewald error estimate:   0.1531E-03
 ------------------------------------------------------------------------------


 NSTEP =    71500   TIME(PS) =     363.000  TEMP(K) =   303.16  PRESS =   217.2
 Etot   =    -33206.0403  EKtot   =      7178.6904  EPtot      =    -40384.7307
 BOND   =       142.8248  ANGLE   =       353.5948  DIHED      =       505.9338
 1-4 NB =       164.4839  1-4 EEL =      -373.6852  VDWAALS    =      4885.3902
 EELEC  =    -46063.2731  EHBOND  =         0.0000  RESTRAINT  =         0.0000
 EKCMT  =      3389.9065  VIRIAL  =      2839.9375  VOLUME     =    117271.1230
                                                    Density    =         1.0308
 Ewald error estimate:   0.1539E-03
 ------------------------------------------------------------------------------


 NSTEP =    71750   TIME(PS) =     363.500  TEMP(K) =   300.56  PRESS =   165.6
 Etot   =    -33102.7895  EKtot   =      7117.0055  EPtot      =    -40219.7950
 BOND   =       160.2247  ANGLE   =       335.9808  DIHED      =       506.6603
 1-4 NB =       171.9063  1-4 EEL =      -361.2369  VDWAALS    =      4837.7854
 EELEC  =    -45871.1155  EHBOND  =         0.0000  RESTRAINT  =         0.0000
 EKCMT  =      3350.3895  VIRIAL  =      2930.4453  VOLUME     =    117451.0182
                                                    Density    =         1.0293
 Ewald error estimate:   0.1551E-03
 ------------------------------------------------------------------------------


 NSTEP =    72000   TIME(PS) =     364.000  TEMP(K) =   301.04  PRESS =  -120.3
 Etot   =    -33266.7591  EKtot   =      7128.3530  EPtot      =    -40395.1121
 BOND   =       148.2351  ANGLE   =       328.9301  DIHED      =       500.9009
 1-4 NB =       173.5473  1-4 EEL =      -349.7030  VDWAALS    =      4860.8252
 EELEC  =    -46057.8476  EHBOND  =         0.0000  RESTRAINT  =         0.0000
 EKCMT  =      3360.7318  VIRIAL  =      3665.5637  VOLUME     =    117329.8801
                                                    Density    =         1.0303
 Ewald error estimate:   0.3401E-03
 ------------------------------------------------------------------------------


 NSTEP =    72250   TIME(PS) =     364.500  TEMP(K) =   296.84  PRESS =    86.0
 Etot   =    -33411.7666  EKtot   =      7029.1000  EPtot      =    -40440.8666
 BOND   =       161.2985  ANGLE   =       329.0528  DIHED      =       506.0481
 1-4 NB =       166.2661  1-4 EEL =      -362.8601  VDWAALS    =      4800.3603
 EELEC  =    -46041.0323  EHBOND  =         0.0000  RESTRAINT  =         0.0000
 EKCMT  =      3272.5820  VIRIAL  =      3055.0075  VOLUME     =    117205.5719
                                                    Density    =         1.0314
 Ewald error estimate:   0.2207E-03
 ------------------------------------------------------------------------------


 NSTEP =    72500   TIME(PS) =     365.000  TEMP(K) =   293.38  PRESS =   270.2
 Etot   =    -33460.6150  EKtot   =      6947.1605  EPtot      =    -40407.7755
 BOND   =       143.3316  ANGLE   =       332.9963  DIHED      =       494.5714
 1-4 NB =       167.3587  1-4 EEL =      -351.6551  VDWAALS    =      4919.5488
 EELEC  =    -46113.9272  EHBOND  =         0.0000  RESTRAINT  =         0.0000
 EKCMT  =      3227.7791  VIRIAL  =      2544.0765  VOLUME     =    117179.2376
                                                    Density    =         1.0316
 Ewald error estimate:   0.1470E-03
 ------------------------------------------------------------------------------


 NSTEP =    72750   TIME(PS) =     365.500  TEMP(K) =   294.20  PRESS =   124.6
 Etot   =    -33521.8564  EKtot   =      6966.5853  EPtot      =    -40488.4416
 BOND   =       139.8207  ANGLE   =       322.5787  DIHED      =       503.0281
 1-4 NB =       169.0951  1-4 EEL =      -364.5315  VDWAALS    =      4875.2655
 EELEC  =    -46133.6982  EHBOND  =         0.0000  RESTRAINT  =         0.0000
 EKCMT  =      3267.9972  VIRIAL  =      2953.1170  VOLUME     =    116999.9242
                                                    Density    =         1.0332
 Ewald error estimate:   0.2276E-04
 ------------------------------------------------------------------------------


 NSTEP =    73000   TIME(PS) =     366.000  TEMP(K) =   298.73  PRESS =  -145.2
 Etot   =    -33449.5577  EKtot   =      7073.7257  EPtot      =    -40523.2834
 BOND   =       164.2621  ANGLE   =       341.7513  DIHED      =       491.9205
 1-4 NB =       169.8389  1-4 EEL =      -336.7546  VDWAALS    =      4882.9590
 EELEC  =    -46237.2604  EHBOND  =         0.0000  RESTRAINT  =         0.0000
 EKCMT  =      3260.7166  VIRIAL  =      3627.4122  VOLUME     =    116995.6635
                                                    Density    =         1.0333
 Ewald error estimate:   0.1397E-03
 ------------------------------------------------------------------------------


 NSTEP =    73250   TIME(PS) =     366.500  TEMP(K) =   299.82  PRESS =   166.9
 Etot   =    -33374.7590  EKtot   =      7099.4556  EPtot      =    -40474.2146
 BOND   =       164.1981  ANGLE   =       346.7883  DIHED      =       497.4570
 1-4 NB =       172.6859  1-4 EEL =      -365.3148  VDWAALS    =      4968.3159
 EELEC  =    -46258.3450  EHBOND  =         0.0000  RESTRAINT  =         0.0000
 EKCMT  =      3321.0767  VIRIAL  =      2899.0816  VOLUME     =    117075.4518
                                                    Density    =         1.0326
 Ewald error estimate:   0.8494E-04
 ------------------------------------------------------------------------------


 NSTEP =    73500   TIME(PS) =     367.000  TEMP(K) =   300.73  PRESS =  -110.2
 Etot   =    -33364.8843  EKtot   =      7120.9845  EPtot      =    -40485.8688
 BOND   =       163.6017  ANGLE   =       374.3778  DIHED      =       514.4656
 1-4 NB =       170.8874  1-4 EEL =      -365.0657  VDWAALS    =      4941.8310
 EELEC  =    -46285.9667  EHBOND  =         0.0000  RESTRAINT  =         0.0000
 EKCMT  =      3372.3309  VIRIAL  =      3651.1001  VOLUME     =    117167.0357
                                                    Density    =         1.0317
 Ewald error estimate:   0.1973E-03
 ------------------------------------------------------------------------------


 NSTEP =    73750   TIME(PS) =     367.500  TEMP(K) =   299.16  PRESS =   -82.8
 Etot   =    -33310.8227  EKtot   =      7083.9331  EPtot      =    -40394.7558
 BOND   =       172.9888  ANGLE   =       337.1224  DIHED      =       518.9857
 1-4 NB =       171.1175  1-4 EEL =      -363.8781  VDWAALS    =      4847.9992
 EELEC  =    -46079.0913  EHBOND  =         0.0000  RESTRAINT  =         0.0000
 EKCMT  =      3286.0652  VIRIAL  =      3495.6041  VOLUME     =    117232.6200
                                                    Density    =         1.0312
 Ewald error estimate:   0.9939E-04
 ------------------------------------------------------------------------------


 NSTEP =    74000   TIME(PS) =     368.000  TEMP(K) =   297.51  PRESS =   -65.5
 Etot   =    -33293.1102  EKtot   =      7044.8725  EPtot      =    -40337.9827
 BOND   =       160.5330  ANGLE   =       350.5216  DIHED      =       508.8579
 1-4 NB =       169.9209  1-4 EEL =      -355.9170  VDWAALS    =      4805.1575
 EELEC  =    -45977.0566  EHBOND  =         0.0000  RESTRAINT  =         0.0000
 EKCMT  =      3289.2931  VIRIAL  =      3455.0019  VOLUME     =    117197.5126
                                                    Density    =         1.0315
 Ewald error estimate:   0.6050E-04
 ------------------------------------------------------------------------------


 NSTEP =    74250   TIME(PS) =     368.500  TEMP(K) =   295.22  PRESS =    31.1
 Etot   =    -33562.7565  EKtot   =      6990.5382  EPtot      =    -40553.2947
 BOND   =       139.3692  ANGLE   =       349.5225  DIHED      =       500.6823
 1-4 NB =       173.1620  1-4 EEL =      -323.3734  VDWAALS    =      4910.7272
 EELEC  =    -46303.3845  EHBOND  =         0.0000  RESTRAINT  =         0.0000
 EKCMT  =      3270.2380  VIRIAL  =      3191.6238  VOLUME     =    117021.0830
                                                    Density    =         1.0330
 Ewald error estimate:   0.2219E-03
 ------------------------------------------------------------------------------


 NSTEP =    74500   TIME(PS) =     369.000  TEMP(K) =   292.71  PRESS =    48.9
 Etot   =    -33503.1374  EKtot   =      6931.0910  EPtot      =    -40434.2283
 BOND   =       145.3220  ANGLE   =       342.0602  DIHED      =       507.8734
 1-4 NB =       173.6648  1-4 EEL =      -347.7581  VDWAALS    =      4895.4980
 EELEC  =    -46150.8886  EHBOND  =         0.0000  RESTRAINT  =         0.0000
 EKCMT  =      3286.2333  VIRIAL  =      3162.6594  VOLUME     =    117007.1356
                                                    Density    =         1.0332
 Ewald error estimate:   0.1300E-03
 ------------------------------------------------------------------------------


 NSTEP =    74750   TIME(PS) =     369.500  TEMP(K) =   295.18  PRESS =   -83.7
 Etot   =    -33480.6757  EKtot   =      6989.6800  EPtot      =    -40470.3558
 BOND   =       153.0203  ANGLE   =       343.3242  DIHED      =       507.9572
 1-4 NB =       168.9260  1-4 EEL =      -347.5309  VDWAALS    =      4877.1557
 EELEC  =    -46173.2083  EHBOND  =         0.0000  RESTRAINT  =         0.0000
 EKCMT  =      3293.7334  VIRIAL  =      3505.4045  VOLUME     =    117160.1227
                                                    Density    =         1.0318
 Ewald error estimate:   0.7441E-04
 ------------------------------------------------------------------------------


 NSTEP =    75000   TIME(PS) =     370.000  TEMP(K) =   291.36  PRESS =    50.1
 Etot   =    -33406.9339  EKtot   =      6899.1232  EPtot      =    -40306.0571
 BOND   =       175.2697  ANGLE   =       333.3480  DIHED      =       513.6590
 1-4 NB =       162.5551  1-4 EEL =      -362.0227  VDWAALS    =      4797.6783
 EELEC  =    -45926.5446  EHBOND  =         0.0000  RESTRAINT  =         0.0000
 EKCMT  =      3219.4282  VIRIAL  =      3092.6485  VOLUME     =    117165.6428
                                                    Density    =         1.0318
 Ewald error estimate:   0.1820E-03
 ------------------------------------------------------------------------------


 NSTEP =    75250   TIME(PS) =     370.500  TEMP(K) =   298.52  PRESS =  -307.5
 Etot   =    -33227.4710  EKtot   =      7068.8335  EPtot      =    -40296.3045
 BOND   =       170.2153  ANGLE   =       377.6105  DIHED      =       500.0112
 1-4 NB =       169.1416  1-4 EEL =      -352.7935  VDWAALS    =      4809.1438
 EELEC  =    -45969.6334  EHBOND  =         0.0000  RESTRAINT  =         0.0000
 EKCMT  =      3307.7062  VIRIAL  =      4085.0854  VOLUME     =    117081.0833
                                                    Density    =         1.0325
 Ewald error estimate:   0.5878E-04
 ------------------------------------------------------------------------------


 NSTEP =    75500   TIME(PS) =     371.000  TEMP(K) =   302.03  PRESS =  -153.8
 Etot   =    -33147.0312  EKtot   =      7151.8285  EPtot      =    -40298.8598
 BOND   =       169.5820  ANGLE   =       339.3296  DIHED      =       497.3616
 1-4 NB =       170.9430  1-4 EEL =      -341.8212  VDWAALS    =      4784.8410
 EELEC  =    -45919.0960  EHBOND  =         0.0000  RESTRAINT  =         0.0000
 EKCMT  =      3384.3478  VIRIAL  =      3772.8259  VOLUME     =    116981.4775
                                                    Density    =         1.0334
 Ewald error estimate:   0.1552E-03
 ------------------------------------------------------------------------------


 NSTEP =    75750   TIME(PS) =     371.500  TEMP(K) =   299.48  PRESS =     5.3
 Etot   =    -33176.5376  EKtot   =      7091.5275  EPtot      =    -40268.0651
 BOND   =       163.4069  ANGLE   =       369.4789  DIHED      =       503.3389
 1-4 NB =       164.9924  1-4 EEL =      -347.4107  VDWAALS    =      4858.5115
 EELEC  =    -45980.3829  EHBOND  =         0.0000  RESTRAINT  =         0.0000
 EKCMT  =      3330.0971  VIRIAL  =      3316.8090  VOLUME     =    117153.5376
                                                    Density    =         1.0319
 Ewald error estimate:   0.2186E-03
 ------------------------------------------------------------------------------


 NSTEP =    76000   TIME(PS) =     372.000  TEMP(K) =   300.27  PRESS =  -329.8
 Etot   =    -33226.6000  EKtot   =      7110.2293  EPtot      =    -40336.8293
 BOND   =       162.5476  ANGLE   =       345.6897  DIHED      =       521.3264
 1-4 NB =       174.2093  1-4 EEL =      -355.1283  VDWAALS    =      4774.3560
 EELEC  =    -45959.8301  EHBOND  =         0.0000  RESTRAINT  =         0.0000
 EKCMT  =      3351.5511  VIRIAL  =      4186.3249  VOLUME     =    117236.4725
                                                    Density    =         1.0311
 Ewald error estimate:   0.1250E-03
 ------------------------------------------------------------------------------


 NSTEP =    76250   TIME(PS) =     372.500  TEMP(K) =   296.02  PRESS =  -209.7
 Etot   =    -33265.1394  EKtot   =      7009.6443  EPtot      =    -40274.7837
 BOND   =       172.2460  ANGLE   =       348.0222  DIHED      =       505.6929
 1-4 NB =       170.8457  1-4 EEL =      -357.1068  VDWAALS    =      4741.0255
 EELEC  =    -45855.5093  EHBOND  =         0.0000  RESTRAINT  =         0.0000
 EKCMT  =      3275.7851  VIRIAL  =      3806.2197  VOLUME     =    117159.1581
                                                    Density    =         1.0318
 Ewald error estimate:   0.1011E-03
 ------------------------------------------------------------------------------


 NSTEP =    76500   TIME(PS) =     373.000  TEMP(K) =   299.77  PRESS =    30.6
 Etot   =    -33238.6320  EKtot   =      7098.3416  EPtot      =    -40336.9736
 BOND   =       157.0701  ANGLE   =       344.5626  DIHED      =       515.5628
 1-4 NB =       159.6429  1-4 EEL =      -365.6091  VDWAALS    =      4908.8561
 EELEC  =    -46057.0590  EHBOND  =         0.0000  RESTRAINT  =         0.0000
 EKCMT  =      3241.9355  VIRIAL  =      3164.6153  VOLUME     =    116989.8494
                                                    Density    =         1.0333
 Ewald error estimate:   0.5318E-04
 ------------------------------------------------------------------------------


 NSTEP =    76750   TIME(PS) =     373.500  TEMP(K) =   300.25  PRESS =  -220.5
 Etot   =    -33289.5280  EKtot   =      7109.7048  EPtot      =    -40399.2328
 BOND   =       170.0926  ANGLE   =       332.4171  DIHED      =       504.4441
 1-4 NB =       176.4027  1-4 EEL =      -353.7204  VDWAALS    =      4707.6977
 EELEC  =    -45936.5667  EHBOND  =         0.0000  RESTRAINT  =         0.0000
 EKCMT  =      3341.9944  VIRIAL  =      3898.7613  VOLUME     =    116952.4398
                                                    Density    =         1.0336
 Ewald error estimate:   0.1357E-03
 ------------------------------------------------------------------------------


 NSTEP =    77000   TIME(PS) =     374.000  TEMP(K) =   298.79  PRESS =    35.0
 Etot   =    -33226.7895  EKtot   =      7075.2773  EPtot      =    -40302.0668
 BOND   =       148.3067  ANGLE   =       362.0150  DIHED      =       496.9359
 1-4 NB =       162.9022  1-4 EEL =      -352.0518  VDWAALS    =      4838.7572
 EELEC  =    -45958.9320  EHBOND  =         0.0000  RESTRAINT  =         0.0000
 EKCMT  =      3278.0867  VIRIAL  =      3189.7319  VOLUME     =    116933.6898
                                                    Density    =         1.0338
 Ewald error estimate:   0.9760E-04
 ------------------------------------------------------------------------------


 NSTEP =    77250   TIME(PS) =     374.500  TEMP(K) =   306.37  PRESS =   124.2
 Etot   =    -33118.1998  EKtot   =      7254.6939  EPtot      =    -40372.8937
 BOND   =       139.9280  ANGLE   =       335.8839  DIHED      =       514.9245
 1-4 NB =       172.6439  1-4 EEL =      -364.0688  VDWAALS    =      4871.3359
 EELEC  =    -46043.5411  EHBOND  =         0.0000  RESTRAINT  =         0.0000
 EKCMT  =      3397.7698  VIRIAL  =      3083.9968  VOLUME     =    117049.6162
                                                    Density    =         1.0328
 Ewald error estimate:   0.7003E-04
 ------------------------------------------------------------------------------


 NSTEP =    77500   TIME(PS) =     375.000  TEMP(K) =   304.47  PRESS =  -191.2
 Etot   =    -33213.8174  EKtot   =      7209.7770  EPtot      =    -40423.5944
 BOND   =       165.3679  ANGLE   =       355.4570  DIHED      =       507.8021
 1-4 NB =       169.8165  1-4 EEL =      -345.6532  VDWAALS    =      4821.9058
 EELEC  =    -46098.2906  EHBOND  =         0.0000  RESTRAINT  =         0.0000
 EKCMT  =      3432.4999  VIRIAL  =      3915.8579  VOLUME     =    117090.6842
                                                    Density    =         1.0324
 Ewald error estimate:   0.4421E-04
 ------------------------------------------------------------------------------


 NSTEP =    77750   TIME(PS) =     375.500  TEMP(K) =   299.03  PRESS =    84.5
 Etot   =    -33207.4277  EKtot   =      7080.8160  EPtot      =    -40288.2437
 BOND   =       160.4190  ANGLE   =       377.8376  DIHED      =       513.0615
 1-4 NB =       167.0003  1-4 EEL =      -359.4775  VDWAALS    =      4899.3765
 EELEC  =    -46046.4611  EHBOND  =         0.0000  RESTRAINT  =         0.0000
 EKCMT  =      3332.1113  VIRIAL  =      3118.3160  VOLUME     =    117133.2684
                                                    Density    =         1.0320
 Ewald error estimate:   0.1687E-03
 ------------------------------------------------------------------------------


 NSTEP =    78000   TIME(PS) =     376.000  TEMP(K) =   301.67  PRESS =  -296.5
 Etot   =    -33140.8495  EKtot   =      7143.4258  EPtot      =    -40284.2752
 BOND   =       148.7133  ANGLE   =       352.5795  DIHED      =       505.9837
 1-4 NB =       173.6101  1-4 EEL =      -365.1819  VDWAALS    =      4734.4477
 EELEC  =    -45834.4276  EHBOND  =         0.0000  RESTRAINT  =         0.0000
 EKCMT  =      3354.8456  VIRIAL  =      4106.2977  VOLUME     =    117390.7942
                                                    Density    =         1.0298
 Ewald error estimate:   0.1315E-03
 ------------------------------------------------------------------------------


 NSTEP =    78250   TIME(PS) =     376.500  TEMP(K) =   303.25  PRESS =   161.5
 Etot   =    -33046.0654  EKtot   =      7180.7909  EPtot      =    -40226.8563
 BOND   =       173.7753  ANGLE   =       358.0980  DIHED      =       502.1253
 1-4 NB =       163.5364  1-4 EEL =      -374.5688  VDWAALS    =      4830.3283
 EELEC  =    -45880.1507  EHBOND  =         0.0000  RESTRAINT  =         0.0000
 EKCMT  =      3372.5826  VIRIAL  =      2963.5501  VOLUME     =    117294.8862
                                                    Density    =         1.0306
 Ewald error estimate:   0.9307E-04
 ------------------------------------------------------------------------------


 NSTEP =    78500   TIME(PS) =     377.000  TEMP(K) =   300.39  PRESS =   -80.4
 Etot   =    -33130.6414  EKtot   =      7113.1559  EPtot      =    -40243.7973
 BOND   =       157.2833  ANGLE   =       355.4355  DIHED      =       507.1672
 1-4 NB =       181.7917  1-4 EEL =      -343.6172  VDWAALS    =      4774.8708
 EELEC  =    -45876.7284  EHBOND  =         0.0000  RESTRAINT  =         0.0000
 EKCMT  =      3356.6134  VIRIAL  =      3560.3321  VOLUME     =    117374.9624
                                                    Density    =         1.0299
 Ewald error estimate:   0.1377E-03
 ------------------------------------------------------------------------------


 NSTEP =    78750   TIME(PS) =     377.500  TEMP(K) =   302.57  PRESS =  -140.2
 Etot   =    -33149.3594  EKtot   =      7164.7015  EPtot      =    -40314.0609
 BOND   =       150.0347  ANGLE   =       350.2803  DIHED      =       499.9022
 1-4 NB =       175.6924  1-4 EEL =      -357.3867  VDWAALS    =      4763.6514
 EELEC  =    -45896.2351  EHBOND  =         0.0000  RESTRAINT  =         0.0000
 EKCMT  =      3311.2376  VIRIAL  =      3666.7281  VOLUME     =    117438.7675
                                                    Density    =         1.0294
 Ewald error estimate:   0.5341E-05
 ------------------------------------------------------------------------------


 NSTEP =    79000   TIME(PS) =     378.000  TEMP(K) =   301.34  PRESS =   103.7
 Etot   =    -33187.4377  EKtot   =      7135.5250  EPtot      =    -40322.9627
 BOND   =       145.3568  ANGLE   =       367.7670  DIHED      =       486.2326
 1-4 NB =       173.1720  1-4 EEL =      -331.7285  VDWAALS    =      4879.4277
 EELEC  =    -46043.1902  EHBOND  =         0.0000  RESTRAINT  =         0.0000
 EKCMT  =      3340.9015  VIRIAL  =      3077.6103  VOLUME     =    117551.1859
                                                    Density    =         1.0284
 Ewald error estimate:   0.1021E-03
 ------------------------------------------------------------------------------


 NSTEP =    79250   TIME(PS) =     378.500  TEMP(K) =   299.69  PRESS =   -47.2
 Etot   =    -33236.8877  EKtot   =      7096.4560  EPtot      =    -40333.3437
 BOND   =       157.3459  ANGLE   =       343.6962  DIHED      =       508.8399
 1-4 NB =       159.5800  1-4 EEL =      -359.9586  VDWAALS    =      4841.6740
 EELEC  =    -45984.5210  EHBOND  =         0.0000  RESTRAINT  =         0.0000
 EKCMT  =      3297.7810  VIRIAL  =      3417.4423  VOLUME     =    117424.6287
                                                    Density    =         1.0295
 Ewald error estimate:   0.1040E-03
 ------------------------------------------------------------------------------


 NSTEP =    79500   TIME(PS) =     379.000  TEMP(K) =   295.94  PRESS =  -118.0
 Etot   =    -33262.5673  EKtot   =      7007.7145  EPtot      =    -40270.2818
 BOND   =       151.9124  ANGLE   =       332.9484  DIHED      =       497.1685
 1-4 NB =       172.2422  1-4 EEL =      -354.6212  VDWAALS    =      4909.9974
 EELEC  =    -45979.9296  EHBOND  =         0.0000  RESTRAINT  =         0.0000
 EKCMT  =      3244.7144  VIRIAL  =      3543.9932  VOLUME     =    117484.9151
                                                    Density    =         1.0290
 Ewald error estimate:   0.7641E-04
 ------------------------------------------------------------------------------


 NSTEP =    79750   TIME(PS) =     379.500  TEMP(K) =   299.28  PRESS =  -211.8
 Etot   =    -33302.1575  EKtot   =      7086.8429  EPtot      =    -40389.0004
 BOND   =       142.7738  ANGLE   =       348.1004  DIHED      =       503.0240
 1-4 NB =       172.8541  1-4 EEL =      -357.8199  VDWAALS    =      4759.9162
 EELEC  =    -45957.8490  EHBOND  =         0.0000  RESTRAINT  =         0.0000
 EKCMT  =      3272.7905  VIRIAL  =      3809.2444  VOLUME     =    117321.0061
                                                    Density    =         1.0304
 Ewald error estimate:   0.6024E-04
 ------------------------------------------------------------------------------


 NSTEP =    80000   TIME(PS) =     380.000  TEMP(K) =   301.90  PRESS =  -185.1
 Etot   =    -33264.2736  EKtot   =      7148.8202  EPtot      =    -40413.0938
 BOND   =       148.3532  ANGLE   =       375.2712  DIHED      =       507.9033
 1-4 NB =       166.6843  1-4 EEL =      -366.5373  VDWAALS    =      4752.4202
 EELEC  =    -45997.1887  EHBOND  =         0.0000  RESTRAINT  =         0.0000
 EKCMT  =      3250.2357  VIRIAL  =      3719.0878  VOLUME     =    117303.1131
                                                    Density    =         1.0306
 Ewald error estimate:   0.1234E-03
 ------------------------------------------------------------------------------


 NSTEP =    80250   TIME(PS) =     380.500  TEMP(K) =   297.76  PRESS =   -84.7
 Etot   =    -33562.5924  EKtot   =      7050.7189  EPtot      =    -40613.3113
 BOND   =       145.1351  ANGLE   =       318.7418  DIHED      =       510.7976
 1-4 NB =       168.2920  1-4 EEL =      -351.4832  VDWAALS    =      4874.8014
 EELEC  =    -46279.5960  EHBOND  =         0.0000  RESTRAINT  =         0.0000
 EKCMT  =      3296.2533  VIRIAL  =      3510.5994  VOLUME     =    117225.3244
                                                    Density    =         1.0312
 Ewald error estimate:   0.1674E-04
 ------------------------------------------------------------------------------


 NSTEP =    80500   TIME(PS) =     381.000  TEMP(K) =   298.90  PRESS =  -182.8
 Etot   =    -33469.3859  EKtot   =      7077.7546  EPtot      =    -40547.1405
 BOND   =       153.7611  ANGLE   =       315.5892  DIHED      =       507.1846
 1-4 NB =       169.1023  1-4 EEL =      -361.0341  VDWAALS    =      4838.5510
 EELEC  =    -46170.2947  EHBOND  =         0.0000  RESTRAINT  =         0.0000
 EKCMT  =      3286.5891  VIRIAL  =      3748.6424  VOLUME     =    117044.0651
                                                    Density    =         1.0328
 Ewald error estimate:   0.9693E-04
 ------------------------------------------------------------------------------


 NSTEP =    80750   TIME(PS) =     381.500  TEMP(K) =   299.10  PRESS =    59.0
 Etot   =    -33374.7960  EKtot   =      7082.4206  EPtot      =    -40457.2166
 BOND   =       173.5434  ANGLE   =       341.3565  DIHED      =       497.2472
 1-4 NB =       166.7737  1-4 EEL =      -358.9446  VDWAALS    =      4906.7286
 EELEC  =    -46183.9214  EHBOND  =         0.0000  RESTRAINT  =         0.0000
 EKCMT  =      3306.1857  VIRIAL  =      3156.9533  VOLUME     =    117223.8988
                                                    Density    =         1.0312
 Ewald error estimate:   0.1131E-03
 ------------------------------------------------------------------------------


 NSTEP =    81000   TIME(PS) =     382.000  TEMP(K) =   300.18  PRESS =  -159.4
 Etot   =    -33285.4330  EKtot   =      7108.0675  EPtot      =    -40393.5005
 BOND   =       146.2488  ANGLE   =       366.4944  DIHED      =       495.7825
 1-4 NB =       172.3319  1-4 EEL =      -351.6392  VDWAALS    =      4795.8755
 EELEC  =    -46018.5944  EHBOND  =         0.0000  RESTRAINT  =         0.0000
 EKCMT  =      3313.6989  VIRIAL  =      3716.7988  VOLUME     =    117091.1846
                                                    Density    =         1.0324
 Ewald error estimate:   0.1267E-03
 ------------------------------------------------------------------------------


 NSTEP =    81250   TIME(PS) =     382.500  TEMP(K) =   298.01  PRESS =    62.9
 Etot   =    -33318.0710  EKtot   =      7056.6533  EPtot      =    -40374.7243
 BOND   =       165.0055  ANGLE   =       343.6712  DIHED      =       500.3117
 1-4 NB =       170.3989  1-4 EEL =      -342.3144  VDWAALS    =      4889.3602
 EELEC  =    -46101.1574  EHBOND  =         0.0000  RESTRAINT  =         0.0000
 EKCMT  =      3309.9074  VIRIAL  =      3150.9274  VOLUME     =    117051.8336
                                                    Density    =         1.0328
 Ewald error estimate:   0.5139E-04
 ------------------------------------------------------------------------------


 NSTEP =    81500   TIME(PS) =     383.000  TEMP(K) =   296.58  PRESS =   139.3
 Etot   =    -33448.8628  EKtot   =      7022.8857  EPtot      =    -40471.7485
 BOND   =       161.0251  ANGLE   =       346.1515  DIHED      =       511.2674
 1-4 NB =       168.3552  1-4 EEL =      -359.8571  VDWAALS    =      4912.5545
 EELEC  =    -46211.2450  EHBOND  =         0.0000  RESTRAINT  =         0.0000
 EKCMT  =      3286.0396  VIRIAL  =      2933.9732  VOLUME     =    117027.5600
                                                    Density    =         1.0330
 Ewald error estimate:   0.1572E-03
 ------------------------------------------------------------------------------


 NSTEP =    81750   TIME(PS) =     383.500  TEMP(K) =   295.40  PRESS =   -29.7
 Etot   =    -33439.3436  EKtot   =      6994.9947  EPtot      =    -40434.3383
 BOND   =       165.3138  ANGLE   =       343.8527  DIHED      =       510.4793
 1-4 NB =       170.1885  1-4 EEL =      -357.8884  VDWAALS    =      4868.1443
 EELEC  =    -46134.4284  EHBOND  =         0.0000  RESTRAINT  =         0.0000
 EKCMT  =      3250.1713  VIRIAL  =      3325.2250  VOLUME     =    117163.7786
                                                    Density    =         1.0318
 Ewald error estimate:   0.2412E-03
 ------------------------------------------------------------------------------


 NSTEP =    82000   TIME(PS) =     384.000  TEMP(K) =   300.91  PRESS =   157.0
 Etot   =    -33444.2912  EKtot   =      7125.4725  EPtot      =    -40569.7637
 BOND   =       152.2549  ANGLE   =       344.6269  DIHED      =       499.2840
 1-4 NB =       168.5927  1-4 EEL =      -370.7161  VDWAALS    =      4933.7286
 EELEC  =    -46297.5347  EHBOND  =         0.0000  RESTRAINT  =         0.0000
 EKCMT  =      3377.6917  VIRIAL  =      2980.6597  VOLUME     =    117105.7453
                                                    Density    =         1.0323
 Ewald error estimate:   0.4095E-04
 ------------------------------------------------------------------------------


 NSTEP =    82250   TIME(PS) =     384.500  TEMP(K) =   299.25  PRESS =   135.9
 Etot   =    -33411.8620  EKtot   =      7086.1275  EPtot      =    -40497.9895
 BOND   =       169.2151  ANGLE   =       362.0688  DIHED      =       486.4399
 1-4 NB =       166.1655  1-4 EEL =      -351.3034  VDWAALS    =      4964.9877
 EELEC  =    -46295.5631  EHBOND  =         0.0000  RESTRAINT  =         0.0000
 EKCMT  =      3332.0640  VIRIAL  =      2988.4886  VOLUME     =    117084.4798
                                                    Density    =         1.0325
 Ewald error estimate:   0.7223E-04
 ------------------------------------------------------------------------------


 NSTEP =    82500   TIME(PS) =     385.000  TEMP(K) =   299.31  PRESS =    68.7
 Etot   =    -33295.8899  EKtot   =      7087.4282  EPtot      =    -40383.3181
 BOND   =       151.6943  ANGLE   =       335.4975  DIHED      =       492.6661
 1-4 NB =       170.5155  1-4 EEL =      -355.6138  VDWAALS    =      4839.8670
 EELEC  =    -46017.9447  EHBOND  =         0.0000  RESTRAINT  =         0.0000
 EKCMT  =      3346.6517  VIRIAL  =      3172.8062  VOLUME     =    117134.9182
                                                    Density    =         1.0320
 Ewald error estimate:   0.7237E-04
 ------------------------------------------------------------------------------


 NSTEP =    82750   TIME(PS) =     385.500  TEMP(K) =   298.57  PRESS =   -87.2
 Etot   =    -33251.0530  EKtot   =      7069.8859  EPtot      =    -40320.9389
 BOND   =       163.8062  ANGLE   =       346.7917  DIHED      =       504.9929
 1-4 NB =       166.7242  1-4 EEL =      -361.1215  VDWAALS    =      4798.6828
 EELEC  =    -45940.8152  EHBOND  =         0.0000  RESTRAINT  =         0.0000
 EKCMT  =      3323.7852  VIRIAL  =      3544.4004  VOLUME     =    117229.6599
                                                    Density    =         1.0312
 Ewald error estimate:   0.2441E-04
 ------------------------------------------------------------------------------


 NSTEP =    83000   TIME(PS) =     386.000  TEMP(K) =   295.48  PRESS =   206.3
 Etot   =    -33322.5413  EKtot   =      6996.7837  EPtot      =    -40319.3250
 BOND   =       146.1038  ANGLE   =       338.8163  DIHED      =       507.7631
 1-4 NB =       174.9129  1-4 EEL =      -341.7108  VDWAALS    =      4928.5574
 EELEC  =    -46073.7677  EHBOND  =         0.0000  RESTRAINT  =         0.0000
 EKCMT  =      3264.7275  VIRIAL  =      2742.1358  VOLUME     =    117307.6316
                                                    Density    =         1.0305
 Ewald error estimate:   0.2396E-03
 ------------------------------------------------------------------------------


 NSTEP =    83250   TIME(PS) =     386.500  TEMP(K) =   305.81  PRESS =   -73.5
 Etot   =    -33104.8313  EKtot   =      7241.3952  EPtot      =    -40346.2265
 BOND   =       143.2437  ANGLE   =       356.8563  DIHED      =       502.0826
 1-4 NB =       167.2174  1-4 EEL =      -347.6141  VDWAALS    =      4874.1104
 EELEC  =    -46042.1229  EHBOND  =         0.0000  RESTRAINT  =         0.0000
 EKCMT  =      3389.9935  VIRIAL  =      3576.4886  VOLUME     =    117449.2352
                                                    Density    =         1.0293
 Ewald error estimate:   0.1830E-04
 ------------------------------------------------------------------------------


 NSTEP =    83500   TIME(PS) =     387.000  TEMP(K) =   302.21  PRESS =  -119.0
 Etot   =    -33247.7302  EKtot   =      7156.0449  EPtot      =    -40403.7752
 BOND   =       138.9849  ANGLE   =       336.0862  DIHED      =       492.1534
 1-4 NB =       170.4048  1-4 EEL =      -348.9649  VDWAALS    =      4829.2152
 EELEC  =    -46021.6548  EHBOND  =         0.0000  RESTRAINT  =         0.0000
 EKCMT  =      3330.9493  VIRIAL  =      3632.4235  VOLUME     =    117359.6723
                                                    Density    =         1.0301
 Ewald error estimate:   0.3597E-04
 ------------------------------------------------------------------------------


 NSTEP =    83750   TIME(PS) =     387.500  TEMP(K) =   299.07  PRESS =  -241.0
 Etot   =    -33221.9736  EKtot   =      7081.8995  EPtot      =    -40303.8731
 BOND   =       148.8103  ANGLE   =       350.7848  DIHED      =       516.1465
 1-4 NB =       176.9277  1-4 EEL =      -360.1846  VDWAALS    =      4765.1920
 EELEC  =    -45901.5498  EHBOND  =         0.0000  RESTRAINT  =         0.0000
 EKCMT  =      3285.5557  VIRIAL  =      3896.1001  VOLUME     =    117339.0786
                                                    Density    =         1.0302
 Ewald error estimate:   0.7017E-04
 ------------------------------------------------------------------------------


 NSTEP =    84000   TIME(PS) =     388.000  TEMP(K) =   298.11  PRESS =   238.0
 Etot   =    -33372.1836  EKtot   =      7058.9990  EPtot      =    -40431.1826
 BOND   =       140.9208  ANGLE   =       353.7081  DIHED      =       497.8263
 1-4 NB =       169.0919  1-4 EEL =      -333.9575  VDWAALS    =      5039.3040
 EELEC  =    -46298.0763  EHBOND  =         0.0000  RESTRAINT  =         0.0000
 EKCMT  =      3343.7644  VIRIAL  =      2741.2971  VOLUME     =    117230.1279
                                                    Density    =         1.0312
 Ewald error estimate:   0.6901E-04
 ------------------------------------------------------------------------------


 NSTEP =    84250   TIME(PS) =     388.500  TEMP(K) =   301.90  PRESS =  -181.3
 Etot   =    -33338.8551  EKtot   =      7148.7307  EPtot      =    -40487.5858
 BOND   =       141.3061  ANGLE   =       367.3601  DIHED      =       498.0154
 1-4 NB =       172.1868  1-4 EEL =      -365.5463  VDWAALS    =      4850.4036
 EELEC  =    -46151.3116  EHBOND  =         0.0000  RESTRAINT  =         0.0000
 EKCMT  =      3374.2947  VIRIAL  =      3833.8465  VOLUME     =    117396.6734
                                                    Density    =         1.0297
 Ewald error estimate:   0.8545E-04
 ------------------------------------------------------------------------------


 NSTEP =    84500   TIME(PS) =     389.000  TEMP(K) =   301.34  PRESS =    21.7
 Etot   =    -33173.3082  EKtot   =      7135.5455  EPtot      =    -40308.8537
 BOND   =       173.3342  ANGLE   =       327.3028  DIHED      =       510.9455
 1-4 NB =       159.5958  1-4 EEL =      -358.0451  VDWAALS    =      4892.5733
 EELEC  =    -46014.5604  EHBOND  =         0.0000  RESTRAINT  =         0.0000
 EKCMT  =      3354.2677  VIRIAL  =      3299.2885  VOLUME     =    117277.7913
                                                    Density    =         1.0308
 Ewald error estimate:   0.1636E-04
 ------------------------------------------------------------------------------


 NSTEP =    84750   TIME(PS) =     389.500  TEMP(K) =   301.27  PRESS =  -168.0
 Etot   =    -33263.8950  EKtot   =      7133.9895  EPtot      =    -40397.8845
 BOND   =       149.0038  ANGLE   =       351.1017  DIHED      =       498.3512
 1-4 NB =       172.0246  1-4 EEL =      -353.6025  VDWAALS    =      4803.8706
 EELEC  =    -46018.6338  EHBOND  =         0.0000  RESTRAINT  =         0.0000
 EKCMT  =      3345.2007  VIRIAL  =      3770.9164  VOLUME     =    117366.0716
                                                    Density    =         1.0300
 Ewald error estimate:   0.8653E-04
 ------------------------------------------------------------------------------


 NSTEP =    85000   TIME(PS) =     390.000  TEMP(K) =   303.44  PRESS =   269.0
 Etot   =    -33231.0878  EKtot   =      7185.3761  EPtot      =    -40416.4639
 BOND   =       154.0301  ANGLE   =       353.5506  DIHED      =       498.0119
 1-4 NB =       174.5449  1-4 EEL =      -357.9560  VDWAALS    =      4985.3201
 EELEC  =    -46223.9656  EHBOND  =         0.0000  RESTRAINT  =         0.0000
 EKCMT  =      3338.9798  VIRIAL  =      2657.3332  VOLUME     =    117381.5920
                                                    Density    =         1.0299
 Ewald error estimate:   0.2107E-04
 ------------------------------------------------------------------------------


 NSTEP =    85250   TIME(PS) =     390.500  TEMP(K) =   302.15  PRESS =  -156.0
 Etot   =    -33277.8175  EKtot   =      7154.7421  EPtot      =    -40432.5596
 BOND   =       158.9361  ANGLE   =       334.0570  DIHED      =       499.2445
 1-4 NB =       165.0346  1-4 EEL =      -332.3100  VDWAALS    =      4888.5433
 EELEC  =    -46146.0651  EHBOND  =         0.0000  RESTRAINT  =         0.0000
 EKCMT  =      3345.4622  VIRIAL  =      3740.6096  VOLUME     =    117311.3140
                                                    Density    =         1.0305
 Ewald error estimate:   0.1329E-03
 ------------------------------------------------------------------------------


 NSTEP =    85500   TIME(PS) =     391.000  TEMP(K) =   298.16  PRESS =  -236.3
 Etot   =    -33341.1162  EKtot   =      7060.1684  EPtot      =    -40401.2845
 BOND   =       162.6318  ANGLE   =       331.3702  DIHED      =       500.5307
 1-4 NB =       172.8917  1-4 EEL =      -341.1398  VDWAALS    =      4789.4826
 EELEC  =    -46017.0517  EHBOND  =         0.0000  RESTRAINT  =         0.0000
 EKCMT  =      3315.3341  VIRIAL  =      3913.8523  VOLUME     =    117303.8553
                                                    Density    =         1.0305
 Ewald error estimate:   0.1596E-03
 ------------------------------------------------------------------------------


 NSTEP =    85750   TIME(PS) =     391.500  TEMP(K) =   294.87  PRESS =   165.3
 Etot   =    -33410.9000  EKtot   =      6982.2399  EPtot      =    -40393.1399
 BOND   =       178.5590  ANGLE   =       362.4578  DIHED      =       503.2733
 1-4 NB =       161.8234  1-4 EEL =      -344.3550  VDWAALS    =      4871.7986
 EELEC  =    -46126.6970  EHBOND  =         0.0000  RESTRAINT  =         0.0000
 EKCMT  =      3243.4154  VIRIAL  =      2825.0311  VOLUME     =    117208.3882
                                                    Density    =         1.0314
 Ewald error estimate:   0.2484E-03
 ------------------------------------------------------------------------------


 NSTEP =    86000   TIME(PS) =     392.000  TEMP(K) =   295.01  PRESS =   -81.4
 Etot   =    -33381.3274  EKtot   =      6985.5471  EPtot      =    -40366.8745
 BOND   =       164.4204  ANGLE   =       347.4519  DIHED      =       504.4987
 1-4 NB =       165.0368  1-4 EEL =      -346.0961  VDWAALS    =      4807.0393
 EELEC  =    -46009.2256  EHBOND  =         0.0000  RESTRAINT  =         0.0000
 EKCMT  =      3248.3655  VIRIAL  =      3454.1419  VOLUME     =    117098.6113
                                                    Density    =         1.0324
 Ewald error estimate:   0.6062E-04
 ------------------------------------------------------------------------------


 NSTEP =    86250   TIME(PS) =     392.500  TEMP(K) =   297.75  PRESS =   591.3
 Etot   =    -33284.1714  EKtot   =      7050.5978  EPtot      =    -40334.7692
 BOND   =       165.7103  ANGLE   =       346.3289  DIHED      =       496.9279
 1-4 NB =       164.4633  1-4 EEL =      -354.7071  VDWAALS    =      5046.4279
 EELEC  =    -46199.9203  EHBOND  =         0.0000  RESTRAINT  =         0.0000
 EKCMT  =      3249.0188  VIRIAL  =      1753.9047  VOLUME     =    117113.2265
                                                    Density    =         1.0322
 Ewald error estimate:   0.1846E-04
 ------------------------------------------------------------------------------


 NSTEP =    86500   TIME(PS) =     393.000  TEMP(K) =   301.78  PRESS =   360.3
 Etot   =    -33242.5328  EKtot   =      7145.8878  EPtot      =    -40388.4205
 BOND   =       170.7784  ANGLE   =       338.5048  DIHED      =       505.1965
 1-4 NB =       178.3088  1-4 EEL =      -362.6438  VDWAALS    =      4983.3322
 EELEC  =    -46201.8973  EHBOND  =         0.0000  RESTRAINT  =         0.0000
 EKCMT  =      3289.1906  VIRIAL  =      2377.3467  VOLUME     =    117218.3678
                                                    Density    =         1.0313
 Ewald error estimate:   0.5382E-04
 ------------------------------------------------------------------------------


 NSTEP =    86750   TIME(PS) =     393.500  TEMP(K) =   295.53  PRESS =  -140.5
 Etot   =    -33360.2129  EKtot   =      6997.9882  EPtot      =    -40358.2011
 BOND   =       153.6333  ANGLE   =       339.4176  DIHED      =       517.4740
 1-4 NB =       173.3483  1-4 EEL =      -336.5962  VDWAALS    =      4837.2276
 EELEC  =    -46042.7056  EHBOND  =         0.0000  RESTRAINT  =         0.0000
 EKCMT  =      3302.5425  VIRIAL  =      3658.3903  VOLUME     =    117306.6933
                                                    Density    =         1.0305
 Ewald error estimate:   0.1664E-03
 ------------------------------------------------------------------------------


 NSTEP =    87000   TIME(PS) =     394.000  TEMP(K) =   300.51  PRESS =   -61.9
 Etot   =    -33314.9632  EKtot   =      7115.8165  EPtot      =    -40430.7798
 BOND   =       161.4206  ANGLE   =       356.2701  DIHED      =       504.1212
 1-4 NB =       169.9232  1-4 EEL =      -371.2965  VDWAALS    =      4835.5044
 EELEC  =    -46086.7228  EHBOND  =         0.0000  RESTRAINT  =         0.0000
 EKCMT  =      3351.2554  VIRIAL  =      3507.9402  VOLUME     =    117327.7794
                                                    Density    =         1.0303
 Ewald error estimate:   0.4457E-04
 ------------------------------------------------------------------------------


 NSTEP =    87250   TIME(PS) =     394.500  TEMP(K) =   298.60  PRESS =  -131.6
 Etot   =    -33305.2158  EKtot   =      7070.7453  EPtot      =    -40375.9611
 BOND   =       162.2142  ANGLE   =       332.3809  DIHED      =       511.3558
 1-4 NB =       171.4810  1-4 EEL =      -356.7821  VDWAALS    =      4798.5081
 EELEC  =    -45995.1188  EHBOND  =         0.0000  RESTRAINT  =         0.0000
 EKCMT  =      3294.8321  VIRIAL  =      3628.1860  VOLUME     =    117297.1489
                                                    Density    =         1.0306
 Ewald error estimate:   0.9444E-04
 ------------------------------------------------------------------------------


 NSTEP =    87500   TIME(PS) =     395.000  TEMP(K) =   298.51  PRESS =   100.3
 Etot   =    -33302.9353  EKtot   =      7068.4345  EPtot      =    -40371.3698
 BOND   =       154.8200  ANGLE   =       345.0517  DIHED      =       519.8708
 1-4 NB =       168.5889  1-4 EEL =      -347.9307  VDWAALS    =      4940.6074
 EELEC  =    -46152.3779  EHBOND  =         0.0000  RESTRAINT  =         0.0000
 EKCMT  =      3327.9809  VIRIAL  =      3073.9937  VOLUME     =    117305.6447
                                                    Density    =         1.0305
 Ewald error estimate:   0.3552E-03
 ------------------------------------------------------------------------------


 NSTEP =    87750   TIME(PS) =     395.500  TEMP(K) =   298.19  PRESS =    36.9
 Etot   =    -33260.1190  EKtot   =      7061.0510  EPtot      =    -40321.1700
 BOND   =       151.8351  ANGLE   =       349.4393  DIHED      =       492.6142
 1-4 NB =       171.2285  1-4 EEL =      -337.9176  VDWAALS    =      4804.5146
 EELEC  =    -45952.8842  EHBOND  =         0.0000  RESTRAINT  =         0.0000
 EKCMT  =      3286.4819  VIRIAL  =      3193.2163  VOLUME     =    117153.2946
                                                    Density    =         1.0319
 Ewald error estimate:   0.1093E-03
 ------------------------------------------------------------------------------


 NSTEP =    88000   TIME(PS) =     396.000  TEMP(K) =   298.86  PRESS =   211.8
 Etot   =    -33258.0910  EKtot   =      7076.9271  EPtot      =    -40335.0181
 BOND   =       177.8612  ANGLE   =       340.9927  DIHED      =       506.4224
 1-4 NB =       159.5843  1-4 EEL =      -336.4997  VDWAALS    =      4938.2592
 EELEC  =    -46121.6382  EHBOND  =         0.0000  RESTRAINT  =         0.0000
 EKCMT  =      3340.2249  VIRIAL  =      2804.1239  VOLUME     =    117205.6069
                                                    Density    =         1.0314
 Ewald error estimate:   0.6987E-04
 ------------------------------------------------------------------------------


 NSTEP =    88250   TIME(PS) =     396.500  TEMP(K) =   300.06  PRESS =  -225.5
 Etot   =    -33306.6789  EKtot   =      7105.1393  EPtot      =    -40411.8182
 BOND   =       166.8652  ANGLE   =       335.7582  DIHED      =       495.8322
 1-4 NB =       175.6904  1-4 EEL =      -350.9029  VDWAALS    =      4817.3296
 EELEC  =    -46052.3909  EHBOND  =         0.0000  RESTRAINT  =         0.0000
 EKCMT  =      3362.1325  VIRIAL  =      3932.9837  VOLUME     =    117229.6869
                                                    Density    =         1.0312
 Ewald error estimate:   0.1543E-03
 ------------------------------------------------------------------------------


 NSTEP =    88500   TIME(PS) =     397.000  TEMP(K) =   295.45  PRESS =  -184.0
 Etot   =    -33303.2615  EKtot   =      6995.9538  EPtot      =    -40299.2153
 BOND   =       156.2338  ANGLE   =       342.2286  DIHED      =       489.1012
 1-4 NB =       163.8512  1-4 EEL =      -353.7311  VDWAALS    =      4737.4389
 EELEC  =    -45834.3380  EHBOND  =         0.0000  RESTRAINT  =         0.0000
 EKCMT  =      3310.3470  VIRIAL  =      3776.5167  VOLUME     =    117358.1953
                                                    Density    =         1.0301
 Ewald error estimate:   0.1402E-03
 ------------------------------------------------------------------------------


 NSTEP =    88750   TIME(PS) =     397.500  TEMP(K) =   297.20  PRESS =  -148.8
 Etot   =    -33325.0820  EKtot   =      7037.4669  EPtot      =    -40362.5489
 BOND   =       135.2122  ANGLE   =       345.3519  DIHED      =       516.2466
 1-4 NB =       172.9061  1-4 EEL =      -351.6164  VDWAALS    =      4763.9233
 EELEC  =    -45944.5727  EHBOND  =         0.0000  RESTRAINT  =         0.0000
 EKCMT  =      3311.7278  VIRIAL  =      3688.1671  VOLUME     =    117174.0451
                                                    Density    =         1.0317
 Ewald error estimate:   0.1287E-03
 ------------------------------------------------------------------------------


 NSTEP =    89000   TIME(PS) =     398.000  TEMP(K) =   302.06  PRESS =   168.5
 Etot   =    -33254.8684  EKtot   =      7152.5413  EPtot      =    -40407.4098
 BOND   =       159.6652  ANGLE   =       354.3198  DIHED      =       511.9335
 1-4 NB =       158.9673  1-4 EEL =      -375.6129  VDWAALS    =      4921.3357
 EELEC  =    -46138.0184  EHBOND  =         0.0000  RESTRAINT  =         0.0000
 EKCMT  =      3343.4605  VIRIAL  =      2916.6602  VOLUME     =    117340.6304
                                                    Density    =         1.0302
 Ewald error estimate:   0.3928E-04
 ------------------------------------------------------------------------------


 NSTEP =    89250   TIME(PS) =     398.500  TEMP(K) =   296.91  PRESS =   -78.5
 Etot   =    -33283.8035  EKtot   =      7030.7027  EPtot      =    -40314.5062
 BOND   =       168.5769  ANGLE   =       326.2249  DIHED      =       508.4522
 1-4 NB =       169.0327  1-4 EEL =      -347.0998  VDWAALS    =      4826.9888
 EELEC  =    -45966.6818  EHBOND  =         0.0000  RESTRAINT  =         0.0000
 EKCMT  =      3284.4007  VIRIAL  =      3483.2313  VOLUME     =    117372.7694
                                                    Density    =         1.0299
 Ewald error estimate:   0.8424E-04
 ------------------------------------------------------------------------------


 NSTEP =    89500   TIME(PS) =     399.000  TEMP(K) =   302.82  PRESS =   -99.9
 Etot   =    -33272.4915  EKtot   =      7170.5844  EPtot      =    -40443.0759
 BOND   =       149.8743  ANGLE   =       349.5253  DIHED      =       501.5811
 1-4 NB =       170.1274  1-4 EEL =      -339.2022  VDWAALS    =      4882.9939
 EELEC  =    -46157.9756  EHBOND  =         0.0000  RESTRAINT  =         0.0000
 EKCMT  =      3368.5997  VIRIAL  =      3621.6462  VOLUME     =    117291.6431
                                                    Density    =         1.0307
 Ewald error estimate:   0.2346E-03
 ------------------------------------------------------------------------------


 NSTEP =    89750   TIME(PS) =     399.500  TEMP(K) =   299.55  PRESS =  -166.6
 Etot   =    -33214.9993  EKtot   =      7093.1407  EPtot      =    -40308.1400
 BOND   =       161.3785  ANGLE   =       349.8451  DIHED      =       500.9761
 1-4 NB =       164.6929  1-4 EEL =      -365.6931  VDWAALS    =      4903.5880
 EELEC  =    -46022.9275  EHBOND  =         0.0000  RESTRAINT  =         0.0000
 EKCMT  =      3332.2916  VIRIAL  =      3754.3230  VOLUME     =    117308.0114
                                                    Density    =         1.0305
 Ewald error estimate:   0.2543E-04
 ------------------------------------------------------------------------------


 NSTEP =    90000   TIME(PS) =     400.000  TEMP(K) =   296.21  PRESS =  -134.3
 Etot   =    -33372.1580  EKtot   =      7013.9665  EPtot      =    -40386.1245
 BOND   =       172.1837  ANGLE   =       340.4359  DIHED      =       514.3150
 1-4 NB =       168.2230  1-4 EEL =      -340.9092  VDWAALS    =      4790.9402
 EELEC  =    -46031.3130  EHBOND  =         0.0000  RESTRAINT  =         0.0000
 EKCMT  =      3295.7322  VIRIAL  =      3636.3797  VOLUME     =    117448.0449
                                                    Density    =         1.0293
 Ewald error estimate:   0.5671E-04
 ------------------------------------------------------------------------------


 NSTEP =    90250   TIME(PS) =     400.500  TEMP(K) =   296.00  PRESS =   199.7
 Etot   =    -33322.9884  EKtot   =      7009.0359  EPtot      =    -40332.0243
 BOND   =       147.4473  ANGLE   =       297.4114  DIHED      =       508.5170
 1-4 NB =       174.8749  1-4 EEL =      -320.0545  VDWAALS    =      4909.6035
 EELEC  =    -46049.8238  EHBOND  =         0.0000  RESTRAINT  =         0.0000
 EKCMT  =      3244.0125  VIRIAL  =      2737.9493  VOLUME     =    117378.2902
                                                    Density    =         1.0299
 Ewald error estimate:   0.4001E-04
 ------------------------------------------------------------------------------


 NSTEP =    90500   TIME(PS) =     401.000  TEMP(K) =   303.03  PRESS =   -78.8
 Etot   =    -33280.1691  EKtot   =      7175.5481  EPtot      =    -40455.7172
 BOND   =       146.8444  ANGLE   =       371.9452  DIHED      =       501.6391
 1-4 NB =       168.6865  1-4 EEL =      -372.8408  VDWAALS    =      4826.7887
 EELEC  =    -46098.7804  EHBOND  =         0.0000  RESTRAINT  =         0.0000
 EKCMT  =      3335.9353  VIRIAL  =      3535.4930  VOLUME     =    117333.7298
                                                    Density    =         1.0303
 Ewald error estimate:   0.1066E-03
 ------------------------------------------------------------------------------


 NSTEP =    90750   TIME(PS) =     401.500  TEMP(K) =   296.29  PRESS =  -175.1
 Etot   =    -33387.2807  EKtot   =      7015.8739  EPtot      =    -40403.1546
 BOND   =       159.8570  ANGLE   =       316.4928  DIHED      =       513.3381
 1-4 NB =       167.9169  1-4 EEL =      -333.7121  VDWAALS    =      4755.1693
 EELEC  =    -45982.2168  EHBOND  =         0.0000  RESTRAINT  =         0.0000
 EKCMT  =      3293.3514  VIRIAL  =      3736.6034  VOLUME     =    117255.5847
                                                    Density    =         1.0310
 Ewald error estimate:   0.3597E-04
 ------------------------------------------------------------------------------


 NSTEP =    91000   TIME(PS) =     402.000  TEMP(K) =   297.80  PRESS =    52.1
 Etot   =    -33385.9983  EKtot   =      7051.6397  EPtot      =    -40437.6381
 BOND   =       148.4383  ANGLE   =       323.2705  DIHED      =       498.6222
 1-4 NB =       169.6396  1-4 EEL =      -337.1893  VDWAALS    =      4855.9566
 EELEC  =    -46096.3760  EHBOND  =         0.0000  RESTRAINT  =         0.0000
 EKCMT  =      3218.8848  VIRIAL  =      3087.0778  VOLUME     =    117142.1870
                                                    Density    =         1.0320
 Ewald error estimate:   0.2063E-03
 ------------------------------------------------------------------------------


 NSTEP =    91250   TIME(PS) =     402.500  TEMP(K) =   298.35  PRESS =  -118.6
 Etot   =    -33366.7582  EKtot   =      7064.7951  EPtot      =    -40431.5533
 BOND   =       150.1242  ANGLE   =       357.0006  DIHED      =       510.8169
 1-4 NB =       177.3522  1-4 EEL =      -350.1898  VDWAALS    =      4920.0621
 EELEC  =    -46196.7196  EHBOND  =         0.0000  RESTRAINT  =         0.0000
 EKCMT  =      3305.4460  VIRIAL  =      3605.4318  VOLUME     =    117158.5336
                                                    Density    =         1.0318
 Ewald error estimate:   0.7404E-04
 ------------------------------------------------------------------------------


 NSTEP =    91500   TIME(PS) =     403.000  TEMP(K) =   294.69  PRESS =    31.5
 Etot   =    -33353.8556  EKtot   =      6978.1031  EPtot      =    -40331.9588
 BOND   =       161.0691  ANGLE   =       347.3475  DIHED      =       521.2998
 1-4 NB =       173.6630  1-4 EEL =      -347.6204  VDWAALS    =      5043.8174
 EELEC  =    -46231.5353  EHBOND  =         0.0000  RESTRAINT  =         0.0000
 EKCMT  =      3265.0739  VIRIAL  =      3185.4540  VOLUME     =    117110.2088
                                                    Density    =         1.0322
 Ewald error estimate:   0.3698E-04
 ------------------------------------------------------------------------------


 NSTEP =    91750   TIME(PS) =     403.500  TEMP(K) =   297.33  PRESS =    87.9
 Etot   =    -33388.4083  EKtot   =      7040.4756  EPtot      =    -40428.8839
 BOND   =       141.6394  ANGLE   =       337.6936  DIHED      =       519.8546
 1-4 NB =       171.2063  1-4 EEL =      -324.0589  VDWAALS    =      4957.9694
 EELEC  =    -46233.1883  EHBOND  =         0.0000  RESTRAINT  =         0.0000
 EKCMT  =      3274.7495  VIRIAL  =      3052.1972  VOLUME     =    117215.5258
                                                    Density    =         1.0313
 Ewald error estimate:   0.7284E-04
 ------------------------------------------------------------------------------


 NSTEP =    92000   TIME(PS) =     404.000  TEMP(K) =   296.23  PRESS =  -152.7
 Etot   =    -33436.8098  EKtot   =      7014.4634  EPtot      =    -40451.2731
 BOND   =       148.4732  ANGLE   =       323.6803  DIHED      =       526.2972
 1-4 NB =       167.9042  1-4 EEL =      -333.8486  VDWAALS    =      4833.6793
 EELEC  =    -46117.4587  EHBOND  =         0.0000  RESTRAINT  =         0.0000
 EKCMT  =      3355.7492  VIRIAL  =      3742.0457  VOLUME     =    117194.5553
                                                    Density    =         1.0315
 Ewald error estimate:   0.1157E-03
 ------------------------------------------------------------------------------


 NSTEP =    92250   TIME(PS) =     404.500  TEMP(K) =   299.52  PRESS =   -38.9
 Etot   =    -33379.9823  EKtot   =      7092.5036  EPtot      =    -40472.4859
 BOND   =       159.1768  ANGLE   =       329.5631  DIHED      =       504.2849
 1-4 NB =       174.4304  1-4 EEL =      -342.0479  VDWAALS    =      4795.9375
 EELEC  =    -46093.8308  EHBOND  =         0.0000  RESTRAINT  =         0.0000
 EKCMT  =      3314.8115  VIRIAL  =      3413.1265  VOLUME     =    117199.6287
                                                    Density    =         1.0315
 Ewald error estimate:   0.2436E-04
 ------------------------------------------------------------------------------


 NSTEP =    92500   TIME(PS) =     405.000  TEMP(K) =   295.56  PRESS =  -185.9
 Etot   =    -33398.3980  EKtot   =      6998.7335  EPtot      =    -40397.1315
 BOND   =       146.0216  ANGLE   =       353.5537  DIHED      =       512.2022
 1-4 NB =       168.1695  1-4 EEL =      -332.3127  VDWAALS    =      4861.4852
 EELEC  =    -46106.2510  EHBOND  =         0.0000  RESTRAINT  =         0.0000
 EKCMT  =      3285.3641  VIRIAL  =      3756.4218  VOLUME     =    117349.4301
                                                    Density    =         1.0301
 Ewald error estimate:   0.7718E-04
 ------------------------------------------------------------------------------


 NSTEP =    92750   TIME(PS) =     405.500  TEMP(K) =   295.85  PRESS =   183.1
 Etot   =    -33355.0044  EKtot   =      7005.4762  EPtot      =    -40360.4807
 BOND   =       144.4190  ANGLE   =       357.0556  DIHED      =       504.7427
 1-4 NB =       165.3092  1-4 EEL =      -362.0389  VDWAALS    =      4942.4734
 EELEC  =    -46112.4417  EHBOND  =         0.0000  RESTRAINT  =         0.0000
 EKCMT  =      3237.3398  VIRIAL  =      2773.6589  VOLUME     =    117275.3995
                                                    Density    =         1.0308
 Ewald error estimate:   0.9592E-04
 ------------------------------------------------------------------------------


 NSTEP =    93000   TIME(PS) =     406.000  TEMP(K) =   295.49  PRESS =  -102.5
 Etot   =    -33457.8983  EKtot   =      6997.0239  EPtot      =    -40454.9222
 BOND   =       141.8688  ANGLE   =       333.6322  DIHED      =       523.2662
 1-4 NB =       163.8928  1-4 EEL =      -342.0120  VDWAALS    =      4871.1583
 EELEC  =    -46146.7283  EHBOND  =         0.0000  RESTRAINT  =         0.0000
 EKCMT  =      3278.2240  VIRIAL  =      3537.8823  VOLUME     =    117288.0852
                                                    Density    =         1.0307
 Ewald error estimate:   0.4858E-04
 ------------------------------------------------------------------------------


 NSTEP =    93250   TIME(PS) =     406.500  TEMP(K) =   298.02  PRESS =  -315.1
 Etot   =    -33388.8025  EKtot   =      7056.9278  EPtot      =    -40445.7303
 BOND   =       152.4144  ANGLE   =       348.8334  DIHED      =       516.5738
 1-4 NB =       167.6736  1-4 EEL =      -351.6897  VDWAALS    =      4813.6146
 EELEC  =    -46093.1503  EHBOND  =         0.0000  RESTRAINT  =         0.0000
 EKCMT  =      3312.0438  VIRIAL  =      4109.8040  VOLUME     =    117252.9998
                                                    Density    =         1.0310
 Ewald error estimate:   0.1920E-03
 ------------------------------------------------------------------------------


 NSTEP =    93500   TIME(PS) =     407.000  TEMP(K) =   299.36  PRESS =   301.2
 Etot   =    -33325.9065  EKtot   =      7088.6523  EPtot      =    -40414.5588
 BOND   =       154.4806  ANGLE   =       312.5781  DIHED      =       532.1095
 1-4 NB =       172.0236  1-4 EEL =      -356.2891  VDWAALS    =      4934.6895
 EELEC  =    -46164.1511  EHBOND  =         0.0000  RESTRAINT  =         0.0000
 EKCMT  =      3388.0783  VIRIAL  =      2626.0563  VOLUME     =    117171.4250
                                                    Density    =         1.0317
 Ewald error estimate:   0.6853E-05
 ------------------------------------------------------------------------------


 NSTEP =    93750   TIME(PS) =     407.500  TEMP(K) =   294.10  PRESS =   159.7
 Etot   =    -33399.1136  EKtot   =      6964.1265  EPtot      =    -40363.2401
 BOND   =       140.6352  ANGLE   =       305.9168  DIHED      =       525.4929
 1-4 NB =       175.7267  1-4 EEL =      -337.7196  VDWAALS    =      4899.2162
 EELEC  =    -46072.5083  EHBOND  =         0.0000  RESTRAINT  =         0.0000
 EKCMT  =      3249.3055  VIRIAL  =      2845.2580  VOLUME     =    117147.1345
                                                    Density    =         1.0319
 Ewald error estimate:   0.2339E-03
 ------------------------------------------------------------------------------


 NSTEP =    94000   TIME(PS) =     408.000  TEMP(K) =   299.90  PRESS =   237.3
 Etot   =    -33390.7776  EKtot   =      7101.4861  EPtot      =    -40492.2636
 BOND   =       151.6012  ANGLE   =       355.5603  DIHED      =       523.0051
 1-4 NB =       172.4080  1-4 EEL =      -356.8131  VDWAALS    =      5054.5757
 EELEC  =    -46392.6008  EHBOND  =         0.0000  RESTRAINT  =         0.0000
 EKCMT  =      3332.1418  VIRIAL  =      2731.8423  VOLUME     =    117147.0396
                                                    Density    =         1.0319
 Ewald error estimate:   0.2638E-03
 ------------------------------------------------------------------------------


 NSTEP =    94250   TIME(PS) =     408.500  TEMP(K) =   299.35  PRESS =    16.0
 Etot   =    -33359.4291  EKtot   =      7088.3368  EPtot      =    -40447.7659
 BOND   =       152.2006  ANGLE   =       364.1240  DIHED      =       519.4529
 1-4 NB =       175.2650  1-4 EEL =      -377.0657  VDWAALS    =      4837.4678
 EELEC  =    -46119.2105  EHBOND  =         0.0000  RESTRAINT  =         0.0000
 EKCMT  =      3330.5449  VIRIAL  =      3289.9548  VOLUME     =    117279.4464
                                                    Density    =         1.0308
 Ewald error estimate:   0.6341E-04
 ------------------------------------------------------------------------------


 NSTEP =    94500   TIME(PS) =     409.000  TEMP(K) =   301.02  PRESS =   178.2
 Etot   =    -33222.0852  EKtot   =      7127.9532  EPtot      =    -40350.0384
 BOND   =       153.8925  ANGLE   =       359.4685  DIHED      =       495.2454
 1-4 NB =       167.4217  1-4 EEL =      -360.1857  VDWAALS    =      4824.4736
 EELEC  =    -45990.3544  EHBOND  =         0.0000  RESTRAINT  =         0.0000
 EKCMT  =      3355.6818  VIRIAL  =      2904.8487  VOLUME     =    117178.6171
                                                    Density    =         1.0316
 Ewald error estimate:   0.1179E-04
 ------------------------------------------------------------------------------


 NSTEP =    94750   TIME(PS) =     409.500  TEMP(K) =   300.50  PRESS =   107.5
 Etot   =    -33252.1691  EKtot   =      7115.6969  EPtot      =    -40367.8659
 BOND   =       148.5571  ANGLE   =       351.2309  DIHED      =       501.1576
 1-4 NB =       174.1046  1-4 EEL =      -377.0164  VDWAALS    =      4881.4273
 EELEC  =    -46047.3269  EHBOND  =         0.0000  RESTRAINT  =         0.0000
 EKCMT  =      3320.9216  VIRIAL  =      3048.9178  VOLUME     =    117202.8143
                                                    Density    =         1.0314
 Ewald error estimate:   0.3017E-04
 ------------------------------------------------------------------------------


 NSTEP =    95000   TIME(PS) =     410.000  TEMP(K) =   299.49  PRESS =  -175.5
 Etot   =    -33262.4647  EKtot   =      7091.6274  EPtot      =    -40354.0921
 BOND   =       169.1438  ANGLE   =       336.3409  DIHED      =       511.5784
 1-4 NB =       170.2893  1-4 EEL =      -363.7744  VDWAALS    =      4864.4650
 EELEC  =    -46042.1352  EHBOND  =         0.0000  RESTRAINT  =         0.0000
 EKCMT  =      3306.1347  VIRIAL  =      3749.7567  VOLUME     =    117085.6636
                                                    Density    =         1.0325
 Ewald error estimate:   0.1268E-05
 ------------------------------------------------------------------------------


 NSTEP =    95250   TIME(PS) =     410.500  TEMP(K) =   295.58  PRESS =   227.9
 Etot   =    -33314.2255  EKtot   =      6999.2323  EPtot      =    -40313.4578
 BOND   =       163.2202  ANGLE   =       326.7781  DIHED      =       502.6518
 1-4 NB =       174.9308  1-4 EEL =      -348.5748  VDWAALS    =      4978.7121
 EELEC  =    -46111.1759  EHBOND  =         0.0000  RESTRAINT  =         0.0000
 EKCMT  =      3200.6311  VIRIAL  =      2624.0436  VOLUME     =    117157.1606
                                                    Density    =         1.0318
 Ewald error estimate:   0.3192E-05
 ------------------------------------------------------------------------------


 NSTEP =    95500   TIME(PS) =     411.000  TEMP(K) =   301.17  PRESS =   293.8
 Etot   =    -33252.0877  EKtot   =      7131.5497  EPtot      =    -40383.6374
 BOND   =       144.4650  ANGLE   =       342.3974  DIHED      =       501.7146
 1-4 NB =       166.6629  1-4 EEL =      -352.1366  VDWAALS    =      4916.7800
 EELEC  =    -46103.5206  EHBOND  =         0.0000  RESTRAINT  =         0.0000
 EKCMT  =      3372.6204  VIRIAL  =      2629.6640  VOLUME     =    117132.8518
                                                    Density    =         1.0320
 Ewald error estimate:   0.2299E-03
 ------------------------------------------------------------------------------


 NSTEP =    95750   TIME(PS) =     411.500  TEMP(K) =   303.94  PRESS =  -413.9
 Etot   =    -33111.6588  EKtot   =      7197.0821  EPtot      =    -40308.7409
 BOND   =       142.3126  ANGLE   =       341.8788  DIHED      =       517.6791
 1-4 NB =       171.4836  1-4 EEL =      -352.8609  VDWAALS    =      4672.9469
 EELEC  =    -45802.1810  EHBOND  =         0.0000  RESTRAINT  =         0.0000
 EKCMT  =      3353.7350  VIRIAL  =      4401.3224  VOLUME     =    117211.2504
                                                    Density    =         1.0314
 Ewald error estimate:   0.2636E-04
 ------------------------------------------------------------------------------


 NSTEP =    96000   TIME(PS) =     412.000  TEMP(K) =   298.72  PRESS =  -149.9
 Etot   =    -33209.8432  EKtot   =      7073.4216  EPtot      =    -40283.2648
 BOND   =       153.0814  ANGLE   =       343.4334  DIHED      =       522.8918
 1-4 NB =       171.6563  1-4 EEL =      -350.2538  VDWAALS    =      4736.2804
 EELEC  =    -45860.3543  EHBOND  =         0.0000  RESTRAINT  =         0.0000
 EKCMT  =      3356.4832  VIRIAL  =      3735.8696  VOLUME     =    117225.7765
                                                    Density    =         1.0312
 Ewald error estimate:   0.1014E-03
 ------------------------------------------------------------------------------


 NSTEP =    96250   TIME(PS) =     412.500  TEMP(K) =   303.67  PRESS =  -323.3
 Etot   =    -33240.7076  EKtot   =      7190.7983  EPtot      =    -40431.5059
 BOND   =       138.3251  ANGLE   =       346.5789  DIHED      =       510.2678
 1-4 NB =       164.6741  1-4 EEL =      -339.3111  VDWAALS    =      4792.8005
 EELEC  =    -46044.8411  EHBOND  =         0.0000  RESTRAINT  =         0.0000
 EKCMT  =      3314.2700  VIRIAL  =      4132.7901  VOLUME     =    117263.3955
                                                    Density    =         1.0309
 Ewald error estimate:   0.1178E-03
 ------------------------------------------------------------------------------


 NSTEP =    96500   TIME(PS) =     413.000  TEMP(K) =   299.27  PRESS =   383.5
 Etot   =    -33285.9728  EKtot   =      7086.4178  EPtot      =    -40372.3905
 BOND   =       154.1199  ANGLE   =       335.8623  DIHED      =       505.0863
 1-4 NB =       170.8457  1-4 EEL =      -349.2209  VDWAALS    =      4990.4335
 EELEC  =    -46179.5174  EHBOND  =         0.0000  RESTRAINT  =         0.0000
 EKCMT  =      3345.4874  VIRIAL  =      2377.2333  VOLUME     =    116938.1619
                                                    Density    =         1.0338
 Ewald error estimate:   0.9820E-04
 ------------------------------------------------------------------------------


 NSTEP =    96750   TIME(PS) =     413.500  TEMP(K) =   298.05  PRESS =   342.0
 Etot   =    -33423.5284  EKtot   =      7057.5390  EPtot      =    -40481.0674
 BOND   =       128.7725  ANGLE   =       324.7532  DIHED      =       512.6970
 1-4 NB =       170.2543  1-4 EEL =      -337.6446  VDWAALS    =      4947.7154
 EELEC  =    -46227.6151  EHBOND  =         0.0000  RESTRAINT  =         0.0000
 EKCMT  =      3360.9949  VIRIAL  =      2495.8804  VOLUME     =    117165.4284
                                                    Density    =         1.0318
 Ewald error estimate:   0.1664E-03
 ------------------------------------------------------------------------------


 NSTEP =    97000   TIME(PS) =     414.000  TEMP(K) =   297.52  PRESS =   240.3
 Etot   =    -33291.7744  EKtot   =      7045.1686  EPtot      =    -40336.9430
 BOND   =       153.5989  ANGLE   =       338.6667  DIHED      =       493.4527
 1-4 NB =       164.4662  1-4 EEL =      -344.6049  VDWAALS    =      5051.1374
 EELEC  =    -46193.6600  EHBOND  =         0.0000  RESTRAINT  =         0.0000
 EKCMT  =      3269.3667  VIRIAL  =      2661.3055  VOLUME     =    117198.8223
                                                    Density    =         1.0315
 Ewald error estimate:   0.2240E-03
 ------------------------------------------------------------------------------


 NSTEP =    97250   TIME(PS) =     414.500  TEMP(K) =   298.99  PRESS =  -355.6
 Etot   =    -33214.2999  EKtot   =      7079.9181  EPtot      =    -40294.2180
 BOND   =       147.7971  ANGLE   =       342.5316  DIHED      =       516.9057
 1-4 NB =       168.9034  1-4 EEL =      -359.7659  VDWAALS    =      4755.3127
 EELEC  =    -45865.9026  EHBOND  =         0.0000  RESTRAINT  =         0.0000
 EKCMT  =      3301.2367  VIRIAL  =      4201.1636  VOLUME     =    117225.2865
                                                    Density    =         1.0312
 Ewald error estimate:   0.7407E-04
 ------------------------------------------------------------------------------


 NSTEP =    97500   TIME(PS) =     415.000  TEMP(K) =   300.13  PRESS =   -18.4
 Etot   =    -33204.6741  EKtot   =      7106.8860  EPtot      =    -40311.5601
 BOND   =       146.2813  ANGLE   =       331.9804  DIHED      =       516.1203
 1-4 NB =       171.2413  1-4 EEL =      -368.1864  VDWAALS    =      4836.8580
 EELEC  =    -45945.8551  EHBOND  =         0.0000  RESTRAINT  =         0.0000
 EKCMT  =      3296.3462  VIRIAL  =      3342.9891  VOLUME     =    117293.4835
                                                    Density    =         1.0306
 Ewald error estimate:   0.1825E-03
 ------------------------------------------------------------------------------


 NSTEP =    97750   TIME(PS) =     415.500  TEMP(K) =   297.77  PRESS =  -154.9
 Etot   =    -33093.0417  EKtot   =      7051.1051  EPtot      =    -40144.1468
 BOND   =       164.1178  ANGLE   =       350.9588  DIHED      =       520.0163
 1-4 NB =       170.6652  1-4 EEL =      -339.1507  VDWAALS    =      4798.8149
 EELEC  =    -45809.5690  EHBOND  =         0.0000  RESTRAINT  =         0.0000
 EKCMT  =      3334.6136  VIRIAL  =      3726.9088  VOLUME     =    117293.2164
                                                    Density    =         1.0306
 Ewald error estimate:   0.2255E-03
 ------------------------------------------------------------------------------


 NSTEP =    98000   TIME(PS) =     416.000  TEMP(K) =   300.25  PRESS =   265.2
 Etot   =    -33159.9311  EKtot   =      7109.8167  EPtot      =    -40269.7478
 BOND   =       150.5856  ANGLE   =       364.3175  DIHED      =       502.3807
 1-4 NB =       174.7535  1-4 EEL =      -344.2053  VDWAALS    =      4901.3005
 EELEC  =    -46018.8802  EHBOND  =         0.0000  RESTRAINT  =         0.0000
 EKCMT  =      3329.0506  VIRIAL  =      2657.5681  VOLUME     =    117253.0221
                                                    Density    =         1.0310
 Ewald error estimate:   0.1143E-03
 ------------------------------------------------------------------------------


 NSTEP =    98250   TIME(PS) =     416.500  TEMP(K) =   301.82  PRESS =   -45.6
 Etot   =    -33093.5942  EKtot   =      7146.9439  EPtot      =    -40240.5381
 BOND   =       159.8611  ANGLE   =       352.0613  DIHED      =       508.4376
 1-4 NB =       170.6212  1-4 EEL =      -357.7917  VDWAALS    =      4813.2570
 EELEC  =    -45886.9847  EHBOND  =         0.0000  RESTRAINT  =         0.0000
 EKCMT  =      3319.1385  VIRIAL  =      3434.6192  VOLUME     =    117206.7826
                                                    Density    =         1.0314
 Ewald error estimate:   0.3540E-04
 ------------------------------------------------------------------------------


 NSTEP =    98500   TIME(PS) =     417.000  TEMP(K) =   300.07  PRESS =  -145.1
 Etot   =    -33148.6189  EKtot   =      7105.4143  EPtot      =    -40254.0332
 BOND   =       170.0142  ANGLE   =       338.2115  DIHED      =       523.2410
 1-4 NB =       161.9988  1-4 EEL =      -375.4280  VDWAALS    =      4723.0561
 EELEC  =    -45795.1268  EHBOND  =         0.0000  RESTRAINT  =         0.0000
 EKCMT  =      3307.1223  VIRIAL  =      3674.1941  VOLUME     =    117150.9529
                                                    Density    =         1.0319
 Ewald error estimate:   0.3914E-04
 ------------------------------------------------------------------------------


 NSTEP =    98750   TIME(PS) =     417.500  TEMP(K) =   304.52  PRESS =  -309.6
 Etot   =    -33116.3148  EKtot   =      7210.9151  EPtot      =    -40327.2299
 BOND   =       156.1851  ANGLE   =       367.6357  DIHED      =       504.2421
 1-4 NB =       163.7341  1-4 EEL =      -343.5958  VDWAALS    =      4635.6236
 EELEC  =    -45811.0548  EHBOND  =         0.0000  RESTRAINT  =         0.0000
 EKCMT  =      3398.8527  VIRIAL  =      4181.8485  VOLUME     =    117125.1653
                                                    Density    =         1.0321
 Ewald error estimate:   0.2134E-03
 ------------------------------------------------------------------------------


 NSTEP =    99000   TIME(PS) =     418.000  TEMP(K) =   303.19  PRESS =   275.4
 Etot   =    -33125.3066  EKtot   =      7179.3861  EPtot      =    -40304.6927
 BOND   =       148.6041  ANGLE   =       350.1197  DIHED      =       511.4814
 1-4 NB =       173.1598  1-4 EEL =      -342.0182  VDWAALS    =      4817.8245
 EELEC  =    -45963.8640  EHBOND  =         0.0000  RESTRAINT  =         0.0000
 EKCMT  =      3417.1577  VIRIAL  =      2721.4904  VOLUME     =    116998.8345
                                                    Density    =         1.0332
 Ewald error estimate:   0.1657E-03
 ------------------------------------------------------------------------------


 NSTEP =    99250   TIME(PS) =     418.500  TEMP(K) =   301.39  PRESS =   -21.9
 Etot   =    -33229.1538  EKtot   =      7136.7441  EPtot      =    -40365.8979
 BOND   =       152.1808  ANGLE   =       356.8052  DIHED      =       509.5012
 1-4 NB =       164.8426  1-4 EEL =      -368.7278  VDWAALS    =      4729.9892
 EELEC  =    -45910.4890  EHBOND  =         0.0000  RESTRAINT  =         0.0000
 EKCMT  =      3369.8651  VIRIAL  =      3425.2290  VOLUME     =    117094.0653
                                                    Density    =         1.0324
 Ewald error estimate:   0.1444E-03
 ------------------------------------------------------------------------------


 NSTEP =    99500   TIME(PS) =     419.000  TEMP(K) =   301.51  PRESS =  -242.6
 Etot   =    -33119.0800  EKtot   =      7139.4828  EPtot      =    -40258.5628
 BOND   =       160.8174  ANGLE   =       345.3721  DIHED      =       514.3677
 1-4 NB =       170.1910  1-4 EEL =      -369.8679  VDWAALS    =      4715.9465
 EELEC  =    -45795.3896  EHBOND  =         0.0000  RESTRAINT  =         0.0000
 EKCMT  =      3344.9407  VIRIAL  =      3958.8180  VOLUME     =    117198.7469
                                                    Density    =         1.0315
 Ewald error estimate:   0.9382E-04
 ------------------------------------------------------------------------------


 NSTEP =    99750   TIME(PS) =     419.500  TEMP(K) =   302.78  PRESS =   -94.5
 Etot   =    -33092.0770  EKtot   =      7169.7472  EPtot      =    -40261.8242
 BOND   =       163.2783  ANGLE   =       348.2551  DIHED      =       510.6385
 1-4 NB =       179.4104  1-4 EEL =      -364.1345  VDWAALS    =      4718.0296
 EELEC  =    -45817.3016  EHBOND  =         0.0000  RESTRAINT  =         0.0000
 EKCMT  =      3351.5083  VIRIAL  =      3590.1412  VOLUME     =    116987.3257
                                                    Density    =         1.0333
 Ewald error estimate:   0.8529E-04
 ------------------------------------------------------------------------------


 NSTEP =   100000   TIME(PS) =     420.000  TEMP(K) =   300.43  PRESS =    95.2
 Etot   =    -33202.5053  EKtot   =      7113.8987  EPtot      =    -40316.4040
 BOND   =       152.9830  ANGLE   =       335.6764  DIHED      =       512.0301
 1-4 NB =       169.0729  1-4 EEL =      -354.0635  VDWAALS    =      4760.8315
 EELEC  =    -45892.9344  EHBOND  =         0.0000  RESTRAINT  =         0.0000
 EKCMT  =      3294.3306  VIRIAL  =      3054.0989  VOLUME     =    116893.3212
                                                    Density    =         1.0342
 Ewald error estimate:   0.1945E-05
 ------------------------------------------------------------------------------


      A V E R A G E S   O V E R  100000 S T E P S


 NSTEP =   100000   TIME(PS) =     420.000  TEMP(K) =   299.24  PRESS =     0.0
 Etot   =    -33312.2455  EKtot   =      7085.7949  EPtot      =    -40398.0404
 BOND   =       154.3716  ANGLE   =       346.9006  DIHED      =       507.4173
 1-4 NB =       170.0352  1-4 EEL =      -350.1159  VDWAALS    =      4866.3588
 EELEC  =    -46093.0080  EHBOND  =         0.0000  RESTRAINT  =         0.0000
 EKCMT  =      3315.9169  VIRIAL  =      3315.8754  VOLUME     =    117138.1984
                                                    Density    =         1.0320
 Ewald error estimate:   0.1009E-03
 ------------------------------------------------------------------------------


      R M S  F L U C T U A T I O N S


 NSTEP =   100000   TIME(PS) =     420.000  TEMP(K) =     7.12  PRESS =   227.8
 Etot   =       424.8605  EKtot   =       168.5238  EPtot      =       276.0180
 BOND   =        10.6855  ANGLE   =        15.3503  DIHED      =         9.0344
 1-4 NB =         4.7758  1-4 EEL =        13.2455  VDWAALS    =       120.1551
 EELEC  =       355.5402  EHBOND  =         0.0000  RESTRAINT  =         0.0000
 EKCMT  =        84.0415  VIRIAL  =       556.8352  VOLUME     =       351.6131
                                                    Density    =         0.0031
 Ewald error estimate:   0.7549E-04
 ------------------------------------------------------------------------------


--------------------------------------------------------------------------------
   5.  TIMINGS
--------------------------------------------------------------------------------

|                Build the list          2000.76 (99.84% of List )
|                Other                      3.29 ( 0.16% of List )
|             List time               2004.05 (13.39% of Nonbo)
|                   Short_ene time         11075.39 (99.34% of Direc)
|                   Other                     73.53 ( 0.66% of Direc)
|                Direct Ewald time      11148.92 (86.01% of Ewald)
|                Adjust Ewald time         51.32 ( 0.40% of Ewald)
|                   Fill Bspline coeffs       63.63 ( 3.63% of Recip)
|                   Fill charge grid         157.56 ( 8.99% of Recip)
|                   Scalar sum               504.17 (28.78% of Recip)
|                   Grad sum                 357.09 (20.38% of Recip)
|                   FFT time                 669.51 (38.21% of Recip)
|                Recip Ewald time        1752.02 (13.52% of Ewald)
|                Force Adjust               1.17 ( 0.01% of Ewald)
|                Virial junk                4.57 ( 0.04% of Ewald)
|                Other                      4.59 ( 0.04% of Ewald)
|             Ewald time             12962.70 (86.61% of Nonbo)
|          Nonbond force          14966.81 (99.67% of Force)
|          Bond/Angle/Dihedral       48.17 ( 0.32% of Force)
|          Other                      1.20 ( 0.01% of Force)
|       Force time             15016.18 (97.96% of Runmd)
|       Shake time                55.23 ( 0.36% of Runmd)
|       Verlet update time       248.51 ( 1.62% of Runmd)
|       Ekcmr time                 5.94 ( 0.04% of Runmd)
|       Other                      3.40 ( 0.02% of Runmd)
|    Runmd Time             15329.26 (100.0% of Total)
| Total time             15329.33 (100.0% of ALL  )

| Number of list builds   :      10319

| Highest rstack allocated:     664033
| Highest istack allocated:      11705

| Final Performance Info:
| -----------------------------------------------------
| Average timings for all steps:
|     Elapsed(s) =   15329.26 Per Step(ms) =     153.29
|         ns/day =       1.13   seconds/ns =   76646.30
| -----------------------------------------------------

|           Job began  at 20:48:00.648  on 05/27/2026
|           Setup done at 20:48:00.719  on 05/27/2026
|           Run   done at 01:03:29.978  on 05/28/2026
|     wallclock() was called 4621051 times

|3D-RISM memory allocation summary
|Type          Maximum        Current   
|Integer       0.00000 GB     0.00000 GB
|Real          0.00000 GB     0.00000 GB
|Logical       0.00000 GB     0.00000 GB
|Character     0.00000 GB     0.00000 GB
|---------------------------------------
|Total         0.00000 GB     0.00000 GB
